series_id,entity_id,observed_at,captured_at,metric,value,unit,source_id,raw_ref,parser_version
fda.citations.history,firm:1000065475,2009-12-29,2026-09-08T14:29:20Z,cfr,21 CFR 211.100(b),,fda.citations.history,raw/fda.citations.history/2026/09/20260908T142920Z-be0b2d3069be.json.gz,1
fda.citations.history,firm:1000065475,2009-12-29,2026-09-08T14:29:20Z,cfr,21 CFR 211.125(a),,fda.citations.history,raw/fda.citations.history/2026/09/20260908T142920Z-be0b2d3069be.json.gz,1
fda.citations.history,firm:1000065475,2009-12-29,2026-09-08T14:29:20Z,cfr,21 CFR 211.134(b),,fda.citations.history,raw/fda.citations.history/2026/09/20260908T142920Z-be0b2d3069be.json.gz,1
fda.citations.history,firm:1000065475,2009-12-29,2026-09-08T14:29:20Z,cfr,21 CFR 211.142(a),,fda.citations.history,raw/fda.citations.history/2026/09/20260908T142920Z-be0b2d3069be.json.gz,1
fda.citations.history,firm:1000065475,2009-12-29,2026-09-08T14:29:20Z,cfr,21 CFR 211.150(b),,fda.citations.history,raw/fda.citations.history/2026/09/20260908T142920Z-be0b2d3069be.json.gz,1
fda.citations.history,firm:1000065475,2009-12-29,2026-09-08T14:29:20Z,cfr,21 CFR 211.188,,fda.citations.history,raw/fda.citations.history/2026/09/20260908T142920Z-be0b2d3069be.json.gz,1
fda.citations.history,firm:1000065475,2009-12-29,2026-09-08T14:29:20Z,cfr,21 CFR 211.198(a),,fda.citations.history,raw/fda.citations.history/2026/09/20260908T142920Z-be0b2d3069be.json.gz,1
fda.citations.history,firm:1000065475,2009-12-29,2026-09-08T14:29:20Z,cfr,21 CFR 211.22(a),,fda.citations.history,raw/fda.citations.history/2026/09/20260908T142920Z-be0b2d3069be.json.gz,1
fda.citations.history,firm:1000065475,2009-12-29,2026-09-08T14:29:20Z,cfr_part,211,part,fda.citations.history,raw/fda.citations.history/2026/09/20260908T142920Z-be0b2d3069be.json.gz,1
fda.citations.history,firm:1000065475,2009-12-29,2026-09-08T14:29:20Z,citation,1,count,fda.citations.history,raw/fda.citations.history/2026/09/20260908T142920Z-be0b2d3069be.json.gz,1
fda.citations.history,firm:1000065475,2009-12-29,2026-09-08T14:29:20Z,citation_topic,Complaint Handling Procedure,,fda.citations.history,raw/fda.citations.history/2026/09/20260908T142920Z-be0b2d3069be.json.gz,1
fda.citations.history,firm:1000065475,2009-12-29,2026-09-08T14:29:20Z,citation_topic,Complaints reviewed by Quality Control Unit,,fda.citations.history,raw/fda.citations.history/2026/09/20260908T142920Z-be0b2d3069be.json.gz,1
fda.citations.history,firm:1000065475,2009-12-29,2026-09-08T14:29:20Z,citation_topic,Distribution Recall System,,fda.citations.history,raw/fda.citations.history/2026/09/20260908T142920Z-be0b2d3069be.json.gz,1
fda.citations.history,firm:1000065475,2009-12-29,2026-09-08T14:29:20Z,citation_topic,Lack of quality control unit,,fda.citations.history,raw/fda.citations.history/2026/09/20260908T142920Z-be0b2d3069be.json.gz,1
fda.citations.history,firm:1000065475,2009-12-29,2026-09-08T14:29:20Z,citation_topic,"Prepared for each batch, include complete information",,fda.citations.history,raw/fda.citations.history/2026/09/20260908T142920Z-be0b2d3069be.json.gz,1
fda.citations.history,firm:1000065475,2009-12-29,2026-09-08T14:29:20Z,citation_topic,Procedure Deviations Recorded and Justified,,fda.citations.history,raw/fda.citations.history/2026/09/20260908T142920Z-be0b2d3069be.json.gz,1
fda.citations.history,firm:1000065475,2009-12-29,2026-09-08T14:29:20Z,citation_topic,Quarantine - written procedures,,fda.citations.history,raw/fda.citations.history/2026/09/20260908T142920Z-be0b2d3069be.json.gz,1
fda.citations.history,firm:1000065475,2009-12-29,2026-09-08T14:29:20Z,citation_topic,Representative samples after completion,,fda.citations.history,raw/fda.citations.history/2026/09/20260908T142920Z-be0b2d3069be.json.gz,1
fda.citations.history,firm:1000065475,2009-12-29,2026-09-08T14:29:20Z,citation_topic,SOPs not followed / documented,,fda.citations.history,raw/fda.citations.history/2026/09/20260908T142920Z-be0b2d3069be.json.gz,1
fda.citations.history,firm:1000065475,2009-12-29,2026-09-08T14:29:20Z,citation_topic,Strict control not exercised over labeling issued,,fda.citations.history,raw/fda.citations.history/2026/09/20260908T142920Z-be0b2d3069be.json.gz,1
fda.citations.history,firm:1000065475,2009-12-29,2026-09-08T14:29:20Z,firm_key,NAVAJO MANUFACTURING,,fda.citations.history,raw/fda.citations.history/2026/09/20260908T142920Z-be0b2d3069be.json.gz,1
fda.citations.history,firm:1000065475,2009-12-29,2026-09-08T14:29:20Z,is_gmp,1,bool,fda.citations.history,raw/fda.citations.history/2026/09/20260908T142920Z-be0b2d3069be.json.gz,1
fda.citations.history,firm:1000065475,2009-12-29,2026-09-08T14:29:20Z,label,Navajo Manufacturing Company,,fda.citations.history,raw/fda.citations.history/2026/09/20260908T142920Z-be0b2d3069be.json.gz,1
fda.citations.history,firm:1000114834,2009-12-16,2026-09-08T14:29:20Z,cfr,21 CFR 211.113(a),,fda.citations.history,raw/fda.citations.history/2026/09/20260908T142920Z-be0b2d3069be.json.gz,1
fda.citations.history,firm:1000114834,2009-12-16,2026-09-08T14:29:20Z,cfr,21 CFR 211.165(a),,fda.citations.history,raw/fda.citations.history/2026/09/20260908T142920Z-be0b2d3069be.json.gz,1
fda.citations.history,firm:1000114834,2009-12-16,2026-09-08T14:29:20Z,cfr,21 CFR 211.165(b),,fda.citations.history,raw/fda.citations.history/2026/09/20260908T142920Z-be0b2d3069be.json.gz,1
fda.citations.history,firm:1000114834,2009-12-16,2026-09-08T14:29:20Z,cfr,21 CFR 211.165(e),,fda.citations.history,raw/fda.citations.history/2026/09/20260908T142920Z-be0b2d3069be.json.gz,1
fda.citations.history,firm:1000114834,2009-12-16,2026-09-08T14:29:20Z,cfr,21 CFR 211.166(a),,fda.citations.history,raw/fda.citations.history/2026/09/20260908T142920Z-be0b2d3069be.json.gz,1
fda.citations.history,firm:1000114834,2009-12-16,2026-09-08T14:29:20Z,cfr,21 CFR 211.180(b),,fda.citations.history,raw/fda.citations.history/2026/09/20260908T142920Z-be0b2d3069be.json.gz,1
fda.citations.history,firm:1000114834,2009-12-16,2026-09-08T14:29:20Z,cfr,21 CFR 211.198(b),,fda.citations.history,raw/fda.citations.history/2026/09/20260908T142920Z-be0b2d3069be.json.gz,1
fda.citations.history,firm:1000114834,2009-12-16,2026-09-08T14:29:20Z,cfr,21 CFR 211.84(d)(2),,fda.citations.history,raw/fda.citations.history/2026/09/20260908T142920Z-be0b2d3069be.json.gz,1
fda.citations.history,firm:1000114834,2009-12-16,2026-09-08T14:29:20Z,cfr,21 CFR 211.87,,fda.citations.history,raw/fda.citations.history/2026/09/20260908T142920Z-be0b2d3069be.json.gz,1
fda.citations.history,firm:1000114834,2009-12-16,2026-09-08T14:29:20Z,cfr_part,211,part,fda.citations.history,raw/fda.citations.history/2026/09/20260908T142920Z-be0b2d3069be.json.gz,1
fda.citations.history,firm:1000114834,2009-12-16,2026-09-08T14:29:20Z,citation,1,count,fda.citations.history,raw/fda.citations.history/2026/09/20260908T142920Z-be0b2d3069be.json.gz,1
fda.citations.history,firm:1000114834,2009-12-16,2026-09-08T14:29:20Z,citation_topic,Lack of written stability program,,fda.citations.history,raw/fda.citations.history/2026/09/20260908T142920Z-be0b2d3069be.json.gz,1
fda.citations.history,firm:1000114834,2009-12-16,2026-09-08T14:29:20Z,citation_topic,Microbiological testing,,fda.citations.history,raw/fda.citations.history/2026/09/20260908T142920Z-be0b2d3069be.json.gz,1
fda.citations.history,firm:1000114834,2009-12-16,2026-09-08T14:29:20Z,citation_topic,Procedures for non-sterile drug products,,fda.citations.history,raw/fda.citations.history/2026/09/20260908T142920Z-be0b2d3069be.json.gz,1
fda.citations.history,firm:1000114834,2009-12-16,2026-09-08T14:29:20Z,citation_topic,Record maintenance 1 year (except exempt OTC),,fda.citations.history,raw/fda.citations.history/2026/09/20260908T142920Z-be0b2d3069be.json.gz,1
fda.citations.history,firm:1000114834,2009-12-16,2026-09-08T14:29:20Z,citation_topic,Records maintained for 1 year (except certain  OTC drugs),,fda.citations.history,raw/fda.citations.history/2026/09/20260908T142920Z-be0b2d3069be.json.gz,1
fda.citations.history,firm:1000114834,2009-12-16,2026-09-08T14:29:20Z,citation_topic,Reports of Analysis (Components),,fda.citations.history,raw/fda.citations.history/2026/09/20260908T142920Z-be0b2d3069be.json.gz,1
fda.citations.history,firm:1000114834,2009-12-16,2026-09-08T14:29:20Z,citation_topic,Retest of approved components/containers/closures,,fda.citations.history,raw/fda.citations.history/2026/09/20260908T142920Z-be0b2d3069be.json.gz,1
fda.citations.history,firm:1000114834,2009-12-16,2026-09-08T14:29:20Z,citation_topic,Test methods,,fda.citations.history,raw/fda.citations.history/2026/09/20260908T142920Z-be0b2d3069be.json.gz,1
fda.citations.history,firm:1000114834,2009-12-16,2026-09-08T14:29:20Z,citation_topic,Testing and release for distribution,,fda.citations.history,raw/fda.citations.history/2026/09/20260908T142920Z-be0b2d3069be.json.gz,1
fda.citations.history,firm:1000114834,2009-12-16,2026-09-08T14:29:20Z,firm_key,RNA,,fda.citations.history,raw/fda.citations.history/2026/09/20260908T142920Z-be0b2d3069be.json.gz,1
fda.citations.history,firm:1000114834,2009-12-16,2026-09-08T14:29:20Z,is_gmp,1,bool,fda.citations.history,raw/fda.citations.history/2026/09/20260908T142920Z-be0b2d3069be.json.gz,1
fda.citations.history,firm:1000114834,2009-12-16,2026-09-08T14:29:20Z,label,"RNA Pharma, LLC",,fda.citations.history,raw/fda.citations.history/2026/09/20260908T142920Z-be0b2d3069be.json.gz,1
fda.citations.history,firm:1000120529,2009-12-21,2026-09-08T14:29:20Z,cfr,21 CFR 211.100(b),,fda.citations.history,raw/fda.citations.history/2026/09/20260908T142920Z-be0b2d3069be.json.gz,1
fda.citations.history,firm:1000120529,2009-12-21,2026-09-08T14:29:20Z,cfr,21 CFR 211.192,,fda.citations.history,raw/fda.citations.history/2026/09/20260908T142920Z-be0b2d3069be.json.gz,1
fda.citations.history,firm:1000120529,2009-12-21,2026-09-08T14:29:20Z,cfr,21 CFR 211.42(c),,fda.citations.history,raw/fda.citations.history/2026/09/20260908T142920Z-be0b2d3069be.json.gz,1
fda.citations.history,firm:1000120529,2009-12-21,2026-09-08T14:29:20Z,cfr_part,211,part,fda.citations.history,raw/fda.citations.history/2026/09/20260908T142920Z-be0b2d3069be.json.gz,1
fda.citations.history,firm:1000120529,2009-12-21,2026-09-08T14:29:20Z,citation,1,count,fda.citations.history,raw/fda.citations.history/2026/09/20260908T142920Z-be0b2d3069be.json.gz,1
fda.citations.history,firm:1000120529,2009-12-21,2026-09-08T14:29:20Z,citation_topic,Defined areas of adequate size for operations,,fda.citations.history,raw/fda.citations.history/2026/09/20260908T142920Z-be0b2d3069be.json.gz,1
fda.citations.history,firm:1000120529,2009-12-21,2026-09-08T14:29:20Z,citation_topic,Quality control unit review of records,,fda.citations.history,raw/fda.citations.history/2026/09/20260908T142920Z-be0b2d3069be.json.gz,1
fda.citations.history,firm:1000120529,2009-12-21,2026-09-08T14:29:20Z,citation_topic,SOPs not followed / documented,,fda.citations.history,raw/fda.citations.history/2026/09/20260908T142920Z-be0b2d3069be.json.gz,1
fda.citations.history,firm:1000120529,2009-12-21,2026-09-08T14:29:20Z,firm_key,LINCARE,,fda.citations.history,raw/fda.citations.history/2026/09/20260908T142920Z-be0b2d3069be.json.gz,1
fda.citations.history,firm:1000120529,2009-12-21,2026-09-08T14:29:20Z,is_gmp,1,bool,fda.citations.history,raw/fda.citations.history/2026/09/20260908T142920Z-be0b2d3069be.json.gz,1
fda.citations.history,firm:1000120529,2009-12-21,2026-09-08T14:29:20Z,label,Lincare Inc.,,fda.citations.history,raw/fda.citations.history/2026/09/20260908T142920Z-be0b2d3069be.json.gz,1
fda.citations.history,firm:1000307689,2009-12-04,2026-09-08T14:29:20Z,cfr,21 CFR 211.100(a),,fda.citations.history,raw/fda.citations.history/2026/09/20260908T142920Z-be0b2d3069be.json.gz,1
fda.citations.history,firm:1000307689,2009-12-04,2026-09-08T14:29:20Z,cfr,21 CFR 211.110(a),,fda.citations.history,raw/fda.citations.history/2026/09/20260908T142920Z-be0b2d3069be.json.gz,1
fda.citations.history,firm:1000307689,2009-12-04,2026-09-08T14:29:20Z,cfr,21 CFR 211.125(b),,fda.citations.history,raw/fda.citations.history/2026/09/20260908T142920Z-be0b2d3069be.json.gz,1
fda.citations.history,firm:1000307689,2009-12-04,2026-09-08T14:29:20Z,cfr,21 CFR 211.130(e),,fda.citations.history,raw/fda.citations.history/2026/09/20260908T142920Z-be0b2d3069be.json.gz,1
fda.citations.history,firm:1000307689,2009-12-04,2026-09-08T14:29:20Z,cfr,21 CFR 211.166(b),,fda.citations.history,raw/fda.citations.history/2026/09/20260908T142920Z-be0b2d3069be.json.gz,1
fda.citations.history,firm:1000307689,2009-12-04,2026-09-08T14:29:20Z,cfr,21 CFR 211.186(b)(7),,fda.citations.history,raw/fda.citations.history/2026/09/20260908T142920Z-be0b2d3069be.json.gz,1
fda.citations.history,firm:1000307689,2009-12-04,2026-09-08T14:29:20Z,cfr,21 CFR 211.192,,fda.citations.history,raw/fda.citations.history/2026/09/20260908T142920Z-be0b2d3069be.json.gz,1
fda.citations.history,firm:1000307689,2009-12-04,2026-09-08T14:29:20Z,cfr,21 CFR 211.198(a),,fda.citations.history,raw/fda.citations.history/2026/09/20260908T142920Z-be0b2d3069be.json.gz,1
fda.citations.history,firm:1000307689,2009-12-04,2026-09-08T14:29:20Z,cfr,21 CFR 211.22(d),,fda.citations.history,raw/fda.citations.history/2026/09/20260908T142920Z-be0b2d3069be.json.gz,1
fda.citations.history,firm:1000307689,2009-12-04,2026-09-08T14:29:20Z,cfr,21 CFR 211.25(a),,fda.citations.history,raw/fda.citations.history/2026/09/20260908T142920Z-be0b2d3069be.json.gz,1
fda.citations.history,firm:1000307689,2009-12-04,2026-09-08T14:29:20Z,cfr,21 CFR 211.68(b),,fda.citations.history,raw/fda.citations.history/2026/09/20260908T142920Z-be0b2d3069be.json.gz,1
fda.citations.history,firm:1000307689,2009-12-04,2026-09-08T14:29:20Z,cfr,21 CFR 211.80(a),,fda.citations.history,raw/fda.citations.history/2026/09/20260908T142920Z-be0b2d3069be.json.gz,1
fda.citations.history,firm:1000307689,2009-12-04,2026-09-08T14:29:20Z,cfr,21 CFR 211.84(e),,fda.citations.history,raw/fda.citations.history/2026/09/20260908T142920Z-be0b2d3069be.json.gz,1
fda.citations.history,firm:1000307689,2009-12-04,2026-09-08T14:29:20Z,cfr_part,211,part,fda.citations.history,raw/fda.citations.history/2026/09/20260908T142920Z-be0b2d3069be.json.gz,1
fda.citations.history,firm:1000307689,2009-12-04,2026-09-08T14:29:20Z,citation,1,count,fda.citations.history,raw/fda.citations.history/2026/09/20260908T142920Z-be0b2d3069be.json.gz,1
fda.citations.history,firm:1000307689,2009-12-04,2026-09-08T14:29:20Z,citation_topic,Accelerated stability studies,,fda.citations.history,raw/fda.citations.history/2026/09/20260908T142920Z-be0b2d3069be.json.gz,1
fda.citations.history,firm:1000307689,2009-12-04,2026-09-08T14:29:20Z,citation_topic,"Changes to Procedures Not Reviewed, Approved",,fda.citations.history,raw/fda.citations.history/2026/09/20260908T142920Z-be0b2d3069be.json.gz,1
fda.citations.history,firm:1000307689,2009-12-04,2026-09-08T14:29:20Z,citation_topic,Examination of issued labels,,fda.citations.history,raw/fda.citations.history/2026/09/20260908T142920Z-be0b2d3069be.json.gz,1
fda.citations.history,firm:1000307689,2009-12-04,2026-09-08T14:29:20Z,citation_topic,"Extent of discrepancy, failure  investigations",,fda.citations.history,raw/fda.citations.history/2026/09/20260908T142920Z-be0b2d3069be.json.gz,1
fda.citations.history,firm:1000307689,2009-12-04,2026-09-08T14:29:20Z,citation_topic,"Investigations of discrepancies, failures",,fda.citations.history,raw/fda.citations.history/2026/09/20260908T142920Z-be0b2d3069be.json.gz,1
fda.citations.history,firm:1000307689,2009-12-04,2026-09-08T14:29:20Z,citation_topic,Packaging line inspection after use,,fda.citations.history,raw/fda.citations.history/2026/09/20260908T142920Z-be0b2d3069be.json.gz,1
fda.citations.history,firm:1000307689,2009-12-04,2026-09-08T14:29:20Z,citation_topic,"Procedures not  in writing, fully followed",,fda.citations.history,raw/fda.citations.history/2026/09/20260908T142920Z-be0b2d3069be.json.gz,1
fda.citations.history,firm:1000307689,2009-12-04,2026-09-08T14:29:20Z,citation_topic,Procedures to be written and followed,,fda.citations.history,raw/fda.citations.history/2026/09/20260908T142920Z-be0b2d3069be.json.gz,1
fda.citations.history,firm:1000307689,2009-12-04,2026-09-08T14:29:20Z,citation_topic,Quality control unit review of records,,fda.citations.history,raw/fda.citations.history/2026/09/20260908T142920Z-be0b2d3069be.json.gz,1
fda.citations.history,firm:1000307689,2009-12-04,2026-09-08T14:29:20Z,citation_topic,Rejecting  When Specifications Not Met,,fda.citations.history,raw/fda.citations.history/2026/09/20260908T142920Z-be0b2d3069be.json.gz,1
fda.citations.history,firm:1000307689,2009-12-04,2026-09-08T14:29:20Z,citation_topic,Theoretical yield statement including percentages,,fda.citations.history,raw/fda.citations.history/2026/09/20260908T142920Z-be0b2d3069be.json.gz,1
fda.citations.history,firm:1000307689,2009-12-04,2026-09-08T14:29:20Z,citation_topic,"Training , Education , Experience overall",,fda.citations.history,raw/fda.citations.history/2026/09/20260908T142920Z-be0b2d3069be.json.gz,1
fda.citations.history,firm:1000307689,2009-12-04,2026-09-08T14:29:20Z,citation_topic,Written Procedures Not Followed,,fda.citations.history,raw/fda.citations.history/2026/09/20260908T142920Z-be0b2d3069be.json.gz,1
fda.citations.history,firm:1000307689,2009-12-04,2026-09-08T14:29:20Z,citation_topic,Written in-process control procedures,,fda.citations.history,raw/fda.citations.history/2026/09/20260908T142920Z-be0b2d3069be.json.gz,1
fda.citations.history,firm:1000307689,2009-12-04,2026-09-08T14:29:20Z,citation_topic,input/output verification,,fda.citations.history,raw/fda.citations.history/2026/09/20260908T142920Z-be0b2d3069be.json.gz,1
fda.citations.history,firm:1000307689,2009-12-04,2026-09-08T14:29:20Z,firm_key,AVEVA DRUG DELIVERY SYSTEMS,,fda.citations.history,raw/fda.citations.history/2026/09/20260908T142920Z-be0b2d3069be.json.gz,1
fda.citations.history,firm:1000307689,2009-12-04,2026-09-08T14:29:20Z,is_gmp,1,bool,fda.citations.history,raw/fda.citations.history/2026/09/20260908T142920Z-be0b2d3069be.json.gz,1
fda.citations.history,firm:1000307689,2009-12-04,2026-09-08T14:29:20Z,label,"AVEVA Drug Delivery Systems, Inc.",,fda.citations.history,raw/fda.citations.history/2026/09/20260908T142920Z-be0b2d3069be.json.gz,1
fda.citations.history,firm:1000514054,2009-12-30,2026-09-08T14:29:20Z,cfr,21 CFR 211.22(a),,fda.citations.history,raw/fda.citations.history/2026/09/20260908T142920Z-be0b2d3069be.json.gz,1
fda.citations.history,firm:1000514054,2009-12-30,2026-09-08T14:29:20Z,cfr,21 CFR 211.25(a),,fda.citations.history,raw/fda.citations.history/2026/09/20260908T142920Z-be0b2d3069be.json.gz,1
fda.citations.history,firm:1000514054,2009-12-30,2026-09-08T14:29:20Z,cfr,21 CFR 211.84(a),,fda.citations.history,raw/fda.citations.history/2026/09/20260908T142920Z-be0b2d3069be.json.gz,1
fda.citations.history,firm:1000514054,2009-12-30,2026-09-08T14:29:20Z,cfr_part,211,part,fda.citations.history,raw/fda.citations.history/2026/09/20260908T142920Z-be0b2d3069be.json.gz,1
fda.citations.history,firm:1000514054,2009-12-30,2026-09-08T14:29:20Z,citation,1,count,fda.citations.history,raw/fda.citations.history/2026/09/20260908T142920Z-be0b2d3069be.json.gz,1
fda.citations.history,firm:1000514054,2009-12-30,2026-09-08T14:29:20Z,citation_topic,"Approve or reject components, products",,fda.citations.history,raw/fda.citations.history/2026/09/20260908T142920Z-be0b2d3069be.json.gz,1
fda.citations.history,firm:1000514054,2009-12-30,2026-09-08T14:29:20Z,citation_topic,Components withheld from use pending release,,fda.citations.history,raw/fda.citations.history/2026/09/20260908T142920Z-be0b2d3069be.json.gz,1
fda.citations.history,firm:1000514054,2009-12-30,2026-09-08T14:29:20Z,citation_topic,"Training , Education , Experience overall",,fda.citations.history,raw/fda.citations.history/2026/09/20260908T142920Z-be0b2d3069be.json.gz,1
fda.citations.history,firm:1000514054,2009-12-30,2026-09-08T14:29:20Z,firm_key,ELLIOT HOSPITAL OF THE CITY OF MANCHESTER,,fda.citations.history,raw/fda.citations.history/2026/09/20260908T142920Z-be0b2d3069be.json.gz,1
fda.citations.history,firm:1000514054,2009-12-30,2026-09-08T14:29:20Z,is_gmp,1,bool,fda.citations.history,raw/fda.citations.history/2026/09/20260908T142920Z-be0b2d3069be.json.gz,1
fda.citations.history,firm:1000514054,2009-12-30,2026-09-08T14:29:20Z,label,Elliot Hospital of the City of Manchester,,fda.citations.history,raw/fda.citations.history/2026/09/20260908T142920Z-be0b2d3069be.json.gz,1
fda.citations.history,firm:1019058,2009-12-09,2026-09-08T14:29:20Z,cfr,21 CFR 211.166(a),,fda.citations.history,raw/fda.citations.history/2026/09/20260908T142920Z-be0b2d3069be.json.gz,1
fda.citations.history,firm:1019058,2009-12-09,2026-09-08T14:29:20Z,cfr,21 CFR 211.68(a),,fda.citations.history,raw/fda.citations.history/2026/09/20260908T142920Z-be0b2d3069be.json.gz,1
fda.citations.history,firm:1019058,2009-12-09,2026-09-08T14:29:20Z,cfr_part,211,part,fda.citations.history,raw/fda.citations.history/2026/09/20260908T142920Z-be0b2d3069be.json.gz,1
fda.citations.history,firm:1019058,2009-12-09,2026-09-08T14:29:20Z,citation,1,count,fda.citations.history,raw/fda.citations.history/2026/09/20260908T142920Z-be0b2d3069be.json.gz,1
fda.citations.history,firm:1019058,2009-12-09,2026-09-08T14:29:20Z,citation_topic,Calibration/Inspection/Checking not done,,fda.citations.history,raw/fda.citations.history/2026/09/20260908T142920Z-be0b2d3069be.json.gz,1
fda.citations.history,firm:1019058,2009-12-09,2026-09-08T14:29:20Z,citation_topic,Written program not followed,,fda.citations.history,raw/fda.citations.history/2026/09/20260908T142920Z-be0b2d3069be.json.gz,1
fda.citations.history,firm:1019058,2009-12-09,2026-09-08T14:29:20Z,firm_key,GCP,,fda.citations.history,raw/fda.citations.history/2026/09/20260908T142920Z-be0b2d3069be.json.gz,1
fda.citations.history,firm:1019058,2009-12-09,2026-09-08T14:29:20Z,is_gmp,1,bool,fda.citations.history,raw/fda.citations.history/2026/09/20260908T142920Z-be0b2d3069be.json.gz,1
fda.citations.history,firm:1019058,2009-12-09,2026-09-08T14:29:20Z,label,GCP Laboratories,,fda.citations.history,raw/fda.citations.history/2026/09/20260908T142920Z-be0b2d3069be.json.gz,1
fda.citations.history,firm:1032592,2009-12-18,2026-09-08T14:29:20Z,cfr,21 CFR 211.100(a),,fda.citations.history,raw/fda.citations.history/2026/09/20260908T142920Z-be0b2d3069be.json.gz,1
fda.citations.history,firm:1032592,2009-12-18,2026-09-08T14:29:20Z,cfr,21 CFR 211.100(b),,fda.citations.history,raw/fda.citations.history/2026/09/20260908T142920Z-be0b2d3069be.json.gz,1
fda.citations.history,firm:1032592,2009-12-18,2026-09-08T14:29:20Z,cfr,21 CFR 211.122(a),,fda.citations.history,raw/fda.citations.history/2026/09/20260908T142920Z-be0b2d3069be.json.gz,1
fda.citations.history,firm:1032592,2009-12-18,2026-09-08T14:29:20Z,cfr,21 CFR 211.125(a),,fda.citations.history,raw/fda.citations.history/2026/09/20260908T142920Z-be0b2d3069be.json.gz,1
fda.citations.history,firm:1032592,2009-12-18,2026-09-08T14:29:20Z,cfr,21 CFR 211.125(f),,fda.citations.history,raw/fda.citations.history/2026/09/20260908T142920Z-be0b2d3069be.json.gz,1
fda.citations.history,firm:1032592,2009-12-18,2026-09-08T14:29:20Z,cfr,21 CFR 211.134(a),,fda.citations.history,raw/fda.citations.history/2026/09/20260908T142920Z-be0b2d3069be.json.gz,1
fda.citations.history,firm:1032592,2009-12-18,2026-09-08T14:29:20Z,cfr,21 CFR 211.142(a),,fda.citations.history,raw/fda.citations.history/2026/09/20260908T142920Z-be0b2d3069be.json.gz,1
fda.citations.history,firm:1032592,2009-12-18,2026-09-08T14:29:20Z,cfr,21 CFR 211.150(b),,fda.citations.history,raw/fda.citations.history/2026/09/20260908T142920Z-be0b2d3069be.json.gz,1
fda.citations.history,firm:1032592,2009-12-18,2026-09-08T14:29:20Z,cfr,21 CFR 211.160(b)(4),,fda.citations.history,raw/fda.citations.history/2026/09/20260908T142920Z-be0b2d3069be.json.gz,1
fda.citations.history,firm:1032592,2009-12-18,2026-09-08T14:29:20Z,cfr,21 CFR 211.186(a),,fda.citations.history,raw/fda.citations.history/2026/09/20260908T142920Z-be0b2d3069be.json.gz,1
fda.citations.history,firm:1032592,2009-12-18,2026-09-08T14:29:20Z,cfr,21 CFR 211.188,,fda.citations.history,raw/fda.citations.history/2026/09/20260908T142920Z-be0b2d3069be.json.gz,1
fda.citations.history,firm:1032592,2009-12-18,2026-09-08T14:29:20Z,cfr,21 CFR 211.188(b)(5),,fda.citations.history,raw/fda.citations.history/2026/09/20260908T142920Z-be0b2d3069be.json.gz,1
fda.citations.history,firm:1032592,2009-12-18,2026-09-08T14:29:20Z,cfr,21 CFR 211.198(a),,fda.citations.history,raw/fda.citations.history/2026/09/20260908T142920Z-be0b2d3069be.json.gz,1
fda.citations.history,firm:1032592,2009-12-18,2026-09-08T14:29:20Z,cfr,21 CFR 211.22(a),,fda.citations.history,raw/fda.citations.history/2026/09/20260908T142920Z-be0b2d3069be.json.gz,1
fda.citations.history,firm:1032592,2009-12-18,2026-09-08T14:29:20Z,cfr,21 CFR 211.25(a),,fda.citations.history,raw/fda.citations.history/2026/09/20260908T142920Z-be0b2d3069be.json.gz,1
fda.citations.history,firm:1032592,2009-12-18,2026-09-08T14:29:20Z,cfr,21 CFR 211.56(b),,fda.citations.history,raw/fda.citations.history/2026/09/20260908T142920Z-be0b2d3069be.json.gz,1
fda.citations.history,firm:1032592,2009-12-18,2026-09-08T14:29:20Z,cfr,21 CFR 211.67(c),,fda.citations.history,raw/fda.citations.history/2026/09/20260908T142920Z-be0b2d3069be.json.gz,1
fda.citations.history,firm:1032592,2009-12-18,2026-09-08T14:29:20Z,cfr_part,211,part,fda.citations.history,raw/fda.citations.history/2026/09/20260908T142920Z-be0b2d3069be.json.gz,1
fda.citations.history,firm:1032592,2009-12-18,2026-09-08T14:29:20Z,citation,1,count,fda.citations.history,raw/fda.citations.history/2026/09/20260908T142920Z-be0b2d3069be.json.gz,1
fda.citations.history,firm:1032592,2009-12-18,2026-09-08T14:29:20Z,citation_topic,Approval and review of procedures,,fda.citations.history,raw/fda.citations.history/2026/09/20260908T142920Z-be0b2d3069be.json.gz,1
fda.citations.history,firm:1032592,2009-12-18,2026-09-08T14:29:20Z,citation_topic,"Calibration - at intervals, written program, remedial action",,fda.citations.history,raw/fda.citations.history/2026/09/20260908T142920Z-be0b2d3069be.json.gz,1
fda.citations.history,firm:1032592,2009-12-18,2026-09-08T14:29:20Z,citation_topic,Cleaning/maintenance records not kept,,fda.citations.history,raw/fda.citations.history/2026/09/20260908T142920Z-be0b2d3069be.json.gz,1
fda.citations.history,firm:1032592,2009-12-18,2026-09-08T14:29:20Z,citation_topic,Correct labels during finishing operations,,fda.citations.history,raw/fda.citations.history/2026/09/20260908T142920Z-be0b2d3069be.json.gz,1
fda.citations.history,firm:1032592,2009-12-18,2026-09-08T14:29:20Z,citation_topic,In-process and laboratory control results,,fda.citations.history,raw/fda.citations.history/2026/09/20260908T142920Z-be0b2d3069be.json.gz,1
fda.citations.history,firm:1032592,2009-12-18,2026-09-08T14:29:20Z,citation_topic,Lack of quality control unit,,fda.citations.history,raw/fda.citations.history/2026/09/20260908T142920Z-be0b2d3069be.json.gz,1
fda.citations.history,firm:1032592,2009-12-18,2026-09-08T14:29:20Z,citation_topic,"Prepared for each batch, include complete information",,fda.citations.history,raw/fda.citations.history/2026/09/20260908T142920Z-be0b2d3069be.json.gz,1
fda.citations.history,firm:1032592,2009-12-18,2026-09-08T14:29:20Z,citation_topic,Procedures Written and Followed,,fda.citations.history,raw/fda.citations.history/2026/09/20260908T142920Z-be0b2d3069be.json.gz,1
fda.citations.history,firm:1032592,2009-12-18,2026-09-08T14:29:20Z,citation_topic,Procedures to be written and followed,,fda.citations.history,raw/fda.citations.history/2026/09/20260908T142920Z-be0b2d3069be.json.gz,1
fda.citations.history,firm:1032592,2009-12-18,2026-09-08T14:29:20Z,citation_topic,Quarantine - written procedures,,fda.citations.history,raw/fda.citations.history/2026/09/20260908T142920Z-be0b2d3069be.json.gz,1
fda.citations.history,firm:1032592,2009-12-18,2026-09-08T14:29:20Z,citation_topic,Recall facilitation,,fda.citations.history,raw/fda.citations.history/2026/09/20260908T142920Z-be0b2d3069be.json.gz,1
fda.citations.history,firm:1032592,2009-12-18,2026-09-08T14:29:20Z,citation_topic,SOPs not followed / documented,,fda.citations.history,raw/fda.citations.history/2026/09/20260908T142920Z-be0b2d3069be.json.gz,1
fda.citations.history,firm:1032592,2009-12-18,2026-09-08T14:29:20Z,citation_topic,Sampling/testing of labeling/packaging materials,,fda.citations.history,raw/fda.citations.history/2026/09/20260908T142920Z-be0b2d3069be.json.gz,1
fda.citations.history,firm:1032592,2009-12-18,2026-09-08T14:29:20Z,citation_topic,Signature and checking of records -- 2 persons,,fda.citations.history,raw/fda.citations.history/2026/09/20260908T142920Z-be0b2d3069be.json.gz,1
fda.citations.history,firm:1032592,2009-12-18,2026-09-08T14:29:20Z,citation_topic,Strict control not exercised over labeling issued,,fda.citations.history,raw/fda.citations.history/2026/09/20260908T142920Z-be0b2d3069be.json.gz,1
fda.citations.history,firm:1032592,2009-12-18,2026-09-08T14:29:20Z,citation_topic,"Training , Education , Experience overall",,fda.citations.history,raw/fda.citations.history/2026/09/20260908T142920Z-be0b2d3069be.json.gz,1
fda.citations.history,firm:1032592,2009-12-18,2026-09-08T14:29:20Z,citation_topic,"Training--operations, GMPs, written procedures",,fda.citations.history,raw/fda.citations.history/2026/09/20260908T142920Z-be0b2d3069be.json.gz,1
fda.citations.history,firm:1032592,2009-12-18,2026-09-08T14:29:20Z,citation_topic,Written sanitation procedures lacking,,fda.citations.history,raw/fda.citations.history/2026/09/20260908T142920Z-be0b2d3069be.json.gz,1
fda.citations.history,firm:1032592,2009-12-18,2026-09-08T14:29:20Z,firm_key,ALL OXYGEN REFILLS,,fda.citations.history,raw/fda.citations.history/2026/09/20260908T142920Z-be0b2d3069be.json.gz,1
fda.citations.history,firm:1032592,2009-12-18,2026-09-08T14:29:20Z,is_gmp,1,bool,fda.citations.history,raw/fda.citations.history/2026/09/20260908T142920Z-be0b2d3069be.json.gz,1
fda.citations.history,firm:1032592,2009-12-18,2026-09-08T14:29:20Z,label,"All Oxygen Refills, Inc.",,fda.citations.history,raw/fda.citations.history/2026/09/20260908T142920Z-be0b2d3069be.json.gz,1
fda.citations.history,firm:1220701,2009-12-17,2026-09-08T14:29:20Z,cfr,21 CFR 211.192,,fda.citations.history,raw/fda.citations.history/2026/09/20260908T142920Z-be0b2d3069be.json.gz,1
fda.citations.history,firm:1220701,2009-12-17,2026-09-08T14:29:20Z,cfr_part,211,part,fda.citations.history,raw/fda.citations.history/2026/09/20260908T142920Z-be0b2d3069be.json.gz,1
fda.citations.history,firm:1220701,2009-12-17,2026-09-08T14:29:20Z,citation,1,count,fda.citations.history,raw/fda.citations.history/2026/09/20260908T142920Z-be0b2d3069be.json.gz,1
fda.citations.history,firm:1220701,2009-12-17,2026-09-08T14:29:20Z,citation_topic,"Extent of discrepancy, failure  investigations",,fda.citations.history,raw/fda.citations.history/2026/09/20260908T142920Z-be0b2d3069be.json.gz,1
fda.citations.history,firm:1220701,2009-12-17,2026-09-08T14:29:20Z,firm_key,APLICARE PRODUCTS,,fda.citations.history,raw/fda.citations.history/2026/09/20260908T142920Z-be0b2d3069be.json.gz,1
fda.citations.history,firm:1220701,2009-12-17,2026-09-08T14:29:20Z,is_gmp,1,bool,fda.citations.history,raw/fda.citations.history/2026/09/20260908T142920Z-be0b2d3069be.json.gz,1
fda.citations.history,firm:1220701,2009-12-17,2026-09-08T14:29:20Z,label,"Aplicare Products, LLC",,fda.citations.history,raw/fda.citations.history/2026/09/20260908T142920Z-be0b2d3069be.json.gz,1
fda.citations.history,firm:1221169,2009-12-16,2026-09-08T14:29:20Z,cfr,21 CFR 211.160(b),,fda.citations.history,raw/fda.citations.history/2026/09/20260908T142920Z-be0b2d3069be.json.gz,1
fda.citations.history,firm:1221169,2009-12-16,2026-09-08T14:29:20Z,cfr_part,211,part,fda.citations.history,raw/fda.citations.history/2026/09/20260908T142920Z-be0b2d3069be.json.gz,1
fda.citations.history,firm:1221169,2009-12-16,2026-09-08T14:29:20Z,citation,1,count,fda.citations.history,raw/fda.citations.history/2026/09/20260908T142920Z-be0b2d3069be.json.gz,1
fda.citations.history,firm:1221169,2009-12-16,2026-09-08T14:29:20Z,citation_topic,Scientifically sound laboratory controls,,fda.citations.history,raw/fda.citations.history/2026/09/20260908T142920Z-be0b2d3069be.json.gz,1
fda.citations.history,firm:1221169,2009-12-16,2026-09-08T14:29:20Z,firm_key,APRIA HEALTHCARE,,fda.citations.history,raw/fda.citations.history/2026/09/20260908T142920Z-be0b2d3069be.json.gz,1
fda.citations.history,firm:1221169,2009-12-16,2026-09-08T14:29:20Z,is_gmp,1,bool,fda.citations.history,raw/fda.citations.history/2026/09/20260908T142920Z-be0b2d3069be.json.gz,1
fda.citations.history,firm:1221169,2009-12-16,2026-09-08T14:29:20Z,label,Apria Healthcare LLC,,fda.citations.history,raw/fda.citations.history/2026/09/20260908T142920Z-be0b2d3069be.json.gz,1
fda.citations.history,firm:1221426,2009-12-23,2026-09-08T14:29:20Z,cfr,21 CFR 211.160(a),,fda.citations.history,raw/fda.citations.history/2026/09/20260908T142920Z-be0b2d3069be.json.gz,1
fda.citations.history,firm:1221426,2009-12-23,2026-09-08T14:29:20Z,cfr,21 CFR 211.160(b)(4),,fda.citations.history,raw/fda.citations.history/2026/09/20260908T142920Z-be0b2d3069be.json.gz,1
fda.citations.history,firm:1221426,2009-12-23,2026-09-08T14:29:20Z,cfr,21 CFR 211.165(f),,fda.citations.history,raw/fda.citations.history/2026/09/20260908T142920Z-be0b2d3069be.json.gz,1
fda.citations.history,firm:1221426,2009-12-23,2026-09-08T14:29:20Z,cfr,21 CFR 211.194(a)(4),,fda.citations.history,raw/fda.citations.history/2026/09/20260908T142920Z-be0b2d3069be.json.gz,1
fda.citations.history,firm:1221426,2009-12-23,2026-09-08T14:29:20Z,cfr,21 CFR 211.194(e),,fda.citations.history,raw/fda.citations.history/2026/09/20260908T142920Z-be0b2d3069be.json.gz,1
fda.citations.history,firm:1221426,2009-12-23,2026-09-08T14:29:20Z,cfr_part,211,part,fda.citations.history,raw/fda.citations.history/2026/09/20260908T142920Z-be0b2d3069be.json.gz,1
fda.citations.history,firm:1221426,2009-12-23,2026-09-08T14:29:20Z,citation,1,count,fda.citations.history,raw/fda.citations.history/2026/09/20260908T142920Z-be0b2d3069be.json.gz,1
fda.citations.history,firm:1221426,2009-12-23,2026-09-08T14:29:20Z,citation_topic,Complete Test Data,,fda.citations.history,raw/fda.citations.history/2026/09/20260908T142920Z-be0b2d3069be.json.gz,1
fda.citations.history,firm:1221426,2009-12-23,2026-09-08T14:29:20Z,citation_topic,Failing drug products not rejected,,fda.citations.history,raw/fda.citations.history/2026/09/20260908T142920Z-be0b2d3069be.json.gz,1
fda.citations.history,firm:1221426,2009-12-23,2026-09-08T14:29:20Z,citation_topic,Following/documenting laboratory controls,,fda.citations.history,raw/fda.citations.history/2026/09/20260908T142920Z-be0b2d3069be.json.gz,1
fda.citations.history,firm:1221426,2009-12-23,2026-09-08T14:29:20Z,citation_topic,"Instruments, apparatus, et. al. not meeting specs",,fda.citations.history,raw/fda.citations.history/2026/09/20260908T142920Z-be0b2d3069be.json.gz,1
fda.citations.history,firm:1221426,2009-12-23,2026-09-08T14:29:20Z,citation_topic,Stability testing records not  included,,fda.citations.history,raw/fda.citations.history/2026/09/20260908T142920Z-be0b2d3069be.json.gz,1
fda.citations.history,firm:1221426,2009-12-23,2026-09-08T14:29:20Z,firm_key,BOSTON ANALYTICAL,,fda.citations.history,raw/fda.citations.history/2026/09/20260908T142920Z-be0b2d3069be.json.gz,1
fda.citations.history,firm:1221426,2009-12-23,2026-09-08T14:29:20Z,is_gmp,1,bool,fda.citations.history,raw/fda.citations.history/2026/09/20260908T142920Z-be0b2d3069be.json.gz,1
fda.citations.history,firm:1221426,2009-12-23,2026-09-08T14:29:20Z,label,"Boston Analytical, Inc.",,fda.citations.history,raw/fda.citations.history/2026/09/20260908T142920Z-be0b2d3069be.json.gz,1
fda.citations.history,firm:1317439,2009-12-15,2026-09-08T14:29:20Z,cfr,21 CFR 211.122(a),,fda.citations.history,raw/fda.citations.history/2026/09/20260908T142920Z-be0b2d3069be.json.gz,1
fda.citations.history,firm:1317439,2009-12-15,2026-09-08T14:29:20Z,cfr,21 CFR 211.160(a),,fda.citations.history,raw/fda.citations.history/2026/09/20260908T142920Z-be0b2d3069be.json.gz,1
fda.citations.history,firm:1317439,2009-12-15,2026-09-08T14:29:20Z,cfr,21 CFR 211.166(a)(3),,fda.citations.history,raw/fda.citations.history/2026/09/20260908T142920Z-be0b2d3069be.json.gz,1
fda.citations.history,firm:1317439,2009-12-15,2026-09-08T14:29:20Z,cfr_part,211,part,fda.citations.history,raw/fda.citations.history/2026/09/20260908T142920Z-be0b2d3069be.json.gz,1
fda.citations.history,firm:1317439,2009-12-15,2026-09-08T14:29:20Z,citation,1,count,fda.citations.history,raw/fda.citations.history/2026/09/20260908T142920Z-be0b2d3069be.json.gz,1
fda.citations.history,firm:1317439,2009-12-15,2026-09-08T14:29:20Z,citation_topic,Following/documenting laboratory controls,,fda.citations.history,raw/fda.citations.history/2026/09/20260908T142920Z-be0b2d3069be.json.gz,1
fda.citations.history,firm:1317439,2009-12-15,2026-09-08T14:29:20Z,citation_topic,Valid stability test methods,,fda.citations.history,raw/fda.citations.history/2026/09/20260908T142920Z-be0b2d3069be.json.gz,1
fda.citations.history,firm:1317439,2009-12-15,2026-09-08T14:29:20Z,citation_topic,Written procedures describing in detail,,fda.citations.history,raw/fda.citations.history/2026/09/20260908T142920Z-be0b2d3069be.json.gz,1
fda.citations.history,firm:1317439,2009-12-15,2026-09-08T14:29:20Z,firm_key,MONTGOMERY COUNTY CHAPTER NYSARC,,fda.citations.history,raw/fda.citations.history/2026/09/20260908T142920Z-be0b2d3069be.json.gz,1
fda.citations.history,firm:1317439,2009-12-15,2026-09-08T14:29:20Z,is_gmp,1,bool,fda.citations.history,raw/fda.citations.history/2026/09/20260908T142920Z-be0b2d3069be.json.gz,1
fda.citations.history,firm:1317439,2009-12-15,2026-09-08T14:29:20Z,label,"Montgomery County Chapter Nysarc, Inc.",,fda.citations.history,raw/fda.citations.history/2026/09/20260908T142920Z-be0b2d3069be.json.gz,1
fda.citations.history,firm:1319210,2009-12-03,2026-09-08T14:29:20Z,cfr,21 CFR 211.125(a),,fda.citations.history,raw/fda.citations.history/2026/09/20260908T142920Z-be0b2d3069be.json.gz,1
fda.citations.history,firm:1319210,2009-12-03,2026-09-08T14:29:20Z,cfr,21 CFR 211.125(f),,fda.citations.history,raw/fda.citations.history/2026/09/20260908T142920Z-be0b2d3069be.json.gz,1
fda.citations.history,firm:1319210,2009-12-03,2026-09-08T14:29:20Z,cfr,21 CFR 211.130,,fda.citations.history,raw/fda.citations.history/2026/09/20260908T142920Z-be0b2d3069be.json.gz,1
fda.citations.history,firm:1319210,2009-12-03,2026-09-08T14:29:20Z,cfr_part,211,part,fda.citations.history,raw/fda.citations.history/2026/09/20260908T142920Z-be0b2d3069be.json.gz,1
fda.citations.history,firm:1319210,2009-12-03,2026-09-08T14:29:20Z,citation,1,count,fda.citations.history,raw/fda.citations.history/2026/09/20260908T142920Z-be0b2d3069be.json.gz,1
fda.citations.history,firm:1319210,2009-12-03,2026-09-08T14:29:20Z,citation_topic,Procedures Written and Followed,,fda.citations.history,raw/fda.citations.history/2026/09/20260908T142920Z-be0b2d3069be.json.gz,1
fda.citations.history,firm:1319210,2009-12-03,2026-09-08T14:29:20Z,citation_topic,"Procedures are written, and followed",,fda.citations.history,raw/fda.citations.history/2026/09/20260908T142920Z-be0b2d3069be.json.gz,1
fda.citations.history,firm:1319210,2009-12-03,2026-09-08T14:29:20Z,citation_topic,Strict control not exercised over labeling issued,,fda.citations.history,raw/fda.citations.history/2026/09/20260908T142920Z-be0b2d3069be.json.gz,1
fda.citations.history,firm:1319210,2009-12-03,2026-09-08T14:29:20Z,firm_key,CJ MAILING FULFILLMENT,,fda.citations.history,raw/fda.citations.history/2026/09/20260908T142920Z-be0b2d3069be.json.gz,1
fda.citations.history,firm:1319210,2009-12-03,2026-09-08T14:29:20Z,is_gmp,1,bool,fda.citations.history,raw/fda.citations.history/2026/09/20260908T142920Z-be0b2d3069be.json.gz,1
fda.citations.history,firm:1319210,2009-12-03,2026-09-08T14:29:20Z,label,CJ Mailing & Fulfillment Inc,,fda.citations.history,raw/fda.citations.history/2026/09/20260908T142920Z-be0b2d3069be.json.gz,1
fda.citations.history,firm:1413064,2009-12-18,2026-09-08T14:29:20Z,cfr,21 CFR 211.192,,fda.citations.history,raw/fda.citations.history/2026/09/20260908T142920Z-be0b2d3069be.json.gz,1
fda.citations.history,firm:1413064,2009-12-18,2026-09-08T14:29:20Z,cfr,21 CFR 211.198(a),,fda.citations.history,raw/fda.citations.history/2026/09/20260908T142920Z-be0b2d3069be.json.gz,1
fda.citations.history,firm:1413064,2009-12-18,2026-09-08T14:29:20Z,cfr,21 CFR 211.22(a),,fda.citations.history,raw/fda.citations.history/2026/09/20260908T142920Z-be0b2d3069be.json.gz,1
fda.citations.history,firm:1413064,2009-12-18,2026-09-08T14:29:20Z,cfr,21 CFR 211.25(a),,fda.citations.history,raw/fda.citations.history/2026/09/20260908T142920Z-be0b2d3069be.json.gz,1
fda.citations.history,firm:1413064,2009-12-18,2026-09-08T14:29:20Z,cfr_part,211,part,fda.citations.history,raw/fda.citations.history/2026/09/20260908T142920Z-be0b2d3069be.json.gz,1
fda.citations.history,firm:1413064,2009-12-18,2026-09-08T14:29:20Z,citation,1,count,fda.citations.history,raw/fda.citations.history/2026/09/20260908T142920Z-be0b2d3069be.json.gz,1
fda.citations.history,firm:1413064,2009-12-18,2026-09-08T14:29:20Z,citation_topic,Complaint Handling Procedure,,fda.citations.history,raw/fda.citations.history/2026/09/20260908T142920Z-be0b2d3069be.json.gz,1
fda.citations.history,firm:1413064,2009-12-18,2026-09-08T14:29:20Z,citation_topic,Contract drug products--lack of responsibility,,fda.citations.history,raw/fda.citations.history/2026/09/20260908T142920Z-be0b2d3069be.json.gz,1
fda.citations.history,firm:1413064,2009-12-18,2026-09-08T14:29:20Z,citation_topic,"Investigations of discrepancies, failures",,fda.citations.history,raw/fda.citations.history/2026/09/20260908T142920Z-be0b2d3069be.json.gz,1
fda.citations.history,firm:1413064,2009-12-18,2026-09-08T14:29:20Z,citation_topic,"Training--operations, GMPs, written procedures",,fda.citations.history,raw/fda.citations.history/2026/09/20260908T142920Z-be0b2d3069be.json.gz,1
fda.citations.history,firm:1413064,2009-12-18,2026-09-08T14:29:20Z,firm_key,ALVA AMCO PHARMACAL COS,,fda.citations.history,raw/fda.citations.history/2026/09/20260908T142920Z-be0b2d3069be.json.gz,1
fda.citations.history,firm:1413064,2009-12-18,2026-09-08T14:29:20Z,is_gmp,1,bool,fda.citations.history,raw/fda.citations.history/2026/09/20260908T142920Z-be0b2d3069be.json.gz,1
fda.citations.history,firm:1413064,2009-12-18,2026-09-08T14:29:20Z,label,Alva-Amco Pharmacal Cos Inc.,,fda.citations.history,raw/fda.citations.history/2026/09/20260908T142920Z-be0b2d3069be.json.gz,1
fda.citations.history,firm:1419678,2009-12-18,2026-09-08T14:29:20Z,cfr,21 CFR 211.192,,fda.citations.history,raw/fda.citations.history/2026/09/20260908T142920Z-be0b2d3069be.json.gz,1
fda.citations.history,firm:1419678,2009-12-18,2026-09-08T14:29:20Z,cfr,21 CFR 211.22(d),,fda.citations.history,raw/fda.citations.history/2026/09/20260908T142920Z-be0b2d3069be.json.gz,1
fda.citations.history,firm:1419678,2009-12-18,2026-09-08T14:29:20Z,cfr_part,211,part,fda.citations.history,raw/fda.citations.history/2026/09/20260908T142920Z-be0b2d3069be.json.gz,1
fda.citations.history,firm:1419678,2009-12-18,2026-09-08T14:29:20Z,citation,1,count,fda.citations.history,raw/fda.citations.history/2026/09/20260908T142920Z-be0b2d3069be.json.gz,1
fda.citations.history,firm:1419678,2009-12-18,2026-09-08T14:29:20Z,citation_topic,"Investigations of discrepancies, failures",,fda.citations.history,raw/fda.citations.history/2026/09/20260908T142920Z-be0b2d3069be.json.gz,1
fda.citations.history,firm:1419678,2009-12-18,2026-09-08T14:29:20Z,citation_topic,"Procedures not  in writing, fully followed",,fda.citations.history,raw/fda.citations.history/2026/09/20260908T142920Z-be0b2d3069be.json.gz,1
fda.citations.history,firm:1419678,2009-12-18,2026-09-08T14:29:20Z,firm_key,MEDA,,fda.citations.history,raw/fda.citations.history/2026/09/20260908T142920Z-be0b2d3069be.json.gz,1
fda.citations.history,firm:1419678,2009-12-18,2026-09-08T14:29:20Z,is_gmp,1,bool,fda.citations.history,raw/fda.citations.history/2026/09/20260908T142920Z-be0b2d3069be.json.gz,1
fda.citations.history,firm:1419678,2009-12-18,2026-09-08T14:29:20Z,label,Meda Pharmaceuticals Inc,,fda.citations.history,raw/fda.citations.history/2026/09/20260908T142920Z-be0b2d3069be.json.gz,1
fda.citations.history,firm:1517140,2009-12-03,2026-09-08T14:29:20Z,cfr,21 CFR 211.25(a),,fda.citations.history,raw/fda.citations.history/2026/09/20260908T142920Z-be0b2d3069be.json.gz,1
fda.citations.history,firm:1517140,2009-12-03,2026-09-08T14:29:20Z,cfr,21 CFR 211.84(c)(2),,fda.citations.history,raw/fda.citations.history/2026/09/20260908T142920Z-be0b2d3069be.json.gz,1
fda.citations.history,firm:1517140,2009-12-03,2026-09-08T14:29:20Z,cfr_part,211,part,fda.citations.history,raw/fda.citations.history/2026/09/20260908T142920Z-be0b2d3069be.json.gz,1
fda.citations.history,firm:1517140,2009-12-03,2026-09-08T14:29:20Z,citation,1,count,fda.citations.history,raw/fda.citations.history/2026/09/20260908T142920Z-be0b2d3069be.json.gz,1
fda.citations.history,firm:1517140,2009-12-03,2026-09-08T14:29:20Z,citation_topic,Containers sampled so as to prevent contamination,,fda.citations.history,raw/fda.citations.history/2026/09/20260908T142920Z-be0b2d3069be.json.gz,1
fda.citations.history,firm:1517140,2009-12-03,2026-09-08T14:29:20Z,citation_topic,"Training--operations, GMPs, written procedures",,fda.citations.history,raw/fda.citations.history/2026/09/20260908T142920Z-be0b2d3069be.json.gz,1
fda.citations.history,firm:1517140,2009-12-03,2026-09-08T14:29:20Z,firm_key,NEW AVON,,fda.citations.history,raw/fda.citations.history/2026/09/20260908T142920Z-be0b2d3069be.json.gz,1
fda.citations.history,firm:1517140,2009-12-03,2026-09-08T14:29:20Z,is_gmp,1,bool,fda.citations.history,raw/fda.citations.history/2026/09/20260908T142920Z-be0b2d3069be.json.gz,1
fda.citations.history,firm:1517140,2009-12-03,2026-09-08T14:29:20Z,label,New Avon LLC,,fda.citations.history,raw/fda.citations.history/2026/09/20260908T142920Z-be0b2d3069be.json.gz,1
fda.citations.history,firm:1641337,2009-12-09,2026-09-08T14:29:20Z,cfr,21 CFR 211.100(b),,fda.citations.history,raw/fda.citations.history/2026/09/20260908T142920Z-be0b2d3069be.json.gz,1
fda.citations.history,firm:1641337,2009-12-09,2026-09-08T14:29:20Z,cfr,21 CFR 211.125(a),,fda.citations.history,raw/fda.citations.history/2026/09/20260908T142920Z-be0b2d3069be.json.gz,1
fda.citations.history,firm:1641337,2009-12-09,2026-09-08T14:29:20Z,cfr,21 CFR 211.188(b)(9),,fda.citations.history,raw/fda.citations.history/2026/09/20260908T142920Z-be0b2d3069be.json.gz,1
fda.citations.history,firm:1641337,2009-12-09,2026-09-08T14:29:20Z,cfr,21 CFR 211.198(a),,fda.citations.history,raw/fda.citations.history/2026/09/20260908T142920Z-be0b2d3069be.json.gz,1
fda.citations.history,firm:1641337,2009-12-09,2026-09-08T14:29:20Z,cfr,21 CFR 211.25(a),,fda.citations.history,raw/fda.citations.history/2026/09/20260908T142920Z-be0b2d3069be.json.gz,1
fda.citations.history,firm:1641337,2009-12-09,2026-09-08T14:29:20Z,cfr,21 CFR 211.67(b),,fda.citations.history,raw/fda.citations.history/2026/09/20260908T142920Z-be0b2d3069be.json.gz,1
fda.citations.history,firm:1641337,2009-12-09,2026-09-08T14:29:20Z,cfr,21 CFR 211.82(b),,fda.citations.history,raw/fda.citations.history/2026/09/20260908T142920Z-be0b2d3069be.json.gz,1
fda.citations.history,firm:1641337,2009-12-09,2026-09-08T14:29:20Z,cfr_part,211,part,fda.citations.history,raw/fda.citations.history/2026/09/20260908T142920Z-be0b2d3069be.json.gz,1
fda.citations.history,firm:1641337,2009-12-09,2026-09-08T14:29:20Z,citation,1,count,fda.citations.history,raw/fda.citations.history/2026/09/20260908T142920Z-be0b2d3069be.json.gz,1
fda.citations.history,firm:1641337,2009-12-09,2026-09-08T14:29:20Z,citation_topic,Adverse Drug Experience,,fda.citations.history,raw/fda.citations.history/2026/09/20260908T142920Z-be0b2d3069be.json.gz,1
fda.citations.history,firm:1641337,2009-12-09,2026-09-08T14:29:20Z,citation_topic,Complaint Handling Procedure,,fda.citations.history,raw/fda.citations.history/2026/09/20260908T142920Z-be0b2d3069be.json.gz,1
fda.citations.history,firm:1641337,2009-12-09,2026-09-08T14:29:20Z,citation_topic,Container/Closure Description,,fda.citations.history,raw/fda.citations.history/2026/09/20260908T142920Z-be0b2d3069be.json.gz,1
fda.citations.history,firm:1641337,2009-12-09,2026-09-08T14:29:20Z,citation_topic,Quarantine Storage of Components,,fda.citations.history,raw/fda.citations.history/2026/09/20260908T142920Z-be0b2d3069be.json.gz,1
fda.citations.history,firm:1641337,2009-12-09,2026-09-08T14:29:20Z,citation_topic,SOPs not followed / documented,,fda.citations.history,raw/fda.citations.history/2026/09/20260908T142920Z-be0b2d3069be.json.gz,1
fda.citations.history,firm:1641337,2009-12-09,2026-09-08T14:29:20Z,citation_topic,Strict control not exercised over labeling issued,,fda.citations.history,raw/fda.citations.history/2026/09/20260908T142920Z-be0b2d3069be.json.gz,1
fda.citations.history,firm:1641337,2009-12-09,2026-09-08T14:29:20Z,citation_topic,"Training--operations, GMPs, written procedures",,fda.citations.history,raw/fda.citations.history/2026/09/20260908T142920Z-be0b2d3069be.json.gz,1
fda.citations.history,firm:1641337,2009-12-09,2026-09-08T14:29:20Z,citation_topic,Written procedures fail to include,,fda.citations.history,raw/fda.citations.history/2026/09/20260908T142920Z-be0b2d3069be.json.gz,1
fda.citations.history,firm:1641337,2009-12-09,2026-09-08T14:29:20Z,firm_key,CENTRAL TEXAS COMMUNITY HEALTH CENTERS,,fda.citations.history,raw/fda.citations.history/2026/09/20260908T142920Z-be0b2d3069be.json.gz,1
fda.citations.history,firm:1641337,2009-12-09,2026-09-08T14:29:20Z,is_gmp,1,bool,fda.citations.history,raw/fda.citations.history/2026/09/20260908T142920Z-be0b2d3069be.json.gz,1
fda.citations.history,firm:1641337,2009-12-09,2026-09-08T14:29:20Z,label,Central Texas Community Health Centers,,fda.citations.history,raw/fda.citations.history/2026/09/20260908T142920Z-be0b2d3069be.json.gz,1
fda.citations.history,firm:1642813,2009-12-21,2026-09-08T14:29:20Z,cfr,21 CFR 211.100(a),,fda.citations.history,raw/fda.citations.history/2026/09/20260908T142920Z-be0b2d3069be.json.gz,1
fda.citations.history,firm:1642813,2009-12-21,2026-09-08T14:29:20Z,cfr,21 CFR 211.110(a),,fda.citations.history,raw/fda.citations.history/2026/09/20260908T142920Z-be0b2d3069be.json.gz,1
fda.citations.history,firm:1642813,2009-12-21,2026-09-08T14:29:20Z,cfr,21 CFR 211.122(a),,fda.citations.history,raw/fda.citations.history/2026/09/20260908T142920Z-be0b2d3069be.json.gz,1
fda.citations.history,firm:1642813,2009-12-21,2026-09-08T14:29:20Z,cfr,21 CFR 211.122(d),,fda.citations.history,raw/fda.citations.history/2026/09/20260908T142920Z-be0b2d3069be.json.gz,1
fda.citations.history,firm:1642813,2009-12-21,2026-09-08T14:29:20Z,cfr,21 CFR 211.125(f),,fda.citations.history,raw/fda.citations.history/2026/09/20260908T142920Z-be0b2d3069be.json.gz,1
fda.citations.history,firm:1642813,2009-12-21,2026-09-08T14:29:20Z,cfr,21 CFR 211.160(b),,fda.citations.history,raw/fda.citations.history/2026/09/20260908T142920Z-be0b2d3069be.json.gz,1
fda.citations.history,firm:1642813,2009-12-21,2026-09-08T14:29:20Z,cfr,21 CFR 211.165(c),,fda.citations.history,raw/fda.citations.history/2026/09/20260908T142920Z-be0b2d3069be.json.gz,1
fda.citations.history,firm:1642813,2009-12-21,2026-09-08T14:29:20Z,cfr,21 CFR 211.166(a),,fda.citations.history,raw/fda.citations.history/2026/09/20260908T142920Z-be0b2d3069be.json.gz,1
fda.citations.history,firm:1642813,2009-12-21,2026-09-08T14:29:20Z,cfr,21 CFR 211.170(b),,fda.citations.history,raw/fda.citations.history/2026/09/20260908T142920Z-be0b2d3069be.json.gz,1
fda.citations.history,firm:1642813,2009-12-21,2026-09-08T14:29:20Z,cfr,21 CFR 211.186(a),,fda.citations.history,raw/fda.citations.history/2026/09/20260908T142920Z-be0b2d3069be.json.gz,1
fda.citations.history,firm:1642813,2009-12-21,2026-09-08T14:29:20Z,cfr,21 CFR 211.188,,fda.citations.history,raw/fda.citations.history/2026/09/20260908T142920Z-be0b2d3069be.json.gz,1
fda.citations.history,firm:1642813,2009-12-21,2026-09-08T14:29:20Z,cfr,21 CFR 211.192,,fda.citations.history,raw/fda.citations.history/2026/09/20260908T142920Z-be0b2d3069be.json.gz,1
fda.citations.history,firm:1642813,2009-12-21,2026-09-08T14:29:20Z,cfr,21 CFR 211.42(c)(7),,fda.citations.history,raw/fda.citations.history/2026/09/20260908T142920Z-be0b2d3069be.json.gz,1
fda.citations.history,firm:1642813,2009-12-21,2026-09-08T14:29:20Z,cfr,21 CFR 211.68(a),,fda.citations.history,raw/fda.citations.history/2026/09/20260908T142920Z-be0b2d3069be.json.gz,1
fda.citations.history,firm:1642813,2009-12-21,2026-09-08T14:29:20Z,cfr,21 CFR 211.80(d),,fda.citations.history,raw/fda.citations.history/2026/09/20260908T142920Z-be0b2d3069be.json.gz,1
fda.citations.history,firm:1642813,2009-12-21,2026-09-08T14:29:20Z,cfr,21 CFR 211.84(d)(2),,fda.citations.history,raw/fda.citations.history/2026/09/20260908T142920Z-be0b2d3069be.json.gz,1
fda.citations.history,firm:1642813,2009-12-21,2026-09-08T14:29:20Z,cfr_part,211,part,fda.citations.history,raw/fda.citations.history/2026/09/20260908T142920Z-be0b2d3069be.json.gz,1
fda.citations.history,firm:1642813,2009-12-21,2026-09-08T14:29:20Z,citation,1,count,fda.citations.history,raw/fda.citations.history/2026/09/20260908T142920Z-be0b2d3069be.json.gz,1
fda.citations.history,firm:1642813,2009-12-21,2026-09-08T14:29:20Z,citation_topic,Annual visual exams of drug products,,fda.citations.history,raw/fda.citations.history/2026/09/20260908T142920Z-be0b2d3069be.json.gz,1
fda.citations.history,firm:1642813,2009-12-21,2026-09-08T14:29:20Z,citation_topic,Approval and review of procedures,,fda.citations.history,raw/fda.citations.history/2026/09/20260908T142920Z-be0b2d3069be.json.gz,1
fda.citations.history,firm:1642813,2009-12-21,2026-09-08T14:29:20Z,citation_topic,Calibration/Inspection/Checking not done,,fda.citations.history,raw/fda.citations.history/2026/09/20260908T142920Z-be0b2d3069be.json.gz,1
fda.citations.history,firm:1642813,2009-12-21,2026-09-08T14:29:20Z,citation_topic,Control procedures to monitor and validate performance,,fda.citations.history,raw/fda.citations.history/2026/09/20260908T142920Z-be0b2d3069be.json.gz,1
fda.citations.history,firm:1642813,2009-12-21,2026-09-08T14:29:20Z,citation_topic,"Investigations of discrepancies, failures",,fda.citations.history,raw/fda.citations.history/2026/09/20260908T142920Z-be0b2d3069be.json.gz,1
fda.citations.history,firm:1642813,2009-12-21,2026-09-08T14:29:20Z,citation_topic,Label storage access limited to authorized personnel,,fda.citations.history,raw/fda.citations.history/2026/09/20260908T142920Z-be0b2d3069be.json.gz,1
fda.citations.history,firm:1642813,2009-12-21,2026-09-08T14:29:20Z,citation_topic,Lack of written stability program,,fda.citations.history,raw/fda.citations.history/2026/09/20260908T142920Z-be0b2d3069be.json.gz,1
fda.citations.history,firm:1642813,2009-12-21,2026-09-08T14:29:20Z,citation_topic,"Prepared for each batch, include complete information",,fda.citations.history,raw/fda.citations.history/2026/09/20260908T142920Z-be0b2d3069be.json.gz,1
fda.citations.history,firm:1642813,2009-12-21,2026-09-08T14:29:20Z,citation_topic,Procedures Written and Followed,,fda.citations.history,raw/fda.citations.history/2026/09/20260908T142920Z-be0b2d3069be.json.gz,1
fda.citations.history,firm:1642813,2009-12-21,2026-09-08T14:29:20Z,citation_topic,Quarantined Drug Products Area,,fda.citations.history,raw/fda.citations.history/2026/09/20260908T142920Z-be0b2d3069be.json.gz,1
fda.citations.history,firm:1642813,2009-12-21,2026-09-08T14:29:20Z,citation_topic,Reports of Analysis (Components),,fda.citations.history,raw/fda.citations.history/2026/09/20260908T142920Z-be0b2d3069be.json.gz,1
fda.citations.history,firm:1642813,2009-12-21,2026-09-08T14:29:20Z,citation_topic,Sampling and testing plans not described,,fda.citations.history,raw/fda.citations.history/2026/09/20260908T142920Z-be0b2d3069be.json.gz,1
fda.citations.history,firm:1642813,2009-12-21,2026-09-08T14:29:20Z,citation_topic,Scientifically sound laboratory controls,,fda.citations.history,raw/fda.citations.history/2026/09/20260908T142920Z-be0b2d3069be.json.gz,1
fda.citations.history,firm:1642813,2009-12-21,2026-09-08T14:29:20Z,citation_topic,Status of Each Lot Identified,,fda.citations.history,raw/fda.citations.history/2026/09/20260908T142920Z-be0b2d3069be.json.gz,1
fda.citations.history,firm:1642813,2009-12-21,2026-09-08T14:29:20Z,citation_topic,Written procedures describing in detail,,fda.citations.history,raw/fda.citations.history/2026/09/20260908T142920Z-be0b2d3069be.json.gz,1
fda.citations.history,firm:1642813,2009-12-21,2026-09-08T14:29:20Z,citation_topic,Written procedures followed,,fda.citations.history,raw/fda.citations.history/2026/09/20260908T142920Z-be0b2d3069be.json.gz,1
fda.citations.history,firm:1642813,2009-12-21,2026-09-08T14:29:20Z,citation_topic,Written program not followed,,fda.citations.history,raw/fda.citations.history/2026/09/20260908T142920Z-be0b2d3069be.json.gz,1
fda.citations.history,firm:1642813,2009-12-21,2026-09-08T14:29:20Z,firm_key,CHEMOLEE,,fda.citations.history,raw/fda.citations.history/2026/09/20260908T142920Z-be0b2d3069be.json.gz,1
fda.citations.history,firm:1642813,2009-12-21,2026-09-08T14:29:20Z,is_gmp,1,bool,fda.citations.history,raw/fda.citations.history/2026/09/20260908T142920Z-be0b2d3069be.json.gz,1
fda.citations.history,firm:1642813,2009-12-21,2026-09-08T14:29:20Z,label,Chemolee Lab Corporation,,fda.citations.history,raw/fda.citations.history/2026/09/20260908T142920Z-be0b2d3069be.json.gz,1
fda.citations.history,firm:1773300,2009-12-18,2026-09-08T14:29:20Z,cfr,21 CFR 211.22(d),,fda.citations.history,raw/fda.citations.history/2026/09/20260908T142920Z-be0b2d3069be.json.gz,1
fda.citations.history,firm:1773300,2009-12-18,2026-09-08T14:29:20Z,cfr,21 CFR 211.25(a),,fda.citations.history,raw/fda.citations.history/2026/09/20260908T142920Z-be0b2d3069be.json.gz,1
fda.citations.history,firm:1773300,2009-12-18,2026-09-08T14:29:20Z,cfr_part,211,part,fda.citations.history,raw/fda.citations.history/2026/09/20260908T142920Z-be0b2d3069be.json.gz,1
fda.citations.history,firm:1773300,2009-12-18,2026-09-08T14:29:20Z,citation,1,count,fda.citations.history,raw/fda.citations.history/2026/09/20260908T142920Z-be0b2d3069be.json.gz,1
fda.citations.history,firm:1773300,2009-12-18,2026-09-08T14:29:20Z,citation_topic,GMP Training Frequency,,fda.citations.history,raw/fda.citations.history/2026/09/20260908T142920Z-be0b2d3069be.json.gz,1
fda.citations.history,firm:1773300,2009-12-18,2026-09-08T14:29:20Z,citation_topic,"Procedures not  in writing, fully followed",,fda.citations.history,raw/fda.citations.history/2026/09/20260908T142920Z-be0b2d3069be.json.gz,1
fda.citations.history,firm:1773300,2009-12-18,2026-09-08T14:29:20Z,firm_key,BANNER HOME MEDICAL EQUIPMENT,,fda.citations.history,raw/fda.citations.history/2026/09/20260908T142920Z-be0b2d3069be.json.gz,1
fda.citations.history,firm:1773300,2009-12-18,2026-09-08T14:29:20Z,is_gmp,1,bool,fda.citations.history,raw/fda.citations.history/2026/09/20260908T142920Z-be0b2d3069be.json.gz,1
fda.citations.history,firm:1773300,2009-12-18,2026-09-08T14:29:20Z,label,Banner Home Medical Equipment,,fda.citations.history,raw/fda.citations.history/2026/09/20260908T142920Z-be0b2d3069be.json.gz,1
fda.citations.history,firm:1930436,2009-12-01,2026-09-08T14:29:20Z,cfr,21 CFR 211.100(b),,fda.citations.history,raw/fda.citations.history/2026/09/20260908T142920Z-be0b2d3069be.json.gz,1
fda.citations.history,firm:1930436,2009-12-01,2026-09-08T14:29:20Z,cfr,21 CFR 211.137(a),,fda.citations.history,raw/fda.citations.history/2026/09/20260908T142920Z-be0b2d3069be.json.gz,1
fda.citations.history,firm:1930436,2009-12-01,2026-09-08T14:29:20Z,cfr,21 CFR 211.160(a),,fda.citations.history,raw/fda.citations.history/2026/09/20260908T142920Z-be0b2d3069be.json.gz,1
fda.citations.history,firm:1930436,2009-12-01,2026-09-08T14:29:20Z,cfr,21 CFR 211.160(b),,fda.citations.history,raw/fda.citations.history/2026/09/20260908T142920Z-be0b2d3069be.json.gz,1
fda.citations.history,firm:1930436,2009-12-01,2026-09-08T14:29:20Z,cfr,21 CFR 211.165(d),,fda.citations.history,raw/fda.citations.history/2026/09/20260908T142920Z-be0b2d3069be.json.gz,1
fda.citations.history,firm:1930436,2009-12-01,2026-09-08T14:29:20Z,cfr,21 CFR 211.165(e),,fda.citations.history,raw/fda.citations.history/2026/09/20260908T142920Z-be0b2d3069be.json.gz,1
fda.citations.history,firm:1930436,2009-12-01,2026-09-08T14:29:20Z,cfr,21 CFR 211.192,,fda.citations.history,raw/fda.citations.history/2026/09/20260908T142920Z-be0b2d3069be.json.gz,1
fda.citations.history,firm:1930436,2009-12-01,2026-09-08T14:29:20Z,cfr,21 CFR 211.22(d),,fda.citations.history,raw/fda.citations.history/2026/09/20260908T142920Z-be0b2d3069be.json.gz,1
fda.citations.history,firm:1930436,2009-12-01,2026-09-08T14:29:20Z,cfr,21 CFR 314.81(b)(2)(iv)(a),,fda.citations.history,raw/fda.citations.history/2026/09/20260908T142920Z-be0b2d3069be.json.gz,1
fda.citations.history,firm:1930436,2009-12-01,2026-09-08T14:29:20Z,cfr_part,211,part,fda.citations.history,raw/fda.citations.history/2026/09/20260908T142920Z-be0b2d3069be.json.gz,1
fda.citations.history,firm:1930436,2009-12-01,2026-09-08T14:29:20Z,cfr_part,314,part,fda.citations.history,raw/fda.citations.history/2026/09/20260908T142920Z-be0b2d3069be.json.gz,1
fda.citations.history,firm:1930436,2009-12-01,2026-09-08T14:29:20Z,citation,1,count,fda.citations.history,raw/fda.citations.history/2026/09/20260908T142920Z-be0b2d3069be.json.gz,1
fda.citations.history,firm:1930436,2009-12-01,2026-09-08T14:29:20Z,citation_topic,Acceptance criteria for sampling & testing,,fda.citations.history,raw/fda.citations.history/2026/09/20260908T142920Z-be0b2d3069be.json.gz,1
fda.citations.history,firm:1930436,2009-12-01,2026-09-08T14:29:20Z,citation_topic,Expiration date lacking,,fda.citations.history,raw/fda.citations.history/2026/09/20260908T142920Z-be0b2d3069be.json.gz,1
fda.citations.history,firm:1930436,2009-12-01,2026-09-08T14:29:20Z,citation_topic,"Extent of discrepancy, failure  investigations",,fda.citations.history,raw/fda.citations.history/2026/09/20260908T142920Z-be0b2d3069be.json.gz,1
fda.citations.history,firm:1930436,2009-12-01,2026-09-08T14:29:20Z,citation_topic,"Investigations of discrepancies, failures",,fda.citations.history,raw/fda.citations.history/2026/09/20260908T142920Z-be0b2d3069be.json.gz,1
fda.citations.history,firm:1930436,2009-12-01,2026-09-08T14:29:20Z,citation_topic,"Lab controls established, including changes",,fda.citations.history,raw/fda.citations.history/2026/09/20260908T142920Z-be0b2d3069be.json.gz,1
fda.citations.history,firm:1930436,2009-12-01,2026-09-08T14:29:20Z,citation_topic,"Procedures not  in writing, fully followed",,fda.citations.history,raw/fda.citations.history/2026/09/20260908T142920Z-be0b2d3069be.json.gz,1
fda.citations.history,firm:1930436,2009-12-01,2026-09-08T14:29:20Z,citation_topic,"Reports re: chemical, physical, or other properties",,fda.citations.history,raw/fda.citations.history/2026/09/20260908T142920Z-be0b2d3069be.json.gz,1
fda.citations.history,firm:1930436,2009-12-01,2026-09-08T14:29:20Z,citation_topic,SOPs not followed / documented,,fda.citations.history,raw/fda.citations.history/2026/09/20260908T142920Z-be0b2d3069be.json.gz,1
fda.citations.history,firm:1930436,2009-12-01,2026-09-08T14:29:20Z,citation_topic,Scientifically sound laboratory controls,,fda.citations.history,raw/fda.citations.history/2026/09/20260908T142920Z-be0b2d3069be.json.gz,1
fda.citations.history,firm:1930436,2009-12-01,2026-09-08T14:29:20Z,citation_topic,Test methods,,fda.citations.history,raw/fda.citations.history/2026/09/20260908T142920Z-be0b2d3069be.json.gz,1
fda.citations.history,firm:1930436,2009-12-01,2026-09-08T14:29:20Z,citation_topic,Written record of investigation incomplete,,fda.citations.history,raw/fda.citations.history/2026/09/20260908T142920Z-be0b2d3069be.json.gz,1
fda.citations.history,firm:1930436,2009-12-01,2026-09-08T14:29:20Z,firm_key,MPP,,fda.citations.history,raw/fda.citations.history/2026/09/20260908T142920Z-be0b2d3069be.json.gz,1
fda.citations.history,firm:1930436,2009-12-01,2026-09-08T14:29:20Z,is_gmp,0,bool,fda.citations.history,raw/fda.citations.history/2026/09/20260908T142920Z-be0b2d3069be.json.gz,1
fda.citations.history,firm:1930436,2009-12-01,2026-09-08T14:29:20Z,is_gmp,1,bool,fda.citations.history,raw/fda.citations.history/2026/09/20260908T142920Z-be0b2d3069be.json.gz,1
fda.citations.history,firm:1930436,2009-12-01,2026-09-08T14:29:20Z,label,MPP PHARMA LLC,,fda.citations.history,raw/fda.citations.history/2026/09/20260908T142920Z-be0b2d3069be.json.gz,1
fda.citations.history,firm:1931473,2009-12-02,2026-09-08T14:29:20Z,cfr,21 CFR 211.142(b),,fda.citations.history,raw/fda.citations.history/2026/09/20260908T142920Z-be0b2d3069be.json.gz,1
fda.citations.history,firm:1931473,2009-12-02,2026-09-08T14:29:20Z,cfr_part,211,part,fda.citations.history,raw/fda.citations.history/2026/09/20260908T142920Z-be0b2d3069be.json.gz,1
fda.citations.history,firm:1931473,2009-12-02,2026-09-08T14:29:20Z,citation,1,count,fda.citations.history,raw/fda.citations.history/2026/09/20260908T142920Z-be0b2d3069be.json.gz,1
fda.citations.history,firm:1931473,2009-12-02,2026-09-08T14:29:20Z,citation_topic,Storage under appropriate conditions,,fda.citations.history,raw/fda.citations.history/2026/09/20260908T142920Z-be0b2d3069be.json.gz,1
fda.citations.history,firm:1931473,2009-12-02,2026-09-08T14:29:20Z,firm_key,HUVEPHARMA,,fda.citations.history,raw/fda.citations.history/2026/09/20260908T142920Z-be0b2d3069be.json.gz,1
fda.citations.history,firm:1931473,2009-12-02,2026-09-08T14:29:20Z,is_gmp,1,bool,fda.citations.history,raw/fda.citations.history/2026/09/20260908T142920Z-be0b2d3069be.json.gz,1
fda.citations.history,firm:1931473,2009-12-02,2026-09-08T14:29:20Z,label,Huvepharma Inc.,,fda.citations.history,raw/fda.citations.history/2026/09/20260908T142920Z-be0b2d3069be.json.gz,1
fda.citations.history,firm:1940861,2009-12-11,2026-09-08T14:29:20Z,cfr,21 CFR 211.150(b),,fda.citations.history,raw/fda.citations.history/2026/09/20260908T142920Z-be0b2d3069be.json.gz,1
fda.citations.history,firm:1940861,2009-12-11,2026-09-08T14:29:20Z,cfr,21 CFR 211.198(b),,fda.citations.history,raw/fda.citations.history/2026/09/20260908T142920Z-be0b2d3069be.json.gz,1
fda.citations.history,firm:1940861,2009-12-11,2026-09-08T14:29:20Z,cfr,21 CFR 211.25(a),,fda.citations.history,raw/fda.citations.history/2026/09/20260908T142920Z-be0b2d3069be.json.gz,1
fda.citations.history,firm:1940861,2009-12-11,2026-09-08T14:29:20Z,cfr_part,211,part,fda.citations.history,raw/fda.citations.history/2026/09/20260908T142920Z-be0b2d3069be.json.gz,1
fda.citations.history,firm:1940861,2009-12-11,2026-09-08T14:29:20Z,citation,1,count,fda.citations.history,raw/fda.citations.history/2026/09/20260908T142920Z-be0b2d3069be.json.gz,1
fda.citations.history,firm:1940861,2009-12-11,2026-09-08T14:29:20Z,citation_topic,GMP Training Frequency,,fda.citations.history,raw/fda.citations.history/2026/09/20260908T142920Z-be0b2d3069be.json.gz,1
fda.citations.history,firm:1940861,2009-12-11,2026-09-08T14:29:20Z,citation_topic,Maintenance of Complaint File,,fda.citations.history,raw/fda.citations.history/2026/09/20260908T142920Z-be0b2d3069be.json.gz,1
fda.citations.history,firm:1940861,2009-12-11,2026-09-08T14:29:20Z,citation_topic,Recall facilitation,,fda.citations.history,raw/fda.citations.history/2026/09/20260908T142920Z-be0b2d3069be.json.gz,1
fda.citations.history,firm:1940861,2009-12-11,2026-09-08T14:29:20Z,firm_key,MCKESSON,,fda.citations.history,raw/fda.citations.history/2026/09/20260908T142920Z-be0b2d3069be.json.gz,1
fda.citations.history,firm:1940861,2009-12-11,2026-09-08T14:29:20Z,is_gmp,1,bool,fda.citations.history,raw/fda.citations.history/2026/09/20260908T142920Z-be0b2d3069be.json.gz,1
fda.citations.history,firm:1940861,2009-12-11,2026-09-08T14:29:20Z,label,McKesson Corporation,,fda.citations.history,raw/fda.citations.history/2026/09/20260908T142920Z-be0b2d3069be.json.gz,1
fda.citations.history,firm:2026940,2009-12-30,2026-09-08T14:29:20Z,cfr,21 CFR 211.113(b),,fda.citations.history,raw/fda.citations.history/2026/09/20260908T142920Z-be0b2d3069be.json.gz,1
fda.citations.history,firm:2026940,2009-12-30,2026-09-08T14:29:20Z,cfr,21 CFR 211.160(a),,fda.citations.history,raw/fda.citations.history/2026/09/20260908T142920Z-be0b2d3069be.json.gz,1
fda.citations.history,firm:2026940,2009-12-30,2026-09-08T14:29:20Z,cfr,21 CFR 211.160(b)(4),,fda.citations.history,raw/fda.citations.history/2026/09/20260908T142920Z-be0b2d3069be.json.gz,1
fda.citations.history,firm:2026940,2009-12-30,2026-09-08T14:29:20Z,cfr,21 CFR 211.182,,fda.citations.history,raw/fda.citations.history/2026/09/20260908T142920Z-be0b2d3069be.json.gz,1
fda.citations.history,firm:2026940,2009-12-30,2026-09-08T14:29:20Z,cfr,21 CFR 211.192,,fda.citations.history,raw/fda.citations.history/2026/09/20260908T142920Z-be0b2d3069be.json.gz,1
fda.citations.history,firm:2026940,2009-12-30,2026-09-08T14:29:20Z,cfr,21 CFR 211.194(c),,fda.citations.history,raw/fda.citations.history/2026/09/20260908T142920Z-be0b2d3069be.json.gz,1
fda.citations.history,firm:2026940,2009-12-30,2026-09-08T14:29:20Z,cfr,21 CFR 211.42(c)(10)(iv),,fda.citations.history,raw/fda.citations.history/2026/09/20260908T142920Z-be0b2d3069be.json.gz,1
fda.citations.history,firm:2026940,2009-12-30,2026-09-08T14:29:20Z,cfr,21 CFR 211.63,,fda.citations.history,raw/fda.citations.history/2026/09/20260908T142920Z-be0b2d3069be.json.gz,1
fda.citations.history,firm:2026940,2009-12-30,2026-09-08T14:29:20Z,cfr_part,211,part,fda.citations.history,raw/fda.citations.history/2026/09/20260908T142920Z-be0b2d3069be.json.gz,1
fda.citations.history,firm:2026940,2009-12-30,2026-09-08T14:29:20Z,citation,1,count,fda.citations.history,raw/fda.citations.history/2026/09/20260908T142920Z-be0b2d3069be.json.gz,1
fda.citations.history,firm:2026940,2009-12-30,2026-09-08T14:29:20Z,citation_topic,Environmental Monitoring System,,fda.citations.history,raw/fda.citations.history/2026/09/20260908T142920Z-be0b2d3069be.json.gz,1
fda.citations.history,firm:2026940,2009-12-30,2026-09-08T14:29:20Z,citation_topic,"Equipment Design, Size and Location",,fda.citations.history,raw/fda.citations.history/2026/09/20260908T142920Z-be0b2d3069be.json.gz,1
fda.citations.history,firm:2026940,2009-12-30,2026-09-08T14:29:20Z,citation_topic,"Extent of discrepancy, failure  investigations",,fda.citations.history,raw/fda.citations.history/2026/09/20260908T142920Z-be0b2d3069be.json.gz,1
fda.citations.history,firm:2026940,2009-12-30,2026-09-08T14:29:20Z,citation_topic,"Lab controls established, including changes",,fda.citations.history,raw/fda.citations.history/2026/09/20260908T142920Z-be0b2d3069be.json.gz,1
fda.citations.history,firm:2026940,2009-12-30,2026-09-08T14:29:20Z,citation_topic,Testing and standardization of standards et. al.,,fda.citations.history,raw/fda.citations.history/2026/09/20260908T142920Z-be0b2d3069be.json.gz,1
fda.citations.history,firm:2026940,2009-12-30,2026-09-08T14:29:20Z,citation_topic,Validation lacking for sterile drug products,,fda.citations.history,raw/fda.citations.history/2026/09/20260908T142920Z-be0b2d3069be.json.gz,1
fda.citations.history,firm:2026940,2009-12-30,2026-09-08T14:29:20Z,citation_topic,Written calibration procedures,,fda.citations.history,raw/fda.citations.history/2026/09/20260908T142920Z-be0b2d3069be.json.gz,1
fda.citations.history,firm:2026940,2009-12-30,2026-09-08T14:29:20Z,citation_topic,Written record of investigation incomplete,,fda.citations.history,raw/fda.citations.history/2026/09/20260908T142920Z-be0b2d3069be.json.gz,1
fda.citations.history,firm:2026940,2009-12-30,2026-09-08T14:29:20Z,citation_topic,Written records kept in individual logs,,fda.citations.history,raw/fda.citations.history/2026/09/20260908T142920Z-be0b2d3069be.json.gz,1
fda.citations.history,firm:2026940,2009-12-30,2026-09-08T14:29:20Z,firm_key,K C,,fda.citations.history,raw/fda.citations.history/2026/09/20260908T142920Z-be0b2d3069be.json.gz,1
fda.citations.history,firm:2026940,2009-12-30,2026-09-08T14:29:20Z,is_gmp,1,bool,fda.citations.history,raw/fda.citations.history/2026/09/20260908T142920Z-be0b2d3069be.json.gz,1
fda.citations.history,firm:2026940,2009-12-30,2026-09-08T14:29:20Z,label,"K.C. Pharmaceuticals, Inc.",,fda.citations.history,raw/fda.citations.history/2026/09/20260908T142920Z-be0b2d3069be.json.gz,1
fda.citations.history,firm:2127870,2009-12-07,2026-09-08T14:29:20Z,cfr,21 CFR 211.113(b),,fda.citations.history,raw/fda.citations.history/2026/09/20260908T142920Z-be0b2d3069be.json.gz,1
fda.citations.history,firm:2127870,2009-12-07,2026-09-08T14:29:20Z,cfr,21 CFR 211.160(b),,fda.citations.history,raw/fda.citations.history/2026/09/20260908T142920Z-be0b2d3069be.json.gz,1
fda.citations.history,firm:2127870,2009-12-07,2026-09-08T14:29:20Z,cfr,21 CFR 211.166(a),,fda.citations.history,raw/fda.citations.history/2026/09/20260908T142920Z-be0b2d3069be.json.gz,1
fda.citations.history,firm:2127870,2009-12-07,2026-09-08T14:29:20Z,cfr,21 CFR 211.186(a),,fda.citations.history,raw/fda.citations.history/2026/09/20260908T142920Z-be0b2d3069be.json.gz,1
fda.citations.history,firm:2127870,2009-12-07,2026-09-08T14:29:20Z,cfr,21 CFR 211.198(a),,fda.citations.history,raw/fda.citations.history/2026/09/20260908T142920Z-be0b2d3069be.json.gz,1
fda.citations.history,firm:2127870,2009-12-07,2026-09-08T14:29:20Z,cfr,21 CFR 211.198(b)(2),,fda.citations.history,raw/fda.citations.history/2026/09/20260908T142920Z-be0b2d3069be.json.gz,1
fda.citations.history,firm:2127870,2009-12-07,2026-09-08T14:29:20Z,cfr,21 CFR 211.25(a),,fda.citations.history,raw/fda.citations.history/2026/09/20260908T142920Z-be0b2d3069be.json.gz,1
fda.citations.history,firm:2127870,2009-12-07,2026-09-08T14:29:20Z,cfr,21 CFR 211.84(d)(2),,fda.citations.history,raw/fda.citations.history/2026/09/20260908T142920Z-be0b2d3069be.json.gz,1
fda.citations.history,firm:2127870,2009-12-07,2026-09-08T14:29:20Z,cfr,21 CFR 211.84(d)(3),,fda.citations.history,raw/fda.citations.history/2026/09/20260908T142920Z-be0b2d3069be.json.gz,1
fda.citations.history,firm:2127870,2009-12-07,2026-09-08T14:29:20Z,cfr_part,211,part,fda.citations.history,raw/fda.citations.history/2026/09/20260908T142920Z-be0b2d3069be.json.gz,1
fda.citations.history,firm:2127870,2009-12-07,2026-09-08T14:29:20Z,citation,1,count,fda.citations.history,raw/fda.citations.history/2026/09/20260908T142920Z-be0b2d3069be.json.gz,1
fda.citations.history,firm:2127870,2009-12-07,2026-09-08T14:29:20Z,citation_topic,"Certificates of Testing (Containers, Closures)",,fda.citations.history,raw/fda.citations.history/2026/09/20260908T142920Z-be0b2d3069be.json.gz,1
fda.citations.history,firm:2127870,2009-12-07,2026-09-08T14:29:20Z,citation_topic,Complaint Investigation/Follow-Up Findings,,fda.citations.history,raw/fda.citations.history/2026/09/20260908T142920Z-be0b2d3069be.json.gz,1
fda.citations.history,firm:2127870,2009-12-07,2026-09-08T14:29:20Z,citation_topic,Complaints reviewed by Quality Control Unit,,fda.citations.history,raw/fda.citations.history/2026/09/20260908T142920Z-be0b2d3069be.json.gz,1
fda.citations.history,firm:2127870,2009-12-07,2026-09-08T14:29:20Z,citation_topic,Lack of written stability program,,fda.citations.history,raw/fda.citations.history/2026/09/20260908T142920Z-be0b2d3069be.json.gz,1
fda.citations.history,firm:2127870,2009-12-07,2026-09-08T14:29:20Z,citation_topic,Procedures to be written and followed,,fda.citations.history,raw/fda.citations.history/2026/09/20260908T142920Z-be0b2d3069be.json.gz,1
fda.citations.history,firm:2127870,2009-12-07,2026-09-08T14:29:20Z,citation_topic,Reports of Analysis (Components),,fda.citations.history,raw/fda.citations.history/2026/09/20260908T142920Z-be0b2d3069be.json.gz,1
fda.citations.history,firm:2127870,2009-12-07,2026-09-08T14:29:20Z,citation_topic,Scientifically sound laboratory controls,,fda.citations.history,raw/fda.citations.history/2026/09/20260908T142920Z-be0b2d3069be.json.gz,1
fda.citations.history,firm:2127870,2009-12-07,2026-09-08T14:29:20Z,citation_topic,Signature and checking of records -- 2 persons,,fda.citations.history,raw/fda.citations.history/2026/09/20260908T142920Z-be0b2d3069be.json.gz,1
fda.citations.history,firm:2127870,2009-12-07,2026-09-08T14:29:20Z,citation_topic,Testing Each Component for Conformity with Specs,,fda.citations.history,raw/fda.citations.history/2026/09/20260908T142920Z-be0b2d3069be.json.gz,1
fda.citations.history,firm:2127870,2009-12-07,2026-09-08T14:29:20Z,citation_topic,"Training--operations, GMPs, written procedures",,fda.citations.history,raw/fda.citations.history/2026/09/20260908T142920Z-be0b2d3069be.json.gz,1
fda.citations.history,firm:2127870,2009-12-07,2026-09-08T14:29:20Z,citation_topic,Validation lacking for sterile drug products,,fda.citations.history,raw/fda.citations.history/2026/09/20260908T142920Z-be0b2d3069be.json.gz,1
fda.citations.history,firm:2127870,2009-12-07,2026-09-08T14:29:20Z,firm_key,MARK ANDERSON AND ASSOCIATES,,fda.citations.history,raw/fda.citations.history/2026/09/20260908T142920Z-be0b2d3069be.json.gz,1
fda.citations.history,firm:2127870,2009-12-07,2026-09-08T14:29:20Z,is_gmp,1,bool,fda.citations.history,raw/fda.citations.history/2026/09/20260908T142920Z-be0b2d3069be.json.gz,1
fda.citations.history,firm:2127870,2009-12-07,2026-09-08T14:29:20Z,label,"Mark Anderson and Associates, Inc.",,fda.citations.history,raw/fda.citations.history/2026/09/20260908T142920Z-be0b2d3069be.json.gz,1
fda.citations.history,firm:2210679,2009-12-30,2026-09-08T14:29:20Z,cfr,21 CFR 211.105(b),,fda.citations.history,raw/fda.citations.history/2026/09/20260908T142920Z-be0b2d3069be.json.gz,1
fda.citations.history,firm:2210679,2009-12-30,2026-09-08T14:29:20Z,cfr,21 CFR 211.184(c),,fda.citations.history,raw/fda.citations.history/2026/09/20260908T142920Z-be0b2d3069be.json.gz,1
fda.citations.history,firm:2210679,2009-12-30,2026-09-08T14:29:20Z,cfr,21 CFR 211.186(b)(9),,fda.citations.history,raw/fda.citations.history/2026/09/20260908T142920Z-be0b2d3069be.json.gz,1
fda.citations.history,firm:2210679,2009-12-30,2026-09-08T14:29:20Z,cfr,21 CFR 211.192,,fda.citations.history,raw/fda.citations.history/2026/09/20260908T142920Z-be0b2d3069be.json.gz,1
fda.citations.history,firm:2210679,2009-12-30,2026-09-08T14:29:20Z,cfr,21 CFR 211.22(a),,fda.citations.history,raw/fda.citations.history/2026/09/20260908T142920Z-be0b2d3069be.json.gz,1
fda.citations.history,firm:2210679,2009-12-30,2026-09-08T14:29:20Z,cfr,21 CFR 211.63,,fda.citations.history,raw/fda.citations.history/2026/09/20260908T142920Z-be0b2d3069be.json.gz,1
fda.citations.history,firm:2210679,2009-12-30,2026-09-08T14:29:20Z,cfr,21 CFR 211.67(b),,fda.citations.history,raw/fda.citations.history/2026/09/20260908T142920Z-be0b2d3069be.json.gz,1
fda.citations.history,firm:2210679,2009-12-30,2026-09-08T14:29:20Z,cfr_part,211,part,fda.citations.history,raw/fda.citations.history/2026/09/20260908T142920Z-be0b2d3069be.json.gz,1
fda.citations.history,firm:2210679,2009-12-30,2026-09-08T14:29:20Z,citation,1,count,fda.citations.history,raw/fda.citations.history/2026/09/20260908T142920Z-be0b2d3069be.json.gz,1
fda.citations.history,firm:2210679,2009-12-30,2026-09-08T14:29:20Z,citation_topic,Distinctive ID or code not recorded in batch record,,fda.citations.history,raw/fda.citations.history/2026/09/20260908T142920Z-be0b2d3069be.json.gz,1
fda.citations.history,firm:2210679,2009-12-30,2026-09-08T14:29:20Z,citation_topic,"Equipment Design, Size and Location",,fda.citations.history,raw/fda.citations.history/2026/09/20260908T142920Z-be0b2d3069be.json.gz,1
fda.citations.history,firm:2210679,2009-12-30,2026-09-08T14:29:20Z,citation_topic,Individual inventory record,,fda.citations.history,raw/fda.citations.history/2026/09/20260908T142920Z-be0b2d3069be.json.gz,1
fda.citations.history,firm:2210679,2009-12-30,2026-09-08T14:29:20Z,citation_topic,"Investigations of discrepancies, failures",,fda.citations.history,raw/fda.citations.history/2026/09/20260908T142920Z-be0b2d3069be.json.gz,1
fda.citations.history,firm:2210679,2009-12-30,2026-09-08T14:29:20Z,citation_topic,Lack of quality control unit,,fda.citations.history,raw/fda.citations.history/2026/09/20260908T142920Z-be0b2d3069be.json.gz,1
fda.citations.history,firm:2210679,2009-12-30,2026-09-08T14:29:20Z,citation_topic,Manufacturing Instructions and Specifications,,fda.citations.history,raw/fda.citations.history/2026/09/20260908T142920Z-be0b2d3069be.json.gz,1
fda.citations.history,firm:2210679,2009-12-30,2026-09-08T14:29:20Z,citation_topic,Written procedures fail to include,,fda.citations.history,raw/fda.citations.history/2026/09/20260908T142920Z-be0b2d3069be.json.gz,1
fda.citations.history,firm:2210679,2009-12-30,2026-09-08T14:29:20Z,firm_key,UNETTE,,fda.citations.history,raw/fda.citations.history/2026/09/20260908T142920Z-be0b2d3069be.json.gz,1
fda.citations.history,firm:2210679,2009-12-30,2026-09-08T14:29:20Z,is_gmp,1,bool,fda.citations.history,raw/fda.citations.history/2026/09/20260908T142920Z-be0b2d3069be.json.gz,1
fda.citations.history,firm:2210679,2009-12-30,2026-09-08T14:29:20Z,label,Unette Corp,,fda.citations.history,raw/fda.citations.history/2026/09/20260908T142920Z-be0b2d3069be.json.gz,1
fda.citations.history,firm:2315925,2009-12-14,2026-09-08T14:29:20Z,cfr,21 CFR 211.110(a),,fda.citations.history,raw/fda.citations.history/2026/09/20260908T142920Z-be0b2d3069be.json.gz,1
fda.citations.history,firm:2315925,2009-12-14,2026-09-08T14:29:20Z,cfr,21 CFR 211.160(a),,fda.citations.history,raw/fda.citations.history/2026/09/20260908T142920Z-be0b2d3069be.json.gz,1
fda.citations.history,firm:2315925,2009-12-14,2026-09-08T14:29:20Z,cfr,21 CFR 211.160(b),,fda.citations.history,raw/fda.citations.history/2026/09/20260908T142920Z-be0b2d3069be.json.gz,1
fda.citations.history,firm:2315925,2009-12-14,2026-09-08T14:29:20Z,cfr,21 CFR 211.165(e),,fda.citations.history,raw/fda.citations.history/2026/09/20260908T142920Z-be0b2d3069be.json.gz,1
fda.citations.history,firm:2315925,2009-12-14,2026-09-08T14:29:20Z,cfr,21 CFR 211.194(a)(7),,fda.citations.history,raw/fda.citations.history/2026/09/20260908T142920Z-be0b2d3069be.json.gz,1
fda.citations.history,firm:2315925,2009-12-14,2026-09-08T14:29:20Z,cfr,21 CFR 211.198(a),,fda.citations.history,raw/fda.citations.history/2026/09/20260908T142920Z-be0b2d3069be.json.gz,1
fda.citations.history,firm:2315925,2009-12-14,2026-09-08T14:29:20Z,cfr,21 CFR 211.22(c),,fda.citations.history,raw/fda.citations.history/2026/09/20260908T142920Z-be0b2d3069be.json.gz,1
fda.citations.history,firm:2315925,2009-12-14,2026-09-08T14:29:20Z,cfr,21 CFR 211.84(d)(2),,fda.citations.history,raw/fda.citations.history/2026/09/20260908T142920Z-be0b2d3069be.json.gz,1
fda.citations.history,firm:2315925,2009-12-14,2026-09-08T14:29:20Z,cfr_part,211,part,fda.citations.history,raw/fda.citations.history/2026/09/20260908T142920Z-be0b2d3069be.json.gz,1
fda.citations.history,firm:2315925,2009-12-14,2026-09-08T14:29:20Z,citation,1,count,fda.citations.history,raw/fda.citations.history/2026/09/20260908T142920Z-be0b2d3069be.json.gz,1
fda.citations.history,firm:2315925,2009-12-14,2026-09-08T14:29:20Z,citation_topic,Approve or reject procedures or specs,,fda.citations.history,raw/fda.citations.history/2026/09/20260908T142920Z-be0b2d3069be.json.gz,1
fda.citations.history,firm:2315925,2009-12-14,2026-09-08T14:29:20Z,citation_topic,Complaints reviewed by Quality Control Unit,,fda.citations.history,raw/fda.citations.history/2026/09/20260908T142920Z-be0b2d3069be.json.gz,1
fda.citations.history,firm:2315925,2009-12-14,2026-09-08T14:29:20Z,citation_topic,Control procedures to monitor and validate performance,,fda.citations.history,raw/fda.citations.history/2026/09/20260908T142920Z-be0b2d3069be.json.gz,1
fda.citations.history,firm:2315925,2009-12-14,2026-09-08T14:29:20Z,citation_topic,Following/documenting laboratory controls,,fda.citations.history,raw/fda.citations.history/2026/09/20260908T142920Z-be0b2d3069be.json.gz,1
fda.citations.history,firm:2315925,2009-12-14,2026-09-08T14:29:20Z,citation_topic,Reports of Analysis (Components),,fda.citations.history,raw/fda.citations.history/2026/09/20260908T142920Z-be0b2d3069be.json.gz,1
fda.citations.history,firm:2315925,2009-12-14,2026-09-08T14:29:20Z,citation_topic,Scientifically sound laboratory controls,,fda.citations.history,raw/fda.citations.history/2026/09/20260908T142920Z-be0b2d3069be.json.gz,1
fda.citations.history,firm:2315925,2009-12-14,2026-09-08T14:29:20Z,citation_topic,Signatures and dates--person who performs test,,fda.citations.history,raw/fda.citations.history/2026/09/20260908T142920Z-be0b2d3069be.json.gz,1
fda.citations.history,firm:2315925,2009-12-14,2026-09-08T14:29:20Z,citation_topic,Test methods,,fda.citations.history,raw/fda.citations.history/2026/09/20260908T142920Z-be0b2d3069be.json.gz,1
fda.citations.history,firm:2315925,2009-12-14,2026-09-08T14:29:20Z,firm_key,L OREAL USA,,fda.citations.history,raw/fda.citations.history/2026/09/20260908T142920Z-be0b2d3069be.json.gz,1
fda.citations.history,firm:2315925,2009-12-14,2026-09-08T14:29:20Z,is_gmp,1,bool,fda.citations.history,raw/fda.citations.history/2026/09/20260908T142920Z-be0b2d3069be.json.gz,1
fda.citations.history,firm:2315925,2009-12-14,2026-09-08T14:29:20Z,label,"L'OREAL USA, INC.",,fda.citations.history,raw/fda.citations.history/2026/09/20260908T142920Z-be0b2d3069be.json.gz,1
fda.citations.history,firm:2432734,2009-12-23,2026-09-08T14:29:20Z,cfr,21 CFR 211.160(b)(4),,fda.citations.history,raw/fda.citations.history/2026/09/20260908T142920Z-be0b2d3069be.json.gz,1
fda.citations.history,firm:2432734,2009-12-23,2026-09-08T14:29:20Z,cfr,21 CFR 211.28(a),,fda.citations.history,raw/fda.citations.history/2026/09/20260908T142920Z-be0b2d3069be.json.gz,1
fda.citations.history,firm:2432734,2009-12-23,2026-09-08T14:29:20Z,cfr_part,211,part,fda.citations.history,raw/fda.citations.history/2026/09/20260908T142920Z-be0b2d3069be.json.gz,1
fda.citations.history,firm:2432734,2009-12-23,2026-09-08T14:29:20Z,citation,1,count,fda.citations.history,raw/fda.citations.history/2026/09/20260908T142920Z-be0b2d3069be.json.gz,1
fda.citations.history,firm:2432734,2009-12-23,2026-09-08T14:29:20Z,citation_topic,Clothing appropriate for duties performed,,fda.citations.history,raw/fda.citations.history/2026/09/20260908T142920Z-be0b2d3069be.json.gz,1
fda.citations.history,firm:2432734,2009-12-23,2026-09-08T14:29:20Z,citation_topic,Establishment of calibration procedures,,fda.citations.history,raw/fda.citations.history/2026/09/20260908T142920Z-be0b2d3069be.json.gz,1
fda.citations.history,firm:2432734,2009-12-23,2026-09-08T14:29:20Z,firm_key,TOPIDERM,,fda.citations.history,raw/fda.citations.history/2026/09/20260908T142920Z-be0b2d3069be.json.gz,1
fda.citations.history,firm:2432734,2009-12-23,2026-09-08T14:29:20Z,is_gmp,1,bool,fda.citations.history,raw/fda.citations.history/2026/09/20260908T142920Z-be0b2d3069be.json.gz,1
fda.citations.history,firm:2432734,2009-12-23,2026-09-08T14:29:20Z,label,Topiderm Inc.,,fda.citations.history,raw/fda.citations.history/2026/09/20260908T142920Z-be0b2d3069be.json.gz,1
fda.citations.history,firm:2433247,2009-12-03,2026-09-08T14:29:20Z,cfr,21 CFR 211.110(a),,fda.citations.history,raw/fda.citations.history/2026/09/20260908T142920Z-be0b2d3069be.json.gz,1
fda.citations.history,firm:2433247,2009-12-03,2026-09-08T14:29:20Z,cfr,21 CFR 211.160(b),,fda.citations.history,raw/fda.citations.history/2026/09/20260908T142920Z-be0b2d3069be.json.gz,1
fda.citations.history,firm:2433247,2009-12-03,2026-09-08T14:29:20Z,cfr,21 CFR 211.160(b)(1),,fda.citations.history,raw/fda.citations.history/2026/09/20260908T142920Z-be0b2d3069be.json.gz,1
fda.citations.history,firm:2433247,2009-12-03,2026-09-08T14:29:20Z,cfr,21 CFR 211.160(b)(3),,fda.citations.history,raw/fda.citations.history/2026/09/20260908T142920Z-be0b2d3069be.json.gz,1
fda.citations.history,firm:2433247,2009-12-03,2026-09-08T14:29:20Z,cfr,21 CFR 211.165(a),,fda.citations.history,raw/fda.citations.history/2026/09/20260908T142920Z-be0b2d3069be.json.gz,1
fda.citations.history,firm:2433247,2009-12-03,2026-09-08T14:29:20Z,cfr,21 CFR 211.165(e),,fda.citations.history,raw/fda.citations.history/2026/09/20260908T142920Z-be0b2d3069be.json.gz,1
fda.citations.history,firm:2433247,2009-12-03,2026-09-08T14:29:20Z,cfr,21 CFR 211.188,,fda.citations.history,raw/fda.citations.history/2026/09/20260908T142920Z-be0b2d3069be.json.gz,1
fda.citations.history,firm:2433247,2009-12-03,2026-09-08T14:29:20Z,cfr,21 CFR 211.67(a),,fda.citations.history,raw/fda.citations.history/2026/09/20260908T142920Z-be0b2d3069be.json.gz,1
fda.citations.history,firm:2433247,2009-12-03,2026-09-08T14:29:20Z,cfr,21 CFR 211.84(d)(2),,fda.citations.history,raw/fda.citations.history/2026/09/20260908T142920Z-be0b2d3069be.json.gz,1
fda.citations.history,firm:2433247,2009-12-03,2026-09-08T14:29:20Z,cfr_part,211,part,fda.citations.history,raw/fda.citations.history/2026/09/20260908T142920Z-be0b2d3069be.json.gz,1
fda.citations.history,firm:2433247,2009-12-03,2026-09-08T14:29:20Z,citation,1,count,fda.citations.history,raw/fda.citations.history/2026/09/20260908T142920Z-be0b2d3069be.json.gz,1
fda.citations.history,firm:2433247,2009-12-03,2026-09-08T14:29:20Z,citation_topic,Cleaning / Sanitizing / Maintenance,,fda.citations.history,raw/fda.citations.history/2026/09/20260908T142920Z-be0b2d3069be.json.gz,1
fda.citations.history,firm:2433247,2009-12-03,2026-09-08T14:29:20Z,citation_topic,Control procedures to monitor and validate performance,,fda.citations.history,raw/fda.citations.history/2026/09/20260908T142920Z-be0b2d3069be.json.gz,1
fda.citations.history,firm:2433247,2009-12-03,2026-09-08T14:29:20Z,citation_topic,Drug products-sampling procedures/specifications,,fda.citations.history,raw/fda.citations.history/2026/09/20260908T142920Z-be0b2d3069be.json.gz,1
fda.citations.history,firm:2433247,2009-12-03,2026-09-08T14:29:20Z,citation_topic,Incoming lots - conformance to written specs-,,fda.citations.history,raw/fda.citations.history/2026/09/20260908T142920Z-be0b2d3069be.json.gz,1
fda.citations.history,firm:2433247,2009-12-03,2026-09-08T14:29:20Z,citation_topic,"Prepared for each batch, include complete information",,fda.citations.history,raw/fda.citations.history/2026/09/20260908T142920Z-be0b2d3069be.json.gz,1
fda.citations.history,firm:2433247,2009-12-03,2026-09-08T14:29:20Z,citation_topic,Reports of Analysis (Components),,fda.citations.history,raw/fda.citations.history/2026/09/20260908T142920Z-be0b2d3069be.json.gz,1
fda.citations.history,firm:2433247,2009-12-03,2026-09-08T14:29:20Z,citation_topic,Scientifically sound laboratory controls,,fda.citations.history,raw/fda.citations.history/2026/09/20260908T142920Z-be0b2d3069be.json.gz,1
fda.citations.history,firm:2433247,2009-12-03,2026-09-08T14:29:20Z,citation_topic,Test methods,,fda.citations.history,raw/fda.citations.history/2026/09/20260908T142920Z-be0b2d3069be.json.gz,1
fda.citations.history,firm:2433247,2009-12-03,2026-09-08T14:29:20Z,citation_topic,Testing and release for distribution,,fda.citations.history,raw/fda.citations.history/2026/09/20260908T142920Z-be0b2d3069be.json.gz,1
fda.citations.history,firm:2433247,2009-12-03,2026-09-08T14:29:20Z,firm_key,CHARTWELL AMITYVILLE,,fda.citations.history,raw/fda.citations.history/2026/09/20260908T142920Z-be0b2d3069be.json.gz,1
fda.citations.history,firm:2433247,2009-12-03,2026-09-08T14:29:20Z,is_gmp,1,bool,fda.citations.history,raw/fda.citations.history/2026/09/20260908T142920Z-be0b2d3069be.json.gz,1
fda.citations.history,firm:2433247,2009-12-03,2026-09-08T14:29:20Z,label,"Chartwell Pharmaceuticals Amityville, LLC",,fda.citations.history,raw/fda.citations.history/2026/09/20260908T142920Z-be0b2d3069be.json.gz,1
fda.citations.history,firm:2433753,2009-12-14,2026-09-08T14:29:20Z,cfr,21 CFR 211.100(b),,fda.citations.history,raw/fda.citations.history/2026/09/20260908T142920Z-be0b2d3069be.json.gz,1
fda.citations.history,firm:2433753,2009-12-14,2026-09-08T14:29:20Z,cfr,21 CFR 211.115(b),,fda.citations.history,raw/fda.citations.history/2026/09/20260908T142920Z-be0b2d3069be.json.gz,1
fda.citations.history,firm:2433753,2009-12-14,2026-09-08T14:29:20Z,cfr,21 CFR 211.165(a),,fda.citations.history,raw/fda.citations.history/2026/09/20260908T142920Z-be0b2d3069be.json.gz,1
fda.citations.history,firm:2433753,2009-12-14,2026-09-08T14:29:20Z,cfr,21 CFR 211.52,,fda.citations.history,raw/fda.citations.history/2026/09/20260908T142920Z-be0b2d3069be.json.gz,1
fda.citations.history,firm:2433753,2009-12-14,2026-09-08T14:29:20Z,cfr_part,211,part,fda.citations.history,raw/fda.citations.history/2026/09/20260908T142920Z-be0b2d3069be.json.gz,1
fda.citations.history,firm:2433753,2009-12-14,2026-09-08T14:29:20Z,citation,1,count,fda.citations.history,raw/fda.citations.history/2026/09/20260908T142920Z-be0b2d3069be.json.gz,1
fda.citations.history,firm:2433753,2009-12-14,2026-09-08T14:29:20Z,citation_topic,Reprocessing/quality control unit,,fda.citations.history,raw/fda.citations.history/2026/09/20260908T142920Z-be0b2d3069be.json.gz,1
fda.citations.history,firm:2433753,2009-12-14,2026-09-08T14:29:20Z,citation_topic,SOPs not followed / documented,,fda.citations.history,raw/fda.citations.history/2026/09/20260908T142920Z-be0b2d3069be.json.gz,1
fda.citations.history,firm:2433753,2009-12-14,2026-09-08T14:29:20Z,citation_topic,Testing and release for distribution,,fda.citations.history,raw/fda.citations.history/2026/09/20260908T142920Z-be0b2d3069be.json.gz,1
fda.citations.history,firm:2433753,2009-12-14,2026-09-08T14:29:20Z,citation_topic,Washing and toilet facilities not provided and accessible,,fda.citations.history,raw/fda.citations.history/2026/09/20260908T142920Z-be0b2d3069be.json.gz,1
fda.citations.history,firm:2433753,2009-12-14,2026-09-08T14:29:20Z,firm_key,GERITREX,,fda.citations.history,raw/fda.citations.history/2026/09/20260908T142920Z-be0b2d3069be.json.gz,1
fda.citations.history,firm:2433753,2009-12-14,2026-09-08T14:29:20Z,is_gmp,1,bool,fda.citations.history,raw/fda.citations.history/2026/09/20260908T142920Z-be0b2d3069be.json.gz,1
fda.citations.history,firm:2433753,2009-12-14,2026-09-08T14:29:20Z,label,Geritrex Corporation,,fda.citations.history,raw/fda.citations.history/2026/09/20260908T142920Z-be0b2d3069be.json.gz,1
fda.citations.history,firm:2619635,2009-12-29,2026-09-08T14:29:20Z,cfr,21 CFR 211.111,,fda.citations.history,raw/fda.citations.history/2026/09/20260908T142920Z-be0b2d3069be.json.gz,1
fda.citations.history,firm:2619635,2009-12-29,2026-09-08T14:29:20Z,cfr,21 CFR 211.113(a),,fda.citations.history,raw/fda.citations.history/2026/09/20260908T142920Z-be0b2d3069be.json.gz,1
fda.citations.history,firm:2619635,2009-12-29,2026-09-08T14:29:20Z,cfr,21 CFR 211.166(a),,fda.citations.history,raw/fda.citations.history/2026/09/20260908T142920Z-be0b2d3069be.json.gz,1
fda.citations.history,firm:2619635,2009-12-29,2026-09-08T14:29:20Z,cfr_part,211,part,fda.citations.history,raw/fda.citations.history/2026/09/20260908T142920Z-be0b2d3069be.json.gz,1
fda.citations.history,firm:2619635,2009-12-29,2026-09-08T14:29:20Z,citation,1,count,fda.citations.history,raw/fda.citations.history/2026/09/20260908T142920Z-be0b2d3069be.json.gz,1
fda.citations.history,firm:2619635,2009-12-29,2026-09-08T14:29:20Z,citation_topic,Establishment of time limitations,,fda.citations.history,raw/fda.citations.history/2026/09/20260908T142920Z-be0b2d3069be.json.gz,1
fda.citations.history,firm:2619635,2009-12-29,2026-09-08T14:29:20Z,citation_topic,Procedures for non-sterile drug products,,fda.citations.history,raw/fda.citations.history/2026/09/20260908T142920Z-be0b2d3069be.json.gz,1
fda.citations.history,firm:2619635,2009-12-29,2026-09-08T14:29:20Z,citation_topic,"Results not used for expiration dates, storage cond.",,fda.citations.history,raw/fda.citations.history/2026/09/20260908T142920Z-be0b2d3069be.json.gz,1
fda.citations.history,firm:2619635,2009-12-29,2026-09-08T14:29:20Z,firm_key,TEVA PUERTO RICO,,fda.citations.history,raw/fda.citations.history/2026/09/20260908T142920Z-be0b2d3069be.json.gz,1
fda.citations.history,firm:2619635,2009-12-29,2026-09-08T14:29:20Z,is_gmp,1,bool,fda.citations.history,raw/fda.citations.history/2026/09/20260908T142920Z-be0b2d3069be.json.gz,1
fda.citations.history,firm:2619635,2009-12-29,2026-09-08T14:29:20Z,label,Teva Puerto Rico LLC,,fda.citations.history,raw/fda.citations.history/2026/09/20260908T142920Z-be0b2d3069be.json.gz,1
fda.citations.history,firm:3001245293,2009-12-11,2026-09-08T14:29:20Z,cfr,21 CFR 211.165(e),,fda.citations.history,raw/fda.citations.history/2026/09/20260908T142920Z-be0b2d3069be.json.gz,1
fda.citations.history,firm:3001245293,2009-12-11,2026-09-08T14:29:20Z,cfr,21 CFR 211.63,,fda.citations.history,raw/fda.citations.history/2026/09/20260908T142920Z-be0b2d3069be.json.gz,1
fda.citations.history,firm:3001245293,2009-12-11,2026-09-08T14:29:20Z,cfr_part,211,part,fda.citations.history,raw/fda.citations.history/2026/09/20260908T142920Z-be0b2d3069be.json.gz,1
fda.citations.history,firm:3001245293,2009-12-11,2026-09-08T14:29:20Z,citation,1,count,fda.citations.history,raw/fda.citations.history/2026/09/20260908T142920Z-be0b2d3069be.json.gz,1
fda.citations.history,firm:3001245293,2009-12-11,2026-09-08T14:29:20Z,citation_topic,"Equipment Design, Size and Location",,fda.citations.history,raw/fda.citations.history/2026/09/20260908T142920Z-be0b2d3069be.json.gz,1
fda.citations.history,firm:3001245293,2009-12-11,2026-09-08T14:29:20Z,citation_topic,Test methods,,fda.citations.history,raw/fda.citations.history/2026/09/20260908T142920Z-be0b2d3069be.json.gz,1
fda.citations.history,firm:3001245293,2009-12-11,2026-09-08T14:29:20Z,firm_key,BOEHRINGER INGELHEIM ANIMAL HEALTH FRANCE,,fda.citations.history,raw/fda.citations.history/2026/09/20260908T142920Z-be0b2d3069be.json.gz,1
fda.citations.history,firm:3001245293,2009-12-11,2026-09-08T14:29:20Z,is_gmp,1,bool,fda.citations.history,raw/fda.citations.history/2026/09/20260908T142920Z-be0b2d3069be.json.gz,1
fda.citations.history,firm:3001245293,2009-12-11,2026-09-08T14:29:20Z,label,Boehringer Ingelheim Animal Health France,,fda.citations.history,raw/fda.citations.history/2026/09/20260908T142920Z-be0b2d3069be.json.gz,1
fda.citations.history,firm:3001451793,2009-12-09,2026-09-08T14:29:20Z,cfr,21 CFR 211.100(a),,fda.citations.history,raw/fda.citations.history/2026/09/20260908T142920Z-be0b2d3069be.json.gz,1
fda.citations.history,firm:3001451793,2009-12-09,2026-09-08T14:29:20Z,cfr,21 CFR 211.105(b),,fda.citations.history,raw/fda.citations.history/2026/09/20260908T142920Z-be0b2d3069be.json.gz,1
fda.citations.history,firm:3001451793,2009-12-09,2026-09-08T14:29:20Z,cfr,21 CFR 211.125(f),,fda.citations.history,raw/fda.citations.history/2026/09/20260908T142920Z-be0b2d3069be.json.gz,1
fda.citations.history,firm:3001451793,2009-12-09,2026-09-08T14:29:20Z,cfr,21 CFR 211.166(a),,fda.citations.history,raw/fda.citations.history/2026/09/20260908T142920Z-be0b2d3069be.json.gz,1
fda.citations.history,firm:3001451793,2009-12-09,2026-09-08T14:29:20Z,cfr,21 CFR 211.180(e)(1),,fda.citations.history,raw/fda.citations.history/2026/09/20260908T142920Z-be0b2d3069be.json.gz,1
fda.citations.history,firm:3001451793,2009-12-09,2026-09-08T14:29:20Z,cfr,21 CFR 211.186(b)(7),,fda.citations.history,raw/fda.citations.history/2026/09/20260908T142920Z-be0b2d3069be.json.gz,1
fda.citations.history,firm:3001451793,2009-12-09,2026-09-08T14:29:20Z,cfr,21 CFR 211.186(b)(8),,fda.citations.history,raw/fda.citations.history/2026/09/20260908T142920Z-be0b2d3069be.json.gz,1
fda.citations.history,firm:3001451793,2009-12-09,2026-09-08T14:29:20Z,cfr,21 CFR 211.186(b)(9),,fda.citations.history,raw/fda.citations.history/2026/09/20260908T142920Z-be0b2d3069be.json.gz,1
fda.citations.history,firm:3001451793,2009-12-09,2026-09-08T14:29:20Z,cfr,21 CFR 211.188,,fda.citations.history,raw/fda.citations.history/2026/09/20260908T142920Z-be0b2d3069be.json.gz,1
fda.citations.history,firm:3001451793,2009-12-09,2026-09-08T14:29:20Z,cfr,21 CFR 211.188(b)(8),,fda.citations.history,raw/fda.citations.history/2026/09/20260908T142920Z-be0b2d3069be.json.gz,1
fda.citations.history,firm:3001451793,2009-12-09,2026-09-08T14:29:20Z,cfr,21 CFR 211.25(b),,fda.citations.history,raw/fda.citations.history/2026/09/20260908T142920Z-be0b2d3069be.json.gz,1
fda.citations.history,firm:3001451793,2009-12-09,2026-09-08T14:29:20Z,cfr,21 CFR 211.25(c),,fda.citations.history,raw/fda.citations.history/2026/09/20260908T142920Z-be0b2d3069be.json.gz,1
fda.citations.history,firm:3001451793,2009-12-09,2026-09-08T14:29:20Z,cfr,21 CFR 211.63,,fda.citations.history,raw/fda.citations.history/2026/09/20260908T142920Z-be0b2d3069be.json.gz,1
fda.citations.history,firm:3001451793,2009-12-09,2026-09-08T14:29:20Z,cfr,21 CFR 211.67(b),,fda.citations.history,raw/fda.citations.history/2026/09/20260908T142920Z-be0b2d3069be.json.gz,1
fda.citations.history,firm:3001451793,2009-12-09,2026-09-08T14:29:20Z,cfr,21 CFR 211.67(c),,fda.citations.history,raw/fda.citations.history/2026/09/20260908T142920Z-be0b2d3069be.json.gz,1
fda.citations.history,firm:3001451793,2009-12-09,2026-09-08T14:29:20Z,cfr,21 CFR 211.68(a),,fda.citations.history,raw/fda.citations.history/2026/09/20260908T142920Z-be0b2d3069be.json.gz,1
fda.citations.history,firm:3001451793,2009-12-09,2026-09-08T14:29:20Z,cfr,21 CFR 211.80(a),,fda.citations.history,raw/fda.citations.history/2026/09/20260908T142920Z-be0b2d3069be.json.gz,1
fda.citations.history,firm:3001451793,2009-12-09,2026-09-08T14:29:20Z,cfr,21 CFR 211.80(b),,fda.citations.history,raw/fda.citations.history/2026/09/20260908T142920Z-be0b2d3069be.json.gz,1
fda.citations.history,firm:3001451793,2009-12-09,2026-09-08T14:29:20Z,cfr,21 CFR 211.80(d),,fda.citations.history,raw/fda.citations.history/2026/09/20260908T142920Z-be0b2d3069be.json.gz,1
fda.citations.history,firm:3001451793,2009-12-09,2026-09-08T14:29:20Z,cfr,21 CFR 211.82(b),,fda.citations.history,raw/fda.citations.history/2026/09/20260908T142920Z-be0b2d3069be.json.gz,1
fda.citations.history,firm:3001451793,2009-12-09,2026-09-08T14:29:20Z,cfr,21 CFR 211.84(d)(2),,fda.citations.history,raw/fda.citations.history/2026/09/20260908T142920Z-be0b2d3069be.json.gz,1
fda.citations.history,firm:3001451793,2009-12-09,2026-09-08T14:29:20Z,cfr,21 CFR 211.89,,fda.citations.history,raw/fda.citations.history/2026/09/20260908T142920Z-be0b2d3069be.json.gz,1
fda.citations.history,firm:3001451793,2009-12-09,2026-09-08T14:29:20Z,cfr_part,211,part,fda.citations.history,raw/fda.citations.history/2026/09/20260908T142920Z-be0b2d3069be.json.gz,1
fda.citations.history,firm:3001451793,2009-12-09,2026-09-08T14:29:20Z,citation,1,count,fda.citations.history,raw/fda.citations.history/2026/09/20260908T142920Z-be0b2d3069be.json.gz,1
fda.citations.history,firm:3001451793,2009-12-09,2026-09-08T14:29:20Z,citation_topic,Absence of Written Procedures,,fda.citations.history,raw/fda.citations.history/2026/09/20260908T142920Z-be0b2d3069be.json.gz,1
fda.citations.history,firm:3001451793,2009-12-09,2026-09-08T14:29:20Z,citation_topic,Calibration/Inspection/Checking not done,,fda.citations.history,raw/fda.citations.history/2026/09/20260908T142920Z-be0b2d3069be.json.gz,1
fda.citations.history,firm:3001451793,2009-12-09,2026-09-08T14:29:20Z,citation_topic,"Changes to Procedures Not Reviewed, Approved",,fda.citations.history,raw/fda.citations.history/2026/09/20260908T142920Z-be0b2d3069be.json.gz,1
fda.citations.history,firm:3001451793,2009-12-09,2026-09-08T14:29:20Z,citation_topic,Cleaning/maintenance records not kept,,fda.citations.history,raw/fda.citations.history/2026/09/20260908T142920Z-be0b2d3069be.json.gz,1
fda.citations.history,firm:3001451793,2009-12-09,2026-09-08T14:29:20Z,citation_topic,"Description of containers, labels, et. al.",,fda.citations.history,raw/fda.citations.history/2026/09/20260908T142920Z-be0b2d3069be.json.gz,1
fda.citations.history,firm:3001451793,2009-12-09,2026-09-08T14:29:20Z,citation_topic,Distinctive ID or code not recorded in batch record,,fda.citations.history,raw/fda.citations.history/2026/09/20260908T142920Z-be0b2d3069be.json.gz,1
fda.citations.history,firm:3001451793,2009-12-09,2026-09-08T14:29:20Z,citation_topic,"Equipment Design, Size and Location",,fda.citations.history,raw/fda.citations.history/2026/09/20260908T142920Z-be0b2d3069be.json.gz,1
fda.citations.history,firm:3001451793,2009-12-09,2026-09-08T14:29:20Z,citation_topic,Establish reliability of supplier's C of A,,fda.citations.history,raw/fda.citations.history/2026/09/20260908T142920Z-be0b2d3069be.json.gz,1
fda.citations.history,firm:3001451793,2009-12-09,2026-09-08T14:29:20Z,citation_topic,Handling and Storage to Prevent Contamination,,fda.citations.history,raw/fda.citations.history/2026/09/20260908T142920Z-be0b2d3069be.json.gz,1
fda.citations.history,firm:3001451793,2009-12-09,2026-09-08T14:29:20Z,citation_topic,Inadequate number of  personnel,,fda.citations.history,raw/fda.citations.history/2026/09/20260908T142920Z-be0b2d3069be.json.gz,1
fda.citations.history,firm:3001451793,2009-12-09,2026-09-08T14:29:20Z,citation_topic,Labeling control records including specimens or copies,,fda.citations.history,raw/fda.citations.history/2026/09/20260908T142920Z-be0b2d3069be.json.gz,1
fda.citations.history,firm:3001451793,2009-12-09,2026-09-08T14:29:20Z,citation_topic,Manufacturing Instructions and Specifications,,fda.citations.history,raw/fda.citations.history/2026/09/20260908T142920Z-be0b2d3069be.json.gz,1
fda.citations.history,firm:3001451793,2009-12-09,2026-09-08T14:29:20Z,citation_topic,"Prepared for each batch, include complete information",,fda.citations.history,raw/fda.citations.history/2026/09/20260908T142920Z-be0b2d3069be.json.gz,1
fda.citations.history,firm:3001451793,2009-12-09,2026-09-08T14:29:20Z,citation_topic,Procedures Written and Followed,,fda.citations.history,raw/fda.citations.history/2026/09/20260908T142920Z-be0b2d3069be.json.gz,1
fda.citations.history,firm:3001451793,2009-12-09,2026-09-08T14:29:20Z,citation_topic,Quarantine Storage of Components,,fda.citations.history,raw/fda.citations.history/2026/09/20260908T142920Z-be0b2d3069be.json.gz,1
fda.citations.history,firm:3001451793,2009-12-09,2026-09-08T14:29:20Z,citation_topic,Quarantine of Rejected Components et. al.,,fda.citations.history,raw/fda.citations.history/2026/09/20260908T142920Z-be0b2d3069be.json.gz,1
fda.citations.history,firm:3001451793,2009-12-09,2026-09-08T14:29:20Z,citation_topic,Review of representative number of batches,,fda.citations.history,raw/fda.citations.history/2026/09/20260908T142920Z-be0b2d3069be.json.gz,1
fda.citations.history,firm:3001451793,2009-12-09,2026-09-08T14:29:20Z,citation_topic,Status of Each Lot Identified,,fda.citations.history,raw/fda.citations.history/2026/09/20260908T142920Z-be0b2d3069be.json.gz,1
fda.citations.history,firm:3001451793,2009-12-09,2026-09-08T14:29:20Z,citation_topic,Supervisor Training/Education/Experience,,fda.citations.history,raw/fda.citations.history/2026/09/20260908T142920Z-be0b2d3069be.json.gz,1
fda.citations.history,firm:3001451793,2009-12-09,2026-09-08T14:29:20Z,citation_topic,Theoretical yield statement including percentages,,fda.citations.history,raw/fda.citations.history/2026/09/20260908T142920Z-be0b2d3069be.json.gz,1
fda.citations.history,firm:3001451793,2009-12-09,2026-09-08T14:29:20Z,citation_topic,Written Procedures Not Followed,,fda.citations.history,raw/fda.citations.history/2026/09/20260908T142920Z-be0b2d3069be.json.gz,1
fda.citations.history,firm:3001451793,2009-12-09,2026-09-08T14:29:20Z,citation_topic,Written procedures not established/followed,,fda.citations.history,raw/fda.citations.history/2026/09/20260908T142920Z-be0b2d3069be.json.gz,1
fda.citations.history,firm:3001451793,2009-12-09,2026-09-08T14:29:20Z,citation_topic,Written program not followed,,fda.citations.history,raw/fda.citations.history/2026/09/20260908T142920Z-be0b2d3069be.json.gz,1
fda.citations.history,firm:3001451793,2009-12-09,2026-09-08T14:29:20Z,firm_key,PREMIER COSMETIC,,fda.citations.history,raw/fda.citations.history/2026/09/20260908T142920Z-be0b2d3069be.json.gz,1
fda.citations.history,firm:3001451793,2009-12-09,2026-09-08T14:29:20Z,is_gmp,1,bool,fda.citations.history,raw/fda.citations.history/2026/09/20260908T142920Z-be0b2d3069be.json.gz,1
fda.citations.history,firm:3001451793,2009-12-09,2026-09-08T14:29:20Z,label,Premier Cosmetic Laboratories Holding LLC,,fda.citations.history,raw/fda.citations.history/2026/09/20260908T142920Z-be0b2d3069be.json.gz,1
fda.citations.history,firm:3001734570,2009-12-28,2026-09-08T14:29:20Z,cfr,21 CFR 211.137(a),,fda.citations.history,raw/fda.citations.history/2026/09/20260908T142920Z-be0b2d3069be.json.gz,1
fda.citations.history,firm:3001734570,2009-12-28,2026-09-08T14:29:20Z,cfr,21 CFR 211.192,,fda.citations.history,raw/fda.citations.history/2026/09/20260908T142920Z-be0b2d3069be.json.gz,1
fda.citations.history,firm:3001734570,2009-12-28,2026-09-08T14:29:20Z,cfr,21 CFR 211.63,,fda.citations.history,raw/fda.citations.history/2026/09/20260908T142920Z-be0b2d3069be.json.gz,1
fda.citations.history,firm:3001734570,2009-12-28,2026-09-08T14:29:20Z,cfr,21 CFR 211.80(a),,fda.citations.history,raw/fda.citations.history/2026/09/20260908T142920Z-be0b2d3069be.json.gz,1
fda.citations.history,firm:3001734570,2009-12-28,2026-09-08T14:29:20Z,cfr,21 CFR 211.84(a),,fda.citations.history,raw/fda.citations.history/2026/09/20260908T142920Z-be0b2d3069be.json.gz,1
fda.citations.history,firm:3001734570,2009-12-28,2026-09-08T14:29:20Z,cfr_part,211,part,fda.citations.history,raw/fda.citations.history/2026/09/20260908T142920Z-be0b2d3069be.json.gz,1
fda.citations.history,firm:3001734570,2009-12-28,2026-09-08T14:29:20Z,citation,1,count,fda.citations.history,raw/fda.citations.history/2026/09/20260908T142920Z-be0b2d3069be.json.gz,1
fda.citations.history,firm:3001734570,2009-12-28,2026-09-08T14:29:20Z,citation_topic,Components withheld from use pending release,,fda.citations.history,raw/fda.citations.history/2026/09/20260908T142920Z-be0b2d3069be.json.gz,1
fda.citations.history,firm:3001734570,2009-12-28,2026-09-08T14:29:20Z,citation_topic,"Equipment Design, Size and Location",,fda.citations.history,raw/fda.citations.history/2026/09/20260908T142920Z-be0b2d3069be.json.gz,1
fda.citations.history,firm:3001734570,2009-12-28,2026-09-08T14:29:20Z,citation_topic,Expiration date lacking,,fda.citations.history,raw/fda.citations.history/2026/09/20260908T142920Z-be0b2d3069be.json.gz,1
fda.citations.history,firm:3001734570,2009-12-28,2026-09-08T14:29:20Z,citation_topic,No written record of investigation,,fda.citations.history,raw/fda.citations.history/2026/09/20260908T142920Z-be0b2d3069be.json.gz,1
fda.citations.history,firm:3001734570,2009-12-28,2026-09-08T14:29:20Z,citation_topic,Procedures To Be in Writing,,fda.citations.history,raw/fda.citations.history/2026/09/20260908T142920Z-be0b2d3069be.json.gz,1
fda.citations.history,firm:3001734570,2009-12-28,2026-09-08T14:29:20Z,citation_topic,Quality control unit review of records,,fda.citations.history,raw/fda.citations.history/2026/09/20260908T142920Z-be0b2d3069be.json.gz,1
fda.citations.history,firm:3001734570,2009-12-28,2026-09-08T14:29:20Z,firm_key,ALL MED SERVICES OF FLORIDA,,fda.citations.history,raw/fda.citations.history/2026/09/20260908T142920Z-be0b2d3069be.json.gz,1
fda.citations.history,firm:3001734570,2009-12-28,2026-09-08T14:29:20Z,is_gmp,1,bool,fda.citations.history,raw/fda.citations.history/2026/09/20260908T142920Z-be0b2d3069be.json.gz,1
fda.citations.history,firm:3001734570,2009-12-28,2026-09-08T14:29:20Z,label,"All Med Services Of Florida, Inc",,fda.citations.history,raw/fda.citations.history/2026/09/20260908T142920Z-be0b2d3069be.json.gz,1
fda.citations.history,firm:3002837627,2009-12-18,2026-09-08T14:29:20Z,cfr,21 CFR 211.100(a),,fda.citations.history,raw/fda.citations.history/2026/09/20260908T142920Z-be0b2d3069be.json.gz,1
fda.citations.history,firm:3002837627,2009-12-18,2026-09-08T14:29:20Z,cfr,21 CFR 211.160(b),,fda.citations.history,raw/fda.citations.history/2026/09/20260908T142920Z-be0b2d3069be.json.gz,1
fda.citations.history,firm:3002837627,2009-12-18,2026-09-08T14:29:20Z,cfr,21 CFR 211.165(a),,fda.citations.history,raw/fda.citations.history/2026/09/20260908T142920Z-be0b2d3069be.json.gz,1
fda.citations.history,firm:3002837627,2009-12-18,2026-09-08T14:29:20Z,cfr,21 CFR 211.188(a),,fda.citations.history,raw/fda.citations.history/2026/09/20260908T142920Z-be0b2d3069be.json.gz,1
fda.citations.history,firm:3002837627,2009-12-18,2026-09-08T14:29:20Z,cfr,21 CFR 211.22(d),,fda.citations.history,raw/fda.citations.history/2026/09/20260908T142920Z-be0b2d3069be.json.gz,1
fda.citations.history,firm:3002837627,2009-12-18,2026-09-08T14:29:20Z,cfr,21 CFR 211.68(a),,fda.citations.history,raw/fda.citations.history/2026/09/20260908T142920Z-be0b2d3069be.json.gz,1
fda.citations.history,firm:3002837627,2009-12-18,2026-09-08T14:29:20Z,cfr_part,211,part,fda.citations.history,raw/fda.citations.history/2026/09/20260908T142920Z-be0b2d3069be.json.gz,1
fda.citations.history,firm:3002837627,2009-12-18,2026-09-08T14:29:20Z,citation,1,count,fda.citations.history,raw/fda.citations.history/2026/09/20260908T142920Z-be0b2d3069be.json.gz,1
fda.citations.history,firm:3002837627,2009-12-18,2026-09-08T14:29:20Z,citation_topic,Absence of Written Procedures,,fda.citations.history,raw/fda.citations.history/2026/09/20260908T142920Z-be0b2d3069be.json.gz,1
fda.citations.history,firm:3002837627,2009-12-18,2026-09-08T14:29:20Z,citation_topic,Accurate reproduction included,,fda.citations.history,raw/fda.citations.history/2026/09/20260908T142920Z-be0b2d3069be.json.gz,1
fda.citations.history,firm:3002837627,2009-12-18,2026-09-08T14:29:20Z,citation_topic,"Procedures not  in writing, fully followed",,fda.citations.history,raw/fda.citations.history/2026/09/20260908T142920Z-be0b2d3069be.json.gz,1
fda.citations.history,firm:3002837627,2009-12-18,2026-09-08T14:29:20Z,citation_topic,Scientifically sound laboratory controls,,fda.citations.history,raw/fda.citations.history/2026/09/20260908T142920Z-be0b2d3069be.json.gz,1
fda.citations.history,firm:3002837627,2009-12-18,2026-09-08T14:29:20Z,citation_topic,Testing and release for distribution,,fda.citations.history,raw/fda.citations.history/2026/09/20260908T142920Z-be0b2d3069be.json.gz,1
fda.citations.history,firm:3002837627,2009-12-18,2026-09-08T14:29:20Z,citation_topic,Written calibration / inspection records not  kept,,fda.citations.history,raw/fda.citations.history/2026/09/20260908T142920Z-be0b2d3069be.json.gz,1
fda.citations.history,firm:3002837627,2009-12-18,2026-09-08T14:29:20Z,firm_key,THORNTON INDUSTRIES,,fda.citations.history,raw/fda.citations.history/2026/09/20260908T142920Z-be0b2d3069be.json.gz,1
fda.citations.history,firm:3002837627,2009-12-18,2026-09-08T14:29:20Z,is_gmp,1,bool,fda.citations.history,raw/fda.citations.history/2026/09/20260908T142920Z-be0b2d3069be.json.gz,1
fda.citations.history,firm:3002837627,2009-12-18,2026-09-08T14:29:20Z,label,"Thornton Industries, Inc.",,fda.citations.history,raw/fda.citations.history/2026/09/20260908T142920Z-be0b2d3069be.json.gz,1
fda.citations.history,firm:3002940723,2009-12-29,2026-09-08T14:29:20Z,cfr,21 CFR 211.105(b),,fda.citations.history,raw/fda.citations.history/2026/09/20260908T142920Z-be0b2d3069be.json.gz,1
fda.citations.history,firm:3002940723,2009-12-29,2026-09-08T14:29:20Z,cfr_part,211,part,fda.citations.history,raw/fda.citations.history/2026/09/20260908T142920Z-be0b2d3069be.json.gz,1
fda.citations.history,firm:3002940723,2009-12-29,2026-09-08T14:29:20Z,citation,1,count,fda.citations.history,raw/fda.citations.history/2026/09/20260908T142920Z-be0b2d3069be.json.gz,1
fda.citations.history,firm:3002940723,2009-12-29,2026-09-08T14:29:20Z,citation_topic,Distinctive ID or code not recorded in batch record,,fda.citations.history,raw/fda.citations.history/2026/09/20260908T142920Z-be0b2d3069be.json.gz,1
fda.citations.history,firm:3002940723,2009-12-29,2026-09-08T14:29:20Z,firm_key,MED AIR TRANSFILL,,fda.citations.history,raw/fda.citations.history/2026/09/20260908T142920Z-be0b2d3069be.json.gz,1
fda.citations.history,firm:3002940723,2009-12-29,2026-09-08T14:29:20Z,is_gmp,1,bool,fda.citations.history,raw/fda.citations.history/2026/09/20260908T142920Z-be0b2d3069be.json.gz,1
fda.citations.history,firm:3002940723,2009-12-29,2026-09-08T14:29:20Z,label,MED-AIR TRANSFILL,,fda.citations.history,raw/fda.citations.history/2026/09/20260908T142920Z-be0b2d3069be.json.gz,1
fda.citations.history,firm:3003102663,2009-12-11,2026-09-08T14:29:20Z,cfr,21 CFR 211.192,,fda.citations.history,raw/fda.citations.history/2026/09/20260908T142920Z-be0b2d3069be.json.gz,1
fda.citations.history,firm:3003102663,2009-12-11,2026-09-08T14:29:20Z,cfr_part,211,part,fda.citations.history,raw/fda.citations.history/2026/09/20260908T142920Z-be0b2d3069be.json.gz,1
fda.citations.history,firm:3003102663,2009-12-11,2026-09-08T14:29:20Z,citation,1,count,fda.citations.history,raw/fda.citations.history/2026/09/20260908T142920Z-be0b2d3069be.json.gz,1
fda.citations.history,firm:3003102663,2009-12-11,2026-09-08T14:29:20Z,citation_topic,"Investigations of discrepancies, failures",,fda.citations.history,raw/fda.citations.history/2026/09/20260908T142920Z-be0b2d3069be.json.gz,1
fda.citations.history,firm:3003102663,2009-12-11,2026-09-08T14:29:20Z,firm_key,TRACE LIFE SCIENCES,,fda.citations.history,raw/fda.citations.history/2026/09/20260908T142920Z-be0b2d3069be.json.gz,1
fda.citations.history,firm:3003102663,2009-12-11,2026-09-08T14:29:20Z,is_gmp,1,bool,fda.citations.history,raw/fda.citations.history/2026/09/20260908T142920Z-be0b2d3069be.json.gz,1
fda.citations.history,firm:3003102663,2009-12-11,2026-09-08T14:29:20Z,label,Trace Life Sciences Inc,,fda.citations.history,raw/fda.citations.history/2026/09/20260908T142920Z-be0b2d3069be.json.gz,1
fda.citations.history,firm:3003286168,2009-12-02,2026-09-08T14:29:20Z,cfr,21 CFR 211.160(b),,fda.citations.history,raw/fda.citations.history/2026/09/20260908T142920Z-be0b2d3069be.json.gz,1
fda.citations.history,firm:3003286168,2009-12-02,2026-09-08T14:29:20Z,cfr,21 CFR 211.192,,fda.citations.history,raw/fda.citations.history/2026/09/20260908T142920Z-be0b2d3069be.json.gz,1
fda.citations.history,firm:3003286168,2009-12-02,2026-09-08T14:29:20Z,cfr,21 CFR 211.194(a),,fda.citations.history,raw/fda.citations.history/2026/09/20260908T142920Z-be0b2d3069be.json.gz,1
fda.citations.history,firm:3003286168,2009-12-02,2026-09-08T14:29:20Z,cfr,21 CFR 211.22(d),,fda.citations.history,raw/fda.citations.history/2026/09/20260908T142920Z-be0b2d3069be.json.gz,1
fda.citations.history,firm:3003286168,2009-12-02,2026-09-08T14:29:20Z,cfr_part,211,part,fda.citations.history,raw/fda.citations.history/2026/09/20260908T142920Z-be0b2d3069be.json.gz,1
fda.citations.history,firm:3003286168,2009-12-02,2026-09-08T14:29:20Z,citation,1,count,fda.citations.history,raw/fda.citations.history/2026/09/20260908T142920Z-be0b2d3069be.json.gz,1
fda.citations.history,firm:3003286168,2009-12-02,2026-09-08T14:29:20Z,citation_topic,Complete test data included in records,,fda.citations.history,raw/fda.citations.history/2026/09/20260908T142920Z-be0b2d3069be.json.gz,1
fda.citations.history,firm:3003286168,2009-12-02,2026-09-08T14:29:20Z,citation_topic,No written record of investigation,,fda.citations.history,raw/fda.citations.history/2026/09/20260908T142920Z-be0b2d3069be.json.gz,1
fda.citations.history,firm:3003286168,2009-12-02,2026-09-08T14:29:20Z,citation_topic,"Procedures not  in writing, fully followed",,fda.citations.history,raw/fda.citations.history/2026/09/20260908T142920Z-be0b2d3069be.json.gz,1
fda.citations.history,firm:3003286168,2009-12-02,2026-09-08T14:29:20Z,citation_topic,Scientifically sound laboratory controls,,fda.citations.history,raw/fda.citations.history/2026/09/20260908T142920Z-be0b2d3069be.json.gz,1
fda.citations.history,firm:3003286168,2009-12-02,2026-09-08T14:29:20Z,firm_key,ACCUGEN,,fda.citations.history,raw/fda.citations.history/2026/09/20260908T142920Z-be0b2d3069be.json.gz,1
fda.citations.history,firm:3003286168,2009-12-02,2026-09-08T14:29:20Z,is_gmp,1,bool,fda.citations.history,raw/fda.citations.history/2026/09/20260908T142920Z-be0b2d3069be.json.gz,1
fda.citations.history,firm:3003286168,2009-12-02,2026-09-08T14:29:20Z,label,"Accugen Laboratories, Inc.",,fda.citations.history,raw/fda.citations.history/2026/09/20260908T142920Z-be0b2d3069be.json.gz,1
fda.citations.history,firm:3003393295,2009-12-10,2026-09-08T14:29:20Z,cfr,21 CFR 211.100(a),,fda.citations.history,raw/fda.citations.history/2026/09/20260908T142920Z-be0b2d3069be.json.gz,1
fda.citations.history,firm:3003393295,2009-12-10,2026-09-08T14:29:20Z,cfr,21 CFR 211.100(b),,fda.citations.history,raw/fda.citations.history/2026/09/20260908T142920Z-be0b2d3069be.json.gz,1
fda.citations.history,firm:3003393295,2009-12-10,2026-09-08T14:29:20Z,cfr,21 CFR 211.160(b),,fda.citations.history,raw/fda.citations.history/2026/09/20260908T142920Z-be0b2d3069be.json.gz,1
fda.citations.history,firm:3003393295,2009-12-10,2026-09-08T14:29:20Z,cfr,21 CFR 211.160(b)(4),,fda.citations.history,raw/fda.citations.history/2026/09/20260908T142920Z-be0b2d3069be.json.gz,1
fda.citations.history,firm:3003393295,2009-12-10,2026-09-08T14:29:20Z,cfr,21 CFR 211.180(e)(2),,fda.citations.history,raw/fda.citations.history/2026/09/20260908T142920Z-be0b2d3069be.json.gz,1
fda.citations.history,firm:3003393295,2009-12-10,2026-09-08T14:29:20Z,cfr,21 CFR 211.182,,fda.citations.history,raw/fda.citations.history/2026/09/20260908T142920Z-be0b2d3069be.json.gz,1
fda.citations.history,firm:3003393295,2009-12-10,2026-09-08T14:29:20Z,cfr,21 CFR 211.186(a),,fda.citations.history,raw/fda.citations.history/2026/09/20260908T142920Z-be0b2d3069be.json.gz,1
fda.citations.history,firm:3003393295,2009-12-10,2026-09-08T14:29:20Z,cfr,21 CFR 211.84(d)(1),,fda.citations.history,raw/fda.citations.history/2026/09/20260908T142920Z-be0b2d3069be.json.gz,1
fda.citations.history,firm:3003393295,2009-12-10,2026-09-08T14:29:20Z,cfr_part,211,part,fda.citations.history,raw/fda.citations.history/2026/09/20260908T142920Z-be0b2d3069be.json.gz,1
fda.citations.history,firm:3003393295,2009-12-10,2026-09-08T14:29:20Z,citation,1,count,fda.citations.history,raw/fda.citations.history/2026/09/20260908T142920Z-be0b2d3069be.json.gz,1
fda.citations.history,firm:3003393295,2009-12-10,2026-09-08T14:29:20Z,citation_topic,Absence of Written Procedures,,fda.citations.history,raw/fda.citations.history/2026/09/20260908T142920Z-be0b2d3069be.json.gz,1
fda.citations.history,firm:3003393295,2009-12-10,2026-09-08T14:29:20Z,citation_topic,"Calibration - at intervals, written program, remedial action",,fda.citations.history,raw/fda.citations.history/2026/09/20260908T142920Z-be0b2d3069be.json.gz,1
fda.citations.history,firm:3003393295,2009-12-10,2026-09-08T14:29:20Z,citation_topic,Component identity verification,,fda.citations.history,raw/fda.citations.history/2026/09/20260908T142920Z-be0b2d3069be.json.gz,1
fda.citations.history,firm:3003393295,2009-12-10,2026-09-08T14:29:20Z,citation_topic,Items to cover on annual reviews,,fda.citations.history,raw/fda.citations.history/2026/09/20260908T142920Z-be0b2d3069be.json.gz,1
fda.citations.history,firm:3003393295,2009-12-10,2026-09-08T14:29:20Z,citation_topic,SOPs not followed / documented,,fda.citations.history,raw/fda.citations.history/2026/09/20260908T142920Z-be0b2d3069be.json.gz,1
fda.citations.history,firm:3003393295,2009-12-10,2026-09-08T14:29:20Z,citation_topic,Scientifically sound laboratory controls,,fda.citations.history,raw/fda.citations.history/2026/09/20260908T142920Z-be0b2d3069be.json.gz,1
fda.citations.history,firm:3003393295,2009-12-10,2026-09-08T14:29:20Z,citation_topic,Signature and checking of records -- 2 persons,,fda.citations.history,raw/fda.citations.history/2026/09/20260908T142920Z-be0b2d3069be.json.gz,1
fda.citations.history,firm:3003393295,2009-12-10,2026-09-08T14:29:20Z,citation_topic,Written records kept in individual logs,,fda.citations.history,raw/fda.citations.history/2026/09/20260908T142920Z-be0b2d3069be.json.gz,1
fda.citations.history,firm:3003393295,2009-12-10,2026-09-08T14:29:20Z,firm_key,VMM ENTERPRISES,,fda.citations.history,raw/fda.citations.history/2026/09/20260908T142920Z-be0b2d3069be.json.gz,1
fda.citations.history,firm:3003393295,2009-12-10,2026-09-08T14:29:20Z,is_gmp,1,bool,fda.citations.history,raw/fda.citations.history/2026/09/20260908T142920Z-be0b2d3069be.json.gz,1
fda.citations.history,firm:3003393295,2009-12-10,2026-09-08T14:29:20Z,label,"VMM Enterprises, Inc.",,fda.citations.history,raw/fda.citations.history/2026/09/20260908T142920Z-be0b2d3069be.json.gz,1
fda.citations.history,firm:3003448162,2009-12-16,2026-09-08T14:29:20Z,cfr,21 CFR 211.142,,fda.citations.history,raw/fda.citations.history/2026/09/20260908T142920Z-be0b2d3069be.json.gz,1
fda.citations.history,firm:3003448162,2009-12-16,2026-09-08T14:29:20Z,cfr_part,211,part,fda.citations.history,raw/fda.citations.history/2026/09/20260908T142920Z-be0b2d3069be.json.gz,1
fda.citations.history,firm:3003448162,2009-12-16,2026-09-08T14:29:20Z,citation,1,count,fda.citations.history,raw/fda.citations.history/2026/09/20260908T142920Z-be0b2d3069be.json.gz,1
fda.citations.history,firm:3003448162,2009-12-16,2026-09-08T14:29:20Z,citation_topic,Written warehousing procedures established/followed,,fda.citations.history,raw/fda.citations.history/2026/09/20260908T142920Z-be0b2d3069be.json.gz,1
fda.citations.history,firm:3003448162,2009-12-16,2026-09-08T14:29:20Z,firm_key,FMC DISTRIBUTORS,,fda.citations.history,raw/fda.citations.history/2026/09/20260908T142920Z-be0b2d3069be.json.gz,1
fda.citations.history,firm:3003448162,2009-12-16,2026-09-08T14:29:20Z,is_gmp,1,bool,fda.citations.history,raw/fda.citations.history/2026/09/20260908T142920Z-be0b2d3069be.json.gz,1
fda.citations.history,firm:3003448162,2009-12-16,2026-09-08T14:29:20Z,label,"FMC Distributors, Inc.",,fda.citations.history,raw/fda.citations.history/2026/09/20260908T142920Z-be0b2d3069be.json.gz,1
fda.citations.history,firm:3003517550,2009-12-16,2026-09-08T14:29:20Z,cfr,21 CFR 211.110(a),,fda.citations.history,raw/fda.citations.history/2026/09/20260908T142920Z-be0b2d3069be.json.gz,1
fda.citations.history,firm:3003517550,2009-12-16,2026-09-08T14:29:20Z,cfr,21 CFR 211.194(a),,fda.citations.history,raw/fda.citations.history/2026/09/20260908T142920Z-be0b2d3069be.json.gz,1
fda.citations.history,firm:3003517550,2009-12-16,2026-09-08T14:29:20Z,cfr_part,211,part,fda.citations.history,raw/fda.citations.history/2026/09/20260908T142920Z-be0b2d3069be.json.gz,1
fda.citations.history,firm:3003517550,2009-12-16,2026-09-08T14:29:20Z,citation,1,count,fda.citations.history,raw/fda.citations.history/2026/09/20260908T142920Z-be0b2d3069be.json.gz,1
fda.citations.history,firm:3003517550,2009-12-16,2026-09-08T14:29:20Z,citation_topic,Complete test data included in records,,fda.citations.history,raw/fda.citations.history/2026/09/20260908T142920Z-be0b2d3069be.json.gz,1
fda.citations.history,firm:3003517550,2009-12-16,2026-09-08T14:29:20Z,citation_topic,Control procedures to monitor and validate performance,,fda.citations.history,raw/fda.citations.history/2026/09/20260908T142920Z-be0b2d3069be.json.gz,1
fda.citations.history,firm:3003517550,2009-12-16,2026-09-08T14:29:20Z,firm_key,INTERVET,,fda.citations.history,raw/fda.citations.history/2026/09/20260908T142920Z-be0b2d3069be.json.gz,1
fda.citations.history,firm:3003517550,2009-12-16,2026-09-08T14:29:20Z,is_gmp,1,bool,fda.citations.history,raw/fda.citations.history/2026/09/20260908T142920Z-be0b2d3069be.json.gz,1
fda.citations.history,firm:3003517550,2009-12-16,2026-09-08T14:29:20Z,label,Intervet International GmbH,,fda.citations.history,raw/fda.citations.history/2026/09/20260908T142920Z-be0b2d3069be.json.gz,1
fda.citations.history,firm:3003735078,2009-12-22,2026-09-08T14:29:20Z,cfr,21 CFR 211.100(a),,fda.citations.history,raw/fda.citations.history/2026/09/20260908T142920Z-be0b2d3069be.json.gz,1
fda.citations.history,firm:3003735078,2009-12-22,2026-09-08T14:29:20Z,cfr,21 CFR 211.188(b)(5),,fda.citations.history,raw/fda.citations.history/2026/09/20260908T142920Z-be0b2d3069be.json.gz,1
fda.citations.history,firm:3003735078,2009-12-22,2026-09-08T14:29:20Z,cfr,21 CFR 211.194(c),,fda.citations.history,raw/fda.citations.history/2026/09/20260908T142920Z-be0b2d3069be.json.gz,1
fda.citations.history,firm:3003735078,2009-12-22,2026-09-08T14:29:20Z,cfr,21 CFR 211.22(a),,fda.citations.history,raw/fda.citations.history/2026/09/20260908T142920Z-be0b2d3069be.json.gz,1
fda.citations.history,firm:3003735078,2009-12-22,2026-09-08T14:29:20Z,cfr,21 CFR 211.25(a),,fda.citations.history,raw/fda.citations.history/2026/09/20260908T142920Z-be0b2d3069be.json.gz,1
fda.citations.history,firm:3003735078,2009-12-22,2026-09-08T14:29:20Z,cfr,21 CFR 211.84(d)(2),,fda.citations.history,raw/fda.citations.history/2026/09/20260908T142920Z-be0b2d3069be.json.gz,1
fda.citations.history,firm:3003735078,2009-12-22,2026-09-08T14:29:20Z,cfr_part,211,part,fda.citations.history,raw/fda.citations.history/2026/09/20260908T142920Z-be0b2d3069be.json.gz,1
fda.citations.history,firm:3003735078,2009-12-22,2026-09-08T14:29:20Z,citation,1,count,fda.citations.history,raw/fda.citations.history/2026/09/20260908T142920Z-be0b2d3069be.json.gz,1
fda.citations.history,firm:3003735078,2009-12-22,2026-09-08T14:29:20Z,citation_topic,Absence of Written Procedures,,fda.citations.history,raw/fda.citations.history/2026/09/20260908T142920Z-be0b2d3069be.json.gz,1
fda.citations.history,firm:3003735078,2009-12-22,2026-09-08T14:29:20Z,citation_topic,In-process and laboratory control results,,fda.citations.history,raw/fda.citations.history/2026/09/20260908T142920Z-be0b2d3069be.json.gz,1
fda.citations.history,firm:3003735078,2009-12-22,2026-09-08T14:29:20Z,citation_topic,Lack of quality control unit,,fda.citations.history,raw/fda.citations.history/2026/09/20260908T142920Z-be0b2d3069be.json.gz,1
fda.citations.history,firm:3003735078,2009-12-22,2026-09-08T14:29:20Z,citation_topic,Reports of Analysis (Components),,fda.citations.history,raw/fda.citations.history/2026/09/20260908T142920Z-be0b2d3069be.json.gz,1
fda.citations.history,firm:3003735078,2009-12-22,2026-09-08T14:29:20Z,citation_topic,Testing and standardization of standards et. al.,,fda.citations.history,raw/fda.citations.history/2026/09/20260908T142920Z-be0b2d3069be.json.gz,1
fda.citations.history,firm:3003735078,2009-12-22,2026-09-08T14:29:20Z,citation_topic,"Training--operations, GMPs, written procedures",,fda.citations.history,raw/fda.citations.history/2026/09/20260908T142920Z-be0b2d3069be.json.gz,1
fda.citations.history,firm:3003735078,2009-12-22,2026-09-08T14:29:20Z,firm_key,ST LUKE S HOMESTAR SERVICES,,fda.citations.history,raw/fda.citations.history/2026/09/20260908T142920Z-be0b2d3069be.json.gz,1
fda.citations.history,firm:3003735078,2009-12-22,2026-09-08T14:29:20Z,is_gmp,1,bool,fda.citations.history,raw/fda.citations.history/2026/09/20260908T142920Z-be0b2d3069be.json.gz,1
fda.citations.history,firm:3003735078,2009-12-22,2026-09-08T14:29:20Z,label,"St. Luke's Homestar Services, Llc",,fda.citations.history,raw/fda.citations.history/2026/09/20260908T142920Z-be0b2d3069be.json.gz,1
fda.citations.history,firm:3003750771,2009-12-30,2026-09-08T14:29:20Z,cfr,21 CFR 211.100(b),,fda.citations.history,raw/fda.citations.history/2026/09/20260908T142920Z-be0b2d3069be.json.gz,1
fda.citations.history,firm:3003750771,2009-12-30,2026-09-08T14:29:20Z,cfr,21 CFR 211.25(b),,fda.citations.history,raw/fda.citations.history/2026/09/20260908T142920Z-be0b2d3069be.json.gz,1
fda.citations.history,firm:3003750771,2009-12-30,2026-09-08T14:29:20Z,cfr_part,211,part,fda.citations.history,raw/fda.citations.history/2026/09/20260908T142920Z-be0b2d3069be.json.gz,1
fda.citations.history,firm:3003750771,2009-12-30,2026-09-08T14:29:20Z,citation,1,count,fda.citations.history,raw/fda.citations.history/2026/09/20260908T142920Z-be0b2d3069be.json.gz,1
fda.citations.history,firm:3003750771,2009-12-30,2026-09-08T14:29:20Z,citation_topic,SOPs not followed / documented,,fda.citations.history,raw/fda.citations.history/2026/09/20260908T142920Z-be0b2d3069be.json.gz,1
fda.citations.history,firm:3003750771,2009-12-30,2026-09-08T14:29:20Z,citation_topic,Supervisor Training/Education/Experience,,fda.citations.history,raw/fda.citations.history/2026/09/20260908T142920Z-be0b2d3069be.json.gz,1
fda.citations.history,firm:3003750771,2009-12-30,2026-09-08T14:29:20Z,firm_key,FOUNDERS HEALTHCARE,,fda.citations.history,raw/fda.citations.history/2026/09/20260908T142920Z-be0b2d3069be.json.gz,1
fda.citations.history,firm:3003750771,2009-12-30,2026-09-08T14:29:20Z,is_gmp,1,bool,fda.citations.history,raw/fda.citations.history/2026/09/20260908T142920Z-be0b2d3069be.json.gz,1
fda.citations.history,firm:3003750771,2009-12-30,2026-09-08T14:29:20Z,label,Founders Healthcare LLC,,fda.citations.history,raw/fda.citations.history/2026/09/20260908T142920Z-be0b2d3069be.json.gz,1
fda.citations.history,firm:3004325865,2009-12-31,2026-09-08T14:29:20Z,cfr,21 CFR 211.125(a),,fda.citations.history,raw/fda.citations.history/2026/09/20260908T142920Z-be0b2d3069be.json.gz,1
fda.citations.history,firm:3004325865,2009-12-31,2026-09-08T14:29:20Z,cfr,21 CFR 211.166(a),,fda.citations.history,raw/fda.citations.history/2026/09/20260908T142920Z-be0b2d3069be.json.gz,1
fda.citations.history,firm:3004325865,2009-12-31,2026-09-08T14:29:20Z,cfr,21 CFR 211.192,,fda.citations.history,raw/fda.citations.history/2026/09/20260908T142920Z-be0b2d3069be.json.gz,1
fda.citations.history,firm:3004325865,2009-12-31,2026-09-08T14:29:20Z,cfr,21 CFR 211.22(a),,fda.citations.history,raw/fda.citations.history/2026/09/20260908T142920Z-be0b2d3069be.json.gz,1
fda.citations.history,firm:3004325865,2009-12-31,2026-09-08T14:29:20Z,cfr,21 CFR 211.22(d),,fda.citations.history,raw/fda.citations.history/2026/09/20260908T142920Z-be0b2d3069be.json.gz,1
fda.citations.history,firm:3004325865,2009-12-31,2026-09-08T14:29:20Z,cfr,21 CFR 211.67(b),,fda.citations.history,raw/fda.citations.history/2026/09/20260908T142920Z-be0b2d3069be.json.gz,1
fda.citations.history,firm:3004325865,2009-12-31,2026-09-08T14:29:20Z,cfr_part,211,part,fda.citations.history,raw/fda.citations.history/2026/09/20260908T142920Z-be0b2d3069be.json.gz,1
fda.citations.history,firm:3004325865,2009-12-31,2026-09-08T14:29:20Z,citation,1,count,fda.citations.history,raw/fda.citations.history/2026/09/20260908T142920Z-be0b2d3069be.json.gz,1
fda.citations.history,firm:3004325865,2009-12-31,2026-09-08T14:29:20Z,citation_topic,"Approve or reject components, products",,fda.citations.history,raw/fda.citations.history/2026/09/20260908T142920Z-be0b2d3069be.json.gz,1
fda.citations.history,firm:3004325865,2009-12-31,2026-09-08T14:29:20Z,citation_topic,Lack of written stability program,,fda.citations.history,raw/fda.citations.history/2026/09/20260908T142920Z-be0b2d3069be.json.gz,1
fda.citations.history,firm:3004325865,2009-12-31,2026-09-08T14:29:20Z,citation_topic,"Procedures not  in writing, fully followed",,fda.citations.history,raw/fda.citations.history/2026/09/20260908T142920Z-be0b2d3069be.json.gz,1
fda.citations.history,firm:3004325865,2009-12-31,2026-09-08T14:29:20Z,citation_topic,Quality control unit review of records,,fda.citations.history,raw/fda.citations.history/2026/09/20260908T142920Z-be0b2d3069be.json.gz,1
fda.citations.history,firm:3004325865,2009-12-31,2026-09-08T14:29:20Z,citation_topic,Strict control not exercised over labeling issued,,fda.citations.history,raw/fda.citations.history/2026/09/20260908T142920Z-be0b2d3069be.json.gz,1
fda.citations.history,firm:3004325865,2009-12-31,2026-09-08T14:29:20Z,citation_topic,Written procedures not established/followed,,fda.citations.history,raw/fda.citations.history/2026/09/20260908T142920Z-be0b2d3069be.json.gz,1
fda.citations.history,firm:3004325865,2009-12-31,2026-09-08T14:29:20Z,firm_key,SHAKLEE,,fda.citations.history,raw/fda.citations.history/2026/09/20260908T142920Z-be0b2d3069be.json.gz,1
fda.citations.history,firm:3004325865,2009-12-31,2026-09-08T14:29:20Z,is_gmp,1,bool,fda.citations.history,raw/fda.citations.history/2026/09/20260908T142920Z-be0b2d3069be.json.gz,1
fda.citations.history,firm:3004325865,2009-12-31,2026-09-08T14:29:20Z,label,Shaklee Corporation,,fda.citations.history,raw/fda.citations.history/2026/09/20260908T142920Z-be0b2d3069be.json.gz,1
fda.citations.history,firm:3004582966,2009-12-30,2026-09-08T14:29:20Z,cfr,21 CFR 211.130(e),,fda.citations.history,raw/fda.citations.history/2026/09/20260908T142920Z-be0b2d3069be.json.gz,1
fda.citations.history,firm:3004582966,2009-12-30,2026-09-08T14:29:20Z,cfr,21 CFR 211.142(b),,fda.citations.history,raw/fda.citations.history/2026/09/20260908T142920Z-be0b2d3069be.json.gz,1
fda.citations.history,firm:3004582966,2009-12-30,2026-09-08T14:29:20Z,cfr,21 CFR 211.68(a),,fda.citations.history,raw/fda.citations.history/2026/09/20260908T142920Z-be0b2d3069be.json.gz,1
fda.citations.history,firm:3004582966,2009-12-30,2026-09-08T14:29:20Z,cfr_part,211,part,fda.citations.history,raw/fda.citations.history/2026/09/20260908T142920Z-be0b2d3069be.json.gz,1
fda.citations.history,firm:3004582966,2009-12-30,2026-09-08T14:29:20Z,citation,1,count,fda.citations.history,raw/fda.citations.history/2026/09/20260908T142920Z-be0b2d3069be.json.gz,1
fda.citations.history,firm:3004582966,2009-12-30,2026-09-08T14:29:20Z,citation_topic,Calibration/Inspection/Checking not done,,fda.citations.history,raw/fda.citations.history/2026/09/20260908T142920Z-be0b2d3069be.json.gz,1
fda.citations.history,firm:3004582966,2009-12-30,2026-09-08T14:29:20Z,citation_topic,Packaging line inspection before use,,fda.citations.history,raw/fda.citations.history/2026/09/20260908T142920Z-be0b2d3069be.json.gz,1
fda.citations.history,firm:3004582966,2009-12-30,2026-09-08T14:29:20Z,citation_topic,Storage under appropriate conditions,,fda.citations.history,raw/fda.citations.history/2026/09/20260908T142920Z-be0b2d3069be.json.gz,1
fda.citations.history,firm:3004582966,2009-12-30,2026-09-08T14:29:20Z,firm_key,PREFERRED,,fda.citations.history,raw/fda.citations.history/2026/09/20260908T142920Z-be0b2d3069be.json.gz,1
fda.citations.history,firm:3004582966,2009-12-30,2026-09-08T14:29:20Z,is_gmp,1,bool,fda.citations.history,raw/fda.citations.history/2026/09/20260908T142920Z-be0b2d3069be.json.gz,1
fda.citations.history,firm:3004582966,2009-12-30,2026-09-08T14:29:20Z,label,"Preferred Pharmaceuticals, Inc.",,fda.citations.history,raw/fda.citations.history/2026/09/20260908T142920Z-be0b2d3069be.json.gz,1
fda.citations.history,firm:3004829714,2009-12-07,2026-09-08T14:29:20Z,cfr,21 CFR 211.100(a),,fda.citations.history,raw/fda.citations.history/2026/09/20260908T142920Z-be0b2d3069be.json.gz,1
fda.citations.history,firm:3004829714,2009-12-07,2026-09-08T14:29:20Z,cfr,21 CFR 211.111,,fda.citations.history,raw/fda.citations.history/2026/09/20260908T142920Z-be0b2d3069be.json.gz,1
fda.citations.history,firm:3004829714,2009-12-07,2026-09-08T14:29:20Z,cfr,21 CFR 211.113(b),,fda.citations.history,raw/fda.citations.history/2026/09/20260908T142920Z-be0b2d3069be.json.gz,1
fda.citations.history,firm:3004829714,2009-12-07,2026-09-08T14:29:20Z,cfr,21 CFR 211.192,,fda.citations.history,raw/fda.citations.history/2026/09/20260908T142920Z-be0b2d3069be.json.gz,1
fda.citations.history,firm:3004829714,2009-12-07,2026-09-08T14:29:20Z,cfr,21 CFR 211.22(d),,fda.citations.history,raw/fda.citations.history/2026/09/20260908T142920Z-be0b2d3069be.json.gz,1
fda.citations.history,firm:3004829714,2009-12-07,2026-09-08T14:29:20Z,cfr,21 CFR 211.25(a),,fda.citations.history,raw/fda.citations.history/2026/09/20260908T142920Z-be0b2d3069be.json.gz,1
fda.citations.history,firm:3004829714,2009-12-07,2026-09-08T14:29:20Z,cfr_part,211,part,fda.citations.history,raw/fda.citations.history/2026/09/20260908T142920Z-be0b2d3069be.json.gz,1
fda.citations.history,firm:3004829714,2009-12-07,2026-09-08T14:29:20Z,citation,1,count,fda.citations.history,raw/fda.citations.history/2026/09/20260908T142920Z-be0b2d3069be.json.gz,1
fda.citations.history,firm:3004829714,2009-12-07,2026-09-08T14:29:20Z,citation_topic,Absence of Written Procedures,,fda.citations.history,raw/fda.citations.history/2026/09/20260908T142920Z-be0b2d3069be.json.gz,1
fda.citations.history,firm:3004829714,2009-12-07,2026-09-08T14:29:20Z,citation_topic,"Changes to Procedures Not Reviewed, Approved",,fda.citations.history,raw/fda.citations.history/2026/09/20260908T142920Z-be0b2d3069be.json.gz,1
fda.citations.history,firm:3004829714,2009-12-07,2026-09-08T14:29:20Z,citation_topic,Establishment of time limitations,,fda.citations.history,raw/fda.citations.history/2026/09/20260908T142920Z-be0b2d3069be.json.gz,1
fda.citations.history,firm:3004829714,2009-12-07,2026-09-08T14:29:20Z,citation_topic,"Investigations of discrepancies, failures",,fda.citations.history,raw/fda.citations.history/2026/09/20260908T142920Z-be0b2d3069be.json.gz,1
fda.citations.history,firm:3004829714,2009-12-07,2026-09-08T14:29:20Z,citation_topic,Procedures for sterile drug products,,fda.citations.history,raw/fda.citations.history/2026/09/20260908T142920Z-be0b2d3069be.json.gz,1
fda.citations.history,firm:3004829714,2009-12-07,2026-09-08T14:29:20Z,citation_topic,"Procedures not  in writing, fully followed",,fda.citations.history,raw/fda.citations.history/2026/09/20260908T142920Z-be0b2d3069be.json.gz,1
fda.citations.history,firm:3004829714,2009-12-07,2026-09-08T14:29:20Z,citation_topic,"Training--operations, GMPs, written procedures",,fda.citations.history,raw/fda.citations.history/2026/09/20260908T142920Z-be0b2d3069be.json.gz,1
fda.citations.history,firm:3004829714,2009-12-07,2026-09-08T14:29:20Z,citation_topic,Written record of investigation incomplete,,fda.citations.history,raw/fda.citations.history/2026/09/20260908T142920Z-be0b2d3069be.json.gz,1
fda.citations.history,firm:3004829714,2009-12-07,2026-09-08T14:29:20Z,firm_key,ASTRAZENECA LP,,fda.citations.history,raw/fda.citations.history/2026/09/20260908T142920Z-be0b2d3069be.json.gz,1
fda.citations.history,firm:3004829714,2009-12-07,2026-09-08T14:29:20Z,is_gmp,1,bool,fda.citations.history,raw/fda.citations.history/2026/09/20260908T142920Z-be0b2d3069be.json.gz,1
fda.citations.history,firm:3004829714,2009-12-07,2026-09-08T14:29:20Z,label,AstraZeneca Pharmaceuticals LP,,fda.citations.history,raw/fda.citations.history/2026/09/20260908T142920Z-be0b2d3069be.json.gz,1
fda.citations.history,firm:3005345812,2009-12-16,2026-09-08T14:29:20Z,cfr,21 CFR 211.80(a),,fda.citations.history,raw/fda.citations.history/2026/09/20260908T142920Z-be0b2d3069be.json.gz,1
fda.citations.history,firm:3005345812,2009-12-16,2026-09-08T14:29:20Z,cfr,21 CFR 211.84(d)(2),,fda.citations.history,raw/fda.citations.history/2026/09/20260908T142920Z-be0b2d3069be.json.gz,1
fda.citations.history,firm:3005345812,2009-12-16,2026-09-08T14:29:20Z,cfr_part,211,part,fda.citations.history,raw/fda.citations.history/2026/09/20260908T142920Z-be0b2d3069be.json.gz,1
fda.citations.history,firm:3005345812,2009-12-16,2026-09-08T14:29:20Z,citation,1,count,fda.citations.history,raw/fda.citations.history/2026/09/20260908T142920Z-be0b2d3069be.json.gz,1
fda.citations.history,firm:3005345812,2009-12-16,2026-09-08T14:29:20Z,citation_topic,Procedures To Be in Writing,,fda.citations.history,raw/fda.citations.history/2026/09/20260908T142920Z-be0b2d3069be.json.gz,1
fda.citations.history,firm:3005345812,2009-12-16,2026-09-08T14:29:20Z,citation_topic,Reports of Analysis (Components),,fda.citations.history,raw/fda.citations.history/2026/09/20260908T142920Z-be0b2d3069be.json.gz,1
fda.citations.history,firm:3005345812,2009-12-16,2026-09-08T14:29:20Z,firm_key,NATURAL PATCHES OF VERMONT,,fda.citations.history,raw/fda.citations.history/2026/09/20260908T142920Z-be0b2d3069be.json.gz,1
fda.citations.history,firm:3005345812,2009-12-16,2026-09-08T14:29:20Z,is_gmp,1,bool,fda.citations.history,raw/fda.citations.history/2026/09/20260908T142920Z-be0b2d3069be.json.gz,1
fda.citations.history,firm:3005345812,2009-12-16,2026-09-08T14:29:20Z,label,"Natural Patches of Vermont, Inc.",,fda.citations.history,raw/fda.citations.history/2026/09/20260908T142920Z-be0b2d3069be.json.gz,1
fda.citations.history,firm:3006317477,2009-12-18,2026-09-08T14:29:20Z,cfr,21 CFR 211.110(a),,fda.citations.history,raw/fda.citations.history/2026/09/20260908T142920Z-be0b2d3069be.json.gz,1
fda.citations.history,firm:3006317477,2009-12-18,2026-09-08T14:29:20Z,cfr,21 CFR 211.137(a),,fda.citations.history,raw/fda.citations.history/2026/09/20260908T142920Z-be0b2d3069be.json.gz,1
fda.citations.history,firm:3006317477,2009-12-18,2026-09-08T14:29:20Z,cfr,21 CFR 211.166(a),,fda.citations.history,raw/fda.citations.history/2026/09/20260908T142920Z-be0b2d3069be.json.gz,1
fda.citations.history,firm:3006317477,2009-12-18,2026-09-08T14:29:20Z,cfr,21 CFR 211.84(d)(2),,fda.citations.history,raw/fda.citations.history/2026/09/20260908T142920Z-be0b2d3069be.json.gz,1
fda.citations.history,firm:3006317477,2009-12-18,2026-09-08T14:29:20Z,cfr_part,211,part,fda.citations.history,raw/fda.citations.history/2026/09/20260908T142920Z-be0b2d3069be.json.gz,1
fda.citations.history,firm:3006317477,2009-12-18,2026-09-08T14:29:20Z,citation,1,count,fda.citations.history,raw/fda.citations.history/2026/09/20260908T142920Z-be0b2d3069be.json.gz,1
fda.citations.history,firm:3006317477,2009-12-18,2026-09-08T14:29:20Z,citation_topic,Control procedures to monitor and validate performance,,fda.citations.history,raw/fda.citations.history/2026/09/20260908T142920Z-be0b2d3069be.json.gz,1
fda.citations.history,firm:3006317477,2009-12-18,2026-09-08T14:29:20Z,citation_topic,Expiration date lacking,,fda.citations.history,raw/fda.citations.history/2026/09/20260908T142920Z-be0b2d3069be.json.gz,1
fda.citations.history,firm:3006317477,2009-12-18,2026-09-08T14:29:20Z,citation_topic,Lack of written stability program,,fda.citations.history,raw/fda.citations.history/2026/09/20260908T142920Z-be0b2d3069be.json.gz,1
fda.citations.history,firm:3006317477,2009-12-18,2026-09-08T14:29:20Z,citation_topic,Reports of Analysis (Components),,fda.citations.history,raw/fda.citations.history/2026/09/20260908T142920Z-be0b2d3069be.json.gz,1
fda.citations.history,firm:3006317477,2009-12-18,2026-09-08T14:29:20Z,firm_key,ACUITY SPECIALTY PRODUCTS,,fda.citations.history,raw/fda.citations.history/2026/09/20260908T142920Z-be0b2d3069be.json.gz,1
fda.citations.history,firm:3006317477,2009-12-18,2026-09-08T14:29:20Z,is_gmp,1,bool,fda.citations.history,raw/fda.citations.history/2026/09/20260908T142920Z-be0b2d3069be.json.gz,1
fda.citations.history,firm:3006317477,2009-12-18,2026-09-08T14:29:20Z,label,"Acuity Specialty Products, Inc.",,fda.citations.history,raw/fda.citations.history/2026/09/20260908T142920Z-be0b2d3069be.json.gz,1
fda.citations.history,firm:3006376570,2009-12-24,2026-09-08T14:29:20Z,cfr,21 CFR 211.100(b),,fda.citations.history,raw/fda.citations.history/2026/09/20260908T142920Z-be0b2d3069be.json.gz,1
fda.citations.history,firm:3006376570,2009-12-24,2026-09-08T14:29:20Z,cfr,21 CFR 211.130(c),,fda.citations.history,raw/fda.citations.history/2026/09/20260908T142920Z-be0b2d3069be.json.gz,1
fda.citations.history,firm:3006376570,2009-12-24,2026-09-08T14:29:20Z,cfr,21 CFR 211.150(b),,fda.citations.history,raw/fda.citations.history/2026/09/20260908T142920Z-be0b2d3069be.json.gz,1
fda.citations.history,firm:3006376570,2009-12-24,2026-09-08T14:29:20Z,cfr,21 CFR 211.165(c),,fda.citations.history,raw/fda.citations.history/2026/09/20260908T142920Z-be0b2d3069be.json.gz,1
fda.citations.history,firm:3006376570,2009-12-24,2026-09-08T14:29:20Z,cfr,21 CFR 211.188,,fda.citations.history,raw/fda.citations.history/2026/09/20260908T142920Z-be0b2d3069be.json.gz,1
fda.citations.history,firm:3006376570,2009-12-24,2026-09-08T14:29:20Z,cfr,21 CFR 211.198(a),,fda.citations.history,raw/fda.citations.history/2026/09/20260908T142920Z-be0b2d3069be.json.gz,1
fda.citations.history,firm:3006376570,2009-12-24,2026-09-08T14:29:20Z,cfr,21 CFR 211.22(d),,fda.citations.history,raw/fda.citations.history/2026/09/20260908T142920Z-be0b2d3069be.json.gz,1
fda.citations.history,firm:3006376570,2009-12-24,2026-09-08T14:29:20Z,cfr,21 CFR 211.25(a),,fda.citations.history,raw/fda.citations.history/2026/09/20260908T142920Z-be0b2d3069be.json.gz,1
fda.citations.history,firm:3006376570,2009-12-24,2026-09-08T14:29:20Z,cfr,21 CFR 211.42(c),,fda.citations.history,raw/fda.citations.history/2026/09/20260908T142920Z-be0b2d3069be.json.gz,1
fda.citations.history,firm:3006376570,2009-12-24,2026-09-08T14:29:20Z,cfr_part,211,part,fda.citations.history,raw/fda.citations.history/2026/09/20260908T142920Z-be0b2d3069be.json.gz,1
fda.citations.history,firm:3006376570,2009-12-24,2026-09-08T14:29:20Z,citation,1,count,fda.citations.history,raw/fda.citations.history/2026/09/20260908T142920Z-be0b2d3069be.json.gz,1
fda.citations.history,firm:3006376570,2009-12-24,2026-09-08T14:29:20Z,citation_topic,Defined areas of adequate size for operations,,fda.citations.history,raw/fda.citations.history/2026/09/20260908T142920Z-be0b2d3069be.json.gz,1
fda.citations.history,firm:3006376570,2009-12-24,2026-09-08T14:29:20Z,citation_topic,Lot or control number assigned,,fda.citations.history,raw/fda.citations.history/2026/09/20260908T142920Z-be0b2d3069be.json.gz,1
fda.citations.history,firm:3006376570,2009-12-24,2026-09-08T14:29:20Z,citation_topic,"Prepared for each batch, include complete information",,fda.citations.history,raw/fda.citations.history/2026/09/20260908T142920Z-be0b2d3069be.json.gz,1
fda.citations.history,firm:3006376570,2009-12-24,2026-09-08T14:29:20Z,citation_topic,"Procedures not  in writing, fully followed",,fda.citations.history,raw/fda.citations.history/2026/09/20260908T142920Z-be0b2d3069be.json.gz,1
fda.citations.history,firm:3006376570,2009-12-24,2026-09-08T14:29:20Z,citation_topic,Procedures to be written and followed,,fda.citations.history,raw/fda.citations.history/2026/09/20260908T142920Z-be0b2d3069be.json.gz,1
fda.citations.history,firm:3006376570,2009-12-24,2026-09-08T14:29:20Z,citation_topic,Recall facilitation,,fda.citations.history,raw/fda.citations.history/2026/09/20260908T142920Z-be0b2d3069be.json.gz,1
fda.citations.history,firm:3006376570,2009-12-24,2026-09-08T14:29:20Z,citation_topic,SOPs not followed / documented,,fda.citations.history,raw/fda.citations.history/2026/09/20260908T142920Z-be0b2d3069be.json.gz,1
fda.citations.history,firm:3006376570,2009-12-24,2026-09-08T14:29:20Z,citation_topic,Sampling and testing plans not followed,,fda.citations.history,raw/fda.citations.history/2026/09/20260908T142920Z-be0b2d3069be.json.gz,1
fda.citations.history,firm:3006376570,2009-12-24,2026-09-08T14:29:20Z,citation_topic,"Training--operations, GMPs, written procedures",,fda.citations.history,raw/fda.citations.history/2026/09/20260908T142920Z-be0b2d3069be.json.gz,1
fda.citations.history,firm:3006376570,2009-12-24,2026-09-08T14:29:20Z,firm_key,SPC HOME MEDICAL EQUIPMENT,,fda.citations.history,raw/fda.citations.history/2026/09/20260908T142920Z-be0b2d3069be.json.gz,1
fda.citations.history,firm:3006376570,2009-12-24,2026-09-08T14:29:20Z,is_gmp,1,bool,fda.citations.history,raw/fda.citations.history/2026/09/20260908T142920Z-be0b2d3069be.json.gz,1
fda.citations.history,firm:3006376570,2009-12-24,2026-09-08T14:29:20Z,label,SPC Home Medical Equipment,,fda.citations.history,raw/fda.citations.history/2026/09/20260908T142920Z-be0b2d3069be.json.gz,1
fda.citations.history,firm:3006423758,2009-12-17,2026-09-08T14:29:20Z,cfr,21 CFR 211.100(a),,fda.citations.history,raw/fda.citations.history/2026/09/20260908T142920Z-be0b2d3069be.json.gz,1
fda.citations.history,firm:3006423758,2009-12-17,2026-09-08T14:29:20Z,cfr,21 CFR 211.100(b),,fda.citations.history,raw/fda.citations.history/2026/09/20260908T142920Z-be0b2d3069be.json.gz,1
fda.citations.history,firm:3006423758,2009-12-17,2026-09-08T14:29:20Z,cfr,21 CFR 211.125(f),,fda.citations.history,raw/fda.citations.history/2026/09/20260908T142920Z-be0b2d3069be.json.gz,1
fda.citations.history,firm:3006423758,2009-12-17,2026-09-08T14:29:20Z,cfr,21 CFR 211.142,,fda.citations.history,raw/fda.citations.history/2026/09/20260908T142920Z-be0b2d3069be.json.gz,1
fda.citations.history,firm:3006423758,2009-12-17,2026-09-08T14:29:20Z,cfr,21 CFR 211.166(a),,fda.citations.history,raw/fda.citations.history/2026/09/20260908T142920Z-be0b2d3069be.json.gz,1
fda.citations.history,firm:3006423758,2009-12-17,2026-09-08T14:29:20Z,cfr,21 CFR 211.192,,fda.citations.history,raw/fda.citations.history/2026/09/20260908T142920Z-be0b2d3069be.json.gz,1
fda.citations.history,firm:3006423758,2009-12-17,2026-09-08T14:29:20Z,cfr,21 CFR 211.22(d),,fda.citations.history,raw/fda.citations.history/2026/09/20260908T142920Z-be0b2d3069be.json.gz,1
fda.citations.history,firm:3006423758,2009-12-17,2026-09-08T14:29:20Z,cfr,21 CFR 211.25(a),,fda.citations.history,raw/fda.citations.history/2026/09/20260908T142920Z-be0b2d3069be.json.gz,1
fda.citations.history,firm:3006423758,2009-12-17,2026-09-08T14:29:20Z,cfr,21 CFR 211.67(b),,fda.citations.history,raw/fda.citations.history/2026/09/20260908T142920Z-be0b2d3069be.json.gz,1
fda.citations.history,firm:3006423758,2009-12-17,2026-09-08T14:29:20Z,cfr,21 CFR 211.84(b),,fda.citations.history,raw/fda.citations.history/2026/09/20260908T142920Z-be0b2d3069be.json.gz,1
fda.citations.history,firm:3006423758,2009-12-17,2026-09-08T14:29:20Z,cfr_part,211,part,fda.citations.history,raw/fda.citations.history/2026/09/20260908T142920Z-be0b2d3069be.json.gz,1
fda.citations.history,firm:3006423758,2009-12-17,2026-09-08T14:29:20Z,citation,1,count,fda.citations.history,raw/fda.citations.history/2026/09/20260908T142920Z-be0b2d3069be.json.gz,1
fda.citations.history,firm:3006423758,2009-12-17,2026-09-08T14:29:20Z,citation_topic,Absence of Written Procedures,,fda.citations.history,raw/fda.citations.history/2026/09/20260908T142920Z-be0b2d3069be.json.gz,1
fda.citations.history,firm:3006423758,2009-12-17,2026-09-08T14:29:20Z,citation_topic,GMP Training Frequency,,fda.citations.history,raw/fda.citations.history/2026/09/20260908T142920Z-be0b2d3069be.json.gz,1
fda.citations.history,firm:3006423758,2009-12-17,2026-09-08T14:29:20Z,citation_topic,Lack of written stability program,,fda.citations.history,raw/fda.citations.history/2026/09/20260908T142920Z-be0b2d3069be.json.gz,1
fda.citations.history,firm:3006423758,2009-12-17,2026-09-08T14:29:20Z,citation_topic,Procedures Written and Followed,,fda.citations.history,raw/fda.citations.history/2026/09/20260908T142920Z-be0b2d3069be.json.gz,1
fda.citations.history,firm:3006423758,2009-12-17,2026-09-08T14:29:20Z,citation_topic,"Procedures not  in writing, fully followed",,fda.citations.history,raw/fda.citations.history/2026/09/20260908T142920Z-be0b2d3069be.json.gz,1
fda.citations.history,firm:3006423758,2009-12-17,2026-09-08T14:29:20Z,citation_topic,Quality control unit review of records,,fda.citations.history,raw/fda.citations.history/2026/09/20260908T142920Z-be0b2d3069be.json.gz,1
fda.citations.history,firm:3006423758,2009-12-17,2026-09-08T14:29:20Z,citation_topic,Representative Samples,,fda.citations.history,raw/fda.citations.history/2026/09/20260908T142920Z-be0b2d3069be.json.gz,1
fda.citations.history,firm:3006423758,2009-12-17,2026-09-08T14:29:20Z,citation_topic,SOPs not followed / documented,,fda.citations.history,raw/fda.citations.history/2026/09/20260908T142920Z-be0b2d3069be.json.gz,1
fda.citations.history,firm:3006423758,2009-12-17,2026-09-08T14:29:20Z,citation_topic,Written procedures not established/followed,,fda.citations.history,raw/fda.citations.history/2026/09/20260908T142920Z-be0b2d3069be.json.gz,1
fda.citations.history,firm:3006423758,2009-12-17,2026-09-08T14:29:20Z,citation_topic,Written warehousing procedures established/followed,,fda.citations.history,raw/fda.citations.history/2026/09/20260908T142920Z-be0b2d3069be.json.gz,1
fda.citations.history,firm:3006423758,2009-12-17,2026-09-08T14:29:20Z,firm_key,SUMMIT AIRE,,fda.citations.history,raw/fda.citations.history/2026/09/20260908T142920Z-be0b2d3069be.json.gz,1
fda.citations.history,firm:3006423758,2009-12-17,2026-09-08T14:29:20Z,is_gmp,1,bool,fda.citations.history,raw/fda.citations.history/2026/09/20260908T142920Z-be0b2d3069be.json.gz,1
fda.citations.history,firm:3006423758,2009-12-17,2026-09-08T14:29:20Z,label,Summit Aire Inc.,,fda.citations.history,raw/fda.citations.history/2026/09/20260908T142920Z-be0b2d3069be.json.gz,1
fda.citations.history,firm:3007113193,2009-12-18,2026-09-08T14:29:20Z,cfr,21 CFR 211.100(a),,fda.citations.history,raw/fda.citations.history/2026/09/20260908T142920Z-be0b2d3069be.json.gz,1
fda.citations.history,firm:3007113193,2009-12-18,2026-09-08T14:29:20Z,cfr_part,211,part,fda.citations.history,raw/fda.citations.history/2026/09/20260908T142920Z-be0b2d3069be.json.gz,1
fda.citations.history,firm:3007113193,2009-12-18,2026-09-08T14:29:20Z,citation,1,count,fda.citations.history,raw/fda.citations.history/2026/09/20260908T142920Z-be0b2d3069be.json.gz,1
fda.citations.history,firm:3007113193,2009-12-18,2026-09-08T14:29:20Z,citation_topic,Absence of Written Procedures,,fda.citations.history,raw/fda.citations.history/2026/09/20260908T142920Z-be0b2d3069be.json.gz,1
fda.citations.history,firm:3007113193,2009-12-18,2026-09-08T14:29:20Z,firm_key,QUINNOVA,,fda.citations.history,raw/fda.citations.history/2026/09/20260908T142920Z-be0b2d3069be.json.gz,1
fda.citations.history,firm:3007113193,2009-12-18,2026-09-08T14:29:20Z,is_gmp,1,bool,fda.citations.history,raw/fda.citations.history/2026/09/20260908T142920Z-be0b2d3069be.json.gz,1
fda.citations.history,firm:3007113193,2009-12-18,2026-09-08T14:29:20Z,label,"Quinnova Pharmaceuticals, Inc.",,fda.citations.history,raw/fda.citations.history/2026/09/20260908T142920Z-be0b2d3069be.json.gz,1
fda.citations.history,firm:3007410731,2009-12-08,2026-09-08T14:29:20Z,cfr,21 CFR 211.100(a),,fda.citations.history,raw/fda.citations.history/2026/09/20260908T142920Z-be0b2d3069be.json.gz,1
fda.citations.history,firm:3007410731,2009-12-08,2026-09-08T14:29:20Z,cfr,21 CFR 211.100(b),,fda.citations.history,raw/fda.citations.history/2026/09/20260908T142920Z-be0b2d3069be.json.gz,1
fda.citations.history,firm:3007410731,2009-12-08,2026-09-08T14:29:20Z,cfr,21 CFR 211.105(b),,fda.citations.history,raw/fda.citations.history/2026/09/20260908T142920Z-be0b2d3069be.json.gz,1
fda.citations.history,firm:3007410731,2009-12-08,2026-09-08T14:29:20Z,cfr,21 CFR 211.166(a),,fda.citations.history,raw/fda.citations.history/2026/09/20260908T142920Z-be0b2d3069be.json.gz,1
fda.citations.history,firm:3007410731,2009-12-08,2026-09-08T14:29:20Z,cfr,21 CFR 211.180(e)(1),,fda.citations.history,raw/fda.citations.history/2026/09/20260908T142920Z-be0b2d3069be.json.gz,1
fda.citations.history,firm:3007410731,2009-12-08,2026-09-08T14:29:20Z,cfr,21 CFR 211.186(b)(7),,fda.citations.history,raw/fda.citations.history/2026/09/20260908T142920Z-be0b2d3069be.json.gz,1
fda.citations.history,firm:3007410731,2009-12-08,2026-09-08T14:29:20Z,cfr,21 CFR 211.186(b)(9),,fda.citations.history,raw/fda.citations.history/2026/09/20260908T142920Z-be0b2d3069be.json.gz,1
fda.citations.history,firm:3007410731,2009-12-08,2026-09-08T14:29:20Z,cfr,21 CFR 211.188,,fda.citations.history,raw/fda.citations.history/2026/09/20260908T142920Z-be0b2d3069be.json.gz,1
fda.citations.history,firm:3007410731,2009-12-08,2026-09-08T14:29:20Z,cfr,21 CFR 211.188(b)(8),,fda.citations.history,raw/fda.citations.history/2026/09/20260908T142920Z-be0b2d3069be.json.gz,1
fda.citations.history,firm:3007410731,2009-12-08,2026-09-08T14:29:20Z,cfr,21 CFR 211.22(c),,fda.citations.history,raw/fda.citations.history/2026/09/20260908T142920Z-be0b2d3069be.json.gz,1
fda.citations.history,firm:3007410731,2009-12-08,2026-09-08T14:29:20Z,cfr,21 CFR 211.25(b),,fda.citations.history,raw/fda.citations.history/2026/09/20260908T142920Z-be0b2d3069be.json.gz,1
fda.citations.history,firm:3007410731,2009-12-08,2026-09-08T14:29:20Z,cfr,21 CFR 211.25(c),,fda.citations.history,raw/fda.citations.history/2026/09/20260908T142920Z-be0b2d3069be.json.gz,1
fda.citations.history,firm:3007410731,2009-12-08,2026-09-08T14:29:20Z,cfr,21 CFR 211.63,,fda.citations.history,raw/fda.citations.history/2026/09/20260908T142920Z-be0b2d3069be.json.gz,1
fda.citations.history,firm:3007410731,2009-12-08,2026-09-08T14:29:20Z,cfr,21 CFR 211.67(b),,fda.citations.history,raw/fda.citations.history/2026/09/20260908T142920Z-be0b2d3069be.json.gz,1
fda.citations.history,firm:3007410731,2009-12-08,2026-09-08T14:29:20Z,cfr_part,211,part,fda.citations.history,raw/fda.citations.history/2026/09/20260908T142920Z-be0b2d3069be.json.gz,1
fda.citations.history,firm:3007410731,2009-12-08,2026-09-08T14:29:20Z,citation,1,count,fda.citations.history,raw/fda.citations.history/2026/09/20260908T142920Z-be0b2d3069be.json.gz,1
fda.citations.history,firm:3007410731,2009-12-08,2026-09-08T14:29:20Z,citation_topic,Absence of Written Procedures,,fda.citations.history,raw/fda.citations.history/2026/09/20260908T142920Z-be0b2d3069be.json.gz,1
fda.citations.history,firm:3007410731,2009-12-08,2026-09-08T14:29:20Z,citation_topic,Approve or reject procedures or specs,,fda.citations.history,raw/fda.citations.history/2026/09/20260908T142920Z-be0b2d3069be.json.gz,1
fda.citations.history,firm:3007410731,2009-12-08,2026-09-08T14:29:20Z,citation_topic,"Changes to Procedures Not Reviewed, Approved",,fda.citations.history,raw/fda.citations.history/2026/09/20260908T142920Z-be0b2d3069be.json.gz,1
fda.citations.history,firm:3007410731,2009-12-08,2026-09-08T14:29:20Z,citation_topic,Distinctive ID or code not recorded in batch record,,fda.citations.history,raw/fda.citations.history/2026/09/20260908T142920Z-be0b2d3069be.json.gz,1
fda.citations.history,firm:3007410731,2009-12-08,2026-09-08T14:29:20Z,citation_topic,"Equipment Design, Size and Location",,fda.citations.history,raw/fda.citations.history/2026/09/20260908T142920Z-be0b2d3069be.json.gz,1
fda.citations.history,firm:3007410731,2009-12-08,2026-09-08T14:29:20Z,citation_topic,Inadequate number of  personnel,,fda.citations.history,raw/fda.citations.history/2026/09/20260908T142920Z-be0b2d3069be.json.gz,1
fda.citations.history,firm:3007410731,2009-12-08,2026-09-08T14:29:20Z,citation_topic,Labeling control records including specimens or copies,,fda.citations.history,raw/fda.citations.history/2026/09/20260908T142920Z-be0b2d3069be.json.gz,1
fda.citations.history,firm:3007410731,2009-12-08,2026-09-08T14:29:20Z,citation_topic,Manufacturing Instructions and Specifications,,fda.citations.history,raw/fda.citations.history/2026/09/20260908T142920Z-be0b2d3069be.json.gz,1
fda.citations.history,firm:3007410731,2009-12-08,2026-09-08T14:29:20Z,citation_topic,"Prepared for each batch, include complete information",,fda.citations.history,raw/fda.citations.history/2026/09/20260908T142920Z-be0b2d3069be.json.gz,1
fda.citations.history,firm:3007410731,2009-12-08,2026-09-08T14:29:20Z,citation_topic,Procedure Deviations Recorded and Justified,,fda.citations.history,raw/fda.citations.history/2026/09/20260908T142920Z-be0b2d3069be.json.gz,1
fda.citations.history,firm:3007410731,2009-12-08,2026-09-08T14:29:20Z,citation_topic,Review of representative number of batches,,fda.citations.history,raw/fda.citations.history/2026/09/20260908T142920Z-be0b2d3069be.json.gz,1
fda.citations.history,firm:3007410731,2009-12-08,2026-09-08T14:29:20Z,citation_topic,Supervisor Training/Education/Experience,,fda.citations.history,raw/fda.citations.history/2026/09/20260908T142920Z-be0b2d3069be.json.gz,1
fda.citations.history,firm:3007410731,2009-12-08,2026-09-08T14:29:20Z,citation_topic,Theoretical yield statement including percentages,,fda.citations.history,raw/fda.citations.history/2026/09/20260908T142920Z-be0b2d3069be.json.gz,1
fda.citations.history,firm:3007410731,2009-12-08,2026-09-08T14:29:20Z,citation_topic,Written procedures not established/followed,,fda.citations.history,raw/fda.citations.history/2026/09/20260908T142920Z-be0b2d3069be.json.gz,1
fda.citations.history,firm:3007410731,2009-12-08,2026-09-08T14:29:20Z,citation_topic,Written program not followed,,fda.citations.history,raw/fda.citations.history/2026/09/20260908T142920Z-be0b2d3069be.json.gz,1
fda.citations.history,firm:3007410731,2009-12-08,2026-09-08T14:29:20Z,firm_key,DHALIWAL SOUTH,,fda.citations.history,raw/fda.citations.history/2026/09/20260908T142920Z-be0b2d3069be.json.gz,1
fda.citations.history,firm:3007410731,2009-12-08,2026-09-08T14:29:20Z,is_gmp,1,bool,fda.citations.history,raw/fda.citations.history/2026/09/20260908T142920Z-be0b2d3069be.json.gz,1
fda.citations.history,firm:3007410731,2009-12-08,2026-09-08T14:29:20Z,label,Dhaliwal Labs South LLC,,fda.citations.history,raw/fda.citations.history/2026/09/20260908T142920Z-be0b2d3069be.json.gz,1
fda.citations.history,firm:3007688500,2009-12-11,2026-09-08T14:29:20Z,cfr,21 CFR 211.22(a),,fda.citations.history,raw/fda.citations.history/2026/09/20260908T142920Z-be0b2d3069be.json.gz,1
fda.citations.history,firm:3007688500,2009-12-11,2026-09-08T14:29:20Z,cfr_part,211,part,fda.citations.history,raw/fda.citations.history/2026/09/20260908T142920Z-be0b2d3069be.json.gz,1
fda.citations.history,firm:3007688500,2009-12-11,2026-09-08T14:29:20Z,citation,1,count,fda.citations.history,raw/fda.citations.history/2026/09/20260908T142920Z-be0b2d3069be.json.gz,1
fda.citations.history,firm:3007688500,2009-12-11,2026-09-08T14:29:20Z,citation_topic,Lack of quality control unit,,fda.citations.history,raw/fda.citations.history/2026/09/20260908T142920Z-be0b2d3069be.json.gz,1
fda.citations.history,firm:3007688500,2009-12-11,2026-09-08T14:29:20Z,firm_key,BALLARD HOMEOPATHIC,,fda.citations.history,raw/fda.citations.history/2026/09/20260908T142920Z-be0b2d3069be.json.gz,1
fda.citations.history,firm:3007688500,2009-12-11,2026-09-08T14:29:20Z,is_gmp,1,bool,fda.citations.history,raw/fda.citations.history/2026/09/20260908T142920Z-be0b2d3069be.json.gz,1
fda.citations.history,firm:3007688500,2009-12-11,2026-09-08T14:29:20Z,label,Ballard Homeopathic Llc.,,fda.citations.history,raw/fda.citations.history/2026/09/20260908T142920Z-be0b2d3069be.json.gz,1
fda.citations.history,firm:3020693,2009-12-03,2026-09-08T14:29:20Z,cfr,21 CFR 211.142(a),,fda.citations.history,raw/fda.citations.history/2026/09/20260908T142920Z-be0b2d3069be.json.gz,1
fda.citations.history,firm:3020693,2009-12-03,2026-09-08T14:29:20Z,cfr,21 CFR 211.22(d),,fda.citations.history,raw/fda.citations.history/2026/09/20260908T142920Z-be0b2d3069be.json.gz,1
fda.citations.history,firm:3020693,2009-12-03,2026-09-08T14:29:20Z,cfr_part,211,part,fda.citations.history,raw/fda.citations.history/2026/09/20260908T142920Z-be0b2d3069be.json.gz,1
fda.citations.history,firm:3020693,2009-12-03,2026-09-08T14:29:20Z,citation,1,count,fda.citations.history,raw/fda.citations.history/2026/09/20260908T142920Z-be0b2d3069be.json.gz,1
fda.citations.history,firm:3020693,2009-12-03,2026-09-08T14:29:20Z,citation_topic,"Procedures not  in writing, fully followed",,fda.citations.history,raw/fda.citations.history/2026/09/20260908T142920Z-be0b2d3069be.json.gz,1
fda.citations.history,firm:3020693,2009-12-03,2026-09-08T14:29:20Z,citation_topic,Quarantine - actual practice,,fda.citations.history,raw/fda.citations.history/2026/09/20260908T142920Z-be0b2d3069be.json.gz,1
fda.citations.history,firm:3020693,2009-12-03,2026-09-08T14:29:20Z,firm_key,LINDE GAS EQUIPMENT,,fda.citations.history,raw/fda.citations.history/2026/09/20260908T142920Z-be0b2d3069be.json.gz,1
fda.citations.history,firm:3020693,2009-12-03,2026-09-08T14:29:20Z,is_gmp,1,bool,fda.citations.history,raw/fda.citations.history/2026/09/20260908T142920Z-be0b2d3069be.json.gz,1
fda.citations.history,firm:3020693,2009-12-03,2026-09-08T14:29:20Z,label,Linde Gas & Equipment Inc,,fda.citations.history,raw/fda.citations.history/2026/09/20260908T142920Z-be0b2d3069be.json.gz,1
fda.complianceactions.drugs,firm:1483596,2009-12-22,2026-09-07T21:01:42Z,action_taken,20091222,yyyymmdd,fda.complianceactions.drugs,raw/fda.complianceactions.drugs/2026/09/20260907T210142Z-90b93f350b34.json.gz,1
fda.complianceactions.drugs,firm:1483596,2009-12-22,2026-09-07T21:01:42Z,action_warning_letter,1,count,fda.complianceactions.drugs,raw/fda.complianceactions.drugs/2026/09/20260907T210142Z-90b93f350b34.json.gz,1
fda.complianceactions.drugs,firm:1483596,2009-12-22,2026-09-07T21:01:42Z,compliance_action,1,count,fda.complianceactions.drugs,raw/fda.complianceactions.drugs/2026/09/20260907T210142Z-90b93f350b34.json.gz,1
fda.complianceactions.drugs,firm:1483596,2009-12-22,2026-09-07T21:01:42Z,firm_key,BALCHEM,,fda.complianceactions.drugs,raw/fda.complianceactions.drugs/2026/09/20260907T210142Z-90b93f350b34.json.gz,1
fda.complianceactions.drugs,firm:1483596,2009-12-22,2026-09-07T21:01:42Z,is_foreign,0,bool,fda.complianceactions.drugs,raw/fda.complianceactions.drugs/2026/09/20260907T210142Z-90b93f350b34.json.gz,1
fda.complianceactions.drugs,firm:1483596,2009-12-22,2026-09-07T21:01:42Z,label,Balchem Corporation,,fda.complianceactions.drugs,raw/fda.complianceactions.drugs/2026/09/20260907T210142Z-90b93f350b34.json.gz,1
fda.complianceactions.drugs,firm:2027158,2009-12-11,2026-09-07T21:01:42Z,action_taken,20091211,yyyymmdd,fda.complianceactions.drugs,raw/fda.complianceactions.drugs/2026/09/20260907T210142Z-90b93f350b34.json.gz,1
fda.complianceactions.drugs,firm:2027158,2009-12-11,2026-09-07T21:01:42Z,action_warning_letter,1,count,fda.complianceactions.drugs,raw/fda.complianceactions.drugs/2026/09/20260907T210142Z-90b93f350b34.json.gz,1
fda.complianceactions.drugs,firm:2027158,2009-12-11,2026-09-07T21:01:42Z,compliance_action,1,count,fda.complianceactions.drugs,raw/fda.complianceactions.drugs/2026/09/20260907T210142Z-90b93f350b34.json.gz,1
fda.complianceactions.drugs,firm:2027158,2009-12-11,2026-09-07T21:01:42Z,firm_key,TEVA PARENTERAL MEDICINES,,fda.complianceactions.drugs,raw/fda.complianceactions.drugs/2026/09/20260907T210142Z-90b93f350b34.json.gz,1
fda.complianceactions.drugs,firm:2027158,2009-12-11,2026-09-07T21:01:42Z,is_foreign,0,bool,fda.complianceactions.drugs,raw/fda.complianceactions.drugs/2026/09/20260907T210142Z-90b93f350b34.json.gz,1
fda.complianceactions.drugs,firm:2027158,2009-12-11,2026-09-07T21:01:42Z,label,"Teva Parenteral Medicines, Inc.",,fda.complianceactions.drugs,raw/fda.complianceactions.drugs/2026/09/20260907T210142Z-90b93f350b34.json.gz,1
fda.complianceactions.drugs,firm:3001236657,2009-12-21,2026-09-07T21:01:42Z,action_taken,20091221,yyyymmdd,fda.complianceactions.drugs,raw/fda.complianceactions.drugs/2026/09/20260907T210142Z-90b93f350b34.json.gz,1
fda.complianceactions.drugs,firm:3001236657,2009-12-21,2026-09-07T21:01:42Z,action_warning_letter,1,count,fda.complianceactions.drugs,raw/fda.complianceactions.drugs/2026/09/20260907T210142Z-90b93f350b34.json.gz,1
fda.complianceactions.drugs,firm:3001236657,2009-12-21,2026-09-07T21:01:42Z,compliance_action,1,count,fda.complianceactions.drugs,raw/fda.complianceactions.drugs/2026/09/20260907T210142Z-90b93f350b34.json.gz,1
fda.complianceactions.drugs,firm:3001236657,2009-12-21,2026-09-07T21:01:42Z,firm_key,OHM,,fda.complianceactions.drugs,raw/fda.complianceactions.drugs/2026/09/20260907T210142Z-90b93f350b34.json.gz,1
fda.complianceactions.drugs,firm:3001236657,2009-12-21,2026-09-07T21:01:42Z,is_foreign,0,bool,fda.complianceactions.drugs,raw/fda.complianceactions.drugs/2026/09/20260907T210142Z-90b93f350b34.json.gz,1
fda.complianceactions.drugs,firm:3001236657,2009-12-21,2026-09-07T21:01:42Z,label,"Ohm Laboratories, Inc.",,fda.complianceactions.drugs,raw/fda.complianceactions.drugs/2026/09/20260907T210142Z-90b93f350b34.json.gz,1
fda.complianceactions.drugs,firm:3006394049,2009-12-09,2026-09-07T21:01:42Z,action_taken,20091209,yyyymmdd,fda.complianceactions.drugs,raw/fda.complianceactions.drugs/2026/09/20260907T210142Z-90b93f350b34.json.gz,1
fda.complianceactions.drugs,firm:3006394049,2009-12-09,2026-09-07T21:01:42Z,action_warning_letter,1,count,fda.complianceactions.drugs,raw/fda.complianceactions.drugs/2026/09/20260907T210142Z-90b93f350b34.json.gz,1
fda.complianceactions.drugs,firm:3006394049,2009-12-09,2026-09-07T21:01:42Z,compliance_action,1,count,fda.complianceactions.drugs,raw/fda.complianceactions.drugs/2026/09/20260907T210142Z-90b93f350b34.json.gz,1
fda.complianceactions.drugs,firm:3006394049,2009-12-09,2026-09-07T21:01:42Z,firm_key,M W,,fda.complianceactions.drugs,raw/fda.complianceactions.drugs/2026/09/20260907T210142Z-90b93f350b34.json.gz,1
fda.complianceactions.drugs,firm:3006394049,2009-12-09,2026-09-07T21:01:42Z,is_foreign,0,bool,fda.complianceactions.drugs,raw/fda.complianceactions.drugs/2026/09/20260907T210142Z-90b93f350b34.json.gz,1
fda.complianceactions.drugs,firm:3006394049,2009-12-09,2026-09-07T21:01:42Z,label,M W Laboratories Inc,,fda.complianceactions.drugs,raw/fda.complianceactions.drugs/2026/09/20260907T210142Z-90b93f350b34.json.gz,1
fda.complianceactions.drugs,firm:3007503212,2009-12-03,2026-09-07T21:01:42Z,action_taken,20091203,yyyymmdd,fda.complianceactions.drugs,raw/fda.complianceactions.drugs/2026/09/20260907T210142Z-90b93f350b34.json.gz,1
fda.complianceactions.drugs,firm:3007503212,2009-12-03,2026-09-07T21:01:42Z,action_warning_letter,1,count,fda.complianceactions.drugs,raw/fda.complianceactions.drugs/2026/09/20260907T210142Z-90b93f350b34.json.gz,1
fda.complianceactions.drugs,firm:3007503212,2009-12-03,2026-09-07T21:01:42Z,compliance_action,1,count,fda.complianceactions.drugs,raw/fda.complianceactions.drugs/2026/09/20260907T210142Z-90b93f350b34.json.gz,1
fda.complianceactions.drugs,firm:3007503212,2009-12-03,2026-09-07T21:01:42Z,firm_key,JOHN A WARD M D,,fda.complianceactions.drugs,raw/fda.complianceactions.drugs/2026/09/20260907T210142Z-90b93f350b34.json.gz,1
fda.complianceactions.drugs,firm:3007503212,2009-12-03,2026-09-07T21:01:42Z,is_foreign,0,bool,fda.complianceactions.drugs,raw/fda.complianceactions.drugs/2026/09/20260907T210142Z-90b93f350b34.json.gz,1
fda.complianceactions.drugs,firm:3007503212,2009-12-03,2026-09-07T21:01:42Z,label,John A Ward M D,,fda.complianceactions.drugs,raw/fda.complianceactions.drugs/2026/09/20260907T210142Z-90b93f350b34.json.gz,1
fda.complianceactions.drugs,firm:3007925670,2009-12-01,2026-09-07T21:01:42Z,action_taken,20091201,yyyymmdd,fda.complianceactions.drugs,raw/fda.complianceactions.drugs/2026/09/20260907T210142Z-90b93f350b34.json.gz,1
fda.complianceactions.drugs,firm:3007925670,2009-12-01,2026-09-07T21:01:42Z,action_warning_letter,1,count,fda.complianceactions.drugs,raw/fda.complianceactions.drugs/2026/09/20260907T210142Z-90b93f350b34.json.gz,1
fda.complianceactions.drugs,firm:3007925670,2009-12-01,2026-09-07T21:01:42Z,compliance_action,1,count,fda.complianceactions.drugs,raw/fda.complianceactions.drugs/2026/09/20260907T210142Z-90b93f350b34.json.gz,1
fda.complianceactions.drugs,firm:3007925670,2009-12-01,2026-09-07T21:01:42Z,firm_key,WWW SECRETSOFBETTERHEALTH COM DBA MY COSMETIC,,fda.complianceactions.drugs,raw/fda.complianceactions.drugs/2026/09/20260907T210142Z-90b93f350b34.json.gz,1
fda.complianceactions.drugs,firm:3007925670,2009-12-01,2026-09-07T21:01:42Z,is_foreign,1,bool,fda.complianceactions.drugs,raw/fda.complianceactions.drugs/2026/09/20260907T210142Z-90b93f350b34.json.gz,1
fda.complianceactions.drugs,firm:3007925670,2009-12-01,2026-09-07T21:01:42Z,label,www.secretsofbetterhealth.com dba My Cosmetic Company,,fda.complianceactions.drugs,raw/fda.complianceactions.drugs/2026/09/20260907T210142Z-90b93f350b34.json.gz,1
fda.inspections.history,firm:1000065475,2009-12-29,2026-09-08T14:33:07Z,classification,1,ordinal,fda.inspections.history,raw/fda.inspections.history/2026/09/20260908T143307Z-cc2bb4babcd8.json.gz,1
fda.inspections.history,firm:1000065475,2009-12-29,2026-09-08T14:33:07Z,firm_key,NAVAJO MANUFACTURING,,fda.inspections.history,raw/fda.inspections.history/2026/09/20260908T143307Z-cc2bb4babcd8.json.gz,1
fda.inspections.history,firm:1000065475,2009-12-29,2026-09-08T14:33:07Z,inspected,1,count,fda.inspections.history,raw/fda.inspections.history/2026/09/20260908T143307Z-cc2bb4babcd8.json.gz,1
fda.inspections.history,firm:1000065475,2009-12-29,2026-09-08T14:33:07Z,inspection_end,20091229,yyyymmdd,fda.inspections.history,raw/fda.inspections.history/2026/09/20260908T143307Z-cc2bb4babcd8.json.gz,1
fda.inspections.history,firm:1000065475,2009-12-29,2026-09-08T14:33:07Z,is_foreign,0,bool,fda.inspections.history,raw/fda.inspections.history/2026/09/20260908T143307Z-cc2bb4babcd8.json.gz,1
fda.inspections.history,firm:1000065475,2009-12-29,2026-09-08T14:33:07Z,is_oai,0,bool,fda.inspections.history,raw/fda.inspections.history/2026/09/20260908T143307Z-cc2bb4babcd8.json.gz,1
fda.inspections.history,firm:1000065475,2009-12-29,2026-09-08T14:33:07Z,label,Navajo Manufacturing Company,,fda.inspections.history,raw/fda.inspections.history/2026/09/20260908T143307Z-cc2bb4babcd8.json.gz,1
fda.inspections.history,firm:1000110782,2009-12-04,2026-09-08T14:33:07Z,classification,1,ordinal,fda.inspections.history,raw/fda.inspections.history/2026/09/20260908T143307Z-cc2bb4babcd8.json.gz,1
fda.inspections.history,firm:1000110782,2009-12-04,2026-09-08T14:33:07Z,firm_key,SOLVAY USA,,fda.inspections.history,raw/fda.inspections.history/2026/09/20260908T143307Z-cc2bb4babcd8.json.gz,1
fda.inspections.history,firm:1000110782,2009-12-04,2026-09-08T14:33:07Z,inspected,1,count,fda.inspections.history,raw/fda.inspections.history/2026/09/20260908T143307Z-cc2bb4babcd8.json.gz,1
fda.inspections.history,firm:1000110782,2009-12-04,2026-09-08T14:33:07Z,inspection_end,20091204,yyyymmdd,fda.inspections.history,raw/fda.inspections.history/2026/09/20260908T143307Z-cc2bb4babcd8.json.gz,1
fda.inspections.history,firm:1000110782,2009-12-04,2026-09-08T14:33:07Z,is_foreign,0,bool,fda.inspections.history,raw/fda.inspections.history/2026/09/20260908T143307Z-cc2bb4babcd8.json.gz,1
fda.inspections.history,firm:1000110782,2009-12-04,2026-09-08T14:33:07Z,is_oai,0,bool,fda.inspections.history,raw/fda.inspections.history/2026/09/20260908T143307Z-cc2bb4babcd8.json.gz,1
fda.inspections.history,firm:1000110782,2009-12-04,2026-09-08T14:33:07Z,label,Solvay USA Inc,,fda.inspections.history,raw/fda.inspections.history/2026/09/20260908T143307Z-cc2bb4babcd8.json.gz,1
fda.inspections.history,firm:1000114834,2009-12-16,2026-09-08T14:33:07Z,classification,1,ordinal,fda.inspections.history,raw/fda.inspections.history/2026/09/20260908T143307Z-cc2bb4babcd8.json.gz,1
fda.inspections.history,firm:1000114834,2009-12-16,2026-09-08T14:33:07Z,firm_key,RNA,,fda.inspections.history,raw/fda.inspections.history/2026/09/20260908T143307Z-cc2bb4babcd8.json.gz,1
fda.inspections.history,firm:1000114834,2009-12-16,2026-09-08T14:33:07Z,inspected,1,count,fda.inspections.history,raw/fda.inspections.history/2026/09/20260908T143307Z-cc2bb4babcd8.json.gz,1
fda.inspections.history,firm:1000114834,2009-12-16,2026-09-08T14:33:07Z,inspection_end,20091216,yyyymmdd,fda.inspections.history,raw/fda.inspections.history/2026/09/20260908T143307Z-cc2bb4babcd8.json.gz,1
fda.inspections.history,firm:1000114834,2009-12-16,2026-09-08T14:33:07Z,is_foreign,0,bool,fda.inspections.history,raw/fda.inspections.history/2026/09/20260908T143307Z-cc2bb4babcd8.json.gz,1
fda.inspections.history,firm:1000114834,2009-12-16,2026-09-08T14:33:07Z,is_oai,0,bool,fda.inspections.history,raw/fda.inspections.history/2026/09/20260908T143307Z-cc2bb4babcd8.json.gz,1
fda.inspections.history,firm:1000114834,2009-12-16,2026-09-08T14:33:07Z,label,"RNA Pharma, LLC",,fda.inspections.history,raw/fda.inspections.history/2026/09/20260908T143307Z-cc2bb4babcd8.json.gz,1
fda.inspections.history,firm:1000115216,2009-12-04,2026-09-08T14:33:07Z,classification,0,ordinal,fda.inspections.history,raw/fda.inspections.history/2026/09/20260908T143307Z-cc2bb4babcd8.json.gz,1
fda.inspections.history,firm:1000115216,2009-12-04,2026-09-08T14:33:07Z,firm_key,MICRO MEASUREMENT,,fda.inspections.history,raw/fda.inspections.history/2026/09/20260908T143307Z-cc2bb4babcd8.json.gz,1
fda.inspections.history,firm:1000115216,2009-12-04,2026-09-08T14:33:07Z,inspected,1,count,fda.inspections.history,raw/fda.inspections.history/2026/09/20260908T143307Z-cc2bb4babcd8.json.gz,1
fda.inspections.history,firm:1000115216,2009-12-04,2026-09-08T14:33:07Z,inspection_end,20091204,yyyymmdd,fda.inspections.history,raw/fda.inspections.history/2026/09/20260908T143307Z-cc2bb4babcd8.json.gz,1
fda.inspections.history,firm:1000115216,2009-12-04,2026-09-08T14:33:07Z,is_foreign,0,bool,fda.inspections.history,raw/fda.inspections.history/2026/09/20260908T143307Z-cc2bb4babcd8.json.gz,1
fda.inspections.history,firm:1000115216,2009-12-04,2026-09-08T14:33:07Z,is_oai,0,bool,fda.inspections.history,raw/fda.inspections.history/2026/09/20260908T143307Z-cc2bb4babcd8.json.gz,1
fda.inspections.history,firm:1000115216,2009-12-04,2026-09-08T14:33:07Z,label,"Micro Measurement Laboratories, Inc.",,fda.inspections.history,raw/fda.inspections.history/2026/09/20260908T143307Z-cc2bb4babcd8.json.gz,1
fda.inspections.history,firm:1000115743,2009-12-17,2026-09-08T14:33:07Z,classification,0,ordinal,fda.inspections.history,raw/fda.inspections.history/2026/09/20260908T143307Z-cc2bb4babcd8.json.gz,1
fda.inspections.history,firm:1000115743,2009-12-17,2026-09-08T14:33:07Z,firm_key,CORE PRODUCTS,,fda.inspections.history,raw/fda.inspections.history/2026/09/20260908T143307Z-cc2bb4babcd8.json.gz,1
fda.inspections.history,firm:1000115743,2009-12-17,2026-09-08T14:33:07Z,inspected,1,count,fda.inspections.history,raw/fda.inspections.history/2026/09/20260908T143307Z-cc2bb4babcd8.json.gz,1
fda.inspections.history,firm:1000115743,2009-12-17,2026-09-08T14:33:07Z,inspection_end,20091217,yyyymmdd,fda.inspections.history,raw/fda.inspections.history/2026/09/20260908T143307Z-cc2bb4babcd8.json.gz,1
fda.inspections.history,firm:1000115743,2009-12-17,2026-09-08T14:33:07Z,is_foreign,0,bool,fda.inspections.history,raw/fda.inspections.history/2026/09/20260908T143307Z-cc2bb4babcd8.json.gz,1
fda.inspections.history,firm:1000115743,2009-12-17,2026-09-08T14:33:07Z,is_oai,0,bool,fda.inspections.history,raw/fda.inspections.history/2026/09/20260908T143307Z-cc2bb4babcd8.json.gz,1
fda.inspections.history,firm:1000115743,2009-12-17,2026-09-08T14:33:07Z,label,"Core Products International, Inc.",,fda.inspections.history,raw/fda.inspections.history/2026/09/20260908T143307Z-cc2bb4babcd8.json.gz,1
fda.inspections.history,firm:1000117913,2009-12-15,2026-09-08T14:33:07Z,classification,0,ordinal,fda.inspections.history,raw/fda.inspections.history/2026/09/20260908T143307Z-cc2bb4babcd8.json.gz,1
fda.inspections.history,firm:1000117913,2009-12-15,2026-09-08T14:33:07Z,firm_key,LAFAYETTE WORK CENTER,,fda.inspections.history,raw/fda.inspections.history/2026/09/20260908T143307Z-cc2bb4babcd8.json.gz,1
fda.inspections.history,firm:1000117913,2009-12-15,2026-09-08T14:33:07Z,inspected,1,count,fda.inspections.history,raw/fda.inspections.history/2026/09/20260908T143307Z-cc2bb4babcd8.json.gz,1
fda.inspections.history,firm:1000117913,2009-12-15,2026-09-08T14:33:07Z,inspection_end,20091215,yyyymmdd,fda.inspections.history,raw/fda.inspections.history/2026/09/20260908T143307Z-cc2bb4babcd8.json.gz,1
fda.inspections.history,firm:1000117913,2009-12-15,2026-09-08T14:33:07Z,is_foreign,0,bool,fda.inspections.history,raw/fda.inspections.history/2026/09/20260908T143307Z-cc2bb4babcd8.json.gz,1
fda.inspections.history,firm:1000117913,2009-12-15,2026-09-08T14:33:07Z,is_oai,0,bool,fda.inspections.history,raw/fda.inspections.history/2026/09/20260908T143307Z-cc2bb4babcd8.json.gz,1
fda.inspections.history,firm:1000117913,2009-12-15,2026-09-08T14:33:07Z,label,"Lafayette Work Center, Inc.",,fda.inspections.history,raw/fda.inspections.history/2026/09/20260908T143307Z-cc2bb4babcd8.json.gz,1
fda.inspections.history,firm:1000120529,2009-12-21,2026-09-08T14:33:07Z,classification,1,ordinal,fda.inspections.history,raw/fda.inspections.history/2026/09/20260908T143307Z-cc2bb4babcd8.json.gz,1
fda.inspections.history,firm:1000120529,2009-12-21,2026-09-08T14:33:07Z,firm_key,LINCARE,,fda.inspections.history,raw/fda.inspections.history/2026/09/20260908T143307Z-cc2bb4babcd8.json.gz,1
fda.inspections.history,firm:1000120529,2009-12-21,2026-09-08T14:33:07Z,inspected,1,count,fda.inspections.history,raw/fda.inspections.history/2026/09/20260908T143307Z-cc2bb4babcd8.json.gz,1
fda.inspections.history,firm:1000120529,2009-12-21,2026-09-08T14:33:07Z,inspection_end,20091221,yyyymmdd,fda.inspections.history,raw/fda.inspections.history/2026/09/20260908T143307Z-cc2bb4babcd8.json.gz,1
fda.inspections.history,firm:1000120529,2009-12-21,2026-09-08T14:33:07Z,is_foreign,0,bool,fda.inspections.history,raw/fda.inspections.history/2026/09/20260908T143307Z-cc2bb4babcd8.json.gz,1
fda.inspections.history,firm:1000120529,2009-12-21,2026-09-08T14:33:07Z,is_oai,0,bool,fda.inspections.history,raw/fda.inspections.history/2026/09/20260908T143307Z-cc2bb4babcd8.json.gz,1
fda.inspections.history,firm:1000120529,2009-12-21,2026-09-08T14:33:07Z,label,Lincare Inc.,,fda.inspections.history,raw/fda.inspections.history/2026/09/20260908T143307Z-cc2bb4babcd8.json.gz,1
fda.inspections.history,firm:1000132065,2009-12-14,2026-09-08T14:33:07Z,classification,0,ordinal,fda.inspections.history,raw/fda.inspections.history/2026/09/20260908T143307Z-cc2bb4babcd8.json.gz,1
fda.inspections.history,firm:1000132065,2009-12-14,2026-09-08T14:33:07Z,firm_key,SMITHKLINE BEECHAM CORK,,fda.inspections.history,raw/fda.inspections.history/2026/09/20260908T143307Z-cc2bb4babcd8.json.gz,1
fda.inspections.history,firm:1000132065,2009-12-14,2026-09-08T14:33:07Z,inspected,1,count,fda.inspections.history,raw/fda.inspections.history/2026/09/20260908T143307Z-cc2bb4babcd8.json.gz,1
fda.inspections.history,firm:1000132065,2009-12-14,2026-09-08T14:33:07Z,inspection_end,20091214,yyyymmdd,fda.inspections.history,raw/fda.inspections.history/2026/09/20260908T143307Z-cc2bb4babcd8.json.gz,1
fda.inspections.history,firm:1000132065,2009-12-14,2026-09-08T14:33:07Z,is_foreign,0,bool,fda.inspections.history,raw/fda.inspections.history/2026/09/20260908T143307Z-cc2bb4babcd8.json.gz,1
fda.inspections.history,firm:1000132065,2009-12-14,2026-09-08T14:33:07Z,is_oai,0,bool,fda.inspections.history,raw/fda.inspections.history/2026/09/20260908T143307Z-cc2bb4babcd8.json.gz,1
fda.inspections.history,firm:1000132065,2009-12-14,2026-09-08T14:33:07Z,label,Smithkline Beecham (Cork) Inc.,,fda.inspections.history,raw/fda.inspections.history/2026/09/20260908T143307Z-cc2bb4babcd8.json.gz,1
fda.inspections.history,firm:1000135370,2009-12-10,2026-09-08T14:33:07Z,classification,0,ordinal,fda.inspections.history,raw/fda.inspections.history/2026/09/20260908T143307Z-cc2bb4babcd8.json.gz,1
fda.inspections.history,firm:1000135370,2009-12-10,2026-09-08T14:33:07Z,firm_key,BAUSCH HEALTH AMERICAS,,fda.inspections.history,raw/fda.inspections.history/2026/09/20260908T143307Z-cc2bb4babcd8.json.gz,1
fda.inspections.history,firm:1000135370,2009-12-10,2026-09-08T14:33:07Z,inspected,1,count,fda.inspections.history,raw/fda.inspections.history/2026/09/20260908T143307Z-cc2bb4babcd8.json.gz,1
fda.inspections.history,firm:1000135370,2009-12-10,2026-09-08T14:33:07Z,inspection_end,20091210,yyyymmdd,fda.inspections.history,raw/fda.inspections.history/2026/09/20260908T143307Z-cc2bb4babcd8.json.gz,1
fda.inspections.history,firm:1000135370,2009-12-10,2026-09-08T14:33:07Z,is_foreign,0,bool,fda.inspections.history,raw/fda.inspections.history/2026/09/20260908T143307Z-cc2bb4babcd8.json.gz,1
fda.inspections.history,firm:1000135370,2009-12-10,2026-09-08T14:33:07Z,is_oai,0,bool,fda.inspections.history,raw/fda.inspections.history/2026/09/20260908T143307Z-cc2bb4babcd8.json.gz,1
fda.inspections.history,firm:1000135370,2009-12-10,2026-09-08T14:33:07Z,label,"Bausch Health Americas, Inc.",,fda.inspections.history,raw/fda.inspections.history/2026/09/20260908T143307Z-cc2bb4babcd8.json.gz,1
fda.inspections.history,firm:1000160561,2009-12-16,2026-09-08T14:33:07Z,classification,1,ordinal,fda.inspections.history,raw/fda.inspections.history/2026/09/20260908T143307Z-cc2bb4babcd8.json.gz,1
fda.inspections.history,firm:1000160561,2009-12-16,2026-09-08T14:33:07Z,firm_key,STASON,,fda.inspections.history,raw/fda.inspections.history/2026/09/20260908T143307Z-cc2bb4babcd8.json.gz,1
fda.inspections.history,firm:1000160561,2009-12-16,2026-09-08T14:33:07Z,inspected,1,count,fda.inspections.history,raw/fda.inspections.history/2026/09/20260908T143307Z-cc2bb4babcd8.json.gz,1
fda.inspections.history,firm:1000160561,2009-12-16,2026-09-08T14:33:07Z,inspection_end,20091216,yyyymmdd,fda.inspections.history,raw/fda.inspections.history/2026/09/20260908T143307Z-cc2bb4babcd8.json.gz,1
fda.inspections.history,firm:1000160561,2009-12-16,2026-09-08T14:33:07Z,is_foreign,0,bool,fda.inspections.history,raw/fda.inspections.history/2026/09/20260908T143307Z-cc2bb4babcd8.json.gz,1
fda.inspections.history,firm:1000160561,2009-12-16,2026-09-08T14:33:07Z,is_oai,0,bool,fda.inspections.history,raw/fda.inspections.history/2026/09/20260908T143307Z-cc2bb4babcd8.json.gz,1
fda.inspections.history,firm:1000160561,2009-12-16,2026-09-08T14:33:07Z,label,"Stason Pharmaceuticals, Inc.",,fda.inspections.history,raw/fda.inspections.history/2026/09/20260908T143307Z-cc2bb4babcd8.json.gz,1
fda.inspections.history,firm:1000221129,2009-12-07,2026-09-08T14:33:07Z,classification,0,ordinal,fda.inspections.history,raw/fda.inspections.history/2026/09/20260908T143307Z-cc2bb4babcd8.json.gz,1
fda.inspections.history,firm:1000221129,2009-12-07,2026-09-08T14:33:07Z,firm_key,TANGRAM CHEMICAL,,fda.inspections.history,raw/fda.inspections.history/2026/09/20260908T143307Z-cc2bb4babcd8.json.gz,1
fda.inspections.history,firm:1000221129,2009-12-07,2026-09-08T14:33:07Z,inspected,1,count,fda.inspections.history,raw/fda.inspections.history/2026/09/20260908T143307Z-cc2bb4babcd8.json.gz,1
fda.inspections.history,firm:1000221129,2009-12-07,2026-09-08T14:33:07Z,inspection_end,20091207,yyyymmdd,fda.inspections.history,raw/fda.inspections.history/2026/09/20260908T143307Z-cc2bb4babcd8.json.gz,1
fda.inspections.history,firm:1000221129,2009-12-07,2026-09-08T14:33:07Z,is_foreign,0,bool,fda.inspections.history,raw/fda.inspections.history/2026/09/20260908T143307Z-cc2bb4babcd8.json.gz,1
fda.inspections.history,firm:1000221129,2009-12-07,2026-09-08T14:33:07Z,is_oai,0,bool,fda.inspections.history,raw/fda.inspections.history/2026/09/20260908T143307Z-cc2bb4babcd8.json.gz,1
fda.inspections.history,firm:1000221129,2009-12-07,2026-09-08T14:33:07Z,label,Tangram Chemical LLC,,fda.inspections.history,raw/fda.inspections.history/2026/09/20260908T143307Z-cc2bb4babcd8.json.gz,1
fda.inspections.history,firm:1000307689,2009-12-04,2026-09-08T14:33:07Z,classification,2,ordinal,fda.inspections.history,raw/fda.inspections.history/2026/09/20260908T143307Z-cc2bb4babcd8.json.gz,1
fda.inspections.history,firm:1000307689,2009-12-04,2026-09-08T14:33:07Z,firm_key,AVEVA DRUG DELIVERY SYSTEMS,,fda.inspections.history,raw/fda.inspections.history/2026/09/20260908T143307Z-cc2bb4babcd8.json.gz,1
fda.inspections.history,firm:1000307689,2009-12-04,2026-09-08T14:33:07Z,inspected,1,count,fda.inspections.history,raw/fda.inspections.history/2026/09/20260908T143307Z-cc2bb4babcd8.json.gz,1
fda.inspections.history,firm:1000307689,2009-12-04,2026-09-08T14:33:07Z,inspection_end,20091204,yyyymmdd,fda.inspections.history,raw/fda.inspections.history/2026/09/20260908T143307Z-cc2bb4babcd8.json.gz,1
fda.inspections.history,firm:1000307689,2009-12-04,2026-09-08T14:33:07Z,is_foreign,0,bool,fda.inspections.history,raw/fda.inspections.history/2026/09/20260908T143307Z-cc2bb4babcd8.json.gz,1
fda.inspections.history,firm:1000307689,2009-12-04,2026-09-08T14:33:07Z,is_oai,1,bool,fda.inspections.history,raw/fda.inspections.history/2026/09/20260908T143307Z-cc2bb4babcd8.json.gz,1
fda.inspections.history,firm:1000307689,2009-12-04,2026-09-08T14:33:07Z,label,"AVEVA Drug Delivery Systems, Inc.",,fda.inspections.history,raw/fda.inspections.history/2026/09/20260908T143307Z-cc2bb4babcd8.json.gz,1
fda.inspections.history,firm:1000514054,2009-12-30,2026-09-08T14:33:07Z,classification,1,ordinal,fda.inspections.history,raw/fda.inspections.history/2026/09/20260908T143307Z-cc2bb4babcd8.json.gz,1
fda.inspections.history,firm:1000514054,2009-12-30,2026-09-08T14:33:07Z,firm_key,ELLIOT HOSPITAL OF THE CITY OF MANCHESTER,,fda.inspections.history,raw/fda.inspections.history/2026/09/20260908T143307Z-cc2bb4babcd8.json.gz,1
fda.inspections.history,firm:1000514054,2009-12-30,2026-09-08T14:33:07Z,inspected,1,count,fda.inspections.history,raw/fda.inspections.history/2026/09/20260908T143307Z-cc2bb4babcd8.json.gz,1
fda.inspections.history,firm:1000514054,2009-12-30,2026-09-08T14:33:07Z,inspection_end,20091230,yyyymmdd,fda.inspections.history,raw/fda.inspections.history/2026/09/20260908T143307Z-cc2bb4babcd8.json.gz,1
fda.inspections.history,firm:1000514054,2009-12-30,2026-09-08T14:33:07Z,is_foreign,0,bool,fda.inspections.history,raw/fda.inspections.history/2026/09/20260908T143307Z-cc2bb4babcd8.json.gz,1
fda.inspections.history,firm:1000514054,2009-12-30,2026-09-08T14:33:07Z,is_oai,0,bool,fda.inspections.history,raw/fda.inspections.history/2026/09/20260908T143307Z-cc2bb4babcd8.json.gz,1
fda.inspections.history,firm:1000514054,2009-12-30,2026-09-08T14:33:07Z,label,Elliot Hospital of the City of Manchester,,fda.inspections.history,raw/fda.inspections.history/2026/09/20260908T143307Z-cc2bb4babcd8.json.gz,1
fda.inspections.history,firm:1000523075,2009-12-04,2026-09-08T14:33:07Z,classification,1,ordinal,fda.inspections.history,raw/fda.inspections.history/2026/09/20260908T143307Z-cc2bb4babcd8.json.gz,1
fda.inspections.history,firm:1000523075,2009-12-04,2026-09-08T14:33:07Z,firm_key,GILEAD SCIENCES,,fda.inspections.history,raw/fda.inspections.history/2026/09/20260908T143307Z-cc2bb4babcd8.json.gz,1
fda.inspections.history,firm:1000523075,2009-12-04,2026-09-08T14:33:07Z,inspected,1,count,fda.inspections.history,raw/fda.inspections.history/2026/09/20260908T143307Z-cc2bb4babcd8.json.gz,1
fda.inspections.history,firm:1000523075,2009-12-04,2026-09-08T14:33:07Z,inspection_end,20091204,yyyymmdd,fda.inspections.history,raw/fda.inspections.history/2026/09/20260908T143307Z-cc2bb4babcd8.json.gz,1
fda.inspections.history,firm:1000523075,2009-12-04,2026-09-08T14:33:07Z,is_foreign,0,bool,fda.inspections.history,raw/fda.inspections.history/2026/09/20260908T143307Z-cc2bb4babcd8.json.gz,1
fda.inspections.history,firm:1000523075,2009-12-04,2026-09-08T14:33:07Z,is_oai,0,bool,fda.inspections.history,raw/fda.inspections.history/2026/09/20260908T143307Z-cc2bb4babcd8.json.gz,1
fda.inspections.history,firm:1000523075,2009-12-04,2026-09-08T14:33:07Z,label,"Gilead Sciences, Inc.",,fda.inspections.history,raw/fda.inspections.history/2026/09/20260908T143307Z-cc2bb4babcd8.json.gz,1
fda.inspections.history,firm:1019058,2009-12-09,2026-09-08T14:33:07Z,classification,1,ordinal,fda.inspections.history,raw/fda.inspections.history/2026/09/20260908T143307Z-cc2bb4babcd8.json.gz,1
fda.inspections.history,firm:1019058,2009-12-09,2026-09-08T14:33:07Z,firm_key,GCP,,fda.inspections.history,raw/fda.inspections.history/2026/09/20260908T143307Z-cc2bb4babcd8.json.gz,1
fda.inspections.history,firm:1019058,2009-12-09,2026-09-08T14:33:07Z,inspected,1,count,fda.inspections.history,raw/fda.inspections.history/2026/09/20260908T143307Z-cc2bb4babcd8.json.gz,1
fda.inspections.history,firm:1019058,2009-12-09,2026-09-08T14:33:07Z,inspection_end,20091209,yyyymmdd,fda.inspections.history,raw/fda.inspections.history/2026/09/20260908T143307Z-cc2bb4babcd8.json.gz,1
fda.inspections.history,firm:1019058,2009-12-09,2026-09-08T14:33:07Z,is_foreign,0,bool,fda.inspections.history,raw/fda.inspections.history/2026/09/20260908T143307Z-cc2bb4babcd8.json.gz,1
fda.inspections.history,firm:1019058,2009-12-09,2026-09-08T14:33:07Z,is_oai,0,bool,fda.inspections.history,raw/fda.inspections.history/2026/09/20260908T143307Z-cc2bb4babcd8.json.gz,1
fda.inspections.history,firm:1019058,2009-12-09,2026-09-08T14:33:07Z,label,GCP Laboratories,,fda.inspections.history,raw/fda.inspections.history/2026/09/20260908T143307Z-cc2bb4babcd8.json.gz,1
fda.inspections.history,firm:1020025,2009-12-17,2026-09-08T14:33:07Z,classification,0,ordinal,fda.inspections.history,raw/fda.inspections.history/2026/09/20260908T143307Z-cc2bb4babcd8.json.gz,1
fda.inspections.history,firm:1020025,2009-12-17,2026-09-08T14:33:07Z,firm_key,EDWARDS,,fda.inspections.history,raw/fda.inspections.history/2026/09/20260908T143307Z-cc2bb4babcd8.json.gz,1
fda.inspections.history,firm:1020025,2009-12-17,2026-09-08T14:33:07Z,inspected,1,count,fda.inspections.history,raw/fda.inspections.history/2026/09/20260908T143307Z-cc2bb4babcd8.json.gz,1
fda.inspections.history,firm:1020025,2009-12-17,2026-09-08T14:33:07Z,inspection_end,20091217,yyyymmdd,fda.inspections.history,raw/fda.inspections.history/2026/09/20260908T143307Z-cc2bb4babcd8.json.gz,1
fda.inspections.history,firm:1020025,2009-12-17,2026-09-08T14:33:07Z,is_foreign,0,bool,fda.inspections.history,raw/fda.inspections.history/2026/09/20260908T143307Z-cc2bb4babcd8.json.gz,1
fda.inspections.history,firm:1020025,2009-12-17,2026-09-08T14:33:07Z,is_oai,0,bool,fda.inspections.history,raw/fda.inspections.history/2026/09/20260908T143307Z-cc2bb4babcd8.json.gz,1
fda.inspections.history,firm:1020025,2009-12-17,2026-09-08T14:33:07Z,label,"Edwards Pharmaceuticals, Inc",,fda.inspections.history,raw/fda.inspections.history/2026/09/20260908T143307Z-cc2bb4babcd8.json.gz,1
fda.inspections.history,firm:1032592,2009-12-18,2026-09-08T14:33:07Z,classification,1,ordinal,fda.inspections.history,raw/fda.inspections.history/2026/09/20260908T143307Z-cc2bb4babcd8.json.gz,1
fda.inspections.history,firm:1032592,2009-12-18,2026-09-08T14:33:07Z,firm_key,ALL OXYGEN REFILLS,,fda.inspections.history,raw/fda.inspections.history/2026/09/20260908T143307Z-cc2bb4babcd8.json.gz,1
fda.inspections.history,firm:1032592,2009-12-18,2026-09-08T14:33:07Z,inspected,1,count,fda.inspections.history,raw/fda.inspections.history/2026/09/20260908T143307Z-cc2bb4babcd8.json.gz,1
fda.inspections.history,firm:1032592,2009-12-18,2026-09-08T14:33:07Z,inspection_end,20091218,yyyymmdd,fda.inspections.history,raw/fda.inspections.history/2026/09/20260908T143307Z-cc2bb4babcd8.json.gz,1
fda.inspections.history,firm:1032592,2009-12-18,2026-09-08T14:33:07Z,is_foreign,0,bool,fda.inspections.history,raw/fda.inspections.history/2026/09/20260908T143307Z-cc2bb4babcd8.json.gz,1
fda.inspections.history,firm:1032592,2009-12-18,2026-09-08T14:33:07Z,is_oai,0,bool,fda.inspections.history,raw/fda.inspections.history/2026/09/20260908T143307Z-cc2bb4babcd8.json.gz,1
fda.inspections.history,firm:1032592,2009-12-18,2026-09-08T14:33:07Z,label,"All Oxygen Refills, Inc.",,fda.inspections.history,raw/fda.inspections.history/2026/09/20260908T143307Z-cc2bb4babcd8.json.gz,1
fda.inspections.history,firm:1034994,2009-12-21,2026-09-08T14:33:07Z,classification,0,ordinal,fda.inspections.history,raw/fda.inspections.history/2026/09/20260908T143307Z-cc2bb4babcd8.json.gz,1
fda.inspections.history,firm:1034994,2009-12-21,2026-09-08T14:33:07Z,firm_key,ROTECH HEALTHCARE,,fda.inspections.history,raw/fda.inspections.history/2026/09/20260908T143307Z-cc2bb4babcd8.json.gz,1
fda.inspections.history,firm:1034994,2009-12-21,2026-09-08T14:33:07Z,inspected,1,count,fda.inspections.history,raw/fda.inspections.history/2026/09/20260908T143307Z-cc2bb4babcd8.json.gz,1
fda.inspections.history,firm:1034994,2009-12-21,2026-09-08T14:33:07Z,inspection_end,20091221,yyyymmdd,fda.inspections.history,raw/fda.inspections.history/2026/09/20260908T143307Z-cc2bb4babcd8.json.gz,1
fda.inspections.history,firm:1034994,2009-12-21,2026-09-08T14:33:07Z,is_foreign,0,bool,fda.inspections.history,raw/fda.inspections.history/2026/09/20260908T143307Z-cc2bb4babcd8.json.gz,1
fda.inspections.history,firm:1034994,2009-12-21,2026-09-08T14:33:07Z,is_oai,0,bool,fda.inspections.history,raw/fda.inspections.history/2026/09/20260908T143307Z-cc2bb4babcd8.json.gz,1
fda.inspections.history,firm:1034994,2009-12-21,2026-09-08T14:33:07Z,label,Rotech Healthcare Inc,,fda.inspections.history,raw/fda.inspections.history/2026/09/20260908T143307Z-cc2bb4babcd8.json.gz,1
fda.inspections.history,firm:1036761,2009-12-11,2026-09-08T14:33:07Z,classification,0,ordinal,fda.inspections.history,raw/fda.inspections.history/2026/09/20260908T143307Z-cc2bb4babcd8.json.gz,1
fda.inspections.history,firm:1036761,2009-12-11,2026-09-08T14:33:07Z,firm_key,MERCK SHARP DOHME,,fda.inspections.history,raw/fda.inspections.history/2026/09/20260908T143307Z-cc2bb4babcd8.json.gz,1
fda.inspections.history,firm:1036761,2009-12-11,2026-09-08T14:33:07Z,inspected,1,count,fda.inspections.history,raw/fda.inspections.history/2026/09/20260908T143307Z-cc2bb4babcd8.json.gz,1
fda.inspections.history,firm:1036761,2009-12-11,2026-09-08T14:33:07Z,inspection_end,20091211,yyyymmdd,fda.inspections.history,raw/fda.inspections.history/2026/09/20260908T143307Z-cc2bb4babcd8.json.gz,1
fda.inspections.history,firm:1036761,2009-12-11,2026-09-08T14:33:07Z,is_foreign,0,bool,fda.inspections.history,raw/fda.inspections.history/2026/09/20260908T143307Z-cc2bb4babcd8.json.gz,1
fda.inspections.history,firm:1036761,2009-12-11,2026-09-08T14:33:07Z,is_oai,0,bool,fda.inspections.history,raw/fda.inspections.history/2026/09/20260908T143307Z-cc2bb4babcd8.json.gz,1
fda.inspections.history,firm:1036761,2009-12-11,2026-09-08T14:33:07Z,label,Merck Sharp & Dohme LLC,,fda.inspections.history,raw/fda.inspections.history/2026/09/20260908T143307Z-cc2bb4babcd8.json.gz,1
fda.inspections.history,firm:1049418,2009-12-04,2026-09-08T14:33:07Z,classification,0,ordinal,fda.inspections.history,raw/fda.inspections.history/2026/09/20260908T143307Z-cc2bb4babcd8.json.gz,1
fda.inspections.history,firm:1049418,2009-12-04,2026-09-08T14:33:07Z,firm_key,ALCAMI CAROLINAS,,fda.inspections.history,raw/fda.inspections.history/2026/09/20260908T143307Z-cc2bb4babcd8.json.gz,1
fda.inspections.history,firm:1049418,2009-12-04,2026-09-08T14:33:07Z,inspected,1,count,fda.inspections.history,raw/fda.inspections.history/2026/09/20260908T143307Z-cc2bb4babcd8.json.gz,1
fda.inspections.history,firm:1049418,2009-12-04,2026-09-08T14:33:07Z,inspection_end,20091204,yyyymmdd,fda.inspections.history,raw/fda.inspections.history/2026/09/20260908T143307Z-cc2bb4babcd8.json.gz,1
fda.inspections.history,firm:1049418,2009-12-04,2026-09-08T14:33:07Z,is_foreign,0,bool,fda.inspections.history,raw/fda.inspections.history/2026/09/20260908T143307Z-cc2bb4babcd8.json.gz,1
fda.inspections.history,firm:1049418,2009-12-04,2026-09-08T14:33:07Z,is_oai,0,bool,fda.inspections.history,raw/fda.inspections.history/2026/09/20260908T143307Z-cc2bb4babcd8.json.gz,1
fda.inspections.history,firm:1049418,2009-12-04,2026-09-08T14:33:07Z,label,Alcami Carolinas Corporation,,fda.inspections.history,raw/fda.inspections.history/2026/09/20260908T143307Z-cc2bb4babcd8.json.gz,1
fda.inspections.history,firm:1119789,2009-12-09,2026-09-08T14:33:07Z,classification,0,ordinal,fda.inspections.history,raw/fda.inspections.history/2026/09/20260908T143307Z-cc2bb4babcd8.json.gz,1
fda.inspections.history,firm:1119789,2009-12-09,2026-09-08T14:33:07Z,firm_key,ANNE ARUNDEL MEDICAL CENTER IRB,,fda.inspections.history,raw/fda.inspections.history/2026/09/20260908T143307Z-cc2bb4babcd8.json.gz,1
fda.inspections.history,firm:1119789,2009-12-09,2026-09-08T14:33:07Z,inspected,1,count,fda.inspections.history,raw/fda.inspections.history/2026/09/20260908T143307Z-cc2bb4babcd8.json.gz,1
fda.inspections.history,firm:1119789,2009-12-09,2026-09-08T14:33:07Z,inspection_end,20091209,yyyymmdd,fda.inspections.history,raw/fda.inspections.history/2026/09/20260908T143307Z-cc2bb4babcd8.json.gz,1
fda.inspections.history,firm:1119789,2009-12-09,2026-09-08T14:33:07Z,is_foreign,0,bool,fda.inspections.history,raw/fda.inspections.history/2026/09/20260908T143307Z-cc2bb4babcd8.json.gz,1
fda.inspections.history,firm:1119789,2009-12-09,2026-09-08T14:33:07Z,is_oai,0,bool,fda.inspections.history,raw/fda.inspections.history/2026/09/20260908T143307Z-cc2bb4babcd8.json.gz,1
fda.inspections.history,firm:1119789,2009-12-09,2026-09-08T14:33:07Z,label,Anne Arundel Medical Center Irb,,fda.inspections.history,raw/fda.inspections.history/2026/09/20260908T143307Z-cc2bb4babcd8.json.gz,1
fda.inspections.history,firm:1220701,2009-12-17,2026-09-08T14:33:07Z,classification,1,ordinal,fda.inspections.history,raw/fda.inspections.history/2026/09/20260908T143307Z-cc2bb4babcd8.json.gz,1
fda.inspections.history,firm:1220701,2009-12-17,2026-09-08T14:33:07Z,firm_key,APLICARE PRODUCTS,,fda.inspections.history,raw/fda.inspections.history/2026/09/20260908T143307Z-cc2bb4babcd8.json.gz,1
fda.inspections.history,firm:1220701,2009-12-17,2026-09-08T14:33:07Z,inspected,1,count,fda.inspections.history,raw/fda.inspections.history/2026/09/20260908T143307Z-cc2bb4babcd8.json.gz,1
fda.inspections.history,firm:1220701,2009-12-17,2026-09-08T14:33:07Z,inspection_end,20091217,yyyymmdd,fda.inspections.history,raw/fda.inspections.history/2026/09/20260908T143307Z-cc2bb4babcd8.json.gz,1
fda.inspections.history,firm:1220701,2009-12-17,2026-09-08T14:33:07Z,is_foreign,0,bool,fda.inspections.history,raw/fda.inspections.history/2026/09/20260908T143307Z-cc2bb4babcd8.json.gz,1
fda.inspections.history,firm:1220701,2009-12-17,2026-09-08T14:33:07Z,is_oai,0,bool,fda.inspections.history,raw/fda.inspections.history/2026/09/20260908T143307Z-cc2bb4babcd8.json.gz,1
fda.inspections.history,firm:1220701,2009-12-17,2026-09-08T14:33:07Z,label,"Aplicare Products, LLC",,fda.inspections.history,raw/fda.inspections.history/2026/09/20260908T143307Z-cc2bb4babcd8.json.gz,1
fda.inspections.history,firm:1221169,2009-12-16,2026-09-08T14:33:07Z,classification,1,ordinal,fda.inspections.history,raw/fda.inspections.history/2026/09/20260908T143307Z-cc2bb4babcd8.json.gz,1
fda.inspections.history,firm:1221169,2009-12-16,2026-09-08T14:33:07Z,firm_key,APRIA HEALTHCARE,,fda.inspections.history,raw/fda.inspections.history/2026/09/20260908T143307Z-cc2bb4babcd8.json.gz,1
fda.inspections.history,firm:1221169,2009-12-16,2026-09-08T14:33:07Z,inspected,1,count,fda.inspections.history,raw/fda.inspections.history/2026/09/20260908T143307Z-cc2bb4babcd8.json.gz,1
fda.inspections.history,firm:1221169,2009-12-16,2026-09-08T14:33:07Z,inspection_end,20091216,yyyymmdd,fda.inspections.history,raw/fda.inspections.history/2026/09/20260908T143307Z-cc2bb4babcd8.json.gz,1
fda.inspections.history,firm:1221169,2009-12-16,2026-09-08T14:33:07Z,is_foreign,0,bool,fda.inspections.history,raw/fda.inspections.history/2026/09/20260908T143307Z-cc2bb4babcd8.json.gz,1
fda.inspections.history,firm:1221169,2009-12-16,2026-09-08T14:33:07Z,is_oai,0,bool,fda.inspections.history,raw/fda.inspections.history/2026/09/20260908T143307Z-cc2bb4babcd8.json.gz,1
fda.inspections.history,firm:1221169,2009-12-16,2026-09-08T14:33:07Z,label,Apria Healthcare LLC,,fda.inspections.history,raw/fda.inspections.history/2026/09/20260908T143307Z-cc2bb4babcd8.json.gz,1
fda.inspections.history,firm:1221426,2009-12-23,2026-09-08T14:33:07Z,classification,1,ordinal,fda.inspections.history,raw/fda.inspections.history/2026/09/20260908T143307Z-cc2bb4babcd8.json.gz,1
fda.inspections.history,firm:1221426,2009-12-23,2026-09-08T14:33:07Z,firm_key,BOSTON ANALYTICAL,,fda.inspections.history,raw/fda.inspections.history/2026/09/20260908T143307Z-cc2bb4babcd8.json.gz,1
fda.inspections.history,firm:1221426,2009-12-23,2026-09-08T14:33:07Z,inspected,1,count,fda.inspections.history,raw/fda.inspections.history/2026/09/20260908T143307Z-cc2bb4babcd8.json.gz,1
fda.inspections.history,firm:1221426,2009-12-23,2026-09-08T14:33:07Z,inspection_end,20091223,yyyymmdd,fda.inspections.history,raw/fda.inspections.history/2026/09/20260908T143307Z-cc2bb4babcd8.json.gz,1
fda.inspections.history,firm:1221426,2009-12-23,2026-09-08T14:33:07Z,is_foreign,0,bool,fda.inspections.history,raw/fda.inspections.history/2026/09/20260908T143307Z-cc2bb4babcd8.json.gz,1
fda.inspections.history,firm:1221426,2009-12-23,2026-09-08T14:33:07Z,is_oai,0,bool,fda.inspections.history,raw/fda.inspections.history/2026/09/20260908T143307Z-cc2bb4babcd8.json.gz,1
fda.inspections.history,firm:1221426,2009-12-23,2026-09-08T14:33:07Z,label,"Boston Analytical, Inc.",,fda.inspections.history,raw/fda.inspections.history/2026/09/20260908T143307Z-cc2bb4babcd8.json.gz,1
fda.inspections.history,firm:1283421,2009-12-04,2026-09-08T14:33:07Z,classification,1,ordinal,fda.inspections.history,raw/fda.inspections.history/2026/09/20260908T143307Z-cc2bb4babcd8.json.gz,1
fda.inspections.history,firm:1283421,2009-12-04,2026-09-08T14:33:07Z,firm_key,UNIVERSITY OF MASSACHUSETTS CHAN MEDICAL SCHOOL IRB,,fda.inspections.history,raw/fda.inspections.history/2026/09/20260908T143307Z-cc2bb4babcd8.json.gz,1
fda.inspections.history,firm:1283421,2009-12-04,2026-09-08T14:33:07Z,inspected,1,count,fda.inspections.history,raw/fda.inspections.history/2026/09/20260908T143307Z-cc2bb4babcd8.json.gz,1
fda.inspections.history,firm:1283421,2009-12-04,2026-09-08T14:33:07Z,inspection_end,20091204,yyyymmdd,fda.inspections.history,raw/fda.inspections.history/2026/09/20260908T143307Z-cc2bb4babcd8.json.gz,1
fda.inspections.history,firm:1283421,2009-12-04,2026-09-08T14:33:07Z,is_foreign,0,bool,fda.inspections.history,raw/fda.inspections.history/2026/09/20260908T143307Z-cc2bb4babcd8.json.gz,1
fda.inspections.history,firm:1283421,2009-12-04,2026-09-08T14:33:07Z,is_oai,0,bool,fda.inspections.history,raw/fda.inspections.history/2026/09/20260908T143307Z-cc2bb4babcd8.json.gz,1
fda.inspections.history,firm:1283421,2009-12-04,2026-09-08T14:33:07Z,label,University of Massachusetts Chan Medical School IRB,,fda.inspections.history,raw/fda.inspections.history/2026/09/20260908T143307Z-cc2bb4babcd8.json.gz,1
fda.inspections.history,firm:1293515,2009-12-02,2026-09-08T14:33:07Z,classification,0,ordinal,fda.inspections.history,raw/fda.inspections.history/2026/09/20260908T143307Z-cc2bb4babcd8.json.gz,1
fda.inspections.history,firm:1293515,2009-12-02,2026-09-08T14:33:07Z,firm_key,VISIONAID,,fda.inspections.history,raw/fda.inspections.history/2026/09/20260908T143307Z-cc2bb4babcd8.json.gz,1
fda.inspections.history,firm:1293515,2009-12-02,2026-09-08T14:33:07Z,inspected,1,count,fda.inspections.history,raw/fda.inspections.history/2026/09/20260908T143307Z-cc2bb4babcd8.json.gz,1
fda.inspections.history,firm:1293515,2009-12-02,2026-09-08T14:33:07Z,inspection_end,20091202,yyyymmdd,fda.inspections.history,raw/fda.inspections.history/2026/09/20260908T143307Z-cc2bb4babcd8.json.gz,1
fda.inspections.history,firm:1293515,2009-12-02,2026-09-08T14:33:07Z,is_foreign,0,bool,fda.inspections.history,raw/fda.inspections.history/2026/09/20260908T143307Z-cc2bb4babcd8.json.gz,1
fda.inspections.history,firm:1293515,2009-12-02,2026-09-08T14:33:07Z,is_oai,0,bool,fda.inspections.history,raw/fda.inspections.history/2026/09/20260908T143307Z-cc2bb4babcd8.json.gz,1
fda.inspections.history,firm:1293515,2009-12-02,2026-09-08T14:33:07Z,label,"VisionAid, Inc.",,fda.inspections.history,raw/fda.inspections.history/2026/09/20260908T143307Z-cc2bb4babcd8.json.gz,1
fda.inspections.history,firm:1310337,2009-12-17,2026-09-08T14:33:07Z,classification,0,ordinal,fda.inspections.history,raw/fda.inspections.history/2026/09/20260908T143307Z-cc2bb4babcd8.json.gz,1
fda.inspections.history,firm:1310337,2009-12-17,2026-09-08T14:33:07Z,firm_key,WYETH A SUBSIDIARY OF PFIZER,,fda.inspections.history,raw/fda.inspections.history/2026/09/20260908T143307Z-cc2bb4babcd8.json.gz,1
fda.inspections.history,firm:1310337,2009-12-17,2026-09-08T14:33:07Z,inspected,1,count,fda.inspections.history,raw/fda.inspections.history/2026/09/20260908T143307Z-cc2bb4babcd8.json.gz,1
fda.inspections.history,firm:1310337,2009-12-17,2026-09-08T14:33:07Z,inspection_end,20091217,yyyymmdd,fda.inspections.history,raw/fda.inspections.history/2026/09/20260908T143307Z-cc2bb4babcd8.json.gz,1
fda.inspections.history,firm:1310337,2009-12-17,2026-09-08T14:33:07Z,is_foreign,0,bool,fda.inspections.history,raw/fda.inspections.history/2026/09/20260908T143307Z-cc2bb4babcd8.json.gz,1
fda.inspections.history,firm:1310337,2009-12-17,2026-09-08T14:33:07Z,is_oai,0,bool,fda.inspections.history,raw/fda.inspections.history/2026/09/20260908T143307Z-cc2bb4babcd8.json.gz,1
fda.inspections.history,firm:1310337,2009-12-17,2026-09-08T14:33:07Z,label,"Wyeth Pharmaceuticals Inc., a subsidiary of Pfizer, Inc.",,fda.inspections.history,raw/fda.inspections.history/2026/09/20260908T143307Z-cc2bb4babcd8.json.gz,1
fda.inspections.history,firm:1314819,2009-12-16,2026-09-08T14:33:07Z,classification,0,ordinal,fda.inspections.history,raw/fda.inspections.history/2026/09/20260908T143307Z-cc2bb4babcd8.json.gz,1
fda.inspections.history,firm:1314819,2009-12-16,2026-09-08T14:33:07Z,firm_key,HALEON US,,fda.inspections.history,raw/fda.inspections.history/2026/09/20260908T143307Z-cc2bb4babcd8.json.gz,1
fda.inspections.history,firm:1314819,2009-12-16,2026-09-08T14:33:07Z,inspected,1,count,fda.inspections.history,raw/fda.inspections.history/2026/09/20260908T143307Z-cc2bb4babcd8.json.gz,1
fda.inspections.history,firm:1314819,2009-12-16,2026-09-08T14:33:07Z,inspection_end,20091216,yyyymmdd,fda.inspections.history,raw/fda.inspections.history/2026/09/20260908T143307Z-cc2bb4babcd8.json.gz,1
fda.inspections.history,firm:1314819,2009-12-16,2026-09-08T14:33:07Z,is_foreign,0,bool,fda.inspections.history,raw/fda.inspections.history/2026/09/20260908T143307Z-cc2bb4babcd8.json.gz,1
fda.inspections.history,firm:1314819,2009-12-16,2026-09-08T14:33:07Z,is_oai,0,bool,fda.inspections.history,raw/fda.inspections.history/2026/09/20260908T143307Z-cc2bb4babcd8.json.gz,1
fda.inspections.history,firm:1314819,2009-12-16,2026-09-08T14:33:07Z,label,Haleon US Holdings LLC,,fda.inspections.history,raw/fda.inspections.history/2026/09/20260908T143307Z-cc2bb4babcd8.json.gz,1
fda.inspections.history,firm:1317439,2009-12-15,2026-09-08T14:33:07Z,classification,1,ordinal,fda.inspections.history,raw/fda.inspections.history/2026/09/20260908T143307Z-cc2bb4babcd8.json.gz,1
fda.inspections.history,firm:1317439,2009-12-15,2026-09-08T14:33:07Z,firm_key,MONTGOMERY COUNTY CHAPTER NYSARC,,fda.inspections.history,raw/fda.inspections.history/2026/09/20260908T143307Z-cc2bb4babcd8.json.gz,1
fda.inspections.history,firm:1317439,2009-12-15,2026-09-08T14:33:07Z,inspected,1,count,fda.inspections.history,raw/fda.inspections.history/2026/09/20260908T143307Z-cc2bb4babcd8.json.gz,1
fda.inspections.history,firm:1317439,2009-12-15,2026-09-08T14:33:07Z,inspection_end,20091215,yyyymmdd,fda.inspections.history,raw/fda.inspections.history/2026/09/20260908T143307Z-cc2bb4babcd8.json.gz,1
fda.inspections.history,firm:1317439,2009-12-15,2026-09-08T14:33:07Z,is_foreign,0,bool,fda.inspections.history,raw/fda.inspections.history/2026/09/20260908T143307Z-cc2bb4babcd8.json.gz,1
fda.inspections.history,firm:1317439,2009-12-15,2026-09-08T14:33:07Z,is_oai,0,bool,fda.inspections.history,raw/fda.inspections.history/2026/09/20260908T143307Z-cc2bb4babcd8.json.gz,1
fda.inspections.history,firm:1317439,2009-12-15,2026-09-08T14:33:07Z,label,"Montgomery County Chapter Nysarc, Inc.",,fda.inspections.history,raw/fda.inspections.history/2026/09/20260908T143307Z-cc2bb4babcd8.json.gz,1
fda.inspections.history,firm:1319086,2009-12-03,2026-09-08T14:33:07Z,classification,0,ordinal,fda.inspections.history,raw/fda.inspections.history/2026/09/20260908T143307Z-cc2bb4babcd8.json.gz,1
fda.inspections.history,firm:1319086,2009-12-03,2026-09-08T14:33:07Z,firm_key,ONY BIOTECH,,fda.inspections.history,raw/fda.inspections.history/2026/09/20260908T143307Z-cc2bb4babcd8.json.gz,1
fda.inspections.history,firm:1319086,2009-12-03,2026-09-08T14:33:07Z,inspected,1,count,fda.inspections.history,raw/fda.inspections.history/2026/09/20260908T143307Z-cc2bb4babcd8.json.gz,1
fda.inspections.history,firm:1319086,2009-12-03,2026-09-08T14:33:07Z,inspection_end,20091203,yyyymmdd,fda.inspections.history,raw/fda.inspections.history/2026/09/20260908T143307Z-cc2bb4babcd8.json.gz,1
fda.inspections.history,firm:1319086,2009-12-03,2026-09-08T14:33:07Z,is_foreign,0,bool,fda.inspections.history,raw/fda.inspections.history/2026/09/20260908T143307Z-cc2bb4babcd8.json.gz,1
fda.inspections.history,firm:1319086,2009-12-03,2026-09-08T14:33:07Z,is_oai,0,bool,fda.inspections.history,raw/fda.inspections.history/2026/09/20260908T143307Z-cc2bb4babcd8.json.gz,1
fda.inspections.history,firm:1319086,2009-12-03,2026-09-08T14:33:07Z,label,"ONY Biotech, Inc.",,fda.inspections.history,raw/fda.inspections.history/2026/09/20260908T143307Z-cc2bb4babcd8.json.gz,1
fda.inspections.history,firm:1319210,2009-12-03,2026-09-08T14:33:07Z,classification,1,ordinal,fda.inspections.history,raw/fda.inspections.history/2026/09/20260908T143307Z-cc2bb4babcd8.json.gz,1
fda.inspections.history,firm:1319210,2009-12-03,2026-09-08T14:33:07Z,firm_key,CJ MAILING FULFILLMENT,,fda.inspections.history,raw/fda.inspections.history/2026/09/20260908T143307Z-cc2bb4babcd8.json.gz,1
fda.inspections.history,firm:1319210,2009-12-03,2026-09-08T14:33:07Z,inspected,1,count,fda.inspections.history,raw/fda.inspections.history/2026/09/20260908T143307Z-cc2bb4babcd8.json.gz,1
fda.inspections.history,firm:1319210,2009-12-03,2026-09-08T14:33:07Z,inspection_end,20091203,yyyymmdd,fda.inspections.history,raw/fda.inspections.history/2026/09/20260908T143307Z-cc2bb4babcd8.json.gz,1
fda.inspections.history,firm:1319210,2009-12-03,2026-09-08T14:33:07Z,is_foreign,0,bool,fda.inspections.history,raw/fda.inspections.history/2026/09/20260908T143307Z-cc2bb4babcd8.json.gz,1
fda.inspections.history,firm:1319210,2009-12-03,2026-09-08T14:33:07Z,is_oai,0,bool,fda.inspections.history,raw/fda.inspections.history/2026/09/20260908T143307Z-cc2bb4babcd8.json.gz,1
fda.inspections.history,firm:1319210,2009-12-03,2026-09-08T14:33:07Z,label,CJ Mailing & Fulfillment Inc,,fda.inspections.history,raw/fda.inspections.history/2026/09/20260908T143307Z-cc2bb4babcd8.json.gz,1
fda.inspections.history,firm:1410638,2009-12-14,2026-09-08T14:33:07Z,classification,1,ordinal,fda.inspections.history,raw/fda.inspections.history/2026/09/20260908T143307Z-cc2bb4babcd8.json.gz,1
fda.inspections.history,firm:1410638,2009-12-14,2026-09-08T14:33:07Z,firm_key,HARRY J BOSWORTH,,fda.inspections.history,raw/fda.inspections.history/2026/09/20260908T143307Z-cc2bb4babcd8.json.gz,1
fda.inspections.history,firm:1410638,2009-12-14,2026-09-08T14:33:07Z,inspected,1,count,fda.inspections.history,raw/fda.inspections.history/2026/09/20260908T143307Z-cc2bb4babcd8.json.gz,1
fda.inspections.history,firm:1410638,2009-12-14,2026-09-08T14:33:07Z,inspection_end,20091214,yyyymmdd,fda.inspections.history,raw/fda.inspections.history/2026/09/20260908T143307Z-cc2bb4babcd8.json.gz,1
fda.inspections.history,firm:1410638,2009-12-14,2026-09-08T14:33:07Z,is_foreign,0,bool,fda.inspections.history,raw/fda.inspections.history/2026/09/20260908T143307Z-cc2bb4babcd8.json.gz,1
fda.inspections.history,firm:1410638,2009-12-14,2026-09-08T14:33:07Z,is_oai,0,bool,fda.inspections.history,raw/fda.inspections.history/2026/09/20260908T143307Z-cc2bb4babcd8.json.gz,1
fda.inspections.history,firm:1410638,2009-12-14,2026-09-08T14:33:07Z,label,Harry J Bosworth Company,,fda.inspections.history,raw/fda.inspections.history/2026/09/20260908T143307Z-cc2bb4babcd8.json.gz,1
fda.inspections.history,firm:1413064,2009-12-18,2026-09-08T14:33:07Z,classification,1,ordinal,fda.inspections.history,raw/fda.inspections.history/2026/09/20260908T143307Z-cc2bb4babcd8.json.gz,1
fda.inspections.history,firm:1413064,2009-12-18,2026-09-08T14:33:07Z,firm_key,ALVA AMCO PHARMACAL COS,,fda.inspections.history,raw/fda.inspections.history/2026/09/20260908T143307Z-cc2bb4babcd8.json.gz,1
fda.inspections.history,firm:1413064,2009-12-18,2026-09-08T14:33:07Z,inspected,1,count,fda.inspections.history,raw/fda.inspections.history/2026/09/20260908T143307Z-cc2bb4babcd8.json.gz,1
fda.inspections.history,firm:1413064,2009-12-18,2026-09-08T14:33:07Z,inspection_end,20091218,yyyymmdd,fda.inspections.history,raw/fda.inspections.history/2026/09/20260908T143307Z-cc2bb4babcd8.json.gz,1
fda.inspections.history,firm:1413064,2009-12-18,2026-09-08T14:33:07Z,is_foreign,0,bool,fda.inspections.history,raw/fda.inspections.history/2026/09/20260908T143307Z-cc2bb4babcd8.json.gz,1
fda.inspections.history,firm:1413064,2009-12-18,2026-09-08T14:33:07Z,is_oai,0,bool,fda.inspections.history,raw/fda.inspections.history/2026/09/20260908T143307Z-cc2bb4babcd8.json.gz,1
fda.inspections.history,firm:1413064,2009-12-18,2026-09-08T14:33:07Z,label,Alva-Amco Pharmacal Cos Inc.,,fda.inspections.history,raw/fda.inspections.history/2026/09/20260908T143307Z-cc2bb4babcd8.json.gz,1
fda.inspections.history,firm:1419678,2009-12-18,2026-09-08T14:33:07Z,classification,1,ordinal,fda.inspections.history,raw/fda.inspections.history/2026/09/20260908T143307Z-cc2bb4babcd8.json.gz,1
fda.inspections.history,firm:1419678,2009-12-18,2026-09-08T14:33:07Z,firm_key,MEDA,,fda.inspections.history,raw/fda.inspections.history/2026/09/20260908T143307Z-cc2bb4babcd8.json.gz,1
fda.inspections.history,firm:1419678,2009-12-18,2026-09-08T14:33:07Z,inspected,1,count,fda.inspections.history,raw/fda.inspections.history/2026/09/20260908T143307Z-cc2bb4babcd8.json.gz,1
fda.inspections.history,firm:1419678,2009-12-18,2026-09-08T14:33:07Z,inspection_end,20091218,yyyymmdd,fda.inspections.history,raw/fda.inspections.history/2026/09/20260908T143307Z-cc2bb4babcd8.json.gz,1
fda.inspections.history,firm:1419678,2009-12-18,2026-09-08T14:33:07Z,is_foreign,0,bool,fda.inspections.history,raw/fda.inspections.history/2026/09/20260908T143307Z-cc2bb4babcd8.json.gz,1
fda.inspections.history,firm:1419678,2009-12-18,2026-09-08T14:33:07Z,is_oai,0,bool,fda.inspections.history,raw/fda.inspections.history/2026/09/20260908T143307Z-cc2bb4babcd8.json.gz,1
fda.inspections.history,firm:1419678,2009-12-18,2026-09-08T14:33:07Z,label,Meda Pharmaceuticals Inc,,fda.inspections.history,raw/fda.inspections.history/2026/09/20260908T143307Z-cc2bb4babcd8.json.gz,1
fda.inspections.history,firm:1421377,2009-12-18,2026-09-08T14:33:07Z,classification,0,ordinal,fda.inspections.history,raw/fda.inspections.history/2026/09/20260908T143307Z-cc2bb4babcd8.json.gz,1
fda.inspections.history,firm:1421377,2009-12-18,2026-09-08T14:33:07Z,firm_key,ANDERSONBRECON,,fda.inspections.history,raw/fda.inspections.history/2026/09/20260908T143307Z-cc2bb4babcd8.json.gz,1
fda.inspections.history,firm:1421377,2009-12-18,2026-09-08T14:33:07Z,inspected,1,count,fda.inspections.history,raw/fda.inspections.history/2026/09/20260908T143307Z-cc2bb4babcd8.json.gz,1
fda.inspections.history,firm:1421377,2009-12-18,2026-09-08T14:33:07Z,inspection_end,20091218,yyyymmdd,fda.inspections.history,raw/fda.inspections.history/2026/09/20260908T143307Z-cc2bb4babcd8.json.gz,1
fda.inspections.history,firm:1421377,2009-12-18,2026-09-08T14:33:07Z,is_foreign,0,bool,fda.inspections.history,raw/fda.inspections.history/2026/09/20260908T143307Z-cc2bb4babcd8.json.gz,1
fda.inspections.history,firm:1421377,2009-12-18,2026-09-08T14:33:07Z,is_oai,0,bool,fda.inspections.history,raw/fda.inspections.history/2026/09/20260908T143307Z-cc2bb4babcd8.json.gz,1
fda.inspections.history,firm:1421377,2009-12-18,2026-09-08T14:33:07Z,label,AndersonBrecon Inc.,,fda.inspections.history,raw/fda.inspections.history/2026/09/20260908T143307Z-cc2bb4babcd8.json.gz,1
fda.inspections.history,firm:1450662,2009-12-15,2026-09-08T14:33:07Z,classification,0,ordinal,fda.inspections.history,raw/fda.inspections.history/2026/09/20260908T143307Z-cc2bb4babcd8.json.gz,1
fda.inspections.history,firm:1450662,2009-12-15,2026-09-08T14:33:07Z,firm_key,ISOMEDIX OPERATIONS,,fda.inspections.history,raw/fda.inspections.history/2026/09/20260908T143307Z-cc2bb4babcd8.json.gz,1
fda.inspections.history,firm:1450662,2009-12-15,2026-09-08T14:33:07Z,inspected,1,count,fda.inspections.history,raw/fda.inspections.history/2026/09/20260908T143307Z-cc2bb4babcd8.json.gz,1
fda.inspections.history,firm:1450662,2009-12-15,2026-09-08T14:33:07Z,inspection_end,20091215,yyyymmdd,fda.inspections.history,raw/fda.inspections.history/2026/09/20260908T143307Z-cc2bb4babcd8.json.gz,1
fda.inspections.history,firm:1450662,2009-12-15,2026-09-08T14:33:07Z,is_foreign,0,bool,fda.inspections.history,raw/fda.inspections.history/2026/09/20260908T143307Z-cc2bb4babcd8.json.gz,1
fda.inspections.history,firm:1450662,2009-12-15,2026-09-08T14:33:07Z,is_oai,0,bool,fda.inspections.history,raw/fda.inspections.history/2026/09/20260908T143307Z-cc2bb4babcd8.json.gz,1
fda.inspections.history,firm:1450662,2009-12-15,2026-09-08T14:33:07Z,label,"Isomedix Operations, Inc.",,fda.inspections.history,raw/fda.inspections.history/2026/09/20260908T143307Z-cc2bb4babcd8.json.gz,1
fda.inspections.history,firm:1517140,2009-12-03,2026-09-08T14:33:07Z,classification,1,ordinal,fda.inspections.history,raw/fda.inspections.history/2026/09/20260908T143307Z-cc2bb4babcd8.json.gz,1
fda.inspections.history,firm:1517140,2009-12-03,2026-09-08T14:33:07Z,firm_key,NEW AVON,,fda.inspections.history,raw/fda.inspections.history/2026/09/20260908T143307Z-cc2bb4babcd8.json.gz,1
fda.inspections.history,firm:1517140,2009-12-03,2026-09-08T14:33:07Z,inspected,1,count,fda.inspections.history,raw/fda.inspections.history/2026/09/20260908T143307Z-cc2bb4babcd8.json.gz,1
fda.inspections.history,firm:1517140,2009-12-03,2026-09-08T14:33:07Z,inspection_end,20091203,yyyymmdd,fda.inspections.history,raw/fda.inspections.history/2026/09/20260908T143307Z-cc2bb4babcd8.json.gz,1
fda.inspections.history,firm:1517140,2009-12-03,2026-09-08T14:33:07Z,is_foreign,0,bool,fda.inspections.history,raw/fda.inspections.history/2026/09/20260908T143307Z-cc2bb4babcd8.json.gz,1
fda.inspections.history,firm:1517140,2009-12-03,2026-09-08T14:33:07Z,is_oai,0,bool,fda.inspections.history,raw/fda.inspections.history/2026/09/20260908T143307Z-cc2bb4babcd8.json.gz,1
fda.inspections.history,firm:1517140,2009-12-03,2026-09-08T14:33:07Z,label,New Avon LLC,,fda.inspections.history,raw/fda.inspections.history/2026/09/20260908T143307Z-cc2bb4babcd8.json.gz,1
fda.inspections.history,firm:1519202,2009-12-16,2026-09-08T14:33:07Z,classification,0,ordinal,fda.inspections.history,raw/fda.inspections.history/2026/09/20260908T143307Z-cc2bb4babcd8.json.gz,1
fda.inspections.history,firm:1519202,2009-12-16,2026-09-08T14:33:07Z,firm_key,WOODBINE PRODUCTS,,fda.inspections.history,raw/fda.inspections.history/2026/09/20260908T143307Z-cc2bb4babcd8.json.gz,1
fda.inspections.history,firm:1519202,2009-12-16,2026-09-08T14:33:07Z,inspected,1,count,fda.inspections.history,raw/fda.inspections.history/2026/09/20260908T143307Z-cc2bb4babcd8.json.gz,1
fda.inspections.history,firm:1519202,2009-12-16,2026-09-08T14:33:07Z,inspection_end,20091216,yyyymmdd,fda.inspections.history,raw/fda.inspections.history/2026/09/20260908T143307Z-cc2bb4babcd8.json.gz,1
fda.inspections.history,firm:1519202,2009-12-16,2026-09-08T14:33:07Z,is_foreign,0,bool,fda.inspections.history,raw/fda.inspections.history/2026/09/20260908T143307Z-cc2bb4babcd8.json.gz,1
fda.inspections.history,firm:1519202,2009-12-16,2026-09-08T14:33:07Z,is_oai,0,bool,fda.inspections.history,raw/fda.inspections.history/2026/09/20260908T143307Z-cc2bb4babcd8.json.gz,1
fda.inspections.history,firm:1519202,2009-12-16,2026-09-08T14:33:07Z,label,Woodbine Products Company Inc.,,fda.inspections.history,raw/fda.inspections.history/2026/09/20260908T143307Z-cc2bb4babcd8.json.gz,1
fda.inspections.history,firm:1519257,2009-12-21,2026-09-08T14:33:07Z,classification,0,ordinal,fda.inspections.history,raw/fda.inspections.history/2026/09/20260908T143307Z-cc2bb4babcd8.json.gz,1
fda.inspections.history,firm:1519257,2009-12-21,2026-09-08T14:33:07Z,firm_key,BEN VENUE,,fda.inspections.history,raw/fda.inspections.history/2026/09/20260908T143307Z-cc2bb4babcd8.json.gz,1
fda.inspections.history,firm:1519257,2009-12-21,2026-09-08T14:33:07Z,inspected,1,count,fda.inspections.history,raw/fda.inspections.history/2026/09/20260908T143307Z-cc2bb4babcd8.json.gz,1
fda.inspections.history,firm:1519257,2009-12-21,2026-09-08T14:33:07Z,inspection_end,20091221,yyyymmdd,fda.inspections.history,raw/fda.inspections.history/2026/09/20260908T143307Z-cc2bb4babcd8.json.gz,1
fda.inspections.history,firm:1519257,2009-12-21,2026-09-08T14:33:07Z,is_foreign,0,bool,fda.inspections.history,raw/fda.inspections.history/2026/09/20260908T143307Z-cc2bb4babcd8.json.gz,1
fda.inspections.history,firm:1519257,2009-12-21,2026-09-08T14:33:07Z,is_oai,0,bool,fda.inspections.history,raw/fda.inspections.history/2026/09/20260908T143307Z-cc2bb4babcd8.json.gz,1
fda.inspections.history,firm:1519257,2009-12-21,2026-09-08T14:33:07Z,label,Ben Venue Laboratories Inc,,fda.inspections.history,raw/fda.inspections.history/2026/09/20260908T143307Z-cc2bb4babcd8.json.gz,1
fda.inspections.history,firm:1527529,2009-12-23,2026-09-08T14:33:07Z,classification,0,ordinal,fda.inspections.history,raw/fda.inspections.history/2026/09/20260908T143307Z-cc2bb4babcd8.json.gz,1
fda.inspections.history,firm:1527529,2009-12-23,2026-09-08T14:33:07Z,firm_key,BOEHRINGER INGELHEIM ROXANE,,fda.inspections.history,raw/fda.inspections.history/2026/09/20260908T143307Z-cc2bb4babcd8.json.gz,1
fda.inspections.history,firm:1527529,2009-12-23,2026-09-08T14:33:07Z,inspected,1,count,fda.inspections.history,raw/fda.inspections.history/2026/09/20260908T143307Z-cc2bb4babcd8.json.gz,1
fda.inspections.history,firm:1527529,2009-12-23,2026-09-08T14:33:07Z,inspection_end,20091223,yyyymmdd,fda.inspections.history,raw/fda.inspections.history/2026/09/20260908T143307Z-cc2bb4babcd8.json.gz,1
fda.inspections.history,firm:1527529,2009-12-23,2026-09-08T14:33:07Z,is_foreign,0,bool,fda.inspections.history,raw/fda.inspections.history/2026/09/20260908T143307Z-cc2bb4babcd8.json.gz,1
fda.inspections.history,firm:1527529,2009-12-23,2026-09-08T14:33:07Z,is_oai,0,bool,fda.inspections.history,raw/fda.inspections.history/2026/09/20260908T143307Z-cc2bb4babcd8.json.gz,1
fda.inspections.history,firm:1527529,2009-12-23,2026-09-08T14:33:07Z,label,Boehringer Ingelheim Roxane Inc,,fda.inspections.history,raw/fda.inspections.history/2026/09/20260908T143307Z-cc2bb4babcd8.json.gz,1
fda.inspections.history,firm:1628454,2009-12-11,2026-09-08T14:33:07Z,classification,0,ordinal,fda.inspections.history,raw/fda.inspections.history/2026/09/20260908T143307Z-cc2bb4babcd8.json.gz,1
fda.inspections.history,firm:1628454,2009-12-11,2026-09-08T14:33:07Z,firm_key,OTSUKA ICU MEDICAL,,fda.inspections.history,raw/fda.inspections.history/2026/09/20260908T143307Z-cc2bb4babcd8.json.gz,1
fda.inspections.history,firm:1628454,2009-12-11,2026-09-08T14:33:07Z,inspected,1,count,fda.inspections.history,raw/fda.inspections.history/2026/09/20260908T143307Z-cc2bb4babcd8.json.gz,1
fda.inspections.history,firm:1628454,2009-12-11,2026-09-08T14:33:07Z,inspection_end,20091211,yyyymmdd,fda.inspections.history,raw/fda.inspections.history/2026/09/20260908T143307Z-cc2bb4babcd8.json.gz,1
fda.inspections.history,firm:1628454,2009-12-11,2026-09-08T14:33:07Z,is_foreign,0,bool,fda.inspections.history,raw/fda.inspections.history/2026/09/20260908T143307Z-cc2bb4babcd8.json.gz,1
fda.inspections.history,firm:1628454,2009-12-11,2026-09-08T14:33:07Z,is_oai,0,bool,fda.inspections.history,raw/fda.inspections.history/2026/09/20260908T143307Z-cc2bb4babcd8.json.gz,1
fda.inspections.history,firm:1628454,2009-12-11,2026-09-08T14:33:07Z,label,Otsuka ICU Medical LLC,,fda.inspections.history,raw/fda.inspections.history/2026/09/20260908T143307Z-cc2bb4babcd8.json.gz,1
fda.inspections.history,firm:1641337,2009-12-09,2026-09-08T14:33:07Z,classification,1,ordinal,fda.inspections.history,raw/fda.inspections.history/2026/09/20260908T143307Z-cc2bb4babcd8.json.gz,1
fda.inspections.history,firm:1641337,2009-12-09,2026-09-08T14:33:07Z,firm_key,CENTRAL TEXAS COMMUNITY HEALTH CENTERS,,fda.inspections.history,raw/fda.inspections.history/2026/09/20260908T143307Z-cc2bb4babcd8.json.gz,1
fda.inspections.history,firm:1641337,2009-12-09,2026-09-08T14:33:07Z,inspected,1,count,fda.inspections.history,raw/fda.inspections.history/2026/09/20260908T143307Z-cc2bb4babcd8.json.gz,1
fda.inspections.history,firm:1641337,2009-12-09,2026-09-08T14:33:07Z,inspection_end,20091209,yyyymmdd,fda.inspections.history,raw/fda.inspections.history/2026/09/20260908T143307Z-cc2bb4babcd8.json.gz,1
fda.inspections.history,firm:1641337,2009-12-09,2026-09-08T14:33:07Z,is_foreign,0,bool,fda.inspections.history,raw/fda.inspections.history/2026/09/20260908T143307Z-cc2bb4babcd8.json.gz,1
fda.inspections.history,firm:1641337,2009-12-09,2026-09-08T14:33:07Z,is_oai,0,bool,fda.inspections.history,raw/fda.inspections.history/2026/09/20260908T143307Z-cc2bb4babcd8.json.gz,1
fda.inspections.history,firm:1641337,2009-12-09,2026-09-08T14:33:07Z,label,Central Texas Community Health Centers,,fda.inspections.history,raw/fda.inspections.history/2026/09/20260908T143307Z-cc2bb4babcd8.json.gz,1
fda.inspections.history,firm:1642813,2009-12-21,2026-09-08T14:33:07Z,classification,1,ordinal,fda.inspections.history,raw/fda.inspections.history/2026/09/20260908T143307Z-cc2bb4babcd8.json.gz,1
fda.inspections.history,firm:1642813,2009-12-21,2026-09-08T14:33:07Z,firm_key,CHEMOLEE,,fda.inspections.history,raw/fda.inspections.history/2026/09/20260908T143307Z-cc2bb4babcd8.json.gz,1
fda.inspections.history,firm:1642813,2009-12-21,2026-09-08T14:33:07Z,inspected,1,count,fda.inspections.history,raw/fda.inspections.history/2026/09/20260908T143307Z-cc2bb4babcd8.json.gz,1
fda.inspections.history,firm:1642813,2009-12-21,2026-09-08T14:33:07Z,inspection_end,20091221,yyyymmdd,fda.inspections.history,raw/fda.inspections.history/2026/09/20260908T143307Z-cc2bb4babcd8.json.gz,1
fda.inspections.history,firm:1642813,2009-12-21,2026-09-08T14:33:07Z,is_foreign,0,bool,fda.inspections.history,raw/fda.inspections.history/2026/09/20260908T143307Z-cc2bb4babcd8.json.gz,1
fda.inspections.history,firm:1642813,2009-12-21,2026-09-08T14:33:07Z,is_oai,0,bool,fda.inspections.history,raw/fda.inspections.history/2026/09/20260908T143307Z-cc2bb4babcd8.json.gz,1
fda.inspections.history,firm:1642813,2009-12-21,2026-09-08T14:33:07Z,label,Chemolee Lab Corporation,,fda.inspections.history,raw/fda.inspections.history/2026/09/20260908T143307Z-cc2bb4babcd8.json.gz,1
fda.inspections.history,firm:1675434,2009-12-14,2026-09-08T14:33:07Z,classification,1,ordinal,fda.inspections.history,raw/fda.inspections.history/2026/09/20260908T143307Z-cc2bb4babcd8.json.gz,1
fda.inspections.history,firm:1675434,2009-12-14,2026-09-08T14:33:07Z,firm_key,INTEGRIS SOUTHWEST MEDICAL CENTER IRB,,fda.inspections.history,raw/fda.inspections.history/2026/09/20260908T143307Z-cc2bb4babcd8.json.gz,1
fda.inspections.history,firm:1675434,2009-12-14,2026-09-08T14:33:07Z,inspected,1,count,fda.inspections.history,raw/fda.inspections.history/2026/09/20260908T143307Z-cc2bb4babcd8.json.gz,1
fda.inspections.history,firm:1675434,2009-12-14,2026-09-08T14:33:07Z,inspection_end,20091214,yyyymmdd,fda.inspections.history,raw/fda.inspections.history/2026/09/20260908T143307Z-cc2bb4babcd8.json.gz,1
fda.inspections.history,firm:1675434,2009-12-14,2026-09-08T14:33:07Z,is_foreign,0,bool,fda.inspections.history,raw/fda.inspections.history/2026/09/20260908T143307Z-cc2bb4babcd8.json.gz,1
fda.inspections.history,firm:1675434,2009-12-14,2026-09-08T14:33:07Z,is_oai,0,bool,fda.inspections.history,raw/fda.inspections.history/2026/09/20260908T143307Z-cc2bb4babcd8.json.gz,1
fda.inspections.history,firm:1675434,2009-12-14,2026-09-08T14:33:07Z,label,Integris Southwest Medical Center IRB,,fda.inspections.history,raw/fda.inspections.history/2026/09/20260908T143307Z-cc2bb4babcd8.json.gz,1
fda.inspections.history,firm:1710165,2009-12-09,2026-09-08T14:33:07Z,classification,0,ordinal,fda.inspections.history,raw/fda.inspections.history/2026/09/20260908T143307Z-cc2bb4babcd8.json.gz,1
fda.inspections.history,firm:1710165,2009-12-09,2026-09-08T14:33:07Z,firm_key,CORDEN COLORADO,,fda.inspections.history,raw/fda.inspections.history/2026/09/20260908T143307Z-cc2bb4babcd8.json.gz,1
fda.inspections.history,firm:1710165,2009-12-09,2026-09-08T14:33:07Z,inspected,1,count,fda.inspections.history,raw/fda.inspections.history/2026/09/20260908T143307Z-cc2bb4babcd8.json.gz,1
fda.inspections.history,firm:1710165,2009-12-09,2026-09-08T14:33:07Z,inspection_end,20091209,yyyymmdd,fda.inspections.history,raw/fda.inspections.history/2026/09/20260908T143307Z-cc2bb4babcd8.json.gz,1
fda.inspections.history,firm:1710165,2009-12-09,2026-09-08T14:33:07Z,is_foreign,0,bool,fda.inspections.history,raw/fda.inspections.history/2026/09/20260908T143307Z-cc2bb4babcd8.json.gz,1
fda.inspections.history,firm:1710165,2009-12-09,2026-09-08T14:33:07Z,is_oai,0,bool,fda.inspections.history,raw/fda.inspections.history/2026/09/20260908T143307Z-cc2bb4babcd8.json.gz,1
fda.inspections.history,firm:1710165,2009-12-09,2026-09-08T14:33:07Z,label,"Corden Pharma Colorado, Inc.",,fda.inspections.history,raw/fda.inspections.history/2026/09/20260908T143307Z-cc2bb4babcd8.json.gz,1
fda.inspections.history,firm:1721825,2009-12-15,2026-09-08T14:33:07Z,classification,0,ordinal,fda.inspections.history,raw/fda.inspections.history/2026/09/20260908T143307Z-cc2bb4babcd8.json.gz,1
fda.inspections.history,firm:1721825,2009-12-15,2026-09-08T14:33:07Z,firm_key,ROTH MEDICAL,,fda.inspections.history,raw/fda.inspections.history/2026/09/20260908T143307Z-cc2bb4babcd8.json.gz,1
fda.inspections.history,firm:1721825,2009-12-15,2026-09-08T14:33:07Z,inspected,1,count,fda.inspections.history,raw/fda.inspections.history/2026/09/20260908T143307Z-cc2bb4babcd8.json.gz,1
fda.inspections.history,firm:1721825,2009-12-15,2026-09-08T14:33:07Z,inspection_end,20091215,yyyymmdd,fda.inspections.history,raw/fda.inspections.history/2026/09/20260908T143307Z-cc2bb4babcd8.json.gz,1
fda.inspections.history,firm:1721825,2009-12-15,2026-09-08T14:33:07Z,is_foreign,0,bool,fda.inspections.history,raw/fda.inspections.history/2026/09/20260908T143307Z-cc2bb4babcd8.json.gz,1
fda.inspections.history,firm:1721825,2009-12-15,2026-09-08T14:33:07Z,is_oai,0,bool,fda.inspections.history,raw/fda.inspections.history/2026/09/20260908T143307Z-cc2bb4babcd8.json.gz,1
fda.inspections.history,firm:1721825,2009-12-15,2026-09-08T14:33:07Z,label,ROTH MEDICAL,,fda.inspections.history,raw/fda.inspections.history/2026/09/20260908T143307Z-cc2bb4babcd8.json.gz,1
fda.inspections.history,firm:1825161,2009-12-18,2026-09-08T14:33:07Z,classification,0,ordinal,fda.inspections.history,raw/fda.inspections.history/2026/09/20260908T143307Z-cc2bb4babcd8.json.gz,1
fda.inspections.history,firm:1825161,2009-12-18,2026-09-08T14:33:07Z,firm_key,MICHIGAN STATE UNIVERSITY IRB,,fda.inspections.history,raw/fda.inspections.history/2026/09/20260908T143307Z-cc2bb4babcd8.json.gz,1
fda.inspections.history,firm:1825161,2009-12-18,2026-09-08T14:33:07Z,inspected,1,count,fda.inspections.history,raw/fda.inspections.history/2026/09/20260908T143307Z-cc2bb4babcd8.json.gz,1
fda.inspections.history,firm:1825161,2009-12-18,2026-09-08T14:33:07Z,inspection_end,20091218,yyyymmdd,fda.inspections.history,raw/fda.inspections.history/2026/09/20260908T143307Z-cc2bb4babcd8.json.gz,1
fda.inspections.history,firm:1825161,2009-12-18,2026-09-08T14:33:07Z,is_foreign,0,bool,fda.inspections.history,raw/fda.inspections.history/2026/09/20260908T143307Z-cc2bb4babcd8.json.gz,1
fda.inspections.history,firm:1825161,2009-12-18,2026-09-08T14:33:07Z,is_oai,0,bool,fda.inspections.history,raw/fda.inspections.history/2026/09/20260908T143307Z-cc2bb4babcd8.json.gz,1
fda.inspections.history,firm:1825161,2009-12-18,2026-09-08T14:33:07Z,label,Michigan State University IRB,,fda.inspections.history,raw/fda.inspections.history/2026/09/20260908T143307Z-cc2bb4babcd8.json.gz,1
fda.inspections.history,firm:1926750,2009-12-03,2026-09-08T14:33:07Z,classification,0,ordinal,fda.inspections.history,raw/fda.inspections.history/2026/09/20260908T143307Z-cc2bb4babcd8.json.gz,1
fda.inspections.history,firm:1926750,2009-12-03,2026-09-08T14:33:07Z,firm_key,FOOD PRODUCTS,,fda.inspections.history,raw/fda.inspections.history/2026/09/20260908T143307Z-cc2bb4babcd8.json.gz,1
fda.inspections.history,firm:1926750,2009-12-03,2026-09-08T14:33:07Z,inspected,1,count,fda.inspections.history,raw/fda.inspections.history/2026/09/20260908T143307Z-cc2bb4babcd8.json.gz,1
fda.inspections.history,firm:1926750,2009-12-03,2026-09-08T14:33:07Z,inspection_end,20091203,yyyymmdd,fda.inspections.history,raw/fda.inspections.history/2026/09/20260908T143307Z-cc2bb4babcd8.json.gz,1
fda.inspections.history,firm:1926750,2009-12-03,2026-09-08T14:33:07Z,is_foreign,0,bool,fda.inspections.history,raw/fda.inspections.history/2026/09/20260908T143307Z-cc2bb4babcd8.json.gz,1
fda.inspections.history,firm:1926750,2009-12-03,2026-09-08T14:33:07Z,is_oai,0,bool,fda.inspections.history,raw/fda.inspections.history/2026/09/20260908T143307Z-cc2bb4babcd8.json.gz,1
fda.inspections.history,firm:1926750,2009-12-03,2026-09-08T14:33:07Z,label,International Food Products Corporation,,fda.inspections.history,raw/fda.inspections.history/2026/09/20260908T143307Z-cc2bb4babcd8.json.gz,1
fda.inspections.history,firm:1930436,2009-12-01,2026-09-08T14:33:07Z,classification,2,ordinal,fda.inspections.history,raw/fda.inspections.history/2026/09/20260908T143307Z-cc2bb4babcd8.json.gz,1
fda.inspections.history,firm:1930436,2009-12-01,2026-09-08T14:33:07Z,firm_key,MPP,,fda.inspections.history,raw/fda.inspections.history/2026/09/20260908T143307Z-cc2bb4babcd8.json.gz,1
fda.inspections.history,firm:1930436,2009-12-01,2026-09-08T14:33:07Z,inspected,1,count,fda.inspections.history,raw/fda.inspections.history/2026/09/20260908T143307Z-cc2bb4babcd8.json.gz,1
fda.inspections.history,firm:1930436,2009-12-01,2026-09-08T14:33:07Z,inspection_end,20091201,yyyymmdd,fda.inspections.history,raw/fda.inspections.history/2026/09/20260908T143307Z-cc2bb4babcd8.json.gz,1
fda.inspections.history,firm:1930436,2009-12-01,2026-09-08T14:33:07Z,is_foreign,0,bool,fda.inspections.history,raw/fda.inspections.history/2026/09/20260908T143307Z-cc2bb4babcd8.json.gz,1
fda.inspections.history,firm:1930436,2009-12-01,2026-09-08T14:33:07Z,is_oai,1,bool,fda.inspections.history,raw/fda.inspections.history/2026/09/20260908T143307Z-cc2bb4babcd8.json.gz,1
fda.inspections.history,firm:1930436,2009-12-01,2026-09-08T14:33:07Z,label,MPP PHARMA LLC,,fda.inspections.history,raw/fda.inspections.history/2026/09/20260908T143307Z-cc2bb4babcd8.json.gz,1
fda.inspections.history,firm:1937011,2009-12-10,2026-09-08T14:33:07Z,classification,0,ordinal,fda.inspections.history,raw/fda.inspections.history/2026/09/20260908T143307Z-cc2bb4babcd8.json.gz,1
fda.inspections.history,firm:1937011,2009-12-10,2026-09-08T14:33:07Z,firm_key,CARDINAL HEALTH,,fda.inspections.history,raw/fda.inspections.history/2026/09/20260908T143307Z-cc2bb4babcd8.json.gz,1
fda.inspections.history,firm:1937011,2009-12-10,2026-09-08T14:33:07Z,inspected,1,count,fda.inspections.history,raw/fda.inspections.history/2026/09/20260908T143307Z-cc2bb4babcd8.json.gz,1
fda.inspections.history,firm:1937011,2009-12-10,2026-09-08T14:33:07Z,inspection_end,20091210,yyyymmdd,fda.inspections.history,raw/fda.inspections.history/2026/09/20260908T143307Z-cc2bb4babcd8.json.gz,1
fda.inspections.history,firm:1937011,2009-12-10,2026-09-08T14:33:07Z,is_foreign,0,bool,fda.inspections.history,raw/fda.inspections.history/2026/09/20260908T143307Z-cc2bb4babcd8.json.gz,1
fda.inspections.history,firm:1937011,2009-12-10,2026-09-08T14:33:07Z,is_oai,0,bool,fda.inspections.history,raw/fda.inspections.history/2026/09/20260908T143307Z-cc2bb4babcd8.json.gz,1
fda.inspections.history,firm:1937011,2009-12-10,2026-09-08T14:33:07Z,label,"Cardinal Health, Inc.",,fda.inspections.history,raw/fda.inspections.history/2026/09/20260908T143307Z-cc2bb4babcd8.json.gz,1
fda.inspections.history,firm:1938080,2009-12-29,2026-09-08T14:33:07Z,classification,0,ordinal,fda.inspections.history,raw/fda.inspections.history/2026/09/20260908T143307Z-cc2bb4babcd8.json.gz,1
fda.inspections.history,firm:1938080,2009-12-29,2026-09-08T14:33:07Z,firm_key,LAFAYETTE WORK CENTER,,fda.inspections.history,raw/fda.inspections.history/2026/09/20260908T143307Z-cc2bb4babcd8.json.gz,1
fda.inspections.history,firm:1938080,2009-12-29,2026-09-08T14:33:07Z,inspected,1,count,fda.inspections.history,raw/fda.inspections.history/2026/09/20260908T143307Z-cc2bb4babcd8.json.gz,1
fda.inspections.history,firm:1938080,2009-12-29,2026-09-08T14:33:07Z,inspection_end,20091229,yyyymmdd,fda.inspections.history,raw/fda.inspections.history/2026/09/20260908T143307Z-cc2bb4babcd8.json.gz,1
fda.inspections.history,firm:1938080,2009-12-29,2026-09-08T14:33:07Z,is_foreign,0,bool,fda.inspections.history,raw/fda.inspections.history/2026/09/20260908T143307Z-cc2bb4babcd8.json.gz,1
fda.inspections.history,firm:1938080,2009-12-29,2026-09-08T14:33:07Z,is_oai,0,bool,fda.inspections.history,raw/fda.inspections.history/2026/09/20260908T143307Z-cc2bb4babcd8.json.gz,1
fda.inspections.history,firm:1938080,2009-12-29,2026-09-08T14:33:07Z,label,"Lafayette Work Center, Inc.",,fda.inspections.history,raw/fda.inspections.history/2026/09/20260908T143307Z-cc2bb4babcd8.json.gz,1
fda.inspections.history,firm:1938191,2009-12-14,2026-09-08T14:33:07Z,classification,0,ordinal,fda.inspections.history,raw/fda.inspections.history/2026/09/20260908T143307Z-cc2bb4babcd8.json.gz,1
fda.inspections.history,firm:1938191,2009-12-14,2026-09-08T14:33:07Z,firm_key,INTEGRA LIFESCIENCE,,fda.inspections.history,raw/fda.inspections.history/2026/09/20260908T143307Z-cc2bb4babcd8.json.gz,1
fda.inspections.history,firm:1938191,2009-12-14,2026-09-08T14:33:07Z,inspected,1,count,fda.inspections.history,raw/fda.inspections.history/2026/09/20260908T143307Z-cc2bb4babcd8.json.gz,1
fda.inspections.history,firm:1938191,2009-12-14,2026-09-08T14:33:07Z,inspection_end,20091214,yyyymmdd,fda.inspections.history,raw/fda.inspections.history/2026/09/20260908T143307Z-cc2bb4babcd8.json.gz,1
fda.inspections.history,firm:1938191,2009-12-14,2026-09-08T14:33:07Z,is_foreign,0,bool,fda.inspections.history,raw/fda.inspections.history/2026/09/20260908T143307Z-cc2bb4babcd8.json.gz,1
fda.inspections.history,firm:1938191,2009-12-14,2026-09-08T14:33:07Z,is_oai,0,bool,fda.inspections.history,raw/fda.inspections.history/2026/09/20260908T143307Z-cc2bb4babcd8.json.gz,1
fda.inspections.history,firm:1938191,2009-12-14,2026-09-08T14:33:07Z,label,"Integra Lifescience, LLC",,fda.inspections.history,raw/fda.inspections.history/2026/09/20260908T143307Z-cc2bb4babcd8.json.gz,1
fda.inspections.history,firm:1940861,2009-12-11,2026-09-08T14:33:07Z,classification,1,ordinal,fda.inspections.history,raw/fda.inspections.history/2026/09/20260908T143307Z-cc2bb4babcd8.json.gz,1
fda.inspections.history,firm:1940861,2009-12-11,2026-09-08T14:33:07Z,firm_key,MCKESSON,,fda.inspections.history,raw/fda.inspections.history/2026/09/20260908T143307Z-cc2bb4babcd8.json.gz,1
fda.inspections.history,firm:1940861,2009-12-11,2026-09-08T14:33:07Z,inspected,1,count,fda.inspections.history,raw/fda.inspections.history/2026/09/20260908T143307Z-cc2bb4babcd8.json.gz,1
fda.inspections.history,firm:1940861,2009-12-11,2026-09-08T14:33:07Z,inspection_end,20091211,yyyymmdd,fda.inspections.history,raw/fda.inspections.history/2026/09/20260908T143307Z-cc2bb4babcd8.json.gz,1
fda.inspections.history,firm:1940861,2009-12-11,2026-09-08T14:33:07Z,is_foreign,0,bool,fda.inspections.history,raw/fda.inspections.history/2026/09/20260908T143307Z-cc2bb4babcd8.json.gz,1
fda.inspections.history,firm:1940861,2009-12-11,2026-09-08T14:33:07Z,is_oai,0,bool,fda.inspections.history,raw/fda.inspections.history/2026/09/20260908T143307Z-cc2bb4babcd8.json.gz,1
fda.inspections.history,firm:1940861,2009-12-11,2026-09-08T14:33:07Z,label,McKesson Corporation,,fda.inspections.history,raw/fda.inspections.history/2026/09/20260908T143307Z-cc2bb4babcd8.json.gz,1
fda.inspections.history,firm:2013624,2009-12-18,2026-09-08T14:33:07Z,classification,0,ordinal,fda.inspections.history,raw/fda.inspections.history/2026/09/20260908T143307Z-cc2bb4babcd8.json.gz,1
fda.inspections.history,firm:2013624,2009-12-18,2026-09-08T14:33:07Z,firm_key,LINDE GAS EQUIPMENT,,fda.inspections.history,raw/fda.inspections.history/2026/09/20260908T143307Z-cc2bb4babcd8.json.gz,1
fda.inspections.history,firm:2013624,2009-12-18,2026-09-08T14:33:07Z,inspected,1,count,fda.inspections.history,raw/fda.inspections.history/2026/09/20260908T143307Z-cc2bb4babcd8.json.gz,1
fda.inspections.history,firm:2013624,2009-12-18,2026-09-08T14:33:07Z,inspection_end,20091218,yyyymmdd,fda.inspections.history,raw/fda.inspections.history/2026/09/20260908T143307Z-cc2bb4babcd8.json.gz,1
fda.inspections.history,firm:2013624,2009-12-18,2026-09-08T14:33:07Z,is_foreign,0,bool,fda.inspections.history,raw/fda.inspections.history/2026/09/20260908T143307Z-cc2bb4babcd8.json.gz,1
fda.inspections.history,firm:2013624,2009-12-18,2026-09-08T14:33:07Z,is_oai,0,bool,fda.inspections.history,raw/fda.inspections.history/2026/09/20260908T143307Z-cc2bb4babcd8.json.gz,1
fda.inspections.history,firm:2013624,2009-12-18,2026-09-08T14:33:07Z,label,Linde Gas & Equipment Inc.,,fda.inspections.history,raw/fda.inspections.history/2026/09/20260908T143307Z-cc2bb4babcd8.json.gz,1
fda.inspections.history,firm:2020372,2009-12-22,2026-09-08T14:33:07Z,classification,1,ordinal,fda.inspections.history,raw/fda.inspections.history/2026/09/20260908T143307Z-cc2bb4babcd8.json.gz,1
fda.inspections.history,firm:2020372,2009-12-22,2026-09-08T14:33:07Z,firm_key,WESTWOOD,,fda.inspections.history,raw/fda.inspections.history/2026/09/20260908T143307Z-cc2bb4babcd8.json.gz,1
fda.inspections.history,firm:2020372,2009-12-22,2026-09-08T14:33:07Z,inspected,1,count,fda.inspections.history,raw/fda.inspections.history/2026/09/20260908T143307Z-cc2bb4babcd8.json.gz,1
fda.inspections.history,firm:2020372,2009-12-22,2026-09-08T14:33:07Z,inspection_end,20091222,yyyymmdd,fda.inspections.history,raw/fda.inspections.history/2026/09/20260908T143307Z-cc2bb4babcd8.json.gz,1
fda.inspections.history,firm:2020372,2009-12-22,2026-09-08T14:33:07Z,is_foreign,0,bool,fda.inspections.history,raw/fda.inspections.history/2026/09/20260908T143307Z-cc2bb4babcd8.json.gz,1
fda.inspections.history,firm:2020372,2009-12-22,2026-09-08T14:33:07Z,is_oai,0,bool,fda.inspections.history,raw/fda.inspections.history/2026/09/20260908T143307Z-cc2bb4babcd8.json.gz,1
fda.inspections.history,firm:2020372,2009-12-22,2026-09-08T14:33:07Z,label,"Westwood Laboratories, LLC.",,fda.inspections.history,raw/fda.inspections.history/2026/09/20260908T143307Z-cc2bb4babcd8.json.gz,1
fda.inspections.history,firm:2021299,2009-12-09,2026-09-08T14:33:07Z,classification,0,ordinal,fda.inspections.history,raw/fda.inspections.history/2026/09/20260908T143307Z-cc2bb4babcd8.json.gz,1
fda.inspections.history,firm:2021299,2009-12-09,2026-09-08T14:33:07Z,firm_key,THE PROCTER GAMBLE MANUFACTURING,,fda.inspections.history,raw/fda.inspections.history/2026/09/20260908T143307Z-cc2bb4babcd8.json.gz,1
fda.inspections.history,firm:2021299,2009-12-09,2026-09-08T14:33:07Z,inspected,1,count,fda.inspections.history,raw/fda.inspections.history/2026/09/20260908T143307Z-cc2bb4babcd8.json.gz,1
fda.inspections.history,firm:2021299,2009-12-09,2026-09-08T14:33:07Z,inspection_end,20091209,yyyymmdd,fda.inspections.history,raw/fda.inspections.history/2026/09/20260908T143307Z-cc2bb4babcd8.json.gz,1
fda.inspections.history,firm:2021299,2009-12-09,2026-09-08T14:33:07Z,is_foreign,0,bool,fda.inspections.history,raw/fda.inspections.history/2026/09/20260908T143307Z-cc2bb4babcd8.json.gz,1
fda.inspections.history,firm:2021299,2009-12-09,2026-09-08T14:33:07Z,is_oai,0,bool,fda.inspections.history,raw/fda.inspections.history/2026/09/20260908T143307Z-cc2bb4babcd8.json.gz,1
fda.inspections.history,firm:2021299,2009-12-09,2026-09-08T14:33:07Z,label,The Procter & Gamble Manufacturing Company,,fda.inspections.history,raw/fda.inspections.history/2026/09/20260908T143307Z-cc2bb4babcd8.json.gz,1
fda.inspections.history,firm:2026940,2009-12-30,2026-09-08T14:33:07Z,classification,2,ordinal,fda.inspections.history,raw/fda.inspections.history/2026/09/20260908T143307Z-cc2bb4babcd8.json.gz,1
fda.inspections.history,firm:2026940,2009-12-30,2026-09-08T14:33:07Z,firm_key,K C,,fda.inspections.history,raw/fda.inspections.history/2026/09/20260908T143307Z-cc2bb4babcd8.json.gz,1
fda.inspections.history,firm:2026940,2009-12-30,2026-09-08T14:33:07Z,inspected,1,count,fda.inspections.history,raw/fda.inspections.history/2026/09/20260908T143307Z-cc2bb4babcd8.json.gz,1
fda.inspections.history,firm:2026940,2009-12-30,2026-09-08T14:33:07Z,inspection_end,20091230,yyyymmdd,fda.inspections.history,raw/fda.inspections.history/2026/09/20260908T143307Z-cc2bb4babcd8.json.gz,1
fda.inspections.history,firm:2026940,2009-12-30,2026-09-08T14:33:07Z,is_foreign,0,bool,fda.inspections.history,raw/fda.inspections.history/2026/09/20260908T143307Z-cc2bb4babcd8.json.gz,1
fda.inspections.history,firm:2026940,2009-12-30,2026-09-08T14:33:07Z,is_oai,1,bool,fda.inspections.history,raw/fda.inspections.history/2026/09/20260908T143307Z-cc2bb4babcd8.json.gz,1
fda.inspections.history,firm:2026940,2009-12-30,2026-09-08T14:33:07Z,label,"K.C. Pharmaceuticals, Inc.",,fda.inspections.history,raw/fda.inspections.history/2026/09/20260908T143307Z-cc2bb4babcd8.json.gz,1
fda.inspections.history,firm:2111173,2009-12-15,2026-09-08T14:33:07Z,classification,1,ordinal,fda.inspections.history,raw/fda.inspections.history/2026/09/20260908T143307Z-cc2bb4babcd8.json.gz,1
fda.inspections.history,firm:2111173,2009-12-15,2026-09-08T14:33:07Z,firm_key,SCIENTIFIC PROTEIN,,fda.inspections.history,raw/fda.inspections.history/2026/09/20260908T143307Z-cc2bb4babcd8.json.gz,1
fda.inspections.history,firm:2111173,2009-12-15,2026-09-08T14:33:07Z,inspected,1,count,fda.inspections.history,raw/fda.inspections.history/2026/09/20260908T143307Z-cc2bb4babcd8.json.gz,1
fda.inspections.history,firm:2111173,2009-12-15,2026-09-08T14:33:07Z,inspection_end,20091215,yyyymmdd,fda.inspections.history,raw/fda.inspections.history/2026/09/20260908T143307Z-cc2bb4babcd8.json.gz,1
fda.inspections.history,firm:2111173,2009-12-15,2026-09-08T14:33:07Z,is_foreign,0,bool,fda.inspections.history,raw/fda.inspections.history/2026/09/20260908T143307Z-cc2bb4babcd8.json.gz,1
fda.inspections.history,firm:2111173,2009-12-15,2026-09-08T14:33:07Z,is_oai,0,bool,fda.inspections.history,raw/fda.inspections.history/2026/09/20260908T143307Z-cc2bb4babcd8.json.gz,1
fda.inspections.history,firm:2111173,2009-12-15,2026-09-08T14:33:07Z,label,Scientific Protein Laboratories LLC,,fda.inspections.history,raw/fda.inspections.history/2026/09/20260908T143307Z-cc2bb4babcd8.json.gz,1
fda.inspections.history,firm:2183022,2009-12-22,2026-09-08T14:33:07Z,classification,0,ordinal,fda.inspections.history,raw/fda.inspections.history/2026/09/20260908T143307Z-cc2bb4babcd8.json.gz,1
fda.inspections.history,firm:2183022,2009-12-22,2026-09-08T14:33:07Z,firm_key,MEDICAL GRAPHICS,,fda.inspections.history,raw/fda.inspections.history/2026/09/20260908T143307Z-cc2bb4babcd8.json.gz,1
fda.inspections.history,firm:2183022,2009-12-22,2026-09-08T14:33:07Z,inspected,1,count,fda.inspections.history,raw/fda.inspections.history/2026/09/20260908T143307Z-cc2bb4babcd8.json.gz,1
fda.inspections.history,firm:2183022,2009-12-22,2026-09-08T14:33:07Z,inspection_end,20091222,yyyymmdd,fda.inspections.history,raw/fda.inspections.history/2026/09/20260908T143307Z-cc2bb4babcd8.json.gz,1
fda.inspections.history,firm:2183022,2009-12-22,2026-09-08T14:33:07Z,is_foreign,0,bool,fda.inspections.history,raw/fda.inspections.history/2026/09/20260908T143307Z-cc2bb4babcd8.json.gz,1
fda.inspections.history,firm:2183022,2009-12-22,2026-09-08T14:33:07Z,is_oai,0,bool,fda.inspections.history,raw/fda.inspections.history/2026/09/20260908T143307Z-cc2bb4babcd8.json.gz,1
fda.inspections.history,firm:2183022,2009-12-22,2026-09-08T14:33:07Z,label,Medical Graphics Corporation,,fda.inspections.history,raw/fda.inspections.history/2026/09/20260908T143307Z-cc2bb4babcd8.json.gz,1
fda.inspections.history,firm:2210679,2009-12-30,2026-09-08T14:33:07Z,classification,1,ordinal,fda.inspections.history,raw/fda.inspections.history/2026/09/20260908T143307Z-cc2bb4babcd8.json.gz,1
fda.inspections.history,firm:2210679,2009-12-30,2026-09-08T14:33:07Z,firm_key,UNETTE,,fda.inspections.history,raw/fda.inspections.history/2026/09/20260908T143307Z-cc2bb4babcd8.json.gz,1
fda.inspections.history,firm:2210679,2009-12-30,2026-09-08T14:33:07Z,inspected,1,count,fda.inspections.history,raw/fda.inspections.history/2026/09/20260908T143307Z-cc2bb4babcd8.json.gz,1
fda.inspections.history,firm:2210679,2009-12-30,2026-09-08T14:33:07Z,inspection_end,20091230,yyyymmdd,fda.inspections.history,raw/fda.inspections.history/2026/09/20260908T143307Z-cc2bb4babcd8.json.gz,1
fda.inspections.history,firm:2210679,2009-12-30,2026-09-08T14:33:07Z,is_foreign,0,bool,fda.inspections.history,raw/fda.inspections.history/2026/09/20260908T143307Z-cc2bb4babcd8.json.gz,1
fda.inspections.history,firm:2210679,2009-12-30,2026-09-08T14:33:07Z,is_oai,0,bool,fda.inspections.history,raw/fda.inspections.history/2026/09/20260908T143307Z-cc2bb4babcd8.json.gz,1
fda.inspections.history,firm:2210679,2009-12-30,2026-09-08T14:33:07Z,label,Unette Corp,,fda.inspections.history,raw/fda.inspections.history/2026/09/20260908T143307Z-cc2bb4babcd8.json.gz,1
fda.inspections.history,firm:2243605,2009-12-22,2026-09-08T14:33:07Z,classification,1,ordinal,fda.inspections.history,raw/fda.inspections.history/2026/09/20260908T143307Z-cc2bb4babcd8.json.gz,1
fda.inspections.history,firm:2243605,2009-12-22,2026-09-08T14:33:07Z,firm_key,HUNTERDON MEDICAL CTR IRB,,fda.inspections.history,raw/fda.inspections.history/2026/09/20260908T143307Z-cc2bb4babcd8.json.gz,1
fda.inspections.history,firm:2243605,2009-12-22,2026-09-08T14:33:07Z,inspected,1,count,fda.inspections.history,raw/fda.inspections.history/2026/09/20260908T143307Z-cc2bb4babcd8.json.gz,1
fda.inspections.history,firm:2243605,2009-12-22,2026-09-08T14:33:07Z,inspection_end,20091222,yyyymmdd,fda.inspections.history,raw/fda.inspections.history/2026/09/20260908T143307Z-cc2bb4babcd8.json.gz,1
fda.inspections.history,firm:2243605,2009-12-22,2026-09-08T14:33:07Z,is_foreign,0,bool,fda.inspections.history,raw/fda.inspections.history/2026/09/20260908T143307Z-cc2bb4babcd8.json.gz,1
fda.inspections.history,firm:2243605,2009-12-22,2026-09-08T14:33:07Z,is_oai,0,bool,fda.inspections.history,raw/fda.inspections.history/2026/09/20260908T143307Z-cc2bb4babcd8.json.gz,1
fda.inspections.history,firm:2243605,2009-12-22,2026-09-08T14:33:07Z,label,Hunterdon Medical Ctr Irb,,fda.inspections.history,raw/fda.inspections.history/2026/09/20260908T143307Z-cc2bb4babcd8.json.gz,1
fda.inspections.history,firm:2246907,2009-12-22,2026-09-08T14:33:07Z,classification,0,ordinal,fda.inspections.history,raw/fda.inspections.history/2026/09/20260908T143307Z-cc2bb4babcd8.json.gz,1
fda.inspections.history,firm:2246907,2009-12-22,2026-09-08T14:33:07Z,firm_key,ATLANTIC ANALYTICAL,,fda.inspections.history,raw/fda.inspections.history/2026/09/20260908T143307Z-cc2bb4babcd8.json.gz,1
fda.inspections.history,firm:2246907,2009-12-22,2026-09-08T14:33:07Z,inspected,1,count,fda.inspections.history,raw/fda.inspections.history/2026/09/20260908T143307Z-cc2bb4babcd8.json.gz,1
fda.inspections.history,firm:2246907,2009-12-22,2026-09-08T14:33:07Z,inspection_end,20091222,yyyymmdd,fda.inspections.history,raw/fda.inspections.history/2026/09/20260908T143307Z-cc2bb4babcd8.json.gz,1
fda.inspections.history,firm:2246907,2009-12-22,2026-09-08T14:33:07Z,is_foreign,0,bool,fda.inspections.history,raw/fda.inspections.history/2026/09/20260908T143307Z-cc2bb4babcd8.json.gz,1
fda.inspections.history,firm:2246907,2009-12-22,2026-09-08T14:33:07Z,is_oai,0,bool,fda.inspections.history,raw/fda.inspections.history/2026/09/20260908T143307Z-cc2bb4babcd8.json.gz,1
fda.inspections.history,firm:2246907,2009-12-22,2026-09-08T14:33:07Z,label,Atlantic Analytical Laboratories LLC,,fda.inspections.history,raw/fda.inspections.history/2026/09/20260908T143307Z-cc2bb4babcd8.json.gz,1
fda.inspections.history,firm:2315925,2009-12-14,2026-09-08T14:33:07Z,classification,1,ordinal,fda.inspections.history,raw/fda.inspections.history/2026/09/20260908T143307Z-cc2bb4babcd8.json.gz,1
fda.inspections.history,firm:2315925,2009-12-14,2026-09-08T14:33:07Z,firm_key,L OREAL USA,,fda.inspections.history,raw/fda.inspections.history/2026/09/20260908T143307Z-cc2bb4babcd8.json.gz,1
fda.inspections.history,firm:2315925,2009-12-14,2026-09-08T14:33:07Z,inspected,1,count,fda.inspections.history,raw/fda.inspections.history/2026/09/20260908T143307Z-cc2bb4babcd8.json.gz,1
fda.inspections.history,firm:2315925,2009-12-14,2026-09-08T14:33:07Z,inspection_end,20091214,yyyymmdd,fda.inspections.history,raw/fda.inspections.history/2026/09/20260908T143307Z-cc2bb4babcd8.json.gz,1
fda.inspections.history,firm:2315925,2009-12-14,2026-09-08T14:33:07Z,is_foreign,0,bool,fda.inspections.history,raw/fda.inspections.history/2026/09/20260908T143307Z-cc2bb4babcd8.json.gz,1
fda.inspections.history,firm:2315925,2009-12-14,2026-09-08T14:33:07Z,is_oai,0,bool,fda.inspections.history,raw/fda.inspections.history/2026/09/20260908T143307Z-cc2bb4babcd8.json.gz,1
fda.inspections.history,firm:2315925,2009-12-14,2026-09-08T14:33:07Z,label,"L'OREAL USA, INC.",,fda.inspections.history,raw/fda.inspections.history/2026/09/20260908T143307Z-cc2bb4babcd8.json.gz,1
fda.inspections.history,firm:2432734,2009-12-23,2026-09-08T14:33:07Z,classification,1,ordinal,fda.inspections.history,raw/fda.inspections.history/2026/09/20260908T143307Z-cc2bb4babcd8.json.gz,1
fda.inspections.history,firm:2432734,2009-12-23,2026-09-08T14:33:07Z,firm_key,TOPIDERM,,fda.inspections.history,raw/fda.inspections.history/2026/09/20260908T143307Z-cc2bb4babcd8.json.gz,1
fda.inspections.history,firm:2432734,2009-12-23,2026-09-08T14:33:07Z,inspected,1,count,fda.inspections.history,raw/fda.inspections.history/2026/09/20260908T143307Z-cc2bb4babcd8.json.gz,1
fda.inspections.history,firm:2432734,2009-12-23,2026-09-08T14:33:07Z,inspection_end,20091223,yyyymmdd,fda.inspections.history,raw/fda.inspections.history/2026/09/20260908T143307Z-cc2bb4babcd8.json.gz,1
fda.inspections.history,firm:2432734,2009-12-23,2026-09-08T14:33:07Z,is_foreign,0,bool,fda.inspections.history,raw/fda.inspections.history/2026/09/20260908T143307Z-cc2bb4babcd8.json.gz,1
fda.inspections.history,firm:2432734,2009-12-23,2026-09-08T14:33:07Z,is_oai,0,bool,fda.inspections.history,raw/fda.inspections.history/2026/09/20260908T143307Z-cc2bb4babcd8.json.gz,1
fda.inspections.history,firm:2432734,2009-12-23,2026-09-08T14:33:07Z,label,Topiderm Inc.,,fda.inspections.history,raw/fda.inspections.history/2026/09/20260908T143307Z-cc2bb4babcd8.json.gz,1
fda.inspections.history,firm:2433247,2009-12-03,2026-09-08T14:33:07Z,classification,2,ordinal,fda.inspections.history,raw/fda.inspections.history/2026/09/20260908T143307Z-cc2bb4babcd8.json.gz,1
fda.inspections.history,firm:2433247,2009-12-03,2026-09-08T14:33:07Z,firm_key,CHARTWELL AMITYVILLE,,fda.inspections.history,raw/fda.inspections.history/2026/09/20260908T143307Z-cc2bb4babcd8.json.gz,1
fda.inspections.history,firm:2433247,2009-12-03,2026-09-08T14:33:07Z,inspected,1,count,fda.inspections.history,raw/fda.inspections.history/2026/09/20260908T143307Z-cc2bb4babcd8.json.gz,1
fda.inspections.history,firm:2433247,2009-12-03,2026-09-08T14:33:07Z,inspection_end,20091203,yyyymmdd,fda.inspections.history,raw/fda.inspections.history/2026/09/20260908T143307Z-cc2bb4babcd8.json.gz,1
fda.inspections.history,firm:2433247,2009-12-03,2026-09-08T14:33:07Z,is_foreign,0,bool,fda.inspections.history,raw/fda.inspections.history/2026/09/20260908T143307Z-cc2bb4babcd8.json.gz,1
fda.inspections.history,firm:2433247,2009-12-03,2026-09-08T14:33:07Z,is_oai,1,bool,fda.inspections.history,raw/fda.inspections.history/2026/09/20260908T143307Z-cc2bb4babcd8.json.gz,1
fda.inspections.history,firm:2433247,2009-12-03,2026-09-08T14:33:07Z,label,"Chartwell Pharmaceuticals Amityville, LLC",,fda.inspections.history,raw/fda.inspections.history/2026/09/20260908T143307Z-cc2bb4babcd8.json.gz,1
fda.inspections.history,firm:2433753,2009-12-14,2026-09-08T14:33:07Z,classification,1,ordinal,fda.inspections.history,raw/fda.inspections.history/2026/09/20260908T143307Z-cc2bb4babcd8.json.gz,1
fda.inspections.history,firm:2433753,2009-12-14,2026-09-08T14:33:07Z,firm_key,GERITREX,,fda.inspections.history,raw/fda.inspections.history/2026/09/20260908T143307Z-cc2bb4babcd8.json.gz,1
fda.inspections.history,firm:2433753,2009-12-14,2026-09-08T14:33:07Z,inspected,1,count,fda.inspections.history,raw/fda.inspections.history/2026/09/20260908T143307Z-cc2bb4babcd8.json.gz,1
fda.inspections.history,firm:2433753,2009-12-14,2026-09-08T14:33:07Z,inspection_end,20091214,yyyymmdd,fda.inspections.history,raw/fda.inspections.history/2026/09/20260908T143307Z-cc2bb4babcd8.json.gz,1
fda.inspections.history,firm:2433753,2009-12-14,2026-09-08T14:33:07Z,is_foreign,0,bool,fda.inspections.history,raw/fda.inspections.history/2026/09/20260908T143307Z-cc2bb4babcd8.json.gz,1
fda.inspections.history,firm:2433753,2009-12-14,2026-09-08T14:33:07Z,is_oai,0,bool,fda.inspections.history,raw/fda.inspections.history/2026/09/20260908T143307Z-cc2bb4babcd8.json.gz,1
fda.inspections.history,firm:2433753,2009-12-14,2026-09-08T14:33:07Z,label,Geritrex Corporation,,fda.inspections.history,raw/fda.inspections.history/2026/09/20260908T143307Z-cc2bb4babcd8.json.gz,1
fda.inspections.history,firm:2510561,2009-12-29,2026-09-08T14:33:07Z,classification,0,ordinal,fda.inspections.history,raw/fda.inspections.history/2026/09/20260908T143307Z-cc2bb4babcd8.json.gz,1
fda.inspections.history,firm:2510561,2009-12-29,2026-09-08T14:33:07Z,firm_key,CHEROKEE,,fda.inspections.history,raw/fda.inspections.history/2026/09/20260908T143307Z-cc2bb4babcd8.json.gz,1
fda.inspections.history,firm:2510561,2009-12-29,2026-09-08T14:33:07Z,inspected,1,count,fda.inspections.history,raw/fda.inspections.history/2026/09/20260908T143307Z-cc2bb4babcd8.json.gz,1
fda.inspections.history,firm:2510561,2009-12-29,2026-09-08T14:33:07Z,inspection_end,20091229,yyyymmdd,fda.inspections.history,raw/fda.inspections.history/2026/09/20260908T143307Z-cc2bb4babcd8.json.gz,1
fda.inspections.history,firm:2510561,2009-12-29,2026-09-08T14:33:07Z,is_foreign,0,bool,fda.inspections.history,raw/fda.inspections.history/2026/09/20260908T143307Z-cc2bb4babcd8.json.gz,1
fda.inspections.history,firm:2510561,2009-12-29,2026-09-08T14:33:07Z,is_oai,0,bool,fda.inspections.history,raw/fda.inspections.history/2026/09/20260908T143307Z-cc2bb4babcd8.json.gz,1
fda.inspections.history,firm:2510561,2009-12-29,2026-09-08T14:33:07Z,label,"Cherokee Pharmaceuticals, LLC",,fda.inspections.history,raw/fda.inspections.history/2026/09/20260908T143307Z-cc2bb4babcd8.json.gz,1
fda.inspections.history,firm:2619635,2009-12-29,2026-09-08T14:33:07Z,classification,1,ordinal,fda.inspections.history,raw/fda.inspections.history/2026/09/20260908T143307Z-cc2bb4babcd8.json.gz,1
fda.inspections.history,firm:2619635,2009-12-29,2026-09-08T14:33:07Z,firm_key,TEVA PUERTO RICO,,fda.inspections.history,raw/fda.inspections.history/2026/09/20260908T143307Z-cc2bb4babcd8.json.gz,1
fda.inspections.history,firm:2619635,2009-12-29,2026-09-08T14:33:07Z,inspected,1,count,fda.inspections.history,raw/fda.inspections.history/2026/09/20260908T143307Z-cc2bb4babcd8.json.gz,1
fda.inspections.history,firm:2619635,2009-12-29,2026-09-08T14:33:07Z,inspection_end,20091229,yyyymmdd,fda.inspections.history,raw/fda.inspections.history/2026/09/20260908T143307Z-cc2bb4babcd8.json.gz,1
fda.inspections.history,firm:2619635,2009-12-29,2026-09-08T14:33:07Z,is_foreign,0,bool,fda.inspections.history,raw/fda.inspections.history/2026/09/20260908T143307Z-cc2bb4babcd8.json.gz,1
fda.inspections.history,firm:2619635,2009-12-29,2026-09-08T14:33:07Z,is_oai,0,bool,fda.inspections.history,raw/fda.inspections.history/2026/09/20260908T143307Z-cc2bb4babcd8.json.gz,1
fda.inspections.history,firm:2619635,2009-12-29,2026-09-08T14:33:07Z,label,Teva Puerto Rico LLC,,fda.inspections.history,raw/fda.inspections.history/2026/09/20260908T143307Z-cc2bb4babcd8.json.gz,1
fda.inspections.history,firm:2650091,2009-12-07,2026-09-08T14:33:07Z,classification,1,ordinal,fda.inspections.history,raw/fda.inspections.history/2026/09/20260908T143307Z-cc2bb4babcd8.json.gz,1
fda.inspections.history,firm:2650091,2009-12-07,2026-09-08T14:33:07Z,firm_key,OMEGA DELTA,,fda.inspections.history,raw/fda.inspections.history/2026/09/20260908T143307Z-cc2bb4babcd8.json.gz,1
fda.inspections.history,firm:2650091,2009-12-07,2026-09-08T14:33:07Z,inspected,1,count,fda.inspections.history,raw/fda.inspections.history/2026/09/20260908T143307Z-cc2bb4babcd8.json.gz,1
fda.inspections.history,firm:2650091,2009-12-07,2026-09-08T14:33:07Z,inspection_end,20091207,yyyymmdd,fda.inspections.history,raw/fda.inspections.history/2026/09/20260908T143307Z-cc2bb4babcd8.json.gz,1
fda.inspections.history,firm:2650091,2009-12-07,2026-09-08T14:33:07Z,is_foreign,0,bool,fda.inspections.history,raw/fda.inspections.history/2026/09/20260908T143307Z-cc2bb4babcd8.json.gz,1
fda.inspections.history,firm:2650091,2009-12-07,2026-09-08T14:33:07Z,is_oai,0,bool,fda.inspections.history,raw/fda.inspections.history/2026/09/20260908T143307Z-cc2bb4babcd8.json.gz,1
fda.inspections.history,firm:2650091,2009-12-07,2026-09-08T14:33:07Z,label,"Omega & Delta Co., Inc.",,fda.inspections.history,raw/fda.inspections.history/2026/09/20260908T143307Z-cc2bb4babcd8.json.gz,1
fda.inspections.history,firm:2650117,2009-12-23,2026-09-08T14:33:07Z,classification,0,ordinal,fda.inspections.history,raw/fda.inspections.history/2026/09/20260908T143307Z-cc2bb4babcd8.json.gz,1
fda.inspections.history,firm:2650117,2009-12-23,2026-09-08T14:33:07Z,firm_key,ENVIRONMENTAL QUALITY,,fda.inspections.history,raw/fda.inspections.history/2026/09/20260908T143307Z-cc2bb4babcd8.json.gz,1
fda.inspections.history,firm:2650117,2009-12-23,2026-09-08T14:33:07Z,inspected,1,count,fda.inspections.history,raw/fda.inspections.history/2026/09/20260908T143307Z-cc2bb4babcd8.json.gz,1
fda.inspections.history,firm:2650117,2009-12-23,2026-09-08T14:33:07Z,inspection_end,20091223,yyyymmdd,fda.inspections.history,raw/fda.inspections.history/2026/09/20260908T143307Z-cc2bb4babcd8.json.gz,1
fda.inspections.history,firm:2650117,2009-12-23,2026-09-08T14:33:07Z,is_foreign,0,bool,fda.inspections.history,raw/fda.inspections.history/2026/09/20260908T143307Z-cc2bb4babcd8.json.gz,1
fda.inspections.history,firm:2650117,2009-12-23,2026-09-08T14:33:07Z,is_oai,0,bool,fda.inspections.history,raw/fda.inspections.history/2026/09/20260908T143307Z-cc2bb4babcd8.json.gz,1
fda.inspections.history,firm:2650117,2009-12-23,2026-09-08T14:33:07Z,label,"Environmental Quality Laboratories, Inc",,fda.inspections.history,raw/fda.inspections.history/2026/09/20260908T143307Z-cc2bb4babcd8.json.gz,1
fda.inspections.history,firm:2938651,2009-12-16,2026-09-08T14:33:07Z,classification,0,ordinal,fda.inspections.history,raw/fda.inspections.history/2026/09/20260908T143307Z-cc2bb4babcd8.json.gz,1
fda.inspections.history,firm:2938651,2009-12-16,2026-09-08T14:33:07Z,firm_key,MAYER,,fda.inspections.history,raw/fda.inspections.history/2026/09/20260908T143307Z-cc2bb4babcd8.json.gz,1
fda.inspections.history,firm:2938651,2009-12-16,2026-09-08T14:33:07Z,inspected,1,count,fda.inspections.history,raw/fda.inspections.history/2026/09/20260908T143307Z-cc2bb4babcd8.json.gz,1
fda.inspections.history,firm:2938651,2009-12-16,2026-09-08T14:33:07Z,inspection_end,20091216,yyyymmdd,fda.inspections.history,raw/fda.inspections.history/2026/09/20260908T143307Z-cc2bb4babcd8.json.gz,1
fda.inspections.history,firm:2938651,2009-12-16,2026-09-08T14:33:07Z,is_foreign,0,bool,fda.inspections.history,raw/fda.inspections.history/2026/09/20260908T143307Z-cc2bb4babcd8.json.gz,1
fda.inspections.history,firm:2938651,2009-12-16,2026-09-08T14:33:07Z,is_oai,0,bool,fda.inspections.history,raw/fda.inspections.history/2026/09/20260908T143307Z-cc2bb4babcd8.json.gz,1
fda.inspections.history,firm:2938651,2009-12-16,2026-09-08T14:33:07Z,label,"Mayer Laboratories, Inc.",,fda.inspections.history,raw/fda.inspections.history/2026/09/20260908T143307Z-cc2bb4babcd8.json.gz,1
fda.inspections.history,firm:3000215402,2009-12-11,2026-09-08T14:33:07Z,classification,0,ordinal,fda.inspections.history,raw/fda.inspections.history/2026/09/20260908T143307Z-cc2bb4babcd8.json.gz,1
fda.inspections.history,firm:3000215402,2009-12-11,2026-09-08T14:33:07Z,firm_key,APRIA HEALTHCARE,,fda.inspections.history,raw/fda.inspections.history/2026/09/20260908T143307Z-cc2bb4babcd8.json.gz,1
fda.inspections.history,firm:3000215402,2009-12-11,2026-09-08T14:33:07Z,inspected,1,count,fda.inspections.history,raw/fda.inspections.history/2026/09/20260908T143307Z-cc2bb4babcd8.json.gz,1
fda.inspections.history,firm:3000215402,2009-12-11,2026-09-08T14:33:07Z,inspection_end,20091211,yyyymmdd,fda.inspections.history,raw/fda.inspections.history/2026/09/20260908T143307Z-cc2bb4babcd8.json.gz,1
fda.inspections.history,firm:3000215402,2009-12-11,2026-09-08T14:33:07Z,is_foreign,0,bool,fda.inspections.history,raw/fda.inspections.history/2026/09/20260908T143307Z-cc2bb4babcd8.json.gz,1
fda.inspections.history,firm:3000215402,2009-12-11,2026-09-08T14:33:07Z,is_oai,0,bool,fda.inspections.history,raw/fda.inspections.history/2026/09/20260908T143307Z-cc2bb4babcd8.json.gz,1
fda.inspections.history,firm:3000215402,2009-12-11,2026-09-08T14:33:07Z,label,Apria Healthcare LLC,,fda.inspections.history,raw/fda.inspections.history/2026/09/20260908T143307Z-cc2bb4babcd8.json.gz,1
fda.inspections.history,firm:3001451793,2009-12-09,2026-09-08T14:33:07Z,classification,1,ordinal,fda.inspections.history,raw/fda.inspections.history/2026/09/20260908T143307Z-cc2bb4babcd8.json.gz,1
fda.inspections.history,firm:3001451793,2009-12-09,2026-09-08T14:33:07Z,firm_key,PREMIER COSMETIC,,fda.inspections.history,raw/fda.inspections.history/2026/09/20260908T143307Z-cc2bb4babcd8.json.gz,1
fda.inspections.history,firm:3001451793,2009-12-09,2026-09-08T14:33:07Z,inspected,1,count,fda.inspections.history,raw/fda.inspections.history/2026/09/20260908T143307Z-cc2bb4babcd8.json.gz,1
fda.inspections.history,firm:3001451793,2009-12-09,2026-09-08T14:33:07Z,inspection_end,20091209,yyyymmdd,fda.inspections.history,raw/fda.inspections.history/2026/09/20260908T143307Z-cc2bb4babcd8.json.gz,1
fda.inspections.history,firm:3001451793,2009-12-09,2026-09-08T14:33:07Z,is_foreign,0,bool,fda.inspections.history,raw/fda.inspections.history/2026/09/20260908T143307Z-cc2bb4babcd8.json.gz,1
fda.inspections.history,firm:3001451793,2009-12-09,2026-09-08T14:33:07Z,is_oai,0,bool,fda.inspections.history,raw/fda.inspections.history/2026/09/20260908T143307Z-cc2bb4babcd8.json.gz,1
fda.inspections.history,firm:3001451793,2009-12-09,2026-09-08T14:33:07Z,label,Premier Cosmetic Laboratories Holding LLC,,fda.inspections.history,raw/fda.inspections.history/2026/09/20260908T143307Z-cc2bb4babcd8.json.gz,1
fda.inspections.history,firm:3001573247,2009-12-15,2026-09-08T14:33:07Z,classification,1,ordinal,fda.inspections.history,raw/fda.inspections.history/2026/09/20260908T143307Z-cc2bb4babcd8.json.gz,1
fda.inspections.history,firm:3001573247,2009-12-15,2026-09-08T14:33:07Z,firm_key,COOPER GREEN MERCY HOSPITAL IRB,,fda.inspections.history,raw/fda.inspections.history/2026/09/20260908T143307Z-cc2bb4babcd8.json.gz,1
fda.inspections.history,firm:3001573247,2009-12-15,2026-09-08T14:33:07Z,inspected,1,count,fda.inspections.history,raw/fda.inspections.history/2026/09/20260908T143307Z-cc2bb4babcd8.json.gz,1
fda.inspections.history,firm:3001573247,2009-12-15,2026-09-08T14:33:07Z,inspection_end,20091215,yyyymmdd,fda.inspections.history,raw/fda.inspections.history/2026/09/20260908T143307Z-cc2bb4babcd8.json.gz,1
fda.inspections.history,firm:3001573247,2009-12-15,2026-09-08T14:33:07Z,is_foreign,0,bool,fda.inspections.history,raw/fda.inspections.history/2026/09/20260908T143307Z-cc2bb4babcd8.json.gz,1
fda.inspections.history,firm:3001573247,2009-12-15,2026-09-08T14:33:07Z,is_oai,0,bool,fda.inspections.history,raw/fda.inspections.history/2026/09/20260908T143307Z-cc2bb4babcd8.json.gz,1
fda.inspections.history,firm:3001573247,2009-12-15,2026-09-08T14:33:07Z,label,Cooper Green Mercy Hospital Irb,,fda.inspections.history,raw/fda.inspections.history/2026/09/20260908T143307Z-cc2bb4babcd8.json.gz,1
fda.inspections.history,firm:3001655239,2009-12-14,2026-09-08T14:33:07Z,classification,1,ordinal,fda.inspections.history,raw/fda.inspections.history/2026/09/20260908T143307Z-cc2bb4babcd8.json.gz,1
fda.inspections.history,firm:3001655239,2009-12-14,2026-09-08T14:33:07Z,firm_key,SIEGFRIED GRAFTON,,fda.inspections.history,raw/fda.inspections.history/2026/09/20260908T143307Z-cc2bb4babcd8.json.gz,1
fda.inspections.history,firm:3001655239,2009-12-14,2026-09-08T14:33:07Z,inspected,1,count,fda.inspections.history,raw/fda.inspections.history/2026/09/20260908T143307Z-cc2bb4babcd8.json.gz,1
fda.inspections.history,firm:3001655239,2009-12-14,2026-09-08T14:33:07Z,inspection_end,20091214,yyyymmdd,fda.inspections.history,raw/fda.inspections.history/2026/09/20260908T143307Z-cc2bb4babcd8.json.gz,1
fda.inspections.history,firm:3001655239,2009-12-14,2026-09-08T14:33:07Z,is_foreign,0,bool,fda.inspections.history,raw/fda.inspections.history/2026/09/20260908T143307Z-cc2bb4babcd8.json.gz,1
fda.inspections.history,firm:3001655239,2009-12-14,2026-09-08T14:33:07Z,is_oai,0,bool,fda.inspections.history,raw/fda.inspections.history/2026/09/20260908T143307Z-cc2bb4babcd8.json.gz,1
fda.inspections.history,firm:3001655239,2009-12-14,2026-09-08T14:33:07Z,label,"Siegfried Grafton, Inc.",,fda.inspections.history,raw/fda.inspections.history/2026/09/20260908T143307Z-cc2bb4babcd8.json.gz,1
fda.inspections.history,firm:3001734570,2009-12-28,2026-09-08T14:33:07Z,classification,1,ordinal,fda.inspections.history,raw/fda.inspections.history/2026/09/20260908T143307Z-cc2bb4babcd8.json.gz,1
fda.inspections.history,firm:3001734570,2009-12-28,2026-09-08T14:33:07Z,firm_key,ALL MED SERVICES OF FLORIDA,,fda.inspections.history,raw/fda.inspections.history/2026/09/20260908T143307Z-cc2bb4babcd8.json.gz,1
fda.inspections.history,firm:3001734570,2009-12-28,2026-09-08T14:33:07Z,inspected,1,count,fda.inspections.history,raw/fda.inspections.history/2026/09/20260908T143307Z-cc2bb4babcd8.json.gz,1
fda.inspections.history,firm:3001734570,2009-12-28,2026-09-08T14:33:07Z,inspection_end,20091228,yyyymmdd,fda.inspections.history,raw/fda.inspections.history/2026/09/20260908T143307Z-cc2bb4babcd8.json.gz,1
fda.inspections.history,firm:3001734570,2009-12-28,2026-09-08T14:33:07Z,is_foreign,0,bool,fda.inspections.history,raw/fda.inspections.history/2026/09/20260908T143307Z-cc2bb4babcd8.json.gz,1
fda.inspections.history,firm:3001734570,2009-12-28,2026-09-08T14:33:07Z,is_oai,0,bool,fda.inspections.history,raw/fda.inspections.history/2026/09/20260908T143307Z-cc2bb4babcd8.json.gz,1
fda.inspections.history,firm:3001734570,2009-12-28,2026-09-08T14:33:07Z,label,"All Med Services Of Florida, Inc",,fda.inspections.history,raw/fda.inspections.history/2026/09/20260908T143307Z-cc2bb4babcd8.json.gz,1
fda.inspections.history,firm:3001859902,2009-12-08,2026-09-08T14:33:07Z,classification,0,ordinal,fda.inspections.history,raw/fda.inspections.history/2026/09/20260908T143307Z-cc2bb4babcd8.json.gz,1
fda.inspections.history,firm:3001859902,2009-12-08,2026-09-08T14:33:07Z,firm_key,HI TECH,,fda.inspections.history,raw/fda.inspections.history/2026/09/20260908T143307Z-cc2bb4babcd8.json.gz,1
fda.inspections.history,firm:3001859902,2009-12-08,2026-09-08T14:33:07Z,inspected,1,count,fda.inspections.history,raw/fda.inspections.history/2026/09/20260908T143307Z-cc2bb4babcd8.json.gz,1
fda.inspections.history,firm:3001859902,2009-12-08,2026-09-08T14:33:07Z,inspection_end,20091208,yyyymmdd,fda.inspections.history,raw/fda.inspections.history/2026/09/20260908T143307Z-cc2bb4babcd8.json.gz,1
fda.inspections.history,firm:3001859902,2009-12-08,2026-09-08T14:33:07Z,is_foreign,0,bool,fda.inspections.history,raw/fda.inspections.history/2026/09/20260908T143307Z-cc2bb4babcd8.json.gz,1
fda.inspections.history,firm:3001859902,2009-12-08,2026-09-08T14:33:07Z,is_oai,0,bool,fda.inspections.history,raw/fda.inspections.history/2026/09/20260908T143307Z-cc2bb4babcd8.json.gz,1
fda.inspections.history,firm:3001859902,2009-12-08,2026-09-08T14:33:07Z,label,Hi-Tech Pharmaceuticals Inc.,,fda.inspections.history,raw/fda.inspections.history/2026/09/20260908T143307Z-cc2bb4babcd8.json.gz,1
fda.inspections.history,firm:3002524044,2009-12-15,2026-09-08T14:33:07Z,classification,0,ordinal,fda.inspections.history,raw/fda.inspections.history/2026/09/20260908T143307Z-cc2bb4babcd8.json.gz,1
fda.inspections.history,firm:3002524044,2009-12-15,2026-09-08T14:33:07Z,firm_key,MAXIMINO IMPORTS,,fda.inspections.history,raw/fda.inspections.history/2026/09/20260908T143307Z-cc2bb4babcd8.json.gz,1
fda.inspections.history,firm:3002524044,2009-12-15,2026-09-08T14:33:07Z,inspected,1,count,fda.inspections.history,raw/fda.inspections.history/2026/09/20260908T143307Z-cc2bb4babcd8.json.gz,1
fda.inspections.history,firm:3002524044,2009-12-15,2026-09-08T14:33:07Z,inspection_end,20091215,yyyymmdd,fda.inspections.history,raw/fda.inspections.history/2026/09/20260908T143307Z-cc2bb4babcd8.json.gz,1
fda.inspections.history,firm:3002524044,2009-12-15,2026-09-08T14:33:07Z,is_foreign,0,bool,fda.inspections.history,raw/fda.inspections.history/2026/09/20260908T143307Z-cc2bb4babcd8.json.gz,1
fda.inspections.history,firm:3002524044,2009-12-15,2026-09-08T14:33:07Z,is_oai,0,bool,fda.inspections.history,raw/fda.inspections.history/2026/09/20260908T143307Z-cc2bb4babcd8.json.gz,1
fda.inspections.history,firm:3002524044,2009-12-15,2026-09-08T14:33:07Z,label,Maximino Imports,,fda.inspections.history,raw/fda.inspections.history/2026/09/20260908T143307Z-cc2bb4babcd8.json.gz,1
fda.inspections.history,firm:3002549301,2009-12-28,2026-09-08T14:33:07Z,classification,1,ordinal,fda.inspections.history,raw/fda.inspections.history/2026/09/20260908T143307Z-cc2bb4babcd8.json.gz,1
fda.inspections.history,firm:3002549301,2009-12-28,2026-09-08T14:33:07Z,firm_key,MEDCYL OPERATIONS,,fda.inspections.history,raw/fda.inspections.history/2026/09/20260908T143307Z-cc2bb4babcd8.json.gz,1
fda.inspections.history,firm:3002549301,2009-12-28,2026-09-08T14:33:07Z,inspected,1,count,fda.inspections.history,raw/fda.inspections.history/2026/09/20260908T143307Z-cc2bb4babcd8.json.gz,1
fda.inspections.history,firm:3002549301,2009-12-28,2026-09-08T14:33:07Z,inspection_end,20091228,yyyymmdd,fda.inspections.history,raw/fda.inspections.history/2026/09/20260908T143307Z-cc2bb4babcd8.json.gz,1
fda.inspections.history,firm:3002549301,2009-12-28,2026-09-08T14:33:07Z,is_foreign,0,bool,fda.inspections.history,raw/fda.inspections.history/2026/09/20260908T143307Z-cc2bb4babcd8.json.gz,1
fda.inspections.history,firm:3002549301,2009-12-28,2026-09-08T14:33:07Z,is_oai,0,bool,fda.inspections.history,raw/fda.inspections.history/2026/09/20260908T143307Z-cc2bb4babcd8.json.gz,1
fda.inspections.history,firm:3002549301,2009-12-28,2026-09-08T14:33:07Z,label,Medcyl Operations Inc,,fda.inspections.history,raw/fda.inspections.history/2026/09/20260908T143307Z-cc2bb4babcd8.json.gz,1
fda.inspections.history,firm:3002806475,2009-12-18,2026-09-08T14:33:07Z,classification,1,ordinal,fda.inspections.history,raw/fda.inspections.history/2026/09/20260908T143307Z-cc2bb4babcd8.json.gz,1
fda.inspections.history,firm:3002806475,2009-12-18,2026-09-08T14:33:07Z,firm_key,ZYDUS LIFESCIENCES,,fda.inspections.history,raw/fda.inspections.history/2026/09/20260908T143307Z-cc2bb4babcd8.json.gz,1
fda.inspections.history,firm:3002806475,2009-12-18,2026-09-08T14:33:07Z,inspected,1,count,fda.inspections.history,raw/fda.inspections.history/2026/09/20260908T143307Z-cc2bb4babcd8.json.gz,1
fda.inspections.history,firm:3002806475,2009-12-18,2026-09-08T14:33:07Z,inspection_end,20091218,yyyymmdd,fda.inspections.history,raw/fda.inspections.history/2026/09/20260908T143307Z-cc2bb4babcd8.json.gz,1
fda.inspections.history,firm:3002806475,2009-12-18,2026-09-08T14:33:07Z,is_foreign,1,bool,fda.inspections.history,raw/fda.inspections.history/2026/09/20260908T143307Z-cc2bb4babcd8.json.gz,1
fda.inspections.history,firm:3002806475,2009-12-18,2026-09-08T14:33:07Z,is_oai,0,bool,fda.inspections.history,raw/fda.inspections.history/2026/09/20260908T143307Z-cc2bb4babcd8.json.gz,1
fda.inspections.history,firm:3002806475,2009-12-18,2026-09-08T14:33:07Z,label,Zydus Lifesciences Limited,,fda.inspections.history,raw/fda.inspections.history/2026/09/20260908T143307Z-cc2bb4babcd8.json.gz,1
fda.inspections.history,firm:3002806711,2009-12-11,2026-09-08T14:33:07Z,classification,1,ordinal,fda.inspections.history,raw/fda.inspections.history/2026/09/20260908T143307Z-cc2bb4babcd8.json.gz,1
fda.inspections.history,firm:3002806711,2009-12-11,2026-09-08T14:33:07Z,firm_key,CADILA,,fda.inspections.history,raw/fda.inspections.history/2026/09/20260908T143307Z-cc2bb4babcd8.json.gz,1
fda.inspections.history,firm:3002806711,2009-12-11,2026-09-08T14:33:07Z,inspected,1,count,fda.inspections.history,raw/fda.inspections.history/2026/09/20260908T143307Z-cc2bb4babcd8.json.gz,1
fda.inspections.history,firm:3002806711,2009-12-11,2026-09-08T14:33:07Z,inspection_end,20091211,yyyymmdd,fda.inspections.history,raw/fda.inspections.history/2026/09/20260908T143307Z-cc2bb4babcd8.json.gz,1
fda.inspections.history,firm:3002806711,2009-12-11,2026-09-08T14:33:07Z,is_foreign,1,bool,fda.inspections.history,raw/fda.inspections.history/2026/09/20260908T143307Z-cc2bb4babcd8.json.gz,1
fda.inspections.history,firm:3002806711,2009-12-11,2026-09-08T14:33:07Z,is_oai,0,bool,fda.inspections.history,raw/fda.inspections.history/2026/09/20260908T143307Z-cc2bb4babcd8.json.gz,1
fda.inspections.history,firm:3002806711,2009-12-11,2026-09-08T14:33:07Z,label,Cadila Pharmaceuticals Limited,,fda.inspections.history,raw/fda.inspections.history/2026/09/20260908T143307Z-cc2bb4babcd8.json.gz,1
fda.inspections.history,firm:3002806766,2009-12-04,2026-09-08T14:33:07Z,classification,0,ordinal,fda.inspections.history,raw/fda.inspections.history/2026/09/20260908T143307Z-cc2bb4babcd8.json.gz,1
fda.inspections.history,firm:3002806766,2009-12-04,2026-09-08T14:33:07Z,firm_key,WYETH LEDERLE S R L,,fda.inspections.history,raw/fda.inspections.history/2026/09/20260908T143307Z-cc2bb4babcd8.json.gz,1
fda.inspections.history,firm:3002806766,2009-12-04,2026-09-08T14:33:07Z,inspected,1,count,fda.inspections.history,raw/fda.inspections.history/2026/09/20260908T143307Z-cc2bb4babcd8.json.gz,1
fda.inspections.history,firm:3002806766,2009-12-04,2026-09-08T14:33:07Z,inspection_end,20091204,yyyymmdd,fda.inspections.history,raw/fda.inspections.history/2026/09/20260908T143307Z-cc2bb4babcd8.json.gz,1
fda.inspections.history,firm:3002806766,2009-12-04,2026-09-08T14:33:07Z,is_foreign,1,bool,fda.inspections.history,raw/fda.inspections.history/2026/09/20260908T143307Z-cc2bb4babcd8.json.gz,1
fda.inspections.history,firm:3002806766,2009-12-04,2026-09-08T14:33:07Z,is_oai,0,bool,fda.inspections.history,raw/fda.inspections.history/2026/09/20260908T143307Z-cc2bb4babcd8.json.gz,1
fda.inspections.history,firm:3002806766,2009-12-04,2026-09-08T14:33:07Z,label,Wyeth Lederle S.r.l,,fda.inspections.history,raw/fda.inspections.history/2026/09/20260908T143307Z-cc2bb4babcd8.json.gz,1
fda.inspections.history,firm:3002807336,2009-12-18,2026-09-08T14:33:07Z,classification,1,ordinal,fda.inspections.history,raw/fda.inspections.history/2026/09/20260908T143307Z-cc2bb4babcd8.json.gz,1
fda.inspections.history,firm:3002807336,2009-12-18,2026-09-08T14:33:07Z,firm_key,JANSSEN PHARMACEUTICA N V,,fda.inspections.history,raw/fda.inspections.history/2026/09/20260908T143307Z-cc2bb4babcd8.json.gz,1
fda.inspections.history,firm:3002807336,2009-12-18,2026-09-08T14:33:07Z,inspected,1,count,fda.inspections.history,raw/fda.inspections.history/2026/09/20260908T143307Z-cc2bb4babcd8.json.gz,1
fda.inspections.history,firm:3002807336,2009-12-18,2026-09-08T14:33:07Z,inspection_end,20091218,yyyymmdd,fda.inspections.history,raw/fda.inspections.history/2026/09/20260908T143307Z-cc2bb4babcd8.json.gz,1
fda.inspections.history,firm:3002807336,2009-12-18,2026-09-08T14:33:07Z,is_foreign,1,bool,fda.inspections.history,raw/fda.inspections.history/2026/09/20260908T143307Z-cc2bb4babcd8.json.gz,1
fda.inspections.history,firm:3002807336,2009-12-18,2026-09-08T14:33:07Z,is_oai,0,bool,fda.inspections.history,raw/fda.inspections.history/2026/09/20260908T143307Z-cc2bb4babcd8.json.gz,1
fda.inspections.history,firm:3002807336,2009-12-18,2026-09-08T14:33:07Z,label,"Janssen Pharmaceutica, N.V.",,fda.inspections.history,raw/fda.inspections.history/2026/09/20260908T143307Z-cc2bb4babcd8.json.gz,1
fda.inspections.history,firm:3002807399,2009-12-04,2026-09-08T14:33:07Z,classification,1,ordinal,fda.inspections.history,raw/fda.inspections.history/2026/09/20260908T143307Z-cc2bb4babcd8.json.gz,1
fda.inspections.history,firm:3002807399,2009-12-04,2026-09-08T14:33:07Z,firm_key,DRUG ON,,fda.inspections.history,raw/fda.inspections.history/2026/09/20260908T143307Z-cc2bb4babcd8.json.gz,1
fda.inspections.history,firm:3002807399,2009-12-04,2026-09-08T14:33:07Z,inspected,1,count,fda.inspections.history,raw/fda.inspections.history/2026/09/20260908T143307Z-cc2bb4babcd8.json.gz,1
fda.inspections.history,firm:3002807399,2009-12-04,2026-09-08T14:33:07Z,inspection_end,20091204,yyyymmdd,fda.inspections.history,raw/fda.inspections.history/2026/09/20260908T143307Z-cc2bb4babcd8.json.gz,1
fda.inspections.history,firm:3002807399,2009-12-04,2026-09-08T14:33:07Z,is_foreign,1,bool,fda.inspections.history,raw/fda.inspections.history/2026/09/20260908T143307Z-cc2bb4babcd8.json.gz,1
fda.inspections.history,firm:3002807399,2009-12-04,2026-09-08T14:33:07Z,is_oai,0,bool,fda.inspections.history,raw/fda.inspections.history/2026/09/20260908T143307Z-cc2bb4babcd8.json.gz,1
fda.inspections.history,firm:3002807399,2009-12-04,2026-09-08T14:33:07Z,label,Drug'On Pharma,,fda.inspections.history,raw/fda.inspections.history/2026/09/20260908T143307Z-cc2bb4babcd8.json.gz,1
fda.inspections.history,firm:3002807401,2009-12-17,2026-09-08T14:33:07Z,classification,1,ordinal,fda.inspections.history,raw/fda.inspections.history/2026/09/20260908T143307Z-cc2bb4babcd8.json.gz,1
fda.inspections.history,firm:3002807401,2009-12-17,2026-09-08T14:33:07Z,firm_key,ABBVIE DEUTSCHLAND,,fda.inspections.history,raw/fda.inspections.history/2026/09/20260908T143307Z-cc2bb4babcd8.json.gz,1
fda.inspections.history,firm:3002807401,2009-12-17,2026-09-08T14:33:07Z,inspected,1,count,fda.inspections.history,raw/fda.inspections.history/2026/09/20260908T143307Z-cc2bb4babcd8.json.gz,1
fda.inspections.history,firm:3002807401,2009-12-17,2026-09-08T14:33:07Z,inspection_end,20091217,yyyymmdd,fda.inspections.history,raw/fda.inspections.history/2026/09/20260908T143307Z-cc2bb4babcd8.json.gz,1
fda.inspections.history,firm:3002807401,2009-12-17,2026-09-08T14:33:07Z,is_foreign,1,bool,fda.inspections.history,raw/fda.inspections.history/2026/09/20260908T143307Z-cc2bb4babcd8.json.gz,1
fda.inspections.history,firm:3002807401,2009-12-17,2026-09-08T14:33:07Z,is_oai,0,bool,fda.inspections.history,raw/fda.inspections.history/2026/09/20260908T143307Z-cc2bb4babcd8.json.gz,1
fda.inspections.history,firm:3002807401,2009-12-17,2026-09-08T14:33:07Z,label,AbbVie Deutschland GmbH & Co. KG,,fda.inspections.history,raw/fda.inspections.history/2026/09/20260908T143307Z-cc2bb4babcd8.json.gz,1
fda.inspections.history,firm:3002807447,2009-12-09,2026-09-08T14:33:07Z,classification,1,ordinal,fda.inspections.history,raw/fda.inspections.history/2026/09/20260908T143307Z-cc2bb4babcd8.json.gz,1
fda.inspections.history,firm:3002807447,2009-12-09,2026-09-08T14:33:07Z,firm_key,MERCK SERONO,,fda.inspections.history,raw/fda.inspections.history/2026/09/20260908T143307Z-cc2bb4babcd8.json.gz,1
fda.inspections.history,firm:3002807447,2009-12-09,2026-09-08T14:33:07Z,inspected,1,count,fda.inspections.history,raw/fda.inspections.history/2026/09/20260908T143307Z-cc2bb4babcd8.json.gz,1
fda.inspections.history,firm:3002807447,2009-12-09,2026-09-08T14:33:07Z,inspection_end,20091209,yyyymmdd,fda.inspections.history,raw/fda.inspections.history/2026/09/20260908T143307Z-cc2bb4babcd8.json.gz,1
fda.inspections.history,firm:3002807447,2009-12-09,2026-09-08T14:33:07Z,is_foreign,1,bool,fda.inspections.history,raw/fda.inspections.history/2026/09/20260908T143307Z-cc2bb4babcd8.json.gz,1
fda.inspections.history,firm:3002807447,2009-12-09,2026-09-08T14:33:07Z,is_oai,0,bool,fda.inspections.history,raw/fda.inspections.history/2026/09/20260908T143307Z-cc2bb4babcd8.json.gz,1
fda.inspections.history,firm:3002807447,2009-12-09,2026-09-08T14:33:07Z,label,Merck Serono SA,,fda.inspections.history,raw/fda.inspections.history/2026/09/20260908T143307Z-cc2bb4babcd8.json.gz,1
fda.inspections.history,firm:3002807658,2009-12-03,2026-09-08T14:33:07Z,classification,0,ordinal,fda.inspections.history,raw/fda.inspections.history/2026/09/20260908T143307Z-cc2bb4babcd8.json.gz,1
fda.inspections.history,firm:3002807658,2009-12-03,2026-09-08T14:33:07Z,firm_key,MERCK SHARP DOHME,,fda.inspections.history,raw/fda.inspections.history/2026/09/20260908T143307Z-cc2bb4babcd8.json.gz,1
fda.inspections.history,firm:3002807658,2009-12-03,2026-09-08T14:33:07Z,inspected,1,count,fda.inspections.history,raw/fda.inspections.history/2026/09/20260908T143307Z-cc2bb4babcd8.json.gz,1
fda.inspections.history,firm:3002807658,2009-12-03,2026-09-08T14:33:07Z,inspection_end,20091203,yyyymmdd,fda.inspections.history,raw/fda.inspections.history/2026/09/20260908T143307Z-cc2bb4babcd8.json.gz,1
fda.inspections.history,firm:3002807658,2009-12-03,2026-09-08T14:33:07Z,is_foreign,1,bool,fda.inspections.history,raw/fda.inspections.history/2026/09/20260908T143307Z-cc2bb4babcd8.json.gz,1
fda.inspections.history,firm:3002807658,2009-12-03,2026-09-08T14:33:07Z,is_oai,0,bool,fda.inspections.history,raw/fda.inspections.history/2026/09/20260908T143307Z-cc2bb4babcd8.json.gz,1
fda.inspections.history,firm:3002807658,2009-12-03,2026-09-08T14:33:07Z,label,Merck Sharp & Dohme BV,,fda.inspections.history,raw/fda.inspections.history/2026/09/20260908T143307Z-cc2bb4babcd8.json.gz,1
fda.inspections.history,firm:3002807802,2009-12-04,2026-09-08T14:33:07Z,classification,1,ordinal,fda.inspections.history,raw/fda.inspections.history/2026/09/20260908T143307Z-cc2bb4babcd8.json.gz,1
fda.inspections.history,firm:3002807802,2009-12-04,2026-09-08T14:33:07Z,firm_key,AJINOMOTO OMNICHEM,,fda.inspections.history,raw/fda.inspections.history/2026/09/20260908T143307Z-cc2bb4babcd8.json.gz,1
fda.inspections.history,firm:3002807802,2009-12-04,2026-09-08T14:33:07Z,inspected,1,count,fda.inspections.history,raw/fda.inspections.history/2026/09/20260908T143307Z-cc2bb4babcd8.json.gz,1
fda.inspections.history,firm:3002807802,2009-12-04,2026-09-08T14:33:07Z,inspection_end,20091204,yyyymmdd,fda.inspections.history,raw/fda.inspections.history/2026/09/20260908T143307Z-cc2bb4babcd8.json.gz,1
fda.inspections.history,firm:3002807802,2009-12-04,2026-09-08T14:33:07Z,is_foreign,1,bool,fda.inspections.history,raw/fda.inspections.history/2026/09/20260908T143307Z-cc2bb4babcd8.json.gz,1
fda.inspections.history,firm:3002807802,2009-12-04,2026-09-08T14:33:07Z,is_oai,0,bool,fda.inspections.history,raw/fda.inspections.history/2026/09/20260908T143307Z-cc2bb4babcd8.json.gz,1
fda.inspections.history,firm:3002807802,2009-12-04,2026-09-08T14:33:07Z,label,Ajinomoto Omnichem NV,,fda.inspections.history,raw/fda.inspections.history/2026/09/20260908T143307Z-cc2bb4babcd8.json.gz,1
fda.inspections.history,firm:3002808091,2009-12-04,2026-09-08T14:33:07Z,classification,1,ordinal,fda.inspections.history,raw/fda.inspections.history/2026/09/20260908T143307Z-cc2bb4babcd8.json.gz,1
fda.inspections.history,firm:3002808091,2009-12-04,2026-09-08T14:33:07Z,firm_key,BAYER WEIMAR UND,,fda.inspections.history,raw/fda.inspections.history/2026/09/20260908T143307Z-cc2bb4babcd8.json.gz,1
fda.inspections.history,firm:3002808091,2009-12-04,2026-09-08T14:33:07Z,inspected,1,count,fda.inspections.history,raw/fda.inspections.history/2026/09/20260908T143307Z-cc2bb4babcd8.json.gz,1
fda.inspections.history,firm:3002808091,2009-12-04,2026-09-08T14:33:07Z,inspection_end,20091204,yyyymmdd,fda.inspections.history,raw/fda.inspections.history/2026/09/20260908T143307Z-cc2bb4babcd8.json.gz,1
fda.inspections.history,firm:3002808091,2009-12-04,2026-09-08T14:33:07Z,is_foreign,1,bool,fda.inspections.history,raw/fda.inspections.history/2026/09/20260908T143307Z-cc2bb4babcd8.json.gz,1
fda.inspections.history,firm:3002808091,2009-12-04,2026-09-08T14:33:07Z,is_oai,0,bool,fda.inspections.history,raw/fda.inspections.history/2026/09/20260908T143307Z-cc2bb4babcd8.json.gz,1
fda.inspections.history,firm:3002808091,2009-12-04,2026-09-08T14:33:07Z,label,Bayer Weimar GmbH und Co. KG,,fda.inspections.history,raw/fda.inspections.history/2026/09/20260908T143307Z-cc2bb4babcd8.json.gz,1
fda.inspections.history,firm:3002808114,2009-12-05,2026-09-08T14:33:07Z,classification,1,ordinal,fda.inspections.history,raw/fda.inspections.history/2026/09/20260908T143307Z-cc2bb4babcd8.json.gz,1
fda.inspections.history,firm:3002808114,2009-12-05,2026-09-08T14:33:07Z,firm_key,ARCH PHARMALABS,,fda.inspections.history,raw/fda.inspections.history/2026/09/20260908T143307Z-cc2bb4babcd8.json.gz,1
fda.inspections.history,firm:3002808114,2009-12-05,2026-09-08T14:33:07Z,inspected,1,count,fda.inspections.history,raw/fda.inspections.history/2026/09/20260908T143307Z-cc2bb4babcd8.json.gz,1
fda.inspections.history,firm:3002808114,2009-12-05,2026-09-08T14:33:07Z,inspection_end,20091205,yyyymmdd,fda.inspections.history,raw/fda.inspections.history/2026/09/20260908T143307Z-cc2bb4babcd8.json.gz,1
fda.inspections.history,firm:3002808114,2009-12-05,2026-09-08T14:33:07Z,is_foreign,1,bool,fda.inspections.history,raw/fda.inspections.history/2026/09/20260908T143307Z-cc2bb4babcd8.json.gz,1
fda.inspections.history,firm:3002808114,2009-12-05,2026-09-08T14:33:07Z,is_oai,0,bool,fda.inspections.history,raw/fda.inspections.history/2026/09/20260908T143307Z-cc2bb4babcd8.json.gz,1
fda.inspections.history,firm:3002808114,2009-12-05,2026-09-08T14:33:07Z,label,Arch Pharmalabs Limited,,fda.inspections.history,raw/fda.inspections.history/2026/09/20260908T143307Z-cc2bb4babcd8.json.gz,1
fda.inspections.history,firm:3002808582,2009-12-16,2026-09-08T14:33:07Z,classification,0,ordinal,fda.inspections.history,raw/fda.inspections.history/2026/09/20260908T143307Z-cc2bb4babcd8.json.gz,1
fda.inspections.history,firm:3002808582,2009-12-16,2026-09-08T14:33:07Z,firm_key,MERCK CHIBRET,,fda.inspections.history,raw/fda.inspections.history/2026/09/20260908T143307Z-cc2bb4babcd8.json.gz,1
fda.inspections.history,firm:3002808582,2009-12-16,2026-09-08T14:33:07Z,inspected,1,count,fda.inspections.history,raw/fda.inspections.history/2026/09/20260908T143307Z-cc2bb4babcd8.json.gz,1
fda.inspections.history,firm:3002808582,2009-12-16,2026-09-08T14:33:07Z,inspection_end,20091216,yyyymmdd,fda.inspections.history,raw/fda.inspections.history/2026/09/20260908T143307Z-cc2bb4babcd8.json.gz,1
fda.inspections.history,firm:3002808582,2009-12-16,2026-09-08T14:33:07Z,is_foreign,1,bool,fda.inspections.history,raw/fda.inspections.history/2026/09/20260908T143307Z-cc2bb4babcd8.json.gz,1
fda.inspections.history,firm:3002808582,2009-12-16,2026-09-08T14:33:07Z,is_oai,0,bool,fda.inspections.history,raw/fda.inspections.history/2026/09/20260908T143307Z-cc2bb4babcd8.json.gz,1
fda.inspections.history,firm:3002808582,2009-12-16,2026-09-08T14:33:07Z,label,Merck Chibret,,fda.inspections.history,raw/fda.inspections.history/2026/09/20260908T143307Z-cc2bb4babcd8.json.gz,1
fda.inspections.history,firm:3002837627,2009-12-18,2026-09-08T14:33:07Z,classification,1,ordinal,fda.inspections.history,raw/fda.inspections.history/2026/09/20260908T143307Z-cc2bb4babcd8.json.gz,1
fda.inspections.history,firm:3002837627,2009-12-18,2026-09-08T14:33:07Z,firm_key,THORNTON INDUSTRIES,,fda.inspections.history,raw/fda.inspections.history/2026/09/20260908T143307Z-cc2bb4babcd8.json.gz,1
fda.inspections.history,firm:3002837627,2009-12-18,2026-09-08T14:33:07Z,inspected,1,count,fda.inspections.history,raw/fda.inspections.history/2026/09/20260908T143307Z-cc2bb4babcd8.json.gz,1
fda.inspections.history,firm:3002837627,2009-12-18,2026-09-08T14:33:07Z,inspection_end,20091218,yyyymmdd,fda.inspections.history,raw/fda.inspections.history/2026/09/20260908T143307Z-cc2bb4babcd8.json.gz,1
fda.inspections.history,firm:3002837627,2009-12-18,2026-09-08T14:33:07Z,is_foreign,0,bool,fda.inspections.history,raw/fda.inspections.history/2026/09/20260908T143307Z-cc2bb4babcd8.json.gz,1
fda.inspections.history,firm:3002837627,2009-12-18,2026-09-08T14:33:07Z,is_oai,0,bool,fda.inspections.history,raw/fda.inspections.history/2026/09/20260908T143307Z-cc2bb4babcd8.json.gz,1
fda.inspections.history,firm:3002837627,2009-12-18,2026-09-08T14:33:07Z,label,"Thornton Industries, Inc.",,fda.inspections.history,raw/fda.inspections.history/2026/09/20260908T143307Z-cc2bb4babcd8.json.gz,1
fda.inspections.history,firm:3002902471,2009-12-08,2026-09-08T14:33:07Z,classification,2,ordinal,fda.inspections.history,raw/fda.inspections.history/2026/09/20260908T143307Z-cc2bb4babcd8.json.gz,1
fda.inspections.history,firm:3002902471,2009-12-08,2026-09-08T14:33:07Z,firm_key,MED PREP CONSULTING,,fda.inspections.history,raw/fda.inspections.history/2026/09/20260908T143307Z-cc2bb4babcd8.json.gz,1
fda.inspections.history,firm:3002902471,2009-12-08,2026-09-08T14:33:07Z,inspected,1,count,fda.inspections.history,raw/fda.inspections.history/2026/09/20260908T143307Z-cc2bb4babcd8.json.gz,1
fda.inspections.history,firm:3002902471,2009-12-08,2026-09-08T14:33:07Z,inspection_end,20091208,yyyymmdd,fda.inspections.history,raw/fda.inspections.history/2026/09/20260908T143307Z-cc2bb4babcd8.json.gz,1
fda.inspections.history,firm:3002902471,2009-12-08,2026-09-08T14:33:07Z,is_foreign,0,bool,fda.inspections.history,raw/fda.inspections.history/2026/09/20260908T143307Z-cc2bb4babcd8.json.gz,1
fda.inspections.history,firm:3002902471,2009-12-08,2026-09-08T14:33:07Z,is_oai,1,bool,fda.inspections.history,raw/fda.inspections.history/2026/09/20260908T143307Z-cc2bb4babcd8.json.gz,1
fda.inspections.history,firm:3002902471,2009-12-08,2026-09-08T14:33:07Z,label,"Med Prep Consulting, Inc.",,fda.inspections.history,raw/fda.inspections.history/2026/09/20260908T143307Z-cc2bb4babcd8.json.gz,1
fda.inspections.history,firm:3002916530,2009-12-18,2026-09-08T14:33:07Z,classification,1,ordinal,fda.inspections.history,raw/fda.inspections.history/2026/09/20260908T143307Z-cc2bb4babcd8.json.gz,1
fda.inspections.history,firm:3002916530,2009-12-18,2026-09-08T14:33:07Z,firm_key,ANI CANADA,,fda.inspections.history,raw/fda.inspections.history/2026/09/20260908T143307Z-cc2bb4babcd8.json.gz,1
fda.inspections.history,firm:3002916530,2009-12-18,2026-09-08T14:33:07Z,inspected,1,count,fda.inspections.history,raw/fda.inspections.history/2026/09/20260908T143307Z-cc2bb4babcd8.json.gz,1
fda.inspections.history,firm:3002916530,2009-12-18,2026-09-08T14:33:07Z,inspection_end,20091218,yyyymmdd,fda.inspections.history,raw/fda.inspections.history/2026/09/20260908T143307Z-cc2bb4babcd8.json.gz,1
fda.inspections.history,firm:3002916530,2009-12-18,2026-09-08T14:33:07Z,is_foreign,1,bool,fda.inspections.history,raw/fda.inspections.history/2026/09/20260908T143307Z-cc2bb4babcd8.json.gz,1
fda.inspections.history,firm:3002916530,2009-12-18,2026-09-08T14:33:07Z,is_oai,0,bool,fda.inspections.history,raw/fda.inspections.history/2026/09/20260908T143307Z-cc2bb4babcd8.json.gz,1
fda.inspections.history,firm:3002916530,2009-12-18,2026-09-08T14:33:07Z,label,"ANI Pharmaceuticals Canada, Inc.",,fda.inspections.history,raw/fda.inspections.history/2026/09/20260908T143307Z-cc2bb4babcd8.json.gz,1
fda.inspections.history,firm:3002940723,2009-12-29,2026-09-08T14:33:07Z,classification,1,ordinal,fda.inspections.history,raw/fda.inspections.history/2026/09/20260908T143307Z-cc2bb4babcd8.json.gz,1
fda.inspections.history,firm:3002940723,2009-12-29,2026-09-08T14:33:07Z,firm_key,MED AIR TRANSFILL,,fda.inspections.history,raw/fda.inspections.history/2026/09/20260908T143307Z-cc2bb4babcd8.json.gz,1
fda.inspections.history,firm:3002940723,2009-12-29,2026-09-08T14:33:07Z,inspected,1,count,fda.inspections.history,raw/fda.inspections.history/2026/09/20260908T143307Z-cc2bb4babcd8.json.gz,1
fda.inspections.history,firm:3002940723,2009-12-29,2026-09-08T14:33:07Z,inspection_end,20091229,yyyymmdd,fda.inspections.history,raw/fda.inspections.history/2026/09/20260908T143307Z-cc2bb4babcd8.json.gz,1
fda.inspections.history,firm:3002940723,2009-12-29,2026-09-08T14:33:07Z,is_foreign,0,bool,fda.inspections.history,raw/fda.inspections.history/2026/09/20260908T143307Z-cc2bb4babcd8.json.gz,1
fda.inspections.history,firm:3002940723,2009-12-29,2026-09-08T14:33:07Z,is_oai,0,bool,fda.inspections.history,raw/fda.inspections.history/2026/09/20260908T143307Z-cc2bb4babcd8.json.gz,1
fda.inspections.history,firm:3002940723,2009-12-29,2026-09-08T14:33:07Z,label,MED-AIR TRANSFILL,,fda.inspections.history,raw/fda.inspections.history/2026/09/20260908T143307Z-cc2bb4babcd8.json.gz,1
fda.inspections.history,firm:3002977798,2009-12-18,2026-09-08T14:33:07Z,classification,1,ordinal,fda.inspections.history,raw/fda.inspections.history/2026/09/20260908T143307Z-cc2bb4babcd8.json.gz,1
fda.inspections.history,firm:3002977798,2009-12-18,2026-09-08T14:33:07Z,firm_key,USV,,fda.inspections.history,raw/fda.inspections.history/2026/09/20260908T143307Z-cc2bb4babcd8.json.gz,1
fda.inspections.history,firm:3002977798,2009-12-18,2026-09-08T14:33:07Z,inspected,1,count,fda.inspections.history,raw/fda.inspections.history/2026/09/20260908T143307Z-cc2bb4babcd8.json.gz,1
fda.inspections.history,firm:3002977798,2009-12-18,2026-09-08T14:33:07Z,inspection_end,20091218,yyyymmdd,fda.inspections.history,raw/fda.inspections.history/2026/09/20260908T143307Z-cc2bb4babcd8.json.gz,1
fda.inspections.history,firm:3002977798,2009-12-18,2026-09-08T14:33:07Z,is_foreign,1,bool,fda.inspections.history,raw/fda.inspections.history/2026/09/20260908T143307Z-cc2bb4babcd8.json.gz,1
fda.inspections.history,firm:3002977798,2009-12-18,2026-09-08T14:33:07Z,is_oai,0,bool,fda.inspections.history,raw/fda.inspections.history/2026/09/20260908T143307Z-cc2bb4babcd8.json.gz,1
fda.inspections.history,firm:3002977798,2009-12-18,2026-09-08T14:33:07Z,label,USV Private Limited,,fda.inspections.history,raw/fda.inspections.history/2026/09/20260908T143307Z-cc2bb4babcd8.json.gz,1
fda.inspections.history,firm:3003009422,2009-12-21,2026-09-08T14:33:07Z,classification,1,ordinal,fda.inspections.history,raw/fda.inspections.history/2026/09/20260908T143307Z-cc2bb4babcd8.json.gz,1
fda.inspections.history,firm:3003009422,2009-12-21,2026-09-08T14:33:07Z,firm_key,IPR,,fda.inspections.history,raw/fda.inspections.history/2026/09/20260908T143307Z-cc2bb4babcd8.json.gz,1
fda.inspections.history,firm:3003009422,2009-12-21,2026-09-08T14:33:07Z,inspected,1,count,fda.inspections.history,raw/fda.inspections.history/2026/09/20260908T143307Z-cc2bb4babcd8.json.gz,1
fda.inspections.history,firm:3003009422,2009-12-21,2026-09-08T14:33:07Z,inspection_end,20091221,yyyymmdd,fda.inspections.history,raw/fda.inspections.history/2026/09/20260908T143307Z-cc2bb4babcd8.json.gz,1
fda.inspections.history,firm:3003009422,2009-12-21,2026-09-08T14:33:07Z,is_foreign,0,bool,fda.inspections.history,raw/fda.inspections.history/2026/09/20260908T143307Z-cc2bb4babcd8.json.gz,1
fda.inspections.history,firm:3003009422,2009-12-21,2026-09-08T14:33:07Z,is_oai,0,bool,fda.inspections.history,raw/fda.inspections.history/2026/09/20260908T143307Z-cc2bb4babcd8.json.gz,1
fda.inspections.history,firm:3003009422,2009-12-21,2026-09-08T14:33:07Z,label,"IPR Pharmaceuticals, Inc.",,fda.inspections.history,raw/fda.inspections.history/2026/09/20260908T143307Z-cc2bb4babcd8.json.gz,1
fda.inspections.history,firm:3003015552,2009-12-02,2026-09-08T14:33:07Z,classification,0,ordinal,fda.inspections.history,raw/fda.inspections.history/2026/09/20260908T143307Z-cc2bb4babcd8.json.gz,1
fda.inspections.history,firm:3003015552,2009-12-02,2026-09-08T14:33:07Z,firm_key,ISOMEDIX OPERATIONS,,fda.inspections.history,raw/fda.inspections.history/2026/09/20260908T143307Z-cc2bb4babcd8.json.gz,1
fda.inspections.history,firm:3003015552,2009-12-02,2026-09-08T14:33:07Z,inspected,1,count,fda.inspections.history,raw/fda.inspections.history/2026/09/20260908T143307Z-cc2bb4babcd8.json.gz,1
fda.inspections.history,firm:3003015552,2009-12-02,2026-09-08T14:33:07Z,inspection_end,20091202,yyyymmdd,fda.inspections.history,raw/fda.inspections.history/2026/09/20260908T143307Z-cc2bb4babcd8.json.gz,1
fda.inspections.history,firm:3003015552,2009-12-02,2026-09-08T14:33:07Z,is_foreign,0,bool,fda.inspections.history,raw/fda.inspections.history/2026/09/20260908T143307Z-cc2bb4babcd8.json.gz,1
fda.inspections.history,firm:3003015552,2009-12-02,2026-09-08T14:33:07Z,is_oai,0,bool,fda.inspections.history,raw/fda.inspections.history/2026/09/20260908T143307Z-cc2bb4babcd8.json.gz,1
fda.inspections.history,firm:3003015552,2009-12-02,2026-09-08T14:33:07Z,label,"Isomedix Operations, Inc.",,fda.inspections.history,raw/fda.inspections.history/2026/09/20260908T143307Z-cc2bb4babcd8.json.gz,1
fda.inspections.history,firm:3003049715,2009-12-17,2026-09-08T14:33:07Z,classification,1,ordinal,fda.inspections.history,raw/fda.inspections.history/2026/09/20260908T143307Z-cc2bb4babcd8.json.gz,1
fda.inspections.history,firm:3003049715,2009-12-17,2026-09-08T14:33:07Z,firm_key,EDWARD B PORTNOY M D,,fda.inspections.history,raw/fda.inspections.history/2026/09/20260908T143307Z-cc2bb4babcd8.json.gz,1
fda.inspections.history,firm:3003049715,2009-12-17,2026-09-08T14:33:07Z,inspected,1,count,fda.inspections.history,raw/fda.inspections.history/2026/09/20260908T143307Z-cc2bb4babcd8.json.gz,1
fda.inspections.history,firm:3003049715,2009-12-17,2026-09-08T14:33:07Z,inspection_end,20091217,yyyymmdd,fda.inspections.history,raw/fda.inspections.history/2026/09/20260908T143307Z-cc2bb4babcd8.json.gz,1
fda.inspections.history,firm:3003049715,2009-12-17,2026-09-08T14:33:07Z,is_foreign,0,bool,fda.inspections.history,raw/fda.inspections.history/2026/09/20260908T143307Z-cc2bb4babcd8.json.gz,1
fda.inspections.history,firm:3003049715,2009-12-17,2026-09-08T14:33:07Z,is_oai,0,bool,fda.inspections.history,raw/fda.inspections.history/2026/09/20260908T143307Z-cc2bb4babcd8.json.gz,1
fda.inspections.history,firm:3003049715,2009-12-17,2026-09-08T14:33:07Z,label,"Edward B. Portnoy, M.D.",,fda.inspections.history,raw/fda.inspections.history/2026/09/20260908T143307Z-cc2bb4babcd8.json.gz,1
fda.inspections.history,firm:3003102663,2009-12-11,2026-09-08T14:33:07Z,classification,1,ordinal,fda.inspections.history,raw/fda.inspections.history/2026/09/20260908T143307Z-cc2bb4babcd8.json.gz,1
fda.inspections.history,firm:3003102663,2009-12-11,2026-09-08T14:33:07Z,firm_key,TRACE LIFE SCIENCES,,fda.inspections.history,raw/fda.inspections.history/2026/09/20260908T143307Z-cc2bb4babcd8.json.gz,1
fda.inspections.history,firm:3003102663,2009-12-11,2026-09-08T14:33:07Z,inspected,1,count,fda.inspections.history,raw/fda.inspections.history/2026/09/20260908T143307Z-cc2bb4babcd8.json.gz,1
fda.inspections.history,firm:3003102663,2009-12-11,2026-09-08T14:33:07Z,inspection_end,20091211,yyyymmdd,fda.inspections.history,raw/fda.inspections.history/2026/09/20260908T143307Z-cc2bb4babcd8.json.gz,1
fda.inspections.history,firm:3003102663,2009-12-11,2026-09-08T14:33:07Z,is_foreign,0,bool,fda.inspections.history,raw/fda.inspections.history/2026/09/20260908T143307Z-cc2bb4babcd8.json.gz,1
fda.inspections.history,firm:3003102663,2009-12-11,2026-09-08T14:33:07Z,is_oai,0,bool,fda.inspections.history,raw/fda.inspections.history/2026/09/20260908T143307Z-cc2bb4babcd8.json.gz,1
fda.inspections.history,firm:3003102663,2009-12-11,2026-09-08T14:33:07Z,label,Trace Life Sciences Inc,,fda.inspections.history,raw/fda.inspections.history/2026/09/20260908T143307Z-cc2bb4babcd8.json.gz,1
fda.inspections.history,firm:3003215057,2009-12-14,2026-09-08T14:33:07Z,classification,1,ordinal,fda.inspections.history,raw/fda.inspections.history/2026/09/20260908T143307Z-cc2bb4babcd8.json.gz,1
fda.inspections.history,firm:3003215057,2009-12-14,2026-09-08T14:33:07Z,firm_key,GLAXO OPERATIONS UK,,fda.inspections.history,raw/fda.inspections.history/2026/09/20260908T143307Z-cc2bb4babcd8.json.gz,1
fda.inspections.history,firm:3003215057,2009-12-14,2026-09-08T14:33:07Z,inspected,1,count,fda.inspections.history,raw/fda.inspections.history/2026/09/20260908T143307Z-cc2bb4babcd8.json.gz,1
fda.inspections.history,firm:3003215057,2009-12-14,2026-09-08T14:33:07Z,inspection_end,20091214,yyyymmdd,fda.inspections.history,raw/fda.inspections.history/2026/09/20260908T143307Z-cc2bb4babcd8.json.gz,1
fda.inspections.history,firm:3003215057,2009-12-14,2026-09-08T14:33:07Z,is_foreign,1,bool,fda.inspections.history,raw/fda.inspections.history/2026/09/20260908T143307Z-cc2bb4babcd8.json.gz,1
fda.inspections.history,firm:3003215057,2009-12-14,2026-09-08T14:33:07Z,is_oai,0,bool,fda.inspections.history,raw/fda.inspections.history/2026/09/20260908T143307Z-cc2bb4babcd8.json.gz,1
fda.inspections.history,firm:3003215057,2009-12-14,2026-09-08T14:33:07Z,label,Glaxo Operations UK Ltd.,,fda.inspections.history,raw/fda.inspections.history/2026/09/20260908T143307Z-cc2bb4babcd8.json.gz,1
fda.inspections.history,firm:3003255171,2009-12-09,2026-09-08T14:33:07Z,classification,1,ordinal,fda.inspections.history,raw/fda.inspections.history/2026/09/20260908T143307Z-cc2bb4babcd8.json.gz,1
fda.inspections.history,firm:3003255171,2009-12-09,2026-09-08T14:33:07Z,firm_key,USV,,fda.inspections.history,raw/fda.inspections.history/2026/09/20260908T143307Z-cc2bb4babcd8.json.gz,1
fda.inspections.history,firm:3003255171,2009-12-09,2026-09-08T14:33:07Z,inspected,1,count,fda.inspections.history,raw/fda.inspections.history/2026/09/20260908T143307Z-cc2bb4babcd8.json.gz,1
fda.inspections.history,firm:3003255171,2009-12-09,2026-09-08T14:33:07Z,inspection_end,20091209,yyyymmdd,fda.inspections.history,raw/fda.inspections.history/2026/09/20260908T143307Z-cc2bb4babcd8.json.gz,1
fda.inspections.history,firm:3003255171,2009-12-09,2026-09-08T14:33:07Z,is_foreign,1,bool,fda.inspections.history,raw/fda.inspections.history/2026/09/20260908T143307Z-cc2bb4babcd8.json.gz,1
fda.inspections.history,firm:3003255171,2009-12-09,2026-09-08T14:33:07Z,is_oai,0,bool,fda.inspections.history,raw/fda.inspections.history/2026/09/20260908T143307Z-cc2bb4babcd8.json.gz,1
fda.inspections.history,firm:3003255171,2009-12-09,2026-09-08T14:33:07Z,label,USV Private Limited,,fda.inspections.history,raw/fda.inspections.history/2026/09/20260908T143307Z-cc2bb4babcd8.json.gz,1
fda.inspections.history,firm:3003284850,2009-12-17,2026-09-08T14:33:07Z,classification,1,ordinal,fda.inspections.history,raw/fda.inspections.history/2026/09/20260908T143307Z-cc2bb4babcd8.json.gz,1
fda.inspections.history,firm:3003284850,2009-12-17,2026-09-08T14:33:07Z,firm_key,GLAXOSMITHKLINE RESEARCH DEVELOPMENT,,fda.inspections.history,raw/fda.inspections.history/2026/09/20260908T143307Z-cc2bb4babcd8.json.gz,1
fda.inspections.history,firm:3003284850,2009-12-17,2026-09-08T14:33:07Z,inspected,1,count,fda.inspections.history,raw/fda.inspections.history/2026/09/20260908T143307Z-cc2bb4babcd8.json.gz,1
fda.inspections.history,firm:3003284850,2009-12-17,2026-09-08T14:33:07Z,inspection_end,20091217,yyyymmdd,fda.inspections.history,raw/fda.inspections.history/2026/09/20260908T143307Z-cc2bb4babcd8.json.gz,1
fda.inspections.history,firm:3003284850,2009-12-17,2026-09-08T14:33:07Z,is_foreign,1,bool,fda.inspections.history,raw/fda.inspections.history/2026/09/20260908T143307Z-cc2bb4babcd8.json.gz,1
fda.inspections.history,firm:3003284850,2009-12-17,2026-09-08T14:33:07Z,is_oai,0,bool,fda.inspections.history,raw/fda.inspections.history/2026/09/20260908T143307Z-cc2bb4babcd8.json.gz,1
fda.inspections.history,firm:3003284850,2009-12-17,2026-09-08T14:33:07Z,label,GlaxoSmithKline Research & Development Limited,,fda.inspections.history,raw/fda.inspections.history/2026/09/20260908T143307Z-cc2bb4babcd8.json.gz,1
fda.inspections.history,firm:3003286168,2009-12-02,2026-09-08T14:33:07Z,classification,1,ordinal,fda.inspections.history,raw/fda.inspections.history/2026/09/20260908T143307Z-cc2bb4babcd8.json.gz,1
fda.inspections.history,firm:3003286168,2009-12-02,2026-09-08T14:33:07Z,firm_key,ACCUGEN,,fda.inspections.history,raw/fda.inspections.history/2026/09/20260908T143307Z-cc2bb4babcd8.json.gz,1
fda.inspections.history,firm:3003286168,2009-12-02,2026-09-08T14:33:07Z,inspected,1,count,fda.inspections.history,raw/fda.inspections.history/2026/09/20260908T143307Z-cc2bb4babcd8.json.gz,1
fda.inspections.history,firm:3003286168,2009-12-02,2026-09-08T14:33:07Z,inspection_end,20091202,yyyymmdd,fda.inspections.history,raw/fda.inspections.history/2026/09/20260908T143307Z-cc2bb4babcd8.json.gz,1
fda.inspections.history,firm:3003286168,2009-12-02,2026-09-08T14:33:07Z,is_foreign,0,bool,fda.inspections.history,raw/fda.inspections.history/2026/09/20260908T143307Z-cc2bb4babcd8.json.gz,1
fda.inspections.history,firm:3003286168,2009-12-02,2026-09-08T14:33:07Z,is_oai,0,bool,fda.inspections.history,raw/fda.inspections.history/2026/09/20260908T143307Z-cc2bb4babcd8.json.gz,1
fda.inspections.history,firm:3003286168,2009-12-02,2026-09-08T14:33:07Z,label,"Accugen Laboratories, Inc.",,fda.inspections.history,raw/fda.inspections.history/2026/09/20260908T143307Z-cc2bb4babcd8.json.gz,1
fda.inspections.history,firm:3003393295,2009-12-10,2026-09-08T14:33:07Z,classification,1,ordinal,fda.inspections.history,raw/fda.inspections.history/2026/09/20260908T143307Z-cc2bb4babcd8.json.gz,1
fda.inspections.history,firm:3003393295,2009-12-10,2026-09-08T14:33:07Z,firm_key,VMM ENTERPRISES,,fda.inspections.history,raw/fda.inspections.history/2026/09/20260908T143307Z-cc2bb4babcd8.json.gz,1
fda.inspections.history,firm:3003393295,2009-12-10,2026-09-08T14:33:07Z,inspected,1,count,fda.inspections.history,raw/fda.inspections.history/2026/09/20260908T143307Z-cc2bb4babcd8.json.gz,1
fda.inspections.history,firm:3003393295,2009-12-10,2026-09-08T14:33:07Z,inspection_end,20091210,yyyymmdd,fda.inspections.history,raw/fda.inspections.history/2026/09/20260908T143307Z-cc2bb4babcd8.json.gz,1
fda.inspections.history,firm:3003393295,2009-12-10,2026-09-08T14:33:07Z,is_foreign,0,bool,fda.inspections.history,raw/fda.inspections.history/2026/09/20260908T143307Z-cc2bb4babcd8.json.gz,1
fda.inspections.history,firm:3003393295,2009-12-10,2026-09-08T14:33:07Z,is_oai,0,bool,fda.inspections.history,raw/fda.inspections.history/2026/09/20260908T143307Z-cc2bb4babcd8.json.gz,1
fda.inspections.history,firm:3003393295,2009-12-10,2026-09-08T14:33:07Z,label,"VMM Enterprises, Inc.",,fda.inspections.history,raw/fda.inspections.history/2026/09/20260908T143307Z-cc2bb4babcd8.json.gz,1
fda.inspections.history,firm:3003448162,2009-12-16,2026-09-08T14:33:07Z,classification,1,ordinal,fda.inspections.history,raw/fda.inspections.history/2026/09/20260908T143307Z-cc2bb4babcd8.json.gz,1
fda.inspections.history,firm:3003448162,2009-12-16,2026-09-08T14:33:07Z,firm_key,FMC DISTRIBUTORS,,fda.inspections.history,raw/fda.inspections.history/2026/09/20260908T143307Z-cc2bb4babcd8.json.gz,1
fda.inspections.history,firm:3003448162,2009-12-16,2026-09-08T14:33:07Z,inspected,1,count,fda.inspections.history,raw/fda.inspections.history/2026/09/20260908T143307Z-cc2bb4babcd8.json.gz,1
fda.inspections.history,firm:3003448162,2009-12-16,2026-09-08T14:33:07Z,inspection_end,20091216,yyyymmdd,fda.inspections.history,raw/fda.inspections.history/2026/09/20260908T143307Z-cc2bb4babcd8.json.gz,1
fda.inspections.history,firm:3003448162,2009-12-16,2026-09-08T14:33:07Z,is_foreign,0,bool,fda.inspections.history,raw/fda.inspections.history/2026/09/20260908T143307Z-cc2bb4babcd8.json.gz,1
fda.inspections.history,firm:3003448162,2009-12-16,2026-09-08T14:33:07Z,is_oai,0,bool,fda.inspections.history,raw/fda.inspections.history/2026/09/20260908T143307Z-cc2bb4babcd8.json.gz,1
fda.inspections.history,firm:3003448162,2009-12-16,2026-09-08T14:33:07Z,label,"FMC Distributors, Inc.",,fda.inspections.history,raw/fda.inspections.history/2026/09/20260908T143307Z-cc2bb4babcd8.json.gz,1
fda.inspections.history,firm:3003719240,2009-12-29,2026-09-08T14:33:07Z,classification,0,ordinal,fda.inspections.history,raw/fda.inspections.history/2026/09/20260908T143307Z-cc2bb4babcd8.json.gz,1
fda.inspections.history,firm:3003719240,2009-12-29,2026-09-08T14:33:07Z,firm_key,REDPHARM DRUG,,fda.inspections.history,raw/fda.inspections.history/2026/09/20260908T143307Z-cc2bb4babcd8.json.gz,1
fda.inspections.history,firm:3003719240,2009-12-29,2026-09-08T14:33:07Z,inspected,1,count,fda.inspections.history,raw/fda.inspections.history/2026/09/20260908T143307Z-cc2bb4babcd8.json.gz,1
fda.inspections.history,firm:3003719240,2009-12-29,2026-09-08T14:33:07Z,inspection_end,20091229,yyyymmdd,fda.inspections.history,raw/fda.inspections.history/2026/09/20260908T143307Z-cc2bb4babcd8.json.gz,1
fda.inspections.history,firm:3003719240,2009-12-29,2026-09-08T14:33:07Z,is_foreign,0,bool,fda.inspections.history,raw/fda.inspections.history/2026/09/20260908T143307Z-cc2bb4babcd8.json.gz,1
fda.inspections.history,firm:3003719240,2009-12-29,2026-09-08T14:33:07Z,is_oai,0,bool,fda.inspections.history,raw/fda.inspections.history/2026/09/20260908T143307Z-cc2bb4babcd8.json.gz,1
fda.inspections.history,firm:3003719240,2009-12-29,2026-09-08T14:33:07Z,label,RedPharm Drug Inc,,fda.inspections.history,raw/fda.inspections.history/2026/09/20260908T143307Z-cc2bb4babcd8.json.gz,1
fda.inspections.history,firm:3003735078,2009-12-22,2026-09-08T14:33:07Z,classification,1,ordinal,fda.inspections.history,raw/fda.inspections.history/2026/09/20260908T143307Z-cc2bb4babcd8.json.gz,1
fda.inspections.history,firm:3003735078,2009-12-22,2026-09-08T14:33:07Z,firm_key,ST LUKE S HOMESTAR SERVICES,,fda.inspections.history,raw/fda.inspections.history/2026/09/20260908T143307Z-cc2bb4babcd8.json.gz,1
fda.inspections.history,firm:3003735078,2009-12-22,2026-09-08T14:33:07Z,inspected,1,count,fda.inspections.history,raw/fda.inspections.history/2026/09/20260908T143307Z-cc2bb4babcd8.json.gz,1
fda.inspections.history,firm:3003735078,2009-12-22,2026-09-08T14:33:07Z,inspection_end,20091222,yyyymmdd,fda.inspections.history,raw/fda.inspections.history/2026/09/20260908T143307Z-cc2bb4babcd8.json.gz,1
fda.inspections.history,firm:3003735078,2009-12-22,2026-09-08T14:33:07Z,is_foreign,0,bool,fda.inspections.history,raw/fda.inspections.history/2026/09/20260908T143307Z-cc2bb4babcd8.json.gz,1
fda.inspections.history,firm:3003735078,2009-12-22,2026-09-08T14:33:07Z,is_oai,0,bool,fda.inspections.history,raw/fda.inspections.history/2026/09/20260908T143307Z-cc2bb4babcd8.json.gz,1
fda.inspections.history,firm:3003735078,2009-12-22,2026-09-08T14:33:07Z,label,"St. Luke's Homestar Services, Llc",,fda.inspections.history,raw/fda.inspections.history/2026/09/20260908T143307Z-cc2bb4babcd8.json.gz,1
fda.inspections.history,firm:3003750771,2009-12-30,2026-09-08T14:33:07Z,classification,1,ordinal,fda.inspections.history,raw/fda.inspections.history/2026/09/20260908T143307Z-cc2bb4babcd8.json.gz,1
fda.inspections.history,firm:3003750771,2009-12-30,2026-09-08T14:33:07Z,firm_key,FOUNDERS HEALTHCARE,,fda.inspections.history,raw/fda.inspections.history/2026/09/20260908T143307Z-cc2bb4babcd8.json.gz,1
fda.inspections.history,firm:3003750771,2009-12-30,2026-09-08T14:33:07Z,inspected,1,count,fda.inspections.history,raw/fda.inspections.history/2026/09/20260908T143307Z-cc2bb4babcd8.json.gz,1
fda.inspections.history,firm:3003750771,2009-12-30,2026-09-08T14:33:07Z,inspection_end,20091230,yyyymmdd,fda.inspections.history,raw/fda.inspections.history/2026/09/20260908T143307Z-cc2bb4babcd8.json.gz,1
fda.inspections.history,firm:3003750771,2009-12-30,2026-09-08T14:33:07Z,is_foreign,0,bool,fda.inspections.history,raw/fda.inspections.history/2026/09/20260908T143307Z-cc2bb4babcd8.json.gz,1
fda.inspections.history,firm:3003750771,2009-12-30,2026-09-08T14:33:07Z,is_oai,0,bool,fda.inspections.history,raw/fda.inspections.history/2026/09/20260908T143307Z-cc2bb4babcd8.json.gz,1
fda.inspections.history,firm:3003750771,2009-12-30,2026-09-08T14:33:07Z,label,Founders Healthcare LLC,,fda.inspections.history,raw/fda.inspections.history/2026/09/20260908T143307Z-cc2bb4babcd8.json.gz,1
fda.inspections.history,firm:3003852573,2009-12-23,2026-09-08T14:33:07Z,classification,0,ordinal,fda.inspections.history,raw/fda.inspections.history/2026/09/20260908T143307Z-cc2bb4babcd8.json.gz,1
fda.inspections.history,firm:3003852573,2009-12-23,2026-09-08T14:33:07Z,firm_key,APRIA HEALTHCARE,,fda.inspections.history,raw/fda.inspections.history/2026/09/20260908T143307Z-cc2bb4babcd8.json.gz,1
fda.inspections.history,firm:3003852573,2009-12-23,2026-09-08T14:33:07Z,inspected,1,count,fda.inspections.history,raw/fda.inspections.history/2026/09/20260908T143307Z-cc2bb4babcd8.json.gz,1
fda.inspections.history,firm:3003852573,2009-12-23,2026-09-08T14:33:07Z,inspection_end,20091223,yyyymmdd,fda.inspections.history,raw/fda.inspections.history/2026/09/20260908T143307Z-cc2bb4babcd8.json.gz,1
fda.inspections.history,firm:3003852573,2009-12-23,2026-09-08T14:33:07Z,is_foreign,0,bool,fda.inspections.history,raw/fda.inspections.history/2026/09/20260908T143307Z-cc2bb4babcd8.json.gz,1
fda.inspections.history,firm:3003852573,2009-12-23,2026-09-08T14:33:07Z,is_oai,0,bool,fda.inspections.history,raw/fda.inspections.history/2026/09/20260908T143307Z-cc2bb4babcd8.json.gz,1
fda.inspections.history,firm:3003852573,2009-12-23,2026-09-08T14:33:07Z,label,Apria Healthcare Inc.,,fda.inspections.history,raw/fda.inspections.history/2026/09/20260908T143307Z-cc2bb4babcd8.json.gz,1
fda.inspections.history,firm:3003875066,2009-12-11,2026-09-08T14:33:07Z,classification,0,ordinal,fda.inspections.history,raw/fda.inspections.history/2026/09/20260908T143307Z-cc2bb4babcd8.json.gz,1
fda.inspections.history,firm:3003875066,2009-12-11,2026-09-08T14:33:07Z,firm_key,SANTARUS,,fda.inspections.history,raw/fda.inspections.history/2026/09/20260908T143307Z-cc2bb4babcd8.json.gz,1
fda.inspections.history,firm:3003875066,2009-12-11,2026-09-08T14:33:07Z,inspected,1,count,fda.inspections.history,raw/fda.inspections.history/2026/09/20260908T143307Z-cc2bb4babcd8.json.gz,1
fda.inspections.history,firm:3003875066,2009-12-11,2026-09-08T14:33:07Z,inspection_end,20091211,yyyymmdd,fda.inspections.history,raw/fda.inspections.history/2026/09/20260908T143307Z-cc2bb4babcd8.json.gz,1
fda.inspections.history,firm:3003875066,2009-12-11,2026-09-08T14:33:07Z,is_foreign,0,bool,fda.inspections.history,raw/fda.inspections.history/2026/09/20260908T143307Z-cc2bb4babcd8.json.gz,1
fda.inspections.history,firm:3003875066,2009-12-11,2026-09-08T14:33:07Z,is_oai,0,bool,fda.inspections.history,raw/fda.inspections.history/2026/09/20260908T143307Z-cc2bb4babcd8.json.gz,1
fda.inspections.history,firm:3003875066,2009-12-11,2026-09-08T14:33:07Z,label,Santarus Inc,,fda.inspections.history,raw/fda.inspections.history/2026/09/20260908T143307Z-cc2bb4babcd8.json.gz,1
fda.inspections.history,firm:3004086192,2009-12-25,2026-09-08T14:33:07Z,classification,1,ordinal,fda.inspections.history,raw/fda.inspections.history/2026/09/20260908T143307Z-cc2bb4babcd8.json.gz,1
fda.inspections.history,firm:3004086192,2009-12-25,2026-09-08T14:33:07Z,firm_key,USV,,fda.inspections.history,raw/fda.inspections.history/2026/09/20260908T143307Z-cc2bb4babcd8.json.gz,1
fda.inspections.history,firm:3004086192,2009-12-25,2026-09-08T14:33:07Z,inspected,1,count,fda.inspections.history,raw/fda.inspections.history/2026/09/20260908T143307Z-cc2bb4babcd8.json.gz,1
fda.inspections.history,firm:3004086192,2009-12-25,2026-09-08T14:33:07Z,inspection_end,20091225,yyyymmdd,fda.inspections.history,raw/fda.inspections.history/2026/09/20260908T143307Z-cc2bb4babcd8.json.gz,1
fda.inspections.history,firm:3004086192,2009-12-25,2026-09-08T14:33:07Z,is_foreign,1,bool,fda.inspections.history,raw/fda.inspections.history/2026/09/20260908T143307Z-cc2bb4babcd8.json.gz,1
fda.inspections.history,firm:3004086192,2009-12-25,2026-09-08T14:33:07Z,is_oai,0,bool,fda.inspections.history,raw/fda.inspections.history/2026/09/20260908T143307Z-cc2bb4babcd8.json.gz,1
fda.inspections.history,firm:3004086192,2009-12-25,2026-09-08T14:33:07Z,label,USV Private Limited,,fda.inspections.history,raw/fda.inspections.history/2026/09/20260908T143307Z-cc2bb4babcd8.json.gz,1
fda.inspections.history,firm:3004146501,2009-12-04,2026-09-08T14:33:07Z,classification,0,ordinal,fda.inspections.history,raw/fda.inspections.history/2026/09/20260908T143307Z-cc2bb4babcd8.json.gz,1
fda.inspections.history,firm:3004146501,2009-12-04,2026-09-08T14:33:07Z,firm_key,GLATT SERVICES,,fda.inspections.history,raw/fda.inspections.history/2026/09/20260908T143307Z-cc2bb4babcd8.json.gz,1
fda.inspections.history,firm:3004146501,2009-12-04,2026-09-08T14:33:07Z,inspected,1,count,fda.inspections.history,raw/fda.inspections.history/2026/09/20260908T143307Z-cc2bb4babcd8.json.gz,1
fda.inspections.history,firm:3004146501,2009-12-04,2026-09-08T14:33:07Z,inspection_end,20091204,yyyymmdd,fda.inspections.history,raw/fda.inspections.history/2026/09/20260908T143307Z-cc2bb4babcd8.json.gz,1
fda.inspections.history,firm:3004146501,2009-12-04,2026-09-08T14:33:07Z,is_foreign,1,bool,fda.inspections.history,raw/fda.inspections.history/2026/09/20260908T143307Z-cc2bb4babcd8.json.gz,1
fda.inspections.history,firm:3004146501,2009-12-04,2026-09-08T14:33:07Z,is_oai,0,bool,fda.inspections.history,raw/fda.inspections.history/2026/09/20260908T143307Z-cc2bb4babcd8.json.gz,1
fda.inspections.history,firm:3004146501,2009-12-04,2026-09-08T14:33:07Z,label,Glatt Pharmaceutical Services GmbH & Co. KG,,fda.inspections.history,raw/fda.inspections.history/2026/09/20260908T143307Z-cc2bb4babcd8.json.gz,1
fda.inspections.history,firm:3004325865,2009-12-31,2026-09-08T14:33:07Z,classification,0,ordinal,fda.inspections.history,raw/fda.inspections.history/2026/09/20260908T143307Z-cc2bb4babcd8.json.gz,1
fda.inspections.history,firm:3004325865,2009-12-31,2026-09-08T14:33:07Z,firm_key,SHAKLEE,,fda.inspections.history,raw/fda.inspections.history/2026/09/20260908T143307Z-cc2bb4babcd8.json.gz,1
fda.inspections.history,firm:3004325865,2009-12-31,2026-09-08T14:33:07Z,inspected,1,count,fda.inspections.history,raw/fda.inspections.history/2026/09/20260908T143307Z-cc2bb4babcd8.json.gz,1
fda.inspections.history,firm:3004325865,2009-12-31,2026-09-08T14:33:07Z,inspection_end,20091231,yyyymmdd,fda.inspections.history,raw/fda.inspections.history/2026/09/20260908T143307Z-cc2bb4babcd8.json.gz,1
fda.inspections.history,firm:3004325865,2009-12-31,2026-09-08T14:33:07Z,is_foreign,0,bool,fda.inspections.history,raw/fda.inspections.history/2026/09/20260908T143307Z-cc2bb4babcd8.json.gz,1
fda.inspections.history,firm:3004325865,2009-12-31,2026-09-08T14:33:07Z,is_oai,0,bool,fda.inspections.history,raw/fda.inspections.history/2026/09/20260908T143307Z-cc2bb4babcd8.json.gz,1
fda.inspections.history,firm:3004325865,2009-12-31,2026-09-08T14:33:07Z,label,Shaklee Corporation,,fda.inspections.history,raw/fda.inspections.history/2026/09/20260908T143307Z-cc2bb4babcd8.json.gz,1
fda.inspections.history,firm:3004402508,2009-12-10,2026-09-08T14:33:07Z,classification,0,ordinal,fda.inspections.history,raw/fda.inspections.history/2026/09/20260908T143307Z-cc2bb4babcd8.json.gz,1
fda.inspections.history,firm:3004402508,2009-12-10,2026-09-08T14:33:07Z,firm_key,METROPOLITAN GRAPHIC ARTS,,fda.inspections.history,raw/fda.inspections.history/2026/09/20260908T143307Z-cc2bb4babcd8.json.gz,1
fda.inspections.history,firm:3004402508,2009-12-10,2026-09-08T14:33:07Z,inspected,1,count,fda.inspections.history,raw/fda.inspections.history/2026/09/20260908T143307Z-cc2bb4babcd8.json.gz,1
fda.inspections.history,firm:3004402508,2009-12-10,2026-09-08T14:33:07Z,inspection_end,20091210,yyyymmdd,fda.inspections.history,raw/fda.inspections.history/2026/09/20260908T143307Z-cc2bb4babcd8.json.gz,1
fda.inspections.history,firm:3004402508,2009-12-10,2026-09-08T14:33:07Z,is_foreign,0,bool,fda.inspections.history,raw/fda.inspections.history/2026/09/20260908T143307Z-cc2bb4babcd8.json.gz,1
fda.inspections.history,firm:3004402508,2009-12-10,2026-09-08T14:33:07Z,is_oai,0,bool,fda.inspections.history,raw/fda.inspections.history/2026/09/20260908T143307Z-cc2bb4babcd8.json.gz,1
fda.inspections.history,firm:3004402508,2009-12-10,2026-09-08T14:33:07Z,label,"Metropolitan Graphic Arts, Inc.",,fda.inspections.history,raw/fda.inspections.history/2026/09/20260908T143307Z-cc2bb4babcd8.json.gz,1
fda.inspections.history,firm:3004466905,2009-12-09,2026-09-08T14:33:07Z,classification,0,ordinal,fda.inspections.history,raw/fda.inspections.history/2026/09/20260908T143307Z-cc2bb4babcd8.json.gz,1
fda.inspections.history,firm:3004466905,2009-12-09,2026-09-08T14:33:07Z,firm_key,CLINICAL SUPPLIES MANAGEMENT,,fda.inspections.history,raw/fda.inspections.history/2026/09/20260908T143307Z-cc2bb4babcd8.json.gz,1
fda.inspections.history,firm:3004466905,2009-12-09,2026-09-08T14:33:07Z,inspected,1,count,fda.inspections.history,raw/fda.inspections.history/2026/09/20260908T143307Z-cc2bb4babcd8.json.gz,1
fda.inspections.history,firm:3004466905,2009-12-09,2026-09-08T14:33:07Z,inspection_end,20091209,yyyymmdd,fda.inspections.history,raw/fda.inspections.history/2026/09/20260908T143307Z-cc2bb4babcd8.json.gz,1
fda.inspections.history,firm:3004466905,2009-12-09,2026-09-08T14:33:07Z,is_foreign,0,bool,fda.inspections.history,raw/fda.inspections.history/2026/09/20260908T143307Z-cc2bb4babcd8.json.gz,1
fda.inspections.history,firm:3004466905,2009-12-09,2026-09-08T14:33:07Z,is_oai,0,bool,fda.inspections.history,raw/fda.inspections.history/2026/09/20260908T143307Z-cc2bb4babcd8.json.gz,1
fda.inspections.history,firm:3004466905,2009-12-09,2026-09-08T14:33:07Z,label,"Clinical Supplies Management, Inc.",,fda.inspections.history,raw/fda.inspections.history/2026/09/20260908T143307Z-cc2bb4babcd8.json.gz,1
fda.inspections.history,firm:3004520523,2009-12-17,2026-09-08T14:33:07Z,classification,1,ordinal,fda.inspections.history,raw/fda.inspections.history/2026/09/20260908T143307Z-cc2bb4babcd8.json.gz,1
fda.inspections.history,firm:3004520523,2009-12-17,2026-09-08T14:33:07Z,firm_key,SUCAMPO,,fda.inspections.history,raw/fda.inspections.history/2026/09/20260908T143307Z-cc2bb4babcd8.json.gz,1
fda.inspections.history,firm:3004520523,2009-12-17,2026-09-08T14:33:07Z,inspected,1,count,fda.inspections.history,raw/fda.inspections.history/2026/09/20260908T143307Z-cc2bb4babcd8.json.gz,1
fda.inspections.history,firm:3004520523,2009-12-17,2026-09-08T14:33:07Z,inspection_end,20091217,yyyymmdd,fda.inspections.history,raw/fda.inspections.history/2026/09/20260908T143307Z-cc2bb4babcd8.json.gz,1
fda.inspections.history,firm:3004520523,2009-12-17,2026-09-08T14:33:07Z,is_foreign,1,bool,fda.inspections.history,raw/fda.inspections.history/2026/09/20260908T143307Z-cc2bb4babcd8.json.gz,1
fda.inspections.history,firm:3004520523,2009-12-17,2026-09-08T14:33:07Z,is_oai,0,bool,fda.inspections.history,raw/fda.inspections.history/2026/09/20260908T143307Z-cc2bb4babcd8.json.gz,1
fda.inspections.history,firm:3004520523,2009-12-17,2026-09-08T14:33:07Z,label,"Sucampo Pharma, LLC",,fda.inspections.history,raw/fda.inspections.history/2026/09/20260908T143307Z-cc2bb4babcd8.json.gz,1
fda.inspections.history,firm:3004524429,2009-12-08,2026-09-08T14:33:07Z,classification,0,ordinal,fda.inspections.history,raw/fda.inspections.history/2026/09/20260908T143307Z-cc2bb4babcd8.json.gz,1
fda.inspections.history,firm:3004524429,2009-12-08,2026-09-08T14:33:07Z,firm_key,OSI,,fda.inspections.history,raw/fda.inspections.history/2026/09/20260908T143307Z-cc2bb4babcd8.json.gz,1
fda.inspections.history,firm:3004524429,2009-12-08,2026-09-08T14:33:07Z,inspected,1,count,fda.inspections.history,raw/fda.inspections.history/2026/09/20260908T143307Z-cc2bb4babcd8.json.gz,1
fda.inspections.history,firm:3004524429,2009-12-08,2026-09-08T14:33:07Z,inspection_end,20091208,yyyymmdd,fda.inspections.history,raw/fda.inspections.history/2026/09/20260908T143307Z-cc2bb4babcd8.json.gz,1
fda.inspections.history,firm:3004524429,2009-12-08,2026-09-08T14:33:07Z,is_foreign,0,bool,fda.inspections.history,raw/fda.inspections.history/2026/09/20260908T143307Z-cc2bb4babcd8.json.gz,1
fda.inspections.history,firm:3004524429,2009-12-08,2026-09-08T14:33:07Z,is_oai,0,bool,fda.inspections.history,raw/fda.inspections.history/2026/09/20260908T143307Z-cc2bb4babcd8.json.gz,1
fda.inspections.history,firm:3004524429,2009-12-08,2026-09-08T14:33:07Z,label,"Osi Pharmaceuticals, Inc.",,fda.inspections.history,raw/fda.inspections.history/2026/09/20260908T143307Z-cc2bb4babcd8.json.gz,1
fda.inspections.history,firm:3004564305,2009-12-16,2026-09-08T14:33:07Z,classification,0,ordinal,fda.inspections.history,raw/fda.inspections.history/2026/09/20260908T143307Z-cc2bb4babcd8.json.gz,1
fda.inspections.history,firm:3004564305,2009-12-16,2026-09-08T14:33:07Z,firm_key,UPS SUPPLY CHAIN SOLUTIONS,,fda.inspections.history,raw/fda.inspections.history/2026/09/20260908T143307Z-cc2bb4babcd8.json.gz,1
fda.inspections.history,firm:3004564305,2009-12-16,2026-09-08T14:33:07Z,inspected,1,count,fda.inspections.history,raw/fda.inspections.history/2026/09/20260908T143307Z-cc2bb4babcd8.json.gz,1
fda.inspections.history,firm:3004564305,2009-12-16,2026-09-08T14:33:07Z,inspection_end,20091216,yyyymmdd,fda.inspections.history,raw/fda.inspections.history/2026/09/20260908T143307Z-cc2bb4babcd8.json.gz,1
fda.inspections.history,firm:3004564305,2009-12-16,2026-09-08T14:33:07Z,is_foreign,0,bool,fda.inspections.history,raw/fda.inspections.history/2026/09/20260908T143307Z-cc2bb4babcd8.json.gz,1
fda.inspections.history,firm:3004564305,2009-12-16,2026-09-08T14:33:07Z,is_oai,0,bool,fda.inspections.history,raw/fda.inspections.history/2026/09/20260908T143307Z-cc2bb4babcd8.json.gz,1
fda.inspections.history,firm:3004564305,2009-12-16,2026-09-08T14:33:07Z,label,"UPS Supply Chain Solutions, Inc.",,fda.inspections.history,raw/fda.inspections.history/2026/09/20260908T143307Z-cc2bb4babcd8.json.gz,1
fda.inspections.history,firm:3004582966,2009-12-30,2026-09-08T14:33:07Z,classification,1,ordinal,fda.inspections.history,raw/fda.inspections.history/2026/09/20260908T143307Z-cc2bb4babcd8.json.gz,1
fda.inspections.history,firm:3004582966,2009-12-30,2026-09-08T14:33:07Z,firm_key,PREFERRED,,fda.inspections.history,raw/fda.inspections.history/2026/09/20260908T143307Z-cc2bb4babcd8.json.gz,1
fda.inspections.history,firm:3004582966,2009-12-30,2026-09-08T14:33:07Z,inspected,1,count,fda.inspections.history,raw/fda.inspections.history/2026/09/20260908T143307Z-cc2bb4babcd8.json.gz,1
fda.inspections.history,firm:3004582966,2009-12-30,2026-09-08T14:33:07Z,inspection_end,20091230,yyyymmdd,fda.inspections.history,raw/fda.inspections.history/2026/09/20260908T143307Z-cc2bb4babcd8.json.gz,1
fda.inspections.history,firm:3004582966,2009-12-30,2026-09-08T14:33:07Z,is_foreign,0,bool,fda.inspections.history,raw/fda.inspections.history/2026/09/20260908T143307Z-cc2bb4babcd8.json.gz,1
fda.inspections.history,firm:3004582966,2009-12-30,2026-09-08T14:33:07Z,is_oai,0,bool,fda.inspections.history,raw/fda.inspections.history/2026/09/20260908T143307Z-cc2bb4babcd8.json.gz,1
fda.inspections.history,firm:3004582966,2009-12-30,2026-09-08T14:33:07Z,label,"Preferred Pharmaceuticals, Inc.",,fda.inspections.history,raw/fda.inspections.history/2026/09/20260908T143307Z-cc2bb4babcd8.json.gz,1
fda.inspections.history,firm:3004932373,2009-12-16,2026-09-08T14:33:07Z,classification,0,ordinal,fda.inspections.history,raw/fda.inspections.history/2026/09/20260908T143307Z-cc2bb4babcd8.json.gz,1
fda.inspections.history,firm:3004932373,2009-12-16,2026-09-08T14:33:07Z,firm_key,CAREFUSION 213,,fda.inspections.history,raw/fda.inspections.history/2026/09/20260908T143307Z-cc2bb4babcd8.json.gz,1
fda.inspections.history,firm:3004932373,2009-12-16,2026-09-08T14:33:07Z,inspected,1,count,fda.inspections.history,raw/fda.inspections.history/2026/09/20260908T143307Z-cc2bb4babcd8.json.gz,1
fda.inspections.history,firm:3004932373,2009-12-16,2026-09-08T14:33:07Z,inspection_end,20091216,yyyymmdd,fda.inspections.history,raw/fda.inspections.history/2026/09/20260908T143307Z-cc2bb4babcd8.json.gz,1
fda.inspections.history,firm:3004932373,2009-12-16,2026-09-08T14:33:07Z,is_foreign,0,bool,fda.inspections.history,raw/fda.inspections.history/2026/09/20260908T143307Z-cc2bb4babcd8.json.gz,1
fda.inspections.history,firm:3004932373,2009-12-16,2026-09-08T14:33:07Z,is_oai,0,bool,fda.inspections.history,raw/fda.inspections.history/2026/09/20260908T143307Z-cc2bb4babcd8.json.gz,1
fda.inspections.history,firm:3004932373,2009-12-16,2026-09-08T14:33:07Z,label,"CareFusion 213, LLC",,fda.inspections.history,raw/fda.inspections.history/2026/09/20260908T143307Z-cc2bb4babcd8.json.gz,1
fda.inspections.history,firm:3005117563,2009-12-16,2026-09-08T14:33:07Z,classification,1,ordinal,fda.inspections.history,raw/fda.inspections.history/2026/09/20260908T143307Z-cc2bb4babcd8.json.gz,1
fda.inspections.history,firm:3005117563,2009-12-16,2026-09-08T14:33:07Z,firm_key,KVK TECH,,fda.inspections.history,raw/fda.inspections.history/2026/09/20260908T143307Z-cc2bb4babcd8.json.gz,1
fda.inspections.history,firm:3005117563,2009-12-16,2026-09-08T14:33:07Z,inspected,1,count,fda.inspections.history,raw/fda.inspections.history/2026/09/20260908T143307Z-cc2bb4babcd8.json.gz,1
fda.inspections.history,firm:3005117563,2009-12-16,2026-09-08T14:33:07Z,inspection_end,20091216,yyyymmdd,fda.inspections.history,raw/fda.inspections.history/2026/09/20260908T143307Z-cc2bb4babcd8.json.gz,1
fda.inspections.history,firm:3005117563,2009-12-16,2026-09-08T14:33:07Z,is_foreign,0,bool,fda.inspections.history,raw/fda.inspections.history/2026/09/20260908T143307Z-cc2bb4babcd8.json.gz,1
fda.inspections.history,firm:3005117563,2009-12-16,2026-09-08T14:33:07Z,is_oai,0,bool,fda.inspections.history,raw/fda.inspections.history/2026/09/20260908T143307Z-cc2bb4babcd8.json.gz,1
fda.inspections.history,firm:3005117563,2009-12-16,2026-09-08T14:33:07Z,label,"KVK Tech, Inc.",,fda.inspections.history,raw/fda.inspections.history/2026/09/20260908T143307Z-cc2bb4babcd8.json.gz,1
fda.inspections.history,firm:3005340341,2009-12-04,2026-09-08T14:33:07Z,classification,1,ordinal,fda.inspections.history,raw/fda.inspections.history/2026/09/20260908T143307Z-cc2bb4babcd8.json.gz,1
fda.inspections.history,firm:3005340341,2009-12-04,2026-09-08T14:33:07Z,firm_key,MANNKIND,,fda.inspections.history,raw/fda.inspections.history/2026/09/20260908T143307Z-cc2bb4babcd8.json.gz,1
fda.inspections.history,firm:3005340341,2009-12-04,2026-09-08T14:33:07Z,inspected,1,count,fda.inspections.history,raw/fda.inspections.history/2026/09/20260908T143307Z-cc2bb4babcd8.json.gz,1
fda.inspections.history,firm:3005340341,2009-12-04,2026-09-08T14:33:07Z,inspection_end,20091204,yyyymmdd,fda.inspections.history,raw/fda.inspections.history/2026/09/20260908T143307Z-cc2bb4babcd8.json.gz,1
fda.inspections.history,firm:3005340341,2009-12-04,2026-09-08T14:33:07Z,is_foreign,0,bool,fda.inspections.history,raw/fda.inspections.history/2026/09/20260908T143307Z-cc2bb4babcd8.json.gz,1
fda.inspections.history,firm:3005340341,2009-12-04,2026-09-08T14:33:07Z,is_oai,0,bool,fda.inspections.history,raw/fda.inspections.history/2026/09/20260908T143307Z-cc2bb4babcd8.json.gz,1
fda.inspections.history,firm:3005340341,2009-12-04,2026-09-08T14:33:07Z,label,MannKind Corporation,,fda.inspections.history,raw/fda.inspections.history/2026/09/20260908T143307Z-cc2bb4babcd8.json.gz,1
fda.inspections.history,firm:3005345812,2009-12-16,2026-09-08T14:33:07Z,classification,1,ordinal,fda.inspections.history,raw/fda.inspections.history/2026/09/20260908T143307Z-cc2bb4babcd8.json.gz,1
fda.inspections.history,firm:3005345812,2009-12-16,2026-09-08T14:33:07Z,firm_key,NATURAL PATCHES OF VERMONT,,fda.inspections.history,raw/fda.inspections.history/2026/09/20260908T143307Z-cc2bb4babcd8.json.gz,1
fda.inspections.history,firm:3005345812,2009-12-16,2026-09-08T14:33:07Z,inspected,1,count,fda.inspections.history,raw/fda.inspections.history/2026/09/20260908T143307Z-cc2bb4babcd8.json.gz,1
fda.inspections.history,firm:3005345812,2009-12-16,2026-09-08T14:33:07Z,inspection_end,20091216,yyyymmdd,fda.inspections.history,raw/fda.inspections.history/2026/09/20260908T143307Z-cc2bb4babcd8.json.gz,1
fda.inspections.history,firm:3005345812,2009-12-16,2026-09-08T14:33:07Z,is_foreign,0,bool,fda.inspections.history,raw/fda.inspections.history/2026/09/20260908T143307Z-cc2bb4babcd8.json.gz,1
fda.inspections.history,firm:3005345812,2009-12-16,2026-09-08T14:33:07Z,is_oai,0,bool,fda.inspections.history,raw/fda.inspections.history/2026/09/20260908T143307Z-cc2bb4babcd8.json.gz,1
fda.inspections.history,firm:3005345812,2009-12-16,2026-09-08T14:33:07Z,label,"Natural Patches of Vermont, Inc.",,fda.inspections.history,raw/fda.inspections.history/2026/09/20260908T143307Z-cc2bb4babcd8.json.gz,1
fda.inspections.history,firm:3005479678,2009-12-15,2026-09-08T14:33:07Z,classification,2,ordinal,fda.inspections.history,raw/fda.inspections.history/2026/09/20260908T143307Z-cc2bb4babcd8.json.gz,1
fda.inspections.history,firm:3005479678,2009-12-15,2026-09-08T14:33:07Z,firm_key,FRESENIUS KABI IPSUM,,fda.inspections.history,raw/fda.inspections.history/2026/09/20260908T143307Z-cc2bb4babcd8.json.gz,1
fda.inspections.history,firm:3005479678,2009-12-15,2026-09-08T14:33:07Z,inspected,1,count,fda.inspections.history,raw/fda.inspections.history/2026/09/20260908T143307Z-cc2bb4babcd8.json.gz,1
fda.inspections.history,firm:3005479678,2009-12-15,2026-09-08T14:33:07Z,inspection_end,20091215,yyyymmdd,fda.inspections.history,raw/fda.inspections.history/2026/09/20260908T143307Z-cc2bb4babcd8.json.gz,1
fda.inspections.history,firm:3005479678,2009-12-15,2026-09-08T14:33:07Z,is_foreign,1,bool,fda.inspections.history,raw/fda.inspections.history/2026/09/20260908T143307Z-cc2bb4babcd8.json.gz,1
fda.inspections.history,firm:3005479678,2009-12-15,2026-09-08T14:33:07Z,is_oai,1,bool,fda.inspections.history,raw/fda.inspections.history/2026/09/20260908T143307Z-cc2bb4babcd8.json.gz,1
fda.inspections.history,firm:3005479678,2009-12-15,2026-09-08T14:33:07Z,label,Fresenius Kabi iPSUM Srl,,fda.inspections.history,raw/fda.inspections.history/2026/09/20260908T143307Z-cc2bb4babcd8.json.gz,1
fda.inspections.history,firm:3005519821,2009-12-23,2026-09-08T14:33:07Z,classification,0,ordinal,fda.inspections.history,raw/fda.inspections.history/2026/09/20260908T143307Z-cc2bb4babcd8.json.gz,1
fda.inspections.history,firm:3005519821,2009-12-23,2026-09-08T14:33:07Z,firm_key,COPPER CREEK MEDICAL,,fda.inspections.history,raw/fda.inspections.history/2026/09/20260908T143307Z-cc2bb4babcd8.json.gz,1
fda.inspections.history,firm:3005519821,2009-12-23,2026-09-08T14:33:07Z,inspected,1,count,fda.inspections.history,raw/fda.inspections.history/2026/09/20260908T143307Z-cc2bb4babcd8.json.gz,1
fda.inspections.history,firm:3005519821,2009-12-23,2026-09-08T14:33:07Z,inspection_end,20091223,yyyymmdd,fda.inspections.history,raw/fda.inspections.history/2026/09/20260908T143307Z-cc2bb4babcd8.json.gz,1
fda.inspections.history,firm:3005519821,2009-12-23,2026-09-08T14:33:07Z,is_foreign,0,bool,fda.inspections.history,raw/fda.inspections.history/2026/09/20260908T143307Z-cc2bb4babcd8.json.gz,1
fda.inspections.history,firm:3005519821,2009-12-23,2026-09-08T14:33:07Z,is_oai,0,bool,fda.inspections.history,raw/fda.inspections.history/2026/09/20260908T143307Z-cc2bb4babcd8.json.gz,1
fda.inspections.history,firm:3005519821,2009-12-23,2026-09-08T14:33:07Z,label,"Copper Creek Medical, Inc.",,fda.inspections.history,raw/fda.inspections.history/2026/09/20260908T143307Z-cc2bb4babcd8.json.gz,1
fda.inspections.history,firm:3005567620,2009-12-17,2026-09-08T14:33:07Z,classification,1,ordinal,fda.inspections.history,raw/fda.inspections.history/2026/09/20260908T143307Z-cc2bb4babcd8.json.gz,1
fda.inspections.history,firm:3005567620,2009-12-17,2026-09-08T14:33:07Z,firm_key,NASHAT Y GABRAIL M D,,fda.inspections.history,raw/fda.inspections.history/2026/09/20260908T143307Z-cc2bb4babcd8.json.gz,1
fda.inspections.history,firm:3005567620,2009-12-17,2026-09-08T14:33:07Z,inspected,1,count,fda.inspections.history,raw/fda.inspections.history/2026/09/20260908T143307Z-cc2bb4babcd8.json.gz,1
fda.inspections.history,firm:3005567620,2009-12-17,2026-09-08T14:33:07Z,inspection_end,20091217,yyyymmdd,fda.inspections.history,raw/fda.inspections.history/2026/09/20260908T143307Z-cc2bb4babcd8.json.gz,1
fda.inspections.history,firm:3005567620,2009-12-17,2026-09-08T14:33:07Z,is_foreign,0,bool,fda.inspections.history,raw/fda.inspections.history/2026/09/20260908T143307Z-cc2bb4babcd8.json.gz,1
fda.inspections.history,firm:3005567620,2009-12-17,2026-09-08T14:33:07Z,is_oai,0,bool,fda.inspections.history,raw/fda.inspections.history/2026/09/20260908T143307Z-cc2bb4babcd8.json.gz,1
fda.inspections.history,firm:3005567620,2009-12-17,2026-09-08T14:33:07Z,label,"Nashat Y. Gabrail, M.D.",,fda.inspections.history,raw/fda.inspections.history/2026/09/20260908T143307Z-cc2bb4babcd8.json.gz,1
fda.inspections.history,firm:3005910793,2009-12-11,2026-09-08T14:33:07Z,classification,1,ordinal,fda.inspections.history,raw/fda.inspections.history/2026/09/20260908T143307Z-cc2bb4babcd8.json.gz,1
fda.inspections.history,firm:3005910793,2009-12-11,2026-09-08T14:33:07Z,firm_key,ZOJA NOVELJIC,,fda.inspections.history,raw/fda.inspections.history/2026/09/20260908T143307Z-cc2bb4babcd8.json.gz,1
fda.inspections.history,firm:3005910793,2009-12-11,2026-09-08T14:33:07Z,inspected,1,count,fda.inspections.history,raw/fda.inspections.history/2026/09/20260908T143307Z-cc2bb4babcd8.json.gz,1
fda.inspections.history,firm:3005910793,2009-12-11,2026-09-08T14:33:07Z,inspection_end,20091211,yyyymmdd,fda.inspections.history,raw/fda.inspections.history/2026/09/20260908T143307Z-cc2bb4babcd8.json.gz,1
fda.inspections.history,firm:3005910793,2009-12-11,2026-09-08T14:33:07Z,is_foreign,1,bool,fda.inspections.history,raw/fda.inspections.history/2026/09/20260908T143307Z-cc2bb4babcd8.json.gz,1
fda.inspections.history,firm:3005910793,2009-12-11,2026-09-08T14:33:07Z,is_oai,0,bool,fda.inspections.history,raw/fda.inspections.history/2026/09/20260908T143307Z-cc2bb4babcd8.json.gz,1
fda.inspections.history,firm:3005910793,2009-12-11,2026-09-08T14:33:07Z,label,Zoja Noveljic,,fda.inspections.history,raw/fda.inspections.history/2026/09/20260908T143307Z-cc2bb4babcd8.json.gz,1
fda.inspections.history,firm:3006123581,2009-12-11,2026-09-08T14:33:07Z,classification,1,ordinal,fda.inspections.history,raw/fda.inspections.history/2026/09/20260908T143307Z-cc2bb4babcd8.json.gz,1
fda.inspections.history,firm:3006123581,2009-12-11,2026-09-08T14:33:07Z,firm_key,ABBOTT HEALTHCARE SAS,,fda.inspections.history,raw/fda.inspections.history/2026/09/20260908T143307Z-cc2bb4babcd8.json.gz,1
fda.inspections.history,firm:3006123581,2009-12-11,2026-09-08T14:33:07Z,inspected,1,count,fda.inspections.history,raw/fda.inspections.history/2026/09/20260908T143307Z-cc2bb4babcd8.json.gz,1
fda.inspections.history,firm:3006123581,2009-12-11,2026-09-08T14:33:07Z,inspection_end,20091211,yyyymmdd,fda.inspections.history,raw/fda.inspections.history/2026/09/20260908T143307Z-cc2bb4babcd8.json.gz,1
fda.inspections.history,firm:3006123581,2009-12-11,2026-09-08T14:33:07Z,is_foreign,1,bool,fda.inspections.history,raw/fda.inspections.history/2026/09/20260908T143307Z-cc2bb4babcd8.json.gz,1
fda.inspections.history,firm:3006123581,2009-12-11,2026-09-08T14:33:07Z,is_oai,0,bool,fda.inspections.history,raw/fda.inspections.history/2026/09/20260908T143307Z-cc2bb4babcd8.json.gz,1
fda.inspections.history,firm:3006123581,2009-12-11,2026-09-08T14:33:07Z,label,Abbott Healthcare SAS,,fda.inspections.history,raw/fda.inspections.history/2026/09/20260908T143307Z-cc2bb4babcd8.json.gz,1
fda.inspections.history,firm:3006164609,2009-12-09,2026-09-08T14:33:07Z,classification,1,ordinal,fda.inspections.history,raw/fda.inspections.history/2026/09/20260908T143307Z-cc2bb4babcd8.json.gz,1
fda.inspections.history,firm:3006164609,2009-12-09,2026-09-08T14:33:07Z,firm_key,CHEMGENEX,,fda.inspections.history,raw/fda.inspections.history/2026/09/20260908T143307Z-cc2bb4babcd8.json.gz,1
fda.inspections.history,firm:3006164609,2009-12-09,2026-09-08T14:33:07Z,inspected,1,count,fda.inspections.history,raw/fda.inspections.history/2026/09/20260908T143307Z-cc2bb4babcd8.json.gz,1
fda.inspections.history,firm:3006164609,2009-12-09,2026-09-08T14:33:07Z,inspection_end,20091209,yyyymmdd,fda.inspections.history,raw/fda.inspections.history/2026/09/20260908T143307Z-cc2bb4babcd8.json.gz,1
fda.inspections.history,firm:3006164609,2009-12-09,2026-09-08T14:33:07Z,is_foreign,0,bool,fda.inspections.history,raw/fda.inspections.history/2026/09/20260908T143307Z-cc2bb4babcd8.json.gz,1
fda.inspections.history,firm:3006164609,2009-12-09,2026-09-08T14:33:07Z,is_oai,0,bool,fda.inspections.history,raw/fda.inspections.history/2026/09/20260908T143307Z-cc2bb4babcd8.json.gz,1
fda.inspections.history,firm:3006164609,2009-12-09,2026-09-08T14:33:07Z,label,Chemgenex Pharmaceuticals Ltd,,fda.inspections.history,raw/fda.inspections.history/2026/09/20260908T143307Z-cc2bb4babcd8.json.gz,1
fda.inspections.history,firm:3006218434,2009-12-11,2026-09-08T14:33:07Z,classification,1,ordinal,fda.inspections.history,raw/fda.inspections.history/2026/09/20260908T143307Z-cc2bb4babcd8.json.gz,1
fda.inspections.history,firm:3006218434,2009-12-11,2026-09-08T14:33:07Z,firm_key,TOLMAR,,fda.inspections.history,raw/fda.inspections.history/2026/09/20260908T143307Z-cc2bb4babcd8.json.gz,1
fda.inspections.history,firm:3006218434,2009-12-11,2026-09-08T14:33:07Z,inspected,1,count,fda.inspections.history,raw/fda.inspections.history/2026/09/20260908T143307Z-cc2bb4babcd8.json.gz,1
fda.inspections.history,firm:3006218434,2009-12-11,2026-09-08T14:33:07Z,inspection_end,20091211,yyyymmdd,fda.inspections.history,raw/fda.inspections.history/2026/09/20260908T143307Z-cc2bb4babcd8.json.gz,1
fda.inspections.history,firm:3006218434,2009-12-11,2026-09-08T14:33:07Z,is_foreign,0,bool,fda.inspections.history,raw/fda.inspections.history/2026/09/20260908T143307Z-cc2bb4babcd8.json.gz,1
fda.inspections.history,firm:3006218434,2009-12-11,2026-09-08T14:33:07Z,is_oai,0,bool,fda.inspections.history,raw/fda.inspections.history/2026/09/20260908T143307Z-cc2bb4babcd8.json.gz,1
fda.inspections.history,firm:3006218434,2009-12-11,2026-09-08T14:33:07Z,label,"Tolmar, Inc.",,fda.inspections.history,raw/fda.inspections.history/2026/09/20260908T143307Z-cc2bb4babcd8.json.gz,1
fda.inspections.history,firm:3006228598,2009-12-04,2026-09-08T14:33:07Z,classification,2,ordinal,fda.inspections.history,raw/fda.inspections.history/2026/09/20260908T143307Z-cc2bb4babcd8.json.gz,1
fda.inspections.history,firm:3006228598,2009-12-04,2026-09-08T14:33:07Z,firm_key,WELLS PHARMACY NETWORK,,fda.inspections.history,raw/fda.inspections.history/2026/09/20260908T143307Z-cc2bb4babcd8.json.gz,1
fda.inspections.history,firm:3006228598,2009-12-04,2026-09-08T14:33:07Z,inspected,1,count,fda.inspections.history,raw/fda.inspections.history/2026/09/20260908T143307Z-cc2bb4babcd8.json.gz,1
fda.inspections.history,firm:3006228598,2009-12-04,2026-09-08T14:33:07Z,inspection_end,20091204,yyyymmdd,fda.inspections.history,raw/fda.inspections.history/2026/09/20260908T143307Z-cc2bb4babcd8.json.gz,1
fda.inspections.history,firm:3006228598,2009-12-04,2026-09-08T14:33:07Z,is_foreign,0,bool,fda.inspections.history,raw/fda.inspections.history/2026/09/20260908T143307Z-cc2bb4babcd8.json.gz,1
fda.inspections.history,firm:3006228598,2009-12-04,2026-09-08T14:33:07Z,is_oai,1,bool,fda.inspections.history,raw/fda.inspections.history/2026/09/20260908T143307Z-cc2bb4babcd8.json.gz,1
fda.inspections.history,firm:3006228598,2009-12-04,2026-09-08T14:33:07Z,label,Wells Pharmacy Network LLC,,fda.inspections.history,raw/fda.inspections.history/2026/09/20260908T143307Z-cc2bb4babcd8.json.gz,1
fda.inspections.history,firm:3006244497,2009-12-16,2026-09-08T14:33:07Z,classification,1,ordinal,fda.inspections.history,raw/fda.inspections.history/2026/09/20260908T143307Z-cc2bb4babcd8.json.gz,1
fda.inspections.history,firm:3006244497,2009-12-16,2026-09-08T14:33:07Z,firm_key,JANSSEN CILAG MANUFACTURING,,fda.inspections.history,raw/fda.inspections.history/2026/09/20260908T143307Z-cc2bb4babcd8.json.gz,1
fda.inspections.history,firm:3006244497,2009-12-16,2026-09-08T14:33:07Z,inspected,1,count,fda.inspections.history,raw/fda.inspections.history/2026/09/20260908T143307Z-cc2bb4babcd8.json.gz,1
fda.inspections.history,firm:3006244497,2009-12-16,2026-09-08T14:33:07Z,inspection_end,20091216,yyyymmdd,fda.inspections.history,raw/fda.inspections.history/2026/09/20260908T143307Z-cc2bb4babcd8.json.gz,1
fda.inspections.history,firm:3006244497,2009-12-16,2026-09-08T14:33:07Z,is_foreign,0,bool,fda.inspections.history,raw/fda.inspections.history/2026/09/20260908T143307Z-cc2bb4babcd8.json.gz,1
fda.inspections.history,firm:3006244497,2009-12-16,2026-09-08T14:33:07Z,is_oai,0,bool,fda.inspections.history,raw/fda.inspections.history/2026/09/20260908T143307Z-cc2bb4babcd8.json.gz,1
fda.inspections.history,firm:3006244497,2009-12-16,2026-09-08T14:33:07Z,label,Janssen Cilag Manufacturing LLC,,fda.inspections.history,raw/fda.inspections.history/2026/09/20260908T143307Z-cc2bb4babcd8.json.gz,1
fda.inspections.history,firm:3006316363,2009-12-23,2026-09-08T14:33:07Z,classification,2,ordinal,fda.inspections.history,raw/fda.inspections.history/2026/09/20260908T143307Z-cc2bb4babcd8.json.gz,1
fda.inspections.history,firm:3006316363,2009-12-23,2026-09-08T14:33:07Z,firm_key,RESILIENCE US,,fda.inspections.history,raw/fda.inspections.history/2026/09/20260908T143307Z-cc2bb4babcd8.json.gz,1
fda.inspections.history,firm:3006316363,2009-12-23,2026-09-08T14:33:07Z,inspected,1,count,fda.inspections.history,raw/fda.inspections.history/2026/09/20260908T143307Z-cc2bb4babcd8.json.gz,1
fda.inspections.history,firm:3006316363,2009-12-23,2026-09-08T14:33:07Z,inspection_end,20091223,yyyymmdd,fda.inspections.history,raw/fda.inspections.history/2026/09/20260908T143307Z-cc2bb4babcd8.json.gz,1
fda.inspections.history,firm:3006316363,2009-12-23,2026-09-08T14:33:07Z,is_foreign,0,bool,fda.inspections.history,raw/fda.inspections.history/2026/09/20260908T143307Z-cc2bb4babcd8.json.gz,1
fda.inspections.history,firm:3006316363,2009-12-23,2026-09-08T14:33:07Z,is_oai,1,bool,fda.inspections.history,raw/fda.inspections.history/2026/09/20260908T143307Z-cc2bb4babcd8.json.gz,1
fda.inspections.history,firm:3006316363,2009-12-23,2026-09-08T14:33:07Z,label,"Resilience US, LLC",,fda.inspections.history,raw/fda.inspections.history/2026/09/20260908T143307Z-cc2bb4babcd8.json.gz,1
fda.inspections.history,firm:3006317477,2009-12-18,2026-09-08T14:33:07Z,classification,1,ordinal,fda.inspections.history,raw/fda.inspections.history/2026/09/20260908T143307Z-cc2bb4babcd8.json.gz,1
fda.inspections.history,firm:3006317477,2009-12-18,2026-09-08T14:33:07Z,firm_key,ACUITY SPECIALTY PRODUCTS,,fda.inspections.history,raw/fda.inspections.history/2026/09/20260908T143307Z-cc2bb4babcd8.json.gz,1
fda.inspections.history,firm:3006317477,2009-12-18,2026-09-08T14:33:07Z,inspected,1,count,fda.inspections.history,raw/fda.inspections.history/2026/09/20260908T143307Z-cc2bb4babcd8.json.gz,1
fda.inspections.history,firm:3006317477,2009-12-18,2026-09-08T14:33:07Z,inspection_end,20091218,yyyymmdd,fda.inspections.history,raw/fda.inspections.history/2026/09/20260908T143307Z-cc2bb4babcd8.json.gz,1
fda.inspections.history,firm:3006317477,2009-12-18,2026-09-08T14:33:07Z,is_foreign,0,bool,fda.inspections.history,raw/fda.inspections.history/2026/09/20260908T143307Z-cc2bb4babcd8.json.gz,1
fda.inspections.history,firm:3006317477,2009-12-18,2026-09-08T14:33:07Z,is_oai,0,bool,fda.inspections.history,raw/fda.inspections.history/2026/09/20260908T143307Z-cc2bb4babcd8.json.gz,1
fda.inspections.history,firm:3006317477,2009-12-18,2026-09-08T14:33:07Z,label,"Acuity Specialty Products, Inc.",,fda.inspections.history,raw/fda.inspections.history/2026/09/20260908T143307Z-cc2bb4babcd8.json.gz,1
fda.inspections.history,firm:3006376570,2009-12-24,2026-09-08T14:33:07Z,classification,1,ordinal,fda.inspections.history,raw/fda.inspections.history/2026/09/20260908T143307Z-cc2bb4babcd8.json.gz,1
fda.inspections.history,firm:3006376570,2009-12-24,2026-09-08T14:33:07Z,firm_key,SPC HOME MEDICAL EQUIPMENT,,fda.inspections.history,raw/fda.inspections.history/2026/09/20260908T143307Z-cc2bb4babcd8.json.gz,1
fda.inspections.history,firm:3006376570,2009-12-24,2026-09-08T14:33:07Z,inspected,1,count,fda.inspections.history,raw/fda.inspections.history/2026/09/20260908T143307Z-cc2bb4babcd8.json.gz,1
fda.inspections.history,firm:3006376570,2009-12-24,2026-09-08T14:33:07Z,inspection_end,20091224,yyyymmdd,fda.inspections.history,raw/fda.inspections.history/2026/09/20260908T143307Z-cc2bb4babcd8.json.gz,1
fda.inspections.history,firm:3006376570,2009-12-24,2026-09-08T14:33:07Z,is_foreign,0,bool,fda.inspections.history,raw/fda.inspections.history/2026/09/20260908T143307Z-cc2bb4babcd8.json.gz,1
fda.inspections.history,firm:3006376570,2009-12-24,2026-09-08T14:33:07Z,is_oai,0,bool,fda.inspections.history,raw/fda.inspections.history/2026/09/20260908T143307Z-cc2bb4babcd8.json.gz,1
fda.inspections.history,firm:3006376570,2009-12-24,2026-09-08T14:33:07Z,label,SPC Home Medical Equipment,,fda.inspections.history,raw/fda.inspections.history/2026/09/20260908T143307Z-cc2bb4babcd8.json.gz,1
fda.inspections.history,firm:3006423758,2009-12-17,2026-09-08T14:33:07Z,classification,1,ordinal,fda.inspections.history,raw/fda.inspections.history/2026/09/20260908T143307Z-cc2bb4babcd8.json.gz,1
fda.inspections.history,firm:3006423758,2009-12-17,2026-09-08T14:33:07Z,firm_key,SUMMIT AIRE,,fda.inspections.history,raw/fda.inspections.history/2026/09/20260908T143307Z-cc2bb4babcd8.json.gz,1
fda.inspections.history,firm:3006423758,2009-12-17,2026-09-08T14:33:07Z,inspected,1,count,fda.inspections.history,raw/fda.inspections.history/2026/09/20260908T143307Z-cc2bb4babcd8.json.gz,1
fda.inspections.history,firm:3006423758,2009-12-17,2026-09-08T14:33:07Z,inspection_end,20091217,yyyymmdd,fda.inspections.history,raw/fda.inspections.history/2026/09/20260908T143307Z-cc2bb4babcd8.json.gz,1
fda.inspections.history,firm:3006423758,2009-12-17,2026-09-08T14:33:07Z,is_foreign,0,bool,fda.inspections.history,raw/fda.inspections.history/2026/09/20260908T143307Z-cc2bb4babcd8.json.gz,1
fda.inspections.history,firm:3006423758,2009-12-17,2026-09-08T14:33:07Z,is_oai,0,bool,fda.inspections.history,raw/fda.inspections.history/2026/09/20260908T143307Z-cc2bb4babcd8.json.gz,1
fda.inspections.history,firm:3006423758,2009-12-17,2026-09-08T14:33:07Z,label,Summit Aire Inc.,,fda.inspections.history,raw/fda.inspections.history/2026/09/20260908T143307Z-cc2bb4babcd8.json.gz,1
fda.inspections.history,firm:3006581153,2009-12-11,2026-09-08T14:33:07Z,classification,1,ordinal,fda.inspections.history,raw/fda.inspections.history/2026/09/20260908T143307Z-cc2bb4babcd8.json.gz,1
fda.inspections.history,firm:3006581153,2009-12-11,2026-09-08T14:33:07Z,firm_key,BIO SERV PR,,fda.inspections.history,raw/fda.inspections.history/2026/09/20260908T143307Z-cc2bb4babcd8.json.gz,1
fda.inspections.history,firm:3006581153,2009-12-11,2026-09-08T14:33:07Z,inspected,1,count,fda.inspections.history,raw/fda.inspections.history/2026/09/20260908T143307Z-cc2bb4babcd8.json.gz,1
fda.inspections.history,firm:3006581153,2009-12-11,2026-09-08T14:33:07Z,inspection_end,20091211,yyyymmdd,fda.inspections.history,raw/fda.inspections.history/2026/09/20260908T143307Z-cc2bb4babcd8.json.gz,1
fda.inspections.history,firm:3006581153,2009-12-11,2026-09-08T14:33:07Z,is_foreign,0,bool,fda.inspections.history,raw/fda.inspections.history/2026/09/20260908T143307Z-cc2bb4babcd8.json.gz,1
fda.inspections.history,firm:3006581153,2009-12-11,2026-09-08T14:33:07Z,is_oai,0,bool,fda.inspections.history,raw/fda.inspections.history/2026/09/20260908T143307Z-cc2bb4babcd8.json.gz,1
fda.inspections.history,firm:3006581153,2009-12-11,2026-09-08T14:33:07Z,label,"Pharma Bio Serv PR, Inc.",,fda.inspections.history,raw/fda.inspections.history/2026/09/20260908T143307Z-cc2bb4babcd8.json.gz,1
fda.inspections.history,firm:3006646024,2009-12-02,2026-09-08T14:33:07Z,classification,0,ordinal,fda.inspections.history,raw/fda.inspections.history/2026/09/20260908T143307Z-cc2bb4babcd8.json.gz,1
fda.inspections.history,firm:3006646024,2009-12-02,2026-09-08T14:33:07Z,firm_key,AVENT,,fda.inspections.history,raw/fda.inspections.history/2026/09/20260908T143307Z-cc2bb4babcd8.json.gz,1
fda.inspections.history,firm:3006646024,2009-12-02,2026-09-08T14:33:07Z,inspected,1,count,fda.inspections.history,raw/fda.inspections.history/2026/09/20260908T143307Z-cc2bb4babcd8.json.gz,1
fda.inspections.history,firm:3006646024,2009-12-02,2026-09-08T14:33:07Z,inspection_end,20091202,yyyymmdd,fda.inspections.history,raw/fda.inspections.history/2026/09/20260908T143307Z-cc2bb4babcd8.json.gz,1
fda.inspections.history,firm:3006646024,2009-12-02,2026-09-08T14:33:07Z,is_foreign,0,bool,fda.inspections.history,raw/fda.inspections.history/2026/09/20260908T143307Z-cc2bb4babcd8.json.gz,1
fda.inspections.history,firm:3006646024,2009-12-02,2026-09-08T14:33:07Z,is_oai,0,bool,fda.inspections.history,raw/fda.inspections.history/2026/09/20260908T143307Z-cc2bb4babcd8.json.gz,1
fda.inspections.history,firm:3006646024,2009-12-02,2026-09-08T14:33:07Z,label,"Avent, Inc.",,fda.inspections.history,raw/fda.inspections.history/2026/09/20260908T143307Z-cc2bb4babcd8.json.gz,1
fda.inspections.history,firm:3006662277,2009-12-04,2026-09-08T14:33:07Z,classification,0,ordinal,fda.inspections.history,raw/fda.inspections.history/2026/09/20260908T143307Z-cc2bb4babcd8.json.gz,1
fda.inspections.history,firm:3006662277,2009-12-04,2026-09-08T14:33:07Z,firm_key,AUTUMN HARP,,fda.inspections.history,raw/fda.inspections.history/2026/09/20260908T143307Z-cc2bb4babcd8.json.gz,1
fda.inspections.history,firm:3006662277,2009-12-04,2026-09-08T14:33:07Z,inspected,1,count,fda.inspections.history,raw/fda.inspections.history/2026/09/20260908T143307Z-cc2bb4babcd8.json.gz,1
fda.inspections.history,firm:3006662277,2009-12-04,2026-09-08T14:33:07Z,inspection_end,20091204,yyyymmdd,fda.inspections.history,raw/fda.inspections.history/2026/09/20260908T143307Z-cc2bb4babcd8.json.gz,1
fda.inspections.history,firm:3006662277,2009-12-04,2026-09-08T14:33:07Z,is_foreign,0,bool,fda.inspections.history,raw/fda.inspections.history/2026/09/20260908T143307Z-cc2bb4babcd8.json.gz,1
fda.inspections.history,firm:3006662277,2009-12-04,2026-09-08T14:33:07Z,is_oai,0,bool,fda.inspections.history,raw/fda.inspections.history/2026/09/20260908T143307Z-cc2bb4babcd8.json.gz,1
fda.inspections.history,firm:3006662277,2009-12-04,2026-09-08T14:33:07Z,label,"Autumn Harp, Inc.",,fda.inspections.history,raw/fda.inspections.history/2026/09/20260908T143307Z-cc2bb4babcd8.json.gz,1
fda.inspections.history,firm:3006998371,2009-12-21,2026-09-08T14:33:07Z,classification,0,ordinal,fda.inspections.history,raw/fda.inspections.history/2026/09/20260908T143307Z-cc2bb4babcd8.json.gz,1
fda.inspections.history,firm:3006998371,2009-12-21,2026-09-08T14:33:07Z,firm_key,MLM,,fda.inspections.history,raw/fda.inspections.history/2026/09/20260908T143307Z-cc2bb4babcd8.json.gz,1
fda.inspections.history,firm:3006998371,2009-12-21,2026-09-08T14:33:07Z,inspected,1,count,fda.inspections.history,raw/fda.inspections.history/2026/09/20260908T143307Z-cc2bb4babcd8.json.gz,1
fda.inspections.history,firm:3006998371,2009-12-21,2026-09-08T14:33:07Z,inspection_end,20091221,yyyymmdd,fda.inspections.history,raw/fda.inspections.history/2026/09/20260908T143307Z-cc2bb4babcd8.json.gz,1
fda.inspections.history,firm:3006998371,2009-12-21,2026-09-08T14:33:07Z,is_foreign,0,bool,fda.inspections.history,raw/fda.inspections.history/2026/09/20260908T143307Z-cc2bb4babcd8.json.gz,1
fda.inspections.history,firm:3006998371,2009-12-21,2026-09-08T14:33:07Z,is_oai,0,bool,fda.inspections.history,raw/fda.inspections.history/2026/09/20260908T143307Z-cc2bb4babcd8.json.gz,1
fda.inspections.history,firm:3006998371,2009-12-21,2026-09-08T14:33:07Z,label,MLM Inc,,fda.inspections.history,raw/fda.inspections.history/2026/09/20260908T143307Z-cc2bb4babcd8.json.gz,1
fda.inspections.history,firm:3007009553,2009-12-11,2026-09-08T14:33:07Z,classification,0,ordinal,fda.inspections.history,raw/fda.inspections.history/2026/09/20260908T143307Z-cc2bb4babcd8.json.gz,1
fda.inspections.history,firm:3007009553,2009-12-11,2026-09-08T14:33:07Z,firm_key,ARMSTRONG,,fda.inspections.history,raw/fda.inspections.history/2026/09/20260908T143307Z-cc2bb4babcd8.json.gz,1
fda.inspections.history,firm:3007009553,2009-12-11,2026-09-08T14:33:07Z,inspected,1,count,fda.inspections.history,raw/fda.inspections.history/2026/09/20260908T143307Z-cc2bb4babcd8.json.gz,1
fda.inspections.history,firm:3007009553,2009-12-11,2026-09-08T14:33:07Z,inspection_end,20091211,yyyymmdd,fda.inspections.history,raw/fda.inspections.history/2026/09/20260908T143307Z-cc2bb4babcd8.json.gz,1
fda.inspections.history,firm:3007009553,2009-12-11,2026-09-08T14:33:07Z,is_foreign,0,bool,fda.inspections.history,raw/fda.inspections.history/2026/09/20260908T143307Z-cc2bb4babcd8.json.gz,1
fda.inspections.history,firm:3007009553,2009-12-11,2026-09-08T14:33:07Z,is_oai,0,bool,fda.inspections.history,raw/fda.inspections.history/2026/09/20260908T143307Z-cc2bb4babcd8.json.gz,1
fda.inspections.history,firm:3007009553,2009-12-11,2026-09-08T14:33:07Z,label,"Armstrong Pharmaceuticals, Inc.",,fda.inspections.history,raw/fda.inspections.history/2026/09/20260908T143307Z-cc2bb4babcd8.json.gz,1
fda.inspections.history,firm:3007088547,2009-12-18,2026-09-08T14:33:07Z,classification,1,ordinal,fda.inspections.history,raw/fda.inspections.history/2026/09/20260908T143307Z-cc2bb4babcd8.json.gz,1
fda.inspections.history,firm:3007088547,2009-12-18,2026-09-08T14:33:07Z,firm_key,COMMUNITY SURGICAL SUPPLY TOMS RIVER,,fda.inspections.history,raw/fda.inspections.history/2026/09/20260908T143307Z-cc2bb4babcd8.json.gz,1
fda.inspections.history,firm:3007088547,2009-12-18,2026-09-08T14:33:07Z,inspected,1,count,fda.inspections.history,raw/fda.inspections.history/2026/09/20260908T143307Z-cc2bb4babcd8.json.gz,1
fda.inspections.history,firm:3007088547,2009-12-18,2026-09-08T14:33:07Z,inspection_end,20091218,yyyymmdd,fda.inspections.history,raw/fda.inspections.history/2026/09/20260908T143307Z-cc2bb4babcd8.json.gz,1
fda.inspections.history,firm:3007088547,2009-12-18,2026-09-08T14:33:07Z,is_foreign,0,bool,fda.inspections.history,raw/fda.inspections.history/2026/09/20260908T143307Z-cc2bb4babcd8.json.gz,1
fda.inspections.history,firm:3007088547,2009-12-18,2026-09-08T14:33:07Z,is_oai,0,bool,fda.inspections.history,raw/fda.inspections.history/2026/09/20260908T143307Z-cc2bb4babcd8.json.gz,1
fda.inspections.history,firm:3007088547,2009-12-18,2026-09-08T14:33:07Z,label,Community Surgical Supply Toms River Inc,,fda.inspections.history,raw/fda.inspections.history/2026/09/20260908T143307Z-cc2bb4babcd8.json.gz,1
fda.inspections.history,firm:3007095647,2009-12-11,2026-09-08T14:33:07Z,classification,0,ordinal,fda.inspections.history,raw/fda.inspections.history/2026/09/20260908T143307Z-cc2bb4babcd8.json.gz,1
fda.inspections.history,firm:3007095647,2009-12-11,2026-09-08T14:33:07Z,firm_key,CUERVO MARIO M D,,fda.inspections.history,raw/fda.inspections.history/2026/09/20260908T143307Z-cc2bb4babcd8.json.gz,1
fda.inspections.history,firm:3007095647,2009-12-11,2026-09-08T14:33:07Z,inspected,1,count,fda.inspections.history,raw/fda.inspections.history/2026/09/20260908T143307Z-cc2bb4babcd8.json.gz,1
fda.inspections.history,firm:3007095647,2009-12-11,2026-09-08T14:33:07Z,inspection_end,20091211,yyyymmdd,fda.inspections.history,raw/fda.inspections.history/2026/09/20260908T143307Z-cc2bb4babcd8.json.gz,1
fda.inspections.history,firm:3007095647,2009-12-11,2026-09-08T14:33:07Z,is_foreign,0,bool,fda.inspections.history,raw/fda.inspections.history/2026/09/20260908T143307Z-cc2bb4babcd8.json.gz,1
fda.inspections.history,firm:3007095647,2009-12-11,2026-09-08T14:33:07Z,is_oai,0,bool,fda.inspections.history,raw/fda.inspections.history/2026/09/20260908T143307Z-cc2bb4babcd8.json.gz,1
fda.inspections.history,firm:3007095647,2009-12-11,2026-09-08T14:33:07Z,label,"Cuervo, Mario, M.D.",,fda.inspections.history,raw/fda.inspections.history/2026/09/20260908T143307Z-cc2bb4babcd8.json.gz,1
fda.inspections.history,firm:3007113193,2009-12-18,2026-09-08T14:33:07Z,classification,1,ordinal,fda.inspections.history,raw/fda.inspections.history/2026/09/20260908T143307Z-cc2bb4babcd8.json.gz,1
fda.inspections.history,firm:3007113193,2009-12-18,2026-09-08T14:33:07Z,firm_key,QUINNOVA,,fda.inspections.history,raw/fda.inspections.history/2026/09/20260908T143307Z-cc2bb4babcd8.json.gz,1
fda.inspections.history,firm:3007113193,2009-12-18,2026-09-08T14:33:07Z,inspected,1,count,fda.inspections.history,raw/fda.inspections.history/2026/09/20260908T143307Z-cc2bb4babcd8.json.gz,1
fda.inspections.history,firm:3007113193,2009-12-18,2026-09-08T14:33:07Z,inspection_end,20091218,yyyymmdd,fda.inspections.history,raw/fda.inspections.history/2026/09/20260908T143307Z-cc2bb4babcd8.json.gz,1
fda.inspections.history,firm:3007113193,2009-12-18,2026-09-08T14:33:07Z,is_foreign,0,bool,fda.inspections.history,raw/fda.inspections.history/2026/09/20260908T143307Z-cc2bb4babcd8.json.gz,1
fda.inspections.history,firm:3007113193,2009-12-18,2026-09-08T14:33:07Z,is_oai,0,bool,fda.inspections.history,raw/fda.inspections.history/2026/09/20260908T143307Z-cc2bb4babcd8.json.gz,1
fda.inspections.history,firm:3007113193,2009-12-18,2026-09-08T14:33:07Z,label,"Quinnova Pharmaceuticals, Inc.",,fda.inspections.history,raw/fda.inspections.history/2026/09/20260908T143307Z-cc2bb4babcd8.json.gz,1
fda.inspections.history,firm:3007145092,2009-12-09,2026-09-08T14:33:07Z,classification,1,ordinal,fda.inspections.history,raw/fda.inspections.history/2026/09/20260908T143307Z-cc2bb4babcd8.json.gz,1
fda.inspections.history,firm:3007145092,2009-12-09,2026-09-08T14:33:07Z,firm_key,KYLE PATRICK DO,,fda.inspections.history,raw/fda.inspections.history/2026/09/20260908T143307Z-cc2bb4babcd8.json.gz,1
fda.inspections.history,firm:3007145092,2009-12-09,2026-09-08T14:33:07Z,inspected,1,count,fda.inspections.history,raw/fda.inspections.history/2026/09/20260908T143307Z-cc2bb4babcd8.json.gz,1
fda.inspections.history,firm:3007145092,2009-12-09,2026-09-08T14:33:07Z,inspection_end,20091209,yyyymmdd,fda.inspections.history,raw/fda.inspections.history/2026/09/20260908T143307Z-cc2bb4babcd8.json.gz,1
fda.inspections.history,firm:3007145092,2009-12-09,2026-09-08T14:33:07Z,is_foreign,0,bool,fda.inspections.history,raw/fda.inspections.history/2026/09/20260908T143307Z-cc2bb4babcd8.json.gz,1
fda.inspections.history,firm:3007145092,2009-12-09,2026-09-08T14:33:07Z,is_oai,0,bool,fda.inspections.history,raw/fda.inspections.history/2026/09/20260908T143307Z-cc2bb4babcd8.json.gz,1
fda.inspections.history,firm:3007145092,2009-12-09,2026-09-08T14:33:07Z,label,"Kyle Patrick, DO",,fda.inspections.history,raw/fda.inspections.history/2026/09/20260908T143307Z-cc2bb4babcd8.json.gz,1
fda.inspections.history,firm:3007232634,2009-12-17,2026-09-08T14:33:07Z,classification,0,ordinal,fda.inspections.history,raw/fda.inspections.history/2026/09/20260908T143307Z-cc2bb4babcd8.json.gz,1
fda.inspections.history,firm:3007232634,2009-12-17,2026-09-08T14:33:07Z,firm_key,GENENTECH,,fda.inspections.history,raw/fda.inspections.history/2026/09/20260908T143307Z-cc2bb4babcd8.json.gz,1
fda.inspections.history,firm:3007232634,2009-12-17,2026-09-08T14:33:07Z,inspected,1,count,fda.inspections.history,raw/fda.inspections.history/2026/09/20260908T143307Z-cc2bb4babcd8.json.gz,1
fda.inspections.history,firm:3007232634,2009-12-17,2026-09-08T14:33:07Z,inspection_end,20091217,yyyymmdd,fda.inspections.history,raw/fda.inspections.history/2026/09/20260908T143307Z-cc2bb4babcd8.json.gz,1
fda.inspections.history,firm:3007232634,2009-12-17,2026-09-08T14:33:07Z,is_foreign,0,bool,fda.inspections.history,raw/fda.inspections.history/2026/09/20260908T143307Z-cc2bb4babcd8.json.gz,1
fda.inspections.history,firm:3007232634,2009-12-17,2026-09-08T14:33:07Z,is_oai,0,bool,fda.inspections.history,raw/fda.inspections.history/2026/09/20260908T143307Z-cc2bb4babcd8.json.gz,1
fda.inspections.history,firm:3007232634,2009-12-17,2026-09-08T14:33:07Z,label,"Genentech, Inc.",,fda.inspections.history,raw/fda.inspections.history/2026/09/20260908T143307Z-cc2bb4babcd8.json.gz,1
fda.inspections.history,firm:3007343300,2009-12-11,2026-09-08T14:33:07Z,classification,1,ordinal,fda.inspections.history,raw/fda.inspections.history/2026/09/20260908T143307Z-cc2bb4babcd8.json.gz,1
fda.inspections.history,firm:3007343300,2009-12-11,2026-09-08T14:33:07Z,firm_key,PF CONSUMER HEALTHCARE PUERTO RICO OPERATIONS,,fda.inspections.history,raw/fda.inspections.history/2026/09/20260908T143307Z-cc2bb4babcd8.json.gz,1
fda.inspections.history,firm:3007343300,2009-12-11,2026-09-08T14:33:07Z,inspected,1,count,fda.inspections.history,raw/fda.inspections.history/2026/09/20260908T143307Z-cc2bb4babcd8.json.gz,1
fda.inspections.history,firm:3007343300,2009-12-11,2026-09-08T14:33:07Z,inspection_end,20091211,yyyymmdd,fda.inspections.history,raw/fda.inspections.history/2026/09/20260908T143307Z-cc2bb4babcd8.json.gz,1
fda.inspections.history,firm:3007343300,2009-12-11,2026-09-08T14:33:07Z,is_foreign,0,bool,fda.inspections.history,raw/fda.inspections.history/2026/09/20260908T143307Z-cc2bb4babcd8.json.gz,1
fda.inspections.history,firm:3007343300,2009-12-11,2026-09-08T14:33:07Z,is_oai,0,bool,fda.inspections.history,raw/fda.inspections.history/2026/09/20260908T143307Z-cc2bb4babcd8.json.gz,1
fda.inspections.history,firm:3007343300,2009-12-11,2026-09-08T14:33:07Z,label,PF Consumer Healthcare BV (Puerto Rico Operations) LLC,,fda.inspections.history,raw/fda.inspections.history/2026/09/20260908T143307Z-cc2bb4babcd8.json.gz,1
fda.inspections.history,firm:3007410731,2009-12-08,2026-09-08T14:33:07Z,classification,1,ordinal,fda.inspections.history,raw/fda.inspections.history/2026/09/20260908T143307Z-cc2bb4babcd8.json.gz,1
fda.inspections.history,firm:3007410731,2009-12-08,2026-09-08T14:33:07Z,firm_key,DHALIWAL SOUTH,,fda.inspections.history,raw/fda.inspections.history/2026/09/20260908T143307Z-cc2bb4babcd8.json.gz,1
fda.inspections.history,firm:3007410731,2009-12-08,2026-09-08T14:33:07Z,inspected,1,count,fda.inspections.history,raw/fda.inspections.history/2026/09/20260908T143307Z-cc2bb4babcd8.json.gz,1
fda.inspections.history,firm:3007410731,2009-12-08,2026-09-08T14:33:07Z,inspection_end,20091208,yyyymmdd,fda.inspections.history,raw/fda.inspections.history/2026/09/20260908T143307Z-cc2bb4babcd8.json.gz,1
fda.inspections.history,firm:3007410731,2009-12-08,2026-09-08T14:33:07Z,is_foreign,0,bool,fda.inspections.history,raw/fda.inspections.history/2026/09/20260908T143307Z-cc2bb4babcd8.json.gz,1
fda.inspections.history,firm:3007410731,2009-12-08,2026-09-08T14:33:07Z,is_oai,0,bool,fda.inspections.history,raw/fda.inspections.history/2026/09/20260908T143307Z-cc2bb4babcd8.json.gz,1
fda.inspections.history,firm:3007410731,2009-12-08,2026-09-08T14:33:07Z,label,Dhaliwal Labs South LLC,,fda.inspections.history,raw/fda.inspections.history/2026/09/20260908T143307Z-cc2bb4babcd8.json.gz,1
fda.inspections.history,firm:3007427013,2009-12-11,2026-09-08T14:33:07Z,classification,0,ordinal,fda.inspections.history,raw/fda.inspections.history/2026/09/20260908T143307Z-cc2bb4babcd8.json.gz,1
fda.inspections.history,firm:3007427013,2009-12-11,2026-09-08T14:33:07Z,firm_key,FURMAN MD DR RICHARD R,,fda.inspections.history,raw/fda.inspections.history/2026/09/20260908T143307Z-cc2bb4babcd8.json.gz,1
fda.inspections.history,firm:3007427013,2009-12-11,2026-09-08T14:33:07Z,inspected,1,count,fda.inspections.history,raw/fda.inspections.history/2026/09/20260908T143307Z-cc2bb4babcd8.json.gz,1
fda.inspections.history,firm:3007427013,2009-12-11,2026-09-08T14:33:07Z,inspection_end,20091211,yyyymmdd,fda.inspections.history,raw/fda.inspections.history/2026/09/20260908T143307Z-cc2bb4babcd8.json.gz,1
fda.inspections.history,firm:3007427013,2009-12-11,2026-09-08T14:33:07Z,is_foreign,0,bool,fda.inspections.history,raw/fda.inspections.history/2026/09/20260908T143307Z-cc2bb4babcd8.json.gz,1
fda.inspections.history,firm:3007427013,2009-12-11,2026-09-08T14:33:07Z,is_oai,0,bool,fda.inspections.history,raw/fda.inspections.history/2026/09/20260908T143307Z-cc2bb4babcd8.json.gz,1
fda.inspections.history,firm:3007427013,2009-12-11,2026-09-08T14:33:07Z,label,"Furman, MD  Dr. Richard R.",,fda.inspections.history,raw/fda.inspections.history/2026/09/20260908T143307Z-cc2bb4babcd8.json.gz,1
fda.inspections.history,firm:3007625914,2009-12-07,2026-09-08T14:33:07Z,classification,0,ordinal,fda.inspections.history,raw/fda.inspections.history/2026/09/20260908T143307Z-cc2bb4babcd8.json.gz,1
fda.inspections.history,firm:3007625914,2009-12-07,2026-09-08T14:33:07Z,firm_key,LIFE SCIENCE LOGISTICS,,fda.inspections.history,raw/fda.inspections.history/2026/09/20260908T143307Z-cc2bb4babcd8.json.gz,1
fda.inspections.history,firm:3007625914,2009-12-07,2026-09-08T14:33:07Z,inspected,1,count,fda.inspections.history,raw/fda.inspections.history/2026/09/20260908T143307Z-cc2bb4babcd8.json.gz,1
fda.inspections.history,firm:3007625914,2009-12-07,2026-09-08T14:33:07Z,inspection_end,20091207,yyyymmdd,fda.inspections.history,raw/fda.inspections.history/2026/09/20260908T143307Z-cc2bb4babcd8.json.gz,1
fda.inspections.history,firm:3007625914,2009-12-07,2026-09-08T14:33:07Z,is_foreign,0,bool,fda.inspections.history,raw/fda.inspections.history/2026/09/20260908T143307Z-cc2bb4babcd8.json.gz,1
fda.inspections.history,firm:3007625914,2009-12-07,2026-09-08T14:33:07Z,is_oai,0,bool,fda.inspections.history,raw/fda.inspections.history/2026/09/20260908T143307Z-cc2bb4babcd8.json.gz,1
fda.inspections.history,firm:3007625914,2009-12-07,2026-09-08T14:33:07Z,label,Life Science Logistics LLC,,fda.inspections.history,raw/fda.inspections.history/2026/09/20260908T143307Z-cc2bb4babcd8.json.gz,1
fda.inspections.history,firm:3007632373,2009-12-10,2026-09-08T14:33:07Z,classification,1,ordinal,fda.inspections.history,raw/fda.inspections.history/2026/09/20260908T143307Z-cc2bb4babcd8.json.gz,1
fda.inspections.history,firm:3007632373,2009-12-10,2026-09-08T14:33:07Z,firm_key,SGS CANADA,,fda.inspections.history,raw/fda.inspections.history/2026/09/20260908T143307Z-cc2bb4babcd8.json.gz,1
fda.inspections.history,firm:3007632373,2009-12-10,2026-09-08T14:33:07Z,inspected,1,count,fda.inspections.history,raw/fda.inspections.history/2026/09/20260908T143307Z-cc2bb4babcd8.json.gz,1
fda.inspections.history,firm:3007632373,2009-12-10,2026-09-08T14:33:07Z,inspection_end,20091210,yyyymmdd,fda.inspections.history,raw/fda.inspections.history/2026/09/20260908T143307Z-cc2bb4babcd8.json.gz,1
fda.inspections.history,firm:3007632373,2009-12-10,2026-09-08T14:33:07Z,is_foreign,1,bool,fda.inspections.history,raw/fda.inspections.history/2026/09/20260908T143307Z-cc2bb4babcd8.json.gz,1
fda.inspections.history,firm:3007632373,2009-12-10,2026-09-08T14:33:07Z,is_oai,0,bool,fda.inspections.history,raw/fda.inspections.history/2026/09/20260908T143307Z-cc2bb4babcd8.json.gz,1
fda.inspections.history,firm:3007632373,2009-12-10,2026-09-08T14:33:07Z,label,SGS Canada Inc,,fda.inspections.history,raw/fda.inspections.history/2026/09/20260908T143307Z-cc2bb4babcd8.json.gz,1
fda.inspections.history,firm:3007688500,2009-12-11,2026-09-08T14:33:07Z,classification,1,ordinal,fda.inspections.history,raw/fda.inspections.history/2026/09/20260908T143307Z-cc2bb4babcd8.json.gz,1
fda.inspections.history,firm:3007688500,2009-12-11,2026-09-08T14:33:07Z,firm_key,BALLARD HOMEOPATHIC,,fda.inspections.history,raw/fda.inspections.history/2026/09/20260908T143307Z-cc2bb4babcd8.json.gz,1
fda.inspections.history,firm:3007688500,2009-12-11,2026-09-08T14:33:07Z,inspected,1,count,fda.inspections.history,raw/fda.inspections.history/2026/09/20260908T143307Z-cc2bb4babcd8.json.gz,1
fda.inspections.history,firm:3007688500,2009-12-11,2026-09-08T14:33:07Z,inspection_end,20091211,yyyymmdd,fda.inspections.history,raw/fda.inspections.history/2026/09/20260908T143307Z-cc2bb4babcd8.json.gz,1
fda.inspections.history,firm:3007688500,2009-12-11,2026-09-08T14:33:07Z,is_foreign,0,bool,fda.inspections.history,raw/fda.inspections.history/2026/09/20260908T143307Z-cc2bb4babcd8.json.gz,1
fda.inspections.history,firm:3007688500,2009-12-11,2026-09-08T14:33:07Z,is_oai,0,bool,fda.inspections.history,raw/fda.inspections.history/2026/09/20260908T143307Z-cc2bb4babcd8.json.gz,1
fda.inspections.history,firm:3007688500,2009-12-11,2026-09-08T14:33:07Z,label,Ballard Homeopathic Llc.,,fda.inspections.history,raw/fda.inspections.history/2026/09/20260908T143307Z-cc2bb4babcd8.json.gz,1
fda.inspections.history,firm:3007835015,2009-12-02,2026-09-08T14:33:07Z,classification,0,ordinal,fda.inspections.history,raw/fda.inspections.history/2026/09/20260908T143307Z-cc2bb4babcd8.json.gz,1
fda.inspections.history,firm:3007835015,2009-12-02,2026-09-08T14:33:07Z,firm_key,MIGUEL AGUILAR M D,,fda.inspections.history,raw/fda.inspections.history/2026/09/20260908T143307Z-cc2bb4babcd8.json.gz,1
fda.inspections.history,firm:3007835015,2009-12-02,2026-09-08T14:33:07Z,inspected,1,count,fda.inspections.history,raw/fda.inspections.history/2026/09/20260908T143307Z-cc2bb4babcd8.json.gz,1
fda.inspections.history,firm:3007835015,2009-12-02,2026-09-08T14:33:07Z,inspection_end,20091202,yyyymmdd,fda.inspections.history,raw/fda.inspections.history/2026/09/20260908T143307Z-cc2bb4babcd8.json.gz,1
fda.inspections.history,firm:3007835015,2009-12-02,2026-09-08T14:33:07Z,is_foreign,1,bool,fda.inspections.history,raw/fda.inspections.history/2026/09/20260908T143307Z-cc2bb4babcd8.json.gz,1
fda.inspections.history,firm:3007835015,2009-12-02,2026-09-08T14:33:07Z,is_oai,0,bool,fda.inspections.history,raw/fda.inspections.history/2026/09/20260908T143307Z-cc2bb4babcd8.json.gz,1
fda.inspections.history,firm:3007835015,2009-12-02,2026-09-08T14:33:07Z,label,"Miguel Aguilar, M.D.",,fda.inspections.history,raw/fda.inspections.history/2026/09/20260908T143307Z-cc2bb4babcd8.json.gz,1
fda.inspections.history,firm:3007835024,2009-12-09,2026-09-08T14:33:07Z,classification,0,ordinal,fda.inspections.history,raw/fda.inspections.history/2026/09/20260908T143307Z-cc2bb4babcd8.json.gz,1
fda.inspections.history,firm:3007835024,2009-12-09,2026-09-08T14:33:07Z,firm_key,ERNEST BALAGUER M D,,fda.inspections.history,raw/fda.inspections.history/2026/09/20260908T143307Z-cc2bb4babcd8.json.gz,1
fda.inspections.history,firm:3007835024,2009-12-09,2026-09-08T14:33:07Z,inspected,1,count,fda.inspections.history,raw/fda.inspections.history/2026/09/20260908T143307Z-cc2bb4babcd8.json.gz,1
fda.inspections.history,firm:3007835024,2009-12-09,2026-09-08T14:33:07Z,inspection_end,20091209,yyyymmdd,fda.inspections.history,raw/fda.inspections.history/2026/09/20260908T143307Z-cc2bb4babcd8.json.gz,1
fda.inspections.history,firm:3007835024,2009-12-09,2026-09-08T14:33:07Z,is_foreign,1,bool,fda.inspections.history,raw/fda.inspections.history/2026/09/20260908T143307Z-cc2bb4babcd8.json.gz,1
fda.inspections.history,firm:3007835024,2009-12-09,2026-09-08T14:33:07Z,is_oai,0,bool,fda.inspections.history,raw/fda.inspections.history/2026/09/20260908T143307Z-cc2bb4babcd8.json.gz,1
fda.inspections.history,firm:3007835024,2009-12-09,2026-09-08T14:33:07Z,label,"Ernest Balaguer, M.D.",,fda.inspections.history,raw/fda.inspections.history/2026/09/20260908T143307Z-cc2bb4babcd8.json.gz,1
fda.inspections.history,firm:3007855318,2009-12-03,2026-09-08T14:33:07Z,classification,1,ordinal,fda.inspections.history,raw/fda.inspections.history/2026/09/20260908T143307Z-cc2bb4babcd8.json.gz,1
fda.inspections.history,firm:3007855318,2009-12-03,2026-09-08T14:33:07Z,firm_key,BARBARA BRESNAHAN M D,,fda.inspections.history,raw/fda.inspections.history/2026/09/20260908T143307Z-cc2bb4babcd8.json.gz,1
fda.inspections.history,firm:3007855318,2009-12-03,2026-09-08T14:33:07Z,inspected,1,count,fda.inspections.history,raw/fda.inspections.history/2026/09/20260908T143307Z-cc2bb4babcd8.json.gz,1
fda.inspections.history,firm:3007855318,2009-12-03,2026-09-08T14:33:07Z,inspection_end,20091203,yyyymmdd,fda.inspections.history,raw/fda.inspections.history/2026/09/20260908T143307Z-cc2bb4babcd8.json.gz,1
fda.inspections.history,firm:3007855318,2009-12-03,2026-09-08T14:33:07Z,is_foreign,0,bool,fda.inspections.history,raw/fda.inspections.history/2026/09/20260908T143307Z-cc2bb4babcd8.json.gz,1
fda.inspections.history,firm:3007855318,2009-12-03,2026-09-08T14:33:07Z,is_oai,0,bool,fda.inspections.history,raw/fda.inspections.history/2026/09/20260908T143307Z-cc2bb4babcd8.json.gz,1
fda.inspections.history,firm:3007855318,2009-12-03,2026-09-08T14:33:07Z,label,"Barbara Bresnahan, M.D.",,fda.inspections.history,raw/fda.inspections.history/2026/09/20260908T143307Z-cc2bb4babcd8.json.gz,1
fda.inspections.history,firm:3007865949,2009-12-10,2026-09-08T14:33:07Z,classification,1,ordinal,fda.inspections.history,raw/fda.inspections.history/2026/09/20260908T143307Z-cc2bb4babcd8.json.gz,1
fda.inspections.history,firm:3007865949,2009-12-10,2026-09-08T14:33:07Z,firm_key,DR BRAHIM EL GHADDARI,,fda.inspections.history,raw/fda.inspections.history/2026/09/20260908T143307Z-cc2bb4babcd8.json.gz,1
fda.inspections.history,firm:3007865949,2009-12-10,2026-09-08T14:33:07Z,inspected,1,count,fda.inspections.history,raw/fda.inspections.history/2026/09/20260908T143307Z-cc2bb4babcd8.json.gz,1
fda.inspections.history,firm:3007865949,2009-12-10,2026-09-08T14:33:07Z,inspection_end,20091210,yyyymmdd,fda.inspections.history,raw/fda.inspections.history/2026/09/20260908T143307Z-cc2bb4babcd8.json.gz,1
fda.inspections.history,firm:3007865949,2009-12-10,2026-09-08T14:33:07Z,is_foreign,1,bool,fda.inspections.history,raw/fda.inspections.history/2026/09/20260908T143307Z-cc2bb4babcd8.json.gz,1
fda.inspections.history,firm:3007865949,2009-12-10,2026-09-08T14:33:07Z,is_oai,0,bool,fda.inspections.history,raw/fda.inspections.history/2026/09/20260908T143307Z-cc2bb4babcd8.json.gz,1
fda.inspections.history,firm:3007865949,2009-12-10,2026-09-08T14:33:07Z,label,Dr. Brahim El-Ghaddari,,fda.inspections.history,raw/fda.inspections.history/2026/09/20260908T143307Z-cc2bb4babcd8.json.gz,1
fda.inspections.history,firm:3007866010,2009-12-18,2026-09-08T14:33:07Z,classification,1,ordinal,fda.inspections.history,raw/fda.inspections.history/2026/09/20260908T143307Z-cc2bb4babcd8.json.gz,1
fda.inspections.history,firm:3007866010,2009-12-18,2026-09-08T14:33:07Z,firm_key,PADARUTH RAMLACHAN,,fda.inspections.history,raw/fda.inspections.history/2026/09/20260908T143307Z-cc2bb4babcd8.json.gz,1
fda.inspections.history,firm:3007866010,2009-12-18,2026-09-08T14:33:07Z,inspected,1,count,fda.inspections.history,raw/fda.inspections.history/2026/09/20260908T143307Z-cc2bb4babcd8.json.gz,1
fda.inspections.history,firm:3007866010,2009-12-18,2026-09-08T14:33:07Z,inspection_end,20091218,yyyymmdd,fda.inspections.history,raw/fda.inspections.history/2026/09/20260908T143307Z-cc2bb4babcd8.json.gz,1
fda.inspections.history,firm:3007866010,2009-12-18,2026-09-08T14:33:07Z,is_foreign,1,bool,fda.inspections.history,raw/fda.inspections.history/2026/09/20260908T143307Z-cc2bb4babcd8.json.gz,1
fda.inspections.history,firm:3007866010,2009-12-18,2026-09-08T14:33:07Z,is_oai,0,bool,fda.inspections.history,raw/fda.inspections.history/2026/09/20260908T143307Z-cc2bb4babcd8.json.gz,1
fda.inspections.history,firm:3007866010,2009-12-18,2026-09-08T14:33:07Z,label,Padaruth Ramlachan,,fda.inspections.history,raw/fda.inspections.history/2026/09/20260908T143307Z-cc2bb4babcd8.json.gz,1
fda.inspections.history,firm:3007866049,2009-12-17,2026-09-08T14:33:07Z,classification,1,ordinal,fda.inspections.history,raw/fda.inspections.history/2026/09/20260908T143307Z-cc2bb4babcd8.json.gz,1
fda.inspections.history,firm:3007866049,2009-12-17,2026-09-08T14:33:07Z,firm_key,JAMAL DAOUD,,fda.inspections.history,raw/fda.inspections.history/2026/09/20260908T143307Z-cc2bb4babcd8.json.gz,1
fda.inspections.history,firm:3007866049,2009-12-17,2026-09-08T14:33:07Z,inspected,1,count,fda.inspections.history,raw/fda.inspections.history/2026/09/20260908T143307Z-cc2bb4babcd8.json.gz,1
fda.inspections.history,firm:3007866049,2009-12-17,2026-09-08T14:33:07Z,inspection_end,20091217,yyyymmdd,fda.inspections.history,raw/fda.inspections.history/2026/09/20260908T143307Z-cc2bb4babcd8.json.gz,1
fda.inspections.history,firm:3007866049,2009-12-17,2026-09-08T14:33:07Z,is_foreign,1,bool,fda.inspections.history,raw/fda.inspections.history/2026/09/20260908T143307Z-cc2bb4babcd8.json.gz,1
fda.inspections.history,firm:3007866049,2009-12-17,2026-09-08T14:33:07Z,is_oai,0,bool,fda.inspections.history,raw/fda.inspections.history/2026/09/20260908T143307Z-cc2bb4babcd8.json.gz,1
fda.inspections.history,firm:3007866049,2009-12-17,2026-09-08T14:33:07Z,label,Jamal Daoud,,fda.inspections.history,raw/fda.inspections.history/2026/09/20260908T143307Z-cc2bb4babcd8.json.gz,1
fda.inspections.history,firm:3007876201,2009-12-15,2026-09-08T14:33:07Z,classification,0,ordinal,fda.inspections.history,raw/fda.inspections.history/2026/09/20260908T143307Z-cc2bb4babcd8.json.gz,1
fda.inspections.history,firm:3007876201,2009-12-15,2026-09-08T14:33:07Z,firm_key,WORLDCARE CLINICAL,,fda.inspections.history,raw/fda.inspections.history/2026/09/20260908T143307Z-cc2bb4babcd8.json.gz,1
fda.inspections.history,firm:3007876201,2009-12-15,2026-09-08T14:33:07Z,inspected,1,count,fda.inspections.history,raw/fda.inspections.history/2026/09/20260908T143307Z-cc2bb4babcd8.json.gz,1
fda.inspections.history,firm:3007876201,2009-12-15,2026-09-08T14:33:07Z,inspection_end,20091215,yyyymmdd,fda.inspections.history,raw/fda.inspections.history/2026/09/20260908T143307Z-cc2bb4babcd8.json.gz,1
fda.inspections.history,firm:3007876201,2009-12-15,2026-09-08T14:33:07Z,is_foreign,0,bool,fda.inspections.history,raw/fda.inspections.history/2026/09/20260908T143307Z-cc2bb4babcd8.json.gz,1
fda.inspections.history,firm:3007876201,2009-12-15,2026-09-08T14:33:07Z,is_oai,0,bool,fda.inspections.history,raw/fda.inspections.history/2026/09/20260908T143307Z-cc2bb4babcd8.json.gz,1
fda.inspections.history,firm:3007876201,2009-12-15,2026-09-08T14:33:07Z,label,"WorldCare Clinical, LLC",,fda.inspections.history,raw/fda.inspections.history/2026/09/20260908T143307Z-cc2bb4babcd8.json.gz,1
fda.inspections.history,firm:3007891667,2009-12-04,2026-09-08T14:33:07Z,classification,0,ordinal,fda.inspections.history,raw/fda.inspections.history/2026/09/20260908T143307Z-cc2bb4babcd8.json.gz,1
fda.inspections.history,firm:3007891667,2009-12-04,2026-09-08T14:33:07Z,firm_key,ROLAND D JAMORA M D,,fda.inspections.history,raw/fda.inspections.history/2026/09/20260908T143307Z-cc2bb4babcd8.json.gz,1
fda.inspections.history,firm:3007891667,2009-12-04,2026-09-08T14:33:07Z,inspected,1,count,fda.inspections.history,raw/fda.inspections.history/2026/09/20260908T143307Z-cc2bb4babcd8.json.gz,1
fda.inspections.history,firm:3007891667,2009-12-04,2026-09-08T14:33:07Z,inspection_end,20091204,yyyymmdd,fda.inspections.history,raw/fda.inspections.history/2026/09/20260908T143307Z-cc2bb4babcd8.json.gz,1
fda.inspections.history,firm:3007891667,2009-12-04,2026-09-08T14:33:07Z,is_foreign,1,bool,fda.inspections.history,raw/fda.inspections.history/2026/09/20260908T143307Z-cc2bb4babcd8.json.gz,1
fda.inspections.history,firm:3007891667,2009-12-04,2026-09-08T14:33:07Z,is_oai,0,bool,fda.inspections.history,raw/fda.inspections.history/2026/09/20260908T143307Z-cc2bb4babcd8.json.gz,1
fda.inspections.history,firm:3007891667,2009-12-04,2026-09-08T14:33:07Z,label,"Roland D. Jamora, M.D",,fda.inspections.history,raw/fda.inspections.history/2026/09/20260908T143307Z-cc2bb4babcd8.json.gz,1
fda.inspections.history,firm:3007893641,2009-12-18,2026-09-08T14:33:07Z,classification,0,ordinal,fda.inspections.history,raw/fda.inspections.history/2026/09/20260908T143307Z-cc2bb4babcd8.json.gz,1
fda.inspections.history,firm:3007893641,2009-12-18,2026-09-08T14:33:07Z,firm_key,ACURIO DR FERNANDO HURTADO DE MENDOZA,,fda.inspections.history,raw/fda.inspections.history/2026/09/20260908T143307Z-cc2bb4babcd8.json.gz,1
fda.inspections.history,firm:3007893641,2009-12-18,2026-09-08T14:33:07Z,inspected,1,count,fda.inspections.history,raw/fda.inspections.history/2026/09/20260908T143307Z-cc2bb4babcd8.json.gz,1
fda.inspections.history,firm:3007893641,2009-12-18,2026-09-08T14:33:07Z,inspection_end,20091218,yyyymmdd,fda.inspections.history,raw/fda.inspections.history/2026/09/20260908T143307Z-cc2bb4babcd8.json.gz,1
fda.inspections.history,firm:3007893641,2009-12-18,2026-09-08T14:33:07Z,is_foreign,1,bool,fda.inspections.history,raw/fda.inspections.history/2026/09/20260908T143307Z-cc2bb4babcd8.json.gz,1
fda.inspections.history,firm:3007893641,2009-12-18,2026-09-08T14:33:07Z,is_oai,0,bool,fda.inspections.history,raw/fda.inspections.history/2026/09/20260908T143307Z-cc2bb4babcd8.json.gz,1
fda.inspections.history,firm:3007893641,2009-12-18,2026-09-08T14:33:07Z,label,"Acurio, Dr Fernando Hurtado De Mendoza",,fda.inspections.history,raw/fda.inspections.history/2026/09/20260908T143307Z-cc2bb4babcd8.json.gz,1
fda.inspections.history,firm:3007893661,2009-12-16,2026-09-08T14:33:07Z,classification,0,ordinal,fda.inspections.history,raw/fda.inspections.history/2026/09/20260908T143307Z-cc2bb4babcd8.json.gz,1
fda.inspections.history,firm:3007893661,2009-12-16,2026-09-08T14:33:07Z,firm_key,GEETHA NARAYANAN,,fda.inspections.history,raw/fda.inspections.history/2026/09/20260908T143307Z-cc2bb4babcd8.json.gz,1
fda.inspections.history,firm:3007893661,2009-12-16,2026-09-08T14:33:07Z,inspected,1,count,fda.inspections.history,raw/fda.inspections.history/2026/09/20260908T143307Z-cc2bb4babcd8.json.gz,1
fda.inspections.history,firm:3007893661,2009-12-16,2026-09-08T14:33:07Z,inspection_end,20091216,yyyymmdd,fda.inspections.history,raw/fda.inspections.history/2026/09/20260908T143307Z-cc2bb4babcd8.json.gz,1
fda.inspections.history,firm:3007893661,2009-12-16,2026-09-08T14:33:07Z,is_foreign,1,bool,fda.inspections.history,raw/fda.inspections.history/2026/09/20260908T143307Z-cc2bb4babcd8.json.gz,1
fda.inspections.history,firm:3007893661,2009-12-16,2026-09-08T14:33:07Z,is_oai,0,bool,fda.inspections.history,raw/fda.inspections.history/2026/09/20260908T143307Z-cc2bb4babcd8.json.gz,1
fda.inspections.history,firm:3007893661,2009-12-16,2026-09-08T14:33:07Z,label,Geetha Narayanan,,fda.inspections.history,raw/fda.inspections.history/2026/09/20260908T143307Z-cc2bb4babcd8.json.gz,1
fda.inspections.history,firm:3007893674,2009-12-10,2026-09-08T14:33:07Z,classification,0,ordinal,fda.inspections.history,raw/fda.inspections.history/2026/09/20260908T143307Z-cc2bb4babcd8.json.gz,1
fda.inspections.history,firm:3007893674,2009-12-10,2026-09-08T14:33:07Z,firm_key,RAGHUNADHARAO DIGUMARTI,,fda.inspections.history,raw/fda.inspections.history/2026/09/20260908T143307Z-cc2bb4babcd8.json.gz,1
fda.inspections.history,firm:3007893674,2009-12-10,2026-09-08T14:33:07Z,inspected,1,count,fda.inspections.history,raw/fda.inspections.history/2026/09/20260908T143307Z-cc2bb4babcd8.json.gz,1
fda.inspections.history,firm:3007893674,2009-12-10,2026-09-08T14:33:07Z,inspection_end,20091210,yyyymmdd,fda.inspections.history,raw/fda.inspections.history/2026/09/20260908T143307Z-cc2bb4babcd8.json.gz,1
fda.inspections.history,firm:3007893674,2009-12-10,2026-09-08T14:33:07Z,is_foreign,1,bool,fda.inspections.history,raw/fda.inspections.history/2026/09/20260908T143307Z-cc2bb4babcd8.json.gz,1
fda.inspections.history,firm:3007893674,2009-12-10,2026-09-08T14:33:07Z,is_oai,0,bool,fda.inspections.history,raw/fda.inspections.history/2026/09/20260908T143307Z-cc2bb4babcd8.json.gz,1
fda.inspections.history,firm:3007893674,2009-12-10,2026-09-08T14:33:07Z,label,Raghunadharao Digumarti,,fda.inspections.history,raw/fda.inspections.history/2026/09/20260908T143307Z-cc2bb4babcd8.json.gz,1
fda.inspections.history,firm:3007893686,2009-12-11,2026-09-08T14:33:07Z,classification,0,ordinal,fda.inspections.history,raw/fda.inspections.history/2026/09/20260908T143307Z-cc2bb4babcd8.json.gz,1
fda.inspections.history,firm:3007893686,2009-12-11,2026-09-08T14:33:07Z,firm_key,PRASAD SRIPADA,,fda.inspections.history,raw/fda.inspections.history/2026/09/20260908T143307Z-cc2bb4babcd8.json.gz,1
fda.inspections.history,firm:3007893686,2009-12-11,2026-09-08T14:33:07Z,inspected,1,count,fda.inspections.history,raw/fda.inspections.history/2026/09/20260908T143307Z-cc2bb4babcd8.json.gz,1
fda.inspections.history,firm:3007893686,2009-12-11,2026-09-08T14:33:07Z,inspection_end,20091211,yyyymmdd,fda.inspections.history,raw/fda.inspections.history/2026/09/20260908T143307Z-cc2bb4babcd8.json.gz,1
fda.inspections.history,firm:3007893686,2009-12-11,2026-09-08T14:33:07Z,is_foreign,1,bool,fda.inspections.history,raw/fda.inspections.history/2026/09/20260908T143307Z-cc2bb4babcd8.json.gz,1
fda.inspections.history,firm:3007893686,2009-12-11,2026-09-08T14:33:07Z,is_oai,0,bool,fda.inspections.history,raw/fda.inspections.history/2026/09/20260908T143307Z-cc2bb4babcd8.json.gz,1
fda.inspections.history,firm:3007893686,2009-12-11,2026-09-08T14:33:07Z,label,Prasad Sripada,,fda.inspections.history,raw/fda.inspections.history/2026/09/20260908T143307Z-cc2bb4babcd8.json.gz,1
fda.inspections.history,firm:3007893700,2009-12-18,2026-09-08T14:33:07Z,classification,1,ordinal,fda.inspections.history,raw/fda.inspections.history/2026/09/20260908T143307Z-cc2bb4babcd8.json.gz,1
fda.inspections.history,firm:3007893700,2009-12-18,2026-09-08T14:33:07Z,firm_key,LIONEL ROSTAING MD PHD,,fda.inspections.history,raw/fda.inspections.history/2026/09/20260908T143307Z-cc2bb4babcd8.json.gz,1
fda.inspections.history,firm:3007893700,2009-12-18,2026-09-08T14:33:07Z,inspected,1,count,fda.inspections.history,raw/fda.inspections.history/2026/09/20260908T143307Z-cc2bb4babcd8.json.gz,1
fda.inspections.history,firm:3007893700,2009-12-18,2026-09-08T14:33:07Z,inspection_end,20091218,yyyymmdd,fda.inspections.history,raw/fda.inspections.history/2026/09/20260908T143307Z-cc2bb4babcd8.json.gz,1
fda.inspections.history,firm:3007893700,2009-12-18,2026-09-08T14:33:07Z,is_foreign,1,bool,fda.inspections.history,raw/fda.inspections.history/2026/09/20260908T143307Z-cc2bb4babcd8.json.gz,1
fda.inspections.history,firm:3007893700,2009-12-18,2026-09-08T14:33:07Z,is_oai,0,bool,fda.inspections.history,raw/fda.inspections.history/2026/09/20260908T143307Z-cc2bb4babcd8.json.gz,1
fda.inspections.history,firm:3007893700,2009-12-18,2026-09-08T14:33:07Z,label,"Lionel Rostaing, MD/PhD",,fda.inspections.history,raw/fda.inspections.history/2026/09/20260908T143307Z-cc2bb4babcd8.json.gz,1
fda.inspections.history,firm:3007893712,2009-12-18,2026-09-08T14:33:07Z,classification,0,ordinal,fda.inspections.history,raw/fda.inspections.history/2026/09/20260908T143307Z-cc2bb4babcd8.json.gz,1
fda.inspections.history,firm:3007893712,2009-12-18,2026-09-08T14:33:07Z,firm_key,GUILLERMO MONDRAGON RAMIREZ M D P I,,fda.inspections.history,raw/fda.inspections.history/2026/09/20260908T143307Z-cc2bb4babcd8.json.gz,1
fda.inspections.history,firm:3007893712,2009-12-18,2026-09-08T14:33:07Z,inspected,1,count,fda.inspections.history,raw/fda.inspections.history/2026/09/20260908T143307Z-cc2bb4babcd8.json.gz,1
fda.inspections.history,firm:3007893712,2009-12-18,2026-09-08T14:33:07Z,inspection_end,20091218,yyyymmdd,fda.inspections.history,raw/fda.inspections.history/2026/09/20260908T143307Z-cc2bb4babcd8.json.gz,1
fda.inspections.history,firm:3007893712,2009-12-18,2026-09-08T14:33:07Z,is_foreign,1,bool,fda.inspections.history,raw/fda.inspections.history/2026/09/20260908T143307Z-cc2bb4babcd8.json.gz,1
fda.inspections.history,firm:3007893712,2009-12-18,2026-09-08T14:33:07Z,is_oai,0,bool,fda.inspections.history,raw/fda.inspections.history/2026/09/20260908T143307Z-cc2bb4babcd8.json.gz,1
fda.inspections.history,firm:3007893712,2009-12-18,2026-09-08T14:33:07Z,label,"Guillermo Mondragon-Ramirez, M.D., P.I.",,fda.inspections.history,raw/fda.inspections.history/2026/09/20260908T143307Z-cc2bb4babcd8.json.gz,1
fda.inspections.history,firm:3007893737,2009-12-11,2026-09-08T14:33:07Z,classification,0,ordinal,fda.inspections.history,raw/fda.inspections.history/2026/09/20260908T143307Z-cc2bb4babcd8.json.gz,1
fda.inspections.history,firm:3007893737,2009-12-11,2026-09-08T14:33:07Z,firm_key,RAFAEL REYES ACEVEDO MD,,fda.inspections.history,raw/fda.inspections.history/2026/09/20260908T143307Z-cc2bb4babcd8.json.gz,1
fda.inspections.history,firm:3007893737,2009-12-11,2026-09-08T14:33:07Z,inspected,1,count,fda.inspections.history,raw/fda.inspections.history/2026/09/20260908T143307Z-cc2bb4babcd8.json.gz,1
fda.inspections.history,firm:3007893737,2009-12-11,2026-09-08T14:33:07Z,inspection_end,20091211,yyyymmdd,fda.inspections.history,raw/fda.inspections.history/2026/09/20260908T143307Z-cc2bb4babcd8.json.gz,1
fda.inspections.history,firm:3007893737,2009-12-11,2026-09-08T14:33:07Z,is_foreign,1,bool,fda.inspections.history,raw/fda.inspections.history/2026/09/20260908T143307Z-cc2bb4babcd8.json.gz,1
fda.inspections.history,firm:3007893737,2009-12-11,2026-09-08T14:33:07Z,is_oai,0,bool,fda.inspections.history,raw/fda.inspections.history/2026/09/20260908T143307Z-cc2bb4babcd8.json.gz,1
fda.inspections.history,firm:3007893737,2009-12-11,2026-09-08T14:33:07Z,label,"Rafael Reyes-Acevedo, MD",,fda.inspections.history,raw/fda.inspections.history/2026/09/20260908T143307Z-cc2bb4babcd8.json.gz,1
fda.inspections.history,firm:3007893760,2009-12-04,2026-09-08T14:33:07Z,classification,0,ordinal,fda.inspections.history,raw/fda.inspections.history/2026/09/20260908T143307Z-cc2bb4babcd8.json.gz,1
fda.inspections.history,firm:3007893760,2009-12-04,2026-09-08T14:33:07Z,firm_key,PESTANA PROF DR JOSE OSMAR MEDINA,,fda.inspections.history,raw/fda.inspections.history/2026/09/20260908T143307Z-cc2bb4babcd8.json.gz,1
fda.inspections.history,firm:3007893760,2009-12-04,2026-09-08T14:33:07Z,inspected,1,count,fda.inspections.history,raw/fda.inspections.history/2026/09/20260908T143307Z-cc2bb4babcd8.json.gz,1
fda.inspections.history,firm:3007893760,2009-12-04,2026-09-08T14:33:07Z,inspection_end,20091204,yyyymmdd,fda.inspections.history,raw/fda.inspections.history/2026/09/20260908T143307Z-cc2bb4babcd8.json.gz,1
fda.inspections.history,firm:3007893760,2009-12-04,2026-09-08T14:33:07Z,is_foreign,1,bool,fda.inspections.history,raw/fda.inspections.history/2026/09/20260908T143307Z-cc2bb4babcd8.json.gz,1
fda.inspections.history,firm:3007893760,2009-12-04,2026-09-08T14:33:07Z,is_oai,0,bool,fda.inspections.history,raw/fda.inspections.history/2026/09/20260908T143307Z-cc2bb4babcd8.json.gz,1
fda.inspections.history,firm:3007893760,2009-12-04,2026-09-08T14:33:07Z,label,"Pestana, Prof Dr Jose Osmar Medina",,fda.inspections.history,raw/fda.inspections.history/2026/09/20260908T143307Z-cc2bb4babcd8.json.gz,1
fda.inspections.history,firm:3007893796,2009-12-11,2026-09-08T14:33:07Z,classification,0,ordinal,fda.inspections.history,raw/fda.inspections.history/2026/09/20260908T143307Z-cc2bb4babcd8.json.gz,1
fda.inspections.history,firm:3007893796,2009-12-11,2026-09-08T14:33:07Z,firm_key,VALTER DURO GARCIA PHD,,fda.inspections.history,raw/fda.inspections.history/2026/09/20260908T143307Z-cc2bb4babcd8.json.gz,1
fda.inspections.history,firm:3007893796,2009-12-11,2026-09-08T14:33:07Z,inspected,1,count,fda.inspections.history,raw/fda.inspections.history/2026/09/20260908T143307Z-cc2bb4babcd8.json.gz,1
fda.inspections.history,firm:3007893796,2009-12-11,2026-09-08T14:33:07Z,inspection_end,20091211,yyyymmdd,fda.inspections.history,raw/fda.inspections.history/2026/09/20260908T143307Z-cc2bb4babcd8.json.gz,1
fda.inspections.history,firm:3007893796,2009-12-11,2026-09-08T14:33:07Z,is_foreign,1,bool,fda.inspections.history,raw/fda.inspections.history/2026/09/20260908T143307Z-cc2bb4babcd8.json.gz,1
fda.inspections.history,firm:3007893796,2009-12-11,2026-09-08T14:33:07Z,is_oai,0,bool,fda.inspections.history,raw/fda.inspections.history/2026/09/20260908T143307Z-cc2bb4babcd8.json.gz,1
fda.inspections.history,firm:3007893796,2009-12-11,2026-09-08T14:33:07Z,label,"Valter Duro Garcia, PhD",,fda.inspections.history,raw/fda.inspections.history/2026/09/20260908T143307Z-cc2bb4babcd8.json.gz,1
fda.inspections.history,firm:3007912875,2009-12-23,2026-09-08T14:33:07Z,classification,1,ordinal,fda.inspections.history,raw/fda.inspections.history/2026/09/20260908T143307Z-cc2bb4babcd8.json.gz,1
fda.inspections.history,firm:3007912875,2009-12-23,2026-09-08T14:33:07Z,firm_key,JEFFREY S NEAL MD,,fda.inspections.history,raw/fda.inspections.history/2026/09/20260908T143307Z-cc2bb4babcd8.json.gz,1
fda.inspections.history,firm:3007912875,2009-12-23,2026-09-08T14:33:07Z,inspected,1,count,fda.inspections.history,raw/fda.inspections.history/2026/09/20260908T143307Z-cc2bb4babcd8.json.gz,1
fda.inspections.history,firm:3007912875,2009-12-23,2026-09-08T14:33:07Z,inspection_end,20091223,yyyymmdd,fda.inspections.history,raw/fda.inspections.history/2026/09/20260908T143307Z-cc2bb4babcd8.json.gz,1
fda.inspections.history,firm:3007912875,2009-12-23,2026-09-08T14:33:07Z,is_foreign,0,bool,fda.inspections.history,raw/fda.inspections.history/2026/09/20260908T143307Z-cc2bb4babcd8.json.gz,1
fda.inspections.history,firm:3007912875,2009-12-23,2026-09-08T14:33:07Z,is_oai,0,bool,fda.inspections.history,raw/fda.inspections.history/2026/09/20260908T143307Z-cc2bb4babcd8.json.gz,1
fda.inspections.history,firm:3007912875,2009-12-23,2026-09-08T14:33:07Z,label,Jeffrey S Neal MD,,fda.inspections.history,raw/fda.inspections.history/2026/09/20260908T143307Z-cc2bb4babcd8.json.gz,1
fda.inspections.history,firm:3007914231,2009-12-10,2026-09-08T14:33:07Z,classification,0,ordinal,fda.inspections.history,raw/fda.inspections.history/2026/09/20260908T143307Z-cc2bb4babcd8.json.gz,1
fda.inspections.history,firm:3007914231,2009-12-10,2026-09-08T14:33:07Z,firm_key,VOLKMAR FALK M D,,fda.inspections.history,raw/fda.inspections.history/2026/09/20260908T143307Z-cc2bb4babcd8.json.gz,1
fda.inspections.history,firm:3007914231,2009-12-10,2026-09-08T14:33:07Z,inspected,1,count,fda.inspections.history,raw/fda.inspections.history/2026/09/20260908T143307Z-cc2bb4babcd8.json.gz,1
fda.inspections.history,firm:3007914231,2009-12-10,2026-09-08T14:33:07Z,inspection_end,20091210,yyyymmdd,fda.inspections.history,raw/fda.inspections.history/2026/09/20260908T143307Z-cc2bb4babcd8.json.gz,1
fda.inspections.history,firm:3007914231,2009-12-10,2026-09-08T14:33:07Z,is_foreign,1,bool,fda.inspections.history,raw/fda.inspections.history/2026/09/20260908T143307Z-cc2bb4babcd8.json.gz,1
fda.inspections.history,firm:3007914231,2009-12-10,2026-09-08T14:33:07Z,is_oai,0,bool,fda.inspections.history,raw/fda.inspections.history/2026/09/20260908T143307Z-cc2bb4babcd8.json.gz,1
fda.inspections.history,firm:3007914231,2009-12-10,2026-09-08T14:33:07Z,label,"Volkmar Falk, M.D.",,fda.inspections.history,raw/fda.inspections.history/2026/09/20260908T143307Z-cc2bb4babcd8.json.gz,1
fda.inspections.history,firm:3007914248,2009-12-17,2026-09-08T14:33:07Z,classification,1,ordinal,fda.inspections.history,raw/fda.inspections.history/2026/09/20260908T143307Z-cc2bb4babcd8.json.gz,1
fda.inspections.history,firm:3007914248,2009-12-17,2026-09-08T14:33:07Z,firm_key,ROBERT BAUERNSCHMITT MD,,fda.inspections.history,raw/fda.inspections.history/2026/09/20260908T143307Z-cc2bb4babcd8.json.gz,1
fda.inspections.history,firm:3007914248,2009-12-17,2026-09-08T14:33:07Z,inspected,1,count,fda.inspections.history,raw/fda.inspections.history/2026/09/20260908T143307Z-cc2bb4babcd8.json.gz,1
fda.inspections.history,firm:3007914248,2009-12-17,2026-09-08T14:33:07Z,inspection_end,20091217,yyyymmdd,fda.inspections.history,raw/fda.inspections.history/2026/09/20260908T143307Z-cc2bb4babcd8.json.gz,1
fda.inspections.history,firm:3007914248,2009-12-17,2026-09-08T14:33:07Z,is_foreign,1,bool,fda.inspections.history,raw/fda.inspections.history/2026/09/20260908T143307Z-cc2bb4babcd8.json.gz,1
fda.inspections.history,firm:3007914248,2009-12-17,2026-09-08T14:33:07Z,is_oai,0,bool,fda.inspections.history,raw/fda.inspections.history/2026/09/20260908T143307Z-cc2bb4babcd8.json.gz,1
fda.inspections.history,firm:3007914248,2009-12-17,2026-09-08T14:33:07Z,label,"Robert Bauernschmitt, MD",,fda.inspections.history,raw/fda.inspections.history/2026/09/20260908T143307Z-cc2bb4babcd8.json.gz,1
fda.inspections.history,firm:3007923254,2009-12-03,2026-09-08T14:33:07Z,classification,0,ordinal,fda.inspections.history,raw/fda.inspections.history/2026/09/20260908T143307Z-cc2bb4babcd8.json.gz,1
fda.inspections.history,firm:3007923254,2009-12-03,2026-09-08T14:33:07Z,firm_key,AHRM,,fda.inspections.history,raw/fda.inspections.history/2026/09/20260908T143307Z-cc2bb4babcd8.json.gz,1
fda.inspections.history,firm:3007923254,2009-12-03,2026-09-08T14:33:07Z,inspected,1,count,fda.inspections.history,raw/fda.inspections.history/2026/09/20260908T143307Z-cc2bb4babcd8.json.gz,1
fda.inspections.history,firm:3007923254,2009-12-03,2026-09-08T14:33:07Z,inspection_end,20091203,yyyymmdd,fda.inspections.history,raw/fda.inspections.history/2026/09/20260908T143307Z-cc2bb4babcd8.json.gz,1
fda.inspections.history,firm:3007923254,2009-12-03,2026-09-08T14:33:07Z,is_foreign,0,bool,fda.inspections.history,raw/fda.inspections.history/2026/09/20260908T143307Z-cc2bb4babcd8.json.gz,1
fda.inspections.history,firm:3007923254,2009-12-03,2026-09-08T14:33:07Z,is_oai,0,bool,fda.inspections.history,raw/fda.inspections.history/2026/09/20260908T143307Z-cc2bb4babcd8.json.gz,1
fda.inspections.history,firm:3007923254,2009-12-03,2026-09-08T14:33:07Z,label,AHRM Inc.,,fda.inspections.history,raw/fda.inspections.history/2026/09/20260908T143307Z-cc2bb4babcd8.json.gz,1
fda.inspections.history,firm:3007926870,2009-12-21,2026-09-08T14:33:07Z,classification,2,ordinal,fda.inspections.history,raw/fda.inspections.history/2026/09/20260908T143307Z-cc2bb4babcd8.json.gz,1
fda.inspections.history,firm:3007926870,2009-12-21,2026-09-08T14:33:07Z,firm_key,MID STATES CLOSEOUTS,,fda.inspections.history,raw/fda.inspections.history/2026/09/20260908T143307Z-cc2bb4babcd8.json.gz,1
fda.inspections.history,firm:3007926870,2009-12-21,2026-09-08T14:33:07Z,inspected,1,count,fda.inspections.history,raw/fda.inspections.history/2026/09/20260908T143307Z-cc2bb4babcd8.json.gz,1
fda.inspections.history,firm:3007926870,2009-12-21,2026-09-08T14:33:07Z,inspection_end,20091221,yyyymmdd,fda.inspections.history,raw/fda.inspections.history/2026/09/20260908T143307Z-cc2bb4babcd8.json.gz,1
fda.inspections.history,firm:3007926870,2009-12-21,2026-09-08T14:33:07Z,is_foreign,0,bool,fda.inspections.history,raw/fda.inspections.history/2026/09/20260908T143307Z-cc2bb4babcd8.json.gz,1
fda.inspections.history,firm:3007926870,2009-12-21,2026-09-08T14:33:07Z,is_oai,1,bool,fda.inspections.history,raw/fda.inspections.history/2026/09/20260908T143307Z-cc2bb4babcd8.json.gz,1
fda.inspections.history,firm:3007926870,2009-12-21,2026-09-08T14:33:07Z,label,"Mid-states Closeouts, Inc",,fda.inspections.history,raw/fda.inspections.history/2026/09/20260908T143307Z-cc2bb4babcd8.json.gz,1
fda.inspections.history,firm:3007933377,2009-12-04,2026-09-08T14:33:07Z,classification,0,ordinal,fda.inspections.history,raw/fda.inspections.history/2026/09/20260908T143307Z-cc2bb4babcd8.json.gz,1
fda.inspections.history,firm:3007933377,2009-12-04,2026-09-08T14:33:07Z,firm_key,PRIVATES UNTERSUCHUNGSINSTITUT HEPPELER,,fda.inspections.history,raw/fda.inspections.history/2026/09/20260908T143307Z-cc2bb4babcd8.json.gz,1
fda.inspections.history,firm:3007933377,2009-12-04,2026-09-08T14:33:07Z,inspected,1,count,fda.inspections.history,raw/fda.inspections.history/2026/09/20260908T143307Z-cc2bb4babcd8.json.gz,1
fda.inspections.history,firm:3007933377,2009-12-04,2026-09-08T14:33:07Z,inspection_end,20091204,yyyymmdd,fda.inspections.history,raw/fda.inspections.history/2026/09/20260908T143307Z-cc2bb4babcd8.json.gz,1
fda.inspections.history,firm:3007933377,2009-12-04,2026-09-08T14:33:07Z,is_foreign,1,bool,fda.inspections.history,raw/fda.inspections.history/2026/09/20260908T143307Z-cc2bb4babcd8.json.gz,1
fda.inspections.history,firm:3007933377,2009-12-04,2026-09-08T14:33:07Z,is_oai,0,bool,fda.inspections.history,raw/fda.inspections.history/2026/09/20260908T143307Z-cc2bb4babcd8.json.gz,1
fda.inspections.history,firm:3007933377,2009-12-04,2026-09-08T14:33:07Z,label,Privates Untersuchungsinstitut Heppeler GmbH,,fda.inspections.history,raw/fda.inspections.history/2026/09/20260908T143307Z-cc2bb4babcd8.json.gz,1
fda.inspections.history,firm:3007949360,2009-12-11,2026-09-08T14:33:07Z,classification,0,ordinal,fda.inspections.history,raw/fda.inspections.history/2026/09/20260908T143307Z-cc2bb4babcd8.json.gz,1
fda.inspections.history,firm:3007949360,2009-12-11,2026-09-08T14:33:07Z,firm_key,ROBERT L FINDLING M D,,fda.inspections.history,raw/fda.inspections.history/2026/09/20260908T143307Z-cc2bb4babcd8.json.gz,1
fda.inspections.history,firm:3007949360,2009-12-11,2026-09-08T14:33:07Z,inspected,1,count,fda.inspections.history,raw/fda.inspections.history/2026/09/20260908T143307Z-cc2bb4babcd8.json.gz,1
fda.inspections.history,firm:3007949360,2009-12-11,2026-09-08T14:33:07Z,inspection_end,20091211,yyyymmdd,fda.inspections.history,raw/fda.inspections.history/2026/09/20260908T143307Z-cc2bb4babcd8.json.gz,1
fda.inspections.history,firm:3007949360,2009-12-11,2026-09-08T14:33:07Z,is_foreign,0,bool,fda.inspections.history,raw/fda.inspections.history/2026/09/20260908T143307Z-cc2bb4babcd8.json.gz,1
fda.inspections.history,firm:3007949360,2009-12-11,2026-09-08T14:33:07Z,is_oai,0,bool,fda.inspections.history,raw/fda.inspections.history/2026/09/20260908T143307Z-cc2bb4babcd8.json.gz,1
fda.inspections.history,firm:3007949360,2009-12-11,2026-09-08T14:33:07Z,label,"Robert  L. Findling, M.D.",,fda.inspections.history,raw/fda.inspections.history/2026/09/20260908T143307Z-cc2bb4babcd8.json.gz,1
fda.inspections.history,firm:3007951343,2009-12-09,2026-09-08T14:33:07Z,classification,1,ordinal,fda.inspections.history,raw/fda.inspections.history/2026/09/20260908T143307Z-cc2bb4babcd8.json.gz,1
fda.inspections.history,firm:3007951343,2009-12-09,2026-09-08T14:33:07Z,firm_key,JOHN M PAGEL,,fda.inspections.history,raw/fda.inspections.history/2026/09/20260908T143307Z-cc2bb4babcd8.json.gz,1
fda.inspections.history,firm:3007951343,2009-12-09,2026-09-08T14:33:07Z,inspected,1,count,fda.inspections.history,raw/fda.inspections.history/2026/09/20260908T143307Z-cc2bb4babcd8.json.gz,1
fda.inspections.history,firm:3007951343,2009-12-09,2026-09-08T14:33:07Z,inspection_end,20091209,yyyymmdd,fda.inspections.history,raw/fda.inspections.history/2026/09/20260908T143307Z-cc2bb4babcd8.json.gz,1
fda.inspections.history,firm:3007951343,2009-12-09,2026-09-08T14:33:07Z,is_foreign,0,bool,fda.inspections.history,raw/fda.inspections.history/2026/09/20260908T143307Z-cc2bb4babcd8.json.gz,1
fda.inspections.history,firm:3007951343,2009-12-09,2026-09-08T14:33:07Z,is_oai,0,bool,fda.inspections.history,raw/fda.inspections.history/2026/09/20260908T143307Z-cc2bb4babcd8.json.gz,1
fda.inspections.history,firm:3007951343,2009-12-09,2026-09-08T14:33:07Z,label,John M Pagel,,fda.inspections.history,raw/fda.inspections.history/2026/09/20260908T143307Z-cc2bb4babcd8.json.gz,1
fda.inspections.history,firm:3007979977,2009-12-21,2026-09-08T14:33:07Z,classification,0,ordinal,fda.inspections.history,raw/fda.inspections.history/2026/09/20260908T143307Z-cc2bb4babcd8.json.gz,1
fda.inspections.history,firm:3007979977,2009-12-21,2026-09-08T14:33:07Z,firm_key,THOMAS K MUNDORF M D,,fda.inspections.history,raw/fda.inspections.history/2026/09/20260908T143307Z-cc2bb4babcd8.json.gz,1
fda.inspections.history,firm:3007979977,2009-12-21,2026-09-08T14:33:07Z,inspected,1,count,fda.inspections.history,raw/fda.inspections.history/2026/09/20260908T143307Z-cc2bb4babcd8.json.gz,1
fda.inspections.history,firm:3007979977,2009-12-21,2026-09-08T14:33:07Z,inspection_end,20091221,yyyymmdd,fda.inspections.history,raw/fda.inspections.history/2026/09/20260908T143307Z-cc2bb4babcd8.json.gz,1
fda.inspections.history,firm:3007979977,2009-12-21,2026-09-08T14:33:07Z,is_foreign,0,bool,fda.inspections.history,raw/fda.inspections.history/2026/09/20260908T143307Z-cc2bb4babcd8.json.gz,1
fda.inspections.history,firm:3007979977,2009-12-21,2026-09-08T14:33:07Z,is_oai,0,bool,fda.inspections.history,raw/fda.inspections.history/2026/09/20260908T143307Z-cc2bb4babcd8.json.gz,1
fda.inspections.history,firm:3007979977,2009-12-21,2026-09-08T14:33:07Z,label,"Thomas K. Mundorf, M.D.",,fda.inspections.history,raw/fda.inspections.history/2026/09/20260908T143307Z-cc2bb4babcd8.json.gz,1
fda.inspections.history,firm:3007982812,2009-12-23,2026-09-08T14:33:07Z,classification,0,ordinal,fda.inspections.history,raw/fda.inspections.history/2026/09/20260908T143307Z-cc2bb4babcd8.json.gz,1
fda.inspections.history,firm:3007982812,2009-12-23,2026-09-08T14:33:07Z,firm_key,ORA,,fda.inspections.history,raw/fda.inspections.history/2026/09/20260908T143307Z-cc2bb4babcd8.json.gz,1
fda.inspections.history,firm:3007982812,2009-12-23,2026-09-08T14:33:07Z,inspected,1,count,fda.inspections.history,raw/fda.inspections.history/2026/09/20260908T143307Z-cc2bb4babcd8.json.gz,1
fda.inspections.history,firm:3007982812,2009-12-23,2026-09-08T14:33:07Z,inspection_end,20091223,yyyymmdd,fda.inspections.history,raw/fda.inspections.history/2026/09/20260908T143307Z-cc2bb4babcd8.json.gz,1
fda.inspections.history,firm:3007982812,2009-12-23,2026-09-08T14:33:07Z,is_foreign,0,bool,fda.inspections.history,raw/fda.inspections.history/2026/09/20260908T143307Z-cc2bb4babcd8.json.gz,1
fda.inspections.history,firm:3007982812,2009-12-23,2026-09-08T14:33:07Z,is_oai,0,bool,fda.inspections.history,raw/fda.inspections.history/2026/09/20260908T143307Z-cc2bb4babcd8.json.gz,1
fda.inspections.history,firm:3007982812,2009-12-23,2026-09-08T14:33:07Z,label,"Ora, Inc.",,fda.inspections.history,raw/fda.inspections.history/2026/09/20260908T143307Z-cc2bb4babcd8.json.gz,1
fda.inspections.history,firm:3007984340,2009-12-15,2026-09-08T14:33:07Z,classification,1,ordinal,fda.inspections.history,raw/fda.inspections.history/2026/09/20260908T143307Z-cc2bb4babcd8.json.gz,1
fda.inspections.history,firm:3007984340,2009-12-15,2026-09-08T14:33:07Z,firm_key,RUSSEL J STRUBLE M D,,fda.inspections.history,raw/fda.inspections.history/2026/09/20260908T143307Z-cc2bb4babcd8.json.gz,1
fda.inspections.history,firm:3007984340,2009-12-15,2026-09-08T14:33:07Z,inspected,1,count,fda.inspections.history,raw/fda.inspections.history/2026/09/20260908T143307Z-cc2bb4babcd8.json.gz,1
fda.inspections.history,firm:3007984340,2009-12-15,2026-09-08T14:33:07Z,inspection_end,20091215,yyyymmdd,fda.inspections.history,raw/fda.inspections.history/2026/09/20260908T143307Z-cc2bb4babcd8.json.gz,1
fda.inspections.history,firm:3007984340,2009-12-15,2026-09-08T14:33:07Z,is_foreign,0,bool,fda.inspections.history,raw/fda.inspections.history/2026/09/20260908T143307Z-cc2bb4babcd8.json.gz,1
fda.inspections.history,firm:3007984340,2009-12-15,2026-09-08T14:33:07Z,is_oai,0,bool,fda.inspections.history,raw/fda.inspections.history/2026/09/20260908T143307Z-cc2bb4babcd8.json.gz,1
fda.inspections.history,firm:3007984340,2009-12-15,2026-09-08T14:33:07Z,label,"Russel J. Struble, M.d.",,fda.inspections.history,raw/fda.inspections.history/2026/09/20260908T143307Z-cc2bb4babcd8.json.gz,1
fda.inspections.history,firm:3008038375,2009-12-08,2026-09-08T14:33:07Z,classification,0,ordinal,fda.inspections.history,raw/fda.inspections.history/2026/09/20260908T143307Z-cc2bb4babcd8.json.gz,1
fda.inspections.history,firm:3008038375,2009-12-08,2026-09-08T14:33:07Z,firm_key,RUBIN NMI ZHANG MD,,fda.inspections.history,raw/fda.inspections.history/2026/09/20260908T143307Z-cc2bb4babcd8.json.gz,1
fda.inspections.history,firm:3008038375,2009-12-08,2026-09-08T14:33:07Z,inspected,1,count,fda.inspections.history,raw/fda.inspections.history/2026/09/20260908T143307Z-cc2bb4babcd8.json.gz,1
fda.inspections.history,firm:3008038375,2009-12-08,2026-09-08T14:33:07Z,inspection_end,20091208,yyyymmdd,fda.inspections.history,raw/fda.inspections.history/2026/09/20260908T143307Z-cc2bb4babcd8.json.gz,1
fda.inspections.history,firm:3008038375,2009-12-08,2026-09-08T14:33:07Z,is_foreign,0,bool,fda.inspections.history,raw/fda.inspections.history/2026/09/20260908T143307Z-cc2bb4babcd8.json.gz,1
fda.inspections.history,firm:3008038375,2009-12-08,2026-09-08T14:33:07Z,is_oai,0,bool,fda.inspections.history,raw/fda.inspections.history/2026/09/20260908T143307Z-cc2bb4babcd8.json.gz,1
fda.inspections.history,firm:3008038375,2009-12-08,2026-09-08T14:33:07Z,label,Rubin (nmi) Zhang Md,,fda.inspections.history,raw/fda.inspections.history/2026/09/20260908T143307Z-cc2bb4babcd8.json.gz,1
fda.inspections.history,firm:3008094068,2009-12-16,2026-09-08T14:33:07Z,classification,1,ordinal,fda.inspections.history,raw/fda.inspections.history/2026/09/20260908T143307Z-cc2bb4babcd8.json.gz,1
fda.inspections.history,firm:3008094068,2009-12-16,2026-09-08T14:33:07Z,firm_key,MCNEIL HEALTHCARE,,fda.inspections.history,raw/fda.inspections.history/2026/09/20260908T143307Z-cc2bb4babcd8.json.gz,1
fda.inspections.history,firm:3008094068,2009-12-16,2026-09-08T14:33:07Z,inspected,1,count,fda.inspections.history,raw/fda.inspections.history/2026/09/20260908T143307Z-cc2bb4babcd8.json.gz,1
fda.inspections.history,firm:3008094068,2009-12-16,2026-09-08T14:33:07Z,inspection_end,20091216,yyyymmdd,fda.inspections.history,raw/fda.inspections.history/2026/09/20260908T143307Z-cc2bb4babcd8.json.gz,1
fda.inspections.history,firm:3008094068,2009-12-16,2026-09-08T14:33:07Z,is_foreign,0,bool,fda.inspections.history,raw/fda.inspections.history/2026/09/20260908T143307Z-cc2bb4babcd8.json.gz,1
fda.inspections.history,firm:3008094068,2009-12-16,2026-09-08T14:33:07Z,is_oai,0,bool,fda.inspections.history,raw/fda.inspections.history/2026/09/20260908T143307Z-cc2bb4babcd8.json.gz,1
fda.inspections.history,firm:3008094068,2009-12-16,2026-09-08T14:33:07Z,label,"Mcneil Healthcare, Llc",,fda.inspections.history,raw/fda.inspections.history/2026/09/20260908T143307Z-cc2bb4babcd8.json.gz,1
fda.inspections.history,firm:3008094086,2009-12-16,2026-09-08T14:33:07Z,classification,1,ordinal,fda.inspections.history,raw/fda.inspections.history/2026/09/20260908T143307Z-cc2bb4babcd8.json.gz,1
fda.inspections.history,firm:3008094086,2009-12-16,2026-09-08T14:33:07Z,firm_key,JANSSEN ORTHO,,fda.inspections.history,raw/fda.inspections.history/2026/09/20260908T143307Z-cc2bb4babcd8.json.gz,1
fda.inspections.history,firm:3008094086,2009-12-16,2026-09-08T14:33:07Z,inspected,1,count,fda.inspections.history,raw/fda.inspections.history/2026/09/20260908T143307Z-cc2bb4babcd8.json.gz,1
fda.inspections.history,firm:3008094086,2009-12-16,2026-09-08T14:33:07Z,inspection_end,20091216,yyyymmdd,fda.inspections.history,raw/fda.inspections.history/2026/09/20260908T143307Z-cc2bb4babcd8.json.gz,1
fda.inspections.history,firm:3008094086,2009-12-16,2026-09-08T14:33:07Z,is_foreign,0,bool,fda.inspections.history,raw/fda.inspections.history/2026/09/20260908T143307Z-cc2bb4babcd8.json.gz,1
fda.inspections.history,firm:3008094086,2009-12-16,2026-09-08T14:33:07Z,is_oai,0,bool,fda.inspections.history,raw/fda.inspections.history/2026/09/20260908T143307Z-cc2bb4babcd8.json.gz,1
fda.inspections.history,firm:3008094086,2009-12-16,2026-09-08T14:33:07Z,label,"Janssen Ortho, Llc",,fda.inspections.history,raw/fda.inspections.history/2026/09/20260908T143307Z-cc2bb4babcd8.json.gz,1
fda.inspections.history,firm:3008457638,2009-12-29,2026-09-08T14:33:07Z,classification,0,ordinal,fda.inspections.history,raw/fda.inspections.history/2026/09/20260908T143307Z-cc2bb4babcd8.json.gz,1
fda.inspections.history,firm:3008457638,2009-12-29,2026-09-08T14:33:07Z,firm_key,WESTROCK RKT,,fda.inspections.history,raw/fda.inspections.history/2026/09/20260908T143307Z-cc2bb4babcd8.json.gz,1
fda.inspections.history,firm:3008457638,2009-12-29,2026-09-08T14:33:07Z,inspected,1,count,fda.inspections.history,raw/fda.inspections.history/2026/09/20260908T143307Z-cc2bb4babcd8.json.gz,1
fda.inspections.history,firm:3008457638,2009-12-29,2026-09-08T14:33:07Z,inspection_end,20091229,yyyymmdd,fda.inspections.history,raw/fda.inspections.history/2026/09/20260908T143307Z-cc2bb4babcd8.json.gz,1
fda.inspections.history,firm:3008457638,2009-12-29,2026-09-08T14:33:07Z,is_foreign,0,bool,fda.inspections.history,raw/fda.inspections.history/2026/09/20260908T143307Z-cc2bb4babcd8.json.gz,1
fda.inspections.history,firm:3008457638,2009-12-29,2026-09-08T14:33:07Z,is_oai,0,bool,fda.inspections.history,raw/fda.inspections.history/2026/09/20260908T143307Z-cc2bb4babcd8.json.gz,1
fda.inspections.history,firm:3008457638,2009-12-29,2026-09-08T14:33:07Z,label,WESTROCK RKT COMPANY,,fda.inspections.history,raw/fda.inspections.history/2026/09/20260908T143307Z-cc2bb4babcd8.json.gz,1
fda.inspections.history,firm:3009888617,2009-12-16,2026-09-08T14:33:07Z,classification,0,ordinal,fda.inspections.history,raw/fda.inspections.history/2026/09/20260908T143307Z-cc2bb4babcd8.json.gz,1
fda.inspections.history,firm:3009888617,2009-12-16,2026-09-08T14:33:07Z,firm_key,DESTILERIA SERRALLES,,fda.inspections.history,raw/fda.inspections.history/2026/09/20260908T143307Z-cc2bb4babcd8.json.gz,1
fda.inspections.history,firm:3009888617,2009-12-16,2026-09-08T14:33:07Z,inspected,1,count,fda.inspections.history,raw/fda.inspections.history/2026/09/20260908T143307Z-cc2bb4babcd8.json.gz,1
fda.inspections.history,firm:3009888617,2009-12-16,2026-09-08T14:33:07Z,inspection_end,20091216,yyyymmdd,fda.inspections.history,raw/fda.inspections.history/2026/09/20260908T143307Z-cc2bb4babcd8.json.gz,1
fda.inspections.history,firm:3009888617,2009-12-16,2026-09-08T14:33:07Z,is_foreign,0,bool,fda.inspections.history,raw/fda.inspections.history/2026/09/20260908T143307Z-cc2bb4babcd8.json.gz,1
fda.inspections.history,firm:3009888617,2009-12-16,2026-09-08T14:33:07Z,is_oai,0,bool,fda.inspections.history,raw/fda.inspections.history/2026/09/20260908T143307Z-cc2bb4babcd8.json.gz,1
fda.inspections.history,firm:3009888617,2009-12-16,2026-09-08T14:33:07Z,label,"Destileria Serralles, Inc.",,fda.inspections.history,raw/fda.inspections.history/2026/09/20260908T143307Z-cc2bb4babcd8.json.gz,1
fda.inspections.history,firm:3010700165,2009-12-09,2026-09-08T14:33:07Z,classification,1,ordinal,fda.inspections.history,raw/fda.inspections.history/2026/09/20260908T143307Z-cc2bb4babcd8.json.gz,1
fda.inspections.history,firm:3010700165,2009-12-09,2026-09-08T14:33:07Z,firm_key,ASCENSIA DIABETES CARES US,,fda.inspections.history,raw/fda.inspections.history/2026/09/20260908T143307Z-cc2bb4babcd8.json.gz,1
fda.inspections.history,firm:3010700165,2009-12-09,2026-09-08T14:33:07Z,inspected,1,count,fda.inspections.history,raw/fda.inspections.history/2026/09/20260908T143307Z-cc2bb4babcd8.json.gz,1
fda.inspections.history,firm:3010700165,2009-12-09,2026-09-08T14:33:07Z,inspection_end,20091209,yyyymmdd,fda.inspections.history,raw/fda.inspections.history/2026/09/20260908T143307Z-cc2bb4babcd8.json.gz,1
fda.inspections.history,firm:3010700165,2009-12-09,2026-09-08T14:33:07Z,is_foreign,0,bool,fda.inspections.history,raw/fda.inspections.history/2026/09/20260908T143307Z-cc2bb4babcd8.json.gz,1
fda.inspections.history,firm:3010700165,2009-12-09,2026-09-08T14:33:07Z,is_oai,0,bool,fda.inspections.history,raw/fda.inspections.history/2026/09/20260908T143307Z-cc2bb4babcd8.json.gz,1
fda.inspections.history,firm:3010700165,2009-12-09,2026-09-08T14:33:07Z,label,Ascensia Diabetes Cares US Inc.,,fda.inspections.history,raw/fda.inspections.history/2026/09/20260908T143307Z-cc2bb4babcd8.json.gz,1
fda.inspections.history,firm:3020693,2009-12-03,2026-09-08T14:33:07Z,classification,1,ordinal,fda.inspections.history,raw/fda.inspections.history/2026/09/20260908T143307Z-cc2bb4babcd8.json.gz,1
fda.inspections.history,firm:3020693,2009-12-03,2026-09-08T14:33:07Z,firm_key,LINDE GAS EQUIPMENT,,fda.inspections.history,raw/fda.inspections.history/2026/09/20260908T143307Z-cc2bb4babcd8.json.gz,1
fda.inspections.history,firm:3020693,2009-12-03,2026-09-08T14:33:07Z,inspected,1,count,fda.inspections.history,raw/fda.inspections.history/2026/09/20260908T143307Z-cc2bb4babcd8.json.gz,1
fda.inspections.history,firm:3020693,2009-12-03,2026-09-08T14:33:07Z,inspection_end,20091203,yyyymmdd,fda.inspections.history,raw/fda.inspections.history/2026/09/20260908T143307Z-cc2bb4babcd8.json.gz,1
fda.inspections.history,firm:3020693,2009-12-03,2026-09-08T14:33:07Z,is_foreign,0,bool,fda.inspections.history,raw/fda.inspections.history/2026/09/20260908T143307Z-cc2bb4babcd8.json.gz,1
fda.inspections.history,firm:3020693,2009-12-03,2026-09-08T14:33:07Z,is_oai,0,bool,fda.inspections.history,raw/fda.inspections.history/2026/09/20260908T143307Z-cc2bb4babcd8.json.gz,1
fda.inspections.history,firm:3020693,2009-12-03,2026-09-08T14:33:07Z,label,Linde Gas & Equipment Inc,,fda.inspections.history,raw/fda.inspections.history/2026/09/20260908T143307Z-cc2bb4babcd8.json.gz,1
fda.inspections.history,firm:3022820,2009-12-17,2026-09-08T14:33:07Z,classification,1,ordinal,fda.inspections.history,raw/fda.inspections.history/2026/09/20260908T143307Z-cc2bb4babcd8.json.gz,1
fda.inspections.history,firm:3022820,2009-12-17,2026-09-08T14:33:07Z,firm_key,LANXESS,,fda.inspections.history,raw/fda.inspections.history/2026/09/20260908T143307Z-cc2bb4babcd8.json.gz,1
fda.inspections.history,firm:3022820,2009-12-17,2026-09-08T14:33:07Z,inspected,1,count,fda.inspections.history,raw/fda.inspections.history/2026/09/20260908T143307Z-cc2bb4babcd8.json.gz,1
fda.inspections.history,firm:3022820,2009-12-17,2026-09-08T14:33:07Z,inspection_end,20091217,yyyymmdd,fda.inspections.history,raw/fda.inspections.history/2026/09/20260908T143307Z-cc2bb4babcd8.json.gz,1
fda.inspections.history,firm:3022820,2009-12-17,2026-09-08T14:33:07Z,is_foreign,0,bool,fda.inspections.history,raw/fda.inspections.history/2026/09/20260908T143307Z-cc2bb4babcd8.json.gz,1
fda.inspections.history,firm:3022820,2009-12-17,2026-09-08T14:33:07Z,is_oai,0,bool,fda.inspections.history,raw/fda.inspections.history/2026/09/20260908T143307Z-cc2bb4babcd8.json.gz,1
fda.inspections.history,firm:3022820,2009-12-17,2026-09-08T14:33:07Z,label,LANXESS Corporation,,fda.inspections.history,raw/fda.inspections.history/2026/09/20260908T143307Z-cc2bb4babcd8.json.gz,1
