series_id,entity_id,observed_at,captured_at,metric,value,unit,source_id,raw_ref,parser_version
fda.citations.history,firm:1000112680,2010-09-08,2026-09-08T14:29:40Z,cfr,21 CFR 211.100(a),,fda.citations.history,raw/fda.citations.history/2026/09/20260908T142940Z-955296c14fc7.json.gz,1
fda.citations.history,firm:1000112680,2010-09-08,2026-09-08T14:29:40Z,cfr,21 CFR 211.105(b),,fda.citations.history,raw/fda.citations.history/2026/09/20260908T142940Z-955296c14fc7.json.gz,1
fda.citations.history,firm:1000112680,2010-09-08,2026-09-08T14:29:40Z,cfr,21 CFR 211.125(a),,fda.citations.history,raw/fda.citations.history/2026/09/20260908T142940Z-955296c14fc7.json.gz,1
fda.citations.history,firm:1000112680,2010-09-08,2026-09-08T14:29:40Z,cfr,21 CFR 211.160(a),,fda.citations.history,raw/fda.citations.history/2026/09/20260908T142940Z-955296c14fc7.json.gz,1
fda.citations.history,firm:1000112680,2010-09-08,2026-09-08T14:29:40Z,cfr,21 CFR 211.160(b)(2),,fda.citations.history,raw/fda.citations.history/2026/09/20260908T142940Z-955296c14fc7.json.gz,1
fda.citations.history,firm:1000112680,2010-09-08,2026-09-08T14:29:40Z,cfr,21 CFR 211.166(a),,fda.citations.history,raw/fda.citations.history/2026/09/20260908T142940Z-955296c14fc7.json.gz,1
fda.citations.history,firm:1000112680,2010-09-08,2026-09-08T14:29:40Z,cfr,21 CFR 211.188,,fda.citations.history,raw/fda.citations.history/2026/09/20260908T142940Z-955296c14fc7.json.gz,1
fda.citations.history,firm:1000112680,2010-09-08,2026-09-08T14:29:40Z,cfr,21 CFR 211.188(a),,fda.citations.history,raw/fda.citations.history/2026/09/20260908T142940Z-955296c14fc7.json.gz,1
fda.citations.history,firm:1000112680,2010-09-08,2026-09-08T14:29:40Z,cfr,21 CFR 211.188(b)(11),,fda.citations.history,raw/fda.citations.history/2026/09/20260908T142940Z-955296c14fc7.json.gz,1
fda.citations.history,firm:1000112680,2010-09-08,2026-09-08T14:29:40Z,cfr,21 CFR 211.188(b)(7),,fda.citations.history,raw/fda.citations.history/2026/09/20260908T142940Z-955296c14fc7.json.gz,1
fda.citations.history,firm:1000112680,2010-09-08,2026-09-08T14:29:40Z,cfr,21 CFR 211.198(a),,fda.citations.history,raw/fda.citations.history/2026/09/20260908T142940Z-955296c14fc7.json.gz,1
fda.citations.history,firm:1000112680,2010-09-08,2026-09-08T14:29:40Z,cfr,21 CFR 211.25(a),,fda.citations.history,raw/fda.citations.history/2026/09/20260908T142940Z-955296c14fc7.json.gz,1
fda.citations.history,firm:1000112680,2010-09-08,2026-09-08T14:29:40Z,cfr,21 CFR 211.67(c),,fda.citations.history,raw/fda.citations.history/2026/09/20260908T142940Z-955296c14fc7.json.gz,1
fda.citations.history,firm:1000112680,2010-09-08,2026-09-08T14:29:40Z,cfr_part,211,part,fda.citations.history,raw/fda.citations.history/2026/09/20260908T142940Z-955296c14fc7.json.gz,1
fda.citations.history,firm:1000112680,2010-09-08,2026-09-08T14:29:40Z,citation,1,count,fda.citations.history,raw/fda.citations.history/2026/09/20260908T142940Z-955296c14fc7.json.gz,1
fda.citations.history,firm:1000112680,2010-09-08,2026-09-08T14:29:40Z,citation_topic,Absence of Written Procedures,,fda.citations.history,raw/fda.citations.history/2026/09/20260908T142940Z-955296c14fc7.json.gz,1
fda.citations.history,firm:1000112680,2010-09-08,2026-09-08T14:29:40Z,citation_topic,Accurate reproduction included,,fda.citations.history,raw/fda.citations.history/2026/09/20260908T142940Z-955296c14fc7.json.gz,1
fda.citations.history,firm:1000112680,2010-09-08,2026-09-08T14:29:40Z,citation_topic,"Actual yield, % of theoretical yield",,fda.citations.history,raw/fda.citations.history/2026/09/20260908T142940Z-955296c14fc7.json.gz,1
fda.citations.history,firm:1000112680,2010-09-08,2026-09-08T14:29:40Z,citation_topic,Approval and review of procedures,,fda.citations.history,raw/fda.citations.history/2026/09/20260908T142940Z-955296c14fc7.json.gz,1
fda.citations.history,firm:1000112680,2010-09-08,2026-09-08T14:29:40Z,citation_topic,Cleaning/maintenance records not kept,,fda.citations.history,raw/fda.citations.history/2026/09/20260908T142940Z-955296c14fc7.json.gz,1
fda.citations.history,firm:1000112680,2010-09-08,2026-09-08T14:29:40Z,citation_topic,Complaint Handling Procedure,,fda.citations.history,raw/fda.citations.history/2026/09/20260908T142940Z-955296c14fc7.json.gz,1
fda.citations.history,firm:1000112680,2010-09-08,2026-09-08T14:29:40Z,citation_topic,Distinctive ID or code not recorded in batch record,,fda.citations.history,raw/fda.citations.history/2026/09/20260908T142940Z-955296c14fc7.json.gz,1
fda.citations.history,firm:1000112680,2010-09-08,2026-09-08T14:29:40Z,citation_topic,Following/documenting laboratory controls,,fda.citations.history,raw/fda.citations.history/2026/09/20260908T142940Z-955296c14fc7.json.gz,1
fda.citations.history,firm:1000112680,2010-09-08,2026-09-08T14:29:40Z,citation_topic,"Identification of persons involved, each significant step",,fda.citations.history,raw/fda.citations.history/2026/09/20260908T142940Z-955296c14fc7.json.gz,1
fda.citations.history,firm:1000112680,2010-09-08,2026-09-08T14:29:40Z,citation_topic,"In-process samples representative, identified properly",,fda.citations.history,raw/fda.citations.history/2026/09/20260908T142940Z-955296c14fc7.json.gz,1
fda.citations.history,firm:1000112680,2010-09-08,2026-09-08T14:29:40Z,citation_topic,"Prepared for each batch, include complete information",,fda.citations.history,raw/fda.citations.history/2026/09/20260908T142940Z-955296c14fc7.json.gz,1
fda.citations.history,firm:1000112680,2010-09-08,2026-09-08T14:29:40Z,citation_topic,"Results not used for expiration dates, storage cond.",,fda.citations.history,raw/fda.citations.history/2026/09/20260908T142940Z-955296c14fc7.json.gz,1
fda.citations.history,firm:1000112680,2010-09-08,2026-09-08T14:29:40Z,citation_topic,Strict control not exercised over labeling issued,,fda.citations.history,raw/fda.citations.history/2026/09/20260908T142940Z-955296c14fc7.json.gz,1
fda.citations.history,firm:1000112680,2010-09-08,2026-09-08T14:29:40Z,citation_topic,"Training--operations, GMPs, written procedures",,fda.citations.history,raw/fda.citations.history/2026/09/20260908T142940Z-955296c14fc7.json.gz,1
fda.citations.history,firm:1000112680,2010-09-08,2026-09-08T14:29:40Z,firm_key,VENTURE TECH,,fda.citations.history,raw/fda.citations.history/2026/09/20260908T142940Z-955296c14fc7.json.gz,1
fda.citations.history,firm:1000112680,2010-09-08,2026-09-08T14:29:40Z,is_gmp,1,bool,fda.citations.history,raw/fda.citations.history/2026/09/20260908T142940Z-955296c14fc7.json.gz,1
fda.citations.history,firm:1000112680,2010-09-08,2026-09-08T14:29:40Z,label,"Venture Tech, Inc.",,fda.citations.history,raw/fda.citations.history/2026/09/20260908T142940Z-955296c14fc7.json.gz,1
fda.citations.history,firm:1000115137,2010-09-29,2026-09-08T14:29:40Z,cfr,21 CFR 211.100(b),,fda.citations.history,raw/fda.citations.history/2026/09/20260908T142940Z-955296c14fc7.json.gz,1
fda.citations.history,firm:1000115137,2010-09-29,2026-09-08T14:29:40Z,cfr,21 CFR 211.110(a),,fda.citations.history,raw/fda.citations.history/2026/09/20260908T142940Z-955296c14fc7.json.gz,1
fda.citations.history,firm:1000115137,2010-09-29,2026-09-08T14:29:40Z,cfr,21 CFR 211.115(a),,fda.citations.history,raw/fda.citations.history/2026/09/20260908T142940Z-955296c14fc7.json.gz,1
fda.citations.history,firm:1000115137,2010-09-29,2026-09-08T14:29:40Z,cfr,21 CFR 211.130,,fda.citations.history,raw/fda.citations.history/2026/09/20260908T142940Z-955296c14fc7.json.gz,1
fda.citations.history,firm:1000115137,2010-09-29,2026-09-08T14:29:40Z,cfr,21 CFR 211.130(a),,fda.citations.history,raw/fda.citations.history/2026/09/20260908T142940Z-955296c14fc7.json.gz,1
fda.citations.history,firm:1000115137,2010-09-29,2026-09-08T14:29:40Z,cfr,21 CFR 211.160(a),,fda.citations.history,raw/fda.citations.history/2026/09/20260908T142940Z-955296c14fc7.json.gz,1
fda.citations.history,firm:1000115137,2010-09-29,2026-09-08T14:29:40Z,cfr,21 CFR 211.160(b),,fda.citations.history,raw/fda.citations.history/2026/09/20260908T142940Z-955296c14fc7.json.gz,1
fda.citations.history,firm:1000115137,2010-09-29,2026-09-08T14:29:40Z,cfr,21 CFR 211.170(b),,fda.citations.history,raw/fda.citations.history/2026/09/20260908T142940Z-955296c14fc7.json.gz,1
fda.citations.history,firm:1000115137,2010-09-29,2026-09-08T14:29:40Z,cfr,21 CFR 211.180(e)(2),,fda.citations.history,raw/fda.citations.history/2026/09/20260908T142940Z-955296c14fc7.json.gz,1
fda.citations.history,firm:1000115137,2010-09-29,2026-09-08T14:29:40Z,cfr,21 CFR 211.192,,fda.citations.history,raw/fda.citations.history/2026/09/20260908T142940Z-955296c14fc7.json.gz,1
fda.citations.history,firm:1000115137,2010-09-29,2026-09-08T14:29:40Z,cfr,21 CFR 211.198(a),,fda.citations.history,raw/fda.citations.history/2026/09/20260908T142940Z-955296c14fc7.json.gz,1
fda.citations.history,firm:1000115137,2010-09-29,2026-09-08T14:29:40Z,cfr,21 CFR 211.22(a),,fda.citations.history,raw/fda.citations.history/2026/09/20260908T142940Z-955296c14fc7.json.gz,1
fda.citations.history,firm:1000115137,2010-09-29,2026-09-08T14:29:40Z,cfr,21 CFR 211.22(d),,fda.citations.history,raw/fda.citations.history/2026/09/20260908T142940Z-955296c14fc7.json.gz,1
fda.citations.history,firm:1000115137,2010-09-29,2026-09-08T14:29:40Z,cfr,21 CFR 211.84(d)(2),,fda.citations.history,raw/fda.citations.history/2026/09/20260908T142940Z-955296c14fc7.json.gz,1
fda.citations.history,firm:1000115137,2010-09-29,2026-09-08T14:29:40Z,cfr_part,211,part,fda.citations.history,raw/fda.citations.history/2026/09/20260908T142940Z-955296c14fc7.json.gz,1
fda.citations.history,firm:1000115137,2010-09-29,2026-09-08T14:29:40Z,citation,1,count,fda.citations.history,raw/fda.citations.history/2026/09/20260908T142940Z-955296c14fc7.json.gz,1
fda.citations.history,firm:1000115137,2010-09-29,2026-09-08T14:29:40Z,citation_topic,"Approve or reject components, products",,fda.citations.history,raw/fda.citations.history/2026/09/20260908T142940Z-955296c14fc7.json.gz,1
fda.citations.history,firm:1000115137,2010-09-29,2026-09-08T14:29:40Z,citation_topic,Control procedures to monitor and validate performance,,fda.citations.history,raw/fda.citations.history/2026/09/20260908T142940Z-955296c14fc7.json.gz,1
fda.citations.history,firm:1000115137,2010-09-29,2026-09-08T14:29:40Z,citation_topic,Following/documenting laboratory controls,,fda.citations.history,raw/fda.citations.history/2026/09/20260908T142940Z-955296c14fc7.json.gz,1
fda.citations.history,firm:1000115137,2010-09-29,2026-09-08T14:29:40Z,citation_topic,Investigation of reserve sample deterioration,,fda.citations.history,raw/fda.citations.history/2026/09/20260908T142940Z-955296c14fc7.json.gz,1
fda.citations.history,firm:1000115137,2010-09-29,2026-09-08T14:29:40Z,citation_topic,Items to cover on annual reviews,,fda.citations.history,raw/fda.citations.history/2026/09/20260908T142940Z-955296c14fc7.json.gz,1
fda.citations.history,firm:1000115137,2010-09-29,2026-09-08T14:29:40Z,citation_topic,"Prevention of cross contamination, mix-ups",,fda.citations.history,raw/fda.citations.history/2026/09/20260908T142940Z-955296c14fc7.json.gz,1
fda.citations.history,firm:1000115137,2010-09-29,2026-09-08T14:29:40Z,citation_topic,Procedure Deviations Recorded and Justified,,fda.citations.history,raw/fda.citations.history/2026/09/20260908T142940Z-955296c14fc7.json.gz,1
fda.citations.history,firm:1000115137,2010-09-29,2026-09-08T14:29:40Z,citation_topic,"Procedures are written, and followed",,fda.citations.history,raw/fda.citations.history/2026/09/20260908T142940Z-955296c14fc7.json.gz,1
fda.citations.history,firm:1000115137,2010-09-29,2026-09-08T14:29:40Z,citation_topic,"Procedures not  in writing, fully followed",,fda.citations.history,raw/fda.citations.history/2026/09/20260908T142940Z-955296c14fc7.json.gz,1
fda.citations.history,firm:1000115137,2010-09-29,2026-09-08T14:29:40Z,citation_topic,Procedures to be written and followed,,fda.citations.history,raw/fda.citations.history/2026/09/20260908T142940Z-955296c14fc7.json.gz,1
fda.citations.history,firm:1000115137,2010-09-29,2026-09-08T14:29:40Z,citation_topic,Quality control unit review of records,,fda.citations.history,raw/fda.citations.history/2026/09/20260908T142940Z-955296c14fc7.json.gz,1
fda.citations.history,firm:1000115137,2010-09-29,2026-09-08T14:29:40Z,citation_topic,Reports of Analysis (Components),,fda.citations.history,raw/fda.citations.history/2026/09/20260908T142940Z-955296c14fc7.json.gz,1
fda.citations.history,firm:1000115137,2010-09-29,2026-09-08T14:29:40Z,citation_topic,Reprocessing procedures not written or followed,,fda.citations.history,raw/fda.citations.history/2026/09/20260908T142940Z-955296c14fc7.json.gz,1
fda.citations.history,firm:1000115137,2010-09-29,2026-09-08T14:29:40Z,citation_topic,Scientifically sound laboratory controls,,fda.citations.history,raw/fda.citations.history/2026/09/20260908T142940Z-955296c14fc7.json.gz,1
fda.citations.history,firm:1000115137,2010-09-29,2026-09-08T14:29:40Z,firm_key,FIRST PRIORITY,,fda.citations.history,raw/fda.citations.history/2026/09/20260908T142940Z-955296c14fc7.json.gz,1
fda.citations.history,firm:1000115137,2010-09-29,2026-09-08T14:29:40Z,is_gmp,1,bool,fda.citations.history,raw/fda.citations.history/2026/09/20260908T142940Z-955296c14fc7.json.gz,1
fda.citations.history,firm:1000115137,2010-09-29,2026-09-08T14:29:40Z,label,"First Priority, Inc.",,fda.citations.history,raw/fda.citations.history/2026/09/20260908T142940Z-955296c14fc7.json.gz,1
fda.citations.history,firm:1000125398,2010-09-20,2026-09-08T14:29:40Z,cfr,21 CFR 211.166(b),,fda.citations.history,raw/fda.citations.history/2026/09/20260908T142940Z-955296c14fc7.json.gz,1
fda.citations.history,firm:1000125398,2010-09-20,2026-09-08T14:29:40Z,cfr,21 CFR 211.180(e)(2),,fda.citations.history,raw/fda.citations.history/2026/09/20260908T142940Z-955296c14fc7.json.gz,1
fda.citations.history,firm:1000125398,2010-09-20,2026-09-08T14:29:40Z,cfr,21 CFR 211.188(b)(8),,fda.citations.history,raw/fda.citations.history/2026/09/20260908T142940Z-955296c14fc7.json.gz,1
fda.citations.history,firm:1000125398,2010-09-20,2026-09-08T14:29:40Z,cfr,21 CFR 211.25(a),,fda.citations.history,raw/fda.citations.history/2026/09/20260908T142940Z-955296c14fc7.json.gz,1
fda.citations.history,firm:1000125398,2010-09-20,2026-09-08T14:29:40Z,cfr,21 CFR 211.84(d)(2),,fda.citations.history,raw/fda.citations.history/2026/09/20260908T142940Z-955296c14fc7.json.gz,1
fda.citations.history,firm:1000125398,2010-09-20,2026-09-08T14:29:40Z,cfr_part,211,part,fda.citations.history,raw/fda.citations.history/2026/09/20260908T142940Z-955296c14fc7.json.gz,1
fda.citations.history,firm:1000125398,2010-09-20,2026-09-08T14:29:40Z,citation,1,count,fda.citations.history,raw/fda.citations.history/2026/09/20260908T142940Z-955296c14fc7.json.gz,1
fda.citations.history,firm:1000125398,2010-09-20,2026-09-08T14:29:40Z,citation_topic,Adequate number of batches on stability,,fda.citations.history,raw/fda.citations.history/2026/09/20260908T142940Z-955296c14fc7.json.gz,1
fda.citations.history,firm:1000125398,2010-09-20,2026-09-08T14:29:40Z,citation_topic,GMP Training Frequency,,fda.citations.history,raw/fda.citations.history/2026/09/20260908T142940Z-955296c14fc7.json.gz,1
fda.citations.history,firm:1000125398,2010-09-20,2026-09-08T14:29:40Z,citation_topic,Items to cover on annual reviews,,fda.citations.history,raw/fda.citations.history/2026/09/20260908T142940Z-955296c14fc7.json.gz,1
fda.citations.history,firm:1000125398,2010-09-20,2026-09-08T14:29:40Z,citation_topic,Labeling control records including specimens or copies,,fda.citations.history,raw/fda.citations.history/2026/09/20260908T142940Z-955296c14fc7.json.gz,1
fda.citations.history,firm:1000125398,2010-09-20,2026-09-08T14:29:40Z,citation_topic,Reports of Analysis (Components),,fda.citations.history,raw/fda.citations.history/2026/09/20260908T142940Z-955296c14fc7.json.gz,1
fda.citations.history,firm:1000125398,2010-09-20,2026-09-08T14:29:40Z,firm_key,SUNRIDER MANUFACTURING L P,,fda.citations.history,raw/fda.citations.history/2026/09/20260908T142940Z-955296c14fc7.json.gz,1
fda.citations.history,firm:1000125398,2010-09-20,2026-09-08T14:29:40Z,is_gmp,1,bool,fda.citations.history,raw/fda.citations.history/2026/09/20260908T142940Z-955296c14fc7.json.gz,1
fda.citations.history,firm:1000125398,2010-09-20,2026-09-08T14:29:40Z,label,Sunrider Manufacturing L.P.,,fda.citations.history,raw/fda.citations.history/2026/09/20260908T142940Z-955296c14fc7.json.gz,1
fda.citations.history,firm:1000125694,2010-09-30,2026-09-08T14:29:40Z,cfr,21 CFR 211.194(a),,fda.citations.history,raw/fda.citations.history/2026/09/20260908T142940Z-955296c14fc7.json.gz,1
fda.citations.history,firm:1000125694,2010-09-30,2026-09-08T14:29:40Z,cfr,21 CFR 211.194(c),,fda.citations.history,raw/fda.citations.history/2026/09/20260908T142940Z-955296c14fc7.json.gz,1
fda.citations.history,firm:1000125694,2010-09-30,2026-09-08T14:29:40Z,cfr,21 CFR 211.198(a),,fda.citations.history,raw/fda.citations.history/2026/09/20260908T142940Z-955296c14fc7.json.gz,1
fda.citations.history,firm:1000125694,2010-09-30,2026-09-08T14:29:40Z,cfr,21 CFR 211.68(b),,fda.citations.history,raw/fda.citations.history/2026/09/20260908T142940Z-955296c14fc7.json.gz,1
fda.citations.history,firm:1000125694,2010-09-30,2026-09-08T14:29:40Z,cfr_part,211,part,fda.citations.history,raw/fda.citations.history/2026/09/20260908T142940Z-955296c14fc7.json.gz,1
fda.citations.history,firm:1000125694,2010-09-30,2026-09-08T14:29:40Z,citation,1,count,fda.citations.history,raw/fda.citations.history/2026/09/20260908T142940Z-955296c14fc7.json.gz,1
fda.citations.history,firm:1000125694,2010-09-30,2026-09-08T14:29:40Z,citation_topic,Backup data not assured as exact and complete,,fda.citations.history,raw/fda.citations.history/2026/09/20260908T142940Z-955296c14fc7.json.gz,1
fda.citations.history,firm:1000125694,2010-09-30,2026-09-08T14:29:40Z,citation_topic,Complaint Handling Procedure,,fda.citations.history,raw/fda.citations.history/2026/09/20260908T142940Z-955296c14fc7.json.gz,1
fda.citations.history,firm:1000125694,2010-09-30,2026-09-08T14:29:40Z,citation_topic,Complete test data included in records,,fda.citations.history,raw/fda.citations.history/2026/09/20260908T142940Z-955296c14fc7.json.gz,1
fda.citations.history,firm:1000125694,2010-09-30,2026-09-08T14:29:40Z,citation_topic,Testing and standardization of standards et. al.,,fda.citations.history,raw/fda.citations.history/2026/09/20260908T142940Z-955296c14fc7.json.gz,1
fda.citations.history,firm:1000125694,2010-09-30,2026-09-08T14:29:40Z,firm_key,ACTA,,fda.citations.history,raw/fda.citations.history/2026/09/20260908T142940Z-955296c14fc7.json.gz,1
fda.citations.history,firm:1000125694,2010-09-30,2026-09-08T14:29:40Z,is_gmp,1,bool,fda.citations.history,raw/fda.citations.history/2026/09/20260908T142940Z-955296c14fc7.json.gz,1
fda.citations.history,firm:1000125694,2010-09-30,2026-09-08T14:29:40Z,label,"ACTA Laboratories, Inc.",,fda.citations.history,raw/fda.citations.history/2026/09/20260908T142940Z-955296c14fc7.json.gz,1
fda.citations.history,firm:1000208907,2010-09-24,2026-09-08T14:29:40Z,cfr,21 CFR 211.111,,fda.citations.history,raw/fda.citations.history/2026/09/20260908T142940Z-955296c14fc7.json.gz,1
fda.citations.history,firm:1000208907,2010-09-24,2026-09-08T14:29:40Z,cfr,21 CFR 211.142(b),,fda.citations.history,raw/fda.citations.history/2026/09/20260908T142940Z-955296c14fc7.json.gz,1
fda.citations.history,firm:1000208907,2010-09-24,2026-09-08T14:29:40Z,cfr,21 CFR 211.166(a),,fda.citations.history,raw/fda.citations.history/2026/09/20260908T142940Z-955296c14fc7.json.gz,1
fda.citations.history,firm:1000208907,2010-09-24,2026-09-08T14:29:40Z,cfr,21 CFR 211.166(a)(1),,fda.citations.history,raw/fda.citations.history/2026/09/20260908T142940Z-955296c14fc7.json.gz,1
fda.citations.history,firm:1000208907,2010-09-24,2026-09-08T14:29:40Z,cfr,21 CFR 211.63,,fda.citations.history,raw/fda.citations.history/2026/09/20260908T142940Z-955296c14fc7.json.gz,1
fda.citations.history,firm:1000208907,2010-09-24,2026-09-08T14:29:40Z,cfr_part,211,part,fda.citations.history,raw/fda.citations.history/2026/09/20260908T142940Z-955296c14fc7.json.gz,1
fda.citations.history,firm:1000208907,2010-09-24,2026-09-08T14:29:40Z,citation,1,count,fda.citations.history,raw/fda.citations.history/2026/09/20260908T142940Z-955296c14fc7.json.gz,1
fda.citations.history,firm:1000208907,2010-09-24,2026-09-08T14:29:40Z,citation_topic,"Equipment Design, Size and Location",,fda.citations.history,raw/fda.citations.history/2026/09/20260908T142940Z-955296c14fc7.json.gz,1
fda.citations.history,firm:1000208907,2010-09-24,2026-09-08T14:29:40Z,citation_topic,Establishment of time limitations,,fda.citations.history,raw/fda.citations.history/2026/09/20260908T142940Z-955296c14fc7.json.gz,1
fda.citations.history,firm:1000208907,2010-09-24,2026-09-08T14:29:40Z,citation_topic,Sample size - test intervals,,fda.citations.history,raw/fda.citations.history/2026/09/20260908T142940Z-955296c14fc7.json.gz,1
fda.citations.history,firm:1000208907,2010-09-24,2026-09-08T14:29:40Z,citation_topic,Storage under appropriate conditions,,fda.citations.history,raw/fda.citations.history/2026/09/20260908T142940Z-955296c14fc7.json.gz,1
fda.citations.history,firm:1000208907,2010-09-24,2026-09-08T14:29:40Z,citation_topic,Written program not followed,,fda.citations.history,raw/fda.citations.history/2026/09/20260908T142940Z-955296c14fc7.json.gz,1
fda.citations.history,firm:1000208907,2010-09-24,2026-09-08T14:29:40Z,firm_key,BIPORE,,fda.citations.history,raw/fda.citations.history/2026/09/20260908T142940Z-955296c14fc7.json.gz,1
fda.citations.history,firm:1000208907,2010-09-24,2026-09-08T14:29:40Z,is_gmp,1,bool,fda.citations.history,raw/fda.citations.history/2026/09/20260908T142940Z-955296c14fc7.json.gz,1
fda.citations.history,firm:1000208907,2010-09-24,2026-09-08T14:29:40Z,label,Bipore Inc.,,fda.citations.history,raw/fda.citations.history/2026/09/20260908T142940Z-955296c14fc7.json.gz,1
fda.citations.history,firm:1000222390,2010-09-09,2026-09-08T14:29:40Z,cfr,21 CFR 211.100(a),,fda.citations.history,raw/fda.citations.history/2026/09/20260908T142940Z-955296c14fc7.json.gz,1
fda.citations.history,firm:1000222390,2010-09-09,2026-09-08T14:29:40Z,cfr,21 CFR 211.122(a),,fda.citations.history,raw/fda.citations.history/2026/09/20260908T142940Z-955296c14fc7.json.gz,1
fda.citations.history,firm:1000222390,2010-09-09,2026-09-08T14:29:40Z,cfr,21 CFR 211.165(c),,fda.citations.history,raw/fda.citations.history/2026/09/20260908T142940Z-955296c14fc7.json.gz,1
fda.citations.history,firm:1000222390,2010-09-09,2026-09-08T14:29:40Z,cfr,21 CFR 211.180(e)(1),,fda.citations.history,raw/fda.citations.history/2026/09/20260908T142940Z-955296c14fc7.json.gz,1
fda.citations.history,firm:1000222390,2010-09-09,2026-09-08T14:29:40Z,cfr,21 CFR 211.182,,fda.citations.history,raw/fda.citations.history/2026/09/20260908T142940Z-955296c14fc7.json.gz,1
fda.citations.history,firm:1000222390,2010-09-09,2026-09-08T14:29:40Z,cfr,21 CFR 211.186(b)(1),,fda.citations.history,raw/fda.citations.history/2026/09/20260908T142940Z-955296c14fc7.json.gz,1
fda.citations.history,firm:1000222390,2010-09-09,2026-09-08T14:29:40Z,cfr,21 CFR 211.186(b)(7),,fda.citations.history,raw/fda.citations.history/2026/09/20260908T142940Z-955296c14fc7.json.gz,1
fda.citations.history,firm:1000222390,2010-09-09,2026-09-08T14:29:40Z,cfr,21 CFR 211.186(b)(8),,fda.citations.history,raw/fda.citations.history/2026/09/20260908T142940Z-955296c14fc7.json.gz,1
fda.citations.history,firm:1000222390,2010-09-09,2026-09-08T14:29:40Z,cfr,21 CFR 211.192,,fda.citations.history,raw/fda.citations.history/2026/09/20260908T142940Z-955296c14fc7.json.gz,1
fda.citations.history,firm:1000222390,2010-09-09,2026-09-08T14:29:40Z,cfr,21 CFR 211.63,,fda.citations.history,raw/fda.citations.history/2026/09/20260908T142940Z-955296c14fc7.json.gz,1
fda.citations.history,firm:1000222390,2010-09-09,2026-09-08T14:29:40Z,cfr,21 CFR 211.67(a),,fda.citations.history,raw/fda.citations.history/2026/09/20260908T142940Z-955296c14fc7.json.gz,1
fda.citations.history,firm:1000222390,2010-09-09,2026-09-08T14:29:40Z,cfr,21 CFR 211.67(c),,fda.citations.history,raw/fda.citations.history/2026/09/20260908T142940Z-955296c14fc7.json.gz,1
fda.citations.history,firm:1000222390,2010-09-09,2026-09-08T14:29:40Z,cfr,21 CFR 211.84(a),,fda.citations.history,raw/fda.citations.history/2026/09/20260908T142940Z-955296c14fc7.json.gz,1
fda.citations.history,firm:1000222390,2010-09-09,2026-09-08T14:29:40Z,cfr,21 CFR 211.84(d)(2),,fda.citations.history,raw/fda.citations.history/2026/09/20260908T142940Z-955296c14fc7.json.gz,1
fda.citations.history,firm:1000222390,2010-09-09,2026-09-08T14:29:40Z,cfr_part,211,part,fda.citations.history,raw/fda.citations.history/2026/09/20260908T142940Z-955296c14fc7.json.gz,1
fda.citations.history,firm:1000222390,2010-09-09,2026-09-08T14:29:40Z,citation,1,count,fda.citations.history,raw/fda.citations.history/2026/09/20260908T142940Z-955296c14fc7.json.gz,1
fda.citations.history,firm:1000222390,2010-09-09,2026-09-08T14:29:40Z,citation_topic,Absence of Written Procedures,,fda.citations.history,raw/fda.citations.history/2026/09/20260908T142940Z-955296c14fc7.json.gz,1
fda.citations.history,firm:1000222390,2010-09-09,2026-09-08T14:29:40Z,citation_topic,Cleaning / Sanitizing / Maintenance,,fda.citations.history,raw/fda.citations.history/2026/09/20260908T142940Z-955296c14fc7.json.gz,1
fda.citations.history,firm:1000222390,2010-09-09,2026-09-08T14:29:40Z,citation_topic,Cleaning/maintenance records not kept,,fda.citations.history,raw/fda.citations.history/2026/09/20260908T142940Z-955296c14fc7.json.gz,1
fda.citations.history,firm:1000222390,2010-09-09,2026-09-08T14:29:40Z,citation_topic,Components withheld from use pending release,,fda.citations.history,raw/fda.citations.history/2026/09/20260908T142940Z-955296c14fc7.json.gz,1
fda.citations.history,firm:1000222390,2010-09-09,2026-09-08T14:29:40Z,citation_topic,"Description of containers, labels, et. al.",,fda.citations.history,raw/fda.citations.history/2026/09/20260908T142940Z-955296c14fc7.json.gz,1
fda.citations.history,firm:1000222390,2010-09-09,2026-09-08T14:29:40Z,citation_topic,"Equipment Design, Size and Location",,fda.citations.history,raw/fda.citations.history/2026/09/20260908T142940Z-955296c14fc7.json.gz,1
fda.citations.history,firm:1000222390,2010-09-09,2026-09-08T14:29:40Z,citation_topic,"Investigations of discrepancies, failures",,fda.citations.history,raw/fda.citations.history/2026/09/20260908T142940Z-955296c14fc7.json.gz,1
fda.citations.history,firm:1000222390,2010-09-09,2026-09-08T14:29:40Z,citation_topic,"Name, strength, dosage form",,fda.citations.history,raw/fda.citations.history/2026/09/20260908T142940Z-955296c14fc7.json.gz,1
fda.citations.history,firm:1000222390,2010-09-09,2026-09-08T14:29:40Z,citation_topic,Reports of Analysis (Components),,fda.citations.history,raw/fda.citations.history/2026/09/20260908T142940Z-955296c14fc7.json.gz,1
fda.citations.history,firm:1000222390,2010-09-09,2026-09-08T14:29:40Z,citation_topic,Review of representative number of batches,,fda.citations.history,raw/fda.citations.history/2026/09/20260908T142940Z-955296c14fc7.json.gz,1
fda.citations.history,firm:1000222390,2010-09-09,2026-09-08T14:29:40Z,citation_topic,Sampling and testing plans not followed,,fda.citations.history,raw/fda.citations.history/2026/09/20260908T142940Z-955296c14fc7.json.gz,1
fda.citations.history,firm:1000222390,2010-09-09,2026-09-08T14:29:40Z,citation_topic,Sampling/testing of labeling/packaging materials,,fda.citations.history,raw/fda.citations.history/2026/09/20260908T142940Z-955296c14fc7.json.gz,1
fda.citations.history,firm:1000222390,2010-09-09,2026-09-08T14:29:40Z,citation_topic,Theoretical Yield and Percentages,,fda.citations.history,raw/fda.citations.history/2026/09/20260908T142940Z-955296c14fc7.json.gz,1
fda.citations.history,firm:1000222390,2010-09-09,2026-09-08T14:29:40Z,citation_topic,Written records kept in individual logs,,fda.citations.history,raw/fda.citations.history/2026/09/20260908T142940Z-955296c14fc7.json.gz,1
fda.citations.history,firm:1000222390,2010-09-09,2026-09-08T14:29:40Z,firm_key,LEVLAD,,fda.citations.history,raw/fda.citations.history/2026/09/20260908T142940Z-955296c14fc7.json.gz,1
fda.citations.history,firm:1000222390,2010-09-09,2026-09-08T14:29:40Z,is_gmp,1,bool,fda.citations.history,raw/fda.citations.history/2026/09/20260908T142940Z-955296c14fc7.json.gz,1
fda.citations.history,firm:1000222390,2010-09-09,2026-09-08T14:29:40Z,label,"Levlad, LLC",,fda.citations.history,raw/fda.citations.history/2026/09/20260908T142940Z-955296c14fc7.json.gz,1
fda.citations.history,firm:1000307060,2010-09-22,2026-09-08T14:29:40Z,cfr,21 CFR 211.160(a),,fda.citations.history,raw/fda.citations.history/2026/09/20260908T142940Z-955296c14fc7.json.gz,1
fda.citations.history,firm:1000307060,2010-09-22,2026-09-08T14:29:40Z,cfr,21 CFR 211.188,,fda.citations.history,raw/fda.citations.history/2026/09/20260908T142940Z-955296c14fc7.json.gz,1
fda.citations.history,firm:1000307060,2010-09-22,2026-09-08T14:29:40Z,cfr,21 CFR 211.188(b)(12),,fda.citations.history,raw/fda.citations.history/2026/09/20260908T142940Z-955296c14fc7.json.gz,1
fda.citations.history,firm:1000307060,2010-09-22,2026-09-08T14:29:40Z,cfr,21 CFR 211.22(d),,fda.citations.history,raw/fda.citations.history/2026/09/20260908T142940Z-955296c14fc7.json.gz,1
fda.citations.history,firm:1000307060,2010-09-22,2026-09-08T14:29:40Z,cfr_part,211,part,fda.citations.history,raw/fda.citations.history/2026/09/20260908T142940Z-955296c14fc7.json.gz,1
fda.citations.history,firm:1000307060,2010-09-22,2026-09-08T14:29:40Z,citation,1,count,fda.citations.history,raw/fda.citations.history/2026/09/20260908T142940Z-955296c14fc7.json.gz,1
fda.citations.history,firm:1000307060,2010-09-22,2026-09-08T14:29:40Z,citation_topic,Following/documenting laboratory controls,,fda.citations.history,raw/fda.citations.history/2026/09/20260908T142940Z-955296c14fc7.json.gz,1
fda.citations.history,firm:1000307060,2010-09-22,2026-09-08T14:29:40Z,citation_topic,Investigations made into any unexplained discrepancy,,fda.citations.history,raw/fda.citations.history/2026/09/20260908T142940Z-955296c14fc7.json.gz,1
fda.citations.history,firm:1000307060,2010-09-22,2026-09-08T14:29:40Z,citation_topic,"Prepared for each batch, include complete information",,fda.citations.history,raw/fda.citations.history/2026/09/20260908T142940Z-955296c14fc7.json.gz,1
fda.citations.history,firm:1000307060,2010-09-22,2026-09-08T14:29:40Z,citation_topic,"Procedures not  in writing, fully followed",,fda.citations.history,raw/fda.citations.history/2026/09/20260908T142940Z-955296c14fc7.json.gz,1
fda.citations.history,firm:1000307060,2010-09-22,2026-09-08T14:29:40Z,firm_key,LINCARE,,fda.citations.history,raw/fda.citations.history/2026/09/20260908T142940Z-955296c14fc7.json.gz,1
fda.citations.history,firm:1000307060,2010-09-22,2026-09-08T14:29:40Z,is_gmp,1,bool,fda.citations.history,raw/fda.citations.history/2026/09/20260908T142940Z-955296c14fc7.json.gz,1
fda.citations.history,firm:1000307060,2010-09-22,2026-09-08T14:29:40Z,label,"Lincare, Inc.",,fda.citations.history,raw/fda.citations.history/2026/09/20260908T142940Z-955296c14fc7.json.gz,1
fda.citations.history,firm:1000517800,2010-09-22,2026-09-08T14:29:40Z,cfr,21 CFR 314.80(c)(1)(i),,fda.citations.history,raw/fda.citations.history/2026/09/20260908T142940Z-955296c14fc7.json.gz,1
fda.citations.history,firm:1000517800,2010-09-22,2026-09-08T14:29:40Z,cfr,21 CFR 314.80(c)(1)(ii),,fda.citations.history,raw/fda.citations.history/2026/09/20260908T142940Z-955296c14fc7.json.gz,1
fda.citations.history,firm:1000517800,2010-09-22,2026-09-08T14:29:40Z,cfr_part,314,part,fda.citations.history,raw/fda.citations.history/2026/09/20260908T142940Z-955296c14fc7.json.gz,1
fda.citations.history,firm:1000517800,2010-09-22,2026-09-08T14:29:40Z,citation,1,count,fda.citations.history,raw/fda.citations.history/2026/09/20260908T142940Z-955296c14fc7.json.gz,1
fda.citations.history,firm:1000517800,2010-09-22,2026-09-08T14:29:40Z,citation_topic,Late submission of 15-day report,,fda.citations.history,raw/fda.citations.history/2026/09/20260908T142940Z-955296c14fc7.json.gz,1
fda.citations.history,firm:1000517800,2010-09-22,2026-09-08T14:29:40Z,citation_topic,Submission of report follow-up,,fda.citations.history,raw/fda.citations.history/2026/09/20260908T142940Z-955296c14fc7.json.gz,1
fda.citations.history,firm:1000517800,2010-09-22,2026-09-08T14:29:40Z,firm_key,OSI,,fda.citations.history,raw/fda.citations.history/2026/09/20260908T142940Z-955296c14fc7.json.gz,1
fda.citations.history,firm:1000517800,2010-09-22,2026-09-08T14:29:40Z,is_gmp,0,bool,fda.citations.history,raw/fda.citations.history/2026/09/20260908T142940Z-955296c14fc7.json.gz,1
fda.citations.history,firm:1000517800,2010-09-22,2026-09-08T14:29:40Z,label,"OSI Pharmaceuticals, Inc",,fda.citations.history,raw/fda.citations.history/2026/09/20260908T142940Z-955296c14fc7.json.gz,1
fda.citations.history,firm:1000519407,2010-09-29,2026-09-08T14:29:40Z,cfr,21 CFR 211.101(b),,fda.citations.history,raw/fda.citations.history/2026/09/20260908T142940Z-955296c14fc7.json.gz,1
fda.citations.history,firm:1000519407,2010-09-29,2026-09-08T14:29:40Z,cfr,21 CFR 211.180(e),,fda.citations.history,raw/fda.citations.history/2026/09/20260908T142940Z-955296c14fc7.json.gz,1
fda.citations.history,firm:1000519407,2010-09-29,2026-09-08T14:29:40Z,cfr,21 CFR 211.67(a),,fda.citations.history,raw/fda.citations.history/2026/09/20260908T142940Z-955296c14fc7.json.gz,1
fda.citations.history,firm:1000519407,2010-09-29,2026-09-08T14:29:40Z,cfr,21 CFR 211.86,,fda.citations.history,raw/fda.citations.history/2026/09/20260908T142940Z-955296c14fc7.json.gz,1
fda.citations.history,firm:1000519407,2010-09-29,2026-09-08T14:29:40Z,cfr_part,211,part,fda.citations.history,raw/fda.citations.history/2026/09/20260908T142940Z-955296c14fc7.json.gz,1
fda.citations.history,firm:1000519407,2010-09-29,2026-09-08T14:29:40Z,citation,1,count,fda.citations.history,raw/fda.citations.history/2026/09/20260908T142940Z-955296c14fc7.json.gz,1
fda.citations.history,firm:1000519407,2010-09-29,2026-09-08T14:29:40Z,citation_topic,Cleaning / Sanitizing / Maintenance,,fda.citations.history,raw/fda.citations.history/2026/09/20260908T142940Z-955296c14fc7.json.gz,1
fda.citations.history,firm:1000519407,2010-09-29,2026-09-08T14:29:40Z,citation_topic,Identification of new containers,,fda.citations.history,raw/fda.citations.history/2026/09/20260908T142940Z-955296c14fc7.json.gz,1
fda.citations.history,firm:1000519407,2010-09-29,2026-09-08T14:29:40Z,citation_topic,Records reviewed annually,,fda.citations.history,raw/fda.citations.history/2026/09/20260908T142940Z-955296c14fc7.json.gz,1
fda.citations.history,firm:1000519407,2010-09-29,2026-09-08T14:29:40Z,citation_topic,Rotation of components/containers/closures,,fda.citations.history,raw/fda.citations.history/2026/09/20260908T142940Z-955296c14fc7.json.gz,1
fda.citations.history,firm:1000519407,2010-09-29,2026-09-08T14:29:40Z,firm_key,BRYANT RANCH PREPACK,,fda.citations.history,raw/fda.citations.history/2026/09/20260908T142940Z-955296c14fc7.json.gz,1
fda.citations.history,firm:1000519407,2010-09-29,2026-09-08T14:29:40Z,is_gmp,1,bool,fda.citations.history,raw/fda.citations.history/2026/09/20260908T142940Z-955296c14fc7.json.gz,1
fda.citations.history,firm:1000519407,2010-09-29,2026-09-08T14:29:40Z,label,Bryant Ranch PrePack,,fda.citations.history,raw/fda.citations.history/2026/09/20260908T142940Z-955296c14fc7.json.gz,1
fda.citations.history,firm:1033842,2010-09-03,2026-09-08T14:29:40Z,cfr,21 CFR 211.103,,fda.citations.history,raw/fda.citations.history/2026/09/20260908T142940Z-955296c14fc7.json.gz,1
fda.citations.history,firm:1033842,2010-09-03,2026-09-08T14:29:40Z,cfr,21 CFR 211.110(a),,fda.citations.history,raw/fda.citations.history/2026/09/20260908T142940Z-955296c14fc7.json.gz,1
fda.citations.history,firm:1033842,2010-09-03,2026-09-08T14:29:40Z,cfr,21 CFR 211.160(b),,fda.citations.history,raw/fda.citations.history/2026/09/20260908T142940Z-955296c14fc7.json.gz,1
fda.citations.history,firm:1033842,2010-09-03,2026-09-08T14:29:40Z,cfr,21 CFR 211.165(a),,fda.citations.history,raw/fda.citations.history/2026/09/20260908T142940Z-955296c14fc7.json.gz,1
fda.citations.history,firm:1033842,2010-09-03,2026-09-08T14:29:40Z,cfr,21 CFR 211.166(a),,fda.citations.history,raw/fda.citations.history/2026/09/20260908T142940Z-955296c14fc7.json.gz,1
fda.citations.history,firm:1033842,2010-09-03,2026-09-08T14:29:40Z,cfr,21 CFR 211.194(a)(1),,fda.citations.history,raw/fda.citations.history/2026/09/20260908T142940Z-955296c14fc7.json.gz,1
fda.citations.history,firm:1033842,2010-09-03,2026-09-08T14:29:40Z,cfr,21 CFR 211.194(a)(2),,fda.citations.history,raw/fda.citations.history/2026/09/20260908T142940Z-955296c14fc7.json.gz,1
fda.citations.history,firm:1033842,2010-09-03,2026-09-08T14:29:40Z,cfr,21 CFR 211.22(d),,fda.citations.history,raw/fda.citations.history/2026/09/20260908T142940Z-955296c14fc7.json.gz,1
fda.citations.history,firm:1033842,2010-09-03,2026-09-08T14:29:40Z,cfr,21 CFR 211.68(a),,fda.citations.history,raw/fda.citations.history/2026/09/20260908T142940Z-955296c14fc7.json.gz,1
fda.citations.history,firm:1033842,2010-09-03,2026-09-08T14:29:40Z,cfr_part,211,part,fda.citations.history,raw/fda.citations.history/2026/09/20260908T142940Z-955296c14fc7.json.gz,1
fda.citations.history,firm:1033842,2010-09-03,2026-09-08T14:29:40Z,citation,1,count,fda.citations.history,raw/fda.citations.history/2026/09/20260908T142940Z-955296c14fc7.json.gz,1
fda.citations.history,firm:1033842,2010-09-03,2026-09-08T14:29:40Z,citation_topic,Actual vs. theoretical yields not determined,,fda.citations.history,raw/fda.citations.history/2026/09/20260908T142940Z-955296c14fc7.json.gz,1
fda.citations.history,firm:1033842,2010-09-03,2026-09-08T14:29:40Z,citation_topic,Calibration/Inspection/Checking not done,,fda.citations.history,raw/fda.citations.history/2026/09/20260908T142940Z-955296c14fc7.json.gz,1
fda.citations.history,firm:1033842,2010-09-03,2026-09-08T14:29:40Z,citation_topic,Control procedures to monitor and validate performance,,fda.citations.history,raw/fda.citations.history/2026/09/20260908T142940Z-955296c14fc7.json.gz,1
fda.citations.history,firm:1033842,2010-09-03,2026-09-08T14:29:40Z,citation_topic,Lack of written stability program,,fda.citations.history,raw/fda.citations.history/2026/09/20260908T142940Z-955296c14fc7.json.gz,1
fda.citations.history,firm:1033842,2010-09-03,2026-09-08T14:29:40Z,citation_topic,"Procedures not  in writing, fully followed",,fda.citations.history,raw/fda.citations.history/2026/09/20260908T142940Z-955296c14fc7.json.gz,1
fda.citations.history,firm:1033842,2010-09-03,2026-09-08T14:29:40Z,citation_topic,Reference and method not stated,,fda.citations.history,raw/fda.citations.history/2026/09/20260908T142940Z-955296c14fc7.json.gz,1
fda.citations.history,firm:1033842,2010-09-03,2026-09-08T14:29:40Z,citation_topic,Sample identification and other information,,fda.citations.history,raw/fda.citations.history/2026/09/20260908T142940Z-955296c14fc7.json.gz,1
fda.citations.history,firm:1033842,2010-09-03,2026-09-08T14:29:40Z,citation_topic,Scientifically sound laboratory controls,,fda.citations.history,raw/fda.citations.history/2026/09/20260908T142940Z-955296c14fc7.json.gz,1
fda.citations.history,firm:1033842,2010-09-03,2026-09-08T14:29:40Z,citation_topic,Testing and release for distribution,,fda.citations.history,raw/fda.citations.history/2026/09/20260908T142940Z-955296c14fc7.json.gz,1
fda.citations.history,firm:1033842,2010-09-03,2026-09-08T14:29:40Z,citation_topic,Written in-process control procedures,,fda.citations.history,raw/fda.citations.history/2026/09/20260908T142940Z-955296c14fc7.json.gz,1
fda.citations.history,firm:1033842,2010-09-03,2026-09-08T14:29:40Z,firm_key,COSMETIC CREATIONS,,fda.citations.history,raw/fda.citations.history/2026/09/20260908T142940Z-955296c14fc7.json.gz,1
fda.citations.history,firm:1033842,2010-09-03,2026-09-08T14:29:40Z,is_gmp,1,bool,fda.citations.history,raw/fda.citations.history/2026/09/20260908T142940Z-955296c14fc7.json.gz,1
fda.citations.history,firm:1033842,2010-09-03,2026-09-08T14:29:40Z,label,Cosmetic Creations Inc.,,fda.citations.history,raw/fda.citations.history/2026/09/20260908T142940Z-955296c14fc7.json.gz,1
fda.citations.history,firm:1036365,2010-09-10,2026-09-08T14:29:40Z,cfr,21 CFR 211.110(a),,fda.citations.history,raw/fda.citations.history/2026/09/20260908T142940Z-955296c14fc7.json.gz,1
fda.citations.history,firm:1036365,2010-09-10,2026-09-08T14:29:40Z,cfr,21 CFR 211.160(a),,fda.citations.history,raw/fda.citations.history/2026/09/20260908T142940Z-955296c14fc7.json.gz,1
fda.citations.history,firm:1036365,2010-09-10,2026-09-08T14:29:40Z,cfr,21 CFR 211.160(b)(2),,fda.citations.history,raw/fda.citations.history/2026/09/20260908T142940Z-955296c14fc7.json.gz,1
fda.citations.history,firm:1036365,2010-09-10,2026-09-08T14:29:40Z,cfr,21 CFR 211.165(a),,fda.citations.history,raw/fda.citations.history/2026/09/20260908T142940Z-955296c14fc7.json.gz,1
fda.citations.history,firm:1036365,2010-09-10,2026-09-08T14:29:40Z,cfr,21 CFR 211.166(a)(3),,fda.citations.history,raw/fda.citations.history/2026/09/20260908T142940Z-955296c14fc7.json.gz,1
fda.citations.history,firm:1036365,2010-09-10,2026-09-08T14:29:40Z,cfr,21 CFR 211.170(b),,fda.citations.history,raw/fda.citations.history/2026/09/20260908T142940Z-955296c14fc7.json.gz,1
fda.citations.history,firm:1036365,2010-09-10,2026-09-08T14:29:40Z,cfr,21 CFR 211.188,,fda.citations.history,raw/fda.citations.history/2026/09/20260908T142940Z-955296c14fc7.json.gz,1
fda.citations.history,firm:1036365,2010-09-10,2026-09-08T14:29:40Z,cfr,21 CFR 211.192,,fda.citations.history,raw/fda.citations.history/2026/09/20260908T142940Z-955296c14fc7.json.gz,1
fda.citations.history,firm:1036365,2010-09-10,2026-09-08T14:29:40Z,cfr,21 CFR 211.194(a),,fda.citations.history,raw/fda.citations.history/2026/09/20260908T142940Z-955296c14fc7.json.gz,1
fda.citations.history,firm:1036365,2010-09-10,2026-09-08T14:29:40Z,cfr,21 CFR 211.194(d),,fda.citations.history,raw/fda.citations.history/2026/09/20260908T142940Z-955296c14fc7.json.gz,1
fda.citations.history,firm:1036365,2010-09-10,2026-09-08T14:29:40Z,cfr,21 CFR 211.198(a),,fda.citations.history,raw/fda.citations.history/2026/09/20260908T142940Z-955296c14fc7.json.gz,1
fda.citations.history,firm:1036365,2010-09-10,2026-09-08T14:29:40Z,cfr,21 CFR 211.22(d),,fda.citations.history,raw/fda.citations.history/2026/09/20260908T142940Z-955296c14fc7.json.gz,1
fda.citations.history,firm:1036365,2010-09-10,2026-09-08T14:29:40Z,cfr,21 CFR 211.28(a),,fda.citations.history,raw/fda.citations.history/2026/09/20260908T142940Z-955296c14fc7.json.gz,1
fda.citations.history,firm:1036365,2010-09-10,2026-09-08T14:29:40Z,cfr,21 CFR 211.67(a),,fda.citations.history,raw/fda.citations.history/2026/09/20260908T142940Z-955296c14fc7.json.gz,1
fda.citations.history,firm:1036365,2010-09-10,2026-09-08T14:29:40Z,cfr,21 CFR 211.67(b),,fda.citations.history,raw/fda.citations.history/2026/09/20260908T142940Z-955296c14fc7.json.gz,1
fda.citations.history,firm:1036365,2010-09-10,2026-09-08T14:29:40Z,cfr_part,211,part,fda.citations.history,raw/fda.citations.history/2026/09/20260908T142940Z-955296c14fc7.json.gz,1
fda.citations.history,firm:1036365,2010-09-10,2026-09-08T14:29:40Z,citation,1,count,fda.citations.history,raw/fda.citations.history/2026/09/20260908T142940Z-955296c14fc7.json.gz,1
fda.citations.history,firm:1036365,2010-09-10,2026-09-08T14:29:40Z,citation_topic,Annual visual exams of drug products,,fda.citations.history,raw/fda.citations.history/2026/09/20260908T142940Z-955296c14fc7.json.gz,1
fda.citations.history,firm:1036365,2010-09-10,2026-09-08T14:29:40Z,citation_topic,Cleaning / Sanitizing / Maintenance,,fda.citations.history,raw/fda.citations.history/2026/09/20260908T142940Z-955296c14fc7.json.gz,1
fda.citations.history,firm:1036365,2010-09-10,2026-09-08T14:29:40Z,citation_topic,Clothing appropriate for duties performed,,fda.citations.history,raw/fda.citations.history/2026/09/20260908T142940Z-955296c14fc7.json.gz,1
fda.citations.history,firm:1036365,2010-09-10,2026-09-08T14:29:40Z,citation_topic,Complaint Handling Procedure,,fda.citations.history,raw/fda.citations.history/2026/09/20260908T142940Z-955296c14fc7.json.gz,1
fda.citations.history,firm:1036365,2010-09-10,2026-09-08T14:29:40Z,citation_topic,Complete test data included in records,,fda.citations.history,raw/fda.citations.history/2026/09/20260908T142940Z-955296c14fc7.json.gz,1
fda.citations.history,firm:1036365,2010-09-10,2026-09-08T14:29:40Z,citation_topic,Control procedures to monitor and validate performance,,fda.citations.history,raw/fda.citations.history/2026/09/20260908T142940Z-955296c14fc7.json.gz,1
fda.citations.history,firm:1036365,2010-09-10,2026-09-08T14:29:40Z,citation_topic,Deviations from laboratory control requirements,,fda.citations.history,raw/fda.citations.history/2026/09/20260908T142940Z-955296c14fc7.json.gz,1
fda.citations.history,firm:1036365,2010-09-10,2026-09-08T14:29:40Z,citation_topic,Following/documenting laboratory controls,,fda.citations.history,raw/fda.citations.history/2026/09/20260908T142940Z-955296c14fc7.json.gz,1
fda.citations.history,firm:1036365,2010-09-10,2026-09-08T14:29:40Z,citation_topic,In-process sample representation/identification,,fda.citations.history,raw/fda.citations.history/2026/09/20260908T142940Z-955296c14fc7.json.gz,1
fda.citations.history,firm:1036365,2010-09-10,2026-09-08T14:29:40Z,citation_topic,"Investigations of discrepancies, failures",,fda.citations.history,raw/fda.citations.history/2026/09/20260908T142940Z-955296c14fc7.json.gz,1
fda.citations.history,firm:1036365,2010-09-10,2026-09-08T14:29:40Z,citation_topic,Laboratory equipment calibration records,,fda.citations.history,raw/fda.citations.history/2026/09/20260908T142940Z-955296c14fc7.json.gz,1
fda.citations.history,firm:1036365,2010-09-10,2026-09-08T14:29:40Z,citation_topic,"Prepared for each batch, include complete information",,fda.citations.history,raw/fda.citations.history/2026/09/20260908T142940Z-955296c14fc7.json.gz,1
fda.citations.history,firm:1036365,2010-09-10,2026-09-08T14:29:40Z,citation_topic,"Procedures not  in writing, fully followed",,fda.citations.history,raw/fda.citations.history/2026/09/20260908T142940Z-955296c14fc7.json.gz,1
fda.citations.history,firm:1036365,2010-09-10,2026-09-08T14:29:40Z,citation_topic,Testing and release for distribution,,fda.citations.history,raw/fda.citations.history/2026/09/20260908T142940Z-955296c14fc7.json.gz,1
fda.citations.history,firm:1036365,2010-09-10,2026-09-08T14:29:40Z,citation_topic,Valid stability test methods,,fda.citations.history,raw/fda.citations.history/2026/09/20260908T142940Z-955296c14fc7.json.gz,1
fda.citations.history,firm:1036365,2010-09-10,2026-09-08T14:29:40Z,citation_topic,Written procedures not established/followed,,fda.citations.history,raw/fda.citations.history/2026/09/20260908T142940Z-955296c14fc7.json.gz,1
fda.citations.history,firm:1036365,2010-09-10,2026-09-08T14:29:40Z,firm_key,HILL DERMACEUTICALS,,fda.citations.history,raw/fda.citations.history/2026/09/20260908T142940Z-955296c14fc7.json.gz,1
fda.citations.history,firm:1036365,2010-09-10,2026-09-08T14:29:40Z,is_gmp,1,bool,fda.citations.history,raw/fda.citations.history/2026/09/20260908T142940Z-955296c14fc7.json.gz,1
fda.citations.history,firm:1036365,2010-09-10,2026-09-08T14:29:40Z,label,"Hill Dermaceuticals, Inc.",,fda.citations.history,raw/fda.citations.history/2026/09/20260908T142940Z-955296c14fc7.json.gz,1
fda.citations.history,firm:1221129,2010-09-14,2026-09-08T14:29:40Z,cfr,21 CFR 211.22(c),,fda.citations.history,raw/fda.citations.history/2026/09/20260908T142940Z-955296c14fc7.json.gz,1
fda.citations.history,firm:1221129,2010-09-14,2026-09-08T14:29:40Z,cfr,21 CFR 211.25(a),,fda.citations.history,raw/fda.citations.history/2026/09/20260908T142940Z-955296c14fc7.json.gz,1
fda.citations.history,firm:1221129,2010-09-14,2026-09-08T14:29:40Z,cfr_part,211,part,fda.citations.history,raw/fda.citations.history/2026/09/20260908T142940Z-955296c14fc7.json.gz,1
fda.citations.history,firm:1221129,2010-09-14,2026-09-08T14:29:40Z,citation,1,count,fda.citations.history,raw/fda.citations.history/2026/09/20260908T142940Z-955296c14fc7.json.gz,1
fda.citations.history,firm:1221129,2010-09-14,2026-09-08T14:29:40Z,citation_topic,Approve or reject procedures or specs,,fda.citations.history,raw/fda.citations.history/2026/09/20260908T142940Z-955296c14fc7.json.gz,1
fda.citations.history,firm:1221129,2010-09-14,2026-09-08T14:29:40Z,citation_topic,"Training--operations, GMPs, written procedures",,fda.citations.history,raw/fda.citations.history/2026/09/20260908T142940Z-955296c14fc7.json.gz,1
fda.citations.history,firm:1221129,2010-09-14,2026-09-08T14:29:40Z,firm_key,LYMOL MEDICAL,,fda.citations.history,raw/fda.citations.history/2026/09/20260908T142940Z-955296c14fc7.json.gz,1
fda.citations.history,firm:1221129,2010-09-14,2026-09-08T14:29:40Z,is_gmp,1,bool,fda.citations.history,raw/fda.citations.history/2026/09/20260908T142940Z-955296c14fc7.json.gz,1
fda.citations.history,firm:1221129,2010-09-14,2026-09-08T14:29:40Z,label,Lymol Medical Corporation,,fda.citations.history,raw/fda.citations.history/2026/09/20260908T142940Z-955296c14fc7.json.gz,1
fda.citations.history,firm:1373980,2010-09-02,2026-09-08T14:29:40Z,cfr,21 CFR 211.194(a)(8),,fda.citations.history,raw/fda.citations.history/2026/09/20260908T142940Z-955296c14fc7.json.gz,1
fda.citations.history,firm:1373980,2010-09-02,2026-09-08T14:29:40Z,cfr,21 CFR 211.194(d),,fda.citations.history,raw/fda.citations.history/2026/09/20260908T142940Z-955296c14fc7.json.gz,1
fda.citations.history,firm:1373980,2010-09-02,2026-09-08T14:29:40Z,cfr,21 CFR 211.22(a),,fda.citations.history,raw/fda.citations.history/2026/09/20260908T142940Z-955296c14fc7.json.gz,1
fda.citations.history,firm:1373980,2010-09-02,2026-09-08T14:29:40Z,cfr,21 CFR 211.68(a),,fda.citations.history,raw/fda.citations.history/2026/09/20260908T142940Z-955296c14fc7.json.gz,1
fda.citations.history,firm:1373980,2010-09-02,2026-09-08T14:29:40Z,cfr_part,211,part,fda.citations.history,raw/fda.citations.history/2026/09/20260908T142940Z-955296c14fc7.json.gz,1
fda.citations.history,firm:1373980,2010-09-02,2026-09-08T14:29:40Z,citation,1,count,fda.citations.history,raw/fda.citations.history/2026/09/20260908T142940Z-955296c14fc7.json.gz,1
fda.citations.history,firm:1373980,2010-09-02,2026-09-08T14:29:40Z,citation_topic,Calibration/Inspection/Checking not done,,fda.citations.history,raw/fda.citations.history/2026/09/20260908T142940Z-955296c14fc7.json.gz,1
fda.citations.history,firm:1373980,2010-09-02,2026-09-08T14:29:40Z,citation_topic,Laboratory equipment calibration records,,fda.citations.history,raw/fda.citations.history/2026/09/20260908T142940Z-955296c14fc7.json.gz,1
fda.citations.history,firm:1373980,2010-09-02,2026-09-08T14:29:40Z,citation_topic,Lack of quality control unit,,fda.citations.history,raw/fda.citations.history/2026/09/20260908T142940Z-955296c14fc7.json.gz,1
fda.citations.history,firm:1373980,2010-09-02,2026-09-08T14:29:40Z,citation_topic,Second person sign off,,fda.citations.history,raw/fda.citations.history/2026/09/20260908T142940Z-955296c14fc7.json.gz,1
fda.citations.history,firm:1373980,2010-09-02,2026-09-08T14:29:40Z,firm_key,ST JOSEPH S HOSPITAL,,fda.citations.history,raw/fda.citations.history/2026/09/20260908T142940Z-955296c14fc7.json.gz,1
fda.citations.history,firm:1373980,2010-09-02,2026-09-08T14:29:40Z,is_gmp,1,bool,fda.citations.history,raw/fda.citations.history/2026/09/20260908T142940Z-955296c14fc7.json.gz,1
fda.citations.history,firm:1373980,2010-09-02,2026-09-08T14:29:40Z,label,St Joseph's Hospital,,fda.citations.history,raw/fda.citations.history/2026/09/20260908T142940Z-955296c14fc7.json.gz,1
fda.citations.history,firm:1419498,2010-09-17,2026-09-08T14:29:40Z,cfr,21 CFR 211.100(b),,fda.citations.history,raw/fda.citations.history/2026/09/20260908T142940Z-955296c14fc7.json.gz,1
fda.citations.history,firm:1419498,2010-09-17,2026-09-08T14:29:40Z,cfr,21 CFR 211.137(a),,fda.citations.history,raw/fda.citations.history/2026/09/20260908T142940Z-955296c14fc7.json.gz,1
fda.citations.history,firm:1419498,2010-09-17,2026-09-08T14:29:40Z,cfr,21 CFR 211.165(f),,fda.citations.history,raw/fda.citations.history/2026/09/20260908T142940Z-955296c14fc7.json.gz,1
fda.citations.history,firm:1419498,2010-09-17,2026-09-08T14:29:40Z,cfr,21 CFR 211.186(b)(9),,fda.citations.history,raw/fda.citations.history/2026/09/20260908T142940Z-955296c14fc7.json.gz,1
fda.citations.history,firm:1419498,2010-09-17,2026-09-08T14:29:40Z,cfr,21 CFR 211.192,,fda.citations.history,raw/fda.citations.history/2026/09/20260908T142940Z-955296c14fc7.json.gz,1
fda.citations.history,firm:1419498,2010-09-17,2026-09-08T14:29:40Z,cfr,21 CFR 211.80(a),,fda.citations.history,raw/fda.citations.history/2026/09/20260908T142940Z-955296c14fc7.json.gz,1
fda.citations.history,firm:1419498,2010-09-17,2026-09-08T14:29:40Z,cfr,21 CFR 211.84(a),,fda.citations.history,raw/fda.citations.history/2026/09/20260908T142940Z-955296c14fc7.json.gz,1
fda.citations.history,firm:1419498,2010-09-17,2026-09-08T14:29:40Z,cfr,21 CFR 211.84(e),,fda.citations.history,raw/fda.citations.history/2026/09/20260908T142940Z-955296c14fc7.json.gz,1
fda.citations.history,firm:1419498,2010-09-17,2026-09-08T14:29:40Z,cfr_part,211,part,fda.citations.history,raw/fda.citations.history/2026/09/20260908T142940Z-955296c14fc7.json.gz,1
fda.citations.history,firm:1419498,2010-09-17,2026-09-08T14:29:40Z,citation,1,count,fda.citations.history,raw/fda.citations.history/2026/09/20260908T142940Z-955296c14fc7.json.gz,1
fda.citations.history,firm:1419498,2010-09-17,2026-09-08T14:29:40Z,citation_topic,Components withheld from use pending release,,fda.citations.history,raw/fda.citations.history/2026/09/20260908T142940Z-955296c14fc7.json.gz,1
fda.citations.history,firm:1419498,2010-09-17,2026-09-08T14:29:40Z,citation_topic,Expiration date lacking,,fda.citations.history,raw/fda.citations.history/2026/09/20260908T142940Z-955296c14fc7.json.gz,1
fda.citations.history,firm:1419498,2010-09-17,2026-09-08T14:29:40Z,citation_topic,Failing drug products not rejected,,fda.citations.history,raw/fda.citations.history/2026/09/20260908T142940Z-955296c14fc7.json.gz,1
fda.citations.history,firm:1419498,2010-09-17,2026-09-08T14:29:40Z,citation_topic,"Investigations of discrepancies, failures",,fda.citations.history,raw/fda.citations.history/2026/09/20260908T142940Z-955296c14fc7.json.gz,1
fda.citations.history,firm:1419498,2010-09-17,2026-09-08T14:29:40Z,citation_topic,Manufacturing Instructions and Specifications,,fda.citations.history,raw/fda.citations.history/2026/09/20260908T142940Z-955296c14fc7.json.gz,1
fda.citations.history,firm:1419498,2010-09-17,2026-09-08T14:29:40Z,citation_topic,Procedures To Be in Writing,,fda.citations.history,raw/fda.citations.history/2026/09/20260908T142940Z-955296c14fc7.json.gz,1
fda.citations.history,firm:1419498,2010-09-17,2026-09-08T14:29:40Z,citation_topic,Quality control unit review of records,,fda.citations.history,raw/fda.citations.history/2026/09/20260908T142940Z-955296c14fc7.json.gz,1
fda.citations.history,firm:1419498,2010-09-17,2026-09-08T14:29:40Z,citation_topic,Rejecting  When Specifications Not Met,,fda.citations.history,raw/fda.citations.history/2026/09/20260908T142940Z-955296c14fc7.json.gz,1
fda.citations.history,firm:1419498,2010-09-17,2026-09-08T14:29:40Z,citation_topic,SOPs not followed / documented,,fda.citations.history,raw/fda.citations.history/2026/09/20260908T142940Z-955296c14fc7.json.gz,1
fda.citations.history,firm:1419498,2010-09-17,2026-09-08T14:29:40Z,citation_topic,Written record of investigation incomplete,,fda.citations.history,raw/fda.citations.history/2026/09/20260908T142940Z-955296c14fc7.json.gz,1
fda.citations.history,firm:1419498,2010-09-17,2026-09-08T14:29:40Z,firm_key,RISING,,fda.citations.history,raw/fda.citations.history/2026/09/20260908T142940Z-955296c14fc7.json.gz,1
fda.citations.history,firm:1419498,2010-09-17,2026-09-08T14:29:40Z,is_gmp,1,bool,fda.citations.history,raw/fda.citations.history/2026/09/20260908T142940Z-955296c14fc7.json.gz,1
fda.citations.history,firm:1419498,2010-09-17,2026-09-08T14:29:40Z,label,"Rising Pharma Holdings, Inc",,fda.citations.history,raw/fda.citations.history/2026/09/20260908T142940Z-955296c14fc7.json.gz,1
fda.citations.history,firm:1622491,2010-09-22,2026-09-08T14:29:40Z,cfr,21 CFR 211.100(a),,fda.citations.history,raw/fda.citations.history/2026/09/20260908T142940Z-955296c14fc7.json.gz,1
fda.citations.history,firm:1622491,2010-09-22,2026-09-08T14:29:40Z,cfr,21 CFR 211.160(b),,fda.citations.history,raw/fda.citations.history/2026/09/20260908T142940Z-955296c14fc7.json.gz,1
fda.citations.history,firm:1622491,2010-09-22,2026-09-08T14:29:40Z,cfr,21 CFR 211.160(b)(4),,fda.citations.history,raw/fda.citations.history/2026/09/20260908T142940Z-955296c14fc7.json.gz,1
fda.citations.history,firm:1622491,2010-09-22,2026-09-08T14:29:40Z,cfr,21 CFR 211.165(a),,fda.citations.history,raw/fda.citations.history/2026/09/20260908T142940Z-955296c14fc7.json.gz,1
fda.citations.history,firm:1622491,2010-09-22,2026-09-08T14:29:40Z,cfr,21 CFR 211.182,,fda.citations.history,raw/fda.citations.history/2026/09/20260908T142940Z-955296c14fc7.json.gz,1
fda.citations.history,firm:1622491,2010-09-22,2026-09-08T14:29:40Z,cfr,21 CFR 211.184(c),,fda.citations.history,raw/fda.citations.history/2026/09/20260908T142940Z-955296c14fc7.json.gz,1
fda.citations.history,firm:1622491,2010-09-22,2026-09-08T14:29:40Z,cfr,21 CFR 211.188(b)(3),,fda.citations.history,raw/fda.citations.history/2026/09/20260908T142940Z-955296c14fc7.json.gz,1
fda.citations.history,firm:1622491,2010-09-22,2026-09-08T14:29:40Z,cfr,21 CFR 211.188(b)(8),,fda.citations.history,raw/fda.citations.history/2026/09/20260908T142940Z-955296c14fc7.json.gz,1
fda.citations.history,firm:1622491,2010-09-22,2026-09-08T14:29:40Z,cfr,21 CFR 211.84(d)(2),,fda.citations.history,raw/fda.citations.history/2026/09/20260908T142940Z-955296c14fc7.json.gz,1
fda.citations.history,firm:1622491,2010-09-22,2026-09-08T14:29:40Z,cfr,21 CFR 211.84(d)(3),,fda.citations.history,raw/fda.citations.history/2026/09/20260908T142940Z-955296c14fc7.json.gz,1
fda.citations.history,firm:1622491,2010-09-22,2026-09-08T14:29:40Z,cfr_part,211,part,fda.citations.history,raw/fda.citations.history/2026/09/20260908T142940Z-955296c14fc7.json.gz,1
fda.citations.history,firm:1622491,2010-09-22,2026-09-08T14:29:40Z,citation,1,count,fda.citations.history,raw/fda.citations.history/2026/09/20260908T142940Z-955296c14fc7.json.gz,1
fda.citations.history,firm:1622491,2010-09-22,2026-09-08T14:29:40Z,citation_topic,Absence of Written Procedures,,fda.citations.history,raw/fda.citations.history/2026/09/20260908T142940Z-955296c14fc7.json.gz,1
fda.citations.history,firm:1622491,2010-09-22,2026-09-08T14:29:40Z,citation_topic,"Calibration - at intervals, written program, remedial action",,fda.citations.history,raw/fda.citations.history/2026/09/20260908T142940Z-955296c14fc7.json.gz,1
fda.citations.history,firm:1622491,2010-09-22,2026-09-08T14:29:40Z,citation_topic,"Certificates of Testing (Containers, Closures)",,fda.citations.history,raw/fda.citations.history/2026/09/20260908T142940Z-955296c14fc7.json.gz,1
fda.citations.history,firm:1622491,2010-09-22,2026-09-08T14:29:40Z,citation_topic,Identification of each  component or in-process material,,fda.citations.history,raw/fda.citations.history/2026/09/20260908T142940Z-955296c14fc7.json.gz,1
fda.citations.history,firm:1622491,2010-09-22,2026-09-08T14:29:40Z,citation_topic,Individual inventory record,,fda.citations.history,raw/fda.citations.history/2026/09/20260908T142940Z-955296c14fc7.json.gz,1
fda.citations.history,firm:1622491,2010-09-22,2026-09-08T14:29:40Z,citation_topic,Labeling control records including specimens or copies,,fda.citations.history,raw/fda.citations.history/2026/09/20260908T142940Z-955296c14fc7.json.gz,1
fda.citations.history,firm:1622491,2010-09-22,2026-09-08T14:29:40Z,citation_topic,Reports of Analysis (Components),,fda.citations.history,raw/fda.citations.history/2026/09/20260908T142940Z-955296c14fc7.json.gz,1
fda.citations.history,firm:1622491,2010-09-22,2026-09-08T14:29:40Z,citation_topic,Scientifically sound laboratory controls,,fda.citations.history,raw/fda.citations.history/2026/09/20260908T142940Z-955296c14fc7.json.gz,1
fda.citations.history,firm:1622491,2010-09-22,2026-09-08T14:29:40Z,citation_topic,Testing and release for distribution,,fda.citations.history,raw/fda.citations.history/2026/09/20260908T142940Z-955296c14fc7.json.gz,1
fda.citations.history,firm:1622491,2010-09-22,2026-09-08T14:29:40Z,citation_topic,Written records kept in individual logs,,fda.citations.history,raw/fda.citations.history/2026/09/20260908T142940Z-955296c14fc7.json.gz,1
fda.citations.history,firm:1622491,2010-09-22,2026-09-08T14:29:40Z,firm_key,COSMETIC SPECIALTY,,fda.citations.history,raw/fda.citations.history/2026/09/20260908T142940Z-955296c14fc7.json.gz,1
fda.citations.history,firm:1622491,2010-09-22,2026-09-08T14:29:40Z,is_gmp,1,bool,fda.citations.history,raw/fda.citations.history/2026/09/20260908T142940Z-955296c14fc7.json.gz,1
fda.citations.history,firm:1622491,2010-09-22,2026-09-08T14:29:40Z,label,"Cosmetic Specialty Labs, Inc",,fda.citations.history,raw/fda.citations.history/2026/09/20260908T142940Z-955296c14fc7.json.gz,1
fda.citations.history,firm:1629180,2010-09-28,2026-09-08T14:29:40Z,cfr,21 CFR 211.166(a)(1),,fda.citations.history,raw/fda.citations.history/2026/09/20260908T142940Z-955296c14fc7.json.gz,1
fda.citations.history,firm:1629180,2010-09-28,2026-09-08T14:29:40Z,cfr,21 CFR 211.180(e)(1),,fda.citations.history,raw/fda.citations.history/2026/09/20260908T142940Z-955296c14fc7.json.gz,1
fda.citations.history,firm:1629180,2010-09-28,2026-09-08T14:29:40Z,cfr_part,211,part,fda.citations.history,raw/fda.citations.history/2026/09/20260908T142940Z-955296c14fc7.json.gz,1
fda.citations.history,firm:1629180,2010-09-28,2026-09-08T14:29:40Z,citation,1,count,fda.citations.history,raw/fda.citations.history/2026/09/20260908T142940Z-955296c14fc7.json.gz,1
fda.citations.history,firm:1629180,2010-09-28,2026-09-08T14:29:40Z,citation_topic,Review of representative number of batches,,fda.citations.history,raw/fda.citations.history/2026/09/20260908T142940Z-955296c14fc7.json.gz,1
fda.citations.history,firm:1629180,2010-09-28,2026-09-08T14:29:40Z,citation_topic,Sample size - test intervals,,fda.citations.history,raw/fda.citations.history/2026/09/20260908T142940Z-955296c14fc7.json.gz,1
fda.citations.history,firm:1629180,2010-09-28,2026-09-08T14:29:40Z,firm_key,ALOE VERA OF AMERICA,,fda.citations.history,raw/fda.citations.history/2026/09/20260908T142940Z-955296c14fc7.json.gz,1
fda.citations.history,firm:1629180,2010-09-28,2026-09-08T14:29:40Z,is_gmp,1,bool,fda.citations.history,raw/fda.citations.history/2026/09/20260908T142940Z-955296c14fc7.json.gz,1
fda.citations.history,firm:1629180,2010-09-28,2026-09-08T14:29:40Z,label,"Aloe Vera of America, Inc",,fda.citations.history,raw/fda.citations.history/2026/09/20260908T142940Z-955296c14fc7.json.gz,1
fda.citations.history,firm:1641527,2010-09-15,2026-09-08T14:29:40Z,cfr,21 CFR 211.160(b)(4),,fda.citations.history,raw/fda.citations.history/2026/09/20260908T142940Z-955296c14fc7.json.gz,1
fda.citations.history,firm:1641527,2010-09-15,2026-09-08T14:29:40Z,cfr,21 CFR 211.180(e)(2),,fda.citations.history,raw/fda.citations.history/2026/09/20260908T142940Z-955296c14fc7.json.gz,1
fda.citations.history,firm:1641527,2010-09-15,2026-09-08T14:29:40Z,cfr,21 CFR 211.186(a),,fda.citations.history,raw/fda.citations.history/2026/09/20260908T142940Z-955296c14fc7.json.gz,1
fda.citations.history,firm:1641527,2010-09-15,2026-09-08T14:29:40Z,cfr,21 CFR 211.25(a),,fda.citations.history,raw/fda.citations.history/2026/09/20260908T142940Z-955296c14fc7.json.gz,1
fda.citations.history,firm:1641527,2010-09-15,2026-09-08T14:29:40Z,cfr_part,211,part,fda.citations.history,raw/fda.citations.history/2026/09/20260908T142940Z-955296c14fc7.json.gz,1
fda.citations.history,firm:1641527,2010-09-15,2026-09-08T14:29:40Z,citation,1,count,fda.citations.history,raw/fda.citations.history/2026/09/20260908T142940Z-955296c14fc7.json.gz,1
fda.citations.history,firm:1641527,2010-09-15,2026-09-08T14:29:40Z,citation_topic,"Calibration - at intervals, written program, remedial action",,fda.citations.history,raw/fda.citations.history/2026/09/20260908T142940Z-955296c14fc7.json.gz,1
fda.citations.history,firm:1641527,2010-09-15,2026-09-08T14:29:40Z,citation_topic,Items to cover on annual reviews,,fda.citations.history,raw/fda.citations.history/2026/09/20260908T142940Z-955296c14fc7.json.gz,1
fda.citations.history,firm:1641527,2010-09-15,2026-09-08T14:29:40Z,citation_topic,Signature and checking of records -- 2 persons,,fda.citations.history,raw/fda.citations.history/2026/09/20260908T142940Z-955296c14fc7.json.gz,1
fda.citations.history,firm:1641527,2010-09-15,2026-09-08T14:29:40Z,citation_topic,"Training , Education , Experience overall",,fda.citations.history,raw/fda.citations.history/2026/09/20260908T142940Z-955296c14fc7.json.gz,1
fda.citations.history,firm:1641527,2010-09-15,2026-09-08T14:29:40Z,firm_key,PHYSICIANS TOTAL CARE,,fda.citations.history,raw/fda.citations.history/2026/09/20260908T142940Z-955296c14fc7.json.gz,1
fda.citations.history,firm:1641527,2010-09-15,2026-09-08T14:29:40Z,is_gmp,1,bool,fda.citations.history,raw/fda.citations.history/2026/09/20260908T142940Z-955296c14fc7.json.gz,1
fda.citations.history,firm:1641527,2010-09-15,2026-09-08T14:29:40Z,label,"Physicians Total Care, Inc.",,fda.citations.history,raw/fda.citations.history/2026/09/20260908T142940Z-955296c14fc7.json.gz,1
fda.citations.history,firm:1643333,2010-09-24,2026-09-08T14:29:40Z,cfr,21 CFR 211.110(a),,fda.citations.history,raw/fda.citations.history/2026/09/20260908T142940Z-955296c14fc7.json.gz,1
fda.citations.history,firm:1643333,2010-09-24,2026-09-08T14:29:40Z,cfr,21 CFR 211.122(a),,fda.citations.history,raw/fda.citations.history/2026/09/20260908T142940Z-955296c14fc7.json.gz,1
fda.citations.history,firm:1643333,2010-09-24,2026-09-08T14:29:40Z,cfr,21 CFR 211.22(a),,fda.citations.history,raw/fda.citations.history/2026/09/20260908T142940Z-955296c14fc7.json.gz,1
fda.citations.history,firm:1643333,2010-09-24,2026-09-08T14:29:40Z,cfr,21 CFR 211.25(a),,fda.citations.history,raw/fda.citations.history/2026/09/20260908T142940Z-955296c14fc7.json.gz,1
fda.citations.history,firm:1643333,2010-09-24,2026-09-08T14:29:40Z,cfr,21 CFR 211.42(c),,fda.citations.history,raw/fda.citations.history/2026/09/20260908T142940Z-955296c14fc7.json.gz,1
fda.citations.history,firm:1643333,2010-09-24,2026-09-08T14:29:40Z,cfr_part,211,part,fda.citations.history,raw/fda.citations.history/2026/09/20260908T142940Z-955296c14fc7.json.gz,1
fda.citations.history,firm:1643333,2010-09-24,2026-09-08T14:29:40Z,citation,1,count,fda.citations.history,raw/fda.citations.history/2026/09/20260908T142940Z-955296c14fc7.json.gz,1
fda.citations.history,firm:1643333,2010-09-24,2026-09-08T14:29:40Z,citation_topic,Control procedures to monitor and validate performance,,fda.citations.history,raw/fda.citations.history/2026/09/20260908T142940Z-955296c14fc7.json.gz,1
fda.citations.history,firm:1643333,2010-09-24,2026-09-08T14:29:40Z,citation_topic,Defined areas of adequate size for operations,,fda.citations.history,raw/fda.citations.history/2026/09/20260908T142940Z-955296c14fc7.json.gz,1
fda.citations.history,firm:1643333,2010-09-24,2026-09-08T14:29:40Z,citation_topic,GMP Training Frequency,,fda.citations.history,raw/fda.citations.history/2026/09/20260908T142940Z-955296c14fc7.json.gz,1
fda.citations.history,firm:1643333,2010-09-24,2026-09-08T14:29:40Z,citation_topic,Lack of quality control unit,,fda.citations.history,raw/fda.citations.history/2026/09/20260908T142940Z-955296c14fc7.json.gz,1
fda.citations.history,firm:1643333,2010-09-24,2026-09-08T14:29:40Z,citation_topic,"Training , Education , Experience overall",,fda.citations.history,raw/fda.citations.history/2026/09/20260908T142940Z-955296c14fc7.json.gz,1
fda.citations.history,firm:1643333,2010-09-24,2026-09-08T14:29:40Z,citation_topic,Written procedures describing in detail,,fda.citations.history,raw/fda.citations.history/2026/09/20260908T142940Z-955296c14fc7.json.gz,1
fda.citations.history,firm:1643333,2010-09-24,2026-09-08T14:29:40Z,firm_key,SAN ANTONIO EXTENDED MEDICAL CARE,,fda.citations.history,raw/fda.citations.history/2026/09/20260908T142940Z-955296c14fc7.json.gz,1
fda.citations.history,firm:1643333,2010-09-24,2026-09-08T14:29:40Z,is_gmp,1,bool,fda.citations.history,raw/fda.citations.history/2026/09/20260908T142940Z-955296c14fc7.json.gz,1
fda.citations.history,firm:1643333,2010-09-24,2026-09-08T14:29:40Z,label,"San Antonio Extended Medical Care, Inc",,fda.citations.history,raw/fda.citations.history/2026/09/20260908T142940Z-955296c14fc7.json.gz,1
fda.citations.history,firm:1819470,2010-09-03,2026-09-08T14:29:40Z,cfr,21 CFR 314.80(c)(1)(i),,fda.citations.history,raw/fda.citations.history/2026/09/20260908T142940Z-955296c14fc7.json.gz,1
fda.citations.history,firm:1819470,2010-09-03,2026-09-08T14:29:40Z,cfr_part,314,part,fda.citations.history,raw/fda.citations.history/2026/09/20260908T142940Z-955296c14fc7.json.gz,1
fda.citations.history,firm:1819470,2010-09-03,2026-09-08T14:29:40Z,citation,1,count,fda.citations.history,raw/fda.citations.history/2026/09/20260908T142940Z-955296c14fc7.json.gz,1
fda.citations.history,firm:1819470,2010-09-03,2026-09-08T14:29:40Z,citation_topic,Late submission of 15-day report,,fda.citations.history,raw/fda.citations.history/2026/09/20260908T142940Z-955296c14fc7.json.gz,1
fda.citations.history,firm:1819470,2010-09-03,2026-09-08T14:29:40Z,firm_key,ELI LILLY,,fda.citations.history,raw/fda.citations.history/2026/09/20260908T142940Z-955296c14fc7.json.gz,1
fda.citations.history,firm:1819470,2010-09-03,2026-09-08T14:29:40Z,is_gmp,0,bool,fda.citations.history,raw/fda.citations.history/2026/09/20260908T142940Z-955296c14fc7.json.gz,1
fda.citations.history,firm:1819470,2010-09-03,2026-09-08T14:29:40Z,label,Eli Lilly & Company,,fda.citations.history,raw/fda.citations.history/2026/09/20260908T142940Z-955296c14fc7.json.gz,1
fda.citations.history,firm:1927976,2010-09-22,2026-09-08T14:29:40Z,cfr,21 CFR 211.160(b),,fda.citations.history,raw/fda.citations.history/2026/09/20260908T142940Z-955296c14fc7.json.gz,1
fda.citations.history,firm:1927976,2010-09-22,2026-09-08T14:29:40Z,cfr,21 CFR 211.192,,fda.citations.history,raw/fda.citations.history/2026/09/20260908T142940Z-955296c14fc7.json.gz,1
fda.citations.history,firm:1927976,2010-09-22,2026-09-08T14:29:40Z,cfr,21 CFR 211.194(a)(2),,fda.citations.history,raw/fda.citations.history/2026/09/20260908T142940Z-955296c14fc7.json.gz,1
fda.citations.history,firm:1927976,2010-09-22,2026-09-08T14:29:40Z,cfr,21 CFR 211.194(c),,fda.citations.history,raw/fda.citations.history/2026/09/20260908T142940Z-955296c14fc7.json.gz,1
fda.citations.history,firm:1927976,2010-09-22,2026-09-08T14:29:40Z,cfr,21 CFR 211.22(d),,fda.citations.history,raw/fda.citations.history/2026/09/20260908T142940Z-955296c14fc7.json.gz,1
fda.citations.history,firm:1927976,2010-09-22,2026-09-08T14:29:40Z,cfr_part,211,part,fda.citations.history,raw/fda.citations.history/2026/09/20260908T142940Z-955296c14fc7.json.gz,1
fda.citations.history,firm:1927976,2010-09-22,2026-09-08T14:29:40Z,citation,1,count,fda.citations.history,raw/fda.citations.history/2026/09/20260908T142940Z-955296c14fc7.json.gz,1
fda.citations.history,firm:1927976,2010-09-22,2026-09-08T14:29:40Z,citation_topic,No written record of investigation,,fda.citations.history,raw/fda.citations.history/2026/09/20260908T142940Z-955296c14fc7.json.gz,1
fda.citations.history,firm:1927976,2010-09-22,2026-09-08T14:29:40Z,citation_topic,"Procedures not  in writing, fully followed",,fda.citations.history,raw/fda.citations.history/2026/09/20260908T142940Z-955296c14fc7.json.gz,1
fda.citations.history,firm:1927976,2010-09-22,2026-09-08T14:29:40Z,citation_topic,Scientifically sound laboratory controls,,fda.citations.history,raw/fda.citations.history/2026/09/20260908T142940Z-955296c14fc7.json.gz,1
fda.citations.history,firm:1927976,2010-09-22,2026-09-08T14:29:40Z,citation_topic,Suitability of testing methods verified,,fda.citations.history,raw/fda.citations.history/2026/09/20260908T142940Z-955296c14fc7.json.gz,1
fda.citations.history,firm:1927976,2010-09-22,2026-09-08T14:29:40Z,citation_topic,Testing and standardization of standards et. al.,,fda.citations.history,raw/fda.citations.history/2026/09/20260908T142940Z-955296c14fc7.json.gz,1
fda.citations.history,firm:1927976,2010-09-22,2026-09-08T14:29:40Z,firm_key,PARADOX,,fda.citations.history,raw/fda.citations.history/2026/09/20260908T142940Z-955296c14fc7.json.gz,1
fda.citations.history,firm:1927976,2010-09-22,2026-09-08T14:29:40Z,is_gmp,1,bool,fda.citations.history,raw/fda.citations.history/2026/09/20260908T142940Z-955296c14fc7.json.gz,1
fda.citations.history,firm:1927976,2010-09-22,2026-09-08T14:29:40Z,label,Paradox Inc,,fda.citations.history,raw/fda.citations.history/2026/09/20260908T142940Z-955296c14fc7.json.gz,1
fda.citations.history,firm:1937898,2010-09-08,2026-09-08T14:29:40Z,cfr,21 CFR 211.103,,fda.citations.history,raw/fda.citations.history/2026/09/20260908T142940Z-955296c14fc7.json.gz,1
fda.citations.history,firm:1937898,2010-09-08,2026-09-08T14:29:40Z,cfr,21 CFR 211.122(a),,fda.citations.history,raw/fda.citations.history/2026/09/20260908T142940Z-955296c14fc7.json.gz,1
fda.citations.history,firm:1937898,2010-09-08,2026-09-08T14:29:40Z,cfr,21 CFR 211.186(a),,fda.citations.history,raw/fda.citations.history/2026/09/20260908T142940Z-955296c14fc7.json.gz,1
fda.citations.history,firm:1937898,2010-09-08,2026-09-08T14:29:40Z,cfr_part,211,part,fda.citations.history,raw/fda.citations.history/2026/09/20260908T142940Z-955296c14fc7.json.gz,1
fda.citations.history,firm:1937898,2010-09-08,2026-09-08T14:29:40Z,citation,1,count,fda.citations.history,raw/fda.citations.history/2026/09/20260908T142940Z-955296c14fc7.json.gz,1
fda.citations.history,firm:1937898,2010-09-08,2026-09-08T14:29:40Z,citation_topic,Actual vs. theoretical yields not determined,,fda.citations.history,raw/fda.citations.history/2026/09/20260908T142940Z-955296c14fc7.json.gz,1
fda.citations.history,firm:1937898,2010-09-08,2026-09-08T14:29:40Z,citation_topic,Sampling/testing of labeling/packaging materials,,fda.citations.history,raw/fda.citations.history/2026/09/20260908T142940Z-955296c14fc7.json.gz,1
fda.citations.history,firm:1937898,2010-09-08,2026-09-08T14:29:40Z,citation_topic,Signature and checking of records -- 2 persons,,fda.citations.history,raw/fda.citations.history/2026/09/20260908T142940Z-955296c14fc7.json.gz,1
fda.citations.history,firm:1937898,2010-09-08,2026-09-08T14:29:40Z,firm_key,GENVENTURES,,fda.citations.history,raw/fda.citations.history/2026/09/20260908T142940Z-955296c14fc7.json.gz,1
fda.citations.history,firm:1937898,2010-09-08,2026-09-08T14:29:40Z,is_gmp,1,bool,fda.citations.history,raw/fda.citations.history/2026/09/20260908T142940Z-955296c14fc7.json.gz,1
fda.citations.history,firm:1937898,2010-09-08,2026-09-08T14:29:40Z,label,"GenVentures, Inc.",,fda.citations.history,raw/fda.citations.history/2026/09/20260908T142940Z-955296c14fc7.json.gz,1
fda.citations.history,firm:2013383,2010-09-20,2026-09-08T14:29:40Z,cfr,21 CFR 211.192,,fda.citations.history,raw/fda.citations.history/2026/09/20260908T142940Z-955296c14fc7.json.gz,1
fda.citations.history,firm:2013383,2010-09-20,2026-09-08T14:29:40Z,cfr_part,211,part,fda.citations.history,raw/fda.citations.history/2026/09/20260908T142940Z-955296c14fc7.json.gz,1
fda.citations.history,firm:2013383,2010-09-20,2026-09-08T14:29:40Z,citation,1,count,fda.citations.history,raw/fda.citations.history/2026/09/20260908T142940Z-955296c14fc7.json.gz,1
fda.citations.history,firm:2013383,2010-09-20,2026-09-08T14:29:40Z,citation_topic,"Investigations of discrepancies, failures",,fda.citations.history,raw/fda.citations.history/2026/09/20260908T142940Z-955296c14fc7.json.gz,1
fda.citations.history,firm:2013383,2010-09-20,2026-09-08T14:29:40Z,firm_key,MERLE NORMAN COSMETICS,,fda.citations.history,raw/fda.citations.history/2026/09/20260908T142940Z-955296c14fc7.json.gz,1
fda.citations.history,firm:2013383,2010-09-20,2026-09-08T14:29:40Z,is_gmp,1,bool,fda.citations.history,raw/fda.citations.history/2026/09/20260908T142940Z-955296c14fc7.json.gz,1
fda.citations.history,firm:2013383,2010-09-20,2026-09-08T14:29:40Z,label,"Merle Norman Cosmetics, Inc.",,fda.citations.history,raw/fda.citations.history/2026/09/20260908T142940Z-955296c14fc7.json.gz,1
fda.citations.history,firm:2016608,2010-09-27,2026-09-08T14:29:40Z,cfr,21 CFR 211.100(a),,fda.citations.history,raw/fda.citations.history/2026/09/20260908T142940Z-955296c14fc7.json.gz,1
fda.citations.history,firm:2016608,2010-09-27,2026-09-08T14:29:40Z,cfr,21 CFR 211.160(b)(4),,fda.citations.history,raw/fda.citations.history/2026/09/20260908T142940Z-955296c14fc7.json.gz,1
fda.citations.history,firm:2016608,2010-09-27,2026-09-08T14:29:40Z,cfr,21 CFR 211.165(b),,fda.citations.history,raw/fda.citations.history/2026/09/20260908T142940Z-955296c14fc7.json.gz,1
fda.citations.history,firm:2016608,2010-09-27,2026-09-08T14:29:40Z,cfr,21 CFR 211.166(a)(2),,fda.citations.history,raw/fda.citations.history/2026/09/20260908T142940Z-955296c14fc7.json.gz,1
fda.citations.history,firm:2016608,2010-09-27,2026-09-08T14:29:40Z,cfr,21 CFR 211.166(b),,fda.citations.history,raw/fda.citations.history/2026/09/20260908T142940Z-955296c14fc7.json.gz,1
fda.citations.history,firm:2016608,2010-09-27,2026-09-08T14:29:40Z,cfr,21 CFR 211.22(a),,fda.citations.history,raw/fda.citations.history/2026/09/20260908T142940Z-955296c14fc7.json.gz,1
fda.citations.history,firm:2016608,2010-09-27,2026-09-08T14:29:40Z,cfr,21 CFR 211.63,,fda.citations.history,raw/fda.citations.history/2026/09/20260908T142940Z-955296c14fc7.json.gz,1
fda.citations.history,firm:2016608,2010-09-27,2026-09-08T14:29:40Z,cfr,21 CFR 211.67(a),,fda.citations.history,raw/fda.citations.history/2026/09/20260908T142940Z-955296c14fc7.json.gz,1
fda.citations.history,firm:2016608,2010-09-27,2026-09-08T14:29:40Z,cfr,21 CFR 211.68(b),,fda.citations.history,raw/fda.citations.history/2026/09/20260908T142940Z-955296c14fc7.json.gz,1
fda.citations.history,firm:2016608,2010-09-27,2026-09-08T14:29:40Z,cfr_part,211,part,fda.citations.history,raw/fda.citations.history/2026/09/20260908T142940Z-955296c14fc7.json.gz,1
fda.citations.history,firm:2016608,2010-09-27,2026-09-08T14:29:40Z,citation,1,count,fda.citations.history,raw/fda.citations.history/2026/09/20260908T142940Z-955296c14fc7.json.gz,1
fda.citations.history,firm:2016608,2010-09-27,2026-09-08T14:29:40Z,citation_topic,Absence of Written Procedures,,fda.citations.history,raw/fda.citations.history/2026/09/20260908T142940Z-955296c14fc7.json.gz,1
fda.citations.history,firm:2016608,2010-09-27,2026-09-08T14:29:40Z,citation_topic,"Approve or reject components, products",,fda.citations.history,raw/fda.citations.history/2026/09/20260908T142940Z-955296c14fc7.json.gz,1
fda.citations.history,firm:2016608,2010-09-27,2026-09-08T14:29:40Z,citation_topic,Backup file not maintained,,fda.citations.history,raw/fda.citations.history/2026/09/20260908T142940Z-955296c14fc7.json.gz,1
fda.citations.history,firm:2016608,2010-09-27,2026-09-08T14:29:40Z,citation_topic,"Calibration - at intervals, written program, remedial action",,fda.citations.history,raw/fda.citations.history/2026/09/20260908T142940Z-955296c14fc7.json.gz,1
fda.citations.history,firm:2016608,2010-09-27,2026-09-08T14:29:40Z,citation_topic,Cleaning / Sanitizing / Maintenance,,fda.citations.history,raw/fda.citations.history/2026/09/20260908T142940Z-955296c14fc7.json.gz,1
fda.citations.history,firm:2016608,2010-09-27,2026-09-08T14:29:40Z,citation_topic,Computer control of master formula records,,fda.citations.history,raw/fda.citations.history/2026/09/20260908T142940Z-955296c14fc7.json.gz,1
fda.citations.history,firm:2016608,2010-09-27,2026-09-08T14:29:40Z,citation_topic,"Equipment Design, Size and Location",,fda.citations.history,raw/fda.citations.history/2026/09/20260908T142940Z-955296c14fc7.json.gz,1
fda.citations.history,firm:2016608,2010-09-27,2026-09-08T14:29:40Z,citation_topic,Microbiological testing,,fda.citations.history,raw/fda.citations.history/2026/09/20260908T142940Z-955296c14fc7.json.gz,1
fda.citations.history,firm:2016608,2010-09-27,2026-09-08T14:29:40Z,citation_topic,Stability sample storage conditions described,,fda.citations.history,raw/fda.citations.history/2026/09/20260908T142940Z-955296c14fc7.json.gz,1
fda.citations.history,firm:2016608,2010-09-27,2026-09-08T14:29:40Z,citation_topic,Tentative expiration date,,fda.citations.history,raw/fda.citations.history/2026/09/20260908T142940Z-955296c14fc7.json.gz,1
fda.citations.history,firm:2016608,2010-09-27,2026-09-08T14:29:40Z,firm_key,LEE,,fda.citations.history,raw/fda.citations.history/2026/09/20260908T142940Z-955296c14fc7.json.gz,1
fda.citations.history,firm:2016608,2010-09-27,2026-09-08T14:29:40Z,is_gmp,1,bool,fda.citations.history,raw/fda.citations.history/2026/09/20260908T142940Z-955296c14fc7.json.gz,1
fda.citations.history,firm:2016608,2010-09-27,2026-09-08T14:29:40Z,label,"Lee Pharmaceuticals, Inc",,fda.citations.history,raw/fda.citations.history/2026/09/20260908T142940Z-955296c14fc7.json.gz,1
fda.citations.history,firm:2244008,2010-09-23,2026-09-08T14:29:40Z,cfr,21 CFR 211.100(b),,fda.citations.history,raw/fda.citations.history/2026/09/20260908T142940Z-955296c14fc7.json.gz,1
fda.citations.history,firm:2244008,2010-09-23,2026-09-08T14:29:40Z,cfr,21 CFR 211.110(a),,fda.citations.history,raw/fda.citations.history/2026/09/20260908T142940Z-955296c14fc7.json.gz,1
fda.citations.history,firm:2244008,2010-09-23,2026-09-08T14:29:40Z,cfr,21 CFR 211.180(e)(1),,fda.citations.history,raw/fda.citations.history/2026/09/20260908T142940Z-955296c14fc7.json.gz,1
fda.citations.history,firm:2244008,2010-09-23,2026-09-08T14:29:40Z,cfr,21 CFR 211.186(a),,fda.citations.history,raw/fda.citations.history/2026/09/20260908T142940Z-955296c14fc7.json.gz,1
fda.citations.history,firm:2244008,2010-09-23,2026-09-08T14:29:40Z,cfr,21 CFR 211.186(b)(4),,fda.citations.history,raw/fda.citations.history/2026/09/20260908T142940Z-955296c14fc7.json.gz,1
fda.citations.history,firm:2244008,2010-09-23,2026-09-08T14:29:40Z,cfr,21 CFR 211.186(b)(7),,fda.citations.history,raw/fda.citations.history/2026/09/20260908T142940Z-955296c14fc7.json.gz,1
fda.citations.history,firm:2244008,2010-09-23,2026-09-08T14:29:40Z,cfr,21 CFR 211.186(b)(8),,fda.citations.history,raw/fda.citations.history/2026/09/20260908T142940Z-955296c14fc7.json.gz,1
fda.citations.history,firm:2244008,2010-09-23,2026-09-08T14:29:40Z,cfr,21 CFR 211.192,,fda.citations.history,raw/fda.citations.history/2026/09/20260908T142940Z-955296c14fc7.json.gz,1
fda.citations.history,firm:2244008,2010-09-23,2026-09-08T14:29:40Z,cfr,21 CFR 211.25(a),,fda.citations.history,raw/fda.citations.history/2026/09/20260908T142940Z-955296c14fc7.json.gz,1
fda.citations.history,firm:2244008,2010-09-23,2026-09-08T14:29:40Z,cfr,21 CFR 211.42(c)(1),,fda.citations.history,raw/fda.citations.history/2026/09/20260908T142940Z-955296c14fc7.json.gz,1
fda.citations.history,firm:2244008,2010-09-23,2026-09-08T14:29:40Z,cfr,21 CFR 211.67(b),,fda.citations.history,raw/fda.citations.history/2026/09/20260908T142940Z-955296c14fc7.json.gz,1
fda.citations.history,firm:2244008,2010-09-23,2026-09-08T14:29:40Z,cfr,21 CFR 211.80(a),,fda.citations.history,raw/fda.citations.history/2026/09/20260908T142940Z-955296c14fc7.json.gz,1
fda.citations.history,firm:2244008,2010-09-23,2026-09-08T14:29:40Z,cfr,21 CFR 211.84(c)(5),,fda.citations.history,raw/fda.citations.history/2026/09/20260908T142940Z-955296c14fc7.json.gz,1
fda.citations.history,firm:2244008,2010-09-23,2026-09-08T14:29:40Z,cfr,21 CFR 211.84(c)(6),,fda.citations.history,raw/fda.citations.history/2026/09/20260908T142940Z-955296c14fc7.json.gz,1
fda.citations.history,firm:2244008,2010-09-23,2026-09-08T14:29:40Z,cfr,21 CFR 211.84(d)(2),,fda.citations.history,raw/fda.citations.history/2026/09/20260908T142940Z-955296c14fc7.json.gz,1
fda.citations.history,firm:2244008,2010-09-23,2026-09-08T14:29:40Z,cfr_part,211,part,fda.citations.history,raw/fda.citations.history/2026/09/20260908T142940Z-955296c14fc7.json.gz,1
fda.citations.history,firm:2244008,2010-09-23,2026-09-08T14:29:40Z,citation,1,count,fda.citations.history,raw/fda.citations.history/2026/09/20260908T142940Z-955296c14fc7.json.gz,1
fda.citations.history,firm:2244008,2010-09-23,2026-09-08T14:29:40Z,citation_topic,Control procedures to monitor and validate performance,,fda.citations.history,raw/fda.citations.history/2026/09/20260908T142940Z-955296c14fc7.json.gz,1
fda.citations.history,firm:2244008,2010-09-23,2026-09-08T14:29:40Z,citation_topic,"Description of containers, labels, et. al.",,fda.citations.history,raw/fda.citations.history/2026/09/20260908T142940Z-955296c14fc7.json.gz,1
fda.citations.history,firm:2244008,2010-09-23,2026-09-08T14:29:40Z,citation_topic,GMP Training Frequency,,fda.citations.history,raw/fda.citations.history/2026/09/20260908T142940Z-955296c14fc7.json.gz,1
fda.citations.history,firm:2244008,2010-09-23,2026-09-08T14:29:40Z,citation_topic,Identifying Containers Sampled,,fda.citations.history,raw/fda.citations.history/2026/09/20260908T142940Z-955296c14fc7.json.gz,1
fda.citations.history,firm:2244008,2010-09-23,2026-09-08T14:29:40Z,citation_topic,Identifying Sample Containers,,fda.citations.history,raw/fda.citations.history/2026/09/20260908T142940Z-955296c14fc7.json.gz,1
fda.citations.history,firm:2244008,2010-09-23,2026-09-08T14:29:40Z,citation_topic,Incoming material area,,fda.citations.history,raw/fda.citations.history/2026/09/20260908T142940Z-955296c14fc7.json.gz,1
fda.citations.history,firm:2244008,2010-09-23,2026-09-08T14:29:40Z,citation_topic,"Investigations of discrepancies, failures",,fda.citations.history,raw/fda.citations.history/2026/09/20260908T142940Z-955296c14fc7.json.gz,1
fda.citations.history,firm:2244008,2010-09-23,2026-09-08T14:29:40Z,citation_topic,Procedures To Be in Writing,,fda.citations.history,raw/fda.citations.history/2026/09/20260908T142940Z-955296c14fc7.json.gz,1
fda.citations.history,firm:2244008,2010-09-23,2026-09-08T14:29:40Z,citation_topic,Reports of Analysis (Components),,fda.citations.history,raw/fda.citations.history/2026/09/20260908T142940Z-955296c14fc7.json.gz,1
fda.citations.history,firm:2244008,2010-09-23,2026-09-08T14:29:40Z,citation_topic,Review of representative number of batches,,fda.citations.history,raw/fda.citations.history/2026/09/20260908T142940Z-955296c14fc7.json.gz,1
fda.citations.history,firm:2244008,2010-09-23,2026-09-08T14:29:40Z,citation_topic,SOPs not followed / documented,,fda.citations.history,raw/fda.citations.history/2026/09/20260908T142940Z-955296c14fc7.json.gz,1
fda.citations.history,firm:2244008,2010-09-23,2026-09-08T14:29:40Z,citation_topic,Theoretical Yield and Percentages,,fda.citations.history,raw/fda.citations.history/2026/09/20260908T142940Z-955296c14fc7.json.gz,1
fda.citations.history,firm:2244008,2010-09-23,2026-09-08T14:29:40Z,citation_topic,Variation in the Amount of Components Used,,fda.citations.history,raw/fda.citations.history/2026/09/20260908T142940Z-955296c14fc7.json.gz,1
fda.citations.history,firm:2244008,2010-09-23,2026-09-08T14:29:40Z,citation_topic,Written procedures followed,,fda.citations.history,raw/fda.citations.history/2026/09/20260908T142940Z-955296c14fc7.json.gz,1
fda.citations.history,firm:2244008,2010-09-23,2026-09-08T14:29:40Z,citation_topic,Written procedures not established/followed,,fda.citations.history,raw/fda.citations.history/2026/09/20260908T142940Z-955296c14fc7.json.gz,1
fda.citations.history,firm:2244008,2010-09-23,2026-09-08T14:29:40Z,firm_key,STRAIGHT ARROW PRODUCTS,,fda.citations.history,raw/fda.citations.history/2026/09/20260908T142940Z-955296c14fc7.json.gz,1
fda.citations.history,firm:2244008,2010-09-23,2026-09-08T14:29:40Z,is_gmp,1,bool,fda.citations.history,raw/fda.citations.history/2026/09/20260908T142940Z-955296c14fc7.json.gz,1
fda.citations.history,firm:2244008,2010-09-23,2026-09-08T14:29:40Z,label,"Straight Arrow Products, Inc.",,fda.citations.history,raw/fda.citations.history/2026/09/20260908T142940Z-955296c14fc7.json.gz,1
fda.citations.history,firm:2245465,2010-09-03,2026-09-08T14:29:40Z,cfr,21 CFR 211.192,,fda.citations.history,raw/fda.citations.history/2026/09/20260908T142940Z-955296c14fc7.json.gz,1
fda.citations.history,firm:2245465,2010-09-03,2026-09-08T14:29:40Z,cfr,21 CFR 211.194(a),,fda.citations.history,raw/fda.citations.history/2026/09/20260908T142940Z-955296c14fc7.json.gz,1
fda.citations.history,firm:2245465,2010-09-03,2026-09-08T14:29:40Z,cfr,21 CFR 211.198(a),,fda.citations.history,raw/fda.citations.history/2026/09/20260908T142940Z-955296c14fc7.json.gz,1
fda.citations.history,firm:2245465,2010-09-03,2026-09-08T14:29:40Z,cfr,21 CFR 211.25(a),,fda.citations.history,raw/fda.citations.history/2026/09/20260908T142940Z-955296c14fc7.json.gz,1
fda.citations.history,firm:2245465,2010-09-03,2026-09-08T14:29:40Z,cfr,21 CFR 211.84(d)(1),,fda.citations.history,raw/fda.citations.history/2026/09/20260908T142940Z-955296c14fc7.json.gz,1
fda.citations.history,firm:2245465,2010-09-03,2026-09-08T14:29:40Z,cfr_part,211,part,fda.citations.history,raw/fda.citations.history/2026/09/20260908T142940Z-955296c14fc7.json.gz,1
fda.citations.history,firm:2245465,2010-09-03,2026-09-08T14:29:40Z,citation,1,count,fda.citations.history,raw/fda.citations.history/2026/09/20260908T142940Z-955296c14fc7.json.gz,1
fda.citations.history,firm:2245465,2010-09-03,2026-09-08T14:29:40Z,citation_topic,Complete test data included in records,,fda.citations.history,raw/fda.citations.history/2026/09/20260908T142940Z-955296c14fc7.json.gz,1
fda.citations.history,firm:2245465,2010-09-03,2026-09-08T14:29:40Z,citation_topic,Identity Testing of Each Component,,fda.citations.history,raw/fda.citations.history/2026/09/20260908T142940Z-955296c14fc7.json.gz,1
fda.citations.history,firm:2245465,2010-09-03,2026-09-08T14:29:40Z,citation_topic,"Investigations of discrepancies, failures",,fda.citations.history,raw/fda.citations.history/2026/09/20260908T142940Z-955296c14fc7.json.gz,1
fda.citations.history,firm:2245465,2010-09-03,2026-09-08T14:29:40Z,citation_topic,Procedures to be written and followed,,fda.citations.history,raw/fda.citations.history/2026/09/20260908T142940Z-955296c14fc7.json.gz,1
fda.citations.history,firm:2245465,2010-09-03,2026-09-08T14:29:40Z,citation_topic,"Training--operations, GMPs, written procedures",,fda.citations.history,raw/fda.citations.history/2026/09/20260908T142940Z-955296c14fc7.json.gz,1
fda.citations.history,firm:2245465,2010-09-03,2026-09-08T14:29:40Z,firm_key,RASI,,fda.citations.history,raw/fda.citations.history/2026/09/20260908T142940Z-955296c14fc7.json.gz,1
fda.citations.history,firm:2245465,2010-09-03,2026-09-08T14:29:40Z,is_gmp,1,bool,fda.citations.history,raw/fda.citations.history/2026/09/20260908T142940Z-955296c14fc7.json.gz,1
fda.citations.history,firm:2245465,2010-09-03,2026-09-08T14:29:40Z,label,"Rasi Laboratories, Inc.",,fda.citations.history,raw/fda.citations.history/2026/09/20260908T142940Z-955296c14fc7.json.gz,1
fda.citations.history,firm:2416082,2010-09-16,2026-09-08T14:29:40Z,cfr,21 CFR 211.130,,fda.citations.history,raw/fda.citations.history/2026/09/20260908T142940Z-955296c14fc7.json.gz,1
fda.citations.history,firm:2416082,2010-09-16,2026-09-08T14:29:40Z,cfr,21 CFR 211.130(e),,fda.citations.history,raw/fda.citations.history/2026/09/20260908T142940Z-955296c14fc7.json.gz,1
fda.citations.history,firm:2416082,2010-09-16,2026-09-08T14:29:40Z,cfr_part,211,part,fda.citations.history,raw/fda.citations.history/2026/09/20260908T142940Z-955296c14fc7.json.gz,1
fda.citations.history,firm:2416082,2010-09-16,2026-09-08T14:29:40Z,citation,1,count,fda.citations.history,raw/fda.citations.history/2026/09/20260908T142940Z-955296c14fc7.json.gz,1
fda.citations.history,firm:2416082,2010-09-16,2026-09-08T14:29:40Z,citation_topic,Packaging line inspection before use,,fda.citations.history,raw/fda.citations.history/2026/09/20260908T142940Z-955296c14fc7.json.gz,1
fda.citations.history,firm:2416082,2010-09-16,2026-09-08T14:29:40Z,citation_topic,"Procedures are written, and followed",,fda.citations.history,raw/fda.citations.history/2026/09/20260908T142940Z-955296c14fc7.json.gz,1
fda.citations.history,firm:2416082,2010-09-16,2026-09-08T14:29:40Z,firm_key,NOVARTIS,,fda.citations.history,raw/fda.citations.history/2026/09/20260908T142940Z-955296c14fc7.json.gz,1
fda.citations.history,firm:2416082,2010-09-16,2026-09-08T14:29:40Z,is_gmp,1,bool,fda.citations.history,raw/fda.citations.history/2026/09/20260908T142940Z-955296c14fc7.json.gz,1
fda.citations.history,firm:2416082,2010-09-16,2026-09-08T14:29:40Z,label,Novartis Pharmaceuticals Corp.,,fda.citations.history,raw/fda.citations.history/2026/09/20260908T142940Z-955296c14fc7.json.gz,1
fda.citations.history,firm:2472069,2010-09-30,2026-09-08T14:29:40Z,cfr,21 CFR 211.100(a),,fda.citations.history,raw/fda.citations.history/2026/09/20260908T142940Z-955296c14fc7.json.gz,1
fda.citations.history,firm:2472069,2010-09-30,2026-09-08T14:29:40Z,cfr,21 CFR 211.125(a),,fda.citations.history,raw/fda.citations.history/2026/09/20260908T142940Z-955296c14fc7.json.gz,1
fda.citations.history,firm:2472069,2010-09-30,2026-09-08T14:29:40Z,cfr_part,211,part,fda.citations.history,raw/fda.citations.history/2026/09/20260908T142940Z-955296c14fc7.json.gz,1
fda.citations.history,firm:2472069,2010-09-30,2026-09-08T14:29:40Z,citation,1,count,fda.citations.history,raw/fda.citations.history/2026/09/20260908T142940Z-955296c14fc7.json.gz,1
fda.citations.history,firm:2472069,2010-09-30,2026-09-08T14:29:40Z,citation_topic,Approval and review of procedures,,fda.citations.history,raw/fda.citations.history/2026/09/20260908T142940Z-955296c14fc7.json.gz,1
fda.citations.history,firm:2472069,2010-09-30,2026-09-08T14:29:40Z,citation_topic,Strict control not exercised over labeling issued,,fda.citations.history,raw/fda.citations.history/2026/09/20260908T142940Z-955296c14fc7.json.gz,1
fda.citations.history,firm:2472069,2010-09-30,2026-09-08T14:29:40Z,firm_key,ELMHURST HOSPITAL CENTER,,fda.citations.history,raw/fda.citations.history/2026/09/20260908T142940Z-955296c14fc7.json.gz,1
fda.citations.history,firm:2472069,2010-09-30,2026-09-08T14:29:40Z,is_gmp,1,bool,fda.citations.history,raw/fda.citations.history/2026/09/20260908T142940Z-955296c14fc7.json.gz,1
fda.citations.history,firm:2472069,2010-09-30,2026-09-08T14:29:40Z,label,Elmhurst Hospital Center,,fda.citations.history,raw/fda.citations.history/2026/09/20260908T142940Z-955296c14fc7.json.gz,1
fda.citations.history,firm:2513291,2010-09-07,2026-09-08T14:29:40Z,cfr,21 CFR 211.160(b)(4),,fda.citations.history,raw/fda.citations.history/2026/09/20260908T142940Z-955296c14fc7.json.gz,1
fda.citations.history,firm:2513291,2010-09-07,2026-09-08T14:29:40Z,cfr_part,211,part,fda.citations.history,raw/fda.citations.history/2026/09/20260908T142940Z-955296c14fc7.json.gz,1
fda.citations.history,firm:2513291,2010-09-07,2026-09-08T14:29:40Z,citation,1,count,fda.citations.history,raw/fda.citations.history/2026/09/20260908T142940Z-955296c14fc7.json.gz,1
fda.citations.history,firm:2513291,2010-09-07,2026-09-08T14:29:40Z,citation_topic,"Calibration - at intervals, written program, remedial action",,fda.citations.history,raw/fda.citations.history/2026/09/20260908T142940Z-955296c14fc7.json.gz,1
fda.citations.history,firm:2513291,2010-09-07,2026-09-08T14:29:40Z,firm_key,EUROFINS LANCASTER,,fda.citations.history,raw/fda.citations.history/2026/09/20260908T142940Z-955296c14fc7.json.gz,1
fda.citations.history,firm:2513291,2010-09-07,2026-09-08T14:29:40Z,is_gmp,1,bool,fda.citations.history,raw/fda.citations.history/2026/09/20260908T142940Z-955296c14fc7.json.gz,1
fda.citations.history,firm:2513291,2010-09-07,2026-09-08T14:29:40Z,label,"Eurofins Lancaster Laboratories, LLC",,fda.citations.history,raw/fda.citations.history/2026/09/20260908T142940Z-955296c14fc7.json.gz,1
fda.citations.history,firm:2529074,2010-09-16,2026-09-08T14:29:40Z,cfr,21 CFR 211.142(a),,fda.citations.history,raw/fda.citations.history/2026/09/20260908T142940Z-955296c14fc7.json.gz,1
fda.citations.history,firm:2529074,2010-09-16,2026-09-08T14:29:40Z,cfr,21 CFR 211.192,,fda.citations.history,raw/fda.citations.history/2026/09/20260908T142940Z-955296c14fc7.json.gz,1
fda.citations.history,firm:2529074,2010-09-16,2026-09-08T14:29:40Z,cfr,21 CFR 211.22(d),,fda.citations.history,raw/fda.citations.history/2026/09/20260908T142940Z-955296c14fc7.json.gz,1
fda.citations.history,firm:2529074,2010-09-16,2026-09-08T14:29:40Z,cfr_part,211,part,fda.citations.history,raw/fda.citations.history/2026/09/20260908T142940Z-955296c14fc7.json.gz,1
fda.citations.history,firm:2529074,2010-09-16,2026-09-08T14:29:40Z,citation,1,count,fda.citations.history,raw/fda.citations.history/2026/09/20260908T142940Z-955296c14fc7.json.gz,1
fda.citations.history,firm:2529074,2010-09-16,2026-09-08T14:29:40Z,citation_topic,"Procedures not  in writing, fully followed",,fda.citations.history,raw/fda.citations.history/2026/09/20260908T142940Z-955296c14fc7.json.gz,1
fda.citations.history,firm:2529074,2010-09-16,2026-09-08T14:29:40Z,citation_topic,Quality control unit review of records,,fda.citations.history,raw/fda.citations.history/2026/09/20260908T142940Z-955296c14fc7.json.gz,1
fda.citations.history,firm:2529074,2010-09-16,2026-09-08T14:29:40Z,citation_topic,Quarantine - actual practice,,fda.citations.history,raw/fda.citations.history/2026/09/20260908T142940Z-955296c14fc7.json.gz,1
fda.citations.history,firm:2529074,2010-09-16,2026-09-08T14:29:40Z,firm_key,SKY OXYGEN,,fda.citations.history,raw/fda.citations.history/2026/09/20260908T142940Z-955296c14fc7.json.gz,1
fda.citations.history,firm:2529074,2010-09-16,2026-09-08T14:29:40Z,is_gmp,1,bool,fda.citations.history,raw/fda.citations.history/2026/09/20260908T142940Z-955296c14fc7.json.gz,1
fda.citations.history,firm:2529074,2010-09-16,2026-09-08T14:29:40Z,label,"Sky Oxygen, Inc.",,fda.citations.history,raw/fda.citations.history/2026/09/20260908T142940Z-955296c14fc7.json.gz,1
fda.citations.history,firm:2573016,2010-09-24,2026-09-08T14:29:40Z,cfr,21 CFR 211.100(a),,fda.citations.history,raw/fda.citations.history/2026/09/20260908T142940Z-955296c14fc7.json.gz,1
fda.citations.history,firm:2573016,2010-09-24,2026-09-08T14:29:40Z,cfr_part,211,part,fda.citations.history,raw/fda.citations.history/2026/09/20260908T142940Z-955296c14fc7.json.gz,1
fda.citations.history,firm:2573016,2010-09-24,2026-09-08T14:29:40Z,citation,1,count,fda.citations.history,raw/fda.citations.history/2026/09/20260908T142940Z-955296c14fc7.json.gz,1
fda.citations.history,firm:2573016,2010-09-24,2026-09-08T14:29:40Z,citation_topic,Approval and review of procedures,,fda.citations.history,raw/fda.citations.history/2026/09/20260908T142940Z-955296c14fc7.json.gz,1
fda.citations.history,firm:2573016,2010-09-24,2026-09-08T14:29:40Z,firm_key,AMERICAN NATIONAL RED CROSS JOHNSTOWN PA,,fda.citations.history,raw/fda.citations.history/2026/09/20260908T142940Z-955296c14fc7.json.gz,1
fda.citations.history,firm:2573016,2010-09-24,2026-09-08T14:29:40Z,is_gmp,1,bool,fda.citations.history,raw/fda.citations.history/2026/09/20260908T142940Z-955296c14fc7.json.gz,1
fda.citations.history,firm:2573016,2010-09-24,2026-09-08T14:29:40Z,label,"American National Red Cross - Johnstown, PA",,fda.citations.history,raw/fda.citations.history/2026/09/20260908T142940Z-955296c14fc7.json.gz,1
fda.citations.history,firm:2619243,2010-09-23,2026-09-08T14:29:40Z,cfr,21 CFR 211.125(a),,fda.citations.history,raw/fda.citations.history/2026/09/20260908T142940Z-955296c14fc7.json.gz,1
fda.citations.history,firm:2619243,2010-09-23,2026-09-08T14:29:40Z,cfr,21 CFR 211.67(a),,fda.citations.history,raw/fda.citations.history/2026/09/20260908T142940Z-955296c14fc7.json.gz,1
fda.citations.history,firm:2619243,2010-09-23,2026-09-08T14:29:40Z,cfr_part,211,part,fda.citations.history,raw/fda.citations.history/2026/09/20260908T142940Z-955296c14fc7.json.gz,1
fda.citations.history,firm:2619243,2010-09-23,2026-09-08T14:29:40Z,citation,1,count,fda.citations.history,raw/fda.citations.history/2026/09/20260908T142940Z-955296c14fc7.json.gz,1
fda.citations.history,firm:2619243,2010-09-23,2026-09-08T14:29:40Z,citation_topic,Cleaning / Sanitizing / Maintenance,,fda.citations.history,raw/fda.citations.history/2026/09/20260908T142940Z-955296c14fc7.json.gz,1
fda.citations.history,firm:2619243,2010-09-23,2026-09-08T14:29:40Z,citation_topic,Strict control not exercised over labeling issued,,fda.citations.history,raw/fda.citations.history/2026/09/20260908T142940Z-955296c14fc7.json.gz,1
fda.citations.history,firm:2619243,2010-09-23,2026-09-08T14:29:40Z,firm_key,LILLY DEL CARIBE,,fda.citations.history,raw/fda.citations.history/2026/09/20260908T142940Z-955296c14fc7.json.gz,1
fda.citations.history,firm:2619243,2010-09-23,2026-09-08T14:29:40Z,is_gmp,1,bool,fda.citations.history,raw/fda.citations.history/2026/09/20260908T142940Z-955296c14fc7.json.gz,1
fda.citations.history,firm:2619243,2010-09-23,2026-09-08T14:29:40Z,label,"Lilly del Caribe, Inc",,fda.citations.history,raw/fda.citations.history/2026/09/20260908T142940Z-955296c14fc7.json.gz,1
fda.citations.history,firm:3000206585,2010-09-10,2026-09-08T14:29:40Z,cfr,21 CFR 314.80(c)(1)(iii),,fda.citations.history,raw/fda.citations.history/2026/09/20260908T142940Z-955296c14fc7.json.gz,1
fda.citations.history,firm:3000206585,2010-09-10,2026-09-08T14:29:40Z,cfr_part,314,part,fda.citations.history,raw/fda.citations.history/2026/09/20260908T142940Z-955296c14fc7.json.gz,1
fda.citations.history,firm:3000206585,2010-09-10,2026-09-08T14:29:40Z,citation,1,count,fda.citations.history,raw/fda.citations.history/2026/09/20260908T142940Z-955296c14fc7.json.gz,1
fda.citations.history,firm:3000206585,2010-09-10,2026-09-08T14:29:40Z,citation_topic,Non-applicant reports to applicant,,fda.citations.history,raw/fda.citations.history/2026/09/20260908T142940Z-955296c14fc7.json.gz,1
fda.citations.history,firm:3000206585,2010-09-10,2026-09-08T14:29:40Z,firm_key,BAYER HEALTHCARE,,fda.citations.history,raw/fda.citations.history/2026/09/20260908T142940Z-955296c14fc7.json.gz,1
fda.citations.history,firm:3000206585,2010-09-10,2026-09-08T14:29:40Z,is_gmp,0,bool,fda.citations.history,raw/fda.citations.history/2026/09/20260908T142940Z-955296c14fc7.json.gz,1
fda.citations.history,firm:3000206585,2010-09-10,2026-09-08T14:29:40Z,label,"Bayer Healthcare, LLC",,fda.citations.history,raw/fda.citations.history/2026/09/20260908T142940Z-955296c14fc7.json.gz,1
fda.citations.history,firm:3001451808,2010-09-16,2026-09-08T14:29:40Z,cfr,21 CFR 211.105(a),,fda.citations.history,raw/fda.citations.history/2026/09/20260908T142940Z-955296c14fc7.json.gz,1
fda.citations.history,firm:3001451808,2010-09-16,2026-09-08T14:29:40Z,cfr,21 CFR 211.142,,fda.citations.history,raw/fda.citations.history/2026/09/20260908T142940Z-955296c14fc7.json.gz,1
fda.citations.history,firm:3001451808,2010-09-16,2026-09-08T14:29:40Z,cfr,21 CFR 211.160(b)(4),,fda.citations.history,raw/fda.citations.history/2026/09/20260908T142940Z-955296c14fc7.json.gz,1
fda.citations.history,firm:3001451808,2010-09-16,2026-09-08T14:29:40Z,cfr,21 CFR 211.186(b)(8),,fda.citations.history,raw/fda.citations.history/2026/09/20260908T142940Z-955296c14fc7.json.gz,1
fda.citations.history,firm:3001451808,2010-09-16,2026-09-08T14:29:40Z,cfr,21 CFR 211.188,,fda.citations.history,raw/fda.citations.history/2026/09/20260908T142940Z-955296c14fc7.json.gz,1
fda.citations.history,firm:3001451808,2010-09-16,2026-09-08T14:29:40Z,cfr,21 CFR 211.188(a),,fda.citations.history,raw/fda.citations.history/2026/09/20260908T142940Z-955296c14fc7.json.gz,1
fda.citations.history,firm:3001451808,2010-09-16,2026-09-08T14:29:40Z,cfr,21 CFR 211.188(b)(7),,fda.citations.history,raw/fda.citations.history/2026/09/20260908T142940Z-955296c14fc7.json.gz,1
fda.citations.history,firm:3001451808,2010-09-16,2026-09-08T14:29:40Z,cfr,21 CFR 211.68(a),,fda.citations.history,raw/fda.citations.history/2026/09/20260908T142940Z-955296c14fc7.json.gz,1
fda.citations.history,firm:3001451808,2010-09-16,2026-09-08T14:29:40Z,cfr,21 CFR 211.80(b),,fda.citations.history,raw/fda.citations.history/2026/09/20260908T142940Z-955296c14fc7.json.gz,1
fda.citations.history,firm:3001451808,2010-09-16,2026-09-08T14:29:40Z,cfr_part,211,part,fda.citations.history,raw/fda.citations.history/2026/09/20260908T142940Z-955296c14fc7.json.gz,1
fda.citations.history,firm:3001451808,2010-09-16,2026-09-08T14:29:40Z,citation,1,count,fda.citations.history,raw/fda.citations.history/2026/09/20260908T142940Z-955296c14fc7.json.gz,1
fda.citations.history,firm:3001451808,2010-09-16,2026-09-08T14:29:40Z,citation_topic,Accurate reproduction included,,fda.citations.history,raw/fda.citations.history/2026/09/20260908T142940Z-955296c14fc7.json.gz,1
fda.citations.history,firm:3001451808,2010-09-16,2026-09-08T14:29:40Z,citation_topic,"Actual yield, % of theoretical yield",,fda.citations.history,raw/fda.citations.history/2026/09/20260908T142940Z-955296c14fc7.json.gz,1
fda.citations.history,firm:3001451808,2010-09-16,2026-09-08T14:29:40Z,citation_topic,"Calibration - at intervals, written program, remedial action",,fda.citations.history,raw/fda.citations.history/2026/09/20260908T142940Z-955296c14fc7.json.gz,1
fda.citations.history,firm:3001451808,2010-09-16,2026-09-08T14:29:40Z,citation_topic,Calibration/Inspection/Checking not done,,fda.citations.history,raw/fda.citations.history/2026/09/20260908T142940Z-955296c14fc7.json.gz,1
fda.citations.history,firm:3001451808,2010-09-16,2026-09-08T14:29:40Z,citation_topic,"Description of containers, labels, et. al.",,fda.citations.history,raw/fda.citations.history/2026/09/20260908T142940Z-955296c14fc7.json.gz,1
fda.citations.history,firm:3001451808,2010-09-16,2026-09-08T14:29:40Z,citation_topic,Handling and Storage to Prevent Contamination,,fda.citations.history,raw/fda.citations.history/2026/09/20260908T142940Z-955296c14fc7.json.gz,1
fda.citations.history,firm:3001451808,2010-09-16,2026-09-08T14:29:40Z,citation_topic,"Identification of containers, lines, equipment",,fda.citations.history,raw/fda.citations.history/2026/09/20260908T142940Z-955296c14fc7.json.gz,1
fda.citations.history,firm:3001451808,2010-09-16,2026-09-08T14:29:40Z,citation_topic,"Prepared for each batch, include complete information",,fda.citations.history,raw/fda.citations.history/2026/09/20260908T142940Z-955296c14fc7.json.gz,1
fda.citations.history,firm:3001451808,2010-09-16,2026-09-08T14:29:40Z,citation_topic,Written warehousing procedures established/followed,,fda.citations.history,raw/fda.citations.history/2026/09/20260908T142940Z-955296c14fc7.json.gz,1
fda.citations.history,firm:3001451808,2010-09-16,2026-09-08T14:29:40Z,firm_key,QUALITY AIR PRODUCTS,,fda.citations.history,raw/fda.citations.history/2026/09/20260908T142940Z-955296c14fc7.json.gz,1
fda.citations.history,firm:3001451808,2010-09-16,2026-09-08T14:29:40Z,is_gmp,1,bool,fda.citations.history,raw/fda.citations.history/2026/09/20260908T142940Z-955296c14fc7.json.gz,1
fda.citations.history,firm:3001451808,2010-09-16,2026-09-08T14:29:40Z,label,QUALITY AIR PRODUCTS INC,,fda.citations.history,raw/fda.citations.history/2026/09/20260908T142940Z-955296c14fc7.json.gz,1
fda.citations.history,firm:3002631703,2010-09-30,2026-09-08T14:29:40Z,cfr,21 CFR 211.100(a),,fda.citations.history,raw/fda.citations.history/2026/09/20260908T142940Z-955296c14fc7.json.gz,1
fda.citations.history,firm:3002631703,2010-09-30,2026-09-08T14:29:40Z,cfr,21 CFR 211.100(b),,fda.citations.history,raw/fda.citations.history/2026/09/20260908T142940Z-955296c14fc7.json.gz,1
fda.citations.history,firm:3002631703,2010-09-30,2026-09-08T14:29:40Z,cfr,21 CFR 211.67(a),,fda.citations.history,raw/fda.citations.history/2026/09/20260908T142940Z-955296c14fc7.json.gz,1
fda.citations.history,firm:3002631703,2010-09-30,2026-09-08T14:29:40Z,cfr,21 CFR 211.67(c),,fda.citations.history,raw/fda.citations.history/2026/09/20260908T142940Z-955296c14fc7.json.gz,1
fda.citations.history,firm:3002631703,2010-09-30,2026-09-08T14:29:40Z,cfr_part,211,part,fda.citations.history,raw/fda.citations.history/2026/09/20260908T142940Z-955296c14fc7.json.gz,1
fda.citations.history,firm:3002631703,2010-09-30,2026-09-08T14:29:40Z,citation,1,count,fda.citations.history,raw/fda.citations.history/2026/09/20260908T142940Z-955296c14fc7.json.gz,1
fda.citations.history,firm:3002631703,2010-09-30,2026-09-08T14:29:40Z,citation_topic,Approval and review of procedures,,fda.citations.history,raw/fda.citations.history/2026/09/20260908T142940Z-955296c14fc7.json.gz,1
fda.citations.history,firm:3002631703,2010-09-30,2026-09-08T14:29:40Z,citation_topic,Cleaning / Sanitizing / Maintenance,,fda.citations.history,raw/fda.citations.history/2026/09/20260908T142940Z-955296c14fc7.json.gz,1
fda.citations.history,firm:3002631703,2010-09-30,2026-09-08T14:29:40Z,citation_topic,Cleaning/maintenance records not kept,,fda.citations.history,raw/fda.citations.history/2026/09/20260908T142940Z-955296c14fc7.json.gz,1
fda.citations.history,firm:3002631703,2010-09-30,2026-09-08T14:29:40Z,citation_topic,Procedure Deviations Recorded and Justified,,fda.citations.history,raw/fda.citations.history/2026/09/20260908T142940Z-955296c14fc7.json.gz,1
fda.citations.history,firm:3002631703,2010-09-30,2026-09-08T14:29:40Z,citation_topic,SOPs not followed / documented,,fda.citations.history,raw/fda.citations.history/2026/09/20260908T142940Z-955296c14fc7.json.gz,1
fda.citations.history,firm:3002631703,2010-09-30,2026-09-08T14:29:40Z,firm_key,FRESENIUS KABI,,fda.citations.history,raw/fda.citations.history/2026/09/20260908T142940Z-955296c14fc7.json.gz,1
fda.citations.history,firm:3002631703,2010-09-30,2026-09-08T14:29:40Z,is_gmp,1,bool,fda.citations.history,raw/fda.citations.history/2026/09/20260908T142940Z-955296c14fc7.json.gz,1
fda.citations.history,firm:3002631703,2010-09-30,2026-09-08T14:29:40Z,label,Fresenius Kabi AB,,fda.citations.history,raw/fda.citations.history/2026/09/20260908T142940Z-955296c14fc7.json.gz,1
fda.citations.history,firm:3002690301,2010-09-03,2026-09-08T14:29:40Z,cfr,21 CFR 211.110(a),,fda.citations.history,raw/fda.citations.history/2026/09/20260908T142940Z-955296c14fc7.json.gz,1
fda.citations.history,firm:3002690301,2010-09-03,2026-09-08T14:29:40Z,cfr,21 CFR 211.125(a),,fda.citations.history,raw/fda.citations.history/2026/09/20260908T142940Z-955296c14fc7.json.gz,1
fda.citations.history,firm:3002690301,2010-09-03,2026-09-08T14:29:40Z,cfr,21 CFR 211.160(b)(4),,fda.citations.history,raw/fda.citations.history/2026/09/20260908T142940Z-955296c14fc7.json.gz,1
fda.citations.history,firm:3002690301,2010-09-03,2026-09-08T14:29:40Z,cfr,21 CFR 211.165(d),,fda.citations.history,raw/fda.citations.history/2026/09/20260908T142940Z-955296c14fc7.json.gz,1
fda.citations.history,firm:3002690301,2010-09-03,2026-09-08T14:29:40Z,cfr_part,211,part,fda.citations.history,raw/fda.citations.history/2026/09/20260908T142940Z-955296c14fc7.json.gz,1
fda.citations.history,firm:3002690301,2010-09-03,2026-09-08T14:29:40Z,citation,1,count,fda.citations.history,raw/fda.citations.history/2026/09/20260908T142940Z-955296c14fc7.json.gz,1
fda.citations.history,firm:3002690301,2010-09-03,2026-09-08T14:29:40Z,citation_topic,Acceptance criteria for sampling & testing,,fda.citations.history,raw/fda.citations.history/2026/09/20260908T142940Z-955296c14fc7.json.gz,1
fda.citations.history,firm:3002690301,2010-09-03,2026-09-08T14:29:40Z,citation_topic,Control procedures to monitor and validate performance,,fda.citations.history,raw/fda.citations.history/2026/09/20260908T142940Z-955296c14fc7.json.gz,1
fda.citations.history,firm:3002690301,2010-09-03,2026-09-08T14:29:40Z,citation_topic,"Instruments, apparatus, et. al. not meeting specs",,fda.citations.history,raw/fda.citations.history/2026/09/20260908T142940Z-955296c14fc7.json.gz,1
fda.citations.history,firm:3002690301,2010-09-03,2026-09-08T14:29:40Z,citation_topic,Strict control not exercised over labeling issued,,fda.citations.history,raw/fda.citations.history/2026/09/20260908T142940Z-955296c14fc7.json.gz,1
fda.citations.history,firm:3002690301,2010-09-03,2026-09-08T14:29:40Z,firm_key,WORLD CLUB SUPPLY,,fda.citations.history,raw/fda.citations.history/2026/09/20260908T142940Z-955296c14fc7.json.gz,1
fda.citations.history,firm:3002690301,2010-09-03,2026-09-08T14:29:40Z,is_gmp,1,bool,fda.citations.history,raw/fda.citations.history/2026/09/20260908T142940Z-955296c14fc7.json.gz,1
fda.citations.history,firm:3002690301,2010-09-03,2026-09-08T14:29:40Z,label,World Club Supply Corp,,fda.citations.history,raw/fda.citations.history/2026/09/20260908T142940Z-955296c14fc7.json.gz,1
fda.citations.history,firm:3002856243,2010-09-30,2026-09-08T14:29:40Z,cfr,21 CFR 211.110(a),,fda.citations.history,raw/fda.citations.history/2026/09/20260908T142940Z-955296c14fc7.json.gz,1
fda.citations.history,firm:3002856243,2010-09-30,2026-09-08T14:29:40Z,cfr,21 CFR 211.170(b),,fda.citations.history,raw/fda.citations.history/2026/09/20260908T142940Z-955296c14fc7.json.gz,1
fda.citations.history,firm:3002856243,2010-09-30,2026-09-08T14:29:40Z,cfr,21 CFR 211.188(b)(8),,fda.citations.history,raw/fda.citations.history/2026/09/20260908T142940Z-955296c14fc7.json.gz,1
fda.citations.history,firm:3002856243,2010-09-30,2026-09-08T14:29:40Z,cfr,21 CFR 211.192,,fda.citations.history,raw/fda.citations.history/2026/09/20260908T142940Z-955296c14fc7.json.gz,1
fda.citations.history,firm:3002856243,2010-09-30,2026-09-08T14:29:40Z,cfr,21 CFR 211.194(a)(5),,fda.citations.history,raw/fda.citations.history/2026/09/20260908T142940Z-955296c14fc7.json.gz,1
fda.citations.history,firm:3002856243,2010-09-30,2026-09-08T14:29:40Z,cfr,21 CFR 211.194(a)(8),,fda.citations.history,raw/fda.citations.history/2026/09/20260908T142940Z-955296c14fc7.json.gz,1
fda.citations.history,firm:3002856243,2010-09-30,2026-09-08T14:29:40Z,cfr_part,211,part,fda.citations.history,raw/fda.citations.history/2026/09/20260908T142940Z-955296c14fc7.json.gz,1
fda.citations.history,firm:3002856243,2010-09-30,2026-09-08T14:29:40Z,citation,1,count,fda.citations.history,raw/fda.citations.history/2026/09/20260908T142940Z-955296c14fc7.json.gz,1
fda.citations.history,firm:3002856243,2010-09-30,2026-09-08T14:29:40Z,citation_topic,Annual visual exams of drug products,,fda.citations.history,raw/fda.citations.history/2026/09/20260908T142940Z-955296c14fc7.json.gz,1
fda.citations.history,firm:3002856243,2010-09-30,2026-09-08T14:29:40Z,citation_topic,Control procedures fail to include the following,,fda.citations.history,raw/fda.citations.history/2026/09/20260908T142940Z-955296c14fc7.json.gz,1
fda.citations.history,firm:3002856243,2010-09-30,2026-09-08T14:29:40Z,citation_topic,Control procedures to monitor and validate performance,,fda.citations.history,raw/fda.citations.history/2026/09/20260908T142940Z-955296c14fc7.json.gz,1
fda.citations.history,firm:3002856243,2010-09-30,2026-09-08T14:29:40Z,citation_topic,Labeling Control Records and Label Copies,,fda.citations.history,raw/fda.citations.history/2026/09/20260908T142940Z-955296c14fc7.json.gz,1
fda.citations.history,firm:3002856243,2010-09-30,2026-09-08T14:29:40Z,citation_topic,Quality control unit review of records,,fda.citations.history,raw/fda.citations.history/2026/09/20260908T142940Z-955296c14fc7.json.gz,1
fda.citations.history,firm:3002856243,2010-09-30,2026-09-08T14:29:40Z,citation_topic,Second person sign off,,fda.citations.history,raw/fda.citations.history/2026/09/20260908T142940Z-955296c14fc7.json.gz,1
fda.citations.history,firm:3002856243,2010-09-30,2026-09-08T14:29:40Z,citation_topic,Testing Calculations,,fda.citations.history,raw/fda.citations.history/2026/09/20260908T142940Z-955296c14fc7.json.gz,1
fda.citations.history,firm:3002856243,2010-09-30,2026-09-08T14:29:40Z,firm_key,H2O PLUS,,fda.citations.history,raw/fda.citations.history/2026/09/20260908T142940Z-955296c14fc7.json.gz,1
fda.citations.history,firm:3002856243,2010-09-30,2026-09-08T14:29:40Z,is_gmp,1,bool,fda.citations.history,raw/fda.citations.history/2026/09/20260908T142940Z-955296c14fc7.json.gz,1
fda.citations.history,firm:3002856243,2010-09-30,2026-09-08T14:29:40Z,label,"H2O Plus, LLC",,fda.citations.history,raw/fda.citations.history/2026/09/20260908T142940Z-955296c14fc7.json.gz,1
fda.citations.history,firm:3003093882,2010-09-08,2026-09-08T14:29:40Z,cfr,21 CFR 211.110(a),,fda.citations.history,raw/fda.citations.history/2026/09/20260908T142940Z-955296c14fc7.json.gz,1
fda.citations.history,firm:3003093882,2010-09-08,2026-09-08T14:29:40Z,cfr,21 CFR 211.67(b),,fda.citations.history,raw/fda.citations.history/2026/09/20260908T142940Z-955296c14fc7.json.gz,1
fda.citations.history,firm:3003093882,2010-09-08,2026-09-08T14:29:40Z,cfr_part,211,part,fda.citations.history,raw/fda.citations.history/2026/09/20260908T142940Z-955296c14fc7.json.gz,1
fda.citations.history,firm:3003093882,2010-09-08,2026-09-08T14:29:40Z,citation,1,count,fda.citations.history,raw/fda.citations.history/2026/09/20260908T142940Z-955296c14fc7.json.gz,1
fda.citations.history,firm:3003093882,2010-09-08,2026-09-08T14:29:40Z,citation_topic,Control procedures to monitor and validate performance,,fda.citations.history,raw/fda.citations.history/2026/09/20260908T142940Z-955296c14fc7.json.gz,1
fda.citations.history,firm:3003093882,2010-09-08,2026-09-08T14:29:40Z,citation_topic,Written procedures fail to include,,fda.citations.history,raw/fda.citations.history/2026/09/20260908T142940Z-955296c14fc7.json.gz,1
fda.citations.history,firm:3003093882,2010-09-08,2026-09-08T14:29:40Z,firm_key,NIAGARA,,fda.citations.history,raw/fda.citations.history/2026/09/20260908T142940Z-955296c14fc7.json.gz,1
fda.citations.history,firm:3003093882,2010-09-08,2026-09-08T14:29:40Z,is_gmp,1,bool,fda.citations.history,raw/fda.citations.history/2026/09/20260908T142940Z-955296c14fc7.json.gz,1
fda.citations.history,firm:3003093882,2010-09-08,2026-09-08T14:29:40Z,label,Niagara Pharmaceuticals Inc,,fda.citations.history,raw/fda.citations.history/2026/09/20260908T142940Z-955296c14fc7.json.gz,1
fda.citations.history,firm:3003448162,2010-09-20,2026-09-08T14:29:40Z,cfr,21 CFR 211.142,,fda.citations.history,raw/fda.citations.history/2026/09/20260908T142940Z-955296c14fc7.json.gz,1
fda.citations.history,firm:3003448162,2010-09-20,2026-09-08T14:29:40Z,cfr,21 CFR 211.142(b),,fda.citations.history,raw/fda.citations.history/2026/09/20260908T142940Z-955296c14fc7.json.gz,1
fda.citations.history,firm:3003448162,2010-09-20,2026-09-08T14:29:40Z,cfr_part,211,part,fda.citations.history,raw/fda.citations.history/2026/09/20260908T142940Z-955296c14fc7.json.gz,1
fda.citations.history,firm:3003448162,2010-09-20,2026-09-08T14:29:40Z,citation,1,count,fda.citations.history,raw/fda.citations.history/2026/09/20260908T142940Z-955296c14fc7.json.gz,1
fda.citations.history,firm:3003448162,2010-09-20,2026-09-08T14:29:40Z,citation_topic,Storage under appropriate conditions,,fda.citations.history,raw/fda.citations.history/2026/09/20260908T142940Z-955296c14fc7.json.gz,1
fda.citations.history,firm:3003448162,2010-09-20,2026-09-08T14:29:40Z,citation_topic,Written warehousing procedures established/followed,,fda.citations.history,raw/fda.citations.history/2026/09/20260908T142940Z-955296c14fc7.json.gz,1
fda.citations.history,firm:3003448162,2010-09-20,2026-09-08T14:29:40Z,firm_key,FMC DISTRIBUTORS,,fda.citations.history,raw/fda.citations.history/2026/09/20260908T142940Z-955296c14fc7.json.gz,1
fda.citations.history,firm:3003448162,2010-09-20,2026-09-08T14:29:40Z,is_gmp,1,bool,fda.citations.history,raw/fda.citations.history/2026/09/20260908T142940Z-955296c14fc7.json.gz,1
fda.citations.history,firm:3003448162,2010-09-20,2026-09-08T14:29:40Z,label,"FMC Distributors, Inc.",,fda.citations.history,raw/fda.citations.history/2026/09/20260908T142940Z-955296c14fc7.json.gz,1
fda.citations.history,firm:3003484622,2010-09-27,2026-09-08T14:29:40Z,cfr,21 CFR 211.52,,fda.citations.history,raw/fda.citations.history/2026/09/20260908T142940Z-955296c14fc7.json.gz,1
fda.citations.history,firm:3003484622,2010-09-27,2026-09-08T14:29:40Z,cfr_part,211,part,fda.citations.history,raw/fda.citations.history/2026/09/20260908T142940Z-955296c14fc7.json.gz,1
fda.citations.history,firm:3003484622,2010-09-27,2026-09-08T14:29:40Z,citation,1,count,fda.citations.history,raw/fda.citations.history/2026/09/20260908T142940Z-955296c14fc7.json.gz,1
fda.citations.history,firm:3003484622,2010-09-27,2026-09-08T14:29:40Z,citation_topic,Washing and toilet facilities are deficient,,fda.citations.history,raw/fda.citations.history/2026/09/20260908T142940Z-955296c14fc7.json.gz,1
fda.citations.history,firm:3003484622,2010-09-27,2026-09-08T14:29:40Z,firm_key,PHILLY S FAMOUS WATER ICE,,fda.citations.history,raw/fda.citations.history/2026/09/20260908T142940Z-955296c14fc7.json.gz,1
fda.citations.history,firm:3003484622,2010-09-27,2026-09-08T14:29:40Z,is_gmp,1,bool,fda.citations.history,raw/fda.citations.history/2026/09/20260908T142940Z-955296c14fc7.json.gz,1
fda.citations.history,firm:3003484622,2010-09-27,2026-09-08T14:29:40Z,label,"PHILLY'S FAMOUS WATER ICE, INC.",,fda.citations.history,raw/fda.citations.history/2026/09/20260908T142940Z-955296c14fc7.json.gz,1
fda.citations.history,firm:3003569104,2010-09-29,2026-09-08T14:29:40Z,cfr,21 CFR 211.122(a),,fda.citations.history,raw/fda.citations.history/2026/09/20260908T142940Z-955296c14fc7.json.gz,1
fda.citations.history,firm:3003569104,2010-09-29,2026-09-08T14:29:40Z,cfr,21 CFR 211.125(f),,fda.citations.history,raw/fda.citations.history/2026/09/20260908T142940Z-955296c14fc7.json.gz,1
fda.citations.history,firm:3003569104,2010-09-29,2026-09-08T14:29:40Z,cfr,21 CFR 211.137(a),,fda.citations.history,raw/fda.citations.history/2026/09/20260908T142940Z-955296c14fc7.json.gz,1
fda.citations.history,firm:3003569104,2010-09-29,2026-09-08T14:29:40Z,cfr,21 CFR 211.165(a),,fda.citations.history,raw/fda.citations.history/2026/09/20260908T142940Z-955296c14fc7.json.gz,1
fda.citations.history,firm:3003569104,2010-09-29,2026-09-08T14:29:40Z,cfr,21 CFR 211.166(a),,fda.citations.history,raw/fda.citations.history/2026/09/20260908T142940Z-955296c14fc7.json.gz,1
fda.citations.history,firm:3003569104,2010-09-29,2026-09-08T14:29:40Z,cfr,21 CFR 211.186(a),,fda.citations.history,raw/fda.citations.history/2026/09/20260908T142940Z-955296c14fc7.json.gz,1
fda.citations.history,firm:3003569104,2010-09-29,2026-09-08T14:29:40Z,cfr,21 CFR 211.188,,fda.citations.history,raw/fda.citations.history/2026/09/20260908T142940Z-955296c14fc7.json.gz,1
fda.citations.history,firm:3003569104,2010-09-29,2026-09-08T14:29:40Z,cfr,21 CFR 211.198(a),,fda.citations.history,raw/fda.citations.history/2026/09/20260908T142940Z-955296c14fc7.json.gz,1
fda.citations.history,firm:3003569104,2010-09-29,2026-09-08T14:29:40Z,cfr,21 CFR 211.22(d),,fda.citations.history,raw/fda.citations.history/2026/09/20260908T142940Z-955296c14fc7.json.gz,1
fda.citations.history,firm:3003569104,2010-09-29,2026-09-08T14:29:40Z,cfr,21 CFR 211.80(a),,fda.citations.history,raw/fda.citations.history/2026/09/20260908T142940Z-955296c14fc7.json.gz,1
fda.citations.history,firm:3003569104,2010-09-29,2026-09-08T14:29:40Z,cfr,21 CFR 211.84(a),,fda.citations.history,raw/fda.citations.history/2026/09/20260908T142940Z-955296c14fc7.json.gz,1
fda.citations.history,firm:3003569104,2010-09-29,2026-09-08T14:29:40Z,cfr_part,211,part,fda.citations.history,raw/fda.citations.history/2026/09/20260908T142940Z-955296c14fc7.json.gz,1
fda.citations.history,firm:3003569104,2010-09-29,2026-09-08T14:29:40Z,citation,1,count,fda.citations.history,raw/fda.citations.history/2026/09/20260908T142940Z-955296c14fc7.json.gz,1
fda.citations.history,firm:3003569104,2010-09-29,2026-09-08T14:29:40Z,citation_topic,Adverse Drug Experience,,fda.citations.history,raw/fda.citations.history/2026/09/20260908T142940Z-955296c14fc7.json.gz,1
fda.citations.history,firm:3003569104,2010-09-29,2026-09-08T14:29:40Z,citation_topic,Components withheld from use pending release,,fda.citations.history,raw/fda.citations.history/2026/09/20260908T142940Z-955296c14fc7.json.gz,1
fda.citations.history,firm:3003569104,2010-09-29,2026-09-08T14:29:40Z,citation_topic,Expiration date lacking,,fda.citations.history,raw/fda.citations.history/2026/09/20260908T142940Z-955296c14fc7.json.gz,1
fda.citations.history,firm:3003569104,2010-09-29,2026-09-08T14:29:40Z,citation_topic,Lack of written stability program,,fda.citations.history,raw/fda.citations.history/2026/09/20260908T142940Z-955296c14fc7.json.gz,1
fda.citations.history,firm:3003569104,2010-09-29,2026-09-08T14:29:40Z,citation_topic,"Prepared for each batch, include complete information",,fda.citations.history,raw/fda.citations.history/2026/09/20260908T142940Z-955296c14fc7.json.gz,1
fda.citations.history,firm:3003569104,2010-09-29,2026-09-08T14:29:40Z,citation_topic,Procedures To Be in Writing,,fda.citations.history,raw/fda.citations.history/2026/09/20260908T142940Z-955296c14fc7.json.gz,1
fda.citations.history,firm:3003569104,2010-09-29,2026-09-08T14:29:40Z,citation_topic,Procedures Written and Followed,,fda.citations.history,raw/fda.citations.history/2026/09/20260908T142940Z-955296c14fc7.json.gz,1
fda.citations.history,firm:3003569104,2010-09-29,2026-09-08T14:29:40Z,citation_topic,"Procedures not  in writing, fully followed",,fda.citations.history,raw/fda.citations.history/2026/09/20260908T142940Z-955296c14fc7.json.gz,1
fda.citations.history,firm:3003569104,2010-09-29,2026-09-08T14:29:40Z,citation_topic,Signature and checking of records -- 2 persons,,fda.citations.history,raw/fda.citations.history/2026/09/20260908T142940Z-955296c14fc7.json.gz,1
fda.citations.history,firm:3003569104,2010-09-29,2026-09-08T14:29:40Z,citation_topic,Testing and release for distribution,,fda.citations.history,raw/fda.citations.history/2026/09/20260908T142940Z-955296c14fc7.json.gz,1
fda.citations.history,firm:3003569104,2010-09-29,2026-09-08T14:29:40Z,citation_topic,Written procedures describing in detail,,fda.citations.history,raw/fda.citations.history/2026/09/20260908T142940Z-955296c14fc7.json.gz,1
fda.citations.history,firm:3003569104,2010-09-29,2026-09-08T14:29:40Z,firm_key,PACA FOODS,,fda.citations.history,raw/fda.citations.history/2026/09/20260908T142940Z-955296c14fc7.json.gz,1
fda.citations.history,firm:3003569104,2010-09-29,2026-09-08T14:29:40Z,is_gmp,1,bool,fda.citations.history,raw/fda.citations.history/2026/09/20260908T142940Z-955296c14fc7.json.gz,1
fda.citations.history,firm:3003569104,2010-09-29,2026-09-08T14:29:40Z,label,Paca Foods LLC,,fda.citations.history,raw/fda.citations.history/2026/09/20260908T142940Z-955296c14fc7.json.gz,1
fda.citations.history,firm:3003815957,2010-09-07,2026-09-08T14:29:40Z,cfr,21 CFR 211.100(b),,fda.citations.history,raw/fda.citations.history/2026/09/20260908T142940Z-955296c14fc7.json.gz,1
fda.citations.history,firm:3003815957,2010-09-07,2026-09-08T14:29:40Z,cfr,21 CFR 211.142,,fda.citations.history,raw/fda.citations.history/2026/09/20260908T142940Z-955296c14fc7.json.gz,1
fda.citations.history,firm:3003815957,2010-09-07,2026-09-08T14:29:40Z,cfr,21 CFR 211.142(a),,fda.citations.history,raw/fda.citations.history/2026/09/20260908T142940Z-955296c14fc7.json.gz,1
fda.citations.history,firm:3003815957,2010-09-07,2026-09-08T14:29:40Z,cfr,21 CFR 211.165(a),,fda.citations.history,raw/fda.citations.history/2026/09/20260908T142940Z-955296c14fc7.json.gz,1
fda.citations.history,firm:3003815957,2010-09-07,2026-09-08T14:29:40Z,cfr,21 CFR 211.166(a),,fda.citations.history,raw/fda.citations.history/2026/09/20260908T142940Z-955296c14fc7.json.gz,1
fda.citations.history,firm:3003815957,2010-09-07,2026-09-08T14:29:40Z,cfr,21 CFR 211.180(e),,fda.citations.history,raw/fda.citations.history/2026/09/20260908T142940Z-955296c14fc7.json.gz,1
fda.citations.history,firm:3003815957,2010-09-07,2026-09-08T14:29:40Z,cfr,21 CFR 211.188(b)(11),,fda.citations.history,raw/fda.citations.history/2026/09/20260908T142940Z-955296c14fc7.json.gz,1
fda.citations.history,firm:3003815957,2010-09-07,2026-09-08T14:29:40Z,cfr,21 CFR 211.188(b)(8),,fda.citations.history,raw/fda.citations.history/2026/09/20260908T142940Z-955296c14fc7.json.gz,1
fda.citations.history,firm:3003815957,2010-09-07,2026-09-08T14:29:40Z,cfr,21 CFR 211.67(b),,fda.citations.history,raw/fda.citations.history/2026/09/20260908T142940Z-955296c14fc7.json.gz,1
fda.citations.history,firm:3003815957,2010-09-07,2026-09-08T14:29:40Z,cfr,21 CFR 211.80(d),,fda.citations.history,raw/fda.citations.history/2026/09/20260908T142940Z-955296c14fc7.json.gz,1
fda.citations.history,firm:3003815957,2010-09-07,2026-09-08T14:29:40Z,cfr_part,211,part,fda.citations.history,raw/fda.citations.history/2026/09/20260908T142940Z-955296c14fc7.json.gz,1
fda.citations.history,firm:3003815957,2010-09-07,2026-09-08T14:29:40Z,citation,1,count,fda.citations.history,raw/fda.citations.history/2026/09/20260908T142940Z-955296c14fc7.json.gz,1
fda.citations.history,firm:3003815957,2010-09-07,2026-09-08T14:29:40Z,citation_topic,"Identification of persons involved, each significant step",,fda.citations.history,raw/fda.citations.history/2026/09/20260908T142940Z-955296c14fc7.json.gz,1
fda.citations.history,firm:3003815957,2010-09-07,2026-09-08T14:29:40Z,citation_topic,Labeling control records including specimens or copies,,fda.citations.history,raw/fda.citations.history/2026/09/20260908T142940Z-955296c14fc7.json.gz,1
fda.citations.history,firm:3003815957,2010-09-07,2026-09-08T14:29:40Z,citation_topic,Quarantine - actual practice,,fda.citations.history,raw/fda.citations.history/2026/09/20260908T142940Z-955296c14fc7.json.gz,1
fda.citations.history,firm:3003815957,2010-09-07,2026-09-08T14:29:40Z,citation_topic,Records reviewed annually,,fda.citations.history,raw/fda.citations.history/2026/09/20260908T142940Z-955296c14fc7.json.gz,1
fda.citations.history,firm:3003815957,2010-09-07,2026-09-08T14:29:40Z,citation_topic,SOPs not followed / documented,,fda.citations.history,raw/fda.citations.history/2026/09/20260908T142940Z-955296c14fc7.json.gz,1
fda.citations.history,firm:3003815957,2010-09-07,2026-09-08T14:29:40Z,citation_topic,Status of Each Lot Identified,,fda.citations.history,raw/fda.citations.history/2026/09/20260908T142940Z-955296c14fc7.json.gz,1
fda.citations.history,firm:3003815957,2010-09-07,2026-09-08T14:29:40Z,citation_topic,Testing and release for distribution,,fda.citations.history,raw/fda.citations.history/2026/09/20260908T142940Z-955296c14fc7.json.gz,1
fda.citations.history,firm:3003815957,2010-09-07,2026-09-08T14:29:40Z,citation_topic,Written procedures not established/followed,,fda.citations.history,raw/fda.citations.history/2026/09/20260908T142940Z-955296c14fc7.json.gz,1
fda.citations.history,firm:3003815957,2010-09-07,2026-09-08T14:29:40Z,citation_topic,Written program not followed,,fda.citations.history,raw/fda.citations.history/2026/09/20260908T142940Z-955296c14fc7.json.gz,1
fda.citations.history,firm:3003815957,2010-09-07,2026-09-08T14:29:40Z,citation_topic,Written warehousing procedures established/followed,,fda.citations.history,raw/fda.citations.history/2026/09/20260908T142940Z-955296c14fc7.json.gz,1
fda.citations.history,firm:3003815957,2010-09-07,2026-09-08T14:29:40Z,firm_key,NEW SPIRIT NATURALS,,fda.citations.history,raw/fda.citations.history/2026/09/20260908T142940Z-955296c14fc7.json.gz,1
fda.citations.history,firm:3003815957,2010-09-07,2026-09-08T14:29:40Z,is_gmp,1,bool,fda.citations.history,raw/fda.citations.history/2026/09/20260908T142940Z-955296c14fc7.json.gz,1
fda.citations.history,firm:3003815957,2010-09-07,2026-09-08T14:29:40Z,label,New Spirit Naturals Inc.,,fda.citations.history,raw/fda.citations.history/2026/09/20260908T142940Z-955296c14fc7.json.gz,1
fda.citations.history,firm:3004034796,2010-09-17,2026-09-08T14:29:40Z,cfr,21 CFR 211.110(a),,fda.citations.history,raw/fda.citations.history/2026/09/20260908T142940Z-955296c14fc7.json.gz,1
fda.citations.history,firm:3004034796,2010-09-17,2026-09-08T14:29:40Z,cfr,21 CFR 211.113(b),,fda.citations.history,raw/fda.citations.history/2026/09/20260908T142940Z-955296c14fc7.json.gz,1
fda.citations.history,firm:3004034796,2010-09-17,2026-09-08T14:29:40Z,cfr,21 CFR 211.142(b),,fda.citations.history,raw/fda.citations.history/2026/09/20260908T142940Z-955296c14fc7.json.gz,1
fda.citations.history,firm:3004034796,2010-09-17,2026-09-08T14:29:40Z,cfr,21 CFR 211.165(a),,fda.citations.history,raw/fda.citations.history/2026/09/20260908T142940Z-955296c14fc7.json.gz,1
fda.citations.history,firm:3004034796,2010-09-17,2026-09-08T14:29:40Z,cfr,21 CFR 211.166(a),,fda.citations.history,raw/fda.citations.history/2026/09/20260908T142940Z-955296c14fc7.json.gz,1
fda.citations.history,firm:3004034796,2010-09-17,2026-09-08T14:29:40Z,cfr,21 CFR 211.188,,fda.citations.history,raw/fda.citations.history/2026/09/20260908T142940Z-955296c14fc7.json.gz,1
fda.citations.history,firm:3004034796,2010-09-17,2026-09-08T14:29:40Z,cfr,21 CFR 211.25(a),,fda.citations.history,raw/fda.citations.history/2026/09/20260908T142940Z-955296c14fc7.json.gz,1
fda.citations.history,firm:3004034796,2010-09-17,2026-09-08T14:29:40Z,cfr,21 CFR 211.58,,fda.citations.history,raw/fda.citations.history/2026/09/20260908T142940Z-955296c14fc7.json.gz,1
fda.citations.history,firm:3004034796,2010-09-17,2026-09-08T14:29:40Z,cfr,21 CFR 211.68(a),,fda.citations.history,raw/fda.citations.history/2026/09/20260908T142940Z-955296c14fc7.json.gz,1
fda.citations.history,firm:3004034796,2010-09-17,2026-09-08T14:29:40Z,cfr,21 CFR 211.80(b),,fda.citations.history,raw/fda.citations.history/2026/09/20260908T142940Z-955296c14fc7.json.gz,1
fda.citations.history,firm:3004034796,2010-09-17,2026-09-08T14:29:40Z,cfr,21 CFR 211.84(d)(2),,fda.citations.history,raw/fda.citations.history/2026/09/20260908T142940Z-955296c14fc7.json.gz,1
fda.citations.history,firm:3004034796,2010-09-17,2026-09-08T14:29:40Z,cfr_part,211,part,fda.citations.history,raw/fda.citations.history/2026/09/20260908T142940Z-955296c14fc7.json.gz,1
fda.citations.history,firm:3004034796,2010-09-17,2026-09-08T14:29:40Z,citation,1,count,fda.citations.history,raw/fda.citations.history/2026/09/20260908T142940Z-955296c14fc7.json.gz,1
fda.citations.history,firm:3004034796,2010-09-17,2026-09-08T14:29:40Z,citation_topic,Buildings not maintained in good state of repair,,fda.citations.history,raw/fda.citations.history/2026/09/20260908T142940Z-955296c14fc7.json.gz,1
fda.citations.history,firm:3004034796,2010-09-17,2026-09-08T14:29:40Z,citation_topic,Calibration/Inspection/Checking not done,,fda.citations.history,raw/fda.citations.history/2026/09/20260908T142940Z-955296c14fc7.json.gz,1
fda.citations.history,firm:3004034796,2010-09-17,2026-09-08T14:29:40Z,citation_topic,Control procedures to monitor and validate performance,,fda.citations.history,raw/fda.citations.history/2026/09/20260908T142940Z-955296c14fc7.json.gz,1
fda.citations.history,firm:3004034796,2010-09-17,2026-09-08T14:29:40Z,citation_topic,Handling and Storage to Prevent Contamination,,fda.citations.history,raw/fda.citations.history/2026/09/20260908T142940Z-955296c14fc7.json.gz,1
fda.citations.history,firm:3004034796,2010-09-17,2026-09-08T14:29:40Z,citation_topic,Lack of written stability program,,fda.citations.history,raw/fda.citations.history/2026/09/20260908T142940Z-955296c14fc7.json.gz,1
fda.citations.history,firm:3004034796,2010-09-17,2026-09-08T14:29:40Z,citation_topic,"Prepared for each batch, include complete information",,fda.citations.history,raw/fda.citations.history/2026/09/20260908T142940Z-955296c14fc7.json.gz,1
fda.citations.history,firm:3004034796,2010-09-17,2026-09-08T14:29:40Z,citation_topic,Reports of Analysis (Components),,fda.citations.history,raw/fda.citations.history/2026/09/20260908T142940Z-955296c14fc7.json.gz,1
fda.citations.history,firm:3004034796,2010-09-17,2026-09-08T14:29:40Z,citation_topic,"Results not used for expiration dates, storage cond.",,fda.citations.history,raw/fda.citations.history/2026/09/20260908T142940Z-955296c14fc7.json.gz,1
fda.citations.history,firm:3004034796,2010-09-17,2026-09-08T14:29:40Z,citation_topic,Storage under appropriate conditions,,fda.citations.history,raw/fda.citations.history/2026/09/20260908T142940Z-955296c14fc7.json.gz,1
fda.citations.history,firm:3004034796,2010-09-17,2026-09-08T14:29:40Z,citation_topic,Testing and release for distribution,,fda.citations.history,raw/fda.citations.history/2026/09/20260908T142940Z-955296c14fc7.json.gz,1
fda.citations.history,firm:3004034796,2010-09-17,2026-09-08T14:29:40Z,citation_topic,"Training--operations, GMPs, written procedures",,fda.citations.history,raw/fda.citations.history/2026/09/20260908T142940Z-955296c14fc7.json.gz,1
fda.citations.history,firm:3004034796,2010-09-17,2026-09-08T14:29:40Z,citation_topic,Validation lacking for sterile drug products,,fda.citations.history,raw/fda.citations.history/2026/09/20260908T142940Z-955296c14fc7.json.gz,1
fda.citations.history,firm:3004034796,2010-09-17,2026-09-08T14:29:40Z,firm_key,DELTA,,fda.citations.history,raw/fda.citations.history/2026/09/20260908T142940Z-955296c14fc7.json.gz,1
fda.citations.history,firm:3004034796,2010-09-17,2026-09-08T14:29:40Z,is_gmp,1,bool,fda.citations.history,raw/fda.citations.history/2026/09/20260908T142940Z-955296c14fc7.json.gz,1
fda.citations.history,firm:3004034796,2010-09-17,2026-09-08T14:29:40Z,label,"Delta Pharma, Inc.",,fda.citations.history,raw/fda.citations.history/2026/09/20260908T142940Z-955296c14fc7.json.gz,1
fda.citations.history,firm:3004079658,2010-09-15,2026-09-08T14:29:40Z,cfr,21 CFR 211.125(f),,fda.citations.history,raw/fda.citations.history/2026/09/20260908T142940Z-955296c14fc7.json.gz,1
fda.citations.history,firm:3004079658,2010-09-15,2026-09-08T14:29:40Z,cfr,21 CFR 211.134(c),,fda.citations.history,raw/fda.citations.history/2026/09/20260908T142940Z-955296c14fc7.json.gz,1
fda.citations.history,firm:3004079658,2010-09-15,2026-09-08T14:29:40Z,cfr,21 CFR 211.142(a),,fda.citations.history,raw/fda.citations.history/2026/09/20260908T142940Z-955296c14fc7.json.gz,1
fda.citations.history,firm:3004079658,2010-09-15,2026-09-08T14:29:40Z,cfr,21 CFR 211.170(b)(1),,fda.citations.history,raw/fda.citations.history/2026/09/20260908T142940Z-955296c14fc7.json.gz,1
fda.citations.history,firm:3004079658,2010-09-15,2026-09-08T14:29:40Z,cfr,21 CFR 211.180(e),,fda.citations.history,raw/fda.citations.history/2026/09/20260908T142940Z-955296c14fc7.json.gz,1
fda.citations.history,firm:3004079658,2010-09-15,2026-09-08T14:29:40Z,cfr,21 CFR 211.184(d),,fda.citations.history,raw/fda.citations.history/2026/09/20260908T142940Z-955296c14fc7.json.gz,1
fda.citations.history,firm:3004079658,2010-09-15,2026-09-08T14:29:40Z,cfr,21 CFR 211.188(b)(8),,fda.citations.history,raw/fda.citations.history/2026/09/20260908T142940Z-955296c14fc7.json.gz,1
fda.citations.history,firm:3004079658,2010-09-15,2026-09-08T14:29:40Z,cfr,21 CFR 211.192,,fda.citations.history,raw/fda.citations.history/2026/09/20260908T142940Z-955296c14fc7.json.gz,1
fda.citations.history,firm:3004079658,2010-09-15,2026-09-08T14:29:40Z,cfr,21 CFR 211.198(b)(2),,fda.citations.history,raw/fda.citations.history/2026/09/20260908T142940Z-955296c14fc7.json.gz,1
fda.citations.history,firm:3004079658,2010-09-15,2026-09-08T14:29:40Z,cfr,21 CFR 211.22(d),,fda.citations.history,raw/fda.citations.history/2026/09/20260908T142940Z-955296c14fc7.json.gz,1
fda.citations.history,firm:3004079658,2010-09-15,2026-09-08T14:29:40Z,cfr_part,211,part,fda.citations.history,raw/fda.citations.history/2026/09/20260908T142940Z-955296c14fc7.json.gz,1
fda.citations.history,firm:3004079658,2010-09-15,2026-09-08T14:29:40Z,citation,1,count,fda.citations.history,raw/fda.citations.history/2026/09/20260908T142940Z-955296c14fc7.json.gz,1
fda.citations.history,firm:3004079658,2010-09-15,2026-09-08T14:29:40Z,citation_topic,Complaint Investigation/Follow-Up Findings,,fda.citations.history,raw/fda.citations.history/2026/09/20260908T142940Z-955296c14fc7.json.gz,1
fda.citations.history,firm:3004079658,2010-09-15,2026-09-08T14:29:40Z,citation_topic,Examinations documented,,fda.citations.history,raw/fda.citations.history/2026/09/20260908T142940Z-955296c14fc7.json.gz,1
fda.citations.history,firm:3004079658,2010-09-15,2026-09-08T14:29:40Z,citation_topic,Labeling Control Records and Label Copies,,fda.citations.history,raw/fda.citations.history/2026/09/20260908T142940Z-955296c14fc7.json.gz,1
fda.citations.history,firm:3004079658,2010-09-15,2026-09-08T14:29:40Z,citation_topic,Labeling: documentation of exam and review,,fda.citations.history,raw/fda.citations.history/2026/09/20260908T142940Z-955296c14fc7.json.gz,1
fda.citations.history,firm:3004079658,2010-09-15,2026-09-08T14:29:40Z,citation_topic,Procedures Written and Followed,,fda.citations.history,raw/fda.citations.history/2026/09/20260908T142940Z-955296c14fc7.json.gz,1
fda.citations.history,firm:3004079658,2010-09-15,2026-09-08T14:29:40Z,citation_topic,"Procedures not  in writing, fully followed",,fda.citations.history,raw/fda.citations.history/2026/09/20260908T142940Z-955296c14fc7.json.gz,1
fda.citations.history,firm:3004079658,2010-09-15,2026-09-08T14:29:40Z,citation_topic,Quality control unit review of records,,fda.citations.history,raw/fda.citations.history/2026/09/20260908T142940Z-955296c14fc7.json.gz,1
fda.citations.history,firm:3004079658,2010-09-15,2026-09-08T14:29:40Z,citation_topic,Quarantine - actual practice,,fda.citations.history,raw/fda.citations.history/2026/09/20260908T142940Z-955296c14fc7.json.gz,1
fda.citations.history,firm:3004079658,2010-09-15,2026-09-08T14:29:40Z,citation_topic,Records reviewed annually,,fda.citations.history,raw/fda.citations.history/2026/09/20260908T142940Z-955296c14fc7.json.gz,1
fda.citations.history,firm:3004079658,2010-09-15,2026-09-08T14:29:40Z,citation_topic,"Retention time of reserve samples, in general",,fda.citations.history,raw/fda.citations.history/2026/09/20260908T142940Z-955296c14fc7.json.gz,1
fda.citations.history,firm:3004079658,2010-09-15,2026-09-08T14:29:40Z,firm_key,GREEN,,fda.citations.history,raw/fda.citations.history/2026/09/20260908T142940Z-955296c14fc7.json.gz,1
fda.citations.history,firm:3004079658,2010-09-15,2026-09-08T14:29:40Z,is_gmp,1,bool,fda.citations.history,raw/fda.citations.history/2026/09/20260908T142940Z-955296c14fc7.json.gz,1
fda.citations.history,firm:3004079658,2010-09-15,2026-09-08T14:29:40Z,label,"Green Pharmaceuticals, Inc.",,fda.citations.history,raw/fda.citations.history/2026/09/20260908T142940Z-955296c14fc7.json.gz,1
fda.citations.history,firm:3004446312,2010-09-17,2026-09-08T14:29:40Z,cfr,21 CFR 211.198(b)(2),,fda.citations.history,raw/fda.citations.history/2026/09/20260908T142940Z-955296c14fc7.json.gz,1
fda.citations.history,firm:3004446312,2010-09-17,2026-09-08T14:29:40Z,cfr_part,211,part,fda.citations.history,raw/fda.citations.history/2026/09/20260908T142940Z-955296c14fc7.json.gz,1
fda.citations.history,firm:3004446312,2010-09-17,2026-09-08T14:29:40Z,citation,1,count,fda.citations.history,raw/fda.citations.history/2026/09/20260908T142940Z-955296c14fc7.json.gz,1
fda.citations.history,firm:3004446312,2010-09-17,2026-09-08T14:29:40Z,citation_topic,Complaint Investigation/Follow-Up Findings,,fda.citations.history,raw/fda.citations.history/2026/09/20260908T142940Z-955296c14fc7.json.gz,1
fda.citations.history,firm:3004446312,2010-09-17,2026-09-08T14:29:40Z,firm_key,AUROBINDO,,fda.citations.history,raw/fda.citations.history/2026/09/20260908T142940Z-955296c14fc7.json.gz,1
fda.citations.history,firm:3004446312,2010-09-17,2026-09-08T14:29:40Z,is_gmp,1,bool,fda.citations.history,raw/fda.citations.history/2026/09/20260908T142940Z-955296c14fc7.json.gz,1
fda.citations.history,firm:3004446312,2010-09-17,2026-09-08T14:29:40Z,label,Aurobindo Pharma Limited,,fda.citations.history,raw/fda.citations.history/2026/09/20260908T142940Z-955296c14fc7.json.gz,1
fda.citations.history,firm:3004887031,2010-09-24,2026-09-08T14:29:40Z,cfr,21 CFR 211.192,,fda.citations.history,raw/fda.citations.history/2026/09/20260908T142940Z-955296c14fc7.json.gz,1
fda.citations.history,firm:3004887031,2010-09-24,2026-09-08T14:29:40Z,cfr,21 CFR 211.46(b),,fda.citations.history,raw/fda.citations.history/2026/09/20260908T142940Z-955296c14fc7.json.gz,1
fda.citations.history,firm:3004887031,2010-09-24,2026-09-08T14:29:40Z,cfr,21 CFR 211.67(b),,fda.citations.history,raw/fda.citations.history/2026/09/20260908T142940Z-955296c14fc7.json.gz,1
fda.citations.history,firm:3004887031,2010-09-24,2026-09-08T14:29:40Z,cfr,21 CFR 211.68(a),,fda.citations.history,raw/fda.citations.history/2026/09/20260908T142940Z-955296c14fc7.json.gz,1
fda.citations.history,firm:3004887031,2010-09-24,2026-09-08T14:29:40Z,cfr_part,211,part,fda.citations.history,raw/fda.citations.history/2026/09/20260908T142940Z-955296c14fc7.json.gz,1
fda.citations.history,firm:3004887031,2010-09-24,2026-09-08T14:29:40Z,citation,1,count,fda.citations.history,raw/fda.citations.history/2026/09/20260908T142940Z-955296c14fc7.json.gz,1
fda.citations.history,firm:3004887031,2010-09-24,2026-09-08T14:29:40Z,citation_topic,Equipment for Environmental Control,,fda.citations.history,raw/fda.citations.history/2026/09/20260908T142940Z-955296c14fc7.json.gz,1
fda.citations.history,firm:3004887031,2010-09-24,2026-09-08T14:29:40Z,citation_topic,"Investigations of discrepancies, failures",,fda.citations.history,raw/fda.citations.history/2026/09/20260908T142940Z-955296c14fc7.json.gz,1
fda.citations.history,firm:3004887031,2010-09-24,2026-09-08T14:29:40Z,citation_topic,Written calibration / inspection records not  kept,,fda.citations.history,raw/fda.citations.history/2026/09/20260908T142940Z-955296c14fc7.json.gz,1
fda.citations.history,firm:3004887031,2010-09-24,2026-09-08T14:29:40Z,citation_topic,Written procedures not established/followed,,fda.citations.history,raw/fda.citations.history/2026/09/20260908T142940Z-955296c14fc7.json.gz,1
fda.citations.history,firm:3004887031,2010-09-24,2026-09-08T14:29:40Z,firm_key,SRISAI BIOPHARMACEUTICAL SOLUTIONS,,fda.citations.history,raw/fda.citations.history/2026/09/20260908T142940Z-955296c14fc7.json.gz,1
fda.citations.history,firm:3004887031,2010-09-24,2026-09-08T14:29:40Z,is_gmp,1,bool,fda.citations.history,raw/fda.citations.history/2026/09/20260908T142940Z-955296c14fc7.json.gz,1
fda.citations.history,firm:3004887031,2010-09-24,2026-09-08T14:29:40Z,label,SriSai Biopharmaceutical Solutions LLC,,fda.citations.history,raw/fda.citations.history/2026/09/20260908T142940Z-955296c14fc7.json.gz,1
fda.citations.history,firm:3006400017,2010-09-23,2026-09-08T14:29:40Z,cfr,21 CFR 211.188,,fda.citations.history,raw/fda.citations.history/2026/09/20260908T142940Z-955296c14fc7.json.gz,1
fda.citations.history,firm:3006400017,2010-09-23,2026-09-08T14:29:40Z,cfr,21 CFR 211.188(b)(11),,fda.citations.history,raw/fda.citations.history/2026/09/20260908T142940Z-955296c14fc7.json.gz,1
fda.citations.history,firm:3006400017,2010-09-23,2026-09-08T14:29:40Z,cfr,21 CFR 211.22(a),,fda.citations.history,raw/fda.citations.history/2026/09/20260908T142940Z-955296c14fc7.json.gz,1
fda.citations.history,firm:3006400017,2010-09-23,2026-09-08T14:29:40Z,cfr,21 CFR 211.25(a),,fda.citations.history,raw/fda.citations.history/2026/09/20260908T142940Z-955296c14fc7.json.gz,1
fda.citations.history,firm:3006400017,2010-09-23,2026-09-08T14:29:40Z,cfr,21 CFR 211.68(a),,fda.citations.history,raw/fda.citations.history/2026/09/20260908T142940Z-955296c14fc7.json.gz,1
fda.citations.history,firm:3006400017,2010-09-23,2026-09-08T14:29:40Z,cfr_part,211,part,fda.citations.history,raw/fda.citations.history/2026/09/20260908T142940Z-955296c14fc7.json.gz,1
fda.citations.history,firm:3006400017,2010-09-23,2026-09-08T14:29:40Z,citation,1,count,fda.citations.history,raw/fda.citations.history/2026/09/20260908T142940Z-955296c14fc7.json.gz,1
fda.citations.history,firm:3006400017,2010-09-23,2026-09-08T14:29:40Z,citation_topic,"Approve or reject components, products",,fda.citations.history,raw/fda.citations.history/2026/09/20260908T142940Z-955296c14fc7.json.gz,1
fda.citations.history,firm:3006400017,2010-09-23,2026-09-08T14:29:40Z,citation_topic,"Identification of persons involved, each significant step",,fda.citations.history,raw/fda.citations.history/2026/09/20260908T142940Z-955296c14fc7.json.gz,1
fda.citations.history,firm:3006400017,2010-09-23,2026-09-08T14:29:40Z,citation_topic,"Prepared for each batch, include complete information",,fda.citations.history,raw/fda.citations.history/2026/09/20260908T142940Z-955296c14fc7.json.gz,1
fda.citations.history,firm:3006400017,2010-09-23,2026-09-08T14:29:40Z,citation_topic,"Training , Education , Experience overall",,fda.citations.history,raw/fda.citations.history/2026/09/20260908T142940Z-955296c14fc7.json.gz,1
fda.citations.history,firm:3006400017,2010-09-23,2026-09-08T14:29:40Z,citation_topic,Written calibration / inspection records not  kept,,fda.citations.history,raw/fda.citations.history/2026/09/20260908T142940Z-955296c14fc7.json.gz,1
fda.citations.history,firm:3006400017,2010-09-23,2026-09-08T14:29:40Z,firm_key,MEDICOR HOMECARE,,fda.citations.history,raw/fda.citations.history/2026/09/20260908T142940Z-955296c14fc7.json.gz,1
fda.citations.history,firm:3006400017,2010-09-23,2026-09-08T14:29:40Z,is_gmp,1,bool,fda.citations.history,raw/fda.citations.history/2026/09/20260908T142940Z-955296c14fc7.json.gz,1
fda.citations.history,firm:3006400017,2010-09-23,2026-09-08T14:29:40Z,label,"Medicor Homecare, Inc.",,fda.citations.history,raw/fda.citations.history/2026/09/20260908T142940Z-955296c14fc7.json.gz,1
fda.citations.history,firm:3006420465,2010-09-20,2026-09-08T14:29:40Z,cfr,21 CFR 211.101(b),,fda.citations.history,raw/fda.citations.history/2026/09/20260908T142940Z-955296c14fc7.json.gz,1
fda.citations.history,firm:3006420465,2010-09-20,2026-09-08T14:29:40Z,cfr,21 CFR 211.125(a),,fda.citations.history,raw/fda.citations.history/2026/09/20260908T142940Z-955296c14fc7.json.gz,1
fda.citations.history,firm:3006420465,2010-09-20,2026-09-08T14:29:40Z,cfr,21 CFR 211.130(c),,fda.citations.history,raw/fda.citations.history/2026/09/20260908T142940Z-955296c14fc7.json.gz,1
fda.citations.history,firm:3006420465,2010-09-20,2026-09-08T14:29:40Z,cfr,21 CFR 211.134(a),,fda.citations.history,raw/fda.citations.history/2026/09/20260908T142940Z-955296c14fc7.json.gz,1
fda.citations.history,firm:3006420465,2010-09-20,2026-09-08T14:29:40Z,cfr,21 CFR 211.160(b)(4),,fda.citations.history,raw/fda.citations.history/2026/09/20260908T142940Z-955296c14fc7.json.gz,1
fda.citations.history,firm:3006420465,2010-09-20,2026-09-08T14:29:40Z,cfr,21 CFR 211.194(a)(8),,fda.citations.history,raw/fda.citations.history/2026/09/20260908T142940Z-955296c14fc7.json.gz,1
fda.citations.history,firm:3006420465,2010-09-20,2026-09-08T14:29:40Z,cfr,21 CFR 211.25(a),,fda.citations.history,raw/fda.citations.history/2026/09/20260908T142940Z-955296c14fc7.json.gz,1
fda.citations.history,firm:3006420465,2010-09-20,2026-09-08T14:29:40Z,cfr,21 CFR 211.80(a),,fda.citations.history,raw/fda.citations.history/2026/09/20260908T142940Z-955296c14fc7.json.gz,1
fda.citations.history,firm:3006420465,2010-09-20,2026-09-08T14:29:40Z,cfr_part,211,part,fda.citations.history,raw/fda.citations.history/2026/09/20260908T142940Z-955296c14fc7.json.gz,1
fda.citations.history,firm:3006420465,2010-09-20,2026-09-08T14:29:40Z,citation,1,count,fda.citations.history,raw/fda.citations.history/2026/09/20260908T142940Z-955296c14fc7.json.gz,1
fda.citations.history,firm:3006420465,2010-09-20,2026-09-08T14:29:40Z,citation_topic,Correct labels during finishing operations,,fda.citations.history,raw/fda.citations.history/2026/09/20260908T142940Z-955296c14fc7.json.gz,1
fda.citations.history,firm:3006420465,2010-09-20,2026-09-08T14:29:40Z,citation_topic,Establishment of calibration procedures,,fda.citations.history,raw/fda.citations.history/2026/09/20260908T142940Z-955296c14fc7.json.gz,1
fda.citations.history,firm:3006420465,2010-09-20,2026-09-08T14:29:40Z,citation_topic,Lot or control number assigned,,fda.citations.history,raw/fda.citations.history/2026/09/20260908T142940Z-955296c14fc7.json.gz,1
fda.citations.history,firm:3006420465,2010-09-20,2026-09-08T14:29:40Z,citation_topic,Measured components for manufacturing,,fda.citations.history,raw/fda.citations.history/2026/09/20260908T142940Z-955296c14fc7.json.gz,1
fda.citations.history,firm:3006420465,2010-09-20,2026-09-08T14:29:40Z,citation_topic,Second person sign off,,fda.citations.history,raw/fda.citations.history/2026/09/20260908T142940Z-955296c14fc7.json.gz,1
fda.citations.history,firm:3006420465,2010-09-20,2026-09-08T14:29:40Z,citation_topic,Strict control not exercised over labeling issued,,fda.citations.history,raw/fda.citations.history/2026/09/20260908T142940Z-955296c14fc7.json.gz,1
fda.citations.history,firm:3006420465,2010-09-20,2026-09-08T14:29:40Z,citation_topic,"Training , Education , Experience overall",,fda.citations.history,raw/fda.citations.history/2026/09/20260908T142940Z-955296c14fc7.json.gz,1
fda.citations.history,firm:3006420465,2010-09-20,2026-09-08T14:29:40Z,citation_topic,Written Procedures Not Followed,,fda.citations.history,raw/fda.citations.history/2026/09/20260908T142940Z-955296c14fc7.json.gz,1
fda.citations.history,firm:3006420465,2010-09-20,2026-09-08T14:29:40Z,firm_key,INVESTORS DBA SCM LIFE OXYGEN,,fda.citations.history,raw/fda.citations.history/2026/09/20260908T142940Z-955296c14fc7.json.gz,1
fda.citations.history,firm:3006420465,2010-09-20,2026-09-08T14:29:40Z,is_gmp,1,bool,fda.citations.history,raw/fda.citations.history/2026/09/20260908T142940Z-955296c14fc7.json.gz,1
fda.citations.history,firm:3006420465,2010-09-20,2026-09-08T14:29:40Z,label,Investors Ltd dba SCM Life Oxygen,,fda.citations.history,raw/fda.citations.history/2026/09/20260908T142940Z-955296c14fc7.json.gz,1
fda.citations.history,firm:3006854037,2010-09-24,2026-09-08T14:29:40Z,cfr,21 CFR 211.68(a),,fda.citations.history,raw/fda.citations.history/2026/09/20260908T142940Z-955296c14fc7.json.gz,1
fda.citations.history,firm:3006854037,2010-09-24,2026-09-08T14:29:40Z,cfr_part,211,part,fda.citations.history,raw/fda.citations.history/2026/09/20260908T142940Z-955296c14fc7.json.gz,1
fda.citations.history,firm:3006854037,2010-09-24,2026-09-08T14:29:40Z,citation,1,count,fda.citations.history,raw/fda.citations.history/2026/09/20260908T142940Z-955296c14fc7.json.gz,1
fda.citations.history,firm:3006854037,2010-09-24,2026-09-08T14:29:40Z,citation_topic,Calibration/Inspection/Checking not done,,fda.citations.history,raw/fda.citations.history/2026/09/20260908T142940Z-955296c14fc7.json.gz,1
fda.citations.history,firm:3006854037,2010-09-24,2026-09-08T14:29:40Z,firm_key,LIFESTREAM BLOOD BANK,,fda.citations.history,raw/fda.citations.history/2026/09/20260908T142940Z-955296c14fc7.json.gz,1
fda.citations.history,firm:3006854037,2010-09-24,2026-09-08T14:29:40Z,is_gmp,1,bool,fda.citations.history,raw/fda.citations.history/2026/09/20260908T142940Z-955296c14fc7.json.gz,1
fda.citations.history,firm:3006854037,2010-09-24,2026-09-08T14:29:40Z,label,LifeStream Blood Bank,,fda.citations.history,raw/fda.citations.history/2026/09/20260908T142940Z-955296c14fc7.json.gz,1
fda.citations.history,firm:3006892202,2010-09-30,2026-09-08T14:29:40Z,cfr,21 CFR 211.100(a),,fda.citations.history,raw/fda.citations.history/2026/09/20260908T142940Z-955296c14fc7.json.gz,1
fda.citations.history,firm:3006892202,2010-09-30,2026-09-08T14:29:40Z,cfr,21 CFR 211.113(a),,fda.citations.history,raw/fda.citations.history/2026/09/20260908T142940Z-955296c14fc7.json.gz,1
fda.citations.history,firm:3006892202,2010-09-30,2026-09-08T14:29:40Z,cfr,21 CFR 211.194(a),,fda.citations.history,raw/fda.citations.history/2026/09/20260908T142940Z-955296c14fc7.json.gz,1
fda.citations.history,firm:3006892202,2010-09-30,2026-09-08T14:29:40Z,cfr,21 CFR 211.67(b),,fda.citations.history,raw/fda.citations.history/2026/09/20260908T142940Z-955296c14fc7.json.gz,1
fda.citations.history,firm:3006892202,2010-09-30,2026-09-08T14:29:40Z,cfr_part,211,part,fda.citations.history,raw/fda.citations.history/2026/09/20260908T142940Z-955296c14fc7.json.gz,1
fda.citations.history,firm:3006892202,2010-09-30,2026-09-08T14:29:40Z,citation,1,count,fda.citations.history,raw/fda.citations.history/2026/09/20260908T142940Z-955296c14fc7.json.gz,1
fda.citations.history,firm:3006892202,2010-09-30,2026-09-08T14:29:40Z,citation_topic,Absence of Written Procedures,,fda.citations.history,raw/fda.citations.history/2026/09/20260908T142940Z-955296c14fc7.json.gz,1
fda.citations.history,firm:3006892202,2010-09-30,2026-09-08T14:29:40Z,citation_topic,Complete test data included in records,,fda.citations.history,raw/fda.citations.history/2026/09/20260908T142940Z-955296c14fc7.json.gz,1
fda.citations.history,firm:3006892202,2010-09-30,2026-09-08T14:29:40Z,citation_topic,Procedures for non-sterile drug products,,fda.citations.history,raw/fda.citations.history/2026/09/20260908T142940Z-955296c14fc7.json.gz,1
fda.citations.history,firm:3006892202,2010-09-30,2026-09-08T14:29:40Z,citation_topic,Written procedures not established/followed,,fda.citations.history,raw/fda.citations.history/2026/09/20260908T142940Z-955296c14fc7.json.gz,1
fda.citations.history,firm:3006892202,2010-09-30,2026-09-08T14:29:40Z,firm_key,PHYTOGENX,,fda.citations.history,raw/fda.citations.history/2026/09/20260908T142940Z-955296c14fc7.json.gz,1
fda.citations.history,firm:3006892202,2010-09-30,2026-09-08T14:29:40Z,is_gmp,1,bool,fda.citations.history,raw/fda.citations.history/2026/09/20260908T142940Z-955296c14fc7.json.gz,1
fda.citations.history,firm:3006892202,2010-09-30,2026-09-08T14:29:40Z,label,"PhytogenX, Inc.",,fda.citations.history,raw/fda.citations.history/2026/09/20260908T142940Z-955296c14fc7.json.gz,1
fda.citations.history,firm:3007291509,2010-09-23,2026-09-08T14:29:40Z,cfr,21 CFR 211.160(b),,fda.citations.history,raw/fda.citations.history/2026/09/20260908T142940Z-955296c14fc7.json.gz,1
fda.citations.history,firm:3007291509,2010-09-23,2026-09-08T14:29:40Z,cfr,21 CFR 211.25(a),,fda.citations.history,raw/fda.citations.history/2026/09/20260908T142940Z-955296c14fc7.json.gz,1
fda.citations.history,firm:3007291509,2010-09-23,2026-09-08T14:29:40Z,cfr_part,211,part,fda.citations.history,raw/fda.citations.history/2026/09/20260908T142940Z-955296c14fc7.json.gz,1
fda.citations.history,firm:3007291509,2010-09-23,2026-09-08T14:29:40Z,citation,1,count,fda.citations.history,raw/fda.citations.history/2026/09/20260908T142940Z-955296c14fc7.json.gz,1
fda.citations.history,firm:3007291509,2010-09-23,2026-09-08T14:29:40Z,citation_topic,GMP Training Frequency,,fda.citations.history,raw/fda.citations.history/2026/09/20260908T142940Z-955296c14fc7.json.gz,1
fda.citations.history,firm:3007291509,2010-09-23,2026-09-08T14:29:40Z,citation_topic,Scientifically sound laboratory controls,,fda.citations.history,raw/fda.citations.history/2026/09/20260908T142940Z-955296c14fc7.json.gz,1
fda.citations.history,firm:3007291509,2010-09-23,2026-09-08T14:29:40Z,firm_key,GRACE ANALYTICAL,,fda.citations.history,raw/fda.citations.history/2026/09/20260908T142940Z-955296c14fc7.json.gz,1
fda.citations.history,firm:3007291509,2010-09-23,2026-09-08T14:29:40Z,is_gmp,1,bool,fda.citations.history,raw/fda.citations.history/2026/09/20260908T142940Z-955296c14fc7.json.gz,1
fda.citations.history,firm:3007291509,2010-09-23,2026-09-08T14:29:40Z,label,Grace Analytical Lab Inc,,fda.citations.history,raw/fda.citations.history/2026/09/20260908T142940Z-955296c14fc7.json.gz,1
fda.citations.history,firm:3007466295,2010-09-27,2026-09-08T14:29:40Z,cfr,21 CFR 211.165(a),,fda.citations.history,raw/fda.citations.history/2026/09/20260908T142940Z-955296c14fc7.json.gz,1
fda.citations.history,firm:3007466295,2010-09-27,2026-09-08T14:29:40Z,cfr,21 CFR 211.68(a),,fda.citations.history,raw/fda.citations.history/2026/09/20260908T142940Z-955296c14fc7.json.gz,1
fda.citations.history,firm:3007466295,2010-09-27,2026-09-08T14:29:40Z,cfr_part,211,part,fda.citations.history,raw/fda.citations.history/2026/09/20260908T142940Z-955296c14fc7.json.gz,1
fda.citations.history,firm:3007466295,2010-09-27,2026-09-08T14:29:40Z,citation,1,count,fda.citations.history,raw/fda.citations.history/2026/09/20260908T142940Z-955296c14fc7.json.gz,1
fda.citations.history,firm:3007466295,2010-09-27,2026-09-08T14:29:40Z,citation_topic,Calibration/Inspection/Checking not done,,fda.citations.history,raw/fda.citations.history/2026/09/20260908T142940Z-955296c14fc7.json.gz,1
fda.citations.history,firm:3007466295,2010-09-27,2026-09-08T14:29:40Z,citation_topic,Testing and release for distribution,,fda.citations.history,raw/fda.citations.history/2026/09/20260908T142940Z-955296c14fc7.json.gz,1
fda.citations.history,firm:3007466295,2010-09-27,2026-09-08T14:29:40Z,firm_key,PUREPOINT,,fda.citations.history,raw/fda.citations.history/2026/09/20260908T142940Z-955296c14fc7.json.gz,1
fda.citations.history,firm:3007466295,2010-09-27,2026-09-08T14:29:40Z,is_gmp,1,bool,fda.citations.history,raw/fda.citations.history/2026/09/20260908T142940Z-955296c14fc7.json.gz,1
fda.citations.history,firm:3007466295,2010-09-27,2026-09-08T14:29:40Z,label,Purepoint Inc.,,fda.citations.history,raw/fda.citations.history/2026/09/20260908T142940Z-955296c14fc7.json.gz,1
fda.citations.history,firm:3007518432,2010-09-16,2026-09-08T14:29:40Z,cfr,21 CFR 211.25(a),,fda.citations.history,raw/fda.citations.history/2026/09/20260908T142940Z-955296c14fc7.json.gz,1
fda.citations.history,firm:3007518432,2010-09-16,2026-09-08T14:29:40Z,cfr,21 CFR 314.80(c)(1)(i),,fda.citations.history,raw/fda.citations.history/2026/09/20260908T142940Z-955296c14fc7.json.gz,1
fda.citations.history,firm:3007518432,2010-09-16,2026-09-08T14:29:40Z,cfr,21 CFR 314.80(c)(2),,fda.citations.history,raw/fda.citations.history/2026/09/20260908T142940Z-955296c14fc7.json.gz,1
fda.citations.history,firm:3007518432,2010-09-16,2026-09-08T14:29:40Z,cfr_part,211,part,fda.citations.history,raw/fda.citations.history/2026/09/20260908T142940Z-955296c14fc7.json.gz,1
fda.citations.history,firm:3007518432,2010-09-16,2026-09-08T14:29:40Z,cfr_part,314,part,fda.citations.history,raw/fda.citations.history/2026/09/20260908T142940Z-955296c14fc7.json.gz,1
fda.citations.history,firm:3007518432,2010-09-16,2026-09-08T14:29:40Z,citation,1,count,fda.citations.history,raw/fda.citations.history/2026/09/20260908T142940Z-955296c14fc7.json.gz,1
fda.citations.history,firm:3007518432,2010-09-16,2026-09-08T14:29:40Z,citation_topic,Late submission of 15-day report,,fda.citations.history,raw/fda.citations.history/2026/09/20260908T142940Z-955296c14fc7.json.gz,1
fda.citations.history,firm:3007518432,2010-09-16,2026-09-08T14:29:40Z,citation_topic,Late submission of quarterly safety reports,,fda.citations.history,raw/fda.citations.history/2026/09/20260908T142940Z-955296c14fc7.json.gz,1
fda.citations.history,firm:3007518432,2010-09-16,2026-09-08T14:29:40Z,citation_topic,"Training--operations, GMPs, written procedures",,fda.citations.history,raw/fda.citations.history/2026/09/20260908T142940Z-955296c14fc7.json.gz,1
fda.citations.history,firm:3007518432,2010-09-16,2026-09-08T14:29:40Z,firm_key,ACCORD HEALTHCARE,,fda.citations.history,raw/fda.citations.history/2026/09/20260908T142940Z-955296c14fc7.json.gz,1
fda.citations.history,firm:3007518432,2010-09-16,2026-09-08T14:29:40Z,is_gmp,0,bool,fda.citations.history,raw/fda.citations.history/2026/09/20260908T142940Z-955296c14fc7.json.gz,1
fda.citations.history,firm:3007518432,2010-09-16,2026-09-08T14:29:40Z,is_gmp,1,bool,fda.citations.history,raw/fda.citations.history/2026/09/20260908T142940Z-955296c14fc7.json.gz,1
fda.citations.history,firm:3007518432,2010-09-16,2026-09-08T14:29:40Z,label,"Accord Healthcare, Inc.",,fda.citations.history,raw/fda.citations.history/2026/09/20260908T142940Z-955296c14fc7.json.gz,1
fda.citations.history,firm:3008468946,2010-09-30,2026-09-08T14:29:40Z,cfr,21 CFR 211.150,,fda.citations.history,raw/fda.citations.history/2026/09/20260908T142940Z-955296c14fc7.json.gz,1
fda.citations.history,firm:3008468946,2010-09-30,2026-09-08T14:29:40Z,cfr,21 CFR 211.198(a),,fda.citations.history,raw/fda.citations.history/2026/09/20260908T142940Z-955296c14fc7.json.gz,1
fda.citations.history,firm:3008468946,2010-09-30,2026-09-08T14:29:40Z,cfr,21 CFR 211.204,,fda.citations.history,raw/fda.citations.history/2026/09/20260908T142940Z-955296c14fc7.json.gz,1
fda.citations.history,firm:3008468946,2010-09-30,2026-09-08T14:29:40Z,cfr,21 CFR 211.208,,fda.citations.history,raw/fda.citations.history/2026/09/20260908T142940Z-955296c14fc7.json.gz,1
fda.citations.history,firm:3008468946,2010-09-30,2026-09-08T14:29:40Z,cfr,21 CFR 211.22(a),,fda.citations.history,raw/fda.citations.history/2026/09/20260908T142940Z-955296c14fc7.json.gz,1
fda.citations.history,firm:3008468946,2010-09-30,2026-09-08T14:29:40Z,cfr_part,211,part,fda.citations.history,raw/fda.citations.history/2026/09/20260908T142940Z-955296c14fc7.json.gz,1
fda.citations.history,firm:3008468946,2010-09-30,2026-09-08T14:29:40Z,citation,1,count,fda.citations.history,raw/fda.citations.history/2026/09/20260908T142940Z-955296c14fc7.json.gz,1
fda.citations.history,firm:3008468946,2010-09-30,2026-09-08T14:29:40Z,citation_topic,Adverse Drug Experience,,fda.citations.history,raw/fda.citations.history/2026/09/20260908T142940Z-955296c14fc7.json.gz,1
fda.citations.history,firm:3008468946,2010-09-30,2026-09-08T14:29:40Z,citation_topic,Complaint Handling Procedure,,fda.citations.history,raw/fda.citations.history/2026/09/20260908T142940Z-955296c14fc7.json.gz,1
fda.citations.history,firm:3008468946,2010-09-30,2026-09-08T14:29:40Z,citation_topic,Lack of quality control unit,,fda.citations.history,raw/fda.citations.history/2026/09/20260908T142940Z-955296c14fc7.json.gz,1
fda.citations.history,firm:3008468946,2010-09-30,2026-09-08T14:29:40Z,citation_topic,No records maintained,,fda.citations.history,raw/fda.citations.history/2026/09/20260908T142940Z-955296c14fc7.json.gz,1
fda.citations.history,firm:3008468946,2010-09-30,2026-09-08T14:29:40Z,citation_topic,Returned drug procedures in writing and followed,,fda.citations.history,raw/fda.citations.history/2026/09/20260908T142940Z-955296c14fc7.json.gz,1
fda.citations.history,firm:3008468946,2010-09-30,2026-09-08T14:29:40Z,citation_topic,Written distribution procedure,,fda.citations.history,raw/fda.citations.history/2026/09/20260908T142940Z-955296c14fc7.json.gz,1
fda.citations.history,firm:3008468946,2010-09-30,2026-09-08T14:29:40Z,firm_key,LLORENS DIVISION,,fda.citations.history,raw/fda.citations.history/2026/09/20260908T142940Z-955296c14fc7.json.gz,1
fda.citations.history,firm:3008468946,2010-09-30,2026-09-08T14:29:40Z,is_gmp,1,bool,fda.citations.history,raw/fda.citations.history/2026/09/20260908T142940Z-955296c14fc7.json.gz,1
fda.citations.history,firm:3008468946,2010-09-30,2026-09-08T14:29:40Z,label,"Llorens Pharmaceuticals International Division, Inc.",,fda.citations.history,raw/fda.citations.history/2026/09/20260908T142940Z-955296c14fc7.json.gz,1
fda.citations.history,firm:3008525239,2010-09-14,2026-09-08T14:29:40Z,cfr,21 CFR 211.105(b),,fda.citations.history,raw/fda.citations.history/2026/09/20260908T142940Z-955296c14fc7.json.gz,1
fda.citations.history,firm:3008525239,2010-09-14,2026-09-08T14:29:40Z,cfr,21 CFR 211.166(a),,fda.citations.history,raw/fda.citations.history/2026/09/20260908T142940Z-955296c14fc7.json.gz,1
fda.citations.history,firm:3008525239,2010-09-14,2026-09-08T14:29:40Z,cfr,21 CFR 211.170(b),,fda.citations.history,raw/fda.citations.history/2026/09/20260908T142940Z-955296c14fc7.json.gz,1
fda.citations.history,firm:3008525239,2010-09-14,2026-09-08T14:29:40Z,cfr,21 CFR 211.188(b)(4),,fda.citations.history,raw/fda.citations.history/2026/09/20260908T142940Z-955296c14fc7.json.gz,1
fda.citations.history,firm:3008525239,2010-09-14,2026-09-08T14:29:40Z,cfr,21 CFR 211.188(b)(8),,fda.citations.history,raw/fda.citations.history/2026/09/20260908T142940Z-955296c14fc7.json.gz,1
fda.citations.history,firm:3008525239,2010-09-14,2026-09-08T14:29:40Z,cfr,21 CFR 211.22(d),,fda.citations.history,raw/fda.citations.history/2026/09/20260908T142940Z-955296c14fc7.json.gz,1
fda.citations.history,firm:3008525239,2010-09-14,2026-09-08T14:29:40Z,cfr,21 CFR 211.25(a),,fda.citations.history,raw/fda.citations.history/2026/09/20260908T142940Z-955296c14fc7.json.gz,1
fda.citations.history,firm:3008525239,2010-09-14,2026-09-08T14:29:40Z,cfr,21 CFR 211.80(d),,fda.citations.history,raw/fda.citations.history/2026/09/20260908T142940Z-955296c14fc7.json.gz,1
fda.citations.history,firm:3008525239,2010-09-14,2026-09-08T14:29:40Z,cfr_part,211,part,fda.citations.history,raw/fda.citations.history/2026/09/20260908T142940Z-955296c14fc7.json.gz,1
fda.citations.history,firm:3008525239,2010-09-14,2026-09-08T14:29:40Z,citation,1,count,fda.citations.history,raw/fda.citations.history/2026/09/20260908T142940Z-955296c14fc7.json.gz,1
fda.citations.history,firm:3008525239,2010-09-14,2026-09-08T14:29:40Z,citation_topic,Distinctive ID or code not recorded in batch record,,fda.citations.history,raw/fda.citations.history/2026/09/20260908T142940Z-955296c14fc7.json.gz,1
fda.citations.history,firm:3008525239,2010-09-14,2026-09-08T14:29:40Z,citation_topic,Labeling control records including specimens or copies,,fda.citations.history,raw/fda.citations.history/2026/09/20260908T142940Z-955296c14fc7.json.gz,1
fda.citations.history,firm:3008525239,2010-09-14,2026-09-08T14:29:40Z,citation_topic,Lack of written stability program,,fda.citations.history,raw/fda.citations.history/2026/09/20260908T142940Z-955296c14fc7.json.gz,1
fda.citations.history,firm:3008525239,2010-09-14,2026-09-08T14:29:40Z,citation_topic,"Procedures not  in writing, fully followed",,fda.citations.history,raw/fda.citations.history/2026/09/20260908T142940Z-955296c14fc7.json.gz,1
fda.citations.history,firm:3008525239,2010-09-14,2026-09-08T14:29:40Z,citation_topic,Reserve drug product sample quantity - all tests,,fda.citations.history,raw/fda.citations.history/2026/09/20260908T142940Z-955296c14fc7.json.gz,1
fda.citations.history,firm:3008525239,2010-09-14,2026-09-08T14:29:40Z,citation_topic,Status of Each Lot Identified,,fda.citations.history,raw/fda.citations.history/2026/09/20260908T142940Z-955296c14fc7.json.gz,1
fda.citations.history,firm:3008525239,2010-09-14,2026-09-08T14:29:40Z,citation_topic,"Training--operations, GMPs, written procedures",,fda.citations.history,raw/fda.citations.history/2026/09/20260908T142940Z-955296c14fc7.json.gz,1
fda.citations.history,firm:3008525239,2010-09-14,2026-09-08T14:29:40Z,citation_topic,Weights and measures of components used,,fda.citations.history,raw/fda.citations.history/2026/09/20260908T142940Z-955296c14fc7.json.gz,1
fda.citations.history,firm:3008525239,2010-09-14,2026-09-08T14:29:40Z,firm_key,ZORRO TECHNOLOGY,,fda.citations.history,raw/fda.citations.history/2026/09/20260908T142940Z-955296c14fc7.json.gz,1
fda.citations.history,firm:3008525239,2010-09-14,2026-09-08T14:29:40Z,is_gmp,1,bool,fda.citations.history,raw/fda.citations.history/2026/09/20260908T142940Z-955296c14fc7.json.gz,1
fda.citations.history,firm:3008525239,2010-09-14,2026-09-08T14:29:40Z,label,"Zorro Technology, Inc.",,fda.citations.history,raw/fda.citations.history/2026/09/20260908T142940Z-955296c14fc7.json.gz,1
fda.citations.history,firm:3008547897,2010-09-29,2026-09-08T14:29:40Z,cfr,21 CFR 211.100(a),,fda.citations.history,raw/fda.citations.history/2026/09/20260908T142940Z-955296c14fc7.json.gz,1
fda.citations.history,firm:3008547897,2010-09-29,2026-09-08T14:29:40Z,cfr,21 CFR 211.165(a),,fda.citations.history,raw/fda.citations.history/2026/09/20260908T142940Z-955296c14fc7.json.gz,1
fda.citations.history,firm:3008547897,2010-09-29,2026-09-08T14:29:40Z,cfr,21 CFR 211.22(a),,fda.citations.history,raw/fda.citations.history/2026/09/20260908T142940Z-955296c14fc7.json.gz,1
fda.citations.history,firm:3008547897,2010-09-29,2026-09-08T14:29:40Z,cfr,21 CFR 211.25(a),,fda.citations.history,raw/fda.citations.history/2026/09/20260908T142940Z-955296c14fc7.json.gz,1
fda.citations.history,firm:3008547897,2010-09-29,2026-09-08T14:29:40Z,cfr_part,211,part,fda.citations.history,raw/fda.citations.history/2026/09/20260908T142940Z-955296c14fc7.json.gz,1
fda.citations.history,firm:3008547897,2010-09-29,2026-09-08T14:29:40Z,citation,1,count,fda.citations.history,raw/fda.citations.history/2026/09/20260908T142940Z-955296c14fc7.json.gz,1
fda.citations.history,firm:3008547897,2010-09-29,2026-09-08T14:29:40Z,citation_topic,Absence of Written Procedures,,fda.citations.history,raw/fda.citations.history/2026/09/20260908T142940Z-955296c14fc7.json.gz,1
fda.citations.history,firm:3008547897,2010-09-29,2026-09-08T14:29:40Z,citation_topic,Lack of quality control unit,,fda.citations.history,raw/fda.citations.history/2026/09/20260908T142940Z-955296c14fc7.json.gz,1
fda.citations.history,firm:3008547897,2010-09-29,2026-09-08T14:29:40Z,citation_topic,Testing and release for distribution,,fda.citations.history,raw/fda.citations.history/2026/09/20260908T142940Z-955296c14fc7.json.gz,1
fda.citations.history,firm:3008547897,2010-09-29,2026-09-08T14:29:40Z,citation_topic,"Training--operations, GMPs, written procedures",,fda.citations.history,raw/fda.citations.history/2026/09/20260908T142940Z-955296c14fc7.json.gz,1
fda.citations.history,firm:3008547897,2010-09-29,2026-09-08T14:29:40Z,firm_key,PUNXSY MEDICAL SUPPLY,,fda.citations.history,raw/fda.citations.history/2026/09/20260908T142940Z-955296c14fc7.json.gz,1
fda.citations.history,firm:3008547897,2010-09-29,2026-09-08T14:29:40Z,is_gmp,1,bool,fda.citations.history,raw/fda.citations.history/2026/09/20260908T142940Z-955296c14fc7.json.gz,1
fda.citations.history,firm:3008547897,2010-09-29,2026-09-08T14:29:40Z,label,Punxsy Medical Supply,,fda.citations.history,raw/fda.citations.history/2026/09/20260908T142940Z-955296c14fc7.json.gz,1
fda.citations.history,firm:3012681020,2010-09-27,2026-09-08T14:29:40Z,cfr,21 CFR 211.100(a),,fda.citations.history,raw/fda.citations.history/2026/09/20260908T142940Z-955296c14fc7.json.gz,1
fda.citations.history,firm:3012681020,2010-09-27,2026-09-08T14:29:40Z,cfr,21 CFR 211.180(e),,fda.citations.history,raw/fda.citations.history/2026/09/20260908T142940Z-955296c14fc7.json.gz,1
fda.citations.history,firm:3012681020,2010-09-27,2026-09-08T14:29:40Z,cfr,21 CFR 211.63,,fda.citations.history,raw/fda.citations.history/2026/09/20260908T142940Z-955296c14fc7.json.gz,1
fda.citations.history,firm:3012681020,2010-09-27,2026-09-08T14:29:40Z,cfr,21 CFR 211.67(b),,fda.citations.history,raw/fda.citations.history/2026/09/20260908T142940Z-955296c14fc7.json.gz,1
fda.citations.history,firm:3012681020,2010-09-27,2026-09-08T14:29:40Z,cfr,21 CFR 211.84(d)(2),,fda.citations.history,raw/fda.citations.history/2026/09/20260908T142940Z-955296c14fc7.json.gz,1
fda.citations.history,firm:3012681020,2010-09-27,2026-09-08T14:29:40Z,cfr_part,211,part,fda.citations.history,raw/fda.citations.history/2026/09/20260908T142940Z-955296c14fc7.json.gz,1
fda.citations.history,firm:3012681020,2010-09-27,2026-09-08T14:29:40Z,citation,1,count,fda.citations.history,raw/fda.citations.history/2026/09/20260908T142940Z-955296c14fc7.json.gz,1
fda.citations.history,firm:3012681020,2010-09-27,2026-09-08T14:29:40Z,citation_topic,Absence of Written Procedures,,fda.citations.history,raw/fda.citations.history/2026/09/20260908T142940Z-955296c14fc7.json.gz,1
fda.citations.history,firm:3012681020,2010-09-27,2026-09-08T14:29:40Z,citation_topic,"Equipment Design, Size and Location",,fda.citations.history,raw/fda.citations.history/2026/09/20260908T142940Z-955296c14fc7.json.gz,1
fda.citations.history,firm:3012681020,2010-09-27,2026-09-08T14:29:40Z,citation_topic,Establish reliability of supplier's C of A,,fda.citations.history,raw/fda.citations.history/2026/09/20260908T142940Z-955296c14fc7.json.gz,1
fda.citations.history,firm:3012681020,2010-09-27,2026-09-08T14:29:40Z,citation_topic,Records reviewed annually,,fda.citations.history,raw/fda.citations.history/2026/09/20260908T142940Z-955296c14fc7.json.gz,1
fda.citations.history,firm:3012681020,2010-09-27,2026-09-08T14:29:40Z,citation_topic,Written procedures not established/followed,,fda.citations.history,raw/fda.citations.history/2026/09/20260908T142940Z-955296c14fc7.json.gz,1
fda.citations.history,firm:3012681020,2010-09-27,2026-09-08T14:29:40Z,firm_key,LIFETECH RESOURCES,,fda.citations.history,raw/fda.citations.history/2026/09/20260908T142940Z-955296c14fc7.json.gz,1
fda.citations.history,firm:3012681020,2010-09-27,2026-09-08T14:29:40Z,is_gmp,1,bool,fda.citations.history,raw/fda.citations.history/2026/09/20260908T142940Z-955296c14fc7.json.gz,1
fda.citations.history,firm:3012681020,2010-09-27,2026-09-08T14:29:40Z,label,Lifetech Resources LLC,,fda.citations.history,raw/fda.citations.history/2026/09/20260908T142940Z-955296c14fc7.json.gz,1
fda.citations.history,firm:3017140511,2010-09-08,2026-09-08T14:29:40Z,cfr,21 CFR 211.165(e),,fda.citations.history,raw/fda.citations.history/2026/09/20260908T142940Z-955296c14fc7.json.gz,1
fda.citations.history,firm:3017140511,2010-09-08,2026-09-08T14:29:40Z,cfr,21 CFR 211.194(a)(2),,fda.citations.history,raw/fda.citations.history/2026/09/20260908T142940Z-955296c14fc7.json.gz,1
fda.citations.history,firm:3017140511,2010-09-08,2026-09-08T14:29:40Z,cfr,21 CFR 211.22(d),,fda.citations.history,raw/fda.citations.history/2026/09/20260908T142940Z-955296c14fc7.json.gz,1
fda.citations.history,firm:3017140511,2010-09-08,2026-09-08T14:29:40Z,cfr_part,211,part,fda.citations.history,raw/fda.citations.history/2026/09/20260908T142940Z-955296c14fc7.json.gz,1
fda.citations.history,firm:3017140511,2010-09-08,2026-09-08T14:29:40Z,citation,1,count,fda.citations.history,raw/fda.citations.history/2026/09/20260908T142940Z-955296c14fc7.json.gz,1
fda.citations.history,firm:3017140511,2010-09-08,2026-09-08T14:29:40Z,citation_topic,"Procedures not  in writing, fully followed",,fda.citations.history,raw/fda.citations.history/2026/09/20260908T142940Z-955296c14fc7.json.gz,1
fda.citations.history,firm:3017140511,2010-09-08,2026-09-08T14:29:40Z,citation_topic,Suitability of testing methods verified,,fda.citations.history,raw/fda.citations.history/2026/09/20260908T142940Z-955296c14fc7.json.gz,1
fda.citations.history,firm:3017140511,2010-09-08,2026-09-08T14:29:40Z,citation_topic,Test methods,,fda.citations.history,raw/fda.citations.history/2026/09/20260908T142940Z-955296c14fc7.json.gz,1
fda.citations.history,firm:3017140511,2010-09-08,2026-09-08T14:29:40Z,firm_key,LGM SOLUTIONS,,fda.citations.history,raw/fda.citations.history/2026/09/20260908T142940Z-955296c14fc7.json.gz,1
fda.citations.history,firm:3017140511,2010-09-08,2026-09-08T14:29:40Z,is_gmp,1,bool,fda.citations.history,raw/fda.citations.history/2026/09/20260908T142940Z-955296c14fc7.json.gz,1
fda.citations.history,firm:3017140511,2010-09-08,2026-09-08T14:29:40Z,label,"LGM Pharma Solutions, LLC.",,fda.citations.history,raw/fda.citations.history/2026/09/20260908T142940Z-955296c14fc7.json.gz,1
fda.complianceactions.drugs,firm:1000049118,2010-09-27,2026-09-07T21:01:42Z,action_taken,20100927,yyyymmdd,fda.complianceactions.drugs,raw/fda.complianceactions.drugs/2026/09/20260907T210142Z-90b93f350b34.json.gz,1
fda.complianceactions.drugs,firm:1000049118,2010-09-27,2026-09-07T21:01:42Z,action_warning_letter,1,count,fda.complianceactions.drugs,raw/fda.complianceactions.drugs/2026/09/20260907T210142Z-90b93f350b34.json.gz,1
fda.complianceactions.drugs,firm:1000049118,2010-09-27,2026-09-07T21:01:42Z,compliance_action,1,count,fda.complianceactions.drugs,raw/fda.complianceactions.drugs/2026/09/20260907T210142Z-90b93f350b34.json.gz,1
fda.complianceactions.drugs,firm:1000049118,2010-09-27,2026-09-07T21:01:42Z,firm_key,WALGREEN,,fda.complianceactions.drugs,raw/fda.complianceactions.drugs/2026/09/20260907T210142Z-90b93f350b34.json.gz,1
fda.complianceactions.drugs,firm:1000049118,2010-09-27,2026-09-07T21:01:42Z,is_foreign,0,bool,fda.complianceactions.drugs,raw/fda.complianceactions.drugs/2026/09/20260907T210142Z-90b93f350b34.json.gz,1
fda.complianceactions.drugs,firm:1000049118,2010-09-27,2026-09-07T21:01:42Z,label,Walgreen Co,,fda.complianceactions.drugs,raw/fda.complianceactions.drugs/2026/09/20260907T210142Z-90b93f350b34.json.gz,1
fda.complianceactions.drugs,firm:1000208724,2010-09-09,2026-09-07T21:01:42Z,action_taken,20100909,yyyymmdd,fda.complianceactions.drugs,raw/fda.complianceactions.drugs/2026/09/20260907T210142Z-90b93f350b34.json.gz,1
fda.complianceactions.drugs,firm:1000208724,2010-09-09,2026-09-07T21:01:42Z,action_warning_letter,1,count,fda.complianceactions.drugs,raw/fda.complianceactions.drugs/2026/09/20260907T210142Z-90b93f350b34.json.gz,1
fda.complianceactions.drugs,firm:1000208724,2010-09-09,2026-09-07T21:01:42Z,compliance_action,1,count,fda.complianceactions.drugs,raw/fda.complianceactions.drugs/2026/09/20260907T210142Z-90b93f350b34.json.gz,1
fda.complianceactions.drugs,firm:1000208724,2010-09-09,2026-09-07T21:01:42Z,firm_key,ABSOLUTE NATURAL BLENDERS,,fda.complianceactions.drugs,raw/fda.complianceactions.drugs/2026/09/20260907T210142Z-90b93f350b34.json.gz,1
fda.complianceactions.drugs,firm:1000208724,2010-09-09,2026-09-07T21:01:42Z,is_foreign,0,bool,fda.complianceactions.drugs,raw/fda.complianceactions.drugs/2026/09/20260907T210142Z-90b93f350b34.json.gz,1
fda.complianceactions.drugs,firm:1000208724,2010-09-09,2026-09-07T21:01:42Z,label,"Absolute Natural Blenders, Inc.",,fda.complianceactions.drugs,raw/fda.complianceactions.drugs/2026/09/20260907T210142Z-90b93f350b34.json.gz,1
fda.complianceactions.drugs,firm:1000627334,2010-09-30,2026-09-07T21:01:42Z,action_taken,20100930,yyyymmdd,fda.complianceactions.drugs,raw/fda.complianceactions.drugs/2026/09/20260907T210142Z-90b93f350b34.json.gz,1
fda.complianceactions.drugs,firm:1000627334,2010-09-30,2026-09-07T21:01:42Z,action_warning_letter,1,count,fda.complianceactions.drugs,raw/fda.complianceactions.drugs/2026/09/20260907T210142Z-90b93f350b34.json.gz,1
fda.complianceactions.drugs,firm:1000627334,2010-09-30,2026-09-07T21:01:42Z,compliance_action,1,count,fda.complianceactions.drugs,raw/fda.complianceactions.drugs/2026/09/20260907T210142Z-90b93f350b34.json.gz,1
fda.complianceactions.drugs,firm:1000627334,2010-09-30,2026-09-07T21:01:42Z,firm_key,LABORATORIA QUALIPHAR,,fda.complianceactions.drugs,raw/fda.complianceactions.drugs/2026/09/20260907T210142Z-90b93f350b34.json.gz,1
fda.complianceactions.drugs,firm:1000627334,2010-09-30,2026-09-07T21:01:42Z,is_foreign,1,bool,fda.complianceactions.drugs,raw/fda.complianceactions.drugs/2026/09/20260907T210142Z-90b93f350b34.json.gz,1
fda.complianceactions.drugs,firm:1000627334,2010-09-30,2026-09-07T21:01:42Z,label,Laboratoria Qualiphar NV,,fda.complianceactions.drugs,raw/fda.complianceactions.drugs/2026/09/20260907T210142Z-90b93f350b34.json.gz,1
fda.complianceactions.drugs,firm:1217081,2010-09-27,2026-09-07T21:01:42Z,action_taken,20100927,yyyymmdd,fda.complianceactions.drugs,raw/fda.complianceactions.drugs/2026/09/20260907T210142Z-90b93f350b34.json.gz,1
fda.complianceactions.drugs,firm:1217081,2010-09-27,2026-09-07T21:01:42Z,action_warning_letter,1,count,fda.complianceactions.drugs,raw/fda.complianceactions.drugs/2026/09/20260907T210142Z-90b93f350b34.json.gz,1
fda.complianceactions.drugs,firm:1217081,2010-09-27,2026-09-07T21:01:42Z,compliance_action,1,count,fda.complianceactions.drugs,raw/fda.complianceactions.drugs/2026/09/20260907T210142Z-90b93f350b34.json.gz,1
fda.complianceactions.drugs,firm:1217081,2010-09-27,2026-09-07T21:01:42Z,firm_key,CVS HEALTH,,fda.complianceactions.drugs,raw/fda.complianceactions.drugs/2026/09/20260907T210142Z-90b93f350b34.json.gz,1
fda.complianceactions.drugs,firm:1217081,2010-09-27,2026-09-07T21:01:42Z,is_foreign,0,bool,fda.complianceactions.drugs,raw/fda.complianceactions.drugs/2026/09/20260907T210142Z-90b93f350b34.json.gz,1
fda.complianceactions.drugs,firm:1217081,2010-09-27,2026-09-07T21:01:42Z,label,CVS Health,,fda.complianceactions.drugs,raw/fda.complianceactions.drugs/2026/09/20260907T210142Z-90b93f350b34.json.gz,1
fda.complianceactions.drugs,firm:1717927,2010-09-27,2026-09-07T21:01:42Z,action_taken,20100927,yyyymmdd,fda.complianceactions.drugs,raw/fda.complianceactions.drugs/2026/09/20260907T210142Z-90b93f350b34.json.gz,1
fda.complianceactions.drugs,firm:1717927,2010-09-27,2026-09-07T21:01:42Z,action_warning_letter,1,count,fda.complianceactions.drugs,raw/fda.complianceactions.drugs/2026/09/20260907T210142Z-90b93f350b34.json.gz,1
fda.complianceactions.drugs,firm:1717927,2010-09-27,2026-09-07T21:01:42Z,compliance_action,1,count,fda.complianceactions.drugs,raw/fda.complianceactions.drugs/2026/09/20260907T210142Z-90b93f350b34.json.gz,1
fda.complianceactions.drugs,firm:1717927,2010-09-27,2026-09-07T21:01:42Z,firm_key,NEW GENERATION WELLNESS,,fda.complianceactions.drugs,raw/fda.complianceactions.drugs/2026/09/20260907T210142Z-90b93f350b34.json.gz,1
fda.complianceactions.drugs,firm:1717927,2010-09-27,2026-09-07T21:01:42Z,is_foreign,0,bool,fda.complianceactions.drugs,raw/fda.complianceactions.drugs/2026/09/20260907T210142Z-90b93f350b34.json.gz,1
fda.complianceactions.drugs,firm:1717927,2010-09-27,2026-09-07T21:01:42Z,label,New Generation Wellness Inc.,,fda.complianceactions.drugs,raw/fda.complianceactions.drugs/2026/09/20260907T210142Z-90b93f350b34.json.gz,1
fda.complianceactions.drugs,firm:1832751,2010-09-09,2026-09-07T21:01:42Z,action_taken,20100909,yyyymmdd,fda.complianceactions.drugs,raw/fda.complianceactions.drugs/2026/09/20260907T210142Z-90b93f350b34.json.gz,1
fda.complianceactions.drugs,firm:1832751,2010-09-09,2026-09-07T21:01:42Z,action_warning_letter,1,count,fda.complianceactions.drugs,raw/fda.complianceactions.drugs/2026/09/20260907T210142Z-90b93f350b34.json.gz,1
fda.complianceactions.drugs,firm:1832751,2010-09-09,2026-09-07T21:01:42Z,compliance_action,1,count,fda.complianceactions.drugs,raw/fda.complianceactions.drugs/2026/09/20260907T210142Z-90b93f350b34.json.gz,1
fda.complianceactions.drugs,firm:1832751,2010-09-09,2026-09-07T21:01:42Z,firm_key,BAY REGIONAL MEDICAL CENTER IRB,,fda.complianceactions.drugs,raw/fda.complianceactions.drugs/2026/09/20260907T210142Z-90b93f350b34.json.gz,1
fda.complianceactions.drugs,firm:1832751,2010-09-09,2026-09-07T21:01:42Z,is_foreign,0,bool,fda.complianceactions.drugs,raw/fda.complianceactions.drugs/2026/09/20260907T210142Z-90b93f350b34.json.gz,1
fda.complianceactions.drugs,firm:1832751,2010-09-09,2026-09-07T21:01:42Z,label,Bay Regional Medical Center IRB,,fda.complianceactions.drugs,raw/fda.complianceactions.drugs/2026/09/20260907T210142Z-90b93f350b34.json.gz,1
fda.complianceactions.drugs,firm:2082946,2010-09-21,2026-09-07T21:01:42Z,action_taken,20100921,yyyymmdd,fda.complianceactions.drugs,raw/fda.complianceactions.drugs/2026/09/20260907T210142Z-90b93f350b34.json.gz,1
fda.complianceactions.drugs,firm:2082946,2010-09-21,2026-09-07T21:01:42Z,action_warning_letter,1,count,fda.complianceactions.drugs,raw/fda.complianceactions.drugs/2026/09/20260907T210142Z-90b93f350b34.json.gz,1
fda.complianceactions.drugs,firm:2082946,2010-09-21,2026-09-07T21:01:42Z,compliance_action,1,count,fda.complianceactions.drugs,raw/fda.complianceactions.drugs/2026/09/20260907T210142Z-90b93f350b34.json.gz,1
fda.complianceactions.drugs,firm:2082946,2010-09-21,2026-09-07T21:01:42Z,firm_key,GILEAD SCIENCES,,fda.complianceactions.drugs,raw/fda.complianceactions.drugs/2026/09/20260907T210142Z-90b93f350b34.json.gz,1
fda.complianceactions.drugs,firm:2082946,2010-09-21,2026-09-07T21:01:42Z,is_foreign,0,bool,fda.complianceactions.drugs,raw/fda.complianceactions.drugs/2026/09/20260907T210142Z-90b93f350b34.json.gz,1
fda.complianceactions.drugs,firm:2082946,2010-09-21,2026-09-07T21:01:42Z,label,Gilead Sciences Inc,,fda.complianceactions.drugs,raw/fda.complianceactions.drugs/2026/09/20260907T210142Z-90b93f350b34.json.gz,1
fda.complianceactions.drugs,firm:2214133,2010-09-27,2026-09-07T21:01:42Z,action_taken,20100927,yyyymmdd,fda.complianceactions.drugs,raw/fda.complianceactions.drugs/2026/09/20260907T210142Z-90b93f350b34.json.gz,1
fda.complianceactions.drugs,firm:2214133,2010-09-27,2026-09-07T21:01:42Z,action_warning_letter,1,count,fda.complianceactions.drugs,raw/fda.complianceactions.drugs/2026/09/20260907T210142Z-90b93f350b34.json.gz,1
fda.complianceactions.drugs,firm:2214133,2010-09-27,2026-09-07T21:01:42Z,compliance_action,1,count,fda.complianceactions.drugs,raw/fda.complianceactions.drugs/2026/09/20260907T210142Z-90b93f350b34.json.gz,1
fda.complianceactions.drugs,firm:2214133,2010-09-27,2026-09-07T21:01:42Z,firm_key,KENVUE BRANDS,,fda.complianceactions.drugs,raw/fda.complianceactions.drugs/2026/09/20260907T210142Z-90b93f350b34.json.gz,1
fda.complianceactions.drugs,firm:2214133,2010-09-27,2026-09-07T21:01:42Z,is_foreign,0,bool,fda.complianceactions.drugs,raw/fda.complianceactions.drugs/2026/09/20260907T210142Z-90b93f350b34.json.gz,1
fda.complianceactions.drugs,firm:2214133,2010-09-27,2026-09-07T21:01:42Z,label,Kenvue Brands LLC,,fda.complianceactions.drugs,raw/fda.complianceactions.drugs/2026/09/20260907T210142Z-90b93f350b34.json.gz,1
fda.complianceactions.drugs,firm:2650089,2010-09-30,2026-09-07T21:01:42Z,action_taken,20100930,yyyymmdd,fda.complianceactions.drugs,raw/fda.complianceactions.drugs/2026/09/20260907T210142Z-90b93f350b34.json.gz,1
fda.complianceactions.drugs,firm:2650089,2010-09-30,2026-09-07T21:01:42Z,action_warning_letter,1,count,fda.complianceactions.drugs,raw/fda.complianceactions.drugs/2026/09/20260907T210142Z-90b93f350b34.json.gz,1
fda.complianceactions.drugs,firm:2650089,2010-09-30,2026-09-07T21:01:42Z,compliance_action,1,count,fda.complianceactions.drugs,raw/fda.complianceactions.drugs/2026/09/20260907T210142Z-90b93f350b34.json.gz,1
fda.complianceactions.drugs,firm:2650089,2010-09-30,2026-09-07T21:01:42Z,firm_key,BRISTOL MYERS SQUIBB LIABILITY,,fda.complianceactions.drugs,raw/fda.complianceactions.drugs/2026/09/20260907T210142Z-90b93f350b34.json.gz,1
fda.complianceactions.drugs,firm:2650089,2010-09-30,2026-09-07T21:01:42Z,is_foreign,0,bool,fda.complianceactions.drugs,raw/fda.complianceactions.drugs/2026/09/20260907T210142Z-90b93f350b34.json.gz,1
fda.complianceactions.drugs,firm:2650089,2010-09-30,2026-09-07T21:01:42Z,label,Bristol-Myers Squibb Holdings Pharma Ltd. Liability Company,,fda.complianceactions.drugs,raw/fda.complianceactions.drugs/2026/09/20260907T210142Z-90b93f350b34.json.gz,1
fda.complianceactions.drugs,firm:3002807424,2010-09-29,2026-09-07T21:01:42Z,action_taken,20100929,yyyymmdd,fda.complianceactions.drugs,raw/fda.complianceactions.drugs/2026/09/20260907T210142Z-90b93f350b34.json.gz,1
fda.complianceactions.drugs,firm:3002807424,2010-09-29,2026-09-07T21:01:42Z,action_warning_letter,1,count,fda.complianceactions.drugs,raw/fda.complianceactions.drugs/2026/09/20260907T210142Z-90b93f350b34.json.gz,1
fda.complianceactions.drugs,firm:3002807424,2010-09-29,2026-09-07T21:01:42Z,compliance_action,1,count,fda.complianceactions.drugs,raw/fda.complianceactions.drugs/2026/09/20260907T210142Z-90b93f350b34.json.gz,1
fda.complianceactions.drugs,firm:3002807424,2010-09-29,2026-09-07T21:01:42Z,firm_key,KYOWA HAKKO BIO,,fda.complianceactions.drugs,raw/fda.complianceactions.drugs/2026/09/20260907T210142Z-90b93f350b34.json.gz,1
fda.complianceactions.drugs,firm:3002807424,2010-09-29,2026-09-07T21:01:42Z,is_foreign,1,bool,fda.complianceactions.drugs,raw/fda.complianceactions.drugs/2026/09/20260907T210142Z-90b93f350b34.json.gz,1
fda.complianceactions.drugs,firm:3002807424,2010-09-29,2026-09-07T21:01:42Z,label,"Kyowa Hakko Bio Co., Ltd.",,fda.complianceactions.drugs,raw/fda.complianceactions.drugs/2026/09/20260907T210142Z-90b93f350b34.json.gz,1
fda.complianceactions.drugs,firm:3003498827,2010-09-14,2026-09-07T21:01:42Z,action_taken,20100914,yyyymmdd,fda.complianceactions.drugs,raw/fda.complianceactions.drugs/2026/09/20260907T210142Z-90b93f350b34.json.gz,1
fda.complianceactions.drugs,firm:3003498827,2010-09-14,2026-09-07T21:01:42Z,action_warning_letter,1,count,fda.complianceactions.drugs,raw/fda.complianceactions.drugs/2026/09/20260907T210142Z-90b93f350b34.json.gz,1
fda.complianceactions.drugs,firm:3003498827,2010-09-14,2026-09-07T21:01:42Z,compliance_action,1,count,fda.complianceactions.drugs,raw/fda.complianceactions.drugs/2026/09/20260907T210142Z-90b93f350b34.json.gz,1
fda.complianceactions.drugs,firm:3003498827,2010-09-14,2026-09-07T21:01:42Z,firm_key,JANSSEN DBA ACTELION,,fda.complianceactions.drugs,raw/fda.complianceactions.drugs/2026/09/20260907T210142Z-90b93f350b34.json.gz,1
fda.complianceactions.drugs,firm:3003498827,2010-09-14,2026-09-07T21:01:42Z,is_foreign,0,bool,fda.complianceactions.drugs,raw/fda.complianceactions.drugs/2026/09/20260907T210142Z-90b93f350b34.json.gz,1
fda.complianceactions.drugs,firm:3003498827,2010-09-14,2026-09-07T21:01:42Z,label,"Janssen Pharmaceuticals, dba Actelion Pharmaceutical",,fda.complianceactions.drugs,raw/fda.complianceactions.drugs/2026/09/20260907T210142Z-90b93f350b34.json.gz,1
fda.complianceactions.drugs,firm:3005249386,2010-09-30,2026-09-07T21:01:42Z,action_taken,20100930,yyyymmdd,fda.complianceactions.drugs,raw/fda.complianceactions.drugs/2026/09/20260907T210142Z-90b93f350b34.json.gz,1
fda.complianceactions.drugs,firm:3005249386,2010-09-30,2026-09-07T21:01:42Z,action_warning_letter,1,count,fda.complianceactions.drugs,raw/fda.complianceactions.drugs/2026/09/20260907T210142Z-90b93f350b34.json.gz,1
fda.complianceactions.drugs,firm:3005249386,2010-09-30,2026-09-07T21:01:42Z,compliance_action,1,count,fda.complianceactions.drugs,raw/fda.complianceactions.drugs/2026/09/20260907T210142Z-90b93f350b34.json.gz,1
fda.complianceactions.drugs,firm:3005249386,2010-09-30,2026-09-07T21:01:42Z,firm_key,O BARR THOMAS MD,,fda.complianceactions.drugs,raw/fda.complianceactions.drugs/2026/09/20260907T210142Z-90b93f350b34.json.gz,1
fda.complianceactions.drugs,firm:3005249386,2010-09-30,2026-09-07T21:01:42Z,is_foreign,0,bool,fda.complianceactions.drugs,raw/fda.complianceactions.drugs/2026/09/20260907T210142Z-90b93f350b34.json.gz,1
fda.complianceactions.drugs,firm:3005249386,2010-09-30,2026-09-07T21:01:42Z,label,"O'Barr, Thomas   MD",,fda.complianceactions.drugs,raw/fda.complianceactions.drugs/2026/09/20260907T210142Z-90b93f350b34.json.gz,1
fda.complianceactions.drugs,firm:3006639969,2010-09-02,2026-09-07T21:01:42Z,action_seizure,1,count,fda.complianceactions.drugs,raw/fda.complianceactions.drugs/2026/09/20260907T210142Z-90b93f350b34.json.gz,1
fda.complianceactions.drugs,firm:3006639969,2010-09-02,2026-09-07T21:01:42Z,action_taken,20100902,yyyymmdd,fda.complianceactions.drugs,raw/fda.complianceactions.drugs/2026/09/20260907T210142Z-90b93f350b34.json.gz,1
fda.complianceactions.drugs,firm:3006639969,2010-09-02,2026-09-07T21:01:42Z,compliance_action,1,count,fda.complianceactions.drugs,raw/fda.complianceactions.drugs/2026/09/20260907T210142Z-90b93f350b34.json.gz,1
fda.complianceactions.drugs,firm:3006639969,2010-09-02,2026-09-07T21:01:42Z,firm_key,CANCER SCREENING TREATMENT CENTER,,fda.complianceactions.drugs,raw/fda.complianceactions.drugs/2026/09/20260907T210142Z-90b93f350b34.json.gz,1
fda.complianceactions.drugs,firm:3006639969,2010-09-02,2026-09-07T21:01:42Z,is_foreign,0,bool,fda.complianceactions.drugs,raw/fda.complianceactions.drugs/2026/09/20260907T210142Z-90b93f350b34.json.gz,1
fda.complianceactions.drugs,firm:3006639969,2010-09-02,2026-09-07T21:01:42Z,label,Cancer Screening & Treatment Center,,fda.complianceactions.drugs,raw/fda.complianceactions.drugs/2026/09/20260907T210142Z-90b93f350b34.json.gz,1
fda.complianceactions.drugs,firm:3007066101,2010-09-08,2026-09-07T21:01:42Z,action_taken,20100908,yyyymmdd,fda.complianceactions.drugs,raw/fda.complianceactions.drugs/2026/09/20260907T210142Z-90b93f350b34.json.gz,1
fda.complianceactions.drugs,firm:3007066101,2010-09-08,2026-09-07T21:01:42Z,action_warning_letter,1,count,fda.complianceactions.drugs,raw/fda.complianceactions.drugs/2026/09/20260907T210142Z-90b93f350b34.json.gz,1
fda.complianceactions.drugs,firm:3007066101,2010-09-08,2026-09-07T21:01:42Z,compliance_action,1,count,fda.complianceactions.drugs,raw/fda.complianceactions.drugs/2026/09/20260907T210142Z-90b93f350b34.json.gz,1
fda.complianceactions.drugs,firm:3007066101,2010-09-08,2026-09-07T21:01:42Z,firm_key,RUYAN AMERICA,,fda.complianceactions.drugs,raw/fda.complianceactions.drugs/2026/09/20260907T210142Z-90b93f350b34.json.gz,1
fda.complianceactions.drugs,firm:3007066101,2010-09-08,2026-09-07T21:01:42Z,is_foreign,0,bool,fda.complianceactions.drugs,raw/fda.complianceactions.drugs/2026/09/20260907T210142Z-90b93f350b34.json.gz,1
fda.complianceactions.drugs,firm:3007066101,2010-09-08,2026-09-07T21:01:42Z,label,Ruyan America Inc,,fda.complianceactions.drugs,raw/fda.complianceactions.drugs/2026/09/20260907T210142Z-90b93f350b34.json.gz,1
fda.complianceactions.drugs,firm:3007380184,2010-09-29,2026-09-07T21:01:42Z,action_taken,20100929,yyyymmdd,fda.complianceactions.drugs,raw/fda.complianceactions.drugs/2026/09/20260907T210142Z-90b93f350b34.json.gz,1
fda.complianceactions.drugs,firm:3007380184,2010-09-29,2026-09-07T21:01:42Z,action_warning_letter,1,count,fda.complianceactions.drugs,raw/fda.complianceactions.drugs/2026/09/20260907T210142Z-90b93f350b34.json.gz,1
fda.complianceactions.drugs,firm:3007380184,2010-09-29,2026-09-07T21:01:42Z,compliance_action,1,count,fda.complianceactions.drugs,raw/fda.complianceactions.drugs/2026/09/20260907T210142Z-90b93f350b34.json.gz,1
fda.complianceactions.drugs,firm:3007380184,2010-09-29,2026-09-07T21:01:42Z,firm_key,L LAMAR SNOW MD,,fda.complianceactions.drugs,raw/fda.complianceactions.drugs/2026/09/20260907T210142Z-90b93f350b34.json.gz,1
fda.complianceactions.drugs,firm:3007380184,2010-09-29,2026-09-07T21:01:42Z,is_foreign,0,bool,fda.complianceactions.drugs,raw/fda.complianceactions.drugs/2026/09/20260907T210142Z-90b93f350b34.json.gz,1
fda.complianceactions.drugs,firm:3007380184,2010-09-29,2026-09-07T21:01:42Z,label,"L Lamar Snow, MD",,fda.complianceactions.drugs,raw/fda.complianceactions.drugs/2026/09/20260907T210142Z-90b93f350b34.json.gz,1
fda.complianceactions.drugs,firm:3007427914,2010-09-08,2026-09-07T21:01:42Z,action_taken,20100908,yyyymmdd,fda.complianceactions.drugs,raw/fda.complianceactions.drugs/2026/09/20260907T210142Z-90b93f350b34.json.gz,1
fda.complianceactions.drugs,firm:3007427914,2010-09-08,2026-09-07T21:01:42Z,action_warning_letter,1,count,fda.complianceactions.drugs,raw/fda.complianceactions.drugs/2026/09/20260907T210142Z-90b93f350b34.json.gz,1
fda.complianceactions.drugs,firm:3007427914,2010-09-08,2026-09-07T21:01:42Z,compliance_action,1,count,fda.complianceactions.drugs,raw/fda.complianceactions.drugs/2026/09/20260907T210142Z-90b93f350b34.json.gz,1
fda.complianceactions.drugs,firm:3007427914,2010-09-08,2026-09-07T21:01:42Z,firm_key,JOHNSON CREEK ENTERPRISES,,fda.complianceactions.drugs,raw/fda.complianceactions.drugs/2026/09/20260907T210142Z-90b93f350b34.json.gz,1
fda.complianceactions.drugs,firm:3007427914,2010-09-08,2026-09-07T21:01:42Z,is_foreign,0,bool,fda.complianceactions.drugs,raw/fda.complianceactions.drugs/2026/09/20260907T210142Z-90b93f350b34.json.gz,1
fda.complianceactions.drugs,firm:3007427914,2010-09-08,2026-09-07T21:01:42Z,label,"Johnson Creek Enterprises, LLC",,fda.complianceactions.drugs,raw/fda.complianceactions.drugs/2026/09/20260907T210142Z-90b93f350b34.json.gz,1
fda.complianceactions.drugs,firm:3007788285,2010-09-08,2026-09-07T21:01:42Z,action_taken,20100908,yyyymmdd,fda.complianceactions.drugs,raw/fda.complianceactions.drugs/2026/09/20260907T210142Z-90b93f350b34.json.gz,1
fda.complianceactions.drugs,firm:3007788285,2010-09-08,2026-09-07T21:01:42Z,action_warning_letter,1,count,fda.complianceactions.drugs,raw/fda.complianceactions.drugs/2026/09/20260907T210142Z-90b93f350b34.json.gz,1
fda.complianceactions.drugs,firm:3007788285,2010-09-08,2026-09-07T21:01:42Z,compliance_action,1,count,fda.complianceactions.drugs,raw/fda.complianceactions.drugs/2026/09/20260907T210142Z-90b93f350b34.json.gz,1
fda.complianceactions.drugs,firm:3007788285,2010-09-08,2026-09-07T21:01:42Z,firm_key,E CIG TECHNOLOGY,,fda.complianceactions.drugs,raw/fda.complianceactions.drugs/2026/09/20260907T210142Z-90b93f350b34.json.gz,1
fda.complianceactions.drugs,firm:3007788285,2010-09-08,2026-09-07T21:01:42Z,is_foreign,0,bool,fda.complianceactions.drugs,raw/fda.complianceactions.drugs/2026/09/20260907T210142Z-90b93f350b34.json.gz,1
fda.complianceactions.drugs,firm:3007788285,2010-09-08,2026-09-07T21:01:42Z,label,E-Cig Technology Inc.,,fda.complianceactions.drugs,raw/fda.complianceactions.drugs/2026/09/20260907T210142Z-90b93f350b34.json.gz,1
fda.complianceactions.drugs,firm:3007829214,2010-09-20,2026-09-07T21:01:42Z,action_taken,20100920,yyyymmdd,fda.complianceactions.drugs,raw/fda.complianceactions.drugs/2026/09/20260907T210142Z-90b93f350b34.json.gz,1
fda.complianceactions.drugs,firm:3007829214,2010-09-20,2026-09-07T21:01:42Z,action_warning_letter,1,count,fda.complianceactions.drugs,raw/fda.complianceactions.drugs/2026/09/20260907T210142Z-90b93f350b34.json.gz,1
fda.complianceactions.drugs,firm:3007829214,2010-09-20,2026-09-07T21:01:42Z,compliance_action,1,count,fda.complianceactions.drugs,raw/fda.complianceactions.drugs/2026/09/20260907T210142Z-90b93f350b34.json.gz,1
fda.complianceactions.drugs,firm:3007829214,2010-09-20,2026-09-07T21:01:42Z,firm_key,PICUS DR JOEL,,fda.complianceactions.drugs,raw/fda.complianceactions.drugs/2026/09/20260907T210142Z-90b93f350b34.json.gz,1
fda.complianceactions.drugs,firm:3007829214,2010-09-20,2026-09-07T21:01:42Z,is_foreign,0,bool,fda.complianceactions.drugs,raw/fda.complianceactions.drugs/2026/09/20260907T210142Z-90b93f350b34.json.gz,1
fda.complianceactions.drugs,firm:3007829214,2010-09-20,2026-09-07T21:01:42Z,label,"Picus, Dr Joel",,fda.complianceactions.drugs,raw/fda.complianceactions.drugs/2026/09/20260907T210142Z-90b93f350b34.json.gz,1
fda.complianceactions.drugs,firm:3007899388,2010-09-08,2026-09-07T21:01:42Z,action_taken,20100908,yyyymmdd,fda.complianceactions.drugs,raw/fda.complianceactions.drugs/2026/09/20260907T210142Z-90b93f350b34.json.gz,1
fda.complianceactions.drugs,firm:3007899388,2010-09-08,2026-09-07T21:01:42Z,action_warning_letter,1,count,fda.complianceactions.drugs,raw/fda.complianceactions.drugs/2026/09/20260907T210142Z-90b93f350b34.json.gz,1
fda.complianceactions.drugs,firm:3007899388,2010-09-08,2026-09-07T21:01:42Z,compliance_action,1,count,fda.complianceactions.drugs,raw/fda.complianceactions.drugs/2026/09/20260907T210142Z-90b93f350b34.json.gz,1
fda.complianceactions.drugs,firm:3007899388,2010-09-08,2026-09-07T21:01:42Z,firm_key,GAMUCCI,,fda.complianceactions.drugs,raw/fda.complianceactions.drugs/2026/09/20260907T210142Z-90b93f350b34.json.gz,1
fda.complianceactions.drugs,firm:3007899388,2010-09-08,2026-09-07T21:01:42Z,is_foreign,1,bool,fda.complianceactions.drugs,raw/fda.complianceactions.drugs/2026/09/20260907T210142Z-90b93f350b34.json.gz,1
fda.complianceactions.drugs,firm:3007899388,2010-09-08,2026-09-07T21:01:42Z,label,Gamucci,,fda.complianceactions.drugs,raw/fda.complianceactions.drugs/2026/09/20260907T210142Z-90b93f350b34.json.gz,1
fda.complianceactions.drugs,firm:3008075377,2010-09-08,2026-09-07T21:01:42Z,action_taken,20100908,yyyymmdd,fda.complianceactions.drugs,raw/fda.complianceactions.drugs/2026/09/20260907T210142Z-90b93f350b34.json.gz,1
fda.complianceactions.drugs,firm:3008075377,2010-09-08,2026-09-07T21:01:42Z,action_warning_letter,1,count,fda.complianceactions.drugs,raw/fda.complianceactions.drugs/2026/09/20260907T210142Z-90b93f350b34.json.gz,1
fda.complianceactions.drugs,firm:3008075377,2010-09-08,2026-09-07T21:01:42Z,compliance_action,1,count,fda.complianceactions.drugs,raw/fda.complianceactions.drugs/2026/09/20260907T210142Z-90b93f350b34.json.gz,1
fda.complianceactions.drugs,firm:3008075377,2010-09-08,2026-09-07T21:01:42Z,firm_key,E CIGARETTEDIRECT,,fda.complianceactions.drugs,raw/fda.complianceactions.drugs/2026/09/20260907T210142Z-90b93f350b34.json.gz,1
fda.complianceactions.drugs,firm:3008075377,2010-09-08,2026-09-07T21:01:42Z,is_foreign,0,bool,fda.complianceactions.drugs,raw/fda.complianceactions.drugs/2026/09/20260907T210142Z-90b93f350b34.json.gz,1
fda.complianceactions.drugs,firm:3008075377,2010-09-08,2026-09-07T21:01:42Z,label,"E-cigarettedirect, Llc",,fda.complianceactions.drugs,raw/fda.complianceactions.drugs/2026/09/20260907T210142Z-90b93f350b34.json.gz,1
fda.complianceactions.drugs,firm:3008299032,2010-09-30,2026-09-07T21:01:42Z,action_taken,20100930,yyyymmdd,fda.complianceactions.drugs,raw/fda.complianceactions.drugs/2026/09/20260907T210142Z-90b93f350b34.json.gz,1
fda.complianceactions.drugs,firm:3008299032,2010-09-30,2026-09-07T21:01:42Z,action_warning_letter,1,count,fda.complianceactions.drugs,raw/fda.complianceactions.drugs/2026/09/20260907T210142Z-90b93f350b34.json.gz,1
fda.complianceactions.drugs,firm:3008299032,2010-09-30,2026-09-07T21:01:42Z,compliance_action,1,count,fda.complianceactions.drugs,raw/fda.complianceactions.drugs/2026/09/20260907T210142Z-90b93f350b34.json.gz,1
fda.complianceactions.drugs,firm:3008299032,2010-09-30,2026-09-07T21:01:42Z,firm_key,CHOKSI LABORATORY,,fda.complianceactions.drugs,raw/fda.complianceactions.drugs/2026/09/20260907T210142Z-90b93f350b34.json.gz,1
fda.complianceactions.drugs,firm:3008299032,2010-09-30,2026-09-07T21:01:42Z,is_foreign,1,bool,fda.complianceactions.drugs,raw/fda.complianceactions.drugs/2026/09/20260907T210142Z-90b93f350b34.json.gz,1
fda.complianceactions.drugs,firm:3008299032,2010-09-30,2026-09-07T21:01:42Z,label,Choksi Laboratory,,fda.complianceactions.drugs,raw/fda.complianceactions.drugs/2026/09/20260907T210142Z-90b93f350b34.json.gz,1
fda.complianceactions.drugs,firm:3017140477,2010-09-27,2026-09-07T21:01:42Z,action_taken,20100927,yyyymmdd,fda.complianceactions.drugs,raw/fda.complianceactions.drugs/2026/09/20260907T210142Z-90b93f350b34.json.gz,1
fda.complianceactions.drugs,firm:3017140477,2010-09-27,2026-09-07T21:01:42Z,action_warning_letter,1,count,fda.complianceactions.drugs,raw/fda.complianceactions.drugs/2026/09/20260907T210142Z-90b93f350b34.json.gz,1
fda.complianceactions.drugs,firm:3017140477,2010-09-27,2026-09-07T21:01:42Z,compliance_action,1,count,fda.complianceactions.drugs,raw/fda.complianceactions.drugs/2026/09/20260907T210142Z-90b93f350b34.json.gz,1
fda.complianceactions.drugs,firm:3017140477,2010-09-27,2026-09-07T21:01:42Z,firm_key,LGM SOLUTIONS,,fda.complianceactions.drugs,raw/fda.complianceactions.drugs/2026/09/20260907T210142Z-90b93f350b34.json.gz,1
fda.complianceactions.drugs,firm:3017140477,2010-09-27,2026-09-07T21:01:42Z,is_foreign,0,bool,fda.complianceactions.drugs,raw/fda.complianceactions.drugs/2026/09/20260907T210142Z-90b93f350b34.json.gz,1
fda.complianceactions.drugs,firm:3017140477,2010-09-27,2026-09-07T21:01:42Z,label,"LGM Pharma Solutions, LLC",,fda.complianceactions.drugs,raw/fda.complianceactions.drugs/2026/09/20260907T210142Z-90b93f350b34.json.gz,1
fda.inspections.history,firm:1000110364,2010-09-03,2026-09-08T14:33:17Z,classification,1,ordinal,fda.inspections.history,raw/fda.inspections.history/2026/09/20260908T143317Z-f9ff402067e0.json.gz,1
fda.inspections.history,firm:1000110364,2010-09-03,2026-09-08T14:33:17Z,firm_key,AMGEN MANUFACTURING,,fda.inspections.history,raw/fda.inspections.history/2026/09/20260908T143317Z-f9ff402067e0.json.gz,1
fda.inspections.history,firm:1000110364,2010-09-03,2026-09-08T14:33:17Z,inspected,1,count,fda.inspections.history,raw/fda.inspections.history/2026/09/20260908T143317Z-f9ff402067e0.json.gz,1
fda.inspections.history,firm:1000110364,2010-09-03,2026-09-08T14:33:17Z,inspection_end,20100903,yyyymmdd,fda.inspections.history,raw/fda.inspections.history/2026/09/20260908T143317Z-f9ff402067e0.json.gz,1
fda.inspections.history,firm:1000110364,2010-09-03,2026-09-08T14:33:17Z,is_foreign,0,bool,fda.inspections.history,raw/fda.inspections.history/2026/09/20260908T143317Z-f9ff402067e0.json.gz,1
fda.inspections.history,firm:1000110364,2010-09-03,2026-09-08T14:33:17Z,is_oai,0,bool,fda.inspections.history,raw/fda.inspections.history/2026/09/20260908T143317Z-f9ff402067e0.json.gz,1
fda.inspections.history,firm:1000110364,2010-09-03,2026-09-08T14:33:17Z,label,Amgen Manufacturing Limited LLC,,fda.inspections.history,raw/fda.inspections.history/2026/09/20260908T143317Z-f9ff402067e0.json.gz,1
fda.inspections.history,firm:1000112629,2010-09-07,2026-09-08T14:33:17Z,classification,0,ordinal,fda.inspections.history,raw/fda.inspections.history/2026/09/20260908T143317Z-f9ff402067e0.json.gz,1
fda.inspections.history,firm:1000112629,2010-09-07,2026-09-08T14:33:17Z,firm_key,ADVANCED TESTING LABORATORY,,fda.inspections.history,raw/fda.inspections.history/2026/09/20260908T143317Z-f9ff402067e0.json.gz,1
fda.inspections.history,firm:1000112629,2010-09-07,2026-09-08T14:33:17Z,inspected,1,count,fda.inspections.history,raw/fda.inspections.history/2026/09/20260908T143317Z-f9ff402067e0.json.gz,1
fda.inspections.history,firm:1000112629,2010-09-07,2026-09-08T14:33:17Z,inspection_end,20100907,yyyymmdd,fda.inspections.history,raw/fda.inspections.history/2026/09/20260908T143317Z-f9ff402067e0.json.gz,1
fda.inspections.history,firm:1000112629,2010-09-07,2026-09-08T14:33:17Z,is_foreign,0,bool,fda.inspections.history,raw/fda.inspections.history/2026/09/20260908T143317Z-f9ff402067e0.json.gz,1
fda.inspections.history,firm:1000112629,2010-09-07,2026-09-08T14:33:17Z,is_oai,0,bool,fda.inspections.history,raw/fda.inspections.history/2026/09/20260908T143317Z-f9ff402067e0.json.gz,1
fda.inspections.history,firm:1000112629,2010-09-07,2026-09-08T14:33:17Z,label,Advanced Testing Laboratory Inc,,fda.inspections.history,raw/fda.inspections.history/2026/09/20260908T143317Z-f9ff402067e0.json.gz,1
fda.inspections.history,firm:1000113141,2010-09-02,2026-09-08T14:33:17Z,classification,0,ordinal,fda.inspections.history,raw/fda.inspections.history/2026/09/20260908T143317Z-f9ff402067e0.json.gz,1
fda.inspections.history,firm:1000113141,2010-09-02,2026-09-08T14:33:17Z,firm_key,BAYCARE HOME CARE,,fda.inspections.history,raw/fda.inspections.history/2026/09/20260908T143317Z-f9ff402067e0.json.gz,1
fda.inspections.history,firm:1000113141,2010-09-02,2026-09-08T14:33:17Z,inspected,1,count,fda.inspections.history,raw/fda.inspections.history/2026/09/20260908T143317Z-f9ff402067e0.json.gz,1
fda.inspections.history,firm:1000113141,2010-09-02,2026-09-08T14:33:17Z,inspection_end,20100902,yyyymmdd,fda.inspections.history,raw/fda.inspections.history/2026/09/20260908T143317Z-f9ff402067e0.json.gz,1
fda.inspections.history,firm:1000113141,2010-09-02,2026-09-08T14:33:17Z,is_foreign,0,bool,fda.inspections.history,raw/fda.inspections.history/2026/09/20260908T143317Z-f9ff402067e0.json.gz,1
fda.inspections.history,firm:1000113141,2010-09-02,2026-09-08T14:33:17Z,is_oai,0,bool,fda.inspections.history,raw/fda.inspections.history/2026/09/20260908T143317Z-f9ff402067e0.json.gz,1
fda.inspections.history,firm:1000113141,2010-09-02,2026-09-08T14:33:17Z,label,BayCare Home Care Inc.,,fda.inspections.history,raw/fda.inspections.history/2026/09/20260908T143317Z-f9ff402067e0.json.gz,1
fda.inspections.history,firm:1000115571,2010-09-23,2026-09-08T14:33:17Z,classification,1,ordinal,fda.inspections.history,raw/fda.inspections.history/2026/09/20260908T143317Z-f9ff402067e0.json.gz,1
fda.inspections.history,firm:1000115571,2010-09-23,2026-09-08T14:33:17Z,firm_key,SIMTRA US,,fda.inspections.history,raw/fda.inspections.history/2026/09/20260908T143317Z-f9ff402067e0.json.gz,1
fda.inspections.history,firm:1000115571,2010-09-23,2026-09-08T14:33:17Z,inspected,1,count,fda.inspections.history,raw/fda.inspections.history/2026/09/20260908T143317Z-f9ff402067e0.json.gz,1
fda.inspections.history,firm:1000115571,2010-09-23,2026-09-08T14:33:17Z,inspection_end,20100923,yyyymmdd,fda.inspections.history,raw/fda.inspections.history/2026/09/20260908T143317Z-f9ff402067e0.json.gz,1
fda.inspections.history,firm:1000115571,2010-09-23,2026-09-08T14:33:17Z,is_foreign,0,bool,fda.inspections.history,raw/fda.inspections.history/2026/09/20260908T143317Z-f9ff402067e0.json.gz,1
fda.inspections.history,firm:1000115571,2010-09-23,2026-09-08T14:33:17Z,is_oai,0,bool,fda.inspections.history,raw/fda.inspections.history/2026/09/20260908T143317Z-f9ff402067e0.json.gz,1
fda.inspections.history,firm:1000115571,2010-09-23,2026-09-08T14:33:17Z,label,Simtra US LLC,,fda.inspections.history,raw/fda.inspections.history/2026/09/20260908T143317Z-f9ff402067e0.json.gz,1
fda.inspections.history,firm:1000118926,2010-09-03,2026-09-08T14:33:17Z,classification,0,ordinal,fda.inspections.history,raw/fda.inspections.history/2026/09/20260908T143317Z-f9ff402067e0.json.gz,1
fda.inspections.history,firm:1000118926,2010-09-03,2026-09-08T14:33:17Z,firm_key,CEUTICAL,,fda.inspections.history,raw/fda.inspections.history/2026/09/20260908T143317Z-f9ff402067e0.json.gz,1
fda.inspections.history,firm:1000118926,2010-09-03,2026-09-08T14:33:17Z,inspected,1,count,fda.inspections.history,raw/fda.inspections.history/2026/09/20260908T143317Z-f9ff402067e0.json.gz,1
fda.inspections.history,firm:1000118926,2010-09-03,2026-09-08T14:33:17Z,inspection_end,20100903,yyyymmdd,fda.inspections.history,raw/fda.inspections.history/2026/09/20260908T143317Z-f9ff402067e0.json.gz,1
fda.inspections.history,firm:1000118926,2010-09-03,2026-09-08T14:33:17Z,is_foreign,0,bool,fda.inspections.history,raw/fda.inspections.history/2026/09/20260908T143317Z-f9ff402067e0.json.gz,1
fda.inspections.history,firm:1000118926,2010-09-03,2026-09-08T14:33:17Z,is_oai,0,bool,fda.inspections.history,raw/fda.inspections.history/2026/09/20260908T143317Z-f9ff402067e0.json.gz,1
fda.inspections.history,firm:1000118926,2010-09-03,2026-09-08T14:33:17Z,label,"Ceutical Laboratories, Inc",,fda.inspections.history,raw/fda.inspections.history/2026/09/20260908T143317Z-f9ff402067e0.json.gz,1
fda.inspections.history,firm:1000119077,2010-09-07,2026-09-08T14:33:17Z,classification,0,ordinal,fda.inspections.history,raw/fda.inspections.history/2026/09/20260908T143317Z-f9ff402067e0.json.gz,1
fda.inspections.history,firm:1000119077,2010-09-07,2026-09-08T14:33:17Z,firm_key,UNIFIRST FIRST AID,,fda.inspections.history,raw/fda.inspections.history/2026/09/20260908T143317Z-f9ff402067e0.json.gz,1
fda.inspections.history,firm:1000119077,2010-09-07,2026-09-08T14:33:17Z,inspected,1,count,fda.inspections.history,raw/fda.inspections.history/2026/09/20260908T143317Z-f9ff402067e0.json.gz,1
fda.inspections.history,firm:1000119077,2010-09-07,2026-09-08T14:33:17Z,inspection_end,20100907,yyyymmdd,fda.inspections.history,raw/fda.inspections.history/2026/09/20260908T143317Z-f9ff402067e0.json.gz,1
fda.inspections.history,firm:1000119077,2010-09-07,2026-09-08T14:33:17Z,is_foreign,0,bool,fda.inspections.history,raw/fda.inspections.history/2026/09/20260908T143317Z-f9ff402067e0.json.gz,1
fda.inspections.history,firm:1000119077,2010-09-07,2026-09-08T14:33:17Z,is_oai,0,bool,fda.inspections.history,raw/fda.inspections.history/2026/09/20260908T143317Z-f9ff402067e0.json.gz,1
fda.inspections.history,firm:1000119077,2010-09-07,2026-09-08T14:33:17Z,label,Unifirst-First Aid Corporation,,fda.inspections.history,raw/fda.inspections.history/2026/09/20260908T143317Z-f9ff402067e0.json.gz,1
fda.inspections.history,firm:1000120311,2010-09-23,2026-09-08T14:33:17Z,classification,2,ordinal,fda.inspections.history,raw/fda.inspections.history/2026/09/20260908T143317Z-f9ff402067e0.json.gz,1
fda.inspections.history,firm:1000120311,2010-09-23,2026-09-08T14:33:17Z,firm_key,MEDISCA,,fda.inspections.history,raw/fda.inspections.history/2026/09/20260908T143317Z-f9ff402067e0.json.gz,1
fda.inspections.history,firm:1000120311,2010-09-23,2026-09-08T14:33:17Z,inspected,1,count,fda.inspections.history,raw/fda.inspections.history/2026/09/20260908T143317Z-f9ff402067e0.json.gz,1
fda.inspections.history,firm:1000120311,2010-09-23,2026-09-08T14:33:17Z,inspection_end,20100923,yyyymmdd,fda.inspections.history,raw/fda.inspections.history/2026/09/20260908T143317Z-f9ff402067e0.json.gz,1
fda.inspections.history,firm:1000120311,2010-09-23,2026-09-08T14:33:17Z,is_foreign,0,bool,fda.inspections.history,raw/fda.inspections.history/2026/09/20260908T143317Z-f9ff402067e0.json.gz,1
fda.inspections.history,firm:1000120311,2010-09-23,2026-09-08T14:33:17Z,is_oai,1,bool,fda.inspections.history,raw/fda.inspections.history/2026/09/20260908T143317Z-f9ff402067e0.json.gz,1
fda.inspections.history,firm:1000120311,2010-09-23,2026-09-08T14:33:17Z,label,"Medisca, Inc.",,fda.inspections.history,raw/fda.inspections.history/2026/09/20260908T143317Z-f9ff402067e0.json.gz,1
fda.inspections.history,firm:1000121320,2010-09-10,2026-09-08T14:33:17Z,classification,1,ordinal,fda.inspections.history,raw/fda.inspections.history/2026/09/20260908T143317Z-f9ff402067e0.json.gz,1
fda.inspections.history,firm:1000121320,2010-09-10,2026-09-08T14:33:17Z,firm_key,JOHNSON MATTHEY DBA JOHNSON MATTHEY PHARM MATERIALS,,fda.inspections.history,raw/fda.inspections.history/2026/09/20260908T143317Z-f9ff402067e0.json.gz,1
fda.inspections.history,firm:1000121320,2010-09-10,2026-09-08T14:33:17Z,inspected,1,count,fda.inspections.history,raw/fda.inspections.history/2026/09/20260908T143317Z-f9ff402067e0.json.gz,1
fda.inspections.history,firm:1000121320,2010-09-10,2026-09-08T14:33:17Z,inspection_end,20100910,yyyymmdd,fda.inspections.history,raw/fda.inspections.history/2026/09/20260908T143317Z-f9ff402067e0.json.gz,1
fda.inspections.history,firm:1000121320,2010-09-10,2026-09-08T14:33:17Z,is_foreign,0,bool,fda.inspections.history,raw/fda.inspections.history/2026/09/20260908T143317Z-f9ff402067e0.json.gz,1
fda.inspections.history,firm:1000121320,2010-09-10,2026-09-08T14:33:17Z,is_oai,0,bool,fda.inspections.history,raw/fda.inspections.history/2026/09/20260908T143317Z-f9ff402067e0.json.gz,1
fda.inspections.history,firm:1000121320,2010-09-10,2026-09-08T14:33:17Z,label,Johnson Matthey Inc. (dba Johnson Matthey Pharm. Materials),,fda.inspections.history,raw/fda.inspections.history/2026/09/20260908T143317Z-f9ff402067e0.json.gz,1
fda.inspections.history,firm:1000125398,2010-09-20,2026-09-08T14:33:17Z,classification,1,ordinal,fda.inspections.history,raw/fda.inspections.history/2026/09/20260908T143317Z-f9ff402067e0.json.gz,1
fda.inspections.history,firm:1000125398,2010-09-20,2026-09-08T14:33:17Z,firm_key,SUNRIDER MANUFACTURING L P,,fda.inspections.history,raw/fda.inspections.history/2026/09/20260908T143317Z-f9ff402067e0.json.gz,1
fda.inspections.history,firm:1000125398,2010-09-20,2026-09-08T14:33:17Z,inspected,1,count,fda.inspections.history,raw/fda.inspections.history/2026/09/20260908T143317Z-f9ff402067e0.json.gz,1
fda.inspections.history,firm:1000125398,2010-09-20,2026-09-08T14:33:17Z,inspection_end,20100920,yyyymmdd,fda.inspections.history,raw/fda.inspections.history/2026/09/20260908T143317Z-f9ff402067e0.json.gz,1
fda.inspections.history,firm:1000125398,2010-09-20,2026-09-08T14:33:17Z,is_foreign,0,bool,fda.inspections.history,raw/fda.inspections.history/2026/09/20260908T143317Z-f9ff402067e0.json.gz,1
fda.inspections.history,firm:1000125398,2010-09-20,2026-09-08T14:33:17Z,is_oai,0,bool,fda.inspections.history,raw/fda.inspections.history/2026/09/20260908T143317Z-f9ff402067e0.json.gz,1
fda.inspections.history,firm:1000125398,2010-09-20,2026-09-08T14:33:17Z,label,Sunrider Manufacturing L.P.,,fda.inspections.history,raw/fda.inspections.history/2026/09/20260908T143317Z-f9ff402067e0.json.gz,1
fda.inspections.history,firm:1000125694,2010-09-30,2026-09-08T14:33:17Z,classification,1,ordinal,fda.inspections.history,raw/fda.inspections.history/2026/09/20260908T143317Z-f9ff402067e0.json.gz,1
fda.inspections.history,firm:1000125694,2010-09-30,2026-09-08T14:33:17Z,firm_key,ACTA,,fda.inspections.history,raw/fda.inspections.history/2026/09/20260908T143317Z-f9ff402067e0.json.gz,1
fda.inspections.history,firm:1000125694,2010-09-30,2026-09-08T14:33:17Z,inspected,1,count,fda.inspections.history,raw/fda.inspections.history/2026/09/20260908T143317Z-f9ff402067e0.json.gz,1
fda.inspections.history,firm:1000125694,2010-09-30,2026-09-08T14:33:17Z,inspection_end,20100930,yyyymmdd,fda.inspections.history,raw/fda.inspections.history/2026/09/20260908T143317Z-f9ff402067e0.json.gz,1
fda.inspections.history,firm:1000125694,2010-09-30,2026-09-08T14:33:17Z,is_foreign,0,bool,fda.inspections.history,raw/fda.inspections.history/2026/09/20260908T143317Z-f9ff402067e0.json.gz,1
fda.inspections.history,firm:1000125694,2010-09-30,2026-09-08T14:33:17Z,is_oai,0,bool,fda.inspections.history,raw/fda.inspections.history/2026/09/20260908T143317Z-f9ff402067e0.json.gz,1
fda.inspections.history,firm:1000125694,2010-09-30,2026-09-08T14:33:17Z,label,"ACTA Laboratories, Inc.",,fda.inspections.history,raw/fda.inspections.history/2026/09/20260908T143317Z-f9ff402067e0.json.gz,1
fda.inspections.history,firm:1000135880,2010-09-01,2026-09-08T14:33:17Z,classification,1,ordinal,fda.inspections.history,raw/fda.inspections.history/2026/09/20260908T143317Z-f9ff402067e0.json.gz,1
fda.inspections.history,firm:1000135880,2010-09-01,2026-09-08T14:33:17Z,firm_key,DEFENDER SD MANUFACTURING,,fda.inspections.history,raw/fda.inspections.history/2026/09/20260908T143317Z-f9ff402067e0.json.gz,1
fda.inspections.history,firm:1000135880,2010-09-01,2026-09-08T14:33:17Z,inspected,1,count,fda.inspections.history,raw/fda.inspections.history/2026/09/20260908T143317Z-f9ff402067e0.json.gz,1
fda.inspections.history,firm:1000135880,2010-09-01,2026-09-08T14:33:17Z,inspection_end,20100901,yyyymmdd,fda.inspections.history,raw/fda.inspections.history/2026/09/20260908T143317Z-f9ff402067e0.json.gz,1
fda.inspections.history,firm:1000135880,2010-09-01,2026-09-08T14:33:17Z,is_foreign,0,bool,fda.inspections.history,raw/fda.inspections.history/2026/09/20260908T143317Z-f9ff402067e0.json.gz,1
fda.inspections.history,firm:1000135880,2010-09-01,2026-09-08T14:33:17Z,is_oai,0,bool,fda.inspections.history,raw/fda.inspections.history/2026/09/20260908T143317Z-f9ff402067e0.json.gz,1
fda.inspections.history,firm:1000135880,2010-09-01,2026-09-08T14:33:17Z,label,Defender SD Manufacturing LLC,,fda.inspections.history,raw/fda.inspections.history/2026/09/20260908T143317Z-f9ff402067e0.json.gz,1
fda.inspections.history,firm:1000138377,2010-09-10,2026-09-08T14:33:17Z,classification,1,ordinal,fda.inspections.history,raw/fda.inspections.history/2026/09/20260908T143317Z-f9ff402067e0.json.gz,1
fda.inspections.history,firm:1000138377,2010-09-10,2026-09-08T14:33:17Z,firm_key,MPM MEDICAL,,fda.inspections.history,raw/fda.inspections.history/2026/09/20260908T143317Z-f9ff402067e0.json.gz,1
fda.inspections.history,firm:1000138377,2010-09-10,2026-09-08T14:33:17Z,inspected,1,count,fda.inspections.history,raw/fda.inspections.history/2026/09/20260908T143317Z-f9ff402067e0.json.gz,1
fda.inspections.history,firm:1000138377,2010-09-10,2026-09-08T14:33:17Z,inspection_end,20100910,yyyymmdd,fda.inspections.history,raw/fda.inspections.history/2026/09/20260908T143317Z-f9ff402067e0.json.gz,1
fda.inspections.history,firm:1000138377,2010-09-10,2026-09-08T14:33:17Z,is_foreign,0,bool,fda.inspections.history,raw/fda.inspections.history/2026/09/20260908T143317Z-f9ff402067e0.json.gz,1
fda.inspections.history,firm:1000138377,2010-09-10,2026-09-08T14:33:17Z,is_oai,0,bool,fda.inspections.history,raw/fda.inspections.history/2026/09/20260908T143317Z-f9ff402067e0.json.gz,1
fda.inspections.history,firm:1000138377,2010-09-10,2026-09-08T14:33:17Z,label,MPM Medical LLC,,fda.inspections.history,raw/fda.inspections.history/2026/09/20260908T143317Z-f9ff402067e0.json.gz,1
fda.inspections.history,firm:1000138840,2010-09-03,2026-09-08T14:33:17Z,classification,0,ordinal,fda.inspections.history,raw/fda.inspections.history/2026/09/20260908T143317Z-f9ff402067e0.json.gz,1
fda.inspections.history,firm:1000138840,2010-09-03,2026-09-08T14:33:17Z,firm_key,ZILA THERAPEUTICS,,fda.inspections.history,raw/fda.inspections.history/2026/09/20260908T143317Z-f9ff402067e0.json.gz,1
fda.inspections.history,firm:1000138840,2010-09-03,2026-09-08T14:33:17Z,inspected,1,count,fda.inspections.history,raw/fda.inspections.history/2026/09/20260908T143317Z-f9ff402067e0.json.gz,1
fda.inspections.history,firm:1000138840,2010-09-03,2026-09-08T14:33:17Z,inspection_end,20100903,yyyymmdd,fda.inspections.history,raw/fda.inspections.history/2026/09/20260908T143317Z-f9ff402067e0.json.gz,1
fda.inspections.history,firm:1000138840,2010-09-03,2026-09-08T14:33:17Z,is_foreign,0,bool,fda.inspections.history,raw/fda.inspections.history/2026/09/20260908T143317Z-f9ff402067e0.json.gz,1
fda.inspections.history,firm:1000138840,2010-09-03,2026-09-08T14:33:17Z,is_oai,0,bool,fda.inspections.history,raw/fda.inspections.history/2026/09/20260908T143317Z-f9ff402067e0.json.gz,1
fda.inspections.history,firm:1000138840,2010-09-03,2026-09-08T14:33:17Z,label,"Zila Therapeutics, Inc",,fda.inspections.history,raw/fda.inspections.history/2026/09/20260908T143317Z-f9ff402067e0.json.gz,1
fda.inspections.history,firm:1000153019,2010-09-29,2026-09-08T14:33:17Z,classification,0,ordinal,fda.inspections.history,raw/fda.inspections.history/2026/09/20260908T143317Z-f9ff402067e0.json.gz,1
fda.inspections.history,firm:1000153019,2010-09-29,2026-09-08T14:33:17Z,firm_key,BACHEM,,fda.inspections.history,raw/fda.inspections.history/2026/09/20260908T143317Z-f9ff402067e0.json.gz,1
fda.inspections.history,firm:1000153019,2010-09-29,2026-09-08T14:33:17Z,inspected,1,count,fda.inspections.history,raw/fda.inspections.history/2026/09/20260908T143317Z-f9ff402067e0.json.gz,1
fda.inspections.history,firm:1000153019,2010-09-29,2026-09-08T14:33:17Z,inspection_end,20100929,yyyymmdd,fda.inspections.history,raw/fda.inspections.history/2026/09/20260908T143317Z-f9ff402067e0.json.gz,1
fda.inspections.history,firm:1000153019,2010-09-29,2026-09-08T14:33:17Z,is_foreign,1,bool,fda.inspections.history,raw/fda.inspections.history/2026/09/20260908T143317Z-f9ff402067e0.json.gz,1
fda.inspections.history,firm:1000153019,2010-09-29,2026-09-08T14:33:17Z,is_oai,0,bool,fda.inspections.history,raw/fda.inspections.history/2026/09/20260908T143317Z-f9ff402067e0.json.gz,1
fda.inspections.history,firm:1000153019,2010-09-29,2026-09-08T14:33:17Z,label,Bachem AG,,fda.inspections.history,raw/fda.inspections.history/2026/09/20260908T143317Z-f9ff402067e0.json.gz,1
fda.inspections.history,firm:1000158576,2010-09-03,2026-09-08T14:33:17Z,classification,0,ordinal,fda.inspections.history,raw/fda.inspections.history/2026/09/20260908T143317Z-f9ff402067e0.json.gz,1
fda.inspections.history,firm:1000158576,2010-09-03,2026-09-08T14:33:17Z,firm_key,NOVO NORDISK INDUSTRIES LP,,fda.inspections.history,raw/fda.inspections.history/2026/09/20260908T143317Z-f9ff402067e0.json.gz,1
fda.inspections.history,firm:1000158576,2010-09-03,2026-09-08T14:33:17Z,inspected,1,count,fda.inspections.history,raw/fda.inspections.history/2026/09/20260908T143317Z-f9ff402067e0.json.gz,1
fda.inspections.history,firm:1000158576,2010-09-03,2026-09-08T14:33:17Z,inspection_end,20100903,yyyymmdd,fda.inspections.history,raw/fda.inspections.history/2026/09/20260908T143317Z-f9ff402067e0.json.gz,1
fda.inspections.history,firm:1000158576,2010-09-03,2026-09-08T14:33:17Z,is_foreign,0,bool,fda.inspections.history,raw/fda.inspections.history/2026/09/20260908T143317Z-f9ff402067e0.json.gz,1
fda.inspections.history,firm:1000158576,2010-09-03,2026-09-08T14:33:17Z,is_oai,0,bool,fda.inspections.history,raw/fda.inspections.history/2026/09/20260908T143317Z-f9ff402067e0.json.gz,1
fda.inspections.history,firm:1000158576,2010-09-03,2026-09-08T14:33:17Z,label,Novo Nordisk Pharmaceutical Industries LP,,fda.inspections.history,raw/fda.inspections.history/2026/09/20260908T143317Z-f9ff402067e0.json.gz,1
fda.inspections.history,firm:1000174332,2010-09-09,2026-09-08T14:33:17Z,classification,0,ordinal,fda.inspections.history,raw/fda.inspections.history/2026/09/20260908T143317Z-f9ff402067e0.json.gz,1
fda.inspections.history,firm:1000174332,2010-09-09,2026-09-08T14:33:17Z,firm_key,FAGRON,,fda.inspections.history,raw/fda.inspections.history/2026/09/20260908T143317Z-f9ff402067e0.json.gz,1
fda.inspections.history,firm:1000174332,2010-09-09,2026-09-08T14:33:17Z,inspected,1,count,fda.inspections.history,raw/fda.inspections.history/2026/09/20260908T143317Z-f9ff402067e0.json.gz,1
fda.inspections.history,firm:1000174332,2010-09-09,2026-09-08T14:33:17Z,inspection_end,20100909,yyyymmdd,fda.inspections.history,raw/fda.inspections.history/2026/09/20260908T143317Z-f9ff402067e0.json.gz,1
fda.inspections.history,firm:1000174332,2010-09-09,2026-09-08T14:33:17Z,is_foreign,0,bool,fda.inspections.history,raw/fda.inspections.history/2026/09/20260908T143317Z-f9ff402067e0.json.gz,1
fda.inspections.history,firm:1000174332,2010-09-09,2026-09-08T14:33:17Z,is_oai,0,bool,fda.inspections.history,raw/fda.inspections.history/2026/09/20260908T143317Z-f9ff402067e0.json.gz,1
fda.inspections.history,firm:1000174332,2010-09-09,2026-09-08T14:33:17Z,label,"Fagron, Inc",,fda.inspections.history,raw/fda.inspections.history/2026/09/20260908T143317Z-f9ff402067e0.json.gz,1
fda.inspections.history,firm:1000222390,2010-09-09,2026-09-08T14:33:17Z,classification,1,ordinal,fda.inspections.history,raw/fda.inspections.history/2026/09/20260908T143317Z-f9ff402067e0.json.gz,1
fda.inspections.history,firm:1000222390,2010-09-09,2026-09-08T14:33:17Z,firm_key,LEVLAD,,fda.inspections.history,raw/fda.inspections.history/2026/09/20260908T143317Z-f9ff402067e0.json.gz,1
fda.inspections.history,firm:1000222390,2010-09-09,2026-09-08T14:33:17Z,inspected,1,count,fda.inspections.history,raw/fda.inspections.history/2026/09/20260908T143317Z-f9ff402067e0.json.gz,1
fda.inspections.history,firm:1000222390,2010-09-09,2026-09-08T14:33:17Z,inspection_end,20100909,yyyymmdd,fda.inspections.history,raw/fda.inspections.history/2026/09/20260908T143317Z-f9ff402067e0.json.gz,1
fda.inspections.history,firm:1000222390,2010-09-09,2026-09-08T14:33:17Z,is_foreign,0,bool,fda.inspections.history,raw/fda.inspections.history/2026/09/20260908T143317Z-f9ff402067e0.json.gz,1
fda.inspections.history,firm:1000222390,2010-09-09,2026-09-08T14:33:17Z,is_oai,0,bool,fda.inspections.history,raw/fda.inspections.history/2026/09/20260908T143317Z-f9ff402067e0.json.gz,1
fda.inspections.history,firm:1000222390,2010-09-09,2026-09-08T14:33:17Z,label,"Levlad, LLC",,fda.inspections.history,raw/fda.inspections.history/2026/09/20260908T143317Z-f9ff402067e0.json.gz,1
fda.inspections.history,firm:1000242491,2010-09-14,2026-09-08T14:33:17Z,classification,1,ordinal,fda.inspections.history,raw/fda.inspections.history/2026/09/20260908T143317Z-f9ff402067e0.json.gz,1
fda.inspections.history,firm:1000242491,2010-09-14,2026-09-08T14:33:17Z,firm_key,MAPRIMED S A,,fda.inspections.history,raw/fda.inspections.history/2026/09/20260908T143317Z-f9ff402067e0.json.gz,1
fda.inspections.history,firm:1000242491,2010-09-14,2026-09-08T14:33:17Z,inspected,1,count,fda.inspections.history,raw/fda.inspections.history/2026/09/20260908T143317Z-f9ff402067e0.json.gz,1
fda.inspections.history,firm:1000242491,2010-09-14,2026-09-08T14:33:17Z,inspection_end,20100914,yyyymmdd,fda.inspections.history,raw/fda.inspections.history/2026/09/20260908T143317Z-f9ff402067e0.json.gz,1
fda.inspections.history,firm:1000242491,2010-09-14,2026-09-08T14:33:17Z,is_foreign,1,bool,fda.inspections.history,raw/fda.inspections.history/2026/09/20260908T143317Z-f9ff402067e0.json.gz,1
fda.inspections.history,firm:1000242491,2010-09-14,2026-09-08T14:33:17Z,is_oai,0,bool,fda.inspections.history,raw/fda.inspections.history/2026/09/20260908T143317Z-f9ff402067e0.json.gz,1
fda.inspections.history,firm:1000242491,2010-09-14,2026-09-08T14:33:17Z,label,Maprimed S.A.,,fda.inspections.history,raw/fda.inspections.history/2026/09/20260908T143317Z-f9ff402067e0.json.gz,1
fda.inspections.history,firm:1000307060,2010-09-22,2026-09-08T14:33:17Z,classification,1,ordinal,fda.inspections.history,raw/fda.inspections.history/2026/09/20260908T143317Z-f9ff402067e0.json.gz,1
fda.inspections.history,firm:1000307060,2010-09-22,2026-09-08T14:33:17Z,firm_key,LINCARE,,fda.inspections.history,raw/fda.inspections.history/2026/09/20260908T143317Z-f9ff402067e0.json.gz,1
fda.inspections.history,firm:1000307060,2010-09-22,2026-09-08T14:33:17Z,inspected,1,count,fda.inspections.history,raw/fda.inspections.history/2026/09/20260908T143317Z-f9ff402067e0.json.gz,1
fda.inspections.history,firm:1000307060,2010-09-22,2026-09-08T14:33:17Z,inspection_end,20100922,yyyymmdd,fda.inspections.history,raw/fda.inspections.history/2026/09/20260908T143317Z-f9ff402067e0.json.gz,1
fda.inspections.history,firm:1000307060,2010-09-22,2026-09-08T14:33:17Z,is_foreign,0,bool,fda.inspections.history,raw/fda.inspections.history/2026/09/20260908T143317Z-f9ff402067e0.json.gz,1
fda.inspections.history,firm:1000307060,2010-09-22,2026-09-08T14:33:17Z,is_oai,0,bool,fda.inspections.history,raw/fda.inspections.history/2026/09/20260908T143317Z-f9ff402067e0.json.gz,1
fda.inspections.history,firm:1000307060,2010-09-22,2026-09-08T14:33:17Z,label,"Lincare, Inc.",,fda.inspections.history,raw/fda.inspections.history/2026/09/20260908T143317Z-f9ff402067e0.json.gz,1
fda.inspections.history,firm:1000350927,2010-09-24,2026-09-08T14:33:17Z,classification,0,ordinal,fda.inspections.history,raw/fda.inspections.history/2026/09/20260908T143317Z-f9ff402067e0.json.gz,1
fda.inspections.history,firm:1000350927,2010-09-24,2026-09-08T14:33:17Z,firm_key,BAYER,,fda.inspections.history,raw/fda.inspections.history/2026/09/20260908T143317Z-f9ff402067e0.json.gz,1
fda.inspections.history,firm:1000350927,2010-09-24,2026-09-08T14:33:17Z,inspected,1,count,fda.inspections.history,raw/fda.inspections.history/2026/09/20260908T143317Z-f9ff402067e0.json.gz,1
fda.inspections.history,firm:1000350927,2010-09-24,2026-09-08T14:33:17Z,inspection_end,20100924,yyyymmdd,fda.inspections.history,raw/fda.inspections.history/2026/09/20260908T143317Z-f9ff402067e0.json.gz,1
fda.inspections.history,firm:1000350927,2010-09-24,2026-09-08T14:33:17Z,is_foreign,1,bool,fda.inspections.history,raw/fda.inspections.history/2026/09/20260908T143317Z-f9ff402067e0.json.gz,1
fda.inspections.history,firm:1000350927,2010-09-24,2026-09-08T14:33:17Z,is_oai,0,bool,fda.inspections.history,raw/fda.inspections.history/2026/09/20260908T143317Z-f9ff402067e0.json.gz,1
fda.inspections.history,firm:1000350927,2010-09-24,2026-09-08T14:33:17Z,label,Bayer OY,,fda.inspections.history,raw/fda.inspections.history/2026/09/20260908T143317Z-f9ff402067e0.json.gz,1
fda.inspections.history,firm:1000508133,2010-09-14,2026-09-08T14:33:17Z,classification,1,ordinal,fda.inspections.history,raw/fda.inspections.history/2026/09/20260908T143317Z-f9ff402067e0.json.gz,1
fda.inspections.history,firm:1000508133,2010-09-14,2026-09-08T14:33:17Z,firm_key,CANBERRA,,fda.inspections.history,raw/fda.inspections.history/2026/09/20260908T143317Z-f9ff402067e0.json.gz,1
fda.inspections.history,firm:1000508133,2010-09-14,2026-09-08T14:33:17Z,inspected,1,count,fda.inspections.history,raw/fda.inspections.history/2026/09/20260908T143317Z-f9ff402067e0.json.gz,1
fda.inspections.history,firm:1000508133,2010-09-14,2026-09-08T14:33:17Z,inspection_end,20100914,yyyymmdd,fda.inspections.history,raw/fda.inspections.history/2026/09/20260908T143317Z-f9ff402067e0.json.gz,1
fda.inspections.history,firm:1000508133,2010-09-14,2026-09-08T14:33:17Z,is_foreign,0,bool,fda.inspections.history,raw/fda.inspections.history/2026/09/20260908T143317Z-f9ff402067e0.json.gz,1
fda.inspections.history,firm:1000508133,2010-09-14,2026-09-08T14:33:17Z,is_oai,0,bool,fda.inspections.history,raw/fda.inspections.history/2026/09/20260908T143317Z-f9ff402067e0.json.gz,1
fda.inspections.history,firm:1000508133,2010-09-14,2026-09-08T14:33:17Z,label,Canberra Corporation,,fda.inspections.history,raw/fda.inspections.history/2026/09/20260908T143317Z-f9ff402067e0.json.gz,1
fda.inspections.history,firm:1000515343,2010-09-14,2026-09-08T14:33:17Z,classification,0,ordinal,fda.inspections.history,raw/fda.inspections.history/2026/09/20260908T143317Z-f9ff402067e0.json.gz,1
fda.inspections.history,firm:1000515343,2010-09-14,2026-09-08T14:33:17Z,firm_key,MURTY,,fda.inspections.history,raw/fda.inspections.history/2026/09/20260908T143317Z-f9ff402067e0.json.gz,1
fda.inspections.history,firm:1000515343,2010-09-14,2026-09-08T14:33:17Z,inspected,1,count,fda.inspections.history,raw/fda.inspections.history/2026/09/20260908T143317Z-f9ff402067e0.json.gz,1
fda.inspections.history,firm:1000515343,2010-09-14,2026-09-08T14:33:17Z,inspection_end,20100914,yyyymmdd,fda.inspections.history,raw/fda.inspections.history/2026/09/20260908T143317Z-f9ff402067e0.json.gz,1
fda.inspections.history,firm:1000515343,2010-09-14,2026-09-08T14:33:17Z,is_foreign,0,bool,fda.inspections.history,raw/fda.inspections.history/2026/09/20260908T143317Z-f9ff402067e0.json.gz,1
fda.inspections.history,firm:1000515343,2010-09-14,2026-09-08T14:33:17Z,is_oai,0,bool,fda.inspections.history,raw/fda.inspections.history/2026/09/20260908T143317Z-f9ff402067e0.json.gz,1
fda.inspections.history,firm:1000515343,2010-09-14,2026-09-08T14:33:17Z,label,"Murty Pharmaceuticals, Inc",,fda.inspections.history,raw/fda.inspections.history/2026/09/20260908T143317Z-f9ff402067e0.json.gz,1
fda.inspections.history,firm:1000517800,2010-09-22,2026-09-08T14:33:17Z,classification,1,ordinal,fda.inspections.history,raw/fda.inspections.history/2026/09/20260908T143317Z-f9ff402067e0.json.gz,1
fda.inspections.history,firm:1000517800,2010-09-22,2026-09-08T14:33:17Z,firm_key,OSI,,fda.inspections.history,raw/fda.inspections.history/2026/09/20260908T143317Z-f9ff402067e0.json.gz,1
fda.inspections.history,firm:1000517800,2010-09-22,2026-09-08T14:33:17Z,inspected,1,count,fda.inspections.history,raw/fda.inspections.history/2026/09/20260908T143317Z-f9ff402067e0.json.gz,1
fda.inspections.history,firm:1000517800,2010-09-22,2026-09-08T14:33:17Z,inspection_end,20100922,yyyymmdd,fda.inspections.history,raw/fda.inspections.history/2026/09/20260908T143317Z-f9ff402067e0.json.gz,1
fda.inspections.history,firm:1000517800,2010-09-22,2026-09-08T14:33:17Z,is_foreign,0,bool,fda.inspections.history,raw/fda.inspections.history/2026/09/20260908T143317Z-f9ff402067e0.json.gz,1
fda.inspections.history,firm:1000517800,2010-09-22,2026-09-08T14:33:17Z,is_oai,0,bool,fda.inspections.history,raw/fda.inspections.history/2026/09/20260908T143317Z-f9ff402067e0.json.gz,1
fda.inspections.history,firm:1000517800,2010-09-22,2026-09-08T14:33:17Z,label,"OSI Pharmaceuticals, Inc",,fda.inspections.history,raw/fda.inspections.history/2026/09/20260908T143317Z-f9ff402067e0.json.gz,1
fda.inspections.history,firm:1000519407,2010-09-29,2026-09-08T14:33:17Z,classification,1,ordinal,fda.inspections.history,raw/fda.inspections.history/2026/09/20260908T143317Z-f9ff402067e0.json.gz,1
fda.inspections.history,firm:1000519407,2010-09-29,2026-09-08T14:33:17Z,firm_key,BRYANT RANCH PREPACK,,fda.inspections.history,raw/fda.inspections.history/2026/09/20260908T143317Z-f9ff402067e0.json.gz,1
fda.inspections.history,firm:1000519407,2010-09-29,2026-09-08T14:33:17Z,inspected,1,count,fda.inspections.history,raw/fda.inspections.history/2026/09/20260908T143317Z-f9ff402067e0.json.gz,1
fda.inspections.history,firm:1000519407,2010-09-29,2026-09-08T14:33:17Z,inspection_end,20100929,yyyymmdd,fda.inspections.history,raw/fda.inspections.history/2026/09/20260908T143317Z-f9ff402067e0.json.gz,1
fda.inspections.history,firm:1000519407,2010-09-29,2026-09-08T14:33:17Z,is_foreign,0,bool,fda.inspections.history,raw/fda.inspections.history/2026/09/20260908T143317Z-f9ff402067e0.json.gz,1
fda.inspections.history,firm:1000519407,2010-09-29,2026-09-08T14:33:17Z,is_oai,0,bool,fda.inspections.history,raw/fda.inspections.history/2026/09/20260908T143317Z-f9ff402067e0.json.gz,1
fda.inspections.history,firm:1000519407,2010-09-29,2026-09-08T14:33:17Z,label,Bryant Ranch PrePack,,fda.inspections.history,raw/fda.inspections.history/2026/09/20260908T143317Z-f9ff402067e0.json.gz,1
fda.inspections.history,firm:1000519896,2010-09-23,2026-09-08T14:33:17Z,classification,1,ordinal,fda.inspections.history,raw/fda.inspections.history/2026/09/20260908T143317Z-f9ff402067e0.json.gz,1
fda.inspections.history,firm:1000519896,2010-09-23,2026-09-08T14:33:17Z,firm_key,DENNIS S RIFF M D,,fda.inspections.history,raw/fda.inspections.history/2026/09/20260908T143317Z-f9ff402067e0.json.gz,1
fda.inspections.history,firm:1000519896,2010-09-23,2026-09-08T14:33:17Z,inspected,1,count,fda.inspections.history,raw/fda.inspections.history/2026/09/20260908T143317Z-f9ff402067e0.json.gz,1
fda.inspections.history,firm:1000519896,2010-09-23,2026-09-08T14:33:17Z,inspection_end,20100923,yyyymmdd,fda.inspections.history,raw/fda.inspections.history/2026/09/20260908T143317Z-f9ff402067e0.json.gz,1
fda.inspections.history,firm:1000519896,2010-09-23,2026-09-08T14:33:17Z,is_foreign,0,bool,fda.inspections.history,raw/fda.inspections.history/2026/09/20260908T143317Z-f9ff402067e0.json.gz,1
fda.inspections.history,firm:1000519896,2010-09-23,2026-09-08T14:33:17Z,is_oai,0,bool,fda.inspections.history,raw/fda.inspections.history/2026/09/20260908T143317Z-f9ff402067e0.json.gz,1
fda.inspections.history,firm:1000519896,2010-09-23,2026-09-08T14:33:17Z,label,"Dennis S. Riff, M.D.",,fda.inspections.history,raw/fda.inspections.history/2026/09/20260908T143317Z-f9ff402067e0.json.gz,1
fda.inspections.history,firm:1000524756,2010-09-21,2026-09-08T14:33:17Z,classification,0,ordinal,fda.inspections.history,raw/fda.inspections.history/2026/09/20260908T143317Z-f9ff402067e0.json.gz,1
fda.inspections.history,firm:1000524756,2010-09-21,2026-09-08T14:33:17Z,firm_key,APRIA HEALTHCARE,,fda.inspections.history,raw/fda.inspections.history/2026/09/20260908T143317Z-f9ff402067e0.json.gz,1
fda.inspections.history,firm:1000524756,2010-09-21,2026-09-08T14:33:17Z,inspected,1,count,fda.inspections.history,raw/fda.inspections.history/2026/09/20260908T143317Z-f9ff402067e0.json.gz,1
fda.inspections.history,firm:1000524756,2010-09-21,2026-09-08T14:33:17Z,inspection_end,20100921,yyyymmdd,fda.inspections.history,raw/fda.inspections.history/2026/09/20260908T143317Z-f9ff402067e0.json.gz,1
fda.inspections.history,firm:1000524756,2010-09-21,2026-09-08T14:33:17Z,is_foreign,0,bool,fda.inspections.history,raw/fda.inspections.history/2026/09/20260908T143317Z-f9ff402067e0.json.gz,1
fda.inspections.history,firm:1000524756,2010-09-21,2026-09-08T14:33:17Z,is_oai,0,bool,fda.inspections.history,raw/fda.inspections.history/2026/09/20260908T143317Z-f9ff402067e0.json.gz,1
fda.inspections.history,firm:1000524756,2010-09-21,2026-09-08T14:33:17Z,label,Apria Healthcare Inc,,fda.inspections.history,raw/fda.inspections.history/2026/09/20260908T143317Z-f9ff402067e0.json.gz,1
fda.inspections.history,firm:1000613242,2010-09-16,2026-09-08T14:33:17Z,classification,1,ordinal,fda.inspections.history,raw/fda.inspections.history/2026/09/20260908T143317Z-f9ff402067e0.json.gz,1
fda.inspections.history,firm:1000613242,2010-09-16,2026-09-08T14:33:17Z,firm_key,HUZHOU ZHANWANG,,fda.inspections.history,raw/fda.inspections.history/2026/09/20260908T143317Z-f9ff402067e0.json.gz,1
fda.inspections.history,firm:1000613242,2010-09-16,2026-09-08T14:33:17Z,inspected,1,count,fda.inspections.history,raw/fda.inspections.history/2026/09/20260908T143317Z-f9ff402067e0.json.gz,1
fda.inspections.history,firm:1000613242,2010-09-16,2026-09-08T14:33:17Z,inspection_end,20100916,yyyymmdd,fda.inspections.history,raw/fda.inspections.history/2026/09/20260908T143317Z-f9ff402067e0.json.gz,1
fda.inspections.history,firm:1000613242,2010-09-16,2026-09-08T14:33:17Z,is_foreign,1,bool,fda.inspections.history,raw/fda.inspections.history/2026/09/20260908T143317Z-f9ff402067e0.json.gz,1
fda.inspections.history,firm:1000613242,2010-09-16,2026-09-08T14:33:17Z,is_oai,0,bool,fda.inspections.history,raw/fda.inspections.history/2026/09/20260908T143317Z-f9ff402067e0.json.gz,1
fda.inspections.history,firm:1000613242,2010-09-16,2026-09-08T14:33:17Z,label,"Huzhou Zhanwang Pharmaceutical Co., Ltd.",,fda.inspections.history,raw/fda.inspections.history/2026/09/20260908T143317Z-f9ff402067e0.json.gz,1
fda.inspections.history,firm:1012187,2010-09-29,2026-09-08T14:33:17Z,classification,0,ordinal,fda.inspections.history,raw/fda.inspections.history/2026/09/20260908T143317Z-f9ff402067e0.json.gz,1
fda.inspections.history,firm:1012187,2010-09-29,2026-09-08T14:33:17Z,firm_key,MERZ NORTH AMERICA,,fda.inspections.history,raw/fda.inspections.history/2026/09/20260908T143317Z-f9ff402067e0.json.gz,1
fda.inspections.history,firm:1012187,2010-09-29,2026-09-08T14:33:17Z,inspected,1,count,fda.inspections.history,raw/fda.inspections.history/2026/09/20260908T143317Z-f9ff402067e0.json.gz,1
fda.inspections.history,firm:1012187,2010-09-29,2026-09-08T14:33:17Z,inspection_end,20100929,yyyymmdd,fda.inspections.history,raw/fda.inspections.history/2026/09/20260908T143317Z-f9ff402067e0.json.gz,1
fda.inspections.history,firm:1012187,2010-09-29,2026-09-08T14:33:17Z,is_foreign,0,bool,fda.inspections.history,raw/fda.inspections.history/2026/09/20260908T143317Z-f9ff402067e0.json.gz,1
fda.inspections.history,firm:1012187,2010-09-29,2026-09-08T14:33:17Z,is_oai,0,bool,fda.inspections.history,raw/fda.inspections.history/2026/09/20260908T143317Z-f9ff402067e0.json.gz,1
fda.inspections.history,firm:1012187,2010-09-29,2026-09-08T14:33:17Z,label,"Merz North America, Inc.",,fda.inspections.history,raw/fda.inspections.history/2026/09/20260908T143317Z-f9ff402067e0.json.gz,1
fda.inspections.history,firm:1031041,2010-09-28,2026-09-08T14:33:17Z,classification,0,ordinal,fda.inspections.history,raw/fda.inspections.history/2026/09/20260908T143317Z-f9ff402067e0.json.gz,1
fda.inspections.history,firm:1031041,2010-09-28,2026-09-08T14:33:17Z,firm_key,LEX,,fda.inspections.history,raw/fda.inspections.history/2026/09/20260908T143317Z-f9ff402067e0.json.gz,1
fda.inspections.history,firm:1031041,2010-09-28,2026-09-08T14:33:17Z,inspected,1,count,fda.inspections.history,raw/fda.inspections.history/2026/09/20260908T143317Z-f9ff402067e0.json.gz,1
fda.inspections.history,firm:1031041,2010-09-28,2026-09-08T14:33:17Z,inspection_end,20100928,yyyymmdd,fda.inspections.history,raw/fda.inspections.history/2026/09/20260908T143317Z-f9ff402067e0.json.gz,1
fda.inspections.history,firm:1031041,2010-09-28,2026-09-08T14:33:17Z,is_foreign,0,bool,fda.inspections.history,raw/fda.inspections.history/2026/09/20260908T143317Z-f9ff402067e0.json.gz,1
fda.inspections.history,firm:1031041,2010-09-28,2026-09-08T14:33:17Z,is_oai,0,bool,fda.inspections.history,raw/fda.inspections.history/2026/09/20260908T143317Z-f9ff402067e0.json.gz,1
fda.inspections.history,firm:1031041,2010-09-28,2026-09-08T14:33:17Z,label,"Lex, Inc.",,fda.inspections.history,raw/fda.inspections.history/2026/09/20260908T143317Z-f9ff402067e0.json.gz,1
fda.inspections.history,firm:1033842,2010-09-03,2026-09-08T14:33:17Z,classification,1,ordinal,fda.inspections.history,raw/fda.inspections.history/2026/09/20260908T143317Z-f9ff402067e0.json.gz,1
fda.inspections.history,firm:1033842,2010-09-03,2026-09-08T14:33:17Z,firm_key,COSMETIC CREATIONS,,fda.inspections.history,raw/fda.inspections.history/2026/09/20260908T143317Z-f9ff402067e0.json.gz,1
fda.inspections.history,firm:1033842,2010-09-03,2026-09-08T14:33:17Z,inspected,1,count,fda.inspections.history,raw/fda.inspections.history/2026/09/20260908T143317Z-f9ff402067e0.json.gz,1
fda.inspections.history,firm:1033842,2010-09-03,2026-09-08T14:33:17Z,inspection_end,20100903,yyyymmdd,fda.inspections.history,raw/fda.inspections.history/2026/09/20260908T143317Z-f9ff402067e0.json.gz,1
fda.inspections.history,firm:1033842,2010-09-03,2026-09-08T14:33:17Z,is_foreign,0,bool,fda.inspections.history,raw/fda.inspections.history/2026/09/20260908T143317Z-f9ff402067e0.json.gz,1
fda.inspections.history,firm:1033842,2010-09-03,2026-09-08T14:33:17Z,is_oai,0,bool,fda.inspections.history,raw/fda.inspections.history/2026/09/20260908T143317Z-f9ff402067e0.json.gz,1
fda.inspections.history,firm:1033842,2010-09-03,2026-09-08T14:33:17Z,label,Cosmetic Creations Inc.,,fda.inspections.history,raw/fda.inspections.history/2026/09/20260908T143317Z-f9ff402067e0.json.gz,1
fda.inspections.history,firm:1036365,2010-09-10,2026-09-08T14:33:17Z,classification,2,ordinal,fda.inspections.history,raw/fda.inspections.history/2026/09/20260908T143317Z-f9ff402067e0.json.gz,1
fda.inspections.history,firm:1036365,2010-09-10,2026-09-08T14:33:17Z,firm_key,HILL DERMACEUTICALS,,fda.inspections.history,raw/fda.inspections.history/2026/09/20260908T143317Z-f9ff402067e0.json.gz,1
fda.inspections.history,firm:1036365,2010-09-10,2026-09-08T14:33:17Z,inspected,1,count,fda.inspections.history,raw/fda.inspections.history/2026/09/20260908T143317Z-f9ff402067e0.json.gz,1
fda.inspections.history,firm:1036365,2010-09-10,2026-09-08T14:33:17Z,inspection_end,20100910,yyyymmdd,fda.inspections.history,raw/fda.inspections.history/2026/09/20260908T143317Z-f9ff402067e0.json.gz,1
fda.inspections.history,firm:1036365,2010-09-10,2026-09-08T14:33:17Z,is_foreign,0,bool,fda.inspections.history,raw/fda.inspections.history/2026/09/20260908T143317Z-f9ff402067e0.json.gz,1
fda.inspections.history,firm:1036365,2010-09-10,2026-09-08T14:33:17Z,is_oai,1,bool,fda.inspections.history,raw/fda.inspections.history/2026/09/20260908T143317Z-f9ff402067e0.json.gz,1
fda.inspections.history,firm:1036365,2010-09-10,2026-09-08T14:33:17Z,label,"Hill Dermaceuticals, Inc.",,fda.inspections.history,raw/fda.inspections.history/2026/09/20260908T143317Z-f9ff402067e0.json.gz,1
fda.inspections.history,firm:1038820,2010-09-08,2026-09-08T14:33:17Z,classification,0,ordinal,fda.inspections.history,raw/fda.inspections.history/2026/09/20260908T143317Z-f9ff402067e0.json.gz,1
fda.inspections.history,firm:1038820,2010-09-08,2026-09-08T14:33:17Z,firm_key,NEXAIR,,fda.inspections.history,raw/fda.inspections.history/2026/09/20260908T143317Z-f9ff402067e0.json.gz,1
fda.inspections.history,firm:1038820,2010-09-08,2026-09-08T14:33:17Z,inspected,1,count,fda.inspections.history,raw/fda.inspections.history/2026/09/20260908T143317Z-f9ff402067e0.json.gz,1
fda.inspections.history,firm:1038820,2010-09-08,2026-09-08T14:33:17Z,inspection_end,20100908,yyyymmdd,fda.inspections.history,raw/fda.inspections.history/2026/09/20260908T143317Z-f9ff402067e0.json.gz,1
fda.inspections.history,firm:1038820,2010-09-08,2026-09-08T14:33:17Z,is_foreign,0,bool,fda.inspections.history,raw/fda.inspections.history/2026/09/20260908T143317Z-f9ff402067e0.json.gz,1
fda.inspections.history,firm:1038820,2010-09-08,2026-09-08T14:33:17Z,is_oai,0,bool,fda.inspections.history,raw/fda.inspections.history/2026/09/20260908T143317Z-f9ff402067e0.json.gz,1
fda.inspections.history,firm:1038820,2010-09-08,2026-09-08T14:33:17Z,label,Nexair LLC,,fda.inspections.history,raw/fda.inspections.history/2026/09/20260908T143317Z-f9ff402067e0.json.gz,1
fda.inspections.history,firm:1050658,2010-09-29,2026-09-08T14:33:17Z,classification,1,ordinal,fda.inspections.history,raw/fda.inspections.history/2026/09/20260908T143317Z-f9ff402067e0.json.gz,1
fda.inspections.history,firm:1050658,2010-09-29,2026-09-08T14:33:17Z,firm_key,MIKART,,fda.inspections.history,raw/fda.inspections.history/2026/09/20260908T143317Z-f9ff402067e0.json.gz,1
fda.inspections.history,firm:1050658,2010-09-29,2026-09-08T14:33:17Z,inspected,1,count,fda.inspections.history,raw/fda.inspections.history/2026/09/20260908T143317Z-f9ff402067e0.json.gz,1
fda.inspections.history,firm:1050658,2010-09-29,2026-09-08T14:33:17Z,inspection_end,20100929,yyyymmdd,fda.inspections.history,raw/fda.inspections.history/2026/09/20260908T143317Z-f9ff402067e0.json.gz,1
fda.inspections.history,firm:1050658,2010-09-29,2026-09-08T14:33:17Z,is_foreign,0,bool,fda.inspections.history,raw/fda.inspections.history/2026/09/20260908T143317Z-f9ff402067e0.json.gz,1
fda.inspections.history,firm:1050658,2010-09-29,2026-09-08T14:33:17Z,is_oai,0,bool,fda.inspections.history,raw/fda.inspections.history/2026/09/20260908T143317Z-f9ff402067e0.json.gz,1
fda.inspections.history,firm:1050658,2010-09-29,2026-09-08T14:33:17Z,label,Mikart LLC,,fda.inspections.history,raw/fda.inspections.history/2026/09/20260908T143317Z-f9ff402067e0.json.gz,1
fda.inspections.history,firm:1111503,2010-09-17,2026-09-08T14:33:17Z,classification,0,ordinal,fda.inspections.history,raw/fda.inspections.history/2026/09/20260908T143317Z-f9ff402067e0.json.gz,1
fda.inspections.history,firm:1111503,2010-09-17,2026-09-08T14:33:17Z,firm_key,C B FLEET,,fda.inspections.history,raw/fda.inspections.history/2026/09/20260908T143317Z-f9ff402067e0.json.gz,1
fda.inspections.history,firm:1111503,2010-09-17,2026-09-08T14:33:17Z,inspected,1,count,fda.inspections.history,raw/fda.inspections.history/2026/09/20260908T143317Z-f9ff402067e0.json.gz,1
fda.inspections.history,firm:1111503,2010-09-17,2026-09-08T14:33:17Z,inspection_end,20100917,yyyymmdd,fda.inspections.history,raw/fda.inspections.history/2026/09/20260908T143317Z-f9ff402067e0.json.gz,1
fda.inspections.history,firm:1111503,2010-09-17,2026-09-08T14:33:17Z,is_foreign,0,bool,fda.inspections.history,raw/fda.inspections.history/2026/09/20260908T143317Z-f9ff402067e0.json.gz,1
fda.inspections.history,firm:1111503,2010-09-17,2026-09-08T14:33:17Z,is_oai,0,bool,fda.inspections.history,raw/fda.inspections.history/2026/09/20260908T143317Z-f9ff402067e0.json.gz,1
fda.inspections.history,firm:1111503,2010-09-17,2026-09-08T14:33:17Z,label,"C. B. Fleet Company, Inc.",,fda.inspections.history,raw/fda.inspections.history/2026/09/20260908T143317Z-f9ff402067e0.json.gz,1
fda.inspections.history,firm:1219205,2010-09-01,2026-09-08T14:33:17Z,classification,1,ordinal,fda.inspections.history,raw/fda.inspections.history/2026/09/20260908T143317Z-f9ff402067e0.json.gz,1
fda.inspections.history,firm:1219205,2010-09-01,2026-09-08T14:33:17Z,firm_key,BOEHRINGER INGELHEIM,,fda.inspections.history,raw/fda.inspections.history/2026/09/20260908T143317Z-f9ff402067e0.json.gz,1
fda.inspections.history,firm:1219205,2010-09-01,2026-09-08T14:33:17Z,inspected,1,count,fda.inspections.history,raw/fda.inspections.history/2026/09/20260908T143317Z-f9ff402067e0.json.gz,1
fda.inspections.history,firm:1219205,2010-09-01,2026-09-08T14:33:17Z,inspection_end,20100901,yyyymmdd,fda.inspections.history,raw/fda.inspections.history/2026/09/20260908T143317Z-f9ff402067e0.json.gz,1
fda.inspections.history,firm:1219205,2010-09-01,2026-09-08T14:33:17Z,is_foreign,0,bool,fda.inspections.history,raw/fda.inspections.history/2026/09/20260908T143317Z-f9ff402067e0.json.gz,1
fda.inspections.history,firm:1219205,2010-09-01,2026-09-08T14:33:17Z,is_oai,0,bool,fda.inspections.history,raw/fda.inspections.history/2026/09/20260908T143317Z-f9ff402067e0.json.gz,1
fda.inspections.history,firm:1219205,2010-09-01,2026-09-08T14:33:17Z,label,"Boehringer Ingelheim Pharmaceuticals, Inc.",,fda.inspections.history,raw/fda.inspections.history/2026/09/20260908T143317Z-f9ff402067e0.json.gz,1
fda.inspections.history,firm:1219205,2010-09-27,2026-09-08T14:33:17Z,classification,0,ordinal,fda.inspections.history,raw/fda.inspections.history/2026/09/20260908T143317Z-f9ff402067e0.json.gz,1
fda.inspections.history,firm:1219205,2010-09-27,2026-09-08T14:33:17Z,firm_key,BOEHRINGER INGELHEIM,,fda.inspections.history,raw/fda.inspections.history/2026/09/20260908T143317Z-f9ff402067e0.json.gz,1
fda.inspections.history,firm:1219205,2010-09-27,2026-09-08T14:33:17Z,inspected,1,count,fda.inspections.history,raw/fda.inspections.history/2026/09/20260908T143317Z-f9ff402067e0.json.gz,1
fda.inspections.history,firm:1219205,2010-09-27,2026-09-08T14:33:17Z,inspection_end,20100927,yyyymmdd,fda.inspections.history,raw/fda.inspections.history/2026/09/20260908T143317Z-f9ff402067e0.json.gz,1
fda.inspections.history,firm:1219205,2010-09-27,2026-09-08T14:33:17Z,is_foreign,0,bool,fda.inspections.history,raw/fda.inspections.history/2026/09/20260908T143317Z-f9ff402067e0.json.gz,1
fda.inspections.history,firm:1219205,2010-09-27,2026-09-08T14:33:17Z,is_oai,0,bool,fda.inspections.history,raw/fda.inspections.history/2026/09/20260908T143317Z-f9ff402067e0.json.gz,1
fda.inspections.history,firm:1219205,2010-09-27,2026-09-08T14:33:17Z,label,"Boehringer Ingelheim Pharmaceuticals, Inc.",,fda.inspections.history,raw/fda.inspections.history/2026/09/20260908T143317Z-f9ff402067e0.json.gz,1
fda.inspections.history,firm:1219592,2010-09-22,2026-09-08T14:33:17Z,classification,1,ordinal,fda.inspections.history,raw/fda.inspections.history/2026/09/20260908T143317Z-f9ff402067e0.json.gz,1
fda.inspections.history,firm:1219592,2010-09-22,2026-09-08T14:33:17Z,firm_key,WATER JEL TECHNOLOGIES,,fda.inspections.history,raw/fda.inspections.history/2026/09/20260908T143317Z-f9ff402067e0.json.gz,1
fda.inspections.history,firm:1219592,2010-09-22,2026-09-08T14:33:17Z,inspected,1,count,fda.inspections.history,raw/fda.inspections.history/2026/09/20260908T143317Z-f9ff402067e0.json.gz,1
fda.inspections.history,firm:1219592,2010-09-22,2026-09-08T14:33:17Z,inspection_end,20100922,yyyymmdd,fda.inspections.history,raw/fda.inspections.history/2026/09/20260908T143317Z-f9ff402067e0.json.gz,1
fda.inspections.history,firm:1219592,2010-09-22,2026-09-08T14:33:17Z,is_foreign,0,bool,fda.inspections.history,raw/fda.inspections.history/2026/09/20260908T143317Z-f9ff402067e0.json.gz,1
fda.inspections.history,firm:1219592,2010-09-22,2026-09-08T14:33:17Z,is_oai,0,bool,fda.inspections.history,raw/fda.inspections.history/2026/09/20260908T143317Z-f9ff402067e0.json.gz,1
fda.inspections.history,firm:1219592,2010-09-22,2026-09-08T14:33:17Z,label,"Water-Jel Technologies, LLC",,fda.inspections.history,raw/fda.inspections.history/2026/09/20260908T143317Z-f9ff402067e0.json.gz,1
fda.inspections.history,firm:1219963,2010-09-09,2026-09-08T14:33:17Z,classification,0,ordinal,fda.inspections.history,raw/fda.inspections.history/2026/09/20260908T143317Z-f9ff402067e0.json.gz,1
fda.inspections.history,firm:1219963,2010-09-09,2026-09-08T14:33:17Z,firm_key,TWINCRAFT,,fda.inspections.history,raw/fda.inspections.history/2026/09/20260908T143317Z-f9ff402067e0.json.gz,1
fda.inspections.history,firm:1219963,2010-09-09,2026-09-08T14:33:17Z,inspected,1,count,fda.inspections.history,raw/fda.inspections.history/2026/09/20260908T143317Z-f9ff402067e0.json.gz,1
fda.inspections.history,firm:1219963,2010-09-09,2026-09-08T14:33:17Z,inspection_end,20100909,yyyymmdd,fda.inspections.history,raw/fda.inspections.history/2026/09/20260908T143317Z-f9ff402067e0.json.gz,1
fda.inspections.history,firm:1219963,2010-09-09,2026-09-08T14:33:17Z,is_foreign,0,bool,fda.inspections.history,raw/fda.inspections.history/2026/09/20260908T143317Z-f9ff402067e0.json.gz,1
fda.inspections.history,firm:1219963,2010-09-09,2026-09-08T14:33:17Z,is_oai,0,bool,fda.inspections.history,raw/fda.inspections.history/2026/09/20260908T143317Z-f9ff402067e0.json.gz,1
fda.inspections.history,firm:1219963,2010-09-09,2026-09-08T14:33:17Z,label,Twincraft Inc.,,fda.inspections.history,raw/fda.inspections.history/2026/09/20260908T143317Z-f9ff402067e0.json.gz,1
fda.inspections.history,firm:1220951,2010-09-08,2026-09-08T14:33:17Z,classification,1,ordinal,fda.inspections.history,raw/fda.inspections.history/2026/09/20260908T143317Z-f9ff402067e0.json.gz,1
fda.inspections.history,firm:1220951,2010-09-08,2026-09-08T14:33:17Z,firm_key,BIOGEN,,fda.inspections.history,raw/fda.inspections.history/2026/09/20260908T143317Z-f9ff402067e0.json.gz,1
fda.inspections.history,firm:1220951,2010-09-08,2026-09-08T14:33:17Z,inspected,1,count,fda.inspections.history,raw/fda.inspections.history/2026/09/20260908T143317Z-f9ff402067e0.json.gz,1
fda.inspections.history,firm:1220951,2010-09-08,2026-09-08T14:33:17Z,inspection_end,20100908,yyyymmdd,fda.inspections.history,raw/fda.inspections.history/2026/09/20260908T143317Z-f9ff402067e0.json.gz,1
fda.inspections.history,firm:1220951,2010-09-08,2026-09-08T14:33:17Z,is_foreign,0,bool,fda.inspections.history,raw/fda.inspections.history/2026/09/20260908T143317Z-f9ff402067e0.json.gz,1
fda.inspections.history,firm:1220951,2010-09-08,2026-09-08T14:33:17Z,is_oai,0,bool,fda.inspections.history,raw/fda.inspections.history/2026/09/20260908T143317Z-f9ff402067e0.json.gz,1
fda.inspections.history,firm:1220951,2010-09-08,2026-09-08T14:33:17Z,label,"Biogen, Inc.",,fda.inspections.history,raw/fda.inspections.history/2026/09/20260908T143317Z-f9ff402067e0.json.gz,1
fda.inspections.history,firm:1221129,2010-09-14,2026-09-08T14:33:17Z,classification,1,ordinal,fda.inspections.history,raw/fda.inspections.history/2026/09/20260908T143317Z-f9ff402067e0.json.gz,1
fda.inspections.history,firm:1221129,2010-09-14,2026-09-08T14:33:17Z,firm_key,LYMOL MEDICAL,,fda.inspections.history,raw/fda.inspections.history/2026/09/20260908T143317Z-f9ff402067e0.json.gz,1
fda.inspections.history,firm:1221129,2010-09-14,2026-09-08T14:33:17Z,inspected,1,count,fda.inspections.history,raw/fda.inspections.history/2026/09/20260908T143317Z-f9ff402067e0.json.gz,1
fda.inspections.history,firm:1221129,2010-09-14,2026-09-08T14:33:17Z,inspection_end,20100914,yyyymmdd,fda.inspections.history,raw/fda.inspections.history/2026/09/20260908T143317Z-f9ff402067e0.json.gz,1
fda.inspections.history,firm:1221129,2010-09-14,2026-09-08T14:33:17Z,is_foreign,0,bool,fda.inspections.history,raw/fda.inspections.history/2026/09/20260908T143317Z-f9ff402067e0.json.gz,1
fda.inspections.history,firm:1221129,2010-09-14,2026-09-08T14:33:17Z,is_oai,0,bool,fda.inspections.history,raw/fda.inspections.history/2026/09/20260908T143317Z-f9ff402067e0.json.gz,1
fda.inspections.history,firm:1221129,2010-09-14,2026-09-08T14:33:17Z,label,Lymol Medical Corporation,,fda.inspections.history,raw/fda.inspections.history/2026/09/20260908T143317Z-f9ff402067e0.json.gz,1
fda.inspections.history,firm:1283703,2010-09-14,2026-09-08T14:33:17Z,classification,0,ordinal,fda.inspections.history,raw/fda.inspections.history/2026/09/20260908T143317Z-f9ff402067e0.json.gz,1
fda.inspections.history,firm:1283703,2010-09-14,2026-09-08T14:33:17Z,firm_key,BRISTOL MYERS SQUIBB,,fda.inspections.history,raw/fda.inspections.history/2026/09/20260908T143317Z-f9ff402067e0.json.gz,1
fda.inspections.history,firm:1283703,2010-09-14,2026-09-08T14:33:17Z,inspected,1,count,fda.inspections.history,raw/fda.inspections.history/2026/09/20260908T143317Z-f9ff402067e0.json.gz,1
fda.inspections.history,firm:1283703,2010-09-14,2026-09-08T14:33:17Z,inspection_end,20100914,yyyymmdd,fda.inspections.history,raw/fda.inspections.history/2026/09/20260908T143317Z-f9ff402067e0.json.gz,1
fda.inspections.history,firm:1283703,2010-09-14,2026-09-08T14:33:17Z,is_foreign,0,bool,fda.inspections.history,raw/fda.inspections.history/2026/09/20260908T143317Z-f9ff402067e0.json.gz,1
fda.inspections.history,firm:1283703,2010-09-14,2026-09-08T14:33:17Z,is_oai,0,bool,fda.inspections.history,raw/fda.inspections.history/2026/09/20260908T143317Z-f9ff402067e0.json.gz,1
fda.inspections.history,firm:1283703,2010-09-14,2026-09-08T14:33:17Z,label,Bristol-Myers Squibb Company,,fda.inspections.history,raw/fda.inspections.history/2026/09/20260908T143317Z-f9ff402067e0.json.gz,1
fda.inspections.history,firm:1415939,2010-09-29,2026-09-08T14:33:17Z,classification,0,ordinal,fda.inspections.history,raw/fda.inspections.history/2026/09/20260908T143317Z-f9ff402067e0.json.gz,1
fda.inspections.history,firm:1415939,2010-09-29,2026-09-08T14:33:17Z,firm_key,ABBOTT,,fda.inspections.history,raw/fda.inspections.history/2026/09/20260908T143317Z-f9ff402067e0.json.gz,1
fda.inspections.history,firm:1415939,2010-09-29,2026-09-08T14:33:17Z,inspected,1,count,fda.inspections.history,raw/fda.inspections.history/2026/09/20260908T143317Z-f9ff402067e0.json.gz,1
fda.inspections.history,firm:1415939,2010-09-29,2026-09-08T14:33:17Z,inspection_end,20100929,yyyymmdd,fda.inspections.history,raw/fda.inspections.history/2026/09/20260908T143317Z-f9ff402067e0.json.gz,1
fda.inspections.history,firm:1415939,2010-09-29,2026-09-08T14:33:17Z,is_foreign,0,bool,fda.inspections.history,raw/fda.inspections.history/2026/09/20260908T143317Z-f9ff402067e0.json.gz,1
fda.inspections.history,firm:1415939,2010-09-29,2026-09-08T14:33:17Z,is_oai,0,bool,fda.inspections.history,raw/fda.inspections.history/2026/09/20260908T143317Z-f9ff402067e0.json.gz,1
fda.inspections.history,firm:1415939,2010-09-29,2026-09-08T14:33:17Z,label,Abbott Laboratories,,fda.inspections.history,raw/fda.inspections.history/2026/09/20260908T143317Z-f9ff402067e0.json.gz,1
fda.inspections.history,firm:1416980,2010-09-02,2026-09-08T14:33:17Z,classification,0,ordinal,fda.inspections.history,raw/fda.inspections.history/2026/09/20260908T143317Z-f9ff402067e0.json.gz,1
fda.inspections.history,firm:1416980,2010-09-02,2026-09-08T14:33:17Z,firm_key,BAXTER HEALTHCARE,,fda.inspections.history,raw/fda.inspections.history/2026/09/20260908T143317Z-f9ff402067e0.json.gz,1
fda.inspections.history,firm:1416980,2010-09-02,2026-09-08T14:33:17Z,inspected,1,count,fda.inspections.history,raw/fda.inspections.history/2026/09/20260908T143317Z-f9ff402067e0.json.gz,1
fda.inspections.history,firm:1416980,2010-09-02,2026-09-08T14:33:17Z,inspection_end,20100902,yyyymmdd,fda.inspections.history,raw/fda.inspections.history/2026/09/20260908T143317Z-f9ff402067e0.json.gz,1
fda.inspections.history,firm:1416980,2010-09-02,2026-09-08T14:33:17Z,is_foreign,0,bool,fda.inspections.history,raw/fda.inspections.history/2026/09/20260908T143317Z-f9ff402067e0.json.gz,1
fda.inspections.history,firm:1416980,2010-09-02,2026-09-08T14:33:17Z,is_oai,0,bool,fda.inspections.history,raw/fda.inspections.history/2026/09/20260908T143317Z-f9ff402067e0.json.gz,1
fda.inspections.history,firm:1416980,2010-09-02,2026-09-08T14:33:17Z,label,Baxter Healthcare Corporation,,fda.inspections.history,raw/fda.inspections.history/2026/09/20260908T143317Z-f9ff402067e0.json.gz,1
fda.inspections.history,firm:1416980,2010-09-22,2026-09-08T14:33:17Z,classification,0,ordinal,fda.inspections.history,raw/fda.inspections.history/2026/09/20260908T143317Z-f9ff402067e0.json.gz,1
fda.inspections.history,firm:1416980,2010-09-22,2026-09-08T14:33:17Z,firm_key,BAXTER HEALTHCARE,,fda.inspections.history,raw/fda.inspections.history/2026/09/20260908T143317Z-f9ff402067e0.json.gz,1
fda.inspections.history,firm:1416980,2010-09-22,2026-09-08T14:33:17Z,inspected,1,count,fda.inspections.history,raw/fda.inspections.history/2026/09/20260908T143317Z-f9ff402067e0.json.gz,1
fda.inspections.history,firm:1416980,2010-09-22,2026-09-08T14:33:17Z,inspection_end,20100922,yyyymmdd,fda.inspections.history,raw/fda.inspections.history/2026/09/20260908T143317Z-f9ff402067e0.json.gz,1
fda.inspections.history,firm:1416980,2010-09-22,2026-09-08T14:33:17Z,is_foreign,0,bool,fda.inspections.history,raw/fda.inspections.history/2026/09/20260908T143317Z-f9ff402067e0.json.gz,1
fda.inspections.history,firm:1416980,2010-09-22,2026-09-08T14:33:17Z,is_oai,0,bool,fda.inspections.history,raw/fda.inspections.history/2026/09/20260908T143317Z-f9ff402067e0.json.gz,1
fda.inspections.history,firm:1416980,2010-09-22,2026-09-08T14:33:17Z,label,Baxter Healthcare Corporation,,fda.inspections.history,raw/fda.inspections.history/2026/09/20260908T143317Z-f9ff402067e0.json.gz,1
fda.inspections.history,firm:1417572,2010-09-23,2026-09-08T14:33:17Z,classification,0,ordinal,fda.inspections.history,raw/fda.inspections.history/2026/09/20260908T143317Z-f9ff402067e0.json.gz,1
fda.inspections.history,firm:1417572,2010-09-23,2026-09-08T14:33:17Z,firm_key,BAXTER HEALTHCARE,,fda.inspections.history,raw/fda.inspections.history/2026/09/20260908T143317Z-f9ff402067e0.json.gz,1
fda.inspections.history,firm:1417572,2010-09-23,2026-09-08T14:33:17Z,inspected,1,count,fda.inspections.history,raw/fda.inspections.history/2026/09/20260908T143317Z-f9ff402067e0.json.gz,1
fda.inspections.history,firm:1417572,2010-09-23,2026-09-08T14:33:17Z,inspection_end,20100923,yyyymmdd,fda.inspections.history,raw/fda.inspections.history/2026/09/20260908T143317Z-f9ff402067e0.json.gz,1
fda.inspections.history,firm:1417572,2010-09-23,2026-09-08T14:33:17Z,is_foreign,0,bool,fda.inspections.history,raw/fda.inspections.history/2026/09/20260908T143317Z-f9ff402067e0.json.gz,1
fda.inspections.history,firm:1417572,2010-09-23,2026-09-08T14:33:17Z,is_oai,0,bool,fda.inspections.history,raw/fda.inspections.history/2026/09/20260908T143317Z-f9ff402067e0.json.gz,1
fda.inspections.history,firm:1417572,2010-09-23,2026-09-08T14:33:17Z,label,Baxter Healthcare Corporation,,fda.inspections.history,raw/fda.inspections.history/2026/09/20260908T143317Z-f9ff402067e0.json.gz,1
fda.inspections.history,firm:1419498,2010-09-17,2026-09-08T14:33:17Z,classification,1,ordinal,fda.inspections.history,raw/fda.inspections.history/2026/09/20260908T143317Z-f9ff402067e0.json.gz,1
fda.inspections.history,firm:1419498,2010-09-17,2026-09-08T14:33:17Z,firm_key,RISING,,fda.inspections.history,raw/fda.inspections.history/2026/09/20260908T143317Z-f9ff402067e0.json.gz,1
fda.inspections.history,firm:1419498,2010-09-17,2026-09-08T14:33:17Z,inspected,1,count,fda.inspections.history,raw/fda.inspections.history/2026/09/20260908T143317Z-f9ff402067e0.json.gz,1
fda.inspections.history,firm:1419498,2010-09-17,2026-09-08T14:33:17Z,inspection_end,20100917,yyyymmdd,fda.inspections.history,raw/fda.inspections.history/2026/09/20260908T143317Z-f9ff402067e0.json.gz,1
fda.inspections.history,firm:1419498,2010-09-17,2026-09-08T14:33:17Z,is_foreign,0,bool,fda.inspections.history,raw/fda.inspections.history/2026/09/20260908T143317Z-f9ff402067e0.json.gz,1
fda.inspections.history,firm:1419498,2010-09-17,2026-09-08T14:33:17Z,is_oai,0,bool,fda.inspections.history,raw/fda.inspections.history/2026/09/20260908T143317Z-f9ff402067e0.json.gz,1
fda.inspections.history,firm:1419498,2010-09-17,2026-09-08T14:33:17Z,label,"Rising Pharma Holdings, Inc",,fda.inspections.history,raw/fda.inspections.history/2026/09/20260908T143317Z-f9ff402067e0.json.gz,1
fda.inspections.history,firm:1419515,2010-09-29,2026-09-08T14:33:17Z,classification,1,ordinal,fda.inspections.history,raw/fda.inspections.history/2026/09/20260908T143317Z-f9ff402067e0.json.gz,1
fda.inspections.history,firm:1419515,2010-09-29,2026-09-08T14:33:17Z,firm_key,BLUE ISLAND PHENOL,,fda.inspections.history,raw/fda.inspections.history/2026/09/20260908T143317Z-f9ff402067e0.json.gz,1
fda.inspections.history,firm:1419515,2010-09-29,2026-09-08T14:33:17Z,inspected,1,count,fda.inspections.history,raw/fda.inspections.history/2026/09/20260908T143317Z-f9ff402067e0.json.gz,1
fda.inspections.history,firm:1419515,2010-09-29,2026-09-08T14:33:17Z,inspection_end,20100929,yyyymmdd,fda.inspections.history,raw/fda.inspections.history/2026/09/20260908T143317Z-f9ff402067e0.json.gz,1
fda.inspections.history,firm:1419515,2010-09-29,2026-09-08T14:33:17Z,is_foreign,0,bool,fda.inspections.history,raw/fda.inspections.history/2026/09/20260908T143317Z-f9ff402067e0.json.gz,1
fda.inspections.history,firm:1419515,2010-09-29,2026-09-08T14:33:17Z,is_oai,0,bool,fda.inspections.history,raw/fda.inspections.history/2026/09/20260908T143317Z-f9ff402067e0.json.gz,1
fda.inspections.history,firm:1419515,2010-09-29,2026-09-08T14:33:17Z,label,Blue Island Phenol LLC,,fda.inspections.history,raw/fda.inspections.history/2026/09/20260908T143317Z-f9ff402067e0.json.gz,1
fda.inspections.history,firm:1519257,2010-09-24,2026-09-08T14:33:17Z,classification,0,ordinal,fda.inspections.history,raw/fda.inspections.history/2026/09/20260908T143317Z-f9ff402067e0.json.gz,1
fda.inspections.history,firm:1519257,2010-09-24,2026-09-08T14:33:17Z,firm_key,BEN VENUE,,fda.inspections.history,raw/fda.inspections.history/2026/09/20260908T143317Z-f9ff402067e0.json.gz,1
fda.inspections.history,firm:1519257,2010-09-24,2026-09-08T14:33:17Z,inspected,1,count,fda.inspections.history,raw/fda.inspections.history/2026/09/20260908T143317Z-f9ff402067e0.json.gz,1
fda.inspections.history,firm:1519257,2010-09-24,2026-09-08T14:33:17Z,inspection_end,20100924,yyyymmdd,fda.inspections.history,raw/fda.inspections.history/2026/09/20260908T143317Z-f9ff402067e0.json.gz,1
fda.inspections.history,firm:1519257,2010-09-24,2026-09-08T14:33:17Z,is_foreign,0,bool,fda.inspections.history,raw/fda.inspections.history/2026/09/20260908T143317Z-f9ff402067e0.json.gz,1
fda.inspections.history,firm:1519257,2010-09-24,2026-09-08T14:33:17Z,is_oai,0,bool,fda.inspections.history,raw/fda.inspections.history/2026/09/20260908T143317Z-f9ff402067e0.json.gz,1
fda.inspections.history,firm:1519257,2010-09-24,2026-09-08T14:33:17Z,label,Ben Venue Laboratories Inc,,fda.inspections.history,raw/fda.inspections.history/2026/09/20260908T143317Z-f9ff402067e0.json.gz,1
fda.inspections.history,firm:1525647,2010-09-01,2026-09-08T14:33:17Z,classification,0,ordinal,fda.inspections.history,raw/fda.inspections.history/2026/09/20260908T143317Z-f9ff402067e0.json.gz,1
fda.inspections.history,firm:1525647,2010-09-01,2026-09-08T14:33:17Z,firm_key,CHURCH DWIGHT,,fda.inspections.history,raw/fda.inspections.history/2026/09/20260908T143317Z-f9ff402067e0.json.gz,1
fda.inspections.history,firm:1525647,2010-09-01,2026-09-08T14:33:17Z,inspected,1,count,fda.inspections.history,raw/fda.inspections.history/2026/09/20260908T143317Z-f9ff402067e0.json.gz,1
fda.inspections.history,firm:1525647,2010-09-01,2026-09-08T14:33:17Z,inspection_end,20100901,yyyymmdd,fda.inspections.history,raw/fda.inspections.history/2026/09/20260908T143317Z-f9ff402067e0.json.gz,1
fda.inspections.history,firm:1525647,2010-09-01,2026-09-08T14:33:17Z,is_foreign,0,bool,fda.inspections.history,raw/fda.inspections.history/2026/09/20260908T143317Z-f9ff402067e0.json.gz,1
fda.inspections.history,firm:1525647,2010-09-01,2026-09-08T14:33:17Z,is_oai,0,bool,fda.inspections.history,raw/fda.inspections.history/2026/09/20260908T143317Z-f9ff402067e0.json.gz,1
fda.inspections.history,firm:1525647,2010-09-01,2026-09-08T14:33:17Z,label,"Church & Dwight Co., Inc.",,fda.inspections.history,raw/fda.inspections.history/2026/09/20260908T143317Z-f9ff402067e0.json.gz,1
fda.inspections.history,firm:1526814,2010-09-13,2026-09-08T14:33:17Z,classification,0,ordinal,fda.inspections.history,raw/fda.inspections.history/2026/09/20260908T143317Z-f9ff402067e0.json.gz,1
fda.inspections.history,firm:1526814,2010-09-13,2026-09-08T14:33:17Z,firm_key,TEVA WOMENS HEALTH,,fda.inspections.history,raw/fda.inspections.history/2026/09/20260908T143317Z-f9ff402067e0.json.gz,1
fda.inspections.history,firm:1526814,2010-09-13,2026-09-08T14:33:17Z,inspected,1,count,fda.inspections.history,raw/fda.inspections.history/2026/09/20260908T143317Z-f9ff402067e0.json.gz,1
fda.inspections.history,firm:1526814,2010-09-13,2026-09-08T14:33:17Z,inspection_end,20100913,yyyymmdd,fda.inspections.history,raw/fda.inspections.history/2026/09/20260908T143317Z-f9ff402067e0.json.gz,1
fda.inspections.history,firm:1526814,2010-09-13,2026-09-08T14:33:17Z,is_foreign,0,bool,fda.inspections.history,raw/fda.inspections.history/2026/09/20260908T143317Z-f9ff402067e0.json.gz,1
fda.inspections.history,firm:1526814,2010-09-13,2026-09-08T14:33:17Z,is_oai,0,bool,fda.inspections.history,raw/fda.inspections.history/2026/09/20260908T143317Z-f9ff402067e0.json.gz,1
fda.inspections.history,firm:1526814,2010-09-13,2026-09-08T14:33:17Z,label,"Teva Womens Health, LLC",,fda.inspections.history,raw/fda.inspections.history/2026/09/20260908T143317Z-f9ff402067e0.json.gz,1
fda.inspections.history,firm:1614737,2010-09-22,2026-09-08T14:33:17Z,classification,0,ordinal,fda.inspections.history,raw/fda.inspections.history/2026/09/20260908T143317Z-f9ff402067e0.json.gz,1
fda.inspections.history,firm:1614737,2010-09-22,2026-09-08T14:33:17Z,firm_key,CALUMET DICKINSON REFINING,,fda.inspections.history,raw/fda.inspections.history/2026/09/20260908T143317Z-f9ff402067e0.json.gz,1
fda.inspections.history,firm:1614737,2010-09-22,2026-09-08T14:33:17Z,inspected,1,count,fda.inspections.history,raw/fda.inspections.history/2026/09/20260908T143317Z-f9ff402067e0.json.gz,1
fda.inspections.history,firm:1614737,2010-09-22,2026-09-08T14:33:17Z,inspection_end,20100922,yyyymmdd,fda.inspections.history,raw/fda.inspections.history/2026/09/20260908T143317Z-f9ff402067e0.json.gz,1
fda.inspections.history,firm:1614737,2010-09-22,2026-09-08T14:33:17Z,is_foreign,0,bool,fda.inspections.history,raw/fda.inspections.history/2026/09/20260908T143317Z-f9ff402067e0.json.gz,1
fda.inspections.history,firm:1614737,2010-09-22,2026-09-08T14:33:17Z,is_oai,0,bool,fda.inspections.history,raw/fda.inspections.history/2026/09/20260908T143317Z-f9ff402067e0.json.gz,1
fda.inspections.history,firm:1614737,2010-09-22,2026-09-08T14:33:17Z,label,Calumet Dickinson Refining LLC,,fda.inspections.history,raw/fda.inspections.history/2026/09/20260908T143317Z-f9ff402067e0.json.gz,1
fda.inspections.history,firm:1622491,2010-09-22,2026-09-08T14:33:17Z,classification,1,ordinal,fda.inspections.history,raw/fda.inspections.history/2026/09/20260908T143317Z-f9ff402067e0.json.gz,1
fda.inspections.history,firm:1622491,2010-09-22,2026-09-08T14:33:17Z,firm_key,COSMETIC SPECIALTY,,fda.inspections.history,raw/fda.inspections.history/2026/09/20260908T143317Z-f9ff402067e0.json.gz,1
fda.inspections.history,firm:1622491,2010-09-22,2026-09-08T14:33:17Z,inspected,1,count,fda.inspections.history,raw/fda.inspections.history/2026/09/20260908T143317Z-f9ff402067e0.json.gz,1
fda.inspections.history,firm:1622491,2010-09-22,2026-09-08T14:33:17Z,inspection_end,20100922,yyyymmdd,fda.inspections.history,raw/fda.inspections.history/2026/09/20260908T143317Z-f9ff402067e0.json.gz,1
fda.inspections.history,firm:1622491,2010-09-22,2026-09-08T14:33:17Z,is_foreign,0,bool,fda.inspections.history,raw/fda.inspections.history/2026/09/20260908T143317Z-f9ff402067e0.json.gz,1
fda.inspections.history,firm:1622491,2010-09-22,2026-09-08T14:33:17Z,is_oai,0,bool,fda.inspections.history,raw/fda.inspections.history/2026/09/20260908T143317Z-f9ff402067e0.json.gz,1
fda.inspections.history,firm:1622491,2010-09-22,2026-09-08T14:33:17Z,label,"Cosmetic Specialty Labs, Inc",,fda.inspections.history,raw/fda.inspections.history/2026/09/20260908T143317Z-f9ff402067e0.json.gz,1
fda.inspections.history,firm:1629180,2010-09-28,2026-09-08T14:33:17Z,classification,1,ordinal,fda.inspections.history,raw/fda.inspections.history/2026/09/20260908T143317Z-f9ff402067e0.json.gz,1
fda.inspections.history,firm:1629180,2010-09-28,2026-09-08T14:33:17Z,firm_key,ALOE VERA OF AMERICA,,fda.inspections.history,raw/fda.inspections.history/2026/09/20260908T143317Z-f9ff402067e0.json.gz,1
fda.inspections.history,firm:1629180,2010-09-28,2026-09-08T14:33:17Z,inspected,1,count,fda.inspections.history,raw/fda.inspections.history/2026/09/20260908T143317Z-f9ff402067e0.json.gz,1
fda.inspections.history,firm:1629180,2010-09-28,2026-09-08T14:33:17Z,inspection_end,20100928,yyyymmdd,fda.inspections.history,raw/fda.inspections.history/2026/09/20260908T143317Z-f9ff402067e0.json.gz,1
fda.inspections.history,firm:1629180,2010-09-28,2026-09-08T14:33:17Z,is_foreign,0,bool,fda.inspections.history,raw/fda.inspections.history/2026/09/20260908T143317Z-f9ff402067e0.json.gz,1
fda.inspections.history,firm:1629180,2010-09-28,2026-09-08T14:33:17Z,is_oai,0,bool,fda.inspections.history,raw/fda.inspections.history/2026/09/20260908T143317Z-f9ff402067e0.json.gz,1
fda.inspections.history,firm:1629180,2010-09-28,2026-09-08T14:33:17Z,label,"Aloe Vera of America, Inc",,fda.inspections.history,raw/fda.inspections.history/2026/09/20260908T143317Z-f9ff402067e0.json.gz,1
fda.inspections.history,firm:1641527,2010-09-15,2026-09-08T14:33:17Z,classification,1,ordinal,fda.inspections.history,raw/fda.inspections.history/2026/09/20260908T143317Z-f9ff402067e0.json.gz,1
fda.inspections.history,firm:1641527,2010-09-15,2026-09-08T14:33:17Z,firm_key,PHYSICIANS TOTAL CARE,,fda.inspections.history,raw/fda.inspections.history/2026/09/20260908T143317Z-f9ff402067e0.json.gz,1
fda.inspections.history,firm:1641527,2010-09-15,2026-09-08T14:33:17Z,inspected,1,count,fda.inspections.history,raw/fda.inspections.history/2026/09/20260908T143317Z-f9ff402067e0.json.gz,1
fda.inspections.history,firm:1641527,2010-09-15,2026-09-08T14:33:17Z,inspection_end,20100915,yyyymmdd,fda.inspections.history,raw/fda.inspections.history/2026/09/20260908T143317Z-f9ff402067e0.json.gz,1
fda.inspections.history,firm:1641527,2010-09-15,2026-09-08T14:33:17Z,is_foreign,0,bool,fda.inspections.history,raw/fda.inspections.history/2026/09/20260908T143317Z-f9ff402067e0.json.gz,1
fda.inspections.history,firm:1641527,2010-09-15,2026-09-08T14:33:17Z,is_oai,0,bool,fda.inspections.history,raw/fda.inspections.history/2026/09/20260908T143317Z-f9ff402067e0.json.gz,1
fda.inspections.history,firm:1641527,2010-09-15,2026-09-08T14:33:17Z,label,"Physicians Total Care, Inc.",,fda.inspections.history,raw/fda.inspections.history/2026/09/20260908T143317Z-f9ff402067e0.json.gz,1
fda.inspections.history,firm:1643333,2010-09-24,2026-09-08T14:33:17Z,classification,1,ordinal,fda.inspections.history,raw/fda.inspections.history/2026/09/20260908T143317Z-f9ff402067e0.json.gz,1
fda.inspections.history,firm:1643333,2010-09-24,2026-09-08T14:33:17Z,firm_key,SAN ANTONIO EXTENDED MEDICAL CARE,,fda.inspections.history,raw/fda.inspections.history/2026/09/20260908T143317Z-f9ff402067e0.json.gz,1
fda.inspections.history,firm:1643333,2010-09-24,2026-09-08T14:33:17Z,inspected,1,count,fda.inspections.history,raw/fda.inspections.history/2026/09/20260908T143317Z-f9ff402067e0.json.gz,1
fda.inspections.history,firm:1643333,2010-09-24,2026-09-08T14:33:17Z,inspection_end,20100924,yyyymmdd,fda.inspections.history,raw/fda.inspections.history/2026/09/20260908T143317Z-f9ff402067e0.json.gz,1
fda.inspections.history,firm:1643333,2010-09-24,2026-09-08T14:33:17Z,is_foreign,0,bool,fda.inspections.history,raw/fda.inspections.history/2026/09/20260908T143317Z-f9ff402067e0.json.gz,1
fda.inspections.history,firm:1643333,2010-09-24,2026-09-08T14:33:17Z,is_oai,0,bool,fda.inspections.history,raw/fda.inspections.history/2026/09/20260908T143317Z-f9ff402067e0.json.gz,1
fda.inspections.history,firm:1643333,2010-09-24,2026-09-08T14:33:17Z,label,"San Antonio Extended Medical Care, Inc",,fda.inspections.history,raw/fda.inspections.history/2026/09/20260908T143317Z-f9ff402067e0.json.gz,1
fda.inspections.history,firm:1810189,2010-09-28,2026-09-08T14:33:17Z,classification,1,ordinal,fda.inspections.history,raw/fda.inspections.history/2026/09/20260908T143317Z-f9ff402067e0.json.gz,1
fda.inspections.history,firm:1810189,2010-09-28,2026-09-08T14:33:17Z,firm_key,PHARMACIA UPJOHN,,fda.inspections.history,raw/fda.inspections.history/2026/09/20260908T143317Z-f9ff402067e0.json.gz,1
fda.inspections.history,firm:1810189,2010-09-28,2026-09-08T14:33:17Z,inspected,1,count,fda.inspections.history,raw/fda.inspections.history/2026/09/20260908T143317Z-f9ff402067e0.json.gz,1
fda.inspections.history,firm:1810189,2010-09-28,2026-09-08T14:33:17Z,inspection_end,20100928,yyyymmdd,fda.inspections.history,raw/fda.inspections.history/2026/09/20260908T143317Z-f9ff402067e0.json.gz,1
fda.inspections.history,firm:1810189,2010-09-28,2026-09-08T14:33:17Z,is_foreign,0,bool,fda.inspections.history,raw/fda.inspections.history/2026/09/20260908T143317Z-f9ff402067e0.json.gz,1
fda.inspections.history,firm:1810189,2010-09-28,2026-09-08T14:33:17Z,is_oai,0,bool,fda.inspections.history,raw/fda.inspections.history/2026/09/20260908T143317Z-f9ff402067e0.json.gz,1
fda.inspections.history,firm:1810189,2010-09-28,2026-09-08T14:33:17Z,label,Pharmacia & Upjohn Company LLC,,fda.inspections.history,raw/fda.inspections.history/2026/09/20260908T143317Z-f9ff402067e0.json.gz,1
fda.inspections.history,firm:1810414,2010-09-09,2026-09-08T14:33:17Z,classification,0,ordinal,fda.inspections.history,raw/fda.inspections.history/2026/09/20260908T143317Z-f9ff402067e0.json.gz,1
fda.inspections.history,firm:1810414,2010-09-09,2026-09-08T14:33:17Z,firm_key,ECOLAB,,fda.inspections.history,raw/fda.inspections.history/2026/09/20260908T143317Z-f9ff402067e0.json.gz,1
fda.inspections.history,firm:1810414,2010-09-09,2026-09-08T14:33:17Z,inspected,1,count,fda.inspections.history,raw/fda.inspections.history/2026/09/20260908T143317Z-f9ff402067e0.json.gz,1
fda.inspections.history,firm:1810414,2010-09-09,2026-09-08T14:33:17Z,inspection_end,20100909,yyyymmdd,fda.inspections.history,raw/fda.inspections.history/2026/09/20260908T143317Z-f9ff402067e0.json.gz,1
fda.inspections.history,firm:1810414,2010-09-09,2026-09-08T14:33:17Z,is_foreign,0,bool,fda.inspections.history,raw/fda.inspections.history/2026/09/20260908T143317Z-f9ff402067e0.json.gz,1
fda.inspections.history,firm:1810414,2010-09-09,2026-09-08T14:33:17Z,is_oai,0,bool,fda.inspections.history,raw/fda.inspections.history/2026/09/20260908T143317Z-f9ff402067e0.json.gz,1
fda.inspections.history,firm:1810414,2010-09-09,2026-09-08T14:33:17Z,label,"Ecolab, Inc.",,fda.inspections.history,raw/fda.inspections.history/2026/09/20260908T143317Z-f9ff402067e0.json.gz,1
fda.inspections.history,firm:1819470,2010-09-03,2026-09-08T14:33:17Z,classification,1,ordinal,fda.inspections.history,raw/fda.inspections.history/2026/09/20260908T143317Z-f9ff402067e0.json.gz,1
fda.inspections.history,firm:1819470,2010-09-03,2026-09-08T14:33:17Z,firm_key,ELI LILLY,,fda.inspections.history,raw/fda.inspections.history/2026/09/20260908T143317Z-f9ff402067e0.json.gz,1
fda.inspections.history,firm:1819470,2010-09-03,2026-09-08T14:33:17Z,inspected,1,count,fda.inspections.history,raw/fda.inspections.history/2026/09/20260908T143317Z-f9ff402067e0.json.gz,1
fda.inspections.history,firm:1819470,2010-09-03,2026-09-08T14:33:17Z,inspection_end,20100903,yyyymmdd,fda.inspections.history,raw/fda.inspections.history/2026/09/20260908T143317Z-f9ff402067e0.json.gz,1
fda.inspections.history,firm:1819470,2010-09-03,2026-09-08T14:33:17Z,is_foreign,0,bool,fda.inspections.history,raw/fda.inspections.history/2026/09/20260908T143317Z-f9ff402067e0.json.gz,1
fda.inspections.history,firm:1819470,2010-09-03,2026-09-08T14:33:17Z,is_oai,0,bool,fda.inspections.history,raw/fda.inspections.history/2026/09/20260908T143317Z-f9ff402067e0.json.gz,1
fda.inspections.history,firm:1819470,2010-09-03,2026-09-08T14:33:17Z,label,Eli Lilly & Company,,fda.inspections.history,raw/fda.inspections.history/2026/09/20260908T143317Z-f9ff402067e0.json.gz,1
fda.inspections.history,firm:1912755,2010-09-28,2026-09-08T14:33:17Z,classification,1,ordinal,fda.inspections.history,raw/fda.inspections.history/2026/09/20260908T143317Z-f9ff402067e0.json.gz,1
fda.inspections.history,firm:1912755,2010-09-28,2026-09-08T14:33:17Z,firm_key,AIRGAS USA,,fda.inspections.history,raw/fda.inspections.history/2026/09/20260908T143317Z-f9ff402067e0.json.gz,1
fda.inspections.history,firm:1912755,2010-09-28,2026-09-08T14:33:17Z,inspected,1,count,fda.inspections.history,raw/fda.inspections.history/2026/09/20260908T143317Z-f9ff402067e0.json.gz,1
fda.inspections.history,firm:1912755,2010-09-28,2026-09-08T14:33:17Z,inspection_end,20100928,yyyymmdd,fda.inspections.history,raw/fda.inspections.history/2026/09/20260908T143317Z-f9ff402067e0.json.gz,1
fda.inspections.history,firm:1912755,2010-09-28,2026-09-08T14:33:17Z,is_foreign,0,bool,fda.inspections.history,raw/fda.inspections.history/2026/09/20260908T143317Z-f9ff402067e0.json.gz,1
fda.inspections.history,firm:1912755,2010-09-28,2026-09-08T14:33:17Z,is_oai,0,bool,fda.inspections.history,raw/fda.inspections.history/2026/09/20260908T143317Z-f9ff402067e0.json.gz,1
fda.inspections.history,firm:1912755,2010-09-28,2026-09-08T14:33:17Z,label,"Airgas USA, LLC",,fda.inspections.history,raw/fda.inspections.history/2026/09/20260908T143317Z-f9ff402067e0.json.gz,1
fda.inspections.history,firm:1927976,2010-09-22,2026-09-08T14:33:17Z,classification,1,ordinal,fda.inspections.history,raw/fda.inspections.history/2026/09/20260908T143317Z-f9ff402067e0.json.gz,1
fda.inspections.history,firm:1927976,2010-09-22,2026-09-08T14:33:17Z,firm_key,PARADOX,,fda.inspections.history,raw/fda.inspections.history/2026/09/20260908T143317Z-f9ff402067e0.json.gz,1
fda.inspections.history,firm:1927976,2010-09-22,2026-09-08T14:33:17Z,inspected,1,count,fda.inspections.history,raw/fda.inspections.history/2026/09/20260908T143317Z-f9ff402067e0.json.gz,1
fda.inspections.history,firm:1927976,2010-09-22,2026-09-08T14:33:17Z,inspection_end,20100922,yyyymmdd,fda.inspections.history,raw/fda.inspections.history/2026/09/20260908T143317Z-f9ff402067e0.json.gz,1
fda.inspections.history,firm:1927976,2010-09-22,2026-09-08T14:33:17Z,is_foreign,0,bool,fda.inspections.history,raw/fda.inspections.history/2026/09/20260908T143317Z-f9ff402067e0.json.gz,1
fda.inspections.history,firm:1927976,2010-09-22,2026-09-08T14:33:17Z,is_oai,0,bool,fda.inspections.history,raw/fda.inspections.history/2026/09/20260908T143317Z-f9ff402067e0.json.gz,1
fda.inspections.history,firm:1927976,2010-09-22,2026-09-08T14:33:17Z,label,Paradox Inc,,fda.inspections.history,raw/fda.inspections.history/2026/09/20260908T143317Z-f9ff402067e0.json.gz,1
fda.inspections.history,firm:1937898,2010-09-08,2026-09-08T14:33:17Z,classification,1,ordinal,fda.inspections.history,raw/fda.inspections.history/2026/09/20260908T143317Z-f9ff402067e0.json.gz,1
fda.inspections.history,firm:1937898,2010-09-08,2026-09-08T14:33:17Z,firm_key,GENVENTURES,,fda.inspections.history,raw/fda.inspections.history/2026/09/20260908T143317Z-f9ff402067e0.json.gz,1
fda.inspections.history,firm:1937898,2010-09-08,2026-09-08T14:33:17Z,inspected,1,count,fda.inspections.history,raw/fda.inspections.history/2026/09/20260908T143317Z-f9ff402067e0.json.gz,1
fda.inspections.history,firm:1937898,2010-09-08,2026-09-08T14:33:17Z,inspection_end,20100908,yyyymmdd,fda.inspections.history,raw/fda.inspections.history/2026/09/20260908T143317Z-f9ff402067e0.json.gz,1
fda.inspections.history,firm:1937898,2010-09-08,2026-09-08T14:33:17Z,is_foreign,0,bool,fda.inspections.history,raw/fda.inspections.history/2026/09/20260908T143317Z-f9ff402067e0.json.gz,1
fda.inspections.history,firm:1937898,2010-09-08,2026-09-08T14:33:17Z,is_oai,0,bool,fda.inspections.history,raw/fda.inspections.history/2026/09/20260908T143317Z-f9ff402067e0.json.gz,1
fda.inspections.history,firm:1937898,2010-09-08,2026-09-08T14:33:17Z,label,"GenVentures, Inc.",,fda.inspections.history,raw/fda.inspections.history/2026/09/20260908T143317Z-f9ff402067e0.json.gz,1
fda.inspections.history,firm:1941150,2010-09-14,2026-09-08T14:33:17Z,classification,1,ordinal,fda.inspections.history,raw/fda.inspections.history/2026/09/20260908T143317Z-f9ff402067e0.json.gz,1
fda.inspections.history,firm:1941150,2010-09-14,2026-09-08T14:33:17Z,firm_key,NICE PAK PRODUCTS,,fda.inspections.history,raw/fda.inspections.history/2026/09/20260908T143317Z-f9ff402067e0.json.gz,1
fda.inspections.history,firm:1941150,2010-09-14,2026-09-08T14:33:17Z,inspected,1,count,fda.inspections.history,raw/fda.inspections.history/2026/09/20260908T143317Z-f9ff402067e0.json.gz,1
fda.inspections.history,firm:1941150,2010-09-14,2026-09-08T14:33:17Z,inspection_end,20100914,yyyymmdd,fda.inspections.history,raw/fda.inspections.history/2026/09/20260908T143317Z-f9ff402067e0.json.gz,1
fda.inspections.history,firm:1941150,2010-09-14,2026-09-08T14:33:17Z,is_foreign,0,bool,fda.inspections.history,raw/fda.inspections.history/2026/09/20260908T143317Z-f9ff402067e0.json.gz,1
fda.inspections.history,firm:1941150,2010-09-14,2026-09-08T14:33:17Z,is_oai,0,bool,fda.inspections.history,raw/fda.inspections.history/2026/09/20260908T143317Z-f9ff402067e0.json.gz,1
fda.inspections.history,firm:1941150,2010-09-14,2026-09-08T14:33:17Z,label,"Nice-Pak Products, LLC",,fda.inspections.history,raw/fda.inspections.history/2026/09/20260908T143317Z-f9ff402067e0.json.gz,1
fda.inspections.history,firm:2011068,2010-09-20,2026-09-08T14:33:17Z,classification,0,ordinal,fda.inspections.history,raw/fda.inspections.history/2026/09/20260908T143317Z-f9ff402067e0.json.gz,1
fda.inspections.history,firm:2011068,2010-09-20,2026-09-08T14:33:17Z,firm_key,ALLERGAN SALES,,fda.inspections.history,raw/fda.inspections.history/2026/09/20260908T143317Z-f9ff402067e0.json.gz,1
fda.inspections.history,firm:2011068,2010-09-20,2026-09-08T14:33:17Z,inspected,1,count,fda.inspections.history,raw/fda.inspections.history/2026/09/20260908T143317Z-f9ff402067e0.json.gz,1
fda.inspections.history,firm:2011068,2010-09-20,2026-09-08T14:33:17Z,inspection_end,20100920,yyyymmdd,fda.inspections.history,raw/fda.inspections.history/2026/09/20260908T143317Z-f9ff402067e0.json.gz,1
fda.inspections.history,firm:2011068,2010-09-20,2026-09-08T14:33:17Z,is_foreign,0,bool,fda.inspections.history,raw/fda.inspections.history/2026/09/20260908T143317Z-f9ff402067e0.json.gz,1
fda.inspections.history,firm:2011068,2010-09-20,2026-09-08T14:33:17Z,is_oai,0,bool,fda.inspections.history,raw/fda.inspections.history/2026/09/20260908T143317Z-f9ff402067e0.json.gz,1
fda.inspections.history,firm:2011068,2010-09-20,2026-09-08T14:33:17Z,label,"Allergan Sales, LLC",,fda.inspections.history,raw/fda.inspections.history/2026/09/20260908T143317Z-f9ff402067e0.json.gz,1
fda.inspections.history,firm:2013383,2010-09-20,2026-09-08T14:33:17Z,classification,1,ordinal,fda.inspections.history,raw/fda.inspections.history/2026/09/20260908T143317Z-f9ff402067e0.json.gz,1
fda.inspections.history,firm:2013383,2010-09-20,2026-09-08T14:33:17Z,firm_key,MERLE NORMAN COSMETICS,,fda.inspections.history,raw/fda.inspections.history/2026/09/20260908T143317Z-f9ff402067e0.json.gz,1
fda.inspections.history,firm:2013383,2010-09-20,2026-09-08T14:33:17Z,inspected,1,count,fda.inspections.history,raw/fda.inspections.history/2026/09/20260908T143317Z-f9ff402067e0.json.gz,1
fda.inspections.history,firm:2013383,2010-09-20,2026-09-08T14:33:17Z,inspection_end,20100920,yyyymmdd,fda.inspections.history,raw/fda.inspections.history/2026/09/20260908T143317Z-f9ff402067e0.json.gz,1
fda.inspections.history,firm:2013383,2010-09-20,2026-09-08T14:33:17Z,is_foreign,0,bool,fda.inspections.history,raw/fda.inspections.history/2026/09/20260908T143317Z-f9ff402067e0.json.gz,1
fda.inspections.history,firm:2013383,2010-09-20,2026-09-08T14:33:17Z,is_oai,0,bool,fda.inspections.history,raw/fda.inspections.history/2026/09/20260908T143317Z-f9ff402067e0.json.gz,1
fda.inspections.history,firm:2013383,2010-09-20,2026-09-08T14:33:17Z,label,"Merle Norman Cosmetics, Inc.",,fda.inspections.history,raw/fda.inspections.history/2026/09/20260908T143317Z-f9ff402067e0.json.gz,1
fda.inspections.history,firm:2016608,2010-09-27,2026-09-08T14:33:17Z,classification,1,ordinal,fda.inspections.history,raw/fda.inspections.history/2026/09/20260908T143317Z-f9ff402067e0.json.gz,1
fda.inspections.history,firm:2016608,2010-09-27,2026-09-08T14:33:17Z,firm_key,LEE,,fda.inspections.history,raw/fda.inspections.history/2026/09/20260908T143317Z-f9ff402067e0.json.gz,1
fda.inspections.history,firm:2016608,2010-09-27,2026-09-08T14:33:17Z,inspected,1,count,fda.inspections.history,raw/fda.inspections.history/2026/09/20260908T143317Z-f9ff402067e0.json.gz,1
fda.inspections.history,firm:2016608,2010-09-27,2026-09-08T14:33:17Z,inspection_end,20100927,yyyymmdd,fda.inspections.history,raw/fda.inspections.history/2026/09/20260908T143317Z-f9ff402067e0.json.gz,1
fda.inspections.history,firm:2016608,2010-09-27,2026-09-08T14:33:17Z,is_foreign,0,bool,fda.inspections.history,raw/fda.inspections.history/2026/09/20260908T143317Z-f9ff402067e0.json.gz,1
fda.inspections.history,firm:2016608,2010-09-27,2026-09-08T14:33:17Z,is_oai,0,bool,fda.inspections.history,raw/fda.inspections.history/2026/09/20260908T143317Z-f9ff402067e0.json.gz,1
fda.inspections.history,firm:2016608,2010-09-27,2026-09-08T14:33:17Z,label,"Lee Pharmaceuticals, Inc",,fda.inspections.history,raw/fda.inspections.history/2026/09/20260908T143317Z-f9ff402067e0.json.gz,1
fda.inspections.history,firm:2020223,2010-09-21,2026-09-08T14:33:17Z,classification,0,ordinal,fda.inspections.history,raw/fda.inspections.history/2026/09/20260908T143317Z-f9ff402067e0.json.gz,1
fda.inspections.history,firm:2020223,2010-09-21,2026-09-08T14:33:17Z,firm_key,DLC,,fda.inspections.history,raw/fda.inspections.history/2026/09/20260908T143317Z-f9ff402067e0.json.gz,1
fda.inspections.history,firm:2020223,2010-09-21,2026-09-08T14:33:17Z,inspected,1,count,fda.inspections.history,raw/fda.inspections.history/2026/09/20260908T143317Z-f9ff402067e0.json.gz,1
fda.inspections.history,firm:2020223,2010-09-21,2026-09-08T14:33:17Z,inspection_end,20100921,yyyymmdd,fda.inspections.history,raw/fda.inspections.history/2026/09/20260908T143317Z-f9ff402067e0.json.gz,1
fda.inspections.history,firm:2020223,2010-09-21,2026-09-08T14:33:17Z,is_foreign,0,bool,fda.inspections.history,raw/fda.inspections.history/2026/09/20260908T143317Z-f9ff402067e0.json.gz,1
fda.inspections.history,firm:2020223,2010-09-21,2026-09-08T14:33:17Z,is_oai,0,bool,fda.inspections.history,raw/fda.inspections.history/2026/09/20260908T143317Z-f9ff402067e0.json.gz,1
fda.inspections.history,firm:2020223,2010-09-21,2026-09-08T14:33:17Z,label,"DLC Laboratories, Inc",,fda.inspections.history,raw/fda.inspections.history/2026/09/20260908T143317Z-f9ff402067e0.json.gz,1
fda.inspections.history,firm:2020640,2010-09-24,2026-09-08T14:33:17Z,classification,1,ordinal,fda.inspections.history,raw/fda.inspections.history/2026/09/20260908T143317Z-f9ff402067e0.json.gz,1
fda.inspections.history,firm:2020640,2010-09-24,2026-09-08T14:33:17Z,firm_key,NORTH AMERICAN SCIENCE ASSOCIATES,,fda.inspections.history,raw/fda.inspections.history/2026/09/20260908T143317Z-f9ff402067e0.json.gz,1
fda.inspections.history,firm:2020640,2010-09-24,2026-09-08T14:33:17Z,inspected,1,count,fda.inspections.history,raw/fda.inspections.history/2026/09/20260908T143317Z-f9ff402067e0.json.gz,1
fda.inspections.history,firm:2020640,2010-09-24,2026-09-08T14:33:17Z,inspection_end,20100924,yyyymmdd,fda.inspections.history,raw/fda.inspections.history/2026/09/20260908T143317Z-f9ff402067e0.json.gz,1
fda.inspections.history,firm:2020640,2010-09-24,2026-09-08T14:33:17Z,is_foreign,0,bool,fda.inspections.history,raw/fda.inspections.history/2026/09/20260908T143317Z-f9ff402067e0.json.gz,1
fda.inspections.history,firm:2020640,2010-09-24,2026-09-08T14:33:17Z,is_oai,0,bool,fda.inspections.history,raw/fda.inspections.history/2026/09/20260908T143317Z-f9ff402067e0.json.gz,1
fda.inspections.history,firm:2020640,2010-09-24,2026-09-08T14:33:17Z,label,"North American Science Associates, LLC",,fda.inspections.history,raw/fda.inspections.history/2026/09/20260908T143317Z-f9ff402067e0.json.gz,1
fda.inspections.history,firm:2021236,2010-09-22,2026-09-08T14:33:17Z,classification,0,ordinal,fda.inspections.history,raw/fda.inspections.history/2026/09/20260908T143317Z-f9ff402067e0.json.gz,1
fda.inspections.history,firm:2021236,2010-09-22,2026-09-08T14:33:17Z,firm_key,B BRAUN US MANUFACTURING,,fda.inspections.history,raw/fda.inspections.history/2026/09/20260908T143317Z-f9ff402067e0.json.gz,1
fda.inspections.history,firm:2021236,2010-09-22,2026-09-08T14:33:17Z,inspected,1,count,fda.inspections.history,raw/fda.inspections.history/2026/09/20260908T143317Z-f9ff402067e0.json.gz,1
fda.inspections.history,firm:2021236,2010-09-22,2026-09-08T14:33:17Z,inspection_end,20100922,yyyymmdd,fda.inspections.history,raw/fda.inspections.history/2026/09/20260908T143317Z-f9ff402067e0.json.gz,1
fda.inspections.history,firm:2021236,2010-09-22,2026-09-08T14:33:17Z,is_foreign,0,bool,fda.inspections.history,raw/fda.inspections.history/2026/09/20260908T143317Z-f9ff402067e0.json.gz,1
fda.inspections.history,firm:2021236,2010-09-22,2026-09-08T14:33:17Z,is_oai,0,bool,fda.inspections.history,raw/fda.inspections.history/2026/09/20260908T143317Z-f9ff402067e0.json.gz,1
fda.inspections.history,firm:2021236,2010-09-22,2026-09-08T14:33:17Z,label,"B. Braun US Pharmaceutical Manufacturing, LLC",,fda.inspections.history,raw/fda.inspections.history/2026/09/20260908T143317Z-f9ff402067e0.json.gz,1
fda.inspections.history,firm:2022474,2010-09-10,2026-09-08T14:33:17Z,classification,0,ordinal,fda.inspections.history,raw/fda.inspections.history/2026/09/20260908T143317Z-f9ff402067e0.json.gz,1
fda.inspections.history,firm:2022474,2010-09-10,2026-09-08T14:33:17Z,firm_key,LACLEDE,,fda.inspections.history,raw/fda.inspections.history/2026/09/20260908T143317Z-f9ff402067e0.json.gz,1
fda.inspections.history,firm:2022474,2010-09-10,2026-09-08T14:33:17Z,inspected,1,count,fda.inspections.history,raw/fda.inspections.history/2026/09/20260908T143317Z-f9ff402067e0.json.gz,1
fda.inspections.history,firm:2022474,2010-09-10,2026-09-08T14:33:17Z,inspection_end,20100910,yyyymmdd,fda.inspections.history,raw/fda.inspections.history/2026/09/20260908T143317Z-f9ff402067e0.json.gz,1
fda.inspections.history,firm:2022474,2010-09-10,2026-09-08T14:33:17Z,is_foreign,0,bool,fda.inspections.history,raw/fda.inspections.history/2026/09/20260908T143317Z-f9ff402067e0.json.gz,1
fda.inspections.history,firm:2022474,2010-09-10,2026-09-08T14:33:17Z,is_oai,0,bool,fda.inspections.history,raw/fda.inspections.history/2026/09/20260908T143317Z-f9ff402067e0.json.gz,1
fda.inspections.history,firm:2022474,2010-09-10,2026-09-08T14:33:17Z,label,"Laclede, Inc.",,fda.inspections.history,raw/fda.inspections.history/2026/09/20260908T143317Z-f9ff402067e0.json.gz,1
fda.inspections.history,firm:2024261,2010-09-17,2026-09-08T14:33:17Z,classification,1,ordinal,fda.inspections.history,raw/fda.inspections.history/2026/09/20260908T143317Z-f9ff402067e0.json.gz,1
fda.inspections.history,firm:2024261,2010-09-17,2026-09-08T14:33:17Z,firm_key,NATREN,,fda.inspections.history,raw/fda.inspections.history/2026/09/20260908T143317Z-f9ff402067e0.json.gz,1
fda.inspections.history,firm:2024261,2010-09-17,2026-09-08T14:33:17Z,inspected,1,count,fda.inspections.history,raw/fda.inspections.history/2026/09/20260908T143317Z-f9ff402067e0.json.gz,1
fda.inspections.history,firm:2024261,2010-09-17,2026-09-08T14:33:17Z,inspection_end,20100917,yyyymmdd,fda.inspections.history,raw/fda.inspections.history/2026/09/20260908T143317Z-f9ff402067e0.json.gz,1
fda.inspections.history,firm:2024261,2010-09-17,2026-09-08T14:33:17Z,is_foreign,0,bool,fda.inspections.history,raw/fda.inspections.history/2026/09/20260908T143317Z-f9ff402067e0.json.gz,1
fda.inspections.history,firm:2024261,2010-09-17,2026-09-08T14:33:17Z,is_oai,0,bool,fda.inspections.history,raw/fda.inspections.history/2026/09/20260908T143317Z-f9ff402067e0.json.gz,1
fda.inspections.history,firm:2024261,2010-09-17,2026-09-08T14:33:17Z,label,Natren Inc.,,fda.inspections.history,raw/fda.inspections.history/2026/09/20260908T143317Z-f9ff402067e0.json.gz,1
fda.inspections.history,firm:2024442,2010-09-10,2026-09-08T14:33:17Z,classification,0,ordinal,fda.inspections.history,raw/fda.inspections.history/2026/09/20260908T143317Z-f9ff402067e0.json.gz,1
fda.inspections.history,firm:2024442,2010-09-10,2026-09-08T14:33:17Z,firm_key,SCAPA NORTH AMERICA,,fda.inspections.history,raw/fda.inspections.history/2026/09/20260908T143317Z-f9ff402067e0.json.gz,1
fda.inspections.history,firm:2024442,2010-09-10,2026-09-08T14:33:17Z,inspected,1,count,fda.inspections.history,raw/fda.inspections.history/2026/09/20260908T143317Z-f9ff402067e0.json.gz,1
fda.inspections.history,firm:2024442,2010-09-10,2026-09-08T14:33:17Z,inspection_end,20100910,yyyymmdd,fda.inspections.history,raw/fda.inspections.history/2026/09/20260908T143317Z-f9ff402067e0.json.gz,1
fda.inspections.history,firm:2024442,2010-09-10,2026-09-08T14:33:17Z,is_foreign,0,bool,fda.inspections.history,raw/fda.inspections.history/2026/09/20260908T143317Z-f9ff402067e0.json.gz,1
fda.inspections.history,firm:2024442,2010-09-10,2026-09-08T14:33:17Z,is_oai,0,bool,fda.inspections.history,raw/fda.inspections.history/2026/09/20260908T143317Z-f9ff402067e0.json.gz,1
fda.inspections.history,firm:2024442,2010-09-10,2026-09-08T14:33:17Z,label,"Scapa North America, Inc.",,fda.inspections.history,raw/fda.inspections.history/2026/09/20260908T143317Z-f9ff402067e0.json.gz,1
fda.inspections.history,firm:2027189,2010-09-03,2026-09-08T14:33:17Z,classification,1,ordinal,fda.inspections.history,raw/fda.inspections.history/2026/09/20260908T143317Z-f9ff402067e0.json.gz,1
fda.inspections.history,firm:2027189,2010-09-03,2026-09-08T14:33:17Z,firm_key,ALLIANCE MEDICAL PRODUCTS,,fda.inspections.history,raw/fda.inspections.history/2026/09/20260908T143317Z-f9ff402067e0.json.gz,1
fda.inspections.history,firm:2027189,2010-09-03,2026-09-08T14:33:17Z,inspected,1,count,fda.inspections.history,raw/fda.inspections.history/2026/09/20260908T143317Z-f9ff402067e0.json.gz,1
fda.inspections.history,firm:2027189,2010-09-03,2026-09-08T14:33:17Z,inspection_end,20100903,yyyymmdd,fda.inspections.history,raw/fda.inspections.history/2026/09/20260908T143317Z-f9ff402067e0.json.gz,1
fda.inspections.history,firm:2027189,2010-09-03,2026-09-08T14:33:17Z,is_foreign,0,bool,fda.inspections.history,raw/fda.inspections.history/2026/09/20260908T143317Z-f9ff402067e0.json.gz,1
fda.inspections.history,firm:2027189,2010-09-03,2026-09-08T14:33:17Z,is_oai,0,bool,fda.inspections.history,raw/fda.inspections.history/2026/09/20260908T143317Z-f9ff402067e0.json.gz,1
fda.inspections.history,firm:2027189,2010-09-03,2026-09-08T14:33:17Z,label,"Alliance Medical Products, Inc.",,fda.inspections.history,raw/fda.inspections.history/2026/09/20260908T143317Z-f9ff402067e0.json.gz,1
fda.inspections.history,firm:2111173,2010-09-03,2026-09-08T14:33:17Z,classification,1,ordinal,fda.inspections.history,raw/fda.inspections.history/2026/09/20260908T143317Z-f9ff402067e0.json.gz,1
fda.inspections.history,firm:2111173,2010-09-03,2026-09-08T14:33:17Z,firm_key,SCIENTIFIC PROTEIN,,fda.inspections.history,raw/fda.inspections.history/2026/09/20260908T143317Z-f9ff402067e0.json.gz,1
fda.inspections.history,firm:2111173,2010-09-03,2026-09-08T14:33:17Z,inspected,1,count,fda.inspections.history,raw/fda.inspections.history/2026/09/20260908T143317Z-f9ff402067e0.json.gz,1
fda.inspections.history,firm:2111173,2010-09-03,2026-09-08T14:33:17Z,inspection_end,20100903,yyyymmdd,fda.inspections.history,raw/fda.inspections.history/2026/09/20260908T143317Z-f9ff402067e0.json.gz,1
fda.inspections.history,firm:2111173,2010-09-03,2026-09-08T14:33:17Z,is_foreign,0,bool,fda.inspections.history,raw/fda.inspections.history/2026/09/20260908T143317Z-f9ff402067e0.json.gz,1
fda.inspections.history,firm:2111173,2010-09-03,2026-09-08T14:33:17Z,is_oai,0,bool,fda.inspections.history,raw/fda.inspections.history/2026/09/20260908T143317Z-f9ff402067e0.json.gz,1
fda.inspections.history,firm:2111173,2010-09-03,2026-09-08T14:33:17Z,label,Scientific Protein Laboratories LLC,,fda.inspections.history,raw/fda.inspections.history/2026/09/20260908T143317Z-f9ff402067e0.json.gz,1
fda.inspections.history,firm:2127934,2010-09-01,2026-09-08T14:33:17Z,classification,0,ordinal,fda.inspections.history,raw/fda.inspections.history/2026/09/20260908T143317Z-f9ff402067e0.json.gz,1
fda.inspections.history,firm:2127934,2010-09-01,2026-09-08T14:33:17Z,firm_key,C R CANFIELD,,fda.inspections.history,raw/fda.inspections.history/2026/09/20260908T143317Z-f9ff402067e0.json.gz,1
fda.inspections.history,firm:2127934,2010-09-01,2026-09-08T14:33:17Z,inspected,1,count,fda.inspections.history,raw/fda.inspections.history/2026/09/20260908T143317Z-f9ff402067e0.json.gz,1
fda.inspections.history,firm:2127934,2010-09-01,2026-09-08T14:33:17Z,inspection_end,20100901,yyyymmdd,fda.inspections.history,raw/fda.inspections.history/2026/09/20260908T143317Z-f9ff402067e0.json.gz,1
fda.inspections.history,firm:2127934,2010-09-01,2026-09-08T14:33:17Z,is_foreign,0,bool,fda.inspections.history,raw/fda.inspections.history/2026/09/20260908T143317Z-f9ff402067e0.json.gz,1
fda.inspections.history,firm:2127934,2010-09-01,2026-09-08T14:33:17Z,is_oai,0,bool,fda.inspections.history,raw/fda.inspections.history/2026/09/20260908T143317Z-f9ff402067e0.json.gz,1
fda.inspections.history,firm:2127934,2010-09-01,2026-09-08T14:33:17Z,label,C.R. Canfield Co,,fda.inspections.history,raw/fda.inspections.history/2026/09/20260908T143317Z-f9ff402067e0.json.gz,1
fda.inspections.history,firm:2128693,2010-09-10,2026-09-08T14:33:17Z,classification,0,ordinal,fda.inspections.history,raw/fda.inspections.history/2026/09/20260908T143317Z-f9ff402067e0.json.gz,1
fda.inspections.history,firm:2128693,2010-09-10,2026-09-08T14:33:17Z,firm_key,SCHWABE NORTH AMERICA,,fda.inspections.history,raw/fda.inspections.history/2026/09/20260908T143317Z-f9ff402067e0.json.gz,1
fda.inspections.history,firm:2128693,2010-09-10,2026-09-08T14:33:17Z,inspected,1,count,fda.inspections.history,raw/fda.inspections.history/2026/09/20260908T143317Z-f9ff402067e0.json.gz,1
fda.inspections.history,firm:2128693,2010-09-10,2026-09-08T14:33:17Z,inspection_end,20100910,yyyymmdd,fda.inspections.history,raw/fda.inspections.history/2026/09/20260908T143317Z-f9ff402067e0.json.gz,1
fda.inspections.history,firm:2128693,2010-09-10,2026-09-08T14:33:17Z,is_foreign,0,bool,fda.inspections.history,raw/fda.inspections.history/2026/09/20260908T143317Z-f9ff402067e0.json.gz,1
fda.inspections.history,firm:2128693,2010-09-10,2026-09-08T14:33:17Z,is_oai,0,bool,fda.inspections.history,raw/fda.inspections.history/2026/09/20260908T143317Z-f9ff402067e0.json.gz,1
fda.inspections.history,firm:2128693,2010-09-10,2026-09-08T14:33:17Z,label,"Schwabe North America, Inc.",,fda.inspections.history,raw/fda.inspections.history/2026/09/20260908T143317Z-f9ff402067e0.json.gz,1
fda.inspections.history,firm:2210396,2010-09-03,2026-09-08T14:33:17Z,classification,0,ordinal,fda.inspections.history,raw/fda.inspections.history/2026/09/20260908T143317Z-f9ff402067e0.json.gz,1
fda.inspections.history,firm:2210396,2010-09-03,2026-09-08T14:33:17Z,firm_key,NOVARTIS,,fda.inspections.history,raw/fda.inspections.history/2026/09/20260908T143317Z-f9ff402067e0.json.gz,1
fda.inspections.history,firm:2210396,2010-09-03,2026-09-08T14:33:17Z,inspected,1,count,fda.inspections.history,raw/fda.inspections.history/2026/09/20260908T143317Z-f9ff402067e0.json.gz,1
fda.inspections.history,firm:2210396,2010-09-03,2026-09-08T14:33:17Z,inspection_end,20100903,yyyymmdd,fda.inspections.history,raw/fda.inspections.history/2026/09/20260908T143317Z-f9ff402067e0.json.gz,1
fda.inspections.history,firm:2210396,2010-09-03,2026-09-08T14:33:17Z,is_foreign,0,bool,fda.inspections.history,raw/fda.inspections.history/2026/09/20260908T143317Z-f9ff402067e0.json.gz,1
fda.inspections.history,firm:2210396,2010-09-03,2026-09-08T14:33:17Z,is_oai,0,bool,fda.inspections.history,raw/fda.inspections.history/2026/09/20260908T143317Z-f9ff402067e0.json.gz,1
fda.inspections.history,firm:2210396,2010-09-03,2026-09-08T14:33:17Z,label,Novartis Pharmaceuticals Corporation,,fda.inspections.history,raw/fda.inspections.history/2026/09/20260908T143317Z-f9ff402067e0.json.gz,1
fda.inspections.history,firm:2244008,2010-09-23,2026-09-08T14:33:17Z,classification,1,ordinal,fda.inspections.history,raw/fda.inspections.history/2026/09/20260908T143317Z-f9ff402067e0.json.gz,1
fda.inspections.history,firm:2244008,2010-09-23,2026-09-08T14:33:17Z,firm_key,STRAIGHT ARROW PRODUCTS,,fda.inspections.history,raw/fda.inspections.history/2026/09/20260908T143317Z-f9ff402067e0.json.gz,1
fda.inspections.history,firm:2244008,2010-09-23,2026-09-08T14:33:17Z,inspected,1,count,fda.inspections.history,raw/fda.inspections.history/2026/09/20260908T143317Z-f9ff402067e0.json.gz,1
fda.inspections.history,firm:2244008,2010-09-23,2026-09-08T14:33:17Z,inspection_end,20100923,yyyymmdd,fda.inspections.history,raw/fda.inspections.history/2026/09/20260908T143317Z-f9ff402067e0.json.gz,1
fda.inspections.history,firm:2244008,2010-09-23,2026-09-08T14:33:17Z,is_foreign,0,bool,fda.inspections.history,raw/fda.inspections.history/2026/09/20260908T143317Z-f9ff402067e0.json.gz,1
fda.inspections.history,firm:2244008,2010-09-23,2026-09-08T14:33:17Z,is_oai,0,bool,fda.inspections.history,raw/fda.inspections.history/2026/09/20260908T143317Z-f9ff402067e0.json.gz,1
fda.inspections.history,firm:2244008,2010-09-23,2026-09-08T14:33:17Z,label,"Straight Arrow Products, Inc.",,fda.inspections.history,raw/fda.inspections.history/2026/09/20260908T143317Z-f9ff402067e0.json.gz,1
fda.inspections.history,firm:2245437,2010-09-02,2026-09-08T14:33:17Z,classification,1,ordinal,fda.inspections.history,raw/fda.inspections.history/2026/09/20260908T143317Z-f9ff402067e0.json.gz,1
fda.inspections.history,firm:2245437,2010-09-02,2026-09-08T14:33:17Z,firm_key,E BEAM SERVICES,,fda.inspections.history,raw/fda.inspections.history/2026/09/20260908T143317Z-f9ff402067e0.json.gz,1
fda.inspections.history,firm:2245437,2010-09-02,2026-09-08T14:33:17Z,inspected,1,count,fda.inspections.history,raw/fda.inspections.history/2026/09/20260908T143317Z-f9ff402067e0.json.gz,1
fda.inspections.history,firm:2245437,2010-09-02,2026-09-08T14:33:17Z,inspection_end,20100902,yyyymmdd,fda.inspections.history,raw/fda.inspections.history/2026/09/20260908T143317Z-f9ff402067e0.json.gz,1
fda.inspections.history,firm:2245437,2010-09-02,2026-09-08T14:33:17Z,is_foreign,0,bool,fda.inspections.history,raw/fda.inspections.history/2026/09/20260908T143317Z-f9ff402067e0.json.gz,1
fda.inspections.history,firm:2245437,2010-09-02,2026-09-08T14:33:17Z,is_oai,0,bool,fda.inspections.history,raw/fda.inspections.history/2026/09/20260908T143317Z-f9ff402067e0.json.gz,1
fda.inspections.history,firm:2245437,2010-09-02,2026-09-08T14:33:17Z,label,"E-Beam Services, Inc.",,fda.inspections.history,raw/fda.inspections.history/2026/09/20260908T143317Z-f9ff402067e0.json.gz,1
fda.inspections.history,firm:2245465,2010-09-03,2026-09-08T14:33:17Z,classification,1,ordinal,fda.inspections.history,raw/fda.inspections.history/2026/09/20260908T143317Z-f9ff402067e0.json.gz,1
fda.inspections.history,firm:2245465,2010-09-03,2026-09-08T14:33:17Z,firm_key,RASI,,fda.inspections.history,raw/fda.inspections.history/2026/09/20260908T143317Z-f9ff402067e0.json.gz,1
fda.inspections.history,firm:2245465,2010-09-03,2026-09-08T14:33:17Z,inspected,1,count,fda.inspections.history,raw/fda.inspections.history/2026/09/20260908T143317Z-f9ff402067e0.json.gz,1
fda.inspections.history,firm:2245465,2010-09-03,2026-09-08T14:33:17Z,inspection_end,20100903,yyyymmdd,fda.inspections.history,raw/fda.inspections.history/2026/09/20260908T143317Z-f9ff402067e0.json.gz,1
fda.inspections.history,firm:2245465,2010-09-03,2026-09-08T14:33:17Z,is_foreign,0,bool,fda.inspections.history,raw/fda.inspections.history/2026/09/20260908T143317Z-f9ff402067e0.json.gz,1
fda.inspections.history,firm:2245465,2010-09-03,2026-09-08T14:33:17Z,is_oai,0,bool,fda.inspections.history,raw/fda.inspections.history/2026/09/20260908T143317Z-f9ff402067e0.json.gz,1
fda.inspections.history,firm:2245465,2010-09-03,2026-09-08T14:33:17Z,label,"Rasi Laboratories, Inc.",,fda.inspections.history,raw/fda.inspections.history/2026/09/20260908T143317Z-f9ff402067e0.json.gz,1
fda.inspections.history,firm:2246315,2010-09-02,2026-09-08T14:33:17Z,classification,1,ordinal,fda.inspections.history,raw/fda.inspections.history/2026/09/20260908T143317Z-f9ff402067e0.json.gz,1
fda.inspections.history,firm:2246315,2010-09-02,2026-09-08T14:33:17Z,firm_key,PATHEON MANUFACTURING SERVICES,,fda.inspections.history,raw/fda.inspections.history/2026/09/20260908T143317Z-f9ff402067e0.json.gz,1
fda.inspections.history,firm:2246315,2010-09-02,2026-09-08T14:33:17Z,inspected,1,count,fda.inspections.history,raw/fda.inspections.history/2026/09/20260908T143317Z-f9ff402067e0.json.gz,1
fda.inspections.history,firm:2246315,2010-09-02,2026-09-08T14:33:17Z,inspection_end,20100902,yyyymmdd,fda.inspections.history,raw/fda.inspections.history/2026/09/20260908T143317Z-f9ff402067e0.json.gz,1
fda.inspections.history,firm:2246315,2010-09-02,2026-09-08T14:33:17Z,is_foreign,0,bool,fda.inspections.history,raw/fda.inspections.history/2026/09/20260908T143317Z-f9ff402067e0.json.gz,1
fda.inspections.history,firm:2246315,2010-09-02,2026-09-08T14:33:17Z,is_oai,0,bool,fda.inspections.history,raw/fda.inspections.history/2026/09/20260908T143317Z-f9ff402067e0.json.gz,1
fda.inspections.history,firm:2246315,2010-09-02,2026-09-08T14:33:17Z,label,Patheon Manufacturing Services LLC,,fda.inspections.history,raw/fda.inspections.history/2026/09/20260908T143317Z-f9ff402067e0.json.gz,1
fda.inspections.history,firm:2416082,2010-09-16,2026-09-08T14:33:17Z,classification,1,ordinal,fda.inspections.history,raw/fda.inspections.history/2026/09/20260908T143317Z-f9ff402067e0.json.gz,1
fda.inspections.history,firm:2416082,2010-09-16,2026-09-08T14:33:17Z,firm_key,NOVARTIS,,fda.inspections.history,raw/fda.inspections.history/2026/09/20260908T143317Z-f9ff402067e0.json.gz,1
fda.inspections.history,firm:2416082,2010-09-16,2026-09-08T14:33:17Z,inspected,1,count,fda.inspections.history,raw/fda.inspections.history/2026/09/20260908T143317Z-f9ff402067e0.json.gz,1
fda.inspections.history,firm:2416082,2010-09-16,2026-09-08T14:33:17Z,inspection_end,20100916,yyyymmdd,fda.inspections.history,raw/fda.inspections.history/2026/09/20260908T143317Z-f9ff402067e0.json.gz,1
fda.inspections.history,firm:2416082,2010-09-16,2026-09-08T14:33:17Z,is_foreign,0,bool,fda.inspections.history,raw/fda.inspections.history/2026/09/20260908T143317Z-f9ff402067e0.json.gz,1
fda.inspections.history,firm:2416082,2010-09-16,2026-09-08T14:33:17Z,is_oai,0,bool,fda.inspections.history,raw/fda.inspections.history/2026/09/20260908T143317Z-f9ff402067e0.json.gz,1
fda.inspections.history,firm:2416082,2010-09-16,2026-09-08T14:33:17Z,label,Novartis Pharmaceuticals Corp.,,fda.inspections.history,raw/fda.inspections.history/2026/09/20260908T143317Z-f9ff402067e0.json.gz,1
fda.inspections.history,firm:2510865,2010-09-14,2026-09-08T14:33:17Z,classification,0,ordinal,fda.inspections.history,raw/fda.inspections.history/2026/09/20260908T143317Z-f9ff402067e0.json.gz,1
fda.inspections.history,firm:2510865,2010-09-14,2026-09-08T14:33:17Z,firm_key,LANNETT,,fda.inspections.history,raw/fda.inspections.history/2026/09/20260908T143317Z-f9ff402067e0.json.gz,1
fda.inspections.history,firm:2510865,2010-09-14,2026-09-08T14:33:17Z,inspected,1,count,fda.inspections.history,raw/fda.inspections.history/2026/09/20260908T143317Z-f9ff402067e0.json.gz,1
fda.inspections.history,firm:2510865,2010-09-14,2026-09-08T14:33:17Z,inspection_end,20100914,yyyymmdd,fda.inspections.history,raw/fda.inspections.history/2026/09/20260908T143317Z-f9ff402067e0.json.gz,1
fda.inspections.history,firm:2510865,2010-09-14,2026-09-08T14:33:17Z,is_foreign,0,bool,fda.inspections.history,raw/fda.inspections.history/2026/09/20260908T143317Z-f9ff402067e0.json.gz,1
fda.inspections.history,firm:2510865,2010-09-14,2026-09-08T14:33:17Z,is_oai,0,bool,fda.inspections.history,raw/fda.inspections.history/2026/09/20260908T143317Z-f9ff402067e0.json.gz,1
fda.inspections.history,firm:2510865,2010-09-14,2026-09-08T14:33:17Z,label,"Lannett Company, Inc.",,fda.inspections.history,raw/fda.inspections.history/2026/09/20260908T143317Z-f9ff402067e0.json.gz,1
fda.inspections.history,firm:2513291,2010-09-07,2026-09-08T14:33:17Z,classification,1,ordinal,fda.inspections.history,raw/fda.inspections.history/2026/09/20260908T143317Z-f9ff402067e0.json.gz,1
fda.inspections.history,firm:2513291,2010-09-07,2026-09-08T14:33:17Z,firm_key,EUROFINS LANCASTER,,fda.inspections.history,raw/fda.inspections.history/2026/09/20260908T143317Z-f9ff402067e0.json.gz,1
fda.inspections.history,firm:2513291,2010-09-07,2026-09-08T14:33:17Z,inspected,1,count,fda.inspections.history,raw/fda.inspections.history/2026/09/20260908T143317Z-f9ff402067e0.json.gz,1
fda.inspections.history,firm:2513291,2010-09-07,2026-09-08T14:33:17Z,inspection_end,20100907,yyyymmdd,fda.inspections.history,raw/fda.inspections.history/2026/09/20260908T143317Z-f9ff402067e0.json.gz,1
fda.inspections.history,firm:2513291,2010-09-07,2026-09-08T14:33:17Z,is_foreign,0,bool,fda.inspections.history,raw/fda.inspections.history/2026/09/20260908T143317Z-f9ff402067e0.json.gz,1
fda.inspections.history,firm:2513291,2010-09-07,2026-09-08T14:33:17Z,is_oai,0,bool,fda.inspections.history,raw/fda.inspections.history/2026/09/20260908T143317Z-f9ff402067e0.json.gz,1
fda.inspections.history,firm:2513291,2010-09-07,2026-09-08T14:33:17Z,label,"Eurofins Lancaster Laboratories, LLC",,fda.inspections.history,raw/fda.inspections.history/2026/09/20260908T143317Z-f9ff402067e0.json.gz,1
fda.inspections.history,firm:2522637,2010-09-08,2026-09-08T14:33:17Z,classification,1,ordinal,fda.inspections.history,raw/fda.inspections.history/2026/09/20260908T143317Z-f9ff402067e0.json.gz,1
fda.inspections.history,firm:2522637,2010-09-08,2026-09-08T14:33:17Z,firm_key,LINCARE,,fda.inspections.history,raw/fda.inspections.history/2026/09/20260908T143317Z-f9ff402067e0.json.gz,1
fda.inspections.history,firm:2522637,2010-09-08,2026-09-08T14:33:17Z,inspected,1,count,fda.inspections.history,raw/fda.inspections.history/2026/09/20260908T143317Z-f9ff402067e0.json.gz,1
fda.inspections.history,firm:2522637,2010-09-08,2026-09-08T14:33:17Z,inspection_end,20100908,yyyymmdd,fda.inspections.history,raw/fda.inspections.history/2026/09/20260908T143317Z-f9ff402067e0.json.gz,1
fda.inspections.history,firm:2522637,2010-09-08,2026-09-08T14:33:17Z,is_foreign,0,bool,fda.inspections.history,raw/fda.inspections.history/2026/09/20260908T143317Z-f9ff402067e0.json.gz,1
fda.inspections.history,firm:2522637,2010-09-08,2026-09-08T14:33:17Z,is_oai,0,bool,fda.inspections.history,raw/fda.inspections.history/2026/09/20260908T143317Z-f9ff402067e0.json.gz,1
fda.inspections.history,firm:2522637,2010-09-08,2026-09-08T14:33:17Z,label,"Lincare, Inc.",,fda.inspections.history,raw/fda.inspections.history/2026/09/20260908T143317Z-f9ff402067e0.json.gz,1
fda.inspections.history,firm:2523676,2010-09-01,2026-09-08T14:33:17Z,classification,0,ordinal,fda.inspections.history,raw/fda.inspections.history/2026/09/20260908T143317Z-f9ff402067e0.json.gz,1
fda.inspections.history,firm:2523676,2010-09-01,2026-09-08T14:33:17Z,firm_key,B BRAUN MEDICAL,,fda.inspections.history,raw/fda.inspections.history/2026/09/20260908T143317Z-f9ff402067e0.json.gz,1
fda.inspections.history,firm:2523676,2010-09-01,2026-09-08T14:33:17Z,inspected,1,count,fda.inspections.history,raw/fda.inspections.history/2026/09/20260908T143317Z-f9ff402067e0.json.gz,1
fda.inspections.history,firm:2523676,2010-09-01,2026-09-08T14:33:17Z,inspection_end,20100901,yyyymmdd,fda.inspections.history,raw/fda.inspections.history/2026/09/20260908T143317Z-f9ff402067e0.json.gz,1
fda.inspections.history,firm:2523676,2010-09-01,2026-09-08T14:33:17Z,is_foreign,0,bool,fda.inspections.history,raw/fda.inspections.history/2026/09/20260908T143317Z-f9ff402067e0.json.gz,1
fda.inspections.history,firm:2523676,2010-09-01,2026-09-08T14:33:17Z,is_oai,0,bool,fda.inspections.history,raw/fda.inspections.history/2026/09/20260908T143317Z-f9ff402067e0.json.gz,1
fda.inspections.history,firm:2523676,2010-09-01,2026-09-08T14:33:17Z,label,"B. Braun Medical, Inc.",,fda.inspections.history,raw/fda.inspections.history/2026/09/20260908T143317Z-f9ff402067e0.json.gz,1
fda.inspections.history,firm:2529074,2010-09-16,2026-09-08T14:33:17Z,classification,1,ordinal,fda.inspections.history,raw/fda.inspections.history/2026/09/20260908T143317Z-f9ff402067e0.json.gz,1
fda.inspections.history,firm:2529074,2010-09-16,2026-09-08T14:33:17Z,firm_key,SKY OXYGEN,,fda.inspections.history,raw/fda.inspections.history/2026/09/20260908T143317Z-f9ff402067e0.json.gz,1
fda.inspections.history,firm:2529074,2010-09-16,2026-09-08T14:33:17Z,inspected,1,count,fda.inspections.history,raw/fda.inspections.history/2026/09/20260908T143317Z-f9ff402067e0.json.gz,1
fda.inspections.history,firm:2529074,2010-09-16,2026-09-08T14:33:17Z,inspection_end,20100916,yyyymmdd,fda.inspections.history,raw/fda.inspections.history/2026/09/20260908T143317Z-f9ff402067e0.json.gz,1
fda.inspections.history,firm:2529074,2010-09-16,2026-09-08T14:33:17Z,is_foreign,0,bool,fda.inspections.history,raw/fda.inspections.history/2026/09/20260908T143317Z-f9ff402067e0.json.gz,1
fda.inspections.history,firm:2529074,2010-09-16,2026-09-08T14:33:17Z,is_oai,0,bool,fda.inspections.history,raw/fda.inspections.history/2026/09/20260908T143317Z-f9ff402067e0.json.gz,1
fda.inspections.history,firm:2529074,2010-09-16,2026-09-08T14:33:17Z,label,"Sky Oxygen, Inc.",,fda.inspections.history,raw/fda.inspections.history/2026/09/20260908T143317Z-f9ff402067e0.json.gz,1
fda.inspections.history,firm:2617874,2010-09-15,2026-09-08T14:33:17Z,classification,0,ordinal,fda.inspections.history,raw/fda.inspections.history/2026/09/20260908T143317Z-f9ff402067e0.json.gz,1
fda.inspections.history,firm:2617874,2010-09-15,2026-09-08T14:33:17Z,firm_key,NOVIS PR,,fda.inspections.history,raw/fda.inspections.history/2026/09/20260908T143317Z-f9ff402067e0.json.gz,1
fda.inspections.history,firm:2617874,2010-09-15,2026-09-08T14:33:17Z,inspected,1,count,fda.inspections.history,raw/fda.inspections.history/2026/09/20260908T143317Z-f9ff402067e0.json.gz,1
fda.inspections.history,firm:2617874,2010-09-15,2026-09-08T14:33:17Z,inspection_end,20100915,yyyymmdd,fda.inspections.history,raw/fda.inspections.history/2026/09/20260908T143317Z-f9ff402067e0.json.gz,1
fda.inspections.history,firm:2617874,2010-09-15,2026-09-08T14:33:17Z,is_foreign,0,bool,fda.inspections.history,raw/fda.inspections.history/2026/09/20260908T143317Z-f9ff402067e0.json.gz,1
fda.inspections.history,firm:2617874,2010-09-15,2026-09-08T14:33:17Z,is_oai,0,bool,fda.inspections.history,raw/fda.inspections.history/2026/09/20260908T143317Z-f9ff402067e0.json.gz,1
fda.inspections.history,firm:2617874,2010-09-15,2026-09-08T14:33:17Z,label,"Novis PR, LLC",,fda.inspections.history,raw/fda.inspections.history/2026/09/20260908T143317Z-f9ff402067e0.json.gz,1
fda.inspections.history,firm:2619243,2010-09-23,2026-09-08T14:33:17Z,classification,1,ordinal,fda.inspections.history,raw/fda.inspections.history/2026/09/20260908T143317Z-f9ff402067e0.json.gz,1
fda.inspections.history,firm:2619243,2010-09-23,2026-09-08T14:33:17Z,firm_key,LILLY DEL CARIBE,,fda.inspections.history,raw/fda.inspections.history/2026/09/20260908T143317Z-f9ff402067e0.json.gz,1
fda.inspections.history,firm:2619243,2010-09-23,2026-09-08T14:33:17Z,inspected,1,count,fda.inspections.history,raw/fda.inspections.history/2026/09/20260908T143317Z-f9ff402067e0.json.gz,1
fda.inspections.history,firm:2619243,2010-09-23,2026-09-08T14:33:17Z,inspection_end,20100923,yyyymmdd,fda.inspections.history,raw/fda.inspections.history/2026/09/20260908T143317Z-f9ff402067e0.json.gz,1
fda.inspections.history,firm:2619243,2010-09-23,2026-09-08T14:33:17Z,is_foreign,0,bool,fda.inspections.history,raw/fda.inspections.history/2026/09/20260908T143317Z-f9ff402067e0.json.gz,1
fda.inspections.history,firm:2619243,2010-09-23,2026-09-08T14:33:17Z,is_oai,0,bool,fda.inspections.history,raw/fda.inspections.history/2026/09/20260908T143317Z-f9ff402067e0.json.gz,1
fda.inspections.history,firm:2619243,2010-09-23,2026-09-08T14:33:17Z,label,"Lilly del Caribe, Inc",,fda.inspections.history,raw/fda.inspections.history/2026/09/20260908T143317Z-f9ff402067e0.json.gz,1
fda.inspections.history,firm:2648210,2010-09-30,2026-09-08T14:33:17Z,classification,1,ordinal,fda.inspections.history,raw/fda.inspections.history/2026/09/20260908T143317Z-f9ff402067e0.json.gz,1
fda.inspections.history,firm:2648210,2010-09-30,2026-09-08T14:33:17Z,firm_key,UMECO,,fda.inspections.history,raw/fda.inspections.history/2026/09/20260908T143317Z-f9ff402067e0.json.gz,1
fda.inspections.history,firm:2648210,2010-09-30,2026-09-08T14:33:17Z,inspected,1,count,fda.inspections.history,raw/fda.inspections.history/2026/09/20260908T143317Z-f9ff402067e0.json.gz,1
fda.inspections.history,firm:2648210,2010-09-30,2026-09-08T14:33:17Z,inspection_end,20100930,yyyymmdd,fda.inspections.history,raw/fda.inspections.history/2026/09/20260908T143317Z-f9ff402067e0.json.gz,1
fda.inspections.history,firm:2648210,2010-09-30,2026-09-08T14:33:17Z,is_foreign,0,bool,fda.inspections.history,raw/fda.inspections.history/2026/09/20260908T143317Z-f9ff402067e0.json.gz,1
fda.inspections.history,firm:2648210,2010-09-30,2026-09-08T14:33:17Z,is_oai,0,bool,fda.inspections.history,raw/fda.inspections.history/2026/09/20260908T143317Z-f9ff402067e0.json.gz,1
fda.inspections.history,firm:2648210,2010-09-30,2026-09-08T14:33:17Z,label,"UMECO, Inc.",,fda.inspections.history,raw/fda.inspections.history/2026/09/20260908T143317Z-f9ff402067e0.json.gz,1
fda.inspections.history,firm:2649692,2010-09-27,2026-09-08T14:33:17Z,classification,0,ordinal,fda.inspections.history,raw/fda.inspections.history/2026/09/20260908T143317Z-f9ff402067e0.json.gz,1
fda.inspections.history,firm:2649692,2010-09-27,2026-09-08T14:33:17Z,firm_key,ABLE SALES,,fda.inspections.history,raw/fda.inspections.history/2026/09/20260908T143317Z-f9ff402067e0.json.gz,1
fda.inspections.history,firm:2649692,2010-09-27,2026-09-08T14:33:17Z,inspected,1,count,fda.inspections.history,raw/fda.inspections.history/2026/09/20260908T143317Z-f9ff402067e0.json.gz,1
fda.inspections.history,firm:2649692,2010-09-27,2026-09-08T14:33:17Z,inspection_end,20100927,yyyymmdd,fda.inspections.history,raw/fda.inspections.history/2026/09/20260908T143317Z-f9ff402067e0.json.gz,1
fda.inspections.history,firm:2649692,2010-09-27,2026-09-08T14:33:17Z,is_foreign,0,bool,fda.inspections.history,raw/fda.inspections.history/2026/09/20260908T143317Z-f9ff402067e0.json.gz,1
fda.inspections.history,firm:2649692,2010-09-27,2026-09-08T14:33:17Z,is_oai,0,bool,fda.inspections.history,raw/fda.inspections.history/2026/09/20260908T143317Z-f9ff402067e0.json.gz,1
fda.inspections.history,firm:2649692,2010-09-27,2026-09-08T14:33:17Z,label,"Able Sales Company, Inc.",,fda.inspections.history,raw/fda.inspections.history/2026/09/20260908T143317Z-f9ff402067e0.json.gz,1
fda.inspections.history,firm:2650088,2010-09-15,2026-09-08T14:33:17Z,classification,0,ordinal,fda.inspections.history,raw/fda.inspections.history/2026/09/20260908T143317Z-f9ff402067e0.json.gz,1
fda.inspections.history,firm:2650088,2010-09-15,2026-09-08T14:33:17Z,firm_key,PFIZER PIPERACILLIN,,fda.inspections.history,raw/fda.inspections.history/2026/09/20260908T143317Z-f9ff402067e0.json.gz,1
fda.inspections.history,firm:2650088,2010-09-15,2026-09-08T14:33:17Z,inspected,1,count,fda.inspections.history,raw/fda.inspections.history/2026/09/20260908T143317Z-f9ff402067e0.json.gz,1
fda.inspections.history,firm:2650088,2010-09-15,2026-09-08T14:33:17Z,inspection_end,20100915,yyyymmdd,fda.inspections.history,raw/fda.inspections.history/2026/09/20260908T143317Z-f9ff402067e0.json.gz,1
fda.inspections.history,firm:2650088,2010-09-15,2026-09-08T14:33:17Z,is_foreign,0,bool,fda.inspections.history,raw/fda.inspections.history/2026/09/20260908T143317Z-f9ff402067e0.json.gz,1
fda.inspections.history,firm:2650088,2010-09-15,2026-09-08T14:33:17Z,is_oai,0,bool,fda.inspections.history,raw/fda.inspections.history/2026/09/20260908T143317Z-f9ff402067e0.json.gz,1
fda.inspections.history,firm:2650088,2010-09-15,2026-09-08T14:33:17Z,label,Pfizer Pharmaceuticals LLC-Piperacillin,,fda.inspections.history,raw/fda.inspections.history/2026/09/20260908T143317Z-f9ff402067e0.json.gz,1
fda.inspections.history,firm:2650090,2010-09-30,2026-09-08T14:33:17Z,classification,2,ordinal,fda.inspections.history,raw/fda.inspections.history/2026/09/20260908T143317Z-f9ff402067e0.json.gz,1
fda.inspections.history,firm:2650090,2010-09-30,2026-09-08T14:33:17Z,firm_key,BAXTER HEALTHCARE,,fda.inspections.history,raw/fda.inspections.history/2026/09/20260908T143317Z-f9ff402067e0.json.gz,1
fda.inspections.history,firm:2650090,2010-09-30,2026-09-08T14:33:17Z,inspected,1,count,fda.inspections.history,raw/fda.inspections.history/2026/09/20260908T143317Z-f9ff402067e0.json.gz,1
fda.inspections.history,firm:2650090,2010-09-30,2026-09-08T14:33:17Z,inspection_end,20100930,yyyymmdd,fda.inspections.history,raw/fda.inspections.history/2026/09/20260908T143317Z-f9ff402067e0.json.gz,1
fda.inspections.history,firm:2650090,2010-09-30,2026-09-08T14:33:17Z,is_foreign,0,bool,fda.inspections.history,raw/fda.inspections.history/2026/09/20260908T143317Z-f9ff402067e0.json.gz,1
fda.inspections.history,firm:2650090,2010-09-30,2026-09-08T14:33:17Z,is_oai,1,bool,fda.inspections.history,raw/fda.inspections.history/2026/09/20260908T143317Z-f9ff402067e0.json.gz,1
fda.inspections.history,firm:2650090,2010-09-30,2026-09-08T14:33:17Z,label,Baxter Healthcare Corporation,,fda.inspections.history,raw/fda.inspections.history/2026/09/20260908T143317Z-f9ff402067e0.json.gz,1
fda.inspections.history,firm:2650200,2010-09-28,2026-09-08T14:33:17Z,classification,0,ordinal,fda.inspections.history,raw/fda.inspections.history/2026/09/20260908T143317Z-f9ff402067e0.json.gz,1
fda.inspections.history,firm:2650200,2010-09-28,2026-09-08T14:33:17Z,firm_key,BRISTOL MYERS SQUIBB PR,,fda.inspections.history,raw/fda.inspections.history/2026/09/20260908T143317Z-f9ff402067e0.json.gz,1
fda.inspections.history,firm:2650200,2010-09-28,2026-09-08T14:33:17Z,inspected,1,count,fda.inspections.history,raw/fda.inspections.history/2026/09/20260908T143317Z-f9ff402067e0.json.gz,1
fda.inspections.history,firm:2650200,2010-09-28,2026-09-08T14:33:17Z,inspection_end,20100928,yyyymmdd,fda.inspections.history,raw/fda.inspections.history/2026/09/20260908T143317Z-f9ff402067e0.json.gz,1
fda.inspections.history,firm:2650200,2010-09-28,2026-09-08T14:33:17Z,is_foreign,0,bool,fda.inspections.history,raw/fda.inspections.history/2026/09/20260908T143317Z-f9ff402067e0.json.gz,1
fda.inspections.history,firm:2650200,2010-09-28,2026-09-08T14:33:17Z,is_oai,0,bool,fda.inspections.history,raw/fda.inspections.history/2026/09/20260908T143317Z-f9ff402067e0.json.gz,1
fda.inspections.history,firm:2650200,2010-09-28,2026-09-08T14:33:17Z,label,Bristol Myers Squibb Pr,,fda.inspections.history,raw/fda.inspections.history/2026/09/20260908T143317Z-f9ff402067e0.json.gz,1
fda.inspections.history,firm:2910913,2010-09-10,2026-09-08T14:33:17Z,classification,0,ordinal,fda.inspections.history,raw/fda.inspections.history/2026/09/20260908T143317Z-f9ff402067e0.json.gz,1
fda.inspections.history,firm:2910913,2010-09-10,2026-09-08T14:33:17Z,firm_key,BAYER HEALTHCARE,,fda.inspections.history,raw/fda.inspections.history/2026/09/20260908T143317Z-f9ff402067e0.json.gz,1
fda.inspections.history,firm:2910913,2010-09-10,2026-09-08T14:33:17Z,inspected,1,count,fda.inspections.history,raw/fda.inspections.history/2026/09/20260908T143317Z-f9ff402067e0.json.gz,1
fda.inspections.history,firm:2910913,2010-09-10,2026-09-08T14:33:17Z,inspection_end,20100910,yyyymmdd,fda.inspections.history,raw/fda.inspections.history/2026/09/20260908T143317Z-f9ff402067e0.json.gz,1
fda.inspections.history,firm:2910913,2010-09-10,2026-09-08T14:33:17Z,is_foreign,0,bool,fda.inspections.history,raw/fda.inspections.history/2026/09/20260908T143317Z-f9ff402067e0.json.gz,1
fda.inspections.history,firm:2910913,2010-09-10,2026-09-08T14:33:17Z,is_oai,0,bool,fda.inspections.history,raw/fda.inspections.history/2026/09/20260908T143317Z-f9ff402067e0.json.gz,1
fda.inspections.history,firm:2910913,2010-09-10,2026-09-08T14:33:17Z,label,"Bayer HealthCare, LLC",,fda.inspections.history,raw/fda.inspections.history/2026/09/20260908T143317Z-f9ff402067e0.json.gz,1
fda.inspections.history,firm:2917293,2010-09-03,2026-09-08T14:33:17Z,classification,0,ordinal,fda.inspections.history,raw/fda.inspections.history/2026/09/20260908T143317Z-f9ff402067e0.json.gz,1
fda.inspections.history,firm:2917293,2010-09-03,2026-09-08T14:33:17Z,firm_key,GENENTECH,,fda.inspections.history,raw/fda.inspections.history/2026/09/20260908T143317Z-f9ff402067e0.json.gz,1
fda.inspections.history,firm:2917293,2010-09-03,2026-09-08T14:33:17Z,inspected,1,count,fda.inspections.history,raw/fda.inspections.history/2026/09/20260908T143317Z-f9ff402067e0.json.gz,1
fda.inspections.history,firm:2917293,2010-09-03,2026-09-08T14:33:17Z,inspection_end,20100903,yyyymmdd,fda.inspections.history,raw/fda.inspections.history/2026/09/20260908T143317Z-f9ff402067e0.json.gz,1
fda.inspections.history,firm:2917293,2010-09-03,2026-09-08T14:33:17Z,is_foreign,0,bool,fda.inspections.history,raw/fda.inspections.history/2026/09/20260908T143317Z-f9ff402067e0.json.gz,1
fda.inspections.history,firm:2917293,2010-09-03,2026-09-08T14:33:17Z,is_oai,0,bool,fda.inspections.history,raw/fda.inspections.history/2026/09/20260908T143317Z-f9ff402067e0.json.gz,1
fda.inspections.history,firm:2917293,2010-09-03,2026-09-08T14:33:17Z,label,"Genentech, Inc.",,fda.inspections.history,raw/fda.inspections.history/2026/09/20260908T143317Z-f9ff402067e0.json.gz,1
fda.inspections.history,firm:3000203035,2010-09-09,2026-09-08T14:33:17Z,classification,0,ordinal,fda.inspections.history,raw/fda.inspections.history/2026/09/20260908T143317Z-f9ff402067e0.json.gz,1
fda.inspections.history,firm:3000203035,2010-09-09,2026-09-08T14:33:17Z,firm_key,APRIA HEALTHCARE,,fda.inspections.history,raw/fda.inspections.history/2026/09/20260908T143317Z-f9ff402067e0.json.gz,1
fda.inspections.history,firm:3000203035,2010-09-09,2026-09-08T14:33:17Z,inspected,1,count,fda.inspections.history,raw/fda.inspections.history/2026/09/20260908T143317Z-f9ff402067e0.json.gz,1
fda.inspections.history,firm:3000203035,2010-09-09,2026-09-08T14:33:17Z,inspection_end,20100909,yyyymmdd,fda.inspections.history,raw/fda.inspections.history/2026/09/20260908T143317Z-f9ff402067e0.json.gz,1
fda.inspections.history,firm:3000203035,2010-09-09,2026-09-08T14:33:17Z,is_foreign,0,bool,fda.inspections.history,raw/fda.inspections.history/2026/09/20260908T143317Z-f9ff402067e0.json.gz,1
fda.inspections.history,firm:3000203035,2010-09-09,2026-09-08T14:33:17Z,is_oai,0,bool,fda.inspections.history,raw/fda.inspections.history/2026/09/20260908T143317Z-f9ff402067e0.json.gz,1
fda.inspections.history,firm:3000203035,2010-09-09,2026-09-08T14:33:17Z,label,Apria Healthcare Inc,,fda.inspections.history,raw/fda.inspections.history/2026/09/20260908T143317Z-f9ff402067e0.json.gz,1
fda.inspections.history,firm:3000206585,2010-09-10,2026-09-08T14:33:17Z,classification,1,ordinal,fda.inspections.history,raw/fda.inspections.history/2026/09/20260908T143317Z-f9ff402067e0.json.gz,1
fda.inspections.history,firm:3000206585,2010-09-10,2026-09-08T14:33:17Z,firm_key,BAYER HEALTHCARE,,fda.inspections.history,raw/fda.inspections.history/2026/09/20260908T143317Z-f9ff402067e0.json.gz,1
fda.inspections.history,firm:3000206585,2010-09-10,2026-09-08T14:33:17Z,inspected,1,count,fda.inspections.history,raw/fda.inspections.history/2026/09/20260908T143317Z-f9ff402067e0.json.gz,1
fda.inspections.history,firm:3000206585,2010-09-10,2026-09-08T14:33:17Z,inspection_end,20100910,yyyymmdd,fda.inspections.history,raw/fda.inspections.history/2026/09/20260908T143317Z-f9ff402067e0.json.gz,1
fda.inspections.history,firm:3000206585,2010-09-10,2026-09-08T14:33:17Z,is_foreign,0,bool,fda.inspections.history,raw/fda.inspections.history/2026/09/20260908T143317Z-f9ff402067e0.json.gz,1
fda.inspections.history,firm:3000206585,2010-09-10,2026-09-08T14:33:17Z,is_oai,0,bool,fda.inspections.history,raw/fda.inspections.history/2026/09/20260908T143317Z-f9ff402067e0.json.gz,1
fda.inspections.history,firm:3000206585,2010-09-10,2026-09-08T14:33:17Z,label,"Bayer Healthcare, LLC",,fda.inspections.history,raw/fda.inspections.history/2026/09/20260908T143317Z-f9ff402067e0.json.gz,1
fda.inspections.history,firm:3000326763,2010-09-17,2026-09-08T14:33:17Z,classification,0,ordinal,fda.inspections.history,raw/fda.inspections.history/2026/09/20260908T143317Z-f9ff402067e0.json.gz,1
fda.inspections.history,firm:3000326763,2010-09-17,2026-09-08T14:33:17Z,firm_key,CHEMI S P A,,fda.inspections.history,raw/fda.inspections.history/2026/09/20260908T143317Z-f9ff402067e0.json.gz,1
fda.inspections.history,firm:3000326763,2010-09-17,2026-09-08T14:33:17Z,inspected,1,count,fda.inspections.history,raw/fda.inspections.history/2026/09/20260908T143317Z-f9ff402067e0.json.gz,1
fda.inspections.history,firm:3000326763,2010-09-17,2026-09-08T14:33:17Z,inspection_end,20100917,yyyymmdd,fda.inspections.history,raw/fda.inspections.history/2026/09/20260908T143317Z-f9ff402067e0.json.gz,1
fda.inspections.history,firm:3000326763,2010-09-17,2026-09-08T14:33:17Z,is_foreign,1,bool,fda.inspections.history,raw/fda.inspections.history/2026/09/20260908T143317Z-f9ff402067e0.json.gz,1
fda.inspections.history,firm:3000326763,2010-09-17,2026-09-08T14:33:17Z,is_oai,0,bool,fda.inspections.history,raw/fda.inspections.history/2026/09/20260908T143317Z-f9ff402067e0.json.gz,1
fda.inspections.history,firm:3000326763,2010-09-17,2026-09-08T14:33:17Z,label,Chemi S.p.A.,,fda.inspections.history,raw/fda.inspections.history/2026/09/20260908T143317Z-f9ff402067e0.json.gz,1
fda.inspections.history,firm:3000719058,2010-09-27,2026-09-08T14:33:17Z,classification,1,ordinal,fda.inspections.history,raw/fda.inspections.history/2026/09/20260908T143317Z-f9ff402067e0.json.gz,1
fda.inspections.history,firm:3000719058,2010-09-27,2026-09-08T14:33:17Z,firm_key,COOK DAVID M M D,,fda.inspections.history,raw/fda.inspections.history/2026/09/20260908T143317Z-f9ff402067e0.json.gz,1
fda.inspections.history,firm:3000719058,2010-09-27,2026-09-08T14:33:17Z,inspected,1,count,fda.inspections.history,raw/fda.inspections.history/2026/09/20260908T143317Z-f9ff402067e0.json.gz,1
fda.inspections.history,firm:3000719058,2010-09-27,2026-09-08T14:33:17Z,inspection_end,20100927,yyyymmdd,fda.inspections.history,raw/fda.inspections.history/2026/09/20260908T143317Z-f9ff402067e0.json.gz,1
fda.inspections.history,firm:3000719058,2010-09-27,2026-09-08T14:33:17Z,is_foreign,0,bool,fda.inspections.history,raw/fda.inspections.history/2026/09/20260908T143317Z-f9ff402067e0.json.gz,1
fda.inspections.history,firm:3000719058,2010-09-27,2026-09-08T14:33:17Z,is_oai,0,bool,fda.inspections.history,raw/fda.inspections.history/2026/09/20260908T143317Z-f9ff402067e0.json.gz,1
fda.inspections.history,firm:3000719058,2010-09-27,2026-09-08T14:33:17Z,label,Cook David M.  M.D,,fda.inspections.history,raw/fda.inspections.history/2026/09/20260908T143317Z-f9ff402067e0.json.gz,1
fda.inspections.history,firm:3000719309,2010-09-01,2026-09-08T14:33:17Z,classification,0,ordinal,fda.inspections.history,raw/fda.inspections.history/2026/09/20260908T143317Z-f9ff402067e0.json.gz,1
fda.inspections.history,firm:3000719309,2010-09-01,2026-09-08T14:33:17Z,firm_key,QUADRANTS SCIENTIFIC,,fda.inspections.history,raw/fda.inspections.history/2026/09/20260908T143317Z-f9ff402067e0.json.gz,1
fda.inspections.history,firm:3000719309,2010-09-01,2026-09-08T14:33:17Z,inspected,1,count,fda.inspections.history,raw/fda.inspections.history/2026/09/20260908T143317Z-f9ff402067e0.json.gz,1
fda.inspections.history,firm:3000719309,2010-09-01,2026-09-08T14:33:17Z,inspection_end,20100901,yyyymmdd,fda.inspections.history,raw/fda.inspections.history/2026/09/20260908T143317Z-f9ff402067e0.json.gz,1
fda.inspections.history,firm:3000719309,2010-09-01,2026-09-08T14:33:17Z,is_foreign,0,bool,fda.inspections.history,raw/fda.inspections.history/2026/09/20260908T143317Z-f9ff402067e0.json.gz,1
fda.inspections.history,firm:3000719309,2010-09-01,2026-09-08T14:33:17Z,is_oai,0,bool,fda.inspections.history,raw/fda.inspections.history/2026/09/20260908T143317Z-f9ff402067e0.json.gz,1
fda.inspections.history,firm:3000719309,2010-09-01,2026-09-08T14:33:17Z,label,Quadrants Scientific Inc,,fda.inspections.history,raw/fda.inspections.history/2026/09/20260908T143317Z-f9ff402067e0.json.gz,1
fda.inspections.history,firm:3001237796,2010-09-30,2026-09-08T14:33:17Z,classification,0,ordinal,fda.inspections.history,raw/fda.inspections.history/2026/09/20260908T143317Z-f9ff402067e0.json.gz,1
fda.inspections.history,firm:3001237796,2010-09-30,2026-09-08T14:33:17Z,firm_key,THE RITEDOSE,,fda.inspections.history,raw/fda.inspections.history/2026/09/20260908T143317Z-f9ff402067e0.json.gz,1
fda.inspections.history,firm:3001237796,2010-09-30,2026-09-08T14:33:17Z,inspected,1,count,fda.inspections.history,raw/fda.inspections.history/2026/09/20260908T143317Z-f9ff402067e0.json.gz,1
fda.inspections.history,firm:3001237796,2010-09-30,2026-09-08T14:33:17Z,inspection_end,20100930,yyyymmdd,fda.inspections.history,raw/fda.inspections.history/2026/09/20260908T143317Z-f9ff402067e0.json.gz,1
fda.inspections.history,firm:3001237796,2010-09-30,2026-09-08T14:33:17Z,is_foreign,0,bool,fda.inspections.history,raw/fda.inspections.history/2026/09/20260908T143317Z-f9ff402067e0.json.gz,1
fda.inspections.history,firm:3001237796,2010-09-30,2026-09-08T14:33:17Z,is_oai,0,bool,fda.inspections.history,raw/fda.inspections.history/2026/09/20260908T143317Z-f9ff402067e0.json.gz,1
fda.inspections.history,firm:3001237796,2010-09-30,2026-09-08T14:33:17Z,label,The Ritedose Corporation,,fda.inspections.history,raw/fda.inspections.history/2026/09/20260908T143317Z-f9ff402067e0.json.gz,1
fda.inspections.history,firm:3001238517,2010-09-20,2026-09-08T14:33:17Z,classification,0,ordinal,fda.inspections.history,raw/fda.inspections.history/2026/09/20260908T143317Z-f9ff402067e0.json.gz,1
fda.inspections.history,firm:3001238517,2010-09-20,2026-09-08T14:33:17Z,firm_key,WARD DOUGLAS J MD,,fda.inspections.history,raw/fda.inspections.history/2026/09/20260908T143317Z-f9ff402067e0.json.gz,1
fda.inspections.history,firm:3001238517,2010-09-20,2026-09-08T14:33:17Z,inspected,1,count,fda.inspections.history,raw/fda.inspections.history/2026/09/20260908T143317Z-f9ff402067e0.json.gz,1
fda.inspections.history,firm:3001238517,2010-09-20,2026-09-08T14:33:17Z,inspection_end,20100920,yyyymmdd,fda.inspections.history,raw/fda.inspections.history/2026/09/20260908T143317Z-f9ff402067e0.json.gz,1
fda.inspections.history,firm:3001238517,2010-09-20,2026-09-08T14:33:17Z,is_foreign,0,bool,fda.inspections.history,raw/fda.inspections.history/2026/09/20260908T143317Z-f9ff402067e0.json.gz,1
fda.inspections.history,firm:3001238517,2010-09-20,2026-09-08T14:33:17Z,is_oai,0,bool,fda.inspections.history,raw/fda.inspections.history/2026/09/20260908T143317Z-f9ff402067e0.json.gz,1
fda.inspections.history,firm:3001238517,2010-09-20,2026-09-08T14:33:17Z,label,"Ward, Douglas J MD",,fda.inspections.history,raw/fda.inspections.history/2026/09/20260908T143317Z-f9ff402067e0.json.gz,1
fda.inspections.history,firm:3001239108,2010-09-17,2026-09-08T14:33:17Z,classification,0,ordinal,fda.inspections.history,raw/fda.inspections.history/2026/09/20260908T143317Z-f9ff402067e0.json.gz,1
fda.inspections.history,firm:3001239108,2010-09-17,2026-09-08T14:33:17Z,firm_key,JOST CHEMICAL,,fda.inspections.history,raw/fda.inspections.history/2026/09/20260908T143317Z-f9ff402067e0.json.gz,1
fda.inspections.history,firm:3001239108,2010-09-17,2026-09-08T14:33:17Z,inspected,1,count,fda.inspections.history,raw/fda.inspections.history/2026/09/20260908T143317Z-f9ff402067e0.json.gz,1
fda.inspections.history,firm:3001239108,2010-09-17,2026-09-08T14:33:17Z,inspection_end,20100917,yyyymmdd,fda.inspections.history,raw/fda.inspections.history/2026/09/20260908T143317Z-f9ff402067e0.json.gz,1
fda.inspections.history,firm:3001239108,2010-09-17,2026-09-08T14:33:17Z,is_foreign,0,bool,fda.inspections.history,raw/fda.inspections.history/2026/09/20260908T143317Z-f9ff402067e0.json.gz,1
fda.inspections.history,firm:3001239108,2010-09-17,2026-09-08T14:33:17Z,is_oai,0,bool,fda.inspections.history,raw/fda.inspections.history/2026/09/20260908T143317Z-f9ff402067e0.json.gz,1
fda.inspections.history,firm:3001239108,2010-09-17,2026-09-08T14:33:17Z,label,Jost Chemical Co.,,fda.inspections.history,raw/fda.inspections.history/2026/09/20260908T143317Z-f9ff402067e0.json.gz,1
fda.inspections.history,firm:3001451366,2010-09-14,2026-09-08T14:33:17Z,classification,0,ordinal,fda.inspections.history,raw/fda.inspections.history/2026/09/20260908T143317Z-f9ff402067e0.json.gz,1
fda.inspections.history,firm:3001451366,2010-09-14,2026-09-08T14:33:17Z,firm_key,PATHEON SOFTGELS,,fda.inspections.history,raw/fda.inspections.history/2026/09/20260908T143317Z-f9ff402067e0.json.gz,1
fda.inspections.history,firm:3001451366,2010-09-14,2026-09-08T14:33:17Z,inspected,1,count,fda.inspections.history,raw/fda.inspections.history/2026/09/20260908T143317Z-f9ff402067e0.json.gz,1
fda.inspections.history,firm:3001451366,2010-09-14,2026-09-08T14:33:17Z,inspection_end,20100914,yyyymmdd,fda.inspections.history,raw/fda.inspections.history/2026/09/20260908T143317Z-f9ff402067e0.json.gz,1
fda.inspections.history,firm:3001451366,2010-09-14,2026-09-08T14:33:17Z,is_foreign,0,bool,fda.inspections.history,raw/fda.inspections.history/2026/09/20260908T143317Z-f9ff402067e0.json.gz,1
fda.inspections.history,firm:3001451366,2010-09-14,2026-09-08T14:33:17Z,is_oai,0,bool,fda.inspections.history,raw/fda.inspections.history/2026/09/20260908T143317Z-f9ff402067e0.json.gz,1
fda.inspections.history,firm:3001451366,2010-09-14,2026-09-08T14:33:17Z,label,Patheon Softgels Inc,,fda.inspections.history,raw/fda.inspections.history/2026/09/20260908T143317Z-f9ff402067e0.json.gz,1
fda.inspections.history,firm:3001451808,2010-09-16,2026-09-08T14:33:17Z,classification,1,ordinal,fda.inspections.history,raw/fda.inspections.history/2026/09/20260908T143317Z-f9ff402067e0.json.gz,1
fda.inspections.history,firm:3001451808,2010-09-16,2026-09-08T14:33:17Z,firm_key,QUALITY AIR PRODUCTS,,fda.inspections.history,raw/fda.inspections.history/2026/09/20260908T143317Z-f9ff402067e0.json.gz,1
fda.inspections.history,firm:3001451808,2010-09-16,2026-09-08T14:33:17Z,inspected,1,count,fda.inspections.history,raw/fda.inspections.history/2026/09/20260908T143317Z-f9ff402067e0.json.gz,1
fda.inspections.history,firm:3001451808,2010-09-16,2026-09-08T14:33:17Z,inspection_end,20100916,yyyymmdd,fda.inspections.history,raw/fda.inspections.history/2026/09/20260908T143317Z-f9ff402067e0.json.gz,1
fda.inspections.history,firm:3001451808,2010-09-16,2026-09-08T14:33:17Z,is_foreign,0,bool,fda.inspections.history,raw/fda.inspections.history/2026/09/20260908T143317Z-f9ff402067e0.json.gz,1
fda.inspections.history,firm:3001451808,2010-09-16,2026-09-08T14:33:17Z,is_oai,0,bool,fda.inspections.history,raw/fda.inspections.history/2026/09/20260908T143317Z-f9ff402067e0.json.gz,1
fda.inspections.history,firm:3001451808,2010-09-16,2026-09-08T14:33:17Z,label,QUALITY AIR PRODUCTS INC,,fda.inspections.history,raw/fda.inspections.history/2026/09/20260908T143317Z-f9ff402067e0.json.gz,1
fda.inspections.history,firm:3001578596,2010-09-15,2026-09-08T14:33:17Z,classification,1,ordinal,fda.inspections.history,raw/fda.inspections.history/2026/09/20260908T143317Z-f9ff402067e0.json.gz,1
fda.inspections.history,firm:3001578596,2010-09-15,2026-09-08T14:33:17Z,firm_key,SGS CHEMICAL SOLUTIONS,,fda.inspections.history,raw/fda.inspections.history/2026/09/20260908T143317Z-f9ff402067e0.json.gz,1
fda.inspections.history,firm:3001578596,2010-09-15,2026-09-08T14:33:17Z,inspected,1,count,fda.inspections.history,raw/fda.inspections.history/2026/09/20260908T143317Z-f9ff402067e0.json.gz,1
fda.inspections.history,firm:3001578596,2010-09-15,2026-09-08T14:33:17Z,inspection_end,20100915,yyyymmdd,fda.inspections.history,raw/fda.inspections.history/2026/09/20260908T143317Z-f9ff402067e0.json.gz,1
fda.inspections.history,firm:3001578596,2010-09-15,2026-09-08T14:33:17Z,is_foreign,0,bool,fda.inspections.history,raw/fda.inspections.history/2026/09/20260908T143317Z-f9ff402067e0.json.gz,1
fda.inspections.history,firm:3001578596,2010-09-15,2026-09-08T14:33:17Z,is_oai,0,bool,fda.inspections.history,raw/fda.inspections.history/2026/09/20260908T143317Z-f9ff402067e0.json.gz,1
fda.inspections.history,firm:3001578596,2010-09-15,2026-09-08T14:33:17Z,label,SGS Chemical Solutions Laboratories Inc.,,fda.inspections.history,raw/fda.inspections.history/2026/09/20260908T143317Z-f9ff402067e0.json.gz,1
fda.inspections.history,firm:3001655239,2010-09-20,2026-09-08T14:33:17Z,classification,0,ordinal,fda.inspections.history,raw/fda.inspections.history/2026/09/20260908T143317Z-f9ff402067e0.json.gz,1
fda.inspections.history,firm:3001655239,2010-09-20,2026-09-08T14:33:17Z,firm_key,SIEGFRIED GRAFTON,,fda.inspections.history,raw/fda.inspections.history/2026/09/20260908T143317Z-f9ff402067e0.json.gz,1
fda.inspections.history,firm:3001655239,2010-09-20,2026-09-08T14:33:17Z,inspected,1,count,fda.inspections.history,raw/fda.inspections.history/2026/09/20260908T143317Z-f9ff402067e0.json.gz,1
fda.inspections.history,firm:3001655239,2010-09-20,2026-09-08T14:33:17Z,inspection_end,20100920,yyyymmdd,fda.inspections.history,raw/fda.inspections.history/2026/09/20260908T143317Z-f9ff402067e0.json.gz,1
fda.inspections.history,firm:3001655239,2010-09-20,2026-09-08T14:33:17Z,is_foreign,0,bool,fda.inspections.history,raw/fda.inspections.history/2026/09/20260908T143317Z-f9ff402067e0.json.gz,1
fda.inspections.history,firm:3001655239,2010-09-20,2026-09-08T14:33:17Z,is_oai,0,bool,fda.inspections.history,raw/fda.inspections.history/2026/09/20260908T143317Z-f9ff402067e0.json.gz,1
fda.inspections.history,firm:3001655239,2010-09-20,2026-09-08T14:33:17Z,label,"Siegfried Grafton, Inc.",,fda.inspections.history,raw/fda.inspections.history/2026/09/20260908T143317Z-f9ff402067e0.json.gz,1
fda.inspections.history,firm:3002199772,2010-09-30,2026-09-08T14:33:17Z,classification,1,ordinal,fda.inspections.history,raw/fda.inspections.history/2026/09/20260908T143317Z-f9ff402067e0.json.gz,1
fda.inspections.history,firm:3002199772,2010-09-30,2026-09-08T14:33:17Z,firm_key,HYDRITE CHEMICAL,,fda.inspections.history,raw/fda.inspections.history/2026/09/20260908T143317Z-f9ff402067e0.json.gz,1
fda.inspections.history,firm:3002199772,2010-09-30,2026-09-08T14:33:17Z,inspected,1,count,fda.inspections.history,raw/fda.inspections.history/2026/09/20260908T143317Z-f9ff402067e0.json.gz,1
fda.inspections.history,firm:3002199772,2010-09-30,2026-09-08T14:33:17Z,inspection_end,20100930,yyyymmdd,fda.inspections.history,raw/fda.inspections.history/2026/09/20260908T143317Z-f9ff402067e0.json.gz,1
fda.inspections.history,firm:3002199772,2010-09-30,2026-09-08T14:33:17Z,is_foreign,0,bool,fda.inspections.history,raw/fda.inspections.history/2026/09/20260908T143317Z-f9ff402067e0.json.gz,1
fda.inspections.history,firm:3002199772,2010-09-30,2026-09-08T14:33:17Z,is_oai,0,bool,fda.inspections.history,raw/fda.inspections.history/2026/09/20260908T143317Z-f9ff402067e0.json.gz,1
fda.inspections.history,firm:3002199772,2010-09-30,2026-09-08T14:33:17Z,label,Hydrite Chemical Co.,,fda.inspections.history,raw/fda.inspections.history/2026/09/20260908T143317Z-f9ff402067e0.json.gz,1
fda.inspections.history,firm:3002631703,2010-09-30,2026-09-08T14:33:17Z,classification,1,ordinal,fda.inspections.history,raw/fda.inspections.history/2026/09/20260908T143317Z-f9ff402067e0.json.gz,1
fda.inspections.history,firm:3002631703,2010-09-30,2026-09-08T14:33:17Z,firm_key,FRESENIUS KABI,,fda.inspections.history,raw/fda.inspections.history/2026/09/20260908T143317Z-f9ff402067e0.json.gz,1
fda.inspections.history,firm:3002631703,2010-09-30,2026-09-08T14:33:17Z,inspected,1,count,fda.inspections.history,raw/fda.inspections.history/2026/09/20260908T143317Z-f9ff402067e0.json.gz,1
fda.inspections.history,firm:3002631703,2010-09-30,2026-09-08T14:33:17Z,inspection_end,20100930,yyyymmdd,fda.inspections.history,raw/fda.inspections.history/2026/09/20260908T143317Z-f9ff402067e0.json.gz,1
fda.inspections.history,firm:3002631703,2010-09-30,2026-09-08T14:33:17Z,is_foreign,1,bool,fda.inspections.history,raw/fda.inspections.history/2026/09/20260908T143317Z-f9ff402067e0.json.gz,1
fda.inspections.history,firm:3002631703,2010-09-30,2026-09-08T14:33:17Z,is_oai,0,bool,fda.inspections.history,raw/fda.inspections.history/2026/09/20260908T143317Z-f9ff402067e0.json.gz,1
fda.inspections.history,firm:3002631703,2010-09-30,2026-09-08T14:33:17Z,label,Fresenius Kabi AB,,fda.inspections.history,raw/fda.inspections.history/2026/09/20260908T143317Z-f9ff402067e0.json.gz,1
fda.inspections.history,firm:3002690301,2010-09-03,2026-09-08T14:33:17Z,classification,1,ordinal,fda.inspections.history,raw/fda.inspections.history/2026/09/20260908T143317Z-f9ff402067e0.json.gz,1
fda.inspections.history,firm:3002690301,2010-09-03,2026-09-08T14:33:17Z,firm_key,WORLD CLUB SUPPLY,,fda.inspections.history,raw/fda.inspections.history/2026/09/20260908T143317Z-f9ff402067e0.json.gz,1
fda.inspections.history,firm:3002690301,2010-09-03,2026-09-08T14:33:17Z,inspected,1,count,fda.inspections.history,raw/fda.inspections.history/2026/09/20260908T143317Z-f9ff402067e0.json.gz,1
fda.inspections.history,firm:3002690301,2010-09-03,2026-09-08T14:33:17Z,inspection_end,20100903,yyyymmdd,fda.inspections.history,raw/fda.inspections.history/2026/09/20260908T143317Z-f9ff402067e0.json.gz,1
fda.inspections.history,firm:3002690301,2010-09-03,2026-09-08T14:33:17Z,is_foreign,0,bool,fda.inspections.history,raw/fda.inspections.history/2026/09/20260908T143317Z-f9ff402067e0.json.gz,1
fda.inspections.history,firm:3002690301,2010-09-03,2026-09-08T14:33:17Z,is_oai,0,bool,fda.inspections.history,raw/fda.inspections.history/2026/09/20260908T143317Z-f9ff402067e0.json.gz,1
fda.inspections.history,firm:3002690301,2010-09-03,2026-09-08T14:33:17Z,label,World Club Supply Corp,,fda.inspections.history,raw/fda.inspections.history/2026/09/20260908T143317Z-f9ff402067e0.json.gz,1
fda.inspections.history,firm:3002757783,2010-09-23,2026-09-08T14:33:17Z,classification,1,ordinal,fda.inspections.history,raw/fda.inspections.history/2026/09/20260908T143317Z-f9ff402067e0.json.gz,1
fda.inspections.history,firm:3002757783,2010-09-23,2026-09-08T14:33:17Z,firm_key,I SHAY COSMETICS,,fda.inspections.history,raw/fda.inspections.history/2026/09/20260908T143317Z-f9ff402067e0.json.gz,1
fda.inspections.history,firm:3002757783,2010-09-23,2026-09-08T14:33:17Z,inspected,1,count,fda.inspections.history,raw/fda.inspections.history/2026/09/20260908T143317Z-f9ff402067e0.json.gz,1
fda.inspections.history,firm:3002757783,2010-09-23,2026-09-08T14:33:17Z,inspection_end,20100923,yyyymmdd,fda.inspections.history,raw/fda.inspections.history/2026/09/20260908T143317Z-f9ff402067e0.json.gz,1
fda.inspections.history,firm:3002757783,2010-09-23,2026-09-08T14:33:17Z,is_foreign,0,bool,fda.inspections.history,raw/fda.inspections.history/2026/09/20260908T143317Z-f9ff402067e0.json.gz,1
fda.inspections.history,firm:3002757783,2010-09-23,2026-09-08T14:33:17Z,is_oai,0,bool,fda.inspections.history,raw/fda.inspections.history/2026/09/20260908T143317Z-f9ff402067e0.json.gz,1
fda.inspections.history,firm:3002757783,2010-09-23,2026-09-08T14:33:17Z,label,I. Shay Cosmetics Inc,,fda.inspections.history,raw/fda.inspections.history/2026/09/20260908T143317Z-f9ff402067e0.json.gz,1
fda.inspections.history,firm:3002806608,2010-09-22,2026-09-08T14:33:17Z,classification,1,ordinal,fda.inspections.history,raw/fda.inspections.history/2026/09/20260908T143317Z-f9ff402067e0.json.gz,1
fda.inspections.history,firm:3002806608,2010-09-22,2026-09-08T14:33:17Z,firm_key,BUCHLER,,fda.inspections.history,raw/fda.inspections.history/2026/09/20260908T143317Z-f9ff402067e0.json.gz,1
fda.inspections.history,firm:3002806608,2010-09-22,2026-09-08T14:33:17Z,inspected,1,count,fda.inspections.history,raw/fda.inspections.history/2026/09/20260908T143317Z-f9ff402067e0.json.gz,1
fda.inspections.history,firm:3002806608,2010-09-22,2026-09-08T14:33:17Z,inspection_end,20100922,yyyymmdd,fda.inspections.history,raw/fda.inspections.history/2026/09/20260908T143317Z-f9ff402067e0.json.gz,1
fda.inspections.history,firm:3002806608,2010-09-22,2026-09-08T14:33:17Z,is_foreign,1,bool,fda.inspections.history,raw/fda.inspections.history/2026/09/20260908T143317Z-f9ff402067e0.json.gz,1
fda.inspections.history,firm:3002806608,2010-09-22,2026-09-08T14:33:17Z,is_oai,0,bool,fda.inspections.history,raw/fda.inspections.history/2026/09/20260908T143317Z-f9ff402067e0.json.gz,1
fda.inspections.history,firm:3002806608,2010-09-22,2026-09-08T14:33:17Z,label,Buchler Gmbh,,fda.inspections.history,raw/fda.inspections.history/2026/09/20260908T143317Z-f9ff402067e0.json.gz,1
fda.inspections.history,firm:3002806667,2010-09-24,2026-09-08T14:33:17Z,classification,1,ordinal,fda.inspections.history,raw/fda.inspections.history/2026/09/20260908T143317Z-f9ff402067e0.json.gz,1
fda.inspections.history,firm:3002806667,2010-09-24,2026-09-08T14:33:17Z,firm_key,CHEMI S P A,,fda.inspections.history,raw/fda.inspections.history/2026/09/20260908T143317Z-f9ff402067e0.json.gz,1
fda.inspections.history,firm:3002806667,2010-09-24,2026-09-08T14:33:17Z,inspected,1,count,fda.inspections.history,raw/fda.inspections.history/2026/09/20260908T143317Z-f9ff402067e0.json.gz,1
fda.inspections.history,firm:3002806667,2010-09-24,2026-09-08T14:33:17Z,inspection_end,20100924,yyyymmdd,fda.inspections.history,raw/fda.inspections.history/2026/09/20260908T143317Z-f9ff402067e0.json.gz,1
fda.inspections.history,firm:3002806667,2010-09-24,2026-09-08T14:33:17Z,is_foreign,1,bool,fda.inspections.history,raw/fda.inspections.history/2026/09/20260908T143317Z-f9ff402067e0.json.gz,1
fda.inspections.history,firm:3002806667,2010-09-24,2026-09-08T14:33:17Z,is_oai,0,bool,fda.inspections.history,raw/fda.inspections.history/2026/09/20260908T143317Z-f9ff402067e0.json.gz,1
fda.inspections.history,firm:3002806667,2010-09-24,2026-09-08T14:33:17Z,label,Chemi S.P.A.,,fda.inspections.history,raw/fda.inspections.history/2026/09/20260908T143317Z-f9ff402067e0.json.gz,1
fda.inspections.history,firm:3002806965,2010-09-23,2026-09-08T14:33:17Z,classification,1,ordinal,fda.inspections.history,raw/fda.inspections.history/2026/09/20260908T143317Z-f9ff402067e0.json.gz,1
fda.inspections.history,firm:3002806965,2010-09-23,2026-09-08T14:33:17Z,firm_key,FARMABIOS S P A,,fda.inspections.history,raw/fda.inspections.history/2026/09/20260908T143317Z-f9ff402067e0.json.gz,1
fda.inspections.history,firm:3002806965,2010-09-23,2026-09-08T14:33:17Z,inspected,1,count,fda.inspections.history,raw/fda.inspections.history/2026/09/20260908T143317Z-f9ff402067e0.json.gz,1
fda.inspections.history,firm:3002806965,2010-09-23,2026-09-08T14:33:17Z,inspection_end,20100923,yyyymmdd,fda.inspections.history,raw/fda.inspections.history/2026/09/20260908T143317Z-f9ff402067e0.json.gz,1
fda.inspections.history,firm:3002806965,2010-09-23,2026-09-08T14:33:17Z,is_foreign,1,bool,fda.inspections.history,raw/fda.inspections.history/2026/09/20260908T143317Z-f9ff402067e0.json.gz,1
fda.inspections.history,firm:3002806965,2010-09-23,2026-09-08T14:33:17Z,is_oai,0,bool,fda.inspections.history,raw/fda.inspections.history/2026/09/20260908T143317Z-f9ff402067e0.json.gz,1
fda.inspections.history,firm:3002806965,2010-09-23,2026-09-08T14:33:17Z,label,"Farmabios, S.p.A.",,fda.inspections.history,raw/fda.inspections.history/2026/09/20260908T143317Z-f9ff402067e0.json.gz,1
fda.inspections.history,firm:3002807485,2010-09-23,2026-09-08T14:33:17Z,classification,0,ordinal,fda.inspections.history,raw/fda.inspections.history/2026/09/20260908T143317Z-f9ff402067e0.json.gz,1
fda.inspections.history,firm:3002807485,2010-09-23,2026-09-08T14:33:17Z,firm_key,LOBA FEINCHEMIE,,fda.inspections.history,raw/fda.inspections.history/2026/09/20260908T143317Z-f9ff402067e0.json.gz,1
fda.inspections.history,firm:3002807485,2010-09-23,2026-09-08T14:33:17Z,inspected,1,count,fda.inspections.history,raw/fda.inspections.history/2026/09/20260908T143317Z-f9ff402067e0.json.gz,1
fda.inspections.history,firm:3002807485,2010-09-23,2026-09-08T14:33:17Z,inspection_end,20100923,yyyymmdd,fda.inspections.history,raw/fda.inspections.history/2026/09/20260908T143317Z-f9ff402067e0.json.gz,1
fda.inspections.history,firm:3002807485,2010-09-23,2026-09-08T14:33:17Z,is_foreign,1,bool,fda.inspections.history,raw/fda.inspections.history/2026/09/20260908T143317Z-f9ff402067e0.json.gz,1
fda.inspections.history,firm:3002807485,2010-09-23,2026-09-08T14:33:17Z,is_oai,0,bool,fda.inspections.history,raw/fda.inspections.history/2026/09/20260908T143317Z-f9ff402067e0.json.gz,1
fda.inspections.history,firm:3002807485,2010-09-23,2026-09-08T14:33:17Z,label,Loba Feinchemie GmbH,,fda.inspections.history,raw/fda.inspections.history/2026/09/20260908T143317Z-f9ff402067e0.json.gz,1
fda.inspections.history,firm:3002807503,2010-09-17,2026-09-08T14:33:17Z,classification,1,ordinal,fda.inspections.history,raw/fda.inspections.history/2026/09/20260908T143317Z-f9ff402067e0.json.gz,1
fda.inspections.history,firm:3002807503,2010-09-17,2026-09-08T14:33:17Z,firm_key,ORGAPHARM,,fda.inspections.history,raw/fda.inspections.history/2026/09/20260908T143317Z-f9ff402067e0.json.gz,1
fda.inspections.history,firm:3002807503,2010-09-17,2026-09-08T14:33:17Z,inspected,1,count,fda.inspections.history,raw/fda.inspections.history/2026/09/20260908T143317Z-f9ff402067e0.json.gz,1
fda.inspections.history,firm:3002807503,2010-09-17,2026-09-08T14:33:17Z,inspection_end,20100917,yyyymmdd,fda.inspections.history,raw/fda.inspections.history/2026/09/20260908T143317Z-f9ff402067e0.json.gz,1
fda.inspections.history,firm:3002807503,2010-09-17,2026-09-08T14:33:17Z,is_foreign,1,bool,fda.inspections.history,raw/fda.inspections.history/2026/09/20260908T143317Z-f9ff402067e0.json.gz,1
fda.inspections.history,firm:3002807503,2010-09-17,2026-09-08T14:33:17Z,is_oai,0,bool,fda.inspections.history,raw/fda.inspections.history/2026/09/20260908T143317Z-f9ff402067e0.json.gz,1
fda.inspections.history,firm:3002807503,2010-09-17,2026-09-08T14:33:17Z,label,Orgapharm,,fda.inspections.history,raw/fda.inspections.history/2026/09/20260908T143317Z-f9ff402067e0.json.gz,1
fda.inspections.history,firm:3002807776,2010-09-22,2026-09-08T14:33:17Z,classification,0,ordinal,fda.inspections.history,raw/fda.inspections.history/2026/09/20260908T143317Z-f9ff402067e0.json.gz,1
fda.inspections.history,firm:3002807776,2010-09-22,2026-09-08T14:33:17Z,firm_key,STERLING RINGASKIDDY,,fda.inspections.history,raw/fda.inspections.history/2026/09/20260908T143317Z-f9ff402067e0.json.gz,1
fda.inspections.history,firm:3002807776,2010-09-22,2026-09-08T14:33:17Z,inspected,1,count,fda.inspections.history,raw/fda.inspections.history/2026/09/20260908T143317Z-f9ff402067e0.json.gz,1
fda.inspections.history,firm:3002807776,2010-09-22,2026-09-08T14:33:17Z,inspection_end,20100922,yyyymmdd,fda.inspections.history,raw/fda.inspections.history/2026/09/20260908T143317Z-f9ff402067e0.json.gz,1
fda.inspections.history,firm:3002807776,2010-09-22,2026-09-08T14:33:17Z,is_foreign,1,bool,fda.inspections.history,raw/fda.inspections.history/2026/09/20260908T143317Z-f9ff402067e0.json.gz,1
fda.inspections.history,firm:3002807776,2010-09-22,2026-09-08T14:33:17Z,is_oai,0,bool,fda.inspections.history,raw/fda.inspections.history/2026/09/20260908T143317Z-f9ff402067e0.json.gz,1
fda.inspections.history,firm:3002807776,2010-09-22,2026-09-08T14:33:17Z,label,Sterling Pharma Ringaskiddy Limited,,fda.inspections.history,raw/fda.inspections.history/2026/09/20260908T143317Z-f9ff402067e0.json.gz,1
fda.inspections.history,firm:3002807777,2010-09-02,2026-09-08T14:33:17Z,classification,1,ordinal,fda.inspections.history,raw/fda.inspections.history/2026/09/20260908T143317Z-f9ff402067e0.json.gz,1
fda.inspections.history,firm:3002807777,2010-09-02,2026-09-08T14:33:17Z,firm_key,NORTON WATERFORD,,fda.inspections.history,raw/fda.inspections.history/2026/09/20260908T143317Z-f9ff402067e0.json.gz,1
fda.inspections.history,firm:3002807777,2010-09-02,2026-09-08T14:33:17Z,inspected,1,count,fda.inspections.history,raw/fda.inspections.history/2026/09/20260908T143317Z-f9ff402067e0.json.gz,1
fda.inspections.history,firm:3002807777,2010-09-02,2026-09-08T14:33:17Z,inspection_end,20100902,yyyymmdd,fda.inspections.history,raw/fda.inspections.history/2026/09/20260908T143317Z-f9ff402067e0.json.gz,1
fda.inspections.history,firm:3002807777,2010-09-02,2026-09-08T14:33:17Z,is_foreign,1,bool,fda.inspections.history,raw/fda.inspections.history/2026/09/20260908T143317Z-f9ff402067e0.json.gz,1
fda.inspections.history,firm:3002807777,2010-09-02,2026-09-08T14:33:17Z,is_oai,0,bool,fda.inspections.history,raw/fda.inspections.history/2026/09/20260908T143317Z-f9ff402067e0.json.gz,1
fda.inspections.history,firm:3002807777,2010-09-02,2026-09-08T14:33:17Z,label,NORTON (WATERFORD) LIMITED,,fda.inspections.history,raw/fda.inspections.history/2026/09/20260908T143317Z-f9ff402067e0.json.gz,1
fda.inspections.history,firm:3002808250,2010-09-30,2026-09-08T14:33:17Z,classification,0,ordinal,fda.inspections.history,raw/fda.inspections.history/2026/09/20260908T143317Z-f9ff402067e0.json.gz,1
fda.inspections.history,firm:3002808250,2010-09-30,2026-09-08T14:33:17Z,firm_key,CERBIOS,,fda.inspections.history,raw/fda.inspections.history/2026/09/20260908T143317Z-f9ff402067e0.json.gz,1
fda.inspections.history,firm:3002808250,2010-09-30,2026-09-08T14:33:17Z,inspected,1,count,fda.inspections.history,raw/fda.inspections.history/2026/09/20260908T143317Z-f9ff402067e0.json.gz,1
fda.inspections.history,firm:3002808250,2010-09-30,2026-09-08T14:33:17Z,inspection_end,20100930,yyyymmdd,fda.inspections.history,raw/fda.inspections.history/2026/09/20260908T143317Z-f9ff402067e0.json.gz,1
fda.inspections.history,firm:3002808250,2010-09-30,2026-09-08T14:33:17Z,is_foreign,1,bool,fda.inspections.history,raw/fda.inspections.history/2026/09/20260908T143317Z-f9ff402067e0.json.gz,1
fda.inspections.history,firm:3002808250,2010-09-30,2026-09-08T14:33:17Z,is_oai,0,bool,fda.inspections.history,raw/fda.inspections.history/2026/09/20260908T143317Z-f9ff402067e0.json.gz,1
fda.inspections.history,firm:3002808250,2010-09-30,2026-09-08T14:33:17Z,label,Cerbios-Pharma SA,,fda.inspections.history,raw/fda.inspections.history/2026/09/20260908T143317Z-f9ff402067e0.json.gz,1
fda.inspections.history,firm:3002808311,2010-09-14,2026-09-08T14:33:17Z,classification,1,ordinal,fda.inspections.history,raw/fda.inspections.history/2026/09/20260908T143317Z-f9ff402067e0.json.gz,1
fda.inspections.history,firm:3002808311,2010-09-14,2026-09-08T14:33:17Z,firm_key,TAKEDA,,fda.inspections.history,raw/fda.inspections.history/2026/09/20260908T143317Z-f9ff402067e0.json.gz,1
fda.inspections.history,firm:3002808311,2010-09-14,2026-09-08T14:33:17Z,inspected,1,count,fda.inspections.history,raw/fda.inspections.history/2026/09/20260908T143317Z-f9ff402067e0.json.gz,1
fda.inspections.history,firm:3002808311,2010-09-14,2026-09-08T14:33:17Z,inspection_end,20100914,yyyymmdd,fda.inspections.history,raw/fda.inspections.history/2026/09/20260908T143317Z-f9ff402067e0.json.gz,1
fda.inspections.history,firm:3002808311,2010-09-14,2026-09-08T14:33:17Z,is_foreign,1,bool,fda.inspections.history,raw/fda.inspections.history/2026/09/20260908T143317Z-f9ff402067e0.json.gz,1
fda.inspections.history,firm:3002808311,2010-09-14,2026-09-08T14:33:17Z,is_oai,0,bool,fda.inspections.history,raw/fda.inspections.history/2026/09/20260908T143317Z-f9ff402067e0.json.gz,1
fda.inspections.history,firm:3002808311,2010-09-14,2026-09-08T14:33:17Z,label,Takeda Pharmaceutical Company Limited,,fda.inspections.history,raw/fda.inspections.history/2026/09/20260908T143317Z-f9ff402067e0.json.gz,1
fda.inspections.history,firm:3002808375,2010-09-10,2026-09-08T14:33:17Z,classification,1,ordinal,fda.inspections.history,raw/fda.inspections.history/2026/09/20260908T143317Z-f9ff402067e0.json.gz,1
fda.inspections.history,firm:3002808375,2010-09-10,2026-09-08T14:33:17Z,firm_key,TOMITA,,fda.inspections.history,raw/fda.inspections.history/2026/09/20260908T143317Z-f9ff402067e0.json.gz,1
fda.inspections.history,firm:3002808375,2010-09-10,2026-09-08T14:33:17Z,inspected,1,count,fda.inspections.history,raw/fda.inspections.history/2026/09/20260908T143317Z-f9ff402067e0.json.gz,1
fda.inspections.history,firm:3002808375,2010-09-10,2026-09-08T14:33:17Z,inspection_end,20100910,yyyymmdd,fda.inspections.history,raw/fda.inspections.history/2026/09/20260908T143317Z-f9ff402067e0.json.gz,1
fda.inspections.history,firm:3002808375,2010-09-10,2026-09-08T14:33:17Z,is_foreign,1,bool,fda.inspections.history,raw/fda.inspections.history/2026/09/20260908T143317Z-f9ff402067e0.json.gz,1
fda.inspections.history,firm:3002808375,2010-09-10,2026-09-08T14:33:17Z,is_oai,0,bool,fda.inspections.history,raw/fda.inspections.history/2026/09/20260908T143317Z-f9ff402067e0.json.gz,1
fda.inspections.history,firm:3002808375,2010-09-10,2026-09-08T14:33:17Z,label,"Tomita Pharmaceutical Co., Ltd.",,fda.inspections.history,raw/fda.inspections.history/2026/09/20260908T143317Z-f9ff402067e0.json.gz,1
fda.inspections.history,firm:3002821211,2010-09-02,2026-09-08T14:33:17Z,classification,0,ordinal,fda.inspections.history,raw/fda.inspections.history/2026/09/20260908T143317Z-f9ff402067e0.json.gz,1
fda.inspections.history,firm:3002821211,2010-09-02,2026-09-08T14:33:17Z,firm_key,NUTRA MED PACKAGING,,fda.inspections.history,raw/fda.inspections.history/2026/09/20260908T143317Z-f9ff402067e0.json.gz,1
fda.inspections.history,firm:3002821211,2010-09-02,2026-09-08T14:33:17Z,inspected,1,count,fda.inspections.history,raw/fda.inspections.history/2026/09/20260908T143317Z-f9ff402067e0.json.gz,1
fda.inspections.history,firm:3002821211,2010-09-02,2026-09-08T14:33:17Z,inspection_end,20100902,yyyymmdd,fda.inspections.history,raw/fda.inspections.history/2026/09/20260908T143317Z-f9ff402067e0.json.gz,1
fda.inspections.history,firm:3002821211,2010-09-02,2026-09-08T14:33:17Z,is_foreign,0,bool,fda.inspections.history,raw/fda.inspections.history/2026/09/20260908T143317Z-f9ff402067e0.json.gz,1
fda.inspections.history,firm:3002821211,2010-09-02,2026-09-08T14:33:17Z,is_oai,0,bool,fda.inspections.history,raw/fda.inspections.history/2026/09/20260908T143317Z-f9ff402067e0.json.gz,1
fda.inspections.history,firm:3002821211,2010-09-02,2026-09-08T14:33:17Z,label,Nutra-Med Packaging Inc.,,fda.inspections.history,raw/fda.inspections.history/2026/09/20260908T143317Z-f9ff402067e0.json.gz,1
fda.inspections.history,firm:3002856243,2010-09-30,2026-09-08T14:33:17Z,classification,1,ordinal,fda.inspections.history,raw/fda.inspections.history/2026/09/20260908T143317Z-f9ff402067e0.json.gz,1
fda.inspections.history,firm:3002856243,2010-09-30,2026-09-08T14:33:17Z,firm_key,H2O PLUS,,fda.inspections.history,raw/fda.inspections.history/2026/09/20260908T143317Z-f9ff402067e0.json.gz,1
fda.inspections.history,firm:3002856243,2010-09-30,2026-09-08T14:33:17Z,inspected,1,count,fda.inspections.history,raw/fda.inspections.history/2026/09/20260908T143317Z-f9ff402067e0.json.gz,1
fda.inspections.history,firm:3002856243,2010-09-30,2026-09-08T14:33:17Z,inspection_end,20100930,yyyymmdd,fda.inspections.history,raw/fda.inspections.history/2026/09/20260908T143317Z-f9ff402067e0.json.gz,1
fda.inspections.history,firm:3002856243,2010-09-30,2026-09-08T14:33:17Z,is_foreign,0,bool,fda.inspections.history,raw/fda.inspections.history/2026/09/20260908T143317Z-f9ff402067e0.json.gz,1
fda.inspections.history,firm:3002856243,2010-09-30,2026-09-08T14:33:17Z,is_oai,0,bool,fda.inspections.history,raw/fda.inspections.history/2026/09/20260908T143317Z-f9ff402067e0.json.gz,1
fda.inspections.history,firm:3002856243,2010-09-30,2026-09-08T14:33:17Z,label,"H2O Plus, LLC",,fda.inspections.history,raw/fda.inspections.history/2026/09/20260908T143317Z-f9ff402067e0.json.gz,1
fda.inspections.history,firm:3002892484,2010-09-03,2026-09-08T14:33:17Z,classification,1,ordinal,fda.inspections.history,raw/fda.inspections.history/2026/09/20260908T143317Z-f9ff402067e0.json.gz,1
fda.inspections.history,firm:3002892484,2010-09-03,2026-09-08T14:33:17Z,firm_key,AMGEN INCORPORATED,,fda.inspections.history,raw/fda.inspections.history/2026/09/20260908T143317Z-f9ff402067e0.json.gz,1
fda.inspections.history,firm:3002892484,2010-09-03,2026-09-08T14:33:17Z,inspected,1,count,fda.inspections.history,raw/fda.inspections.history/2026/09/20260908T143317Z-f9ff402067e0.json.gz,1
fda.inspections.history,firm:3002892484,2010-09-03,2026-09-08T14:33:17Z,inspection_end,20100903,yyyymmdd,fda.inspections.history,raw/fda.inspections.history/2026/09/20260908T143317Z-f9ff402067e0.json.gz,1
fda.inspections.history,firm:3002892484,2010-09-03,2026-09-08T14:33:17Z,is_foreign,0,bool,fda.inspections.history,raw/fda.inspections.history/2026/09/20260908T143317Z-f9ff402067e0.json.gz,1
fda.inspections.history,firm:3002892484,2010-09-03,2026-09-08T14:33:17Z,is_oai,0,bool,fda.inspections.history,raw/fda.inspections.history/2026/09/20260908T143317Z-f9ff402067e0.json.gz,1
fda.inspections.history,firm:3002892484,2010-09-03,2026-09-08T14:33:17Z,label,"Amgen, Incorporated",,fda.inspections.history,raw/fda.inspections.history/2026/09/20260908T143317Z-f9ff402067e0.json.gz,1
fda.inspections.history,firm:3002928247,2010-09-16,2026-09-08T14:33:17Z,classification,0,ordinal,fda.inspections.history,raw/fda.inspections.history/2026/09/20260908T143317Z-f9ff402067e0.json.gz,1
fda.inspections.history,firm:3002928247,2010-09-16,2026-09-08T14:33:17Z,firm_key,APRIA HEALTHCARE,,fda.inspections.history,raw/fda.inspections.history/2026/09/20260908T143317Z-f9ff402067e0.json.gz,1
fda.inspections.history,firm:3002928247,2010-09-16,2026-09-08T14:33:17Z,inspected,1,count,fda.inspections.history,raw/fda.inspections.history/2026/09/20260908T143317Z-f9ff402067e0.json.gz,1
fda.inspections.history,firm:3002928247,2010-09-16,2026-09-08T14:33:17Z,inspection_end,20100916,yyyymmdd,fda.inspections.history,raw/fda.inspections.history/2026/09/20260908T143317Z-f9ff402067e0.json.gz,1
fda.inspections.history,firm:3002928247,2010-09-16,2026-09-08T14:33:17Z,is_foreign,0,bool,fda.inspections.history,raw/fda.inspections.history/2026/09/20260908T143317Z-f9ff402067e0.json.gz,1
fda.inspections.history,firm:3002928247,2010-09-16,2026-09-08T14:33:17Z,is_oai,0,bool,fda.inspections.history,raw/fda.inspections.history/2026/09/20260908T143317Z-f9ff402067e0.json.gz,1
fda.inspections.history,firm:3002928247,2010-09-16,2026-09-08T14:33:17Z,label,Apria Healthcare Inc,,fda.inspections.history,raw/fda.inspections.history/2026/09/20260908T143317Z-f9ff402067e0.json.gz,1
fda.inspections.history,firm:3003073605,2010-09-14,2026-09-08T14:33:17Z,classification,1,ordinal,fda.inspections.history,raw/fda.inspections.history/2026/09/20260908T143317Z-f9ff402067e0.json.gz,1
fda.inspections.history,firm:3003073605,2010-09-14,2026-09-08T14:33:17Z,firm_key,ORION ORION,,fda.inspections.history,raw/fda.inspections.history/2026/09/20260908T143317Z-f9ff402067e0.json.gz,1
fda.inspections.history,firm:3003073605,2010-09-14,2026-09-08T14:33:17Z,inspected,1,count,fda.inspections.history,raw/fda.inspections.history/2026/09/20260908T143317Z-f9ff402067e0.json.gz,1
fda.inspections.history,firm:3003073605,2010-09-14,2026-09-08T14:33:17Z,inspection_end,20100914,yyyymmdd,fda.inspections.history,raw/fda.inspections.history/2026/09/20260908T143317Z-f9ff402067e0.json.gz,1
fda.inspections.history,firm:3003073605,2010-09-14,2026-09-08T14:33:17Z,is_foreign,1,bool,fda.inspections.history,raw/fda.inspections.history/2026/09/20260908T143317Z-f9ff402067e0.json.gz,1
fda.inspections.history,firm:3003073605,2010-09-14,2026-09-08T14:33:17Z,is_oai,0,bool,fda.inspections.history,raw/fda.inspections.history/2026/09/20260908T143317Z-f9ff402067e0.json.gz,1
fda.inspections.history,firm:3003073605,2010-09-14,2026-09-08T14:33:17Z,label,"Orion Corporation, Orion Pharma",,fda.inspections.history,raw/fda.inspections.history/2026/09/20260908T143317Z-f9ff402067e0.json.gz,1
fda.inspections.history,firm:3003093882,2010-09-08,2026-09-08T14:33:17Z,classification,1,ordinal,fda.inspections.history,raw/fda.inspections.history/2026/09/20260908T143317Z-f9ff402067e0.json.gz,1
fda.inspections.history,firm:3003093882,2010-09-08,2026-09-08T14:33:17Z,firm_key,NIAGARA,,fda.inspections.history,raw/fda.inspections.history/2026/09/20260908T143317Z-f9ff402067e0.json.gz,1
fda.inspections.history,firm:3003093882,2010-09-08,2026-09-08T14:33:17Z,inspected,1,count,fda.inspections.history,raw/fda.inspections.history/2026/09/20260908T143317Z-f9ff402067e0.json.gz,1
fda.inspections.history,firm:3003093882,2010-09-08,2026-09-08T14:33:17Z,inspection_end,20100908,yyyymmdd,fda.inspections.history,raw/fda.inspections.history/2026/09/20260908T143317Z-f9ff402067e0.json.gz,1
fda.inspections.history,firm:3003093882,2010-09-08,2026-09-08T14:33:17Z,is_foreign,1,bool,fda.inspections.history,raw/fda.inspections.history/2026/09/20260908T143317Z-f9ff402067e0.json.gz,1
fda.inspections.history,firm:3003093882,2010-09-08,2026-09-08T14:33:17Z,is_oai,0,bool,fda.inspections.history,raw/fda.inspections.history/2026/09/20260908T143317Z-f9ff402067e0.json.gz,1
fda.inspections.history,firm:3003093882,2010-09-08,2026-09-08T14:33:17Z,label,Niagara Pharmaceuticals Inc,,fda.inspections.history,raw/fda.inspections.history/2026/09/20260908T143317Z-f9ff402067e0.json.gz,1
fda.inspections.history,firm:3003179500,2010-09-30,2026-09-08T14:33:17Z,classification,1,ordinal,fda.inspections.history,raw/fda.inspections.history/2026/09/20260908T143317Z-f9ff402067e0.json.gz,1
fda.inspections.history,firm:3003179500,2010-09-30,2026-09-08T14:33:17Z,firm_key,INTERTEK CHAMPAIGN LABRATORY,,fda.inspections.history,raw/fda.inspections.history/2026/09/20260908T143317Z-f9ff402067e0.json.gz,1
fda.inspections.history,firm:3003179500,2010-09-30,2026-09-08T14:33:17Z,inspected,1,count,fda.inspections.history,raw/fda.inspections.history/2026/09/20260908T143317Z-f9ff402067e0.json.gz,1
fda.inspections.history,firm:3003179500,2010-09-30,2026-09-08T14:33:17Z,inspection_end,20100930,yyyymmdd,fda.inspections.history,raw/fda.inspections.history/2026/09/20260908T143317Z-f9ff402067e0.json.gz,1
fda.inspections.history,firm:3003179500,2010-09-30,2026-09-08T14:33:17Z,is_foreign,0,bool,fda.inspections.history,raw/fda.inspections.history/2026/09/20260908T143317Z-f9ff402067e0.json.gz,1
fda.inspections.history,firm:3003179500,2010-09-30,2026-09-08T14:33:17Z,is_oai,0,bool,fda.inspections.history,raw/fda.inspections.history/2026/09/20260908T143317Z-f9ff402067e0.json.gz,1
fda.inspections.history,firm:3003179500,2010-09-30,2026-09-08T14:33:17Z,label,Intertek Champaign Labratory,,fda.inspections.history,raw/fda.inspections.history/2026/09/20260908T143317Z-f9ff402067e0.json.gz,1
fda.inspections.history,firm:3003184497,2010-09-10,2026-09-08T14:33:17Z,classification,1,ordinal,fda.inspections.history,raw/fda.inspections.history/2026/09/20260908T143317Z-f9ff402067e0.json.gz,1
fda.inspections.history,firm:3003184497,2010-09-10,2026-09-08T14:33:17Z,firm_key,DR REDDY S CHEMICAL TECH OPS III,,fda.inspections.history,raw/fda.inspections.history/2026/09/20260908T143317Z-f9ff402067e0.json.gz,1
fda.inspections.history,firm:3003184497,2010-09-10,2026-09-08T14:33:17Z,inspected,1,count,fda.inspections.history,raw/fda.inspections.history/2026/09/20260908T143317Z-f9ff402067e0.json.gz,1
fda.inspections.history,firm:3003184497,2010-09-10,2026-09-08T14:33:17Z,inspection_end,20100910,yyyymmdd,fda.inspections.history,raw/fda.inspections.history/2026/09/20260908T143317Z-f9ff402067e0.json.gz,1
fda.inspections.history,firm:3003184497,2010-09-10,2026-09-08T14:33:17Z,is_foreign,1,bool,fda.inspections.history,raw/fda.inspections.history/2026/09/20260908T143317Z-f9ff402067e0.json.gz,1
fda.inspections.history,firm:3003184497,2010-09-10,2026-09-08T14:33:17Z,is_oai,0,bool,fda.inspections.history,raw/fda.inspections.history/2026/09/20260908T143317Z-f9ff402067e0.json.gz,1
fda.inspections.history,firm:3003184497,2010-09-10,2026-09-08T14:33:17Z,label,Dr. Reddy's Laboratories Limited (Chemical Tech Ops - III),,fda.inspections.history,raw/fda.inspections.history/2026/09/20260908T143317Z-f9ff402067e0.json.gz,1
fda.inspections.history,firm:3003195501,2010-09-16,2026-09-08T14:33:17Z,classification,2,ordinal,fda.inspections.history,raw/fda.inspections.history/2026/09/20260908T143317Z-f9ff402067e0.json.gz,1
fda.inspections.history,firm:3003195501,2010-09-16,2026-09-08T14:33:17Z,firm_key,SANOFI AVENTIS DEUTSCHLAND,,fda.inspections.history,raw/fda.inspections.history/2026/09/20260908T143317Z-f9ff402067e0.json.gz,1
fda.inspections.history,firm:3003195501,2010-09-16,2026-09-08T14:33:17Z,inspected,1,count,fda.inspections.history,raw/fda.inspections.history/2026/09/20260908T143317Z-f9ff402067e0.json.gz,1
fda.inspections.history,firm:3003195501,2010-09-16,2026-09-08T14:33:17Z,inspection_end,20100916,yyyymmdd,fda.inspections.history,raw/fda.inspections.history/2026/09/20260908T143317Z-f9ff402067e0.json.gz,1
fda.inspections.history,firm:3003195501,2010-09-16,2026-09-08T14:33:17Z,is_foreign,1,bool,fda.inspections.history,raw/fda.inspections.history/2026/09/20260908T143317Z-f9ff402067e0.json.gz,1
fda.inspections.history,firm:3003195501,2010-09-16,2026-09-08T14:33:17Z,is_oai,1,bool,fda.inspections.history,raw/fda.inspections.history/2026/09/20260908T143317Z-f9ff402067e0.json.gz,1
fda.inspections.history,firm:3003195501,2010-09-16,2026-09-08T14:33:17Z,label,Sanofi-Aventis Deutschland GmbH,,fda.inspections.history,raw/fda.inspections.history/2026/09/20260908T143317Z-f9ff402067e0.json.gz,1
fda.inspections.history,firm:3003232939,2010-09-17,2026-09-08T14:33:17Z,classification,0,ordinal,fda.inspections.history,raw/fda.inspections.history/2026/09/20260908T143317Z-f9ff402067e0.json.gz,1
fda.inspections.history,firm:3003232939,2010-09-17,2026-09-08T14:33:17Z,firm_key,MOBREN TRANSPORT,,fda.inspections.history,raw/fda.inspections.history/2026/09/20260908T143317Z-f9ff402067e0.json.gz,1
fda.inspections.history,firm:3003232939,2010-09-17,2026-09-08T14:33:17Z,inspected,1,count,fda.inspections.history,raw/fda.inspections.history/2026/09/20260908T143317Z-f9ff402067e0.json.gz,1
fda.inspections.history,firm:3003232939,2010-09-17,2026-09-08T14:33:17Z,inspection_end,20100917,yyyymmdd,fda.inspections.history,raw/fda.inspections.history/2026/09/20260908T143317Z-f9ff402067e0.json.gz,1
fda.inspections.history,firm:3003232939,2010-09-17,2026-09-08T14:33:17Z,is_foreign,0,bool,fda.inspections.history,raw/fda.inspections.history/2026/09/20260908T143317Z-f9ff402067e0.json.gz,1
fda.inspections.history,firm:3003232939,2010-09-17,2026-09-08T14:33:17Z,is_oai,0,bool,fda.inspections.history,raw/fda.inspections.history/2026/09/20260908T143317Z-f9ff402067e0.json.gz,1
fda.inspections.history,firm:3003232939,2010-09-17,2026-09-08T14:33:17Z,label,Mobren Transport Inc.,,fda.inspections.history,raw/fda.inspections.history/2026/09/20260908T143317Z-f9ff402067e0.json.gz,1
fda.inspections.history,firm:3003324648,2010-09-28,2026-09-08T14:33:17Z,classification,1,ordinal,fda.inspections.history,raw/fda.inspections.history/2026/09/20260908T143317Z-f9ff402067e0.json.gz,1
fda.inspections.history,firm:3003324648,2010-09-28,2026-09-08T14:33:17Z,firm_key,DHL SUPPLY CHAIN NETHERLANDS,,fda.inspections.history,raw/fda.inspections.history/2026/09/20260908T143317Z-f9ff402067e0.json.gz,1
fda.inspections.history,firm:3003324648,2010-09-28,2026-09-08T14:33:17Z,inspected,1,count,fda.inspections.history,raw/fda.inspections.history/2026/09/20260908T143317Z-f9ff402067e0.json.gz,1
fda.inspections.history,firm:3003324648,2010-09-28,2026-09-08T14:33:17Z,inspection_end,20100928,yyyymmdd,fda.inspections.history,raw/fda.inspections.history/2026/09/20260908T143317Z-f9ff402067e0.json.gz,1
fda.inspections.history,firm:3003324648,2010-09-28,2026-09-08T14:33:17Z,is_foreign,1,bool,fda.inspections.history,raw/fda.inspections.history/2026/09/20260908T143317Z-f9ff402067e0.json.gz,1
fda.inspections.history,firm:3003324648,2010-09-28,2026-09-08T14:33:17Z,is_oai,0,bool,fda.inspections.history,raw/fda.inspections.history/2026/09/20260908T143317Z-f9ff402067e0.json.gz,1
fda.inspections.history,firm:3003324648,2010-09-28,2026-09-08T14:33:17Z,label,DHL Supply Chain (Netherlands) BV,,fda.inspections.history,raw/fda.inspections.history/2026/09/20260908T143317Z-f9ff402067e0.json.gz,1
fda.inspections.history,firm:3003340711,2010-09-29,2026-09-08T14:33:17Z,classification,1,ordinal,fda.inspections.history,raw/fda.inspections.history/2026/09/20260908T143317Z-f9ff402067e0.json.gz,1
fda.inspections.history,firm:3003340711,2010-09-29,2026-09-08T14:33:17Z,firm_key,FERMION,,fda.inspections.history,raw/fda.inspections.history/2026/09/20260908T143317Z-f9ff402067e0.json.gz,1
fda.inspections.history,firm:3003340711,2010-09-29,2026-09-08T14:33:17Z,inspected,1,count,fda.inspections.history,raw/fda.inspections.history/2026/09/20260908T143317Z-f9ff402067e0.json.gz,1
fda.inspections.history,firm:3003340711,2010-09-29,2026-09-08T14:33:17Z,inspection_end,20100929,yyyymmdd,fda.inspections.history,raw/fda.inspections.history/2026/09/20260908T143317Z-f9ff402067e0.json.gz,1
fda.inspections.history,firm:3003340711,2010-09-29,2026-09-08T14:33:17Z,is_foreign,1,bool,fda.inspections.history,raw/fda.inspections.history/2026/09/20260908T143317Z-f9ff402067e0.json.gz,1
fda.inspections.history,firm:3003340711,2010-09-29,2026-09-08T14:33:17Z,is_oai,0,bool,fda.inspections.history,raw/fda.inspections.history/2026/09/20260908T143317Z-f9ff402067e0.json.gz,1
fda.inspections.history,firm:3003340711,2010-09-29,2026-09-08T14:33:17Z,label,Fermion OY,,fda.inspections.history,raw/fda.inspections.history/2026/09/20260908T143317Z-f9ff402067e0.json.gz,1
fda.inspections.history,firm:3003448162,2010-09-20,2026-09-08T14:33:17Z,classification,1,ordinal,fda.inspections.history,raw/fda.inspections.history/2026/09/20260908T143317Z-f9ff402067e0.json.gz,1
fda.inspections.history,firm:3003448162,2010-09-20,2026-09-08T14:33:17Z,firm_key,FMC DISTRIBUTORS,,fda.inspections.history,raw/fda.inspections.history/2026/09/20260908T143317Z-f9ff402067e0.json.gz,1
fda.inspections.history,firm:3003448162,2010-09-20,2026-09-08T14:33:17Z,inspected,1,count,fda.inspections.history,raw/fda.inspections.history/2026/09/20260908T143317Z-f9ff402067e0.json.gz,1
fda.inspections.history,firm:3003448162,2010-09-20,2026-09-08T14:33:17Z,inspection_end,20100920,yyyymmdd,fda.inspections.history,raw/fda.inspections.history/2026/09/20260908T143317Z-f9ff402067e0.json.gz,1
fda.inspections.history,firm:3003448162,2010-09-20,2026-09-08T14:33:17Z,is_foreign,0,bool,fda.inspections.history,raw/fda.inspections.history/2026/09/20260908T143317Z-f9ff402067e0.json.gz,1
fda.inspections.history,firm:3003448162,2010-09-20,2026-09-08T14:33:17Z,is_oai,0,bool,fda.inspections.history,raw/fda.inspections.history/2026/09/20260908T143317Z-f9ff402067e0.json.gz,1
fda.inspections.history,firm:3003448162,2010-09-20,2026-09-08T14:33:17Z,label,"FMC Distributors, Inc.",,fda.inspections.history,raw/fda.inspections.history/2026/09/20260908T143317Z-f9ff402067e0.json.gz,1
fda.inspections.history,firm:3003469991,2010-09-25,2026-09-08T14:33:17Z,classification,1,ordinal,fda.inspections.history,raw/fda.inspections.history/2026/09/20260908T143317Z-f9ff402067e0.json.gz,1
fda.inspections.history,firm:3003469991,2010-09-25,2026-09-08T14:33:17Z,firm_key,PCAS FINLAND,,fda.inspections.history,raw/fda.inspections.history/2026/09/20260908T143317Z-f9ff402067e0.json.gz,1
fda.inspections.history,firm:3003469991,2010-09-25,2026-09-08T14:33:17Z,inspected,1,count,fda.inspections.history,raw/fda.inspections.history/2026/09/20260908T143317Z-f9ff402067e0.json.gz,1
fda.inspections.history,firm:3003469991,2010-09-25,2026-09-08T14:33:17Z,inspection_end,20100925,yyyymmdd,fda.inspections.history,raw/fda.inspections.history/2026/09/20260908T143317Z-f9ff402067e0.json.gz,1
fda.inspections.history,firm:3003469991,2010-09-25,2026-09-08T14:33:17Z,is_foreign,1,bool,fda.inspections.history,raw/fda.inspections.history/2026/09/20260908T143317Z-f9ff402067e0.json.gz,1
fda.inspections.history,firm:3003469991,2010-09-25,2026-09-08T14:33:17Z,is_oai,0,bool,fda.inspections.history,raw/fda.inspections.history/2026/09/20260908T143317Z-f9ff402067e0.json.gz,1
fda.inspections.history,firm:3003469991,2010-09-25,2026-09-08T14:33:17Z,label,PCAS Finland Oy,,fda.inspections.history,raw/fda.inspections.history/2026/09/20260908T143317Z-f9ff402067e0.json.gz,1
fda.inspections.history,firm:3003569104,2010-09-29,2026-09-08T14:33:17Z,classification,1,ordinal,fda.inspections.history,raw/fda.inspections.history/2026/09/20260908T143317Z-f9ff402067e0.json.gz,1
fda.inspections.history,firm:3003569104,2010-09-29,2026-09-08T14:33:17Z,firm_key,PACA FOODS,,fda.inspections.history,raw/fda.inspections.history/2026/09/20260908T143317Z-f9ff402067e0.json.gz,1
fda.inspections.history,firm:3003569104,2010-09-29,2026-09-08T14:33:17Z,inspected,1,count,fda.inspections.history,raw/fda.inspections.history/2026/09/20260908T143317Z-f9ff402067e0.json.gz,1
fda.inspections.history,firm:3003569104,2010-09-29,2026-09-08T14:33:17Z,inspection_end,20100929,yyyymmdd,fda.inspections.history,raw/fda.inspections.history/2026/09/20260908T143317Z-f9ff402067e0.json.gz,1
fda.inspections.history,firm:3003569104,2010-09-29,2026-09-08T14:33:17Z,is_foreign,0,bool,fda.inspections.history,raw/fda.inspections.history/2026/09/20260908T143317Z-f9ff402067e0.json.gz,1
fda.inspections.history,firm:3003569104,2010-09-29,2026-09-08T14:33:17Z,is_oai,0,bool,fda.inspections.history,raw/fda.inspections.history/2026/09/20260908T143317Z-f9ff402067e0.json.gz,1
fda.inspections.history,firm:3003569104,2010-09-29,2026-09-08T14:33:17Z,label,Paca Foods LLC,,fda.inspections.history,raw/fda.inspections.history/2026/09/20260908T143317Z-f9ff402067e0.json.gz,1
fda.inspections.history,firm:3003631744,2010-09-20,2026-09-08T14:33:17Z,classification,1,ordinal,fda.inspections.history,raw/fda.inspections.history/2026/09/20260908T143317Z-f9ff402067e0.json.gz,1
fda.inspections.history,firm:3003631744,2010-09-20,2026-09-08T14:33:17Z,firm_key,NATUREPLEX,,fda.inspections.history,raw/fda.inspections.history/2026/09/20260908T143317Z-f9ff402067e0.json.gz,1
fda.inspections.history,firm:3003631744,2010-09-20,2026-09-08T14:33:17Z,inspected,1,count,fda.inspections.history,raw/fda.inspections.history/2026/09/20260908T143317Z-f9ff402067e0.json.gz,1
fda.inspections.history,firm:3003631744,2010-09-20,2026-09-08T14:33:17Z,inspection_end,20100920,yyyymmdd,fda.inspections.history,raw/fda.inspections.history/2026/09/20260908T143317Z-f9ff402067e0.json.gz,1
fda.inspections.history,firm:3003631744,2010-09-20,2026-09-08T14:33:17Z,is_foreign,0,bool,fda.inspections.history,raw/fda.inspections.history/2026/09/20260908T143317Z-f9ff402067e0.json.gz,1
fda.inspections.history,firm:3003631744,2010-09-20,2026-09-08T14:33:17Z,is_oai,0,bool,fda.inspections.history,raw/fda.inspections.history/2026/09/20260908T143317Z-f9ff402067e0.json.gz,1
fda.inspections.history,firm:3003631744,2010-09-20,2026-09-08T14:33:17Z,label,Natureplex LLC,,fda.inspections.history,raw/fda.inspections.history/2026/09/20260908T143317Z-f9ff402067e0.json.gz,1
fda.inspections.history,firm:3003650383,2010-09-18,2026-09-08T14:33:17Z,classification,1,ordinal,fda.inspections.history,raw/fda.inspections.history/2026/09/20260908T143317Z-f9ff402067e0.json.gz,1
fda.inspections.history,firm:3003650383,2010-09-18,2026-09-08T14:33:17Z,firm_key,COHANCE LIFESCIENCES,,fda.inspections.history,raw/fda.inspections.history/2026/09/20260908T143317Z-f9ff402067e0.json.gz,1
fda.inspections.history,firm:3003650383,2010-09-18,2026-09-08T14:33:17Z,inspected,1,count,fda.inspections.history,raw/fda.inspections.history/2026/09/20260908T143317Z-f9ff402067e0.json.gz,1
fda.inspections.history,firm:3003650383,2010-09-18,2026-09-08T14:33:17Z,inspection_end,20100918,yyyymmdd,fda.inspections.history,raw/fda.inspections.history/2026/09/20260908T143317Z-f9ff402067e0.json.gz,1
fda.inspections.history,firm:3003650383,2010-09-18,2026-09-08T14:33:17Z,is_foreign,1,bool,fda.inspections.history,raw/fda.inspections.history/2026/09/20260908T143317Z-f9ff402067e0.json.gz,1
fda.inspections.history,firm:3003650383,2010-09-18,2026-09-08T14:33:17Z,is_oai,0,bool,fda.inspections.history,raw/fda.inspections.history/2026/09/20260908T143317Z-f9ff402067e0.json.gz,1
fda.inspections.history,firm:3003650383,2010-09-18,2026-09-08T14:33:17Z,label,Cohance Lifesciences Limited,,fda.inspections.history,raw/fda.inspections.history/2026/09/20260908T143317Z-f9ff402067e0.json.gz,1
fda.inspections.history,firm:3003743938,2010-09-03,2026-09-08T14:33:17Z,classification,1,ordinal,fda.inspections.history,raw/fda.inspections.history/2026/09/20260908T143317Z-f9ff402067e0.json.gz,1
fda.inspections.history,firm:3003743938,2010-09-03,2026-09-08T14:33:17Z,firm_key,ORION ORION,,fda.inspections.history,raw/fda.inspections.history/2026/09/20260908T143317Z-f9ff402067e0.json.gz,1
fda.inspections.history,firm:3003743938,2010-09-03,2026-09-08T14:33:17Z,inspected,1,count,fda.inspections.history,raw/fda.inspections.history/2026/09/20260908T143317Z-f9ff402067e0.json.gz,1
fda.inspections.history,firm:3003743938,2010-09-03,2026-09-08T14:33:17Z,inspection_end,20100903,yyyymmdd,fda.inspections.history,raw/fda.inspections.history/2026/09/20260908T143317Z-f9ff402067e0.json.gz,1
fda.inspections.history,firm:3003743938,2010-09-03,2026-09-08T14:33:17Z,is_foreign,1,bool,fda.inspections.history,raw/fda.inspections.history/2026/09/20260908T143317Z-f9ff402067e0.json.gz,1
fda.inspections.history,firm:3003743938,2010-09-03,2026-09-08T14:33:17Z,is_oai,0,bool,fda.inspections.history,raw/fda.inspections.history/2026/09/20260908T143317Z-f9ff402067e0.json.gz,1
fda.inspections.history,firm:3003743938,2010-09-03,2026-09-08T14:33:17Z,label,"Orion Corporation, Orion Pharma",,fda.inspections.history,raw/fda.inspections.history/2026/09/20260908T143317Z-f9ff402067e0.json.gz,1
fda.inspections.history,firm:3003747558,2010-09-23,2026-09-08T14:33:17Z,classification,1,ordinal,fda.inspections.history,raw/fda.inspections.history/2026/09/20260908T143317Z-f9ff402067e0.json.gz,1
fda.inspections.history,firm:3003747558,2010-09-23,2026-09-08T14:33:17Z,firm_key,ORCHID,,fda.inspections.history,raw/fda.inspections.history/2026/09/20260908T143317Z-f9ff402067e0.json.gz,1
fda.inspections.history,firm:3003747558,2010-09-23,2026-09-08T14:33:17Z,inspected,1,count,fda.inspections.history,raw/fda.inspections.history/2026/09/20260908T143317Z-f9ff402067e0.json.gz,1
fda.inspections.history,firm:3003747558,2010-09-23,2026-09-08T14:33:17Z,inspection_end,20100923,yyyymmdd,fda.inspections.history,raw/fda.inspections.history/2026/09/20260908T143317Z-f9ff402067e0.json.gz,1
fda.inspections.history,firm:3003747558,2010-09-23,2026-09-08T14:33:17Z,is_foreign,1,bool,fda.inspections.history,raw/fda.inspections.history/2026/09/20260908T143317Z-f9ff402067e0.json.gz,1
fda.inspections.history,firm:3003747558,2010-09-23,2026-09-08T14:33:17Z,is_oai,0,bool,fda.inspections.history,raw/fda.inspections.history/2026/09/20260908T143317Z-f9ff402067e0.json.gz,1
fda.inspections.history,firm:3003747558,2010-09-23,2026-09-08T14:33:17Z,label,Orchid Pharma Ltd.,,fda.inspections.history,raw/fda.inspections.history/2026/09/20260908T143317Z-f9ff402067e0.json.gz,1
fda.inspections.history,firm:3003782237,2010-09-08,2026-09-08T14:33:17Z,classification,0,ordinal,fda.inspections.history,raw/fda.inspections.history/2026/09/20260908T143317Z-f9ff402067e0.json.gz,1
fda.inspections.history,firm:3003782237,2010-09-08,2026-09-08T14:33:17Z,firm_key,HUMAN GENOME SCIENCES,,fda.inspections.history,raw/fda.inspections.history/2026/09/20260908T143317Z-f9ff402067e0.json.gz,1
fda.inspections.history,firm:3003782237,2010-09-08,2026-09-08T14:33:17Z,inspected,1,count,fda.inspections.history,raw/fda.inspections.history/2026/09/20260908T143317Z-f9ff402067e0.json.gz,1
fda.inspections.history,firm:3003782237,2010-09-08,2026-09-08T14:33:17Z,inspection_end,20100908,yyyymmdd,fda.inspections.history,raw/fda.inspections.history/2026/09/20260908T143317Z-f9ff402067e0.json.gz,1
fda.inspections.history,firm:3003782237,2010-09-08,2026-09-08T14:33:17Z,is_foreign,0,bool,fda.inspections.history,raw/fda.inspections.history/2026/09/20260908T143317Z-f9ff402067e0.json.gz,1
fda.inspections.history,firm:3003782237,2010-09-08,2026-09-08T14:33:17Z,is_oai,0,bool,fda.inspections.history,raw/fda.inspections.history/2026/09/20260908T143317Z-f9ff402067e0.json.gz,1
fda.inspections.history,firm:3003782237,2010-09-08,2026-09-08T14:33:17Z,label,Human Genome Sciences Inc,,fda.inspections.history,raw/fda.inspections.history/2026/09/20260908T143317Z-f9ff402067e0.json.gz,1
fda.inspections.history,firm:3003803144,2010-09-14,2026-09-08T14:33:17Z,classification,0,ordinal,fda.inspections.history,raw/fda.inspections.history/2026/09/20260908T143317Z-f9ff402067e0.json.gz,1
fda.inspections.history,firm:3003803144,2010-09-14,2026-09-08T14:33:17Z,firm_key,MAVERICK OXYGEN AND RESPIRATORY EQUIPMENT,,fda.inspections.history,raw/fda.inspections.history/2026/09/20260908T143317Z-f9ff402067e0.json.gz,1
fda.inspections.history,firm:3003803144,2010-09-14,2026-09-08T14:33:17Z,inspected,1,count,fda.inspections.history,raw/fda.inspections.history/2026/09/20260908T143317Z-f9ff402067e0.json.gz,1
fda.inspections.history,firm:3003803144,2010-09-14,2026-09-08T14:33:17Z,inspection_end,20100914,yyyymmdd,fda.inspections.history,raw/fda.inspections.history/2026/09/20260908T143317Z-f9ff402067e0.json.gz,1
fda.inspections.history,firm:3003803144,2010-09-14,2026-09-08T14:33:17Z,is_foreign,0,bool,fda.inspections.history,raw/fda.inspections.history/2026/09/20260908T143317Z-f9ff402067e0.json.gz,1
fda.inspections.history,firm:3003803144,2010-09-14,2026-09-08T14:33:17Z,is_oai,0,bool,fda.inspections.history,raw/fda.inspections.history/2026/09/20260908T143317Z-f9ff402067e0.json.gz,1
fda.inspections.history,firm:3003803144,2010-09-14,2026-09-08T14:33:17Z,label,Maverick Oxygen and Respiratory Equipment LLC,,fda.inspections.history,raw/fda.inspections.history/2026/09/20260908T143317Z-f9ff402067e0.json.gz,1
fda.inspections.history,firm:3003815957,2010-09-07,2026-09-08T14:33:17Z,classification,1,ordinal,fda.inspections.history,raw/fda.inspections.history/2026/09/20260908T143317Z-f9ff402067e0.json.gz,1
fda.inspections.history,firm:3003815957,2010-09-07,2026-09-08T14:33:17Z,firm_key,NEW SPIRIT NATURALS,,fda.inspections.history,raw/fda.inspections.history/2026/09/20260908T143317Z-f9ff402067e0.json.gz,1
fda.inspections.history,firm:3003815957,2010-09-07,2026-09-08T14:33:17Z,inspected,1,count,fda.inspections.history,raw/fda.inspections.history/2026/09/20260908T143317Z-f9ff402067e0.json.gz,1
fda.inspections.history,firm:3003815957,2010-09-07,2026-09-08T14:33:17Z,inspection_end,20100907,yyyymmdd,fda.inspections.history,raw/fda.inspections.history/2026/09/20260908T143317Z-f9ff402067e0.json.gz,1
fda.inspections.history,firm:3003815957,2010-09-07,2026-09-08T14:33:17Z,is_foreign,0,bool,fda.inspections.history,raw/fda.inspections.history/2026/09/20260908T143317Z-f9ff402067e0.json.gz,1
fda.inspections.history,firm:3003815957,2010-09-07,2026-09-08T14:33:17Z,is_oai,0,bool,fda.inspections.history,raw/fda.inspections.history/2026/09/20260908T143317Z-f9ff402067e0.json.gz,1
fda.inspections.history,firm:3003815957,2010-09-07,2026-09-08T14:33:17Z,label,New Spirit Naturals Inc.,,fda.inspections.history,raw/fda.inspections.history/2026/09/20260908T143317Z-f9ff402067e0.json.gz,1
fda.inspections.history,firm:3003882011,2010-09-09,2026-09-08T14:33:17Z,classification,0,ordinal,fda.inspections.history,raw/fda.inspections.history/2026/09/20260908T143317Z-f9ff402067e0.json.gz,1
fda.inspections.history,firm:3003882011,2010-09-09,2026-09-08T14:33:17Z,firm_key,QUOTIENT SCIENCES PHILADELPHIA,,fda.inspections.history,raw/fda.inspections.history/2026/09/20260908T143317Z-f9ff402067e0.json.gz,1
fda.inspections.history,firm:3003882011,2010-09-09,2026-09-08T14:33:17Z,inspected,1,count,fda.inspections.history,raw/fda.inspections.history/2026/09/20260908T143317Z-f9ff402067e0.json.gz,1
fda.inspections.history,firm:3003882011,2010-09-09,2026-09-08T14:33:17Z,inspection_end,20100909,yyyymmdd,fda.inspections.history,raw/fda.inspections.history/2026/09/20260908T143317Z-f9ff402067e0.json.gz,1
fda.inspections.history,firm:3003882011,2010-09-09,2026-09-08T14:33:17Z,is_foreign,0,bool,fda.inspections.history,raw/fda.inspections.history/2026/09/20260908T143317Z-f9ff402067e0.json.gz,1
fda.inspections.history,firm:3003882011,2010-09-09,2026-09-08T14:33:17Z,is_oai,0,bool,fda.inspections.history,raw/fda.inspections.history/2026/09/20260908T143317Z-f9ff402067e0.json.gz,1
fda.inspections.history,firm:3003882011,2010-09-09,2026-09-08T14:33:17Z,label,"Quotient Sciences - Philadelphia, LLC",,fda.inspections.history,raw/fda.inspections.history/2026/09/20260908T143317Z-f9ff402067e0.json.gz,1
fda.inspections.history,firm:3003885745,2010-09-08,2026-09-08T14:33:17Z,classification,0,ordinal,fda.inspections.history,raw/fda.inspections.history/2026/09/20260908T143317Z-f9ff402067e0.json.gz,1
fda.inspections.history,firm:3003885745,2010-09-08,2026-09-08T14:33:17Z,firm_key,ZHEJIANG HUAHAI,,fda.inspections.history,raw/fda.inspections.history/2026/09/20260908T143317Z-f9ff402067e0.json.gz,1
fda.inspections.history,firm:3003885745,2010-09-08,2026-09-08T14:33:17Z,inspected,1,count,fda.inspections.history,raw/fda.inspections.history/2026/09/20260908T143317Z-f9ff402067e0.json.gz,1
fda.inspections.history,firm:3003885745,2010-09-08,2026-09-08T14:33:17Z,inspection_end,20100908,yyyymmdd,fda.inspections.history,raw/fda.inspections.history/2026/09/20260908T143317Z-f9ff402067e0.json.gz,1
fda.inspections.history,firm:3003885745,2010-09-08,2026-09-08T14:33:17Z,is_foreign,1,bool,fda.inspections.history,raw/fda.inspections.history/2026/09/20260908T143317Z-f9ff402067e0.json.gz,1
fda.inspections.history,firm:3003885745,2010-09-08,2026-09-08T14:33:17Z,is_oai,0,bool,fda.inspections.history,raw/fda.inspections.history/2026/09/20260908T143317Z-f9ff402067e0.json.gz,1
fda.inspections.history,firm:3003885745,2010-09-08,2026-09-08T14:33:17Z,label,Zhejiang Huahai Pharmaceutical,,fda.inspections.history,raw/fda.inspections.history/2026/09/20260908T143317Z-f9ff402067e0.json.gz,1
fda.inspections.history,firm:3003912376,2010-09-21,2026-09-08T14:33:17Z,classification,0,ordinal,fda.inspections.history,raw/fda.inspections.history/2026/09/20260908T143317Z-f9ff402067e0.json.gz,1
fda.inspections.history,firm:3003912376,2010-09-21,2026-09-08T14:33:17Z,firm_key,ROTECH HEALTHCARE,,fda.inspections.history,raw/fda.inspections.history/2026/09/20260908T143317Z-f9ff402067e0.json.gz,1
fda.inspections.history,firm:3003912376,2010-09-21,2026-09-08T14:33:17Z,inspected,1,count,fda.inspections.history,raw/fda.inspections.history/2026/09/20260908T143317Z-f9ff402067e0.json.gz,1
fda.inspections.history,firm:3003912376,2010-09-21,2026-09-08T14:33:17Z,inspection_end,20100921,yyyymmdd,fda.inspections.history,raw/fda.inspections.history/2026/09/20260908T143317Z-f9ff402067e0.json.gz,1
fda.inspections.history,firm:3003912376,2010-09-21,2026-09-08T14:33:17Z,is_foreign,0,bool,fda.inspections.history,raw/fda.inspections.history/2026/09/20260908T143317Z-f9ff402067e0.json.gz,1
fda.inspections.history,firm:3003912376,2010-09-21,2026-09-08T14:33:17Z,is_oai,0,bool,fda.inspections.history,raw/fda.inspections.history/2026/09/20260908T143317Z-f9ff402067e0.json.gz,1
fda.inspections.history,firm:3003912376,2010-09-21,2026-09-08T14:33:17Z,label,"Rotech Healthcare, Inc",,fda.inspections.history,raw/fda.inspections.history/2026/09/20260908T143317Z-f9ff402067e0.json.gz,1
fda.inspections.history,firm:3003926105,2010-09-30,2026-09-08T14:33:17Z,classification,1,ordinal,fda.inspections.history,raw/fda.inspections.history/2026/09/20260908T143317Z-f9ff402067e0.json.gz,1
fda.inspections.history,firm:3003926105,2010-09-30,2026-09-08T14:33:17Z,firm_key,KOBO PRODUCTS,,fda.inspections.history,raw/fda.inspections.history/2026/09/20260908T143317Z-f9ff402067e0.json.gz,1
fda.inspections.history,firm:3003926105,2010-09-30,2026-09-08T14:33:17Z,inspected,1,count,fda.inspections.history,raw/fda.inspections.history/2026/09/20260908T143317Z-f9ff402067e0.json.gz,1
fda.inspections.history,firm:3003926105,2010-09-30,2026-09-08T14:33:17Z,inspection_end,20100930,yyyymmdd,fda.inspections.history,raw/fda.inspections.history/2026/09/20260908T143317Z-f9ff402067e0.json.gz,1
fda.inspections.history,firm:3003926105,2010-09-30,2026-09-08T14:33:17Z,is_foreign,0,bool,fda.inspections.history,raw/fda.inspections.history/2026/09/20260908T143317Z-f9ff402067e0.json.gz,1
fda.inspections.history,firm:3003926105,2010-09-30,2026-09-08T14:33:17Z,is_oai,0,bool,fda.inspections.history,raw/fda.inspections.history/2026/09/20260908T143317Z-f9ff402067e0.json.gz,1
fda.inspections.history,firm:3003926105,2010-09-30,2026-09-08T14:33:17Z,label,"Kobo Products, Inc",,fda.inspections.history,raw/fda.inspections.history/2026/09/20260908T143317Z-f9ff402067e0.json.gz,1
fda.inspections.history,firm:3003989770,2010-09-03,2026-09-08T14:33:17Z,classification,0,ordinal,fda.inspections.history,raw/fda.inspections.history/2026/09/20260908T143317Z-f9ff402067e0.json.gz,1
fda.inspections.history,firm:3003989770,2010-09-03,2026-09-08T14:33:17Z,firm_key,COBALT,,fda.inspections.history,raw/fda.inspections.history/2026/09/20260908T143317Z-f9ff402067e0.json.gz,1
fda.inspections.history,firm:3003989770,2010-09-03,2026-09-08T14:33:17Z,inspected,1,count,fda.inspections.history,raw/fda.inspections.history/2026/09/20260908T143317Z-f9ff402067e0.json.gz,1
fda.inspections.history,firm:3003989770,2010-09-03,2026-09-08T14:33:17Z,inspection_end,20100903,yyyymmdd,fda.inspections.history,raw/fda.inspections.history/2026/09/20260908T143317Z-f9ff402067e0.json.gz,1
fda.inspections.history,firm:3003989770,2010-09-03,2026-09-08T14:33:17Z,is_foreign,1,bool,fda.inspections.history,raw/fda.inspections.history/2026/09/20260908T143317Z-f9ff402067e0.json.gz,1
fda.inspections.history,firm:3003989770,2010-09-03,2026-09-08T14:33:17Z,is_oai,0,bool,fda.inspections.history,raw/fda.inspections.history/2026/09/20260908T143317Z-f9ff402067e0.json.gz,1
fda.inspections.history,firm:3003989770,2010-09-03,2026-09-08T14:33:17Z,label,"Cobalt Pharmaceuticals, Inc.",,fda.inspections.history,raw/fda.inspections.history/2026/09/20260908T143317Z-f9ff402067e0.json.gz,1
fda.inspections.history,firm:3003999190,2010-09-02,2026-09-08T14:33:17Z,classification,0,ordinal,fda.inspections.history,raw/fda.inspections.history/2026/09/20260908T143317Z-f9ff402067e0.json.gz,1
fda.inspections.history,firm:3003999190,2010-09-02,2026-09-08T14:33:17Z,firm_key,ZHEJIANG HUAHAI,,fda.inspections.history,raw/fda.inspections.history/2026/09/20260908T143317Z-f9ff402067e0.json.gz,1
fda.inspections.history,firm:3003999190,2010-09-02,2026-09-08T14:33:17Z,inspected,1,count,fda.inspections.history,raw/fda.inspections.history/2026/09/20260908T143317Z-f9ff402067e0.json.gz,1
fda.inspections.history,firm:3003999190,2010-09-02,2026-09-08T14:33:17Z,inspection_end,20100902,yyyymmdd,fda.inspections.history,raw/fda.inspections.history/2026/09/20260908T143317Z-f9ff402067e0.json.gz,1
fda.inspections.history,firm:3003999190,2010-09-02,2026-09-08T14:33:17Z,is_foreign,1,bool,fda.inspections.history,raw/fda.inspections.history/2026/09/20260908T143317Z-f9ff402067e0.json.gz,1
fda.inspections.history,firm:3003999190,2010-09-02,2026-09-08T14:33:17Z,is_oai,0,bool,fda.inspections.history,raw/fda.inspections.history/2026/09/20260908T143317Z-f9ff402067e0.json.gz,1
fda.inspections.history,firm:3003999190,2010-09-02,2026-09-08T14:33:17Z,label,"Zhejiang Huahai Pharmaceutical Co., Ltd.",,fda.inspections.history,raw/fda.inspections.history/2026/09/20260908T143317Z-f9ff402067e0.json.gz,1
fda.inspections.history,firm:3004021229,2010-09-24,2026-09-08T14:33:17Z,classification,2,ordinal,fda.inspections.history,raw/fda.inspections.history/2026/09/20260908T143317Z-f9ff402067e0.json.gz,1
fda.inspections.history,firm:3004021229,2010-09-24,2026-09-08T14:33:17Z,firm_key,AUROBINDO,,fda.inspections.history,raw/fda.inspections.history/2026/09/20260908T143317Z-f9ff402067e0.json.gz,1
fda.inspections.history,firm:3004021229,2010-09-24,2026-09-08T14:33:17Z,inspected,1,count,fda.inspections.history,raw/fda.inspections.history/2026/09/20260908T143317Z-f9ff402067e0.json.gz,1
fda.inspections.history,firm:3004021229,2010-09-24,2026-09-08T14:33:17Z,inspection_end,20100924,yyyymmdd,fda.inspections.history,raw/fda.inspections.history/2026/09/20260908T143317Z-f9ff402067e0.json.gz,1
fda.inspections.history,firm:3004021229,2010-09-24,2026-09-08T14:33:17Z,is_foreign,1,bool,fda.inspections.history,raw/fda.inspections.history/2026/09/20260908T143317Z-f9ff402067e0.json.gz,1
fda.inspections.history,firm:3004021229,2010-09-24,2026-09-08T14:33:17Z,is_oai,1,bool,fda.inspections.history,raw/fda.inspections.history/2026/09/20260908T143317Z-f9ff402067e0.json.gz,1
fda.inspections.history,firm:3004021229,2010-09-24,2026-09-08T14:33:17Z,label,Aurobindo Pharma Ltd,,fda.inspections.history,raw/fda.inspections.history/2026/09/20260908T143317Z-f9ff402067e0.json.gz,1
fda.inspections.history,firm:3004034796,2010-09-17,2026-09-08T14:33:17Z,classification,2,ordinal,fda.inspections.history,raw/fda.inspections.history/2026/09/20260908T143317Z-f9ff402067e0.json.gz,1
fda.inspections.history,firm:3004034796,2010-09-17,2026-09-08T14:33:17Z,firm_key,DELTA,,fda.inspections.history,raw/fda.inspections.history/2026/09/20260908T143317Z-f9ff402067e0.json.gz,1
fda.inspections.history,firm:3004034796,2010-09-17,2026-09-08T14:33:17Z,inspected,1,count,fda.inspections.history,raw/fda.inspections.history/2026/09/20260908T143317Z-f9ff402067e0.json.gz,1
fda.inspections.history,firm:3004034796,2010-09-17,2026-09-08T14:33:17Z,inspection_end,20100917,yyyymmdd,fda.inspections.history,raw/fda.inspections.history/2026/09/20260908T143317Z-f9ff402067e0.json.gz,1
fda.inspections.history,firm:3004034796,2010-09-17,2026-09-08T14:33:17Z,is_foreign,0,bool,fda.inspections.history,raw/fda.inspections.history/2026/09/20260908T143317Z-f9ff402067e0.json.gz,1
fda.inspections.history,firm:3004034796,2010-09-17,2026-09-08T14:33:17Z,is_oai,1,bool,fda.inspections.history,raw/fda.inspections.history/2026/09/20260908T143317Z-f9ff402067e0.json.gz,1
fda.inspections.history,firm:3004034796,2010-09-17,2026-09-08T14:33:17Z,label,"Delta Pharma, Inc.",,fda.inspections.history,raw/fda.inspections.history/2026/09/20260908T143317Z-f9ff402067e0.json.gz,1
fda.inspections.history,firm:3004044928,2010-09-27,2026-09-08T14:33:17Z,classification,1,ordinal,fda.inspections.history,raw/fda.inspections.history/2026/09/20260908T143317Z-f9ff402067e0.json.gz,1
fda.inspections.history,firm:3004044928,2010-09-27,2026-09-08T14:33:17Z,firm_key,RX TRADING DBA RX DRUG SERVICES,,fda.inspections.history,raw/fda.inspections.history/2026/09/20260908T143317Z-f9ff402067e0.json.gz,1
fda.inspections.history,firm:3004044928,2010-09-27,2026-09-08T14:33:17Z,inspected,1,count,fda.inspections.history,raw/fda.inspections.history/2026/09/20260908T143317Z-f9ff402067e0.json.gz,1
fda.inspections.history,firm:3004044928,2010-09-27,2026-09-08T14:33:17Z,inspection_end,20100927,yyyymmdd,fda.inspections.history,raw/fda.inspections.history/2026/09/20260908T143317Z-f9ff402067e0.json.gz,1
fda.inspections.history,firm:3004044928,2010-09-27,2026-09-08T14:33:17Z,is_foreign,0,bool,fda.inspections.history,raw/fda.inspections.history/2026/09/20260908T143317Z-f9ff402067e0.json.gz,1
fda.inspections.history,firm:3004044928,2010-09-27,2026-09-08T14:33:17Z,is_oai,0,bool,fda.inspections.history,raw/fda.inspections.history/2026/09/20260908T143317Z-f9ff402067e0.json.gz,1
fda.inspections.history,firm:3004044928,2010-09-27,2026-09-08T14:33:17Z,label,Rx Trading Corp. (dba Rx Drug Services),,fda.inspections.history,raw/fda.inspections.history/2026/09/20260908T143317Z-f9ff402067e0.json.gz,1
fda.inspections.history,firm:3004079658,2010-09-15,2026-09-08T14:33:17Z,classification,1,ordinal,fda.inspections.history,raw/fda.inspections.history/2026/09/20260908T143317Z-f9ff402067e0.json.gz,1
fda.inspections.history,firm:3004079658,2010-09-15,2026-09-08T14:33:17Z,firm_key,GREEN,,fda.inspections.history,raw/fda.inspections.history/2026/09/20260908T143317Z-f9ff402067e0.json.gz,1
fda.inspections.history,firm:3004079658,2010-09-15,2026-09-08T14:33:17Z,inspected,1,count,fda.inspections.history,raw/fda.inspections.history/2026/09/20260908T143317Z-f9ff402067e0.json.gz,1
fda.inspections.history,firm:3004079658,2010-09-15,2026-09-08T14:33:17Z,inspection_end,20100915,yyyymmdd,fda.inspections.history,raw/fda.inspections.history/2026/09/20260908T143317Z-f9ff402067e0.json.gz,1
fda.inspections.history,firm:3004079658,2010-09-15,2026-09-08T14:33:17Z,is_foreign,0,bool,fda.inspections.history,raw/fda.inspections.history/2026/09/20260908T143317Z-f9ff402067e0.json.gz,1
fda.inspections.history,firm:3004079658,2010-09-15,2026-09-08T14:33:17Z,is_oai,0,bool,fda.inspections.history,raw/fda.inspections.history/2026/09/20260908T143317Z-f9ff402067e0.json.gz,1
fda.inspections.history,firm:3004079658,2010-09-15,2026-09-08T14:33:17Z,label,"Green Pharmaceuticals, Inc.",,fda.inspections.history,raw/fda.inspections.history/2026/09/20260908T143317Z-f9ff402067e0.json.gz,1
fda.inspections.history,firm:3004090742,2010-09-09,2026-09-08T14:33:17Z,classification,1,ordinal,fda.inspections.history,raw/fda.inspections.history/2026/09/20260908T143317Z-f9ff402067e0.json.gz,1
fda.inspections.history,firm:3004090742,2010-09-09,2026-09-08T14:33:17Z,firm_key,ZHEJIANG CHENG YI,,fda.inspections.history,raw/fda.inspections.history/2026/09/20260908T143317Z-f9ff402067e0.json.gz,1
fda.inspections.history,firm:3004090742,2010-09-09,2026-09-08T14:33:17Z,inspected,1,count,fda.inspections.history,raw/fda.inspections.history/2026/09/20260908T143317Z-f9ff402067e0.json.gz,1
fda.inspections.history,firm:3004090742,2010-09-09,2026-09-08T14:33:17Z,inspection_end,20100909,yyyymmdd,fda.inspections.history,raw/fda.inspections.history/2026/09/20260908T143317Z-f9ff402067e0.json.gz,1
fda.inspections.history,firm:3004090742,2010-09-09,2026-09-08T14:33:17Z,is_foreign,1,bool,fda.inspections.history,raw/fda.inspections.history/2026/09/20260908T143317Z-f9ff402067e0.json.gz,1
fda.inspections.history,firm:3004090742,2010-09-09,2026-09-08T14:33:17Z,is_oai,0,bool,fda.inspections.history,raw/fda.inspections.history/2026/09/20260908T143317Z-f9ff402067e0.json.gz,1
fda.inspections.history,firm:3004090742,2010-09-09,2026-09-08T14:33:17Z,label,"Zhejiang Cheng Yi Pharmaceutical Co., Ltd.",,fda.inspections.history,raw/fda.inspections.history/2026/09/20260908T143317Z-f9ff402067e0.json.gz,1
fda.inspections.history,firm:3004106442,2010-09-29,2026-09-08T14:33:17Z,classification,0,ordinal,fda.inspections.history,raw/fda.inspections.history/2026/09/20260908T143317Z-f9ff402067e0.json.gz,1
fda.inspections.history,firm:3004106442,2010-09-29,2026-09-08T14:33:17Z,firm_key,BORA,,fda.inspections.history,raw/fda.inspections.history/2026/09/20260908T143317Z-f9ff402067e0.json.gz,1
fda.inspections.history,firm:3004106442,2010-09-29,2026-09-08T14:33:17Z,inspected,1,count,fda.inspections.history,raw/fda.inspections.history/2026/09/20260908T143317Z-f9ff402067e0.json.gz,1
fda.inspections.history,firm:3004106442,2010-09-29,2026-09-08T14:33:17Z,inspection_end,20100929,yyyymmdd,fda.inspections.history,raw/fda.inspections.history/2026/09/20260908T143317Z-f9ff402067e0.json.gz,1
fda.inspections.history,firm:3004106442,2010-09-29,2026-09-08T14:33:17Z,is_foreign,0,bool,fda.inspections.history,raw/fda.inspections.history/2026/09/20260908T143317Z-f9ff402067e0.json.gz,1
fda.inspections.history,firm:3004106442,2010-09-29,2026-09-08T14:33:17Z,is_oai,0,bool,fda.inspections.history,raw/fda.inspections.history/2026/09/20260908T143317Z-f9ff402067e0.json.gz,1
fda.inspections.history,firm:3004106442,2010-09-29,2026-09-08T14:33:17Z,label,Bora Pharmaceuticals Inc.,,fda.inspections.history,raw/fda.inspections.history/2026/09/20260908T143317Z-f9ff402067e0.json.gz,1
fda.inspections.history,firm:3004206161,2010-09-20,2026-09-08T14:33:17Z,classification,0,ordinal,fda.inspections.history,raw/fda.inspections.history/2026/09/20260908T143317Z-f9ff402067e0.json.gz,1
fda.inspections.history,firm:3004206161,2010-09-20,2026-09-08T14:33:17Z,firm_key,O DAY STEVEN J M D,,fda.inspections.history,raw/fda.inspections.history/2026/09/20260908T143317Z-f9ff402067e0.json.gz,1
fda.inspections.history,firm:3004206161,2010-09-20,2026-09-08T14:33:17Z,inspected,1,count,fda.inspections.history,raw/fda.inspections.history/2026/09/20260908T143317Z-f9ff402067e0.json.gz,1
fda.inspections.history,firm:3004206161,2010-09-20,2026-09-08T14:33:17Z,inspection_end,20100920,yyyymmdd,fda.inspections.history,raw/fda.inspections.history/2026/09/20260908T143317Z-f9ff402067e0.json.gz,1
fda.inspections.history,firm:3004206161,2010-09-20,2026-09-08T14:33:17Z,is_foreign,0,bool,fda.inspections.history,raw/fda.inspections.history/2026/09/20260908T143317Z-f9ff402067e0.json.gz,1
fda.inspections.history,firm:3004206161,2010-09-20,2026-09-08T14:33:17Z,is_oai,0,bool,fda.inspections.history,raw/fda.inspections.history/2026/09/20260908T143317Z-f9ff402067e0.json.gz,1
fda.inspections.history,firm:3004206161,2010-09-20,2026-09-08T14:33:17Z,label,"O'Day, Steven J., M.D.",,fda.inspections.history,raw/fda.inspections.history/2026/09/20260908T143317Z-f9ff402067e0.json.gz,1
fda.inspections.history,firm:3004408187,2010-09-17,2026-09-08T14:33:17Z,classification,0,ordinal,fda.inspections.history,raw/fda.inspections.history/2026/09/20260908T143317Z-f9ff402067e0.json.gz,1
fda.inspections.history,firm:3004408187,2010-09-17,2026-09-08T14:33:17Z,firm_key,MEDA,,fda.inspections.history,raw/fda.inspections.history/2026/09/20260908T143317Z-f9ff402067e0.json.gz,1
fda.inspections.history,firm:3004408187,2010-09-17,2026-09-08T14:33:17Z,inspected,1,count,fda.inspections.history,raw/fda.inspections.history/2026/09/20260908T143317Z-f9ff402067e0.json.gz,1
fda.inspections.history,firm:3004408187,2010-09-17,2026-09-08T14:33:17Z,inspection_end,20100917,yyyymmdd,fda.inspections.history,raw/fda.inspections.history/2026/09/20260908T143317Z-f9ff402067e0.json.gz,1
fda.inspections.history,firm:3004408187,2010-09-17,2026-09-08T14:33:17Z,is_foreign,0,bool,fda.inspections.history,raw/fda.inspections.history/2026/09/20260908T143317Z-f9ff402067e0.json.gz,1
fda.inspections.history,firm:3004408187,2010-09-17,2026-09-08T14:33:17Z,is_oai,0,bool,fda.inspections.history,raw/fda.inspections.history/2026/09/20260908T143317Z-f9ff402067e0.json.gz,1
fda.inspections.history,firm:3004408187,2010-09-17,2026-09-08T14:33:17Z,label,Meda Pharmaceuticals Inc.,,fda.inspections.history,raw/fda.inspections.history/2026/09/20260908T143317Z-f9ff402067e0.json.gz,1
fda.inspections.history,firm:3004446312,2010-09-17,2026-09-08T14:33:17Z,classification,1,ordinal,fda.inspections.history,raw/fda.inspections.history/2026/09/20260908T143317Z-f9ff402067e0.json.gz,1
fda.inspections.history,firm:3004446312,2010-09-17,2026-09-08T14:33:17Z,firm_key,AUROBINDO,,fda.inspections.history,raw/fda.inspections.history/2026/09/20260908T143317Z-f9ff402067e0.json.gz,1
fda.inspections.history,firm:3004446312,2010-09-17,2026-09-08T14:33:17Z,inspected,1,count,fda.inspections.history,raw/fda.inspections.history/2026/09/20260908T143317Z-f9ff402067e0.json.gz,1
fda.inspections.history,firm:3004446312,2010-09-17,2026-09-08T14:33:17Z,inspection_end,20100917,yyyymmdd,fda.inspections.history,raw/fda.inspections.history/2026/09/20260908T143317Z-f9ff402067e0.json.gz,1
fda.inspections.history,firm:3004446312,2010-09-17,2026-09-08T14:33:17Z,is_foreign,1,bool,fda.inspections.history,raw/fda.inspections.history/2026/09/20260908T143317Z-f9ff402067e0.json.gz,1
fda.inspections.history,firm:3004446312,2010-09-17,2026-09-08T14:33:17Z,is_oai,0,bool,fda.inspections.history,raw/fda.inspections.history/2026/09/20260908T143317Z-f9ff402067e0.json.gz,1
fda.inspections.history,firm:3004446312,2010-09-17,2026-09-08T14:33:17Z,label,Aurobindo Pharma Limited,,fda.inspections.history,raw/fda.inspections.history/2026/09/20260908T143317Z-f9ff402067e0.json.gz,1
fda.inspections.history,firm:3004499992,2010-09-24,2026-09-08T14:33:17Z,classification,1,ordinal,fda.inspections.history,raw/fda.inspections.history/2026/09/20260908T143317Z-f9ff402067e0.json.gz,1
fda.inspections.history,firm:3004499992,2010-09-24,2026-09-08T14:33:17Z,firm_key,DECHRA,,fda.inspections.history,raw/fda.inspections.history/2026/09/20260908T143317Z-f9ff402067e0.json.gz,1
fda.inspections.history,firm:3004499992,2010-09-24,2026-09-08T14:33:17Z,inspected,1,count,fda.inspections.history,raw/fda.inspections.history/2026/09/20260908T143317Z-f9ff402067e0.json.gz,1
fda.inspections.history,firm:3004499992,2010-09-24,2026-09-08T14:33:17Z,inspection_end,20100924,yyyymmdd,fda.inspections.history,raw/fda.inspections.history/2026/09/20260908T143317Z-f9ff402067e0.json.gz,1
fda.inspections.history,firm:3004499992,2010-09-24,2026-09-08T14:33:17Z,is_foreign,1,bool,fda.inspections.history,raw/fda.inspections.history/2026/09/20260908T143317Z-f9ff402067e0.json.gz,1
fda.inspections.history,firm:3004499992,2010-09-24,2026-09-08T14:33:17Z,is_oai,0,bool,fda.inspections.history,raw/fda.inspections.history/2026/09/20260908T143317Z-f9ff402067e0.json.gz,1
fda.inspections.history,firm:3004499992,2010-09-24,2026-09-08T14:33:17Z,label,Dechra Ltd,,fda.inspections.history,raw/fda.inspections.history/2026/09/20260908T143317Z-f9ff402067e0.json.gz,1
fda.inspections.history,firm:3004525072,2010-09-15,2026-09-08T14:33:17Z,classification,0,ordinal,fda.inspections.history,raw/fda.inspections.history/2026/09/20260908T143317Z-f9ff402067e0.json.gz,1
fda.inspections.history,firm:3004525072,2010-09-15,2026-09-08T14:33:17Z,firm_key,LILLY DEL CARIBE,,fda.inspections.history,raw/fda.inspections.history/2026/09/20260908T143317Z-f9ff402067e0.json.gz,1
fda.inspections.history,firm:3004525072,2010-09-15,2026-09-08T14:33:17Z,inspected,1,count,fda.inspections.history,raw/fda.inspections.history/2026/09/20260908T143317Z-f9ff402067e0.json.gz,1
fda.inspections.history,firm:3004525072,2010-09-15,2026-09-08T14:33:17Z,inspection_end,20100915,yyyymmdd,fda.inspections.history,raw/fda.inspections.history/2026/09/20260908T143317Z-f9ff402067e0.json.gz,1
fda.inspections.history,firm:3004525072,2010-09-15,2026-09-08T14:33:17Z,is_foreign,0,bool,fda.inspections.history,raw/fda.inspections.history/2026/09/20260908T143317Z-f9ff402067e0.json.gz,1
fda.inspections.history,firm:3004525072,2010-09-15,2026-09-08T14:33:17Z,is_oai,0,bool,fda.inspections.history,raw/fda.inspections.history/2026/09/20260908T143317Z-f9ff402067e0.json.gz,1
fda.inspections.history,firm:3004525072,2010-09-15,2026-09-08T14:33:17Z,label,"Lilly del Caribe, Inc.",,fda.inspections.history,raw/fda.inspections.history/2026/09/20260908T143317Z-f9ff402067e0.json.gz,1
fda.inspections.history,firm:3004542945,2010-09-01,2026-09-08T14:33:17Z,classification,0,ordinal,fda.inspections.history,raw/fda.inspections.history/2026/09/20260908T143317Z-f9ff402067e0.json.gz,1
fda.inspections.history,firm:3004542945,2010-09-01,2026-09-08T14:33:17Z,firm_key,FUJIFILM ULTRA PURE SOLUTIONS,,fda.inspections.history,raw/fda.inspections.history/2026/09/20260908T143317Z-f9ff402067e0.json.gz,1
fda.inspections.history,firm:3004542945,2010-09-01,2026-09-08T14:33:17Z,inspected,1,count,fda.inspections.history,raw/fda.inspections.history/2026/09/20260908T143317Z-f9ff402067e0.json.gz,1
fda.inspections.history,firm:3004542945,2010-09-01,2026-09-08T14:33:17Z,inspection_end,20100901,yyyymmdd,fda.inspections.history,raw/fda.inspections.history/2026/09/20260908T143317Z-f9ff402067e0.json.gz,1
fda.inspections.history,firm:3004542945,2010-09-01,2026-09-08T14:33:17Z,is_foreign,0,bool,fda.inspections.history,raw/fda.inspections.history/2026/09/20260908T143317Z-f9ff402067e0.json.gz,1
fda.inspections.history,firm:3004542945,2010-09-01,2026-09-08T14:33:17Z,is_oai,0,bool,fda.inspections.history,raw/fda.inspections.history/2026/09/20260908T143317Z-f9ff402067e0.json.gz,1
fda.inspections.history,firm:3004542945,2010-09-01,2026-09-08T14:33:17Z,label,"FujiFilm Ultra Pure Solutions, Inc.",,fda.inspections.history,raw/fda.inspections.history/2026/09/20260908T143317Z-f9ff402067e0.json.gz,1
fda.inspections.history,firm:3004664162,2010-09-24,2026-09-08T14:33:17Z,classification,1,ordinal,fda.inspections.history,raw/fda.inspections.history/2026/09/20260908T143317Z-f9ff402067e0.json.gz,1
fda.inspections.history,firm:3004664162,2010-09-24,2026-09-08T14:33:17Z,firm_key,TAKEDA,,fda.inspections.history,raw/fda.inspections.history/2026/09/20260908T143317Z-f9ff402067e0.json.gz,1
fda.inspections.history,firm:3004664162,2010-09-24,2026-09-08T14:33:17Z,inspected,1,count,fda.inspections.history,raw/fda.inspections.history/2026/09/20260908T143317Z-f9ff402067e0.json.gz,1
fda.inspections.history,firm:3004664162,2010-09-24,2026-09-08T14:33:17Z,inspection_end,20100924,yyyymmdd,fda.inspections.history,raw/fda.inspections.history/2026/09/20260908T143317Z-f9ff402067e0.json.gz,1
fda.inspections.history,firm:3004664162,2010-09-24,2026-09-08T14:33:17Z,is_foreign,1,bool,fda.inspections.history,raw/fda.inspections.history/2026/09/20260908T143317Z-f9ff402067e0.json.gz,1
fda.inspections.history,firm:3004664162,2010-09-24,2026-09-08T14:33:17Z,is_oai,0,bool,fda.inspections.history,raw/fda.inspections.history/2026/09/20260908T143317Z-f9ff402067e0.json.gz,1
fda.inspections.history,firm:3004664162,2010-09-24,2026-09-08T14:33:17Z,label,Takeda Pharmaceutical Company Limited,,fda.inspections.history,raw/fda.inspections.history/2026/09/20260908T143317Z-f9ff402067e0.json.gz,1
fda.inspections.history,firm:3004671253,2010-09-28,2026-09-08T14:33:17Z,classification,0,ordinal,fda.inspections.history,raw/fda.inspections.history/2026/09/20260908T143317Z-f9ff402067e0.json.gz,1
fda.inspections.history,firm:3004671253,2010-09-28,2026-09-08T14:33:17Z,firm_key,J M BLANCO,,fda.inspections.history,raw/fda.inspections.history/2026/09/20260908T143317Z-f9ff402067e0.json.gz,1
fda.inspections.history,firm:3004671253,2010-09-28,2026-09-08T14:33:17Z,inspected,1,count,fda.inspections.history,raw/fda.inspections.history/2026/09/20260908T143317Z-f9ff402067e0.json.gz,1
fda.inspections.history,firm:3004671253,2010-09-28,2026-09-08T14:33:17Z,inspection_end,20100928,yyyymmdd,fda.inspections.history,raw/fda.inspections.history/2026/09/20260908T143317Z-f9ff402067e0.json.gz,1
fda.inspections.history,firm:3004671253,2010-09-28,2026-09-08T14:33:17Z,is_foreign,0,bool,fda.inspections.history,raw/fda.inspections.history/2026/09/20260908T143317Z-f9ff402067e0.json.gz,1
fda.inspections.history,firm:3004671253,2010-09-28,2026-09-08T14:33:17Z,is_oai,0,bool,fda.inspections.history,raw/fda.inspections.history/2026/09/20260908T143317Z-f9ff402067e0.json.gz,1
fda.inspections.history,firm:3004671253,2010-09-28,2026-09-08T14:33:17Z,label,"J. M. Blanco, Inc.",,fda.inspections.history,raw/fda.inspections.history/2026/09/20260908T143317Z-f9ff402067e0.json.gz,1
fda.inspections.history,firm:3004771217,2010-09-16,2026-09-08T14:33:17Z,classification,0,ordinal,fda.inspections.history,raw/fda.inspections.history/2026/09/20260908T143317Z-f9ff402067e0.json.gz,1
fda.inspections.history,firm:3004771217,2010-09-16,2026-09-08T14:33:17Z,firm_key,CARDINAL HEALTH 414,,fda.inspections.history,raw/fda.inspections.history/2026/09/20260908T143317Z-f9ff402067e0.json.gz,1
fda.inspections.history,firm:3004771217,2010-09-16,2026-09-08T14:33:17Z,inspected,1,count,fda.inspections.history,raw/fda.inspections.history/2026/09/20260908T143317Z-f9ff402067e0.json.gz,1
fda.inspections.history,firm:3004771217,2010-09-16,2026-09-08T14:33:17Z,inspection_end,20100916,yyyymmdd,fda.inspections.history,raw/fda.inspections.history/2026/09/20260908T143317Z-f9ff402067e0.json.gz,1
fda.inspections.history,firm:3004771217,2010-09-16,2026-09-08T14:33:17Z,is_foreign,0,bool,fda.inspections.history,raw/fda.inspections.history/2026/09/20260908T143317Z-f9ff402067e0.json.gz,1
fda.inspections.history,firm:3004771217,2010-09-16,2026-09-08T14:33:17Z,is_oai,0,bool,fda.inspections.history,raw/fda.inspections.history/2026/09/20260908T143317Z-f9ff402067e0.json.gz,1
fda.inspections.history,firm:3004771217,2010-09-16,2026-09-08T14:33:17Z,label,Cardinal Health 414 LLC,,fda.inspections.history,raw/fda.inspections.history/2026/09/20260908T143317Z-f9ff402067e0.json.gz,1
fda.inspections.history,firm:3004799623,2010-09-21,2026-09-08T14:33:17Z,classification,0,ordinal,fda.inspections.history,raw/fda.inspections.history/2026/09/20260908T143317Z-f9ff402067e0.json.gz,1
fda.inspections.history,firm:3004799623,2010-09-21,2026-09-08T14:33:17Z,firm_key,ATTWILL MEDICAL SOLUTIONS LP,,fda.inspections.history,raw/fda.inspections.history/2026/09/20260908T143317Z-f9ff402067e0.json.gz,1
fda.inspections.history,firm:3004799623,2010-09-21,2026-09-08T14:33:17Z,inspected,1,count,fda.inspections.history,raw/fda.inspections.history/2026/09/20260908T143317Z-f9ff402067e0.json.gz,1
fda.inspections.history,firm:3004799623,2010-09-21,2026-09-08T14:33:17Z,inspection_end,20100921,yyyymmdd,fda.inspections.history,raw/fda.inspections.history/2026/09/20260908T143317Z-f9ff402067e0.json.gz,1
fda.inspections.history,firm:3004799623,2010-09-21,2026-09-08T14:33:17Z,is_foreign,0,bool,fda.inspections.history,raw/fda.inspections.history/2026/09/20260908T143317Z-f9ff402067e0.json.gz,1
fda.inspections.history,firm:3004799623,2010-09-21,2026-09-08T14:33:17Z,is_oai,0,bool,fda.inspections.history,raw/fda.inspections.history/2026/09/20260908T143317Z-f9ff402067e0.json.gz,1
fda.inspections.history,firm:3004799623,2010-09-21,2026-09-08T14:33:17Z,label,ATTWILL Medical Solutions LP,,fda.inspections.history,raw/fda.inspections.history/2026/09/20260908T143317Z-f9ff402067e0.json.gz,1
fda.inspections.history,firm:3004810446,2010-09-30,2026-09-08T14:33:17Z,classification,1,ordinal,fda.inspections.history,raw/fda.inspections.history/2026/09/20260908T143317Z-f9ff402067e0.json.gz,1
fda.inspections.history,firm:3004810446,2010-09-30,2026-09-08T14:33:17Z,firm_key,AMOLI ORGANICS A DIVISION OF UMEDICA,,fda.inspections.history,raw/fda.inspections.history/2026/09/20260908T143317Z-f9ff402067e0.json.gz,1
fda.inspections.history,firm:3004810446,2010-09-30,2026-09-08T14:33:17Z,inspected,1,count,fda.inspections.history,raw/fda.inspections.history/2026/09/20260908T143317Z-f9ff402067e0.json.gz,1
fda.inspections.history,firm:3004810446,2010-09-30,2026-09-08T14:33:17Z,inspection_end,20100930,yyyymmdd,fda.inspections.history,raw/fda.inspections.history/2026/09/20260908T143317Z-f9ff402067e0.json.gz,1
fda.inspections.history,firm:3004810446,2010-09-30,2026-09-08T14:33:17Z,is_foreign,1,bool,fda.inspections.history,raw/fda.inspections.history/2026/09/20260908T143317Z-f9ff402067e0.json.gz,1
fda.inspections.history,firm:3004810446,2010-09-30,2026-09-08T14:33:17Z,is_oai,0,bool,fda.inspections.history,raw/fda.inspections.history/2026/09/20260908T143317Z-f9ff402067e0.json.gz,1
fda.inspections.history,firm:3004810446,2010-09-30,2026-09-08T14:33:17Z,label,Amoli Organics (A Division of Umedica Laboratories Pvt Ltd),,fda.inspections.history,raw/fda.inspections.history/2026/09/20260908T143317Z-f9ff402067e0.json.gz,1
fda.inspections.history,firm:3004816991,2010-09-21,2026-09-08T14:33:17Z,classification,0,ordinal,fda.inspections.history,raw/fda.inspections.history/2026/09/20260908T143317Z-f9ff402067e0.json.gz,1
fda.inspections.history,firm:3004816991,2010-09-21,2026-09-08T14:33:17Z,firm_key,UNIVERSAL SYNERGETICS,,fda.inspections.history,raw/fda.inspections.history/2026/09/20260908T143317Z-f9ff402067e0.json.gz,1
fda.inspections.history,firm:3004816991,2010-09-21,2026-09-08T14:33:17Z,inspected,1,count,fda.inspections.history,raw/fda.inspections.history/2026/09/20260908T143317Z-f9ff402067e0.json.gz,1
fda.inspections.history,firm:3004816991,2010-09-21,2026-09-08T14:33:17Z,inspection_end,20100921,yyyymmdd,fda.inspections.history,raw/fda.inspections.history/2026/09/20260908T143317Z-f9ff402067e0.json.gz,1
fda.inspections.history,firm:3004816991,2010-09-21,2026-09-08T14:33:17Z,is_foreign,0,bool,fda.inspections.history,raw/fda.inspections.history/2026/09/20260908T143317Z-f9ff402067e0.json.gz,1
fda.inspections.history,firm:3004816991,2010-09-21,2026-09-08T14:33:17Z,is_oai,0,bool,fda.inspections.history,raw/fda.inspections.history/2026/09/20260908T143317Z-f9ff402067e0.json.gz,1
fda.inspections.history,firm:3004816991,2010-09-21,2026-09-08T14:33:17Z,label,Universal Synergetics Inc.,,fda.inspections.history,raw/fda.inspections.history/2026/09/20260908T143317Z-f9ff402067e0.json.gz,1
fda.inspections.history,firm:3004887031,2010-09-24,2026-09-08T14:33:17Z,classification,1,ordinal,fda.inspections.history,raw/fda.inspections.history/2026/09/20260908T143317Z-f9ff402067e0.json.gz,1
fda.inspections.history,firm:3004887031,2010-09-24,2026-09-08T14:33:17Z,firm_key,SRISAI BIOPHARMACEUTICAL SOLUTIONS,,fda.inspections.history,raw/fda.inspections.history/2026/09/20260908T143317Z-f9ff402067e0.json.gz,1
fda.inspections.history,firm:3004887031,2010-09-24,2026-09-08T14:33:17Z,inspected,1,count,fda.inspections.history,raw/fda.inspections.history/2026/09/20260908T143317Z-f9ff402067e0.json.gz,1
fda.inspections.history,firm:3004887031,2010-09-24,2026-09-08T14:33:17Z,inspection_end,20100924,yyyymmdd,fda.inspections.history,raw/fda.inspections.history/2026/09/20260908T143317Z-f9ff402067e0.json.gz,1
fda.inspections.history,firm:3004887031,2010-09-24,2026-09-08T14:33:17Z,is_foreign,0,bool,fda.inspections.history,raw/fda.inspections.history/2026/09/20260908T143317Z-f9ff402067e0.json.gz,1
fda.inspections.history,firm:3004887031,2010-09-24,2026-09-08T14:33:17Z,is_oai,0,bool,fda.inspections.history,raw/fda.inspections.history/2026/09/20260908T143317Z-f9ff402067e0.json.gz,1
fda.inspections.history,firm:3004887031,2010-09-24,2026-09-08T14:33:17Z,label,SriSai Biopharmaceutical Solutions LLC,,fda.inspections.history,raw/fda.inspections.history/2026/09/20260908T143317Z-f9ff402067e0.json.gz,1
fda.inspections.history,firm:3004983426,2010-09-27,2026-09-08T14:33:17Z,classification,2,ordinal,fda.inspections.history,raw/fda.inspections.history/2026/09/20260908T143317Z-f9ff402067e0.json.gz,1
fda.inspections.history,firm:3004983426,2010-09-27,2026-09-08T14:33:17Z,firm_key,PURQUALITY,,fda.inspections.history,raw/fda.inspections.history/2026/09/20260908T143317Z-f9ff402067e0.json.gz,1
fda.inspections.history,firm:3004983426,2010-09-27,2026-09-08T14:33:17Z,inspected,1,count,fda.inspections.history,raw/fda.inspections.history/2026/09/20260908T143317Z-f9ff402067e0.json.gz,1
fda.inspections.history,firm:3004983426,2010-09-27,2026-09-08T14:33:17Z,inspection_end,20100927,yyyymmdd,fda.inspections.history,raw/fda.inspections.history/2026/09/20260908T143317Z-f9ff402067e0.json.gz,1
fda.inspections.history,firm:3004983426,2010-09-27,2026-09-08T14:33:17Z,is_foreign,0,bool,fda.inspections.history,raw/fda.inspections.history/2026/09/20260908T143317Z-f9ff402067e0.json.gz,1
fda.inspections.history,firm:3004983426,2010-09-27,2026-09-08T14:33:17Z,is_oai,1,bool,fda.inspections.history,raw/fda.inspections.history/2026/09/20260908T143317Z-f9ff402067e0.json.gz,1
fda.inspections.history,firm:3004983426,2010-09-27,2026-09-08T14:33:17Z,label,"PurQuality, LLC",,fda.inspections.history,raw/fda.inspections.history/2026/09/20260908T143317Z-f9ff402067e0.json.gz,1
fda.inspections.history,firm:3004998655,2010-09-27,2026-09-08T14:33:17Z,classification,0,ordinal,fda.inspections.history,raw/fda.inspections.history/2026/09/20260908T143317Z-f9ff402067e0.json.gz,1
fda.inspections.history,firm:3004998655,2010-09-27,2026-09-08T14:33:17Z,firm_key,AVARA TECHNOLOGIES,,fda.inspections.history,raw/fda.inspections.history/2026/09/20260908T143317Z-f9ff402067e0.json.gz,1
fda.inspections.history,firm:3004998655,2010-09-27,2026-09-08T14:33:17Z,inspected,1,count,fda.inspections.history,raw/fda.inspections.history/2026/09/20260908T143317Z-f9ff402067e0.json.gz,1
fda.inspections.history,firm:3004998655,2010-09-27,2026-09-08T14:33:17Z,inspection_end,20100927,yyyymmdd,fda.inspections.history,raw/fda.inspections.history/2026/09/20260908T143317Z-f9ff402067e0.json.gz,1
fda.inspections.history,firm:3004998655,2010-09-27,2026-09-08T14:33:17Z,is_foreign,0,bool,fda.inspections.history,raw/fda.inspections.history/2026/09/20260908T143317Z-f9ff402067e0.json.gz,1
fda.inspections.history,firm:3004998655,2010-09-27,2026-09-08T14:33:17Z,is_oai,0,bool,fda.inspections.history,raw/fda.inspections.history/2026/09/20260908T143317Z-f9ff402067e0.json.gz,1
fda.inspections.history,firm:3004998655,2010-09-27,2026-09-08T14:33:17Z,label,"Avara Pharmaceutical Technologies, Inc.",,fda.inspections.history,raw/fda.inspections.history/2026/09/20260908T143317Z-f9ff402067e0.json.gz,1
fda.inspections.history,firm:3005011004,2010-09-17,2026-09-08T14:33:17Z,classification,0,ordinal,fda.inspections.history,raw/fda.inspections.history/2026/09/20260908T143317Z-f9ff402067e0.json.gz,1
fda.inspections.history,firm:3005011004,2010-09-17,2026-09-08T14:33:17Z,firm_key,ADOLOR,,fda.inspections.history,raw/fda.inspections.history/2026/09/20260908T143317Z-f9ff402067e0.json.gz,1
fda.inspections.history,firm:3005011004,2010-09-17,2026-09-08T14:33:17Z,inspected,1,count,fda.inspections.history,raw/fda.inspections.history/2026/09/20260908T143317Z-f9ff402067e0.json.gz,1
fda.inspections.history,firm:3005011004,2010-09-17,2026-09-08T14:33:17Z,inspection_end,20100917,yyyymmdd,fda.inspections.history,raw/fda.inspections.history/2026/09/20260908T143317Z-f9ff402067e0.json.gz,1
fda.inspections.history,firm:3005011004,2010-09-17,2026-09-08T14:33:17Z,is_foreign,0,bool,fda.inspections.history,raw/fda.inspections.history/2026/09/20260908T143317Z-f9ff402067e0.json.gz,1
fda.inspections.history,firm:3005011004,2010-09-17,2026-09-08T14:33:17Z,is_oai,0,bool,fda.inspections.history,raw/fda.inspections.history/2026/09/20260908T143317Z-f9ff402067e0.json.gz,1
fda.inspections.history,firm:3005011004,2010-09-17,2026-09-08T14:33:17Z,label,Adolor Corporation,,fda.inspections.history,raw/fda.inspections.history/2026/09/20260908T143317Z-f9ff402067e0.json.gz,1
fda.inspections.history,firm:3005029569,2010-09-02,2026-09-08T14:33:17Z,classification,0,ordinal,fda.inspections.history,raw/fda.inspections.history/2026/09/20260908T143317Z-f9ff402067e0.json.gz,1
fda.inspections.history,firm:3005029569,2010-09-02,2026-09-08T14:33:17Z,firm_key,ADVANCED SERVICES,,fda.inspections.history,raw/fda.inspections.history/2026/09/20260908T143317Z-f9ff402067e0.json.gz,1
fda.inspections.history,firm:3005029569,2010-09-02,2026-09-08T14:33:17Z,inspected,1,count,fda.inspections.history,raw/fda.inspections.history/2026/09/20260908T143317Z-f9ff402067e0.json.gz,1
fda.inspections.history,firm:3005029569,2010-09-02,2026-09-08T14:33:17Z,inspection_end,20100902,yyyymmdd,fda.inspections.history,raw/fda.inspections.history/2026/09/20260908T143317Z-f9ff402067e0.json.gz,1
fda.inspections.history,firm:3005029569,2010-09-02,2026-09-08T14:33:17Z,is_foreign,0,bool,fda.inspections.history,raw/fda.inspections.history/2026/09/20260908T143317Z-f9ff402067e0.json.gz,1
fda.inspections.history,firm:3005029569,2010-09-02,2026-09-08T14:33:17Z,is_oai,0,bool,fda.inspections.history,raw/fda.inspections.history/2026/09/20260908T143317Z-f9ff402067e0.json.gz,1
fda.inspections.history,firm:3005029569,2010-09-02,2026-09-08T14:33:17Z,label,"Advanced Pharmaceutical Services, Inc",,fda.inspections.history,raw/fda.inspections.history/2026/09/20260908T143317Z-f9ff402067e0.json.gz,1
fda.inspections.history,firm:3005202697,2010-09-16,2026-09-08T14:33:17Z,classification,2,ordinal,fda.inspections.history,raw/fda.inspections.history/2026/09/20260908T143317Z-f9ff402067e0.json.gz,1
fda.inspections.history,firm:3005202697,2010-09-16,2026-09-08T14:33:17Z,firm_key,TEVA INDUSTRIES,,fda.inspections.history,raw/fda.inspections.history/2026/09/20260908T143317Z-f9ff402067e0.json.gz,1
fda.inspections.history,firm:3005202697,2010-09-16,2026-09-08T14:33:17Z,inspected,1,count,fda.inspections.history,raw/fda.inspections.history/2026/09/20260908T143317Z-f9ff402067e0.json.gz,1
fda.inspections.history,firm:3005202697,2010-09-16,2026-09-08T14:33:17Z,inspection_end,20100916,yyyymmdd,fda.inspections.history,raw/fda.inspections.history/2026/09/20260908T143317Z-f9ff402067e0.json.gz,1
fda.inspections.history,firm:3005202697,2010-09-16,2026-09-08T14:33:17Z,is_foreign,1,bool,fda.inspections.history,raw/fda.inspections.history/2026/09/20260908T143317Z-f9ff402067e0.json.gz,1
fda.inspections.history,firm:3005202697,2010-09-16,2026-09-08T14:33:17Z,is_oai,1,bool,fda.inspections.history,raw/fda.inspections.history/2026/09/20260908T143317Z-f9ff402067e0.json.gz,1
fda.inspections.history,firm:3005202697,2010-09-16,2026-09-08T14:33:17Z,label,Teva Pharmaceutical Industries,,fda.inspections.history,raw/fda.inspections.history/2026/09/20260908T143317Z-f9ff402067e0.json.gz,1
fda.inspections.history,firm:3005516847,2010-09-14,2026-09-08T14:33:17Z,classification,0,ordinal,fda.inspections.history,raw/fda.inspections.history/2026/09/20260908T143317Z-f9ff402067e0.json.gz,1
fda.inspections.history,firm:3005516847,2010-09-14,2026-09-08T14:33:17Z,firm_key,DESTON THERAPEUTICS,,fda.inspections.history,raw/fda.inspections.history/2026/09/20260908T143317Z-f9ff402067e0.json.gz,1
fda.inspections.history,firm:3005516847,2010-09-14,2026-09-08T14:33:17Z,inspected,1,count,fda.inspections.history,raw/fda.inspections.history/2026/09/20260908T143317Z-f9ff402067e0.json.gz,1
fda.inspections.history,firm:3005516847,2010-09-14,2026-09-08T14:33:17Z,inspection_end,20100914,yyyymmdd,fda.inspections.history,raw/fda.inspections.history/2026/09/20260908T143317Z-f9ff402067e0.json.gz,1
fda.inspections.history,firm:3005516847,2010-09-14,2026-09-08T14:33:17Z,is_foreign,0,bool,fda.inspections.history,raw/fda.inspections.history/2026/09/20260908T143317Z-f9ff402067e0.json.gz,1
fda.inspections.history,firm:3005516847,2010-09-14,2026-09-08T14:33:17Z,is_oai,0,bool,fda.inspections.history,raw/fda.inspections.history/2026/09/20260908T143317Z-f9ff402067e0.json.gz,1
fda.inspections.history,firm:3005516847,2010-09-14,2026-09-08T14:33:17Z,label,"Deston Therapeutics, Llc",,fda.inspections.history,raw/fda.inspections.history/2026/09/20260908T143317Z-f9ff402067e0.json.gz,1
fda.inspections.history,firm:3005694677,2010-09-10,2026-09-08T14:33:17Z,classification,0,ordinal,fda.inspections.history,raw/fda.inspections.history/2026/09/20260908T143317Z-f9ff402067e0.json.gz,1
fda.inspections.history,firm:3005694677,2010-09-10,2026-09-08T14:33:17Z,firm_key,B BRAUN MEDICAL,,fda.inspections.history,raw/fda.inspections.history/2026/09/20260908T143317Z-f9ff402067e0.json.gz,1
fda.inspections.history,firm:3005694677,2010-09-10,2026-09-08T14:33:17Z,inspected,1,count,fda.inspections.history,raw/fda.inspections.history/2026/09/20260908T143317Z-f9ff402067e0.json.gz,1
fda.inspections.history,firm:3005694677,2010-09-10,2026-09-08T14:33:17Z,inspection_end,20100910,yyyymmdd,fda.inspections.history,raw/fda.inspections.history/2026/09/20260908T143317Z-f9ff402067e0.json.gz,1
fda.inspections.history,firm:3005694677,2010-09-10,2026-09-08T14:33:17Z,is_foreign,1,bool,fda.inspections.history,raw/fda.inspections.history/2026/09/20260908T143317Z-f9ff402067e0.json.gz,1
fda.inspections.history,firm:3005694677,2010-09-10,2026-09-08T14:33:17Z,is_oai,0,bool,fda.inspections.history,raw/fda.inspections.history/2026/09/20260908T143317Z-f9ff402067e0.json.gz,1
fda.inspections.history,firm:3005694677,2010-09-10,2026-09-08T14:33:17Z,label,B Braun Medical SA,,fda.inspections.history,raw/fda.inspections.history/2026/09/20260908T143317Z-f9ff402067e0.json.gz,1
fda.inspections.history,firm:3005705951,2010-09-14,2026-09-08T14:33:17Z,classification,1,ordinal,fda.inspections.history,raw/fda.inspections.history/2026/09/20260908T143317Z-f9ff402067e0.json.gz,1
fda.inspections.history,firm:3005705951,2010-09-14,2026-09-08T14:33:17Z,firm_key,SOFIE,,fda.inspections.history,raw/fda.inspections.history/2026/09/20260908T143317Z-f9ff402067e0.json.gz,1
fda.inspections.history,firm:3005705951,2010-09-14,2026-09-08T14:33:17Z,inspected,1,count,fda.inspections.history,raw/fda.inspections.history/2026/09/20260908T143317Z-f9ff402067e0.json.gz,1
fda.inspections.history,firm:3005705951,2010-09-14,2026-09-08T14:33:17Z,inspection_end,20100914,yyyymmdd,fda.inspections.history,raw/fda.inspections.history/2026/09/20260908T143317Z-f9ff402067e0.json.gz,1
fda.inspections.history,firm:3005705951,2010-09-14,2026-09-08T14:33:17Z,is_foreign,0,bool,fda.inspections.history,raw/fda.inspections.history/2026/09/20260908T143317Z-f9ff402067e0.json.gz,1
fda.inspections.history,firm:3005705951,2010-09-14,2026-09-08T14:33:17Z,is_oai,0,bool,fda.inspections.history,raw/fda.inspections.history/2026/09/20260908T143317Z-f9ff402067e0.json.gz,1
fda.inspections.history,firm:3005705951,2010-09-14,2026-09-08T14:33:17Z,label,SOFIE Co.,,fda.inspections.history,raw/fda.inspections.history/2026/09/20260908T143317Z-f9ff402067e0.json.gz,1
fda.inspections.history,firm:3005740224,2010-09-03,2026-09-08T14:33:17Z,classification,1,ordinal,fda.inspections.history,raw/fda.inspections.history/2026/09/20260908T143317Z-f9ff402067e0.json.gz,1
fda.inspections.history,firm:3005740224,2010-09-03,2026-09-08T14:33:17Z,firm_key,NORTH BROWARD HOSPITAL DISTRICT IRB,,fda.inspections.history,raw/fda.inspections.history/2026/09/20260908T143317Z-f9ff402067e0.json.gz,1
fda.inspections.history,firm:3005740224,2010-09-03,2026-09-08T14:33:17Z,inspected,1,count,fda.inspections.history,raw/fda.inspections.history/2026/09/20260908T143317Z-f9ff402067e0.json.gz,1
fda.inspections.history,firm:3005740224,2010-09-03,2026-09-08T14:33:17Z,inspection_end,20100903,yyyymmdd,fda.inspections.history,raw/fda.inspections.history/2026/09/20260908T143317Z-f9ff402067e0.json.gz,1
fda.inspections.history,firm:3005740224,2010-09-03,2026-09-08T14:33:17Z,is_foreign,0,bool,fda.inspections.history,raw/fda.inspections.history/2026/09/20260908T143317Z-f9ff402067e0.json.gz,1
fda.inspections.history,firm:3005740224,2010-09-03,2026-09-08T14:33:17Z,is_oai,0,bool,fda.inspections.history,raw/fda.inspections.history/2026/09/20260908T143317Z-f9ff402067e0.json.gz,1
fda.inspections.history,firm:3005740224,2010-09-03,2026-09-08T14:33:17Z,label,North Broward Hospital District IRB,,fda.inspections.history,raw/fda.inspections.history/2026/09/20260908T143317Z-f9ff402067e0.json.gz,1
fda.inspections.history,firm:3005910213,2010-09-17,2026-09-08T14:33:17Z,classification,1,ordinal,fda.inspections.history,raw/fda.inspections.history/2026/09/20260908T143317Z-f9ff402067e0.json.gz,1
fda.inspections.history,firm:3005910213,2010-09-17,2026-09-08T14:33:17Z,firm_key,MW ENCAP NEXTPHARMA EDINBURGH,,fda.inspections.history,raw/fda.inspections.history/2026/09/20260908T143317Z-f9ff402067e0.json.gz,1
fda.inspections.history,firm:3005910213,2010-09-17,2026-09-08T14:33:17Z,inspected,1,count,fda.inspections.history,raw/fda.inspections.history/2026/09/20260908T143317Z-f9ff402067e0.json.gz,1
fda.inspections.history,firm:3005910213,2010-09-17,2026-09-08T14:33:17Z,inspection_end,20100917,yyyymmdd,fda.inspections.history,raw/fda.inspections.history/2026/09/20260908T143317Z-f9ff402067e0.json.gz,1
fda.inspections.history,firm:3005910213,2010-09-17,2026-09-08T14:33:17Z,is_foreign,1,bool,fda.inspections.history,raw/fda.inspections.history/2026/09/20260908T143317Z-f9ff402067e0.json.gz,1
fda.inspections.history,firm:3005910213,2010-09-17,2026-09-08T14:33:17Z,is_oai,0,bool,fda.inspections.history,raw/fda.inspections.history/2026/09/20260908T143317Z-f9ff402067e0.json.gz,1
fda.inspections.history,firm:3005910213,2010-09-17,2026-09-08T14:33:17Z,label,MW Encap Ltd.(NextPharma Edinburgh),,fda.inspections.history,raw/fda.inspections.history/2026/09/20260908T143317Z-f9ff402067e0.json.gz,1
fda.inspections.history,firm:3005940147,2010-09-16,2026-09-08T14:33:17Z,classification,0,ordinal,fda.inspections.history,raw/fda.inspections.history/2026/09/20260908T143317Z-f9ff402067e0.json.gz,1
fda.inspections.history,firm:3005940147,2010-09-16,2026-09-08T14:33:17Z,firm_key,VICKI SCHNELL M D,,fda.inspections.history,raw/fda.inspections.history/2026/09/20260908T143317Z-f9ff402067e0.json.gz,1
fda.inspections.history,firm:3005940147,2010-09-16,2026-09-08T14:33:17Z,inspected,1,count,fda.inspections.history,raw/fda.inspections.history/2026/09/20260908T143317Z-f9ff402067e0.json.gz,1
fda.inspections.history,firm:3005940147,2010-09-16,2026-09-08T14:33:17Z,inspection_end,20100916,yyyymmdd,fda.inspections.history,raw/fda.inspections.history/2026/09/20260908T143317Z-f9ff402067e0.json.gz,1
fda.inspections.history,firm:3005940147,2010-09-16,2026-09-08T14:33:17Z,is_foreign,0,bool,fda.inspections.history,raw/fda.inspections.history/2026/09/20260908T143317Z-f9ff402067e0.json.gz,1
fda.inspections.history,firm:3005940147,2010-09-16,2026-09-08T14:33:17Z,is_oai,0,bool,fda.inspections.history,raw/fda.inspections.history/2026/09/20260908T143317Z-f9ff402067e0.json.gz,1
fda.inspections.history,firm:3005940147,2010-09-16,2026-09-08T14:33:17Z,label,"Vicki Schnell, M.D.",,fda.inspections.history,raw/fda.inspections.history/2026/09/20260908T143317Z-f9ff402067e0.json.gz,1
fda.inspections.history,firm:3006129086,2010-09-15,2026-09-08T14:33:17Z,classification,0,ordinal,fda.inspections.history,raw/fda.inspections.history/2026/09/20260908T143317Z-f9ff402067e0.json.gz,1
fda.inspections.history,firm:3006129086,2010-09-15,2026-09-08T14:33:17Z,firm_key,GENENTECH,,fda.inspections.history,raw/fda.inspections.history/2026/09/20260908T143317Z-f9ff402067e0.json.gz,1
fda.inspections.history,firm:3006129086,2010-09-15,2026-09-08T14:33:17Z,inspected,1,count,fda.inspections.history,raw/fda.inspections.history/2026/09/20260908T143317Z-f9ff402067e0.json.gz,1
fda.inspections.history,firm:3006129086,2010-09-15,2026-09-08T14:33:17Z,inspection_end,20100915,yyyymmdd,fda.inspections.history,raw/fda.inspections.history/2026/09/20260908T143317Z-f9ff402067e0.json.gz,1
fda.inspections.history,firm:3006129086,2010-09-15,2026-09-08T14:33:17Z,is_foreign,0,bool,fda.inspections.history,raw/fda.inspections.history/2026/09/20260908T143317Z-f9ff402067e0.json.gz,1
fda.inspections.history,firm:3006129086,2010-09-15,2026-09-08T14:33:17Z,is_oai,0,bool,fda.inspections.history,raw/fda.inspections.history/2026/09/20260908T143317Z-f9ff402067e0.json.gz,1
fda.inspections.history,firm:3006129086,2010-09-15,2026-09-08T14:33:17Z,label,"Genentech, Inc.",,fda.inspections.history,raw/fda.inspections.history/2026/09/20260908T143317Z-f9ff402067e0.json.gz,1
fda.inspections.history,firm:3006174033,2010-09-14,2026-09-08T14:33:17Z,classification,0,ordinal,fda.inspections.history,raw/fda.inspections.history/2026/09/20260908T143317Z-f9ff402067e0.json.gz,1
fda.inspections.history,firm:3006174033,2010-09-14,2026-09-08T14:33:17Z,firm_key,LANNETT,,fda.inspections.history,raw/fda.inspections.history/2026/09/20260908T143317Z-f9ff402067e0.json.gz,1
fda.inspections.history,firm:3006174033,2010-09-14,2026-09-08T14:33:17Z,inspected,1,count,fda.inspections.history,raw/fda.inspections.history/2026/09/20260908T143317Z-f9ff402067e0.json.gz,1
fda.inspections.history,firm:3006174033,2010-09-14,2026-09-08T14:33:17Z,inspection_end,20100914,yyyymmdd,fda.inspections.history,raw/fda.inspections.history/2026/09/20260908T143317Z-f9ff402067e0.json.gz,1
fda.inspections.history,firm:3006174033,2010-09-14,2026-09-08T14:33:17Z,is_foreign,0,bool,fda.inspections.history,raw/fda.inspections.history/2026/09/20260908T143317Z-f9ff402067e0.json.gz,1
fda.inspections.history,firm:3006174033,2010-09-14,2026-09-08T14:33:17Z,is_oai,0,bool,fda.inspections.history,raw/fda.inspections.history/2026/09/20260908T143317Z-f9ff402067e0.json.gz,1
fda.inspections.history,firm:3006174033,2010-09-14,2026-09-08T14:33:17Z,label,"Lannett Company, Inc.",,fda.inspections.history,raw/fda.inspections.history/2026/09/20260908T143317Z-f9ff402067e0.json.gz,1
fda.inspections.history,firm:3006400017,2010-09-23,2026-09-08T14:33:17Z,classification,1,ordinal,fda.inspections.history,raw/fda.inspections.history/2026/09/20260908T143317Z-f9ff402067e0.json.gz,1
fda.inspections.history,firm:3006400017,2010-09-23,2026-09-08T14:33:17Z,firm_key,MEDICOR HOMECARE,,fda.inspections.history,raw/fda.inspections.history/2026/09/20260908T143317Z-f9ff402067e0.json.gz,1
fda.inspections.history,firm:3006400017,2010-09-23,2026-09-08T14:33:17Z,inspected,1,count,fda.inspections.history,raw/fda.inspections.history/2026/09/20260908T143317Z-f9ff402067e0.json.gz,1
fda.inspections.history,firm:3006400017,2010-09-23,2026-09-08T14:33:17Z,inspection_end,20100923,yyyymmdd,fda.inspections.history,raw/fda.inspections.history/2026/09/20260908T143317Z-f9ff402067e0.json.gz,1
fda.inspections.history,firm:3006400017,2010-09-23,2026-09-08T14:33:17Z,is_foreign,0,bool,fda.inspections.history,raw/fda.inspections.history/2026/09/20260908T143317Z-f9ff402067e0.json.gz,1
fda.inspections.history,firm:3006400017,2010-09-23,2026-09-08T14:33:17Z,is_oai,0,bool,fda.inspections.history,raw/fda.inspections.history/2026/09/20260908T143317Z-f9ff402067e0.json.gz,1
fda.inspections.history,firm:3006400017,2010-09-23,2026-09-08T14:33:17Z,label,"Medicor Homecare, Inc.",,fda.inspections.history,raw/fda.inspections.history/2026/09/20260908T143317Z-f9ff402067e0.json.gz,1
fda.inspections.history,firm:3006420465,2010-09-20,2026-09-08T14:33:17Z,classification,1,ordinal,fda.inspections.history,raw/fda.inspections.history/2026/09/20260908T143317Z-f9ff402067e0.json.gz,1
fda.inspections.history,firm:3006420465,2010-09-20,2026-09-08T14:33:17Z,firm_key,INVESTORS DBA SCM LIFE OXYGEN,,fda.inspections.history,raw/fda.inspections.history/2026/09/20260908T143317Z-f9ff402067e0.json.gz,1
fda.inspections.history,firm:3006420465,2010-09-20,2026-09-08T14:33:17Z,inspected,1,count,fda.inspections.history,raw/fda.inspections.history/2026/09/20260908T143317Z-f9ff402067e0.json.gz,1
fda.inspections.history,firm:3006420465,2010-09-20,2026-09-08T14:33:17Z,inspection_end,20100920,yyyymmdd,fda.inspections.history,raw/fda.inspections.history/2026/09/20260908T143317Z-f9ff402067e0.json.gz,1
fda.inspections.history,firm:3006420465,2010-09-20,2026-09-08T14:33:17Z,is_foreign,0,bool,fda.inspections.history,raw/fda.inspections.history/2026/09/20260908T143317Z-f9ff402067e0.json.gz,1
fda.inspections.history,firm:3006420465,2010-09-20,2026-09-08T14:33:17Z,is_oai,0,bool,fda.inspections.history,raw/fda.inspections.history/2026/09/20260908T143317Z-f9ff402067e0.json.gz,1
fda.inspections.history,firm:3006420465,2010-09-20,2026-09-08T14:33:17Z,label,Investors Ltd dba SCM Life Oxygen,,fda.inspections.history,raw/fda.inspections.history/2026/09/20260908T143317Z-f9ff402067e0.json.gz,1
fda.inspections.history,firm:3006441852,2010-09-02,2026-09-08T14:33:17Z,classification,0,ordinal,fda.inspections.history,raw/fda.inspections.history/2026/09/20260908T143317Z-f9ff402067e0.json.gz,1
fda.inspections.history,firm:3006441852,2010-09-02,2026-09-08T14:33:17Z,firm_key,ROIS PHOENIX,,fda.inspections.history,raw/fda.inspections.history/2026/09/20260908T143317Z-f9ff402067e0.json.gz,1
fda.inspections.history,firm:3006441852,2010-09-02,2026-09-08T14:33:17Z,inspected,1,count,fda.inspections.history,raw/fda.inspections.history/2026/09/20260908T143317Z-f9ff402067e0.json.gz,1
fda.inspections.history,firm:3006441852,2010-09-02,2026-09-08T14:33:17Z,inspection_end,20100902,yyyymmdd,fda.inspections.history,raw/fda.inspections.history/2026/09/20260908T143317Z-f9ff402067e0.json.gz,1
fda.inspections.history,firm:3006441852,2010-09-02,2026-09-08T14:33:17Z,is_foreign,0,bool,fda.inspections.history,raw/fda.inspections.history/2026/09/20260908T143317Z-f9ff402067e0.json.gz,1
fda.inspections.history,firm:3006441852,2010-09-02,2026-09-08T14:33:17Z,is_oai,0,bool,fda.inspections.history,raw/fda.inspections.history/2026/09/20260908T143317Z-f9ff402067e0.json.gz,1
fda.inspections.history,firm:3006441852,2010-09-02,2026-09-08T14:33:17Z,label,ROIS Phoenix Inc,,fda.inspections.history,raw/fda.inspections.history/2026/09/20260908T143317Z-f9ff402067e0.json.gz,1
fda.inspections.history,firm:3006892202,2010-09-30,2026-09-08T14:33:17Z,classification,1,ordinal,fda.inspections.history,raw/fda.inspections.history/2026/09/20260908T143317Z-f9ff402067e0.json.gz,1
fda.inspections.history,firm:3006892202,2010-09-30,2026-09-08T14:33:17Z,firm_key,PHYTOGENX,,fda.inspections.history,raw/fda.inspections.history/2026/09/20260908T143317Z-f9ff402067e0.json.gz,1
fda.inspections.history,firm:3006892202,2010-09-30,2026-09-08T14:33:17Z,inspected,1,count,fda.inspections.history,raw/fda.inspections.history/2026/09/20260908T143317Z-f9ff402067e0.json.gz,1
fda.inspections.history,firm:3006892202,2010-09-30,2026-09-08T14:33:17Z,inspection_end,20100930,yyyymmdd,fda.inspections.history,raw/fda.inspections.history/2026/09/20260908T143317Z-f9ff402067e0.json.gz,1
fda.inspections.history,firm:3006892202,2010-09-30,2026-09-08T14:33:17Z,is_foreign,0,bool,fda.inspections.history,raw/fda.inspections.history/2026/09/20260908T143317Z-f9ff402067e0.json.gz,1
fda.inspections.history,firm:3006892202,2010-09-30,2026-09-08T14:33:17Z,is_oai,0,bool,fda.inspections.history,raw/fda.inspections.history/2026/09/20260908T143317Z-f9ff402067e0.json.gz,1
fda.inspections.history,firm:3006892202,2010-09-30,2026-09-08T14:33:17Z,label,"PhytogenX, Inc.",,fda.inspections.history,raw/fda.inspections.history/2026/09/20260908T143317Z-f9ff402067e0.json.gz,1
fda.inspections.history,firm:3007075468,2010-09-21,2026-09-08T14:33:17Z,classification,1,ordinal,fda.inspections.history,raw/fda.inspections.history/2026/09/20260908T143317Z-f9ff402067e0.json.gz,1
fda.inspections.history,firm:3007075468,2010-09-21,2026-09-08T14:33:17Z,firm_key,EIRGEN,,fda.inspections.history,raw/fda.inspections.history/2026/09/20260908T143317Z-f9ff402067e0.json.gz,1
fda.inspections.history,firm:3007075468,2010-09-21,2026-09-08T14:33:17Z,inspected,1,count,fda.inspections.history,raw/fda.inspections.history/2026/09/20260908T143317Z-f9ff402067e0.json.gz,1
fda.inspections.history,firm:3007075468,2010-09-21,2026-09-08T14:33:17Z,inspection_end,20100921,yyyymmdd,fda.inspections.history,raw/fda.inspections.history/2026/09/20260908T143317Z-f9ff402067e0.json.gz,1
fda.inspections.history,firm:3007075468,2010-09-21,2026-09-08T14:33:17Z,is_foreign,1,bool,fda.inspections.history,raw/fda.inspections.history/2026/09/20260908T143317Z-f9ff402067e0.json.gz,1
fda.inspections.history,firm:3007075468,2010-09-21,2026-09-08T14:33:17Z,is_oai,0,bool,fda.inspections.history,raw/fda.inspections.history/2026/09/20260908T143317Z-f9ff402067e0.json.gz,1
fda.inspections.history,firm:3007075468,2010-09-21,2026-09-08T14:33:17Z,label,EirGen Pharma Ltd,,fda.inspections.history,raw/fda.inspections.history/2026/09/20260908T143317Z-f9ff402067e0.json.gz,1
fda.inspections.history,firm:3007121816,2010-09-24,2026-09-08T14:33:17Z,classification,1,ordinal,fda.inspections.history,raw/fda.inspections.history/2026/09/20260908T143317Z-f9ff402067e0.json.gz,1
fda.inspections.history,firm:3007121816,2010-09-24,2026-09-08T14:33:17Z,firm_key,ALCON PUERTO RICO,,fda.inspections.history,raw/fda.inspections.history/2026/09/20260908T143317Z-f9ff402067e0.json.gz,1
fda.inspections.history,firm:3007121816,2010-09-24,2026-09-08T14:33:17Z,inspected,1,count,fda.inspections.history,raw/fda.inspections.history/2026/09/20260908T143317Z-f9ff402067e0.json.gz,1
fda.inspections.history,firm:3007121816,2010-09-24,2026-09-08T14:33:17Z,inspection_end,20100924,yyyymmdd,fda.inspections.history,raw/fda.inspections.history/2026/09/20260908T143317Z-f9ff402067e0.json.gz,1
fda.inspections.history,firm:3007121816,2010-09-24,2026-09-08T14:33:17Z,is_foreign,0,bool,fda.inspections.history,raw/fda.inspections.history/2026/09/20260908T143317Z-f9ff402067e0.json.gz,1
fda.inspections.history,firm:3007121816,2010-09-24,2026-09-08T14:33:17Z,is_oai,0,bool,fda.inspections.history,raw/fda.inspections.history/2026/09/20260908T143317Z-f9ff402067e0.json.gz,1
fda.inspections.history,firm:3007121816,2010-09-24,2026-09-08T14:33:17Z,label,Alcon Puerto Rico Inc.,,fda.inspections.history,raw/fda.inspections.history/2026/09/20260908T143317Z-f9ff402067e0.json.gz,1
fda.inspections.history,firm:3007123274,2010-09-23,2026-09-08T14:33:17Z,classification,0,ordinal,fda.inspections.history,raw/fda.inspections.history/2026/09/20260908T143317Z-f9ff402067e0.json.gz,1
fda.inspections.history,firm:3007123274,2010-09-23,2026-09-08T14:33:17Z,firm_key,TERAL,,fda.inspections.history,raw/fda.inspections.history/2026/09/20260908T143317Z-f9ff402067e0.json.gz,1
fda.inspections.history,firm:3007123274,2010-09-23,2026-09-08T14:33:17Z,inspected,1,count,fda.inspections.history,raw/fda.inspections.history/2026/09/20260908T143317Z-f9ff402067e0.json.gz,1
fda.inspections.history,firm:3007123274,2010-09-23,2026-09-08T14:33:17Z,inspection_end,20100923,yyyymmdd,fda.inspections.history,raw/fda.inspections.history/2026/09/20260908T143317Z-f9ff402067e0.json.gz,1
fda.inspections.history,firm:3007123274,2010-09-23,2026-09-08T14:33:17Z,is_foreign,0,bool,fda.inspections.history,raw/fda.inspections.history/2026/09/20260908T143317Z-f9ff402067e0.json.gz,1
fda.inspections.history,firm:3007123274,2010-09-23,2026-09-08T14:33:17Z,is_oai,0,bool,fda.inspections.history,raw/fda.inspections.history/2026/09/20260908T143317Z-f9ff402067e0.json.gz,1
fda.inspections.history,firm:3007123274,2010-09-23,2026-09-08T14:33:17Z,label,"Teral, Inc.",,fda.inspections.history,raw/fda.inspections.history/2026/09/20260908T143317Z-f9ff402067e0.json.gz,1
fda.inspections.history,firm:3007123297,2010-09-23,2026-09-08T14:33:17Z,classification,0,ordinal,fda.inspections.history,raw/fda.inspections.history/2026/09/20260908T143317Z-f9ff402067e0.json.gz,1
fda.inspections.history,firm:3007123297,2010-09-23,2026-09-08T14:33:17Z,firm_key,RYVELIX,,fda.inspections.history,raw/fda.inspections.history/2026/09/20260908T143317Z-f9ff402067e0.json.gz,1
fda.inspections.history,firm:3007123297,2010-09-23,2026-09-08T14:33:17Z,inspected,1,count,fda.inspections.history,raw/fda.inspections.history/2026/09/20260908T143317Z-f9ff402067e0.json.gz,1
fda.inspections.history,firm:3007123297,2010-09-23,2026-09-08T14:33:17Z,inspection_end,20100923,yyyymmdd,fda.inspections.history,raw/fda.inspections.history/2026/09/20260908T143317Z-f9ff402067e0.json.gz,1
fda.inspections.history,firm:3007123297,2010-09-23,2026-09-08T14:33:17Z,is_foreign,0,bool,fda.inspections.history,raw/fda.inspections.history/2026/09/20260908T143317Z-f9ff402067e0.json.gz,1
fda.inspections.history,firm:3007123297,2010-09-23,2026-09-08T14:33:17Z,is_oai,0,bool,fda.inspections.history,raw/fda.inspections.history/2026/09/20260908T143317Z-f9ff402067e0.json.gz,1
fda.inspections.history,firm:3007123297,2010-09-23,2026-09-08T14:33:17Z,label,Ryvelix Company Inc.,,fda.inspections.history,raw/fda.inspections.history/2026/09/20260908T143317Z-f9ff402067e0.json.gz,1
fda.inspections.history,firm:3007291509,2010-09-23,2026-09-08T14:33:17Z,classification,1,ordinal,fda.inspections.history,raw/fda.inspections.history/2026/09/20260908T143317Z-f9ff402067e0.json.gz,1
fda.inspections.history,firm:3007291509,2010-09-23,2026-09-08T14:33:17Z,firm_key,GRACE ANALYTICAL,,fda.inspections.history,raw/fda.inspections.history/2026/09/20260908T143317Z-f9ff402067e0.json.gz,1
fda.inspections.history,firm:3007291509,2010-09-23,2026-09-08T14:33:17Z,inspected,1,count,fda.inspections.history,raw/fda.inspections.history/2026/09/20260908T143317Z-f9ff402067e0.json.gz,1
fda.inspections.history,firm:3007291509,2010-09-23,2026-09-08T14:33:17Z,inspection_end,20100923,yyyymmdd,fda.inspections.history,raw/fda.inspections.history/2026/09/20260908T143317Z-f9ff402067e0.json.gz,1
fda.inspections.history,firm:3007291509,2010-09-23,2026-09-08T14:33:17Z,is_foreign,0,bool,fda.inspections.history,raw/fda.inspections.history/2026/09/20260908T143317Z-f9ff402067e0.json.gz,1
fda.inspections.history,firm:3007291509,2010-09-23,2026-09-08T14:33:17Z,is_oai,0,bool,fda.inspections.history,raw/fda.inspections.history/2026/09/20260908T143317Z-f9ff402067e0.json.gz,1
fda.inspections.history,firm:3007291509,2010-09-23,2026-09-08T14:33:17Z,label,Grace Analytical Lab Inc,,fda.inspections.history,raw/fda.inspections.history/2026/09/20260908T143317Z-f9ff402067e0.json.gz,1
fda.inspections.history,firm:3007299171,2010-09-02,2026-09-08T14:33:17Z,classification,1,ordinal,fda.inspections.history,raw/fda.inspections.history/2026/09/20260908T143317Z-f9ff402067e0.json.gz,1
fda.inspections.history,firm:3007299171,2010-09-02,2026-09-08T14:33:17Z,firm_key,LUIS GARRATON,,fda.inspections.history,raw/fda.inspections.history/2026/09/20260908T143317Z-f9ff402067e0.json.gz,1
fda.inspections.history,firm:3007299171,2010-09-02,2026-09-08T14:33:17Z,inspected,1,count,fda.inspections.history,raw/fda.inspections.history/2026/09/20260908T143317Z-f9ff402067e0.json.gz,1
fda.inspections.history,firm:3007299171,2010-09-02,2026-09-08T14:33:17Z,inspection_end,20100902,yyyymmdd,fda.inspections.history,raw/fda.inspections.history/2026/09/20260908T143317Z-f9ff402067e0.json.gz,1
fda.inspections.history,firm:3007299171,2010-09-02,2026-09-08T14:33:17Z,is_foreign,0,bool,fda.inspections.history,raw/fda.inspections.history/2026/09/20260908T143317Z-f9ff402067e0.json.gz,1
fda.inspections.history,firm:3007299171,2010-09-02,2026-09-08T14:33:17Z,is_oai,0,bool,fda.inspections.history,raw/fda.inspections.history/2026/09/20260908T143317Z-f9ff402067e0.json.gz,1
fda.inspections.history,firm:3007299171,2010-09-02,2026-09-08T14:33:17Z,label,"Luis Garraton, LLC",,fda.inspections.history,raw/fda.inspections.history/2026/09/20260908T143317Z-f9ff402067e0.json.gz,1
fda.inspections.history,firm:3007315690,2010-09-23,2026-09-08T14:33:17Z,classification,2,ordinal,fda.inspections.history,raw/fda.inspections.history/2026/09/20260908T143317Z-f9ff402067e0.json.gz,1
fda.inspections.history,firm:3007315690,2010-09-23,2026-09-08T14:33:17Z,firm_key,PUNJWANI SOHAIL S MD,,fda.inspections.history,raw/fda.inspections.history/2026/09/20260908T143317Z-f9ff402067e0.json.gz,1
fda.inspections.history,firm:3007315690,2010-09-23,2026-09-08T14:33:17Z,inspected,1,count,fda.inspections.history,raw/fda.inspections.history/2026/09/20260908T143317Z-f9ff402067e0.json.gz,1
fda.inspections.history,firm:3007315690,2010-09-23,2026-09-08T14:33:17Z,inspection_end,20100923,yyyymmdd,fda.inspections.history,raw/fda.inspections.history/2026/09/20260908T143317Z-f9ff402067e0.json.gz,1
fda.inspections.history,firm:3007315690,2010-09-23,2026-09-08T14:33:17Z,is_foreign,0,bool,fda.inspections.history,raw/fda.inspections.history/2026/09/20260908T143317Z-f9ff402067e0.json.gz,1
fda.inspections.history,firm:3007315690,2010-09-23,2026-09-08T14:33:17Z,is_oai,1,bool,fda.inspections.history,raw/fda.inspections.history/2026/09/20260908T143317Z-f9ff402067e0.json.gz,1
fda.inspections.history,firm:3007315690,2010-09-23,2026-09-08T14:33:17Z,label,"Punjwani Sohail S., MD",,fda.inspections.history,raw/fda.inspections.history/2026/09/20260908T143317Z-f9ff402067e0.json.gz,1
fda.inspections.history,firm:3007410503,2010-09-24,2026-09-08T14:33:17Z,classification,1,ordinal,fda.inspections.history,raw/fda.inspections.history/2026/09/20260908T143317Z-f9ff402067e0.json.gz,1
fda.inspections.history,firm:3007410503,2010-09-24,2026-09-08T14:33:17Z,firm_key,ICROM SPA,,fda.inspections.history,raw/fda.inspections.history/2026/09/20260908T143317Z-f9ff402067e0.json.gz,1
fda.inspections.history,firm:3007410503,2010-09-24,2026-09-08T14:33:17Z,inspected,1,count,fda.inspections.history,raw/fda.inspections.history/2026/09/20260908T143317Z-f9ff402067e0.json.gz,1
fda.inspections.history,firm:3007410503,2010-09-24,2026-09-08T14:33:17Z,inspection_end,20100924,yyyymmdd,fda.inspections.history,raw/fda.inspections.history/2026/09/20260908T143317Z-f9ff402067e0.json.gz,1
fda.inspections.history,firm:3007410503,2010-09-24,2026-09-08T14:33:17Z,is_foreign,1,bool,fda.inspections.history,raw/fda.inspections.history/2026/09/20260908T143317Z-f9ff402067e0.json.gz,1
fda.inspections.history,firm:3007410503,2010-09-24,2026-09-08T14:33:17Z,is_oai,0,bool,fda.inspections.history,raw/fda.inspections.history/2026/09/20260908T143317Z-f9ff402067e0.json.gz,1
fda.inspections.history,firm:3007410503,2010-09-24,2026-09-08T14:33:17Z,label,Icrom Spa,,fda.inspections.history,raw/fda.inspections.history/2026/09/20260908T143317Z-f9ff402067e0.json.gz,1
fda.inspections.history,firm:3007466295,2010-09-27,2026-09-08T14:33:17Z,classification,1,ordinal,fda.inspections.history,raw/fda.inspections.history/2026/09/20260908T143317Z-f9ff402067e0.json.gz,1
fda.inspections.history,firm:3007466295,2010-09-27,2026-09-08T14:33:17Z,firm_key,PUREPOINT,,fda.inspections.history,raw/fda.inspections.history/2026/09/20260908T143317Z-f9ff402067e0.json.gz,1
fda.inspections.history,firm:3007466295,2010-09-27,2026-09-08T14:33:17Z,inspected,1,count,fda.inspections.history,raw/fda.inspections.history/2026/09/20260908T143317Z-f9ff402067e0.json.gz,1
fda.inspections.history,firm:3007466295,2010-09-27,2026-09-08T14:33:17Z,inspection_end,20100927,yyyymmdd,fda.inspections.history,raw/fda.inspections.history/2026/09/20260908T143317Z-f9ff402067e0.json.gz,1
fda.inspections.history,firm:3007466295,2010-09-27,2026-09-08T14:33:17Z,is_foreign,0,bool,fda.inspections.history,raw/fda.inspections.history/2026/09/20260908T143317Z-f9ff402067e0.json.gz,1
fda.inspections.history,firm:3007466295,2010-09-27,2026-09-08T14:33:17Z,is_oai,0,bool,fda.inspections.history,raw/fda.inspections.history/2026/09/20260908T143317Z-f9ff402067e0.json.gz,1
fda.inspections.history,firm:3007466295,2010-09-27,2026-09-08T14:33:17Z,label,Purepoint Inc.,,fda.inspections.history,raw/fda.inspections.history/2026/09/20260908T143317Z-f9ff402067e0.json.gz,1
fda.inspections.history,firm:3007474579,2010-09-15,2026-09-08T14:33:17Z,classification,0,ordinal,fda.inspections.history,raw/fda.inspections.history/2026/09/20260908T143317Z-f9ff402067e0.json.gz,1
fda.inspections.history,firm:3007474579,2010-09-15,2026-09-08T14:33:17Z,firm_key,SHARP,,fda.inspections.history,raw/fda.inspections.history/2026/09/20260908T143317Z-f9ff402067e0.json.gz,1
fda.inspections.history,firm:3007474579,2010-09-15,2026-09-08T14:33:17Z,inspected,1,count,fda.inspections.history,raw/fda.inspections.history/2026/09/20260908T143317Z-f9ff402067e0.json.gz,1
fda.inspections.history,firm:3007474579,2010-09-15,2026-09-08T14:33:17Z,inspection_end,20100915,yyyymmdd,fda.inspections.history,raw/fda.inspections.history/2026/09/20260908T143317Z-f9ff402067e0.json.gz,1
fda.inspections.history,firm:3007474579,2010-09-15,2026-09-08T14:33:17Z,is_foreign,0,bool,fda.inspections.history,raw/fda.inspections.history/2026/09/20260908T143317Z-f9ff402067e0.json.gz,1
fda.inspections.history,firm:3007474579,2010-09-15,2026-09-08T14:33:17Z,is_oai,0,bool,fda.inspections.history,raw/fda.inspections.history/2026/09/20260908T143317Z-f9ff402067e0.json.gz,1
fda.inspections.history,firm:3007474579,2010-09-15,2026-09-08T14:33:17Z,label,Sharp Corporation,,fda.inspections.history,raw/fda.inspections.history/2026/09/20260908T143317Z-f9ff402067e0.json.gz,1
fda.inspections.history,firm:3007518432,2010-09-16,2026-09-08T14:33:17Z,classification,1,ordinal,fda.inspections.history,raw/fda.inspections.history/2026/09/20260908T143317Z-f9ff402067e0.json.gz,1
fda.inspections.history,firm:3007518432,2010-09-16,2026-09-08T14:33:17Z,firm_key,ACCORD HEALTHCARE,,fda.inspections.history,raw/fda.inspections.history/2026/09/20260908T143317Z-f9ff402067e0.json.gz,1
fda.inspections.history,firm:3007518432,2010-09-16,2026-09-08T14:33:17Z,inspected,1,count,fda.inspections.history,raw/fda.inspections.history/2026/09/20260908T143317Z-f9ff402067e0.json.gz,1
fda.inspections.history,firm:3007518432,2010-09-16,2026-09-08T14:33:17Z,inspection_end,20100916,yyyymmdd,fda.inspections.history,raw/fda.inspections.history/2026/09/20260908T143317Z-f9ff402067e0.json.gz,1
fda.inspections.history,firm:3007518432,2010-09-16,2026-09-08T14:33:17Z,is_foreign,0,bool,fda.inspections.history,raw/fda.inspections.history/2026/09/20260908T143317Z-f9ff402067e0.json.gz,1
fda.inspections.history,firm:3007518432,2010-09-16,2026-09-08T14:33:17Z,is_oai,0,bool,fda.inspections.history,raw/fda.inspections.history/2026/09/20260908T143317Z-f9ff402067e0.json.gz,1
fda.inspections.history,firm:3007518432,2010-09-16,2026-09-08T14:33:17Z,label,"Accord Healthcare, Inc.",,fda.inspections.history,raw/fda.inspections.history/2026/09/20260908T143317Z-f9ff402067e0.json.gz,1
fda.inspections.history,firm:3007582193,2010-09-07,2026-09-08T14:33:17Z,classification,0,ordinal,fda.inspections.history,raw/fda.inspections.history/2026/09/20260908T143317Z-f9ff402067e0.json.gz,1
fda.inspections.history,firm:3007582193,2010-09-07,2026-09-08T14:33:17Z,firm_key,GENUINE FIRST AID,,fda.inspections.history,raw/fda.inspections.history/2026/09/20260908T143317Z-f9ff402067e0.json.gz,1
fda.inspections.history,firm:3007582193,2010-09-07,2026-09-08T14:33:17Z,inspected,1,count,fda.inspections.history,raw/fda.inspections.history/2026/09/20260908T143317Z-f9ff402067e0.json.gz,1
fda.inspections.history,firm:3007582193,2010-09-07,2026-09-08T14:33:17Z,inspection_end,20100907,yyyymmdd,fda.inspections.history,raw/fda.inspections.history/2026/09/20260908T143317Z-f9ff402067e0.json.gz,1
fda.inspections.history,firm:3007582193,2010-09-07,2026-09-08T14:33:17Z,is_foreign,0,bool,fda.inspections.history,raw/fda.inspections.history/2026/09/20260908T143317Z-f9ff402067e0.json.gz,1
fda.inspections.history,firm:3007582193,2010-09-07,2026-09-08T14:33:17Z,is_oai,0,bool,fda.inspections.history,raw/fda.inspections.history/2026/09/20260908T143317Z-f9ff402067e0.json.gz,1
fda.inspections.history,firm:3007582193,2010-09-07,2026-09-08T14:33:17Z,label,Genuine First Aid,,fda.inspections.history,raw/fda.inspections.history/2026/09/20260908T143317Z-f9ff402067e0.json.gz,1
fda.inspections.history,firm:3007719313,2010-09-03,2026-09-08T14:33:17Z,classification,1,ordinal,fda.inspections.history,raw/fda.inspections.history/2026/09/20260908T143317Z-f9ff402067e0.json.gz,1
fda.inspections.history,firm:3007719313,2010-09-03,2026-09-08T14:33:17Z,firm_key,ZHEJIANG HISUN,,fda.inspections.history,raw/fda.inspections.history/2026/09/20260908T143317Z-f9ff402067e0.json.gz,1
fda.inspections.history,firm:3007719313,2010-09-03,2026-09-08T14:33:17Z,inspected,1,count,fda.inspections.history,raw/fda.inspections.history/2026/09/20260908T143317Z-f9ff402067e0.json.gz,1
fda.inspections.history,firm:3007719313,2010-09-03,2026-09-08T14:33:17Z,inspection_end,20100903,yyyymmdd,fda.inspections.history,raw/fda.inspections.history/2026/09/20260908T143317Z-f9ff402067e0.json.gz,1
fda.inspections.history,firm:3007719313,2010-09-03,2026-09-08T14:33:17Z,is_foreign,1,bool,fda.inspections.history,raw/fda.inspections.history/2026/09/20260908T143317Z-f9ff402067e0.json.gz,1
fda.inspections.history,firm:3007719313,2010-09-03,2026-09-08T14:33:17Z,is_oai,0,bool,fda.inspections.history,raw/fda.inspections.history/2026/09/20260908T143317Z-f9ff402067e0.json.gz,1
fda.inspections.history,firm:3007719313,2010-09-03,2026-09-08T14:33:17Z,label,"Zhejiang Hisun Pharmaceutical Co., Ltd.",,fda.inspections.history,raw/fda.inspections.history/2026/09/20260908T143317Z-f9ff402067e0.json.gz,1
fda.inspections.history,firm:3007719313,2010-09-09,2026-09-08T14:33:17Z,classification,0,ordinal,fda.inspections.history,raw/fda.inspections.history/2026/09/20260908T143317Z-f9ff402067e0.json.gz,1
fda.inspections.history,firm:3007719313,2010-09-09,2026-09-08T14:33:17Z,firm_key,ZHEJIANG HISUN,,fda.inspections.history,raw/fda.inspections.history/2026/09/20260908T143317Z-f9ff402067e0.json.gz,1
fda.inspections.history,firm:3007719313,2010-09-09,2026-09-08T14:33:17Z,inspected,1,count,fda.inspections.history,raw/fda.inspections.history/2026/09/20260908T143317Z-f9ff402067e0.json.gz,1
fda.inspections.history,firm:3007719313,2010-09-09,2026-09-08T14:33:17Z,inspection_end,20100909,yyyymmdd,fda.inspections.history,raw/fda.inspections.history/2026/09/20260908T143317Z-f9ff402067e0.json.gz,1
fda.inspections.history,firm:3007719313,2010-09-09,2026-09-08T14:33:17Z,is_foreign,1,bool,fda.inspections.history,raw/fda.inspections.history/2026/09/20260908T143317Z-f9ff402067e0.json.gz,1
fda.inspections.history,firm:3007719313,2010-09-09,2026-09-08T14:33:17Z,is_oai,0,bool,fda.inspections.history,raw/fda.inspections.history/2026/09/20260908T143317Z-f9ff402067e0.json.gz,1
fda.inspections.history,firm:3007719313,2010-09-09,2026-09-08T14:33:17Z,label,"Zhejiang Hisun Pharmaceutical Co., Ltd.",,fda.inspections.history,raw/fda.inspections.history/2026/09/20260908T143317Z-f9ff402067e0.json.gz,1
fda.inspections.history,firm:3007899469,2010-09-09,2026-09-08T14:33:17Z,classification,1,ordinal,fda.inspections.history,raw/fda.inspections.history/2026/09/20260908T143317Z-f9ff402067e0.json.gz,1
fda.inspections.history,firm:3007899469,2010-09-09,2026-09-08T14:33:17Z,firm_key,NOVA SOUTHEASTERN UNIVERSITY IRB 1,,fda.inspections.history,raw/fda.inspections.history/2026/09/20260908T143317Z-f9ff402067e0.json.gz,1
fda.inspections.history,firm:3007899469,2010-09-09,2026-09-08T14:33:17Z,inspected,1,count,fda.inspections.history,raw/fda.inspections.history/2026/09/20260908T143317Z-f9ff402067e0.json.gz,1
fda.inspections.history,firm:3007899469,2010-09-09,2026-09-08T14:33:17Z,inspection_end,20100909,yyyymmdd,fda.inspections.history,raw/fda.inspections.history/2026/09/20260908T143317Z-f9ff402067e0.json.gz,1
fda.inspections.history,firm:3007899469,2010-09-09,2026-09-08T14:33:17Z,is_foreign,0,bool,fda.inspections.history,raw/fda.inspections.history/2026/09/20260908T143317Z-f9ff402067e0.json.gz,1
fda.inspections.history,firm:3007899469,2010-09-09,2026-09-08T14:33:17Z,is_oai,0,bool,fda.inspections.history,raw/fda.inspections.history/2026/09/20260908T143317Z-f9ff402067e0.json.gz,1
fda.inspections.history,firm:3007899469,2010-09-09,2026-09-08T14:33:17Z,label,Nova Southeastern University IRB #1,,fda.inspections.history,raw/fda.inspections.history/2026/09/20260908T143317Z-f9ff402067e0.json.gz,1
fda.inspections.history,firm:3008079406,2010-09-14,2026-09-08T14:33:17Z,classification,1,ordinal,fda.inspections.history,raw/fda.inspections.history/2026/09/20260908T143317Z-f9ff402067e0.json.gz,1
fda.inspections.history,firm:3008079406,2010-09-14,2026-09-08T14:33:17Z,firm_key,MEDISCA,,fda.inspections.history,raw/fda.inspections.history/2026/09/20260908T143317Z-f9ff402067e0.json.gz,1
fda.inspections.history,firm:3008079406,2010-09-14,2026-09-08T14:33:17Z,inspected,1,count,fda.inspections.history,raw/fda.inspections.history/2026/09/20260908T143317Z-f9ff402067e0.json.gz,1
fda.inspections.history,firm:3008079406,2010-09-14,2026-09-08T14:33:17Z,inspection_end,20100914,yyyymmdd,fda.inspections.history,raw/fda.inspections.history/2026/09/20260908T143317Z-f9ff402067e0.json.gz,1
fda.inspections.history,firm:3008079406,2010-09-14,2026-09-08T14:33:17Z,is_foreign,0,bool,fda.inspections.history,raw/fda.inspections.history/2026/09/20260908T143317Z-f9ff402067e0.json.gz,1
fda.inspections.history,firm:3008079406,2010-09-14,2026-09-08T14:33:17Z,is_oai,0,bool,fda.inspections.history,raw/fda.inspections.history/2026/09/20260908T143317Z-f9ff402067e0.json.gz,1
fda.inspections.history,firm:3008079406,2010-09-14,2026-09-08T14:33:17Z,label,Medisca Inc,,fda.inspections.history,raw/fda.inspections.history/2026/09/20260908T143317Z-f9ff402067e0.json.gz,1
fda.inspections.history,firm:3008266095,2010-09-17,2026-09-08T14:33:17Z,classification,1,ordinal,fda.inspections.history,raw/fda.inspections.history/2026/09/20260908T143317Z-f9ff402067e0.json.gz,1
fda.inspections.history,firm:3008266095,2010-09-17,2026-09-08T14:33:17Z,firm_key,PROF DR RAIMUND JAKESZ,,fda.inspections.history,raw/fda.inspections.history/2026/09/20260908T143317Z-f9ff402067e0.json.gz,1
fda.inspections.history,firm:3008266095,2010-09-17,2026-09-08T14:33:17Z,inspected,1,count,fda.inspections.history,raw/fda.inspections.history/2026/09/20260908T143317Z-f9ff402067e0.json.gz,1
fda.inspections.history,firm:3008266095,2010-09-17,2026-09-08T14:33:17Z,inspection_end,20100917,yyyymmdd,fda.inspections.history,raw/fda.inspections.history/2026/09/20260908T143317Z-f9ff402067e0.json.gz,1
fda.inspections.history,firm:3008266095,2010-09-17,2026-09-08T14:33:17Z,is_foreign,1,bool,fda.inspections.history,raw/fda.inspections.history/2026/09/20260908T143317Z-f9ff402067e0.json.gz,1
fda.inspections.history,firm:3008266095,2010-09-17,2026-09-08T14:33:17Z,is_oai,0,bool,fda.inspections.history,raw/fda.inspections.history/2026/09/20260908T143317Z-f9ff402067e0.json.gz,1
fda.inspections.history,firm:3008266095,2010-09-17,2026-09-08T14:33:17Z,label,Prof. Dr. Raimund Jakesz,,fda.inspections.history,raw/fda.inspections.history/2026/09/20260908T143317Z-f9ff402067e0.json.gz,1
fda.inspections.history,firm:3008286826,2010-09-13,2026-09-08T14:33:17Z,classification,2,ordinal,fda.inspections.history,raw/fda.inspections.history/2026/09/20260908T143317Z-f9ff402067e0.json.gz,1
fda.inspections.history,firm:3008286826,2010-09-13,2026-09-08T14:33:17Z,firm_key,JUDITH RATZAN,,fda.inspections.history,raw/fda.inspections.history/2026/09/20260908T143317Z-f9ff402067e0.json.gz,1
fda.inspections.history,firm:3008286826,2010-09-13,2026-09-08T14:33:17Z,inspected,1,count,fda.inspections.history,raw/fda.inspections.history/2026/09/20260908T143317Z-f9ff402067e0.json.gz,1
fda.inspections.history,firm:3008286826,2010-09-13,2026-09-08T14:33:17Z,inspection_end,20100913,yyyymmdd,fda.inspections.history,raw/fda.inspections.history/2026/09/20260908T143317Z-f9ff402067e0.json.gz,1
fda.inspections.history,firm:3008286826,2010-09-13,2026-09-08T14:33:17Z,is_foreign,0,bool,fda.inspections.history,raw/fda.inspections.history/2026/09/20260908T143317Z-f9ff402067e0.json.gz,1
fda.inspections.history,firm:3008286826,2010-09-13,2026-09-08T14:33:17Z,is_oai,1,bool,fda.inspections.history,raw/fda.inspections.history/2026/09/20260908T143317Z-f9ff402067e0.json.gz,1
fda.inspections.history,firm:3008286826,2010-09-13,2026-09-08T14:33:17Z,label,Judith Ratzan,,fda.inspections.history,raw/fda.inspections.history/2026/09/20260908T143317Z-f9ff402067e0.json.gz,1
fda.inspections.history,firm:3008320758,2010-09-17,2026-09-08T14:33:17Z,classification,1,ordinal,fda.inspections.history,raw/fda.inspections.history/2026/09/20260908T143317Z-f9ff402067e0.json.gz,1
fda.inspections.history,firm:3008320758,2010-09-17,2026-09-08T14:33:17Z,firm_key,SHANDONG RUIYING PIONEER,,fda.inspections.history,raw/fda.inspections.history/2026/09/20260908T143317Z-f9ff402067e0.json.gz,1
fda.inspections.history,firm:3008320758,2010-09-17,2026-09-08T14:33:17Z,inspected,1,count,fda.inspections.history,raw/fda.inspections.history/2026/09/20260908T143317Z-f9ff402067e0.json.gz,1
fda.inspections.history,firm:3008320758,2010-09-17,2026-09-08T14:33:17Z,inspection_end,20100917,yyyymmdd,fda.inspections.history,raw/fda.inspections.history/2026/09/20260908T143317Z-f9ff402067e0.json.gz,1
fda.inspections.history,firm:3008320758,2010-09-17,2026-09-08T14:33:17Z,is_foreign,1,bool,fda.inspections.history,raw/fda.inspections.history/2026/09/20260908T143317Z-f9ff402067e0.json.gz,1
fda.inspections.history,firm:3008320758,2010-09-17,2026-09-08T14:33:17Z,is_oai,0,bool,fda.inspections.history,raw/fda.inspections.history/2026/09/20260908T143317Z-f9ff402067e0.json.gz,1
fda.inspections.history,firm:3008320758,2010-09-17,2026-09-08T14:33:17Z,label,"Shandong Ruiying Pioneer Pharmaceutical Co., Ltd",,fda.inspections.history,raw/fda.inspections.history/2026/09/20260908T143317Z-f9ff402067e0.json.gz,1
fda.inspections.history,firm:3008342971,2010-09-16,2026-09-08T14:33:17Z,classification,1,ordinal,fda.inspections.history,raw/fda.inspections.history/2026/09/20260908T143317Z-f9ff402067e0.json.gz,1
fda.inspections.history,firm:3008342971,2010-09-16,2026-09-08T14:33:17Z,firm_key,SANKYO KASEI,,fda.inspections.history,raw/fda.inspections.history/2026/09/20260908T143317Z-f9ff402067e0.json.gz,1
fda.inspections.history,firm:3008342971,2010-09-16,2026-09-08T14:33:17Z,inspected,1,count,fda.inspections.history,raw/fda.inspections.history/2026/09/20260908T143317Z-f9ff402067e0.json.gz,1
fda.inspections.history,firm:3008342971,2010-09-16,2026-09-08T14:33:17Z,inspection_end,20100916,yyyymmdd,fda.inspections.history,raw/fda.inspections.history/2026/09/20260908T143317Z-f9ff402067e0.json.gz,1
fda.inspections.history,firm:3008342971,2010-09-16,2026-09-08T14:33:17Z,is_foreign,1,bool,fda.inspections.history,raw/fda.inspections.history/2026/09/20260908T143317Z-f9ff402067e0.json.gz,1
fda.inspections.history,firm:3008342971,2010-09-16,2026-09-08T14:33:17Z,is_oai,0,bool,fda.inspections.history,raw/fda.inspections.history/2026/09/20260908T143317Z-f9ff402067e0.json.gz,1
fda.inspections.history,firm:3008342971,2010-09-16,2026-09-08T14:33:17Z,label,"Sankyo Kasei Co., Ltd.",,fda.inspections.history,raw/fda.inspections.history/2026/09/20260908T143317Z-f9ff402067e0.json.gz,1
fda.inspections.history,firm:3008354913,2010-09-02,2026-09-08T14:33:17Z,classification,0,ordinal,fda.inspections.history,raw/fda.inspections.history/2026/09/20260908T143317Z-f9ff402067e0.json.gz,1
fda.inspections.history,firm:3008354913,2010-09-02,2026-09-08T14:33:17Z,firm_key,NALPROPION,,fda.inspections.history,raw/fda.inspections.history/2026/09/20260908T143317Z-f9ff402067e0.json.gz,1
fda.inspections.history,firm:3008354913,2010-09-02,2026-09-08T14:33:17Z,inspected,1,count,fda.inspections.history,raw/fda.inspections.history/2026/09/20260908T143317Z-f9ff402067e0.json.gz,1
fda.inspections.history,firm:3008354913,2010-09-02,2026-09-08T14:33:17Z,inspection_end,20100902,yyyymmdd,fda.inspections.history,raw/fda.inspections.history/2026/09/20260908T143317Z-f9ff402067e0.json.gz,1
fda.inspections.history,firm:3008354913,2010-09-02,2026-09-08T14:33:17Z,is_foreign,0,bool,fda.inspections.history,raw/fda.inspections.history/2026/09/20260908T143317Z-f9ff402067e0.json.gz,1
fda.inspections.history,firm:3008354913,2010-09-02,2026-09-08T14:33:17Z,is_oai,0,bool,fda.inspections.history,raw/fda.inspections.history/2026/09/20260908T143317Z-f9ff402067e0.json.gz,1
fda.inspections.history,firm:3008354913,2010-09-02,2026-09-08T14:33:17Z,label,"Nalpropion Pharmaceuticals, Inc.",,fda.inspections.history,raw/fda.inspections.history/2026/09/20260908T143317Z-f9ff402067e0.json.gz,1
fda.inspections.history,firm:3008366887,2010-09-10,2026-09-08T14:33:17Z,classification,0,ordinal,fda.inspections.history,raw/fda.inspections.history/2026/09/20260908T143317Z-f9ff402067e0.json.gz,1
fda.inspections.history,firm:3008366887,2010-09-10,2026-09-08T14:33:17Z,firm_key,REVAZ TABUKASHVILI,,fda.inspections.history,raw/fda.inspections.history/2026/09/20260908T143317Z-f9ff402067e0.json.gz,1
fda.inspections.history,firm:3008366887,2010-09-10,2026-09-08T14:33:17Z,inspected,1,count,fda.inspections.history,raw/fda.inspections.history/2026/09/20260908T143317Z-f9ff402067e0.json.gz,1
fda.inspections.history,firm:3008366887,2010-09-10,2026-09-08T14:33:17Z,inspection_end,20100910,yyyymmdd,fda.inspections.history,raw/fda.inspections.history/2026/09/20260908T143317Z-f9ff402067e0.json.gz,1
fda.inspections.history,firm:3008366887,2010-09-10,2026-09-08T14:33:17Z,is_foreign,1,bool,fda.inspections.history,raw/fda.inspections.history/2026/09/20260908T143317Z-f9ff402067e0.json.gz,1
fda.inspections.history,firm:3008366887,2010-09-10,2026-09-08T14:33:17Z,is_oai,0,bool,fda.inspections.history,raw/fda.inspections.history/2026/09/20260908T143317Z-f9ff402067e0.json.gz,1
fda.inspections.history,firm:3008366887,2010-09-10,2026-09-08T14:33:17Z,label,Revaz Tabukashvili,,fda.inspections.history,raw/fda.inspections.history/2026/09/20260908T143317Z-f9ff402067e0.json.gz,1
fda.inspections.history,firm:3008410578,2010-09-20,2026-09-08T14:33:17Z,classification,1,ordinal,fda.inspections.history,raw/fda.inspections.history/2026/09/20260908T143317Z-f9ff402067e0.json.gz,1
fda.inspections.history,firm:3008410578,2010-09-20,2026-09-08T14:33:17Z,firm_key,ILIVICKY DR HOWARD J,,fda.inspections.history,raw/fda.inspections.history/2026/09/20260908T143317Z-f9ff402067e0.json.gz,1
fda.inspections.history,firm:3008410578,2010-09-20,2026-09-08T14:33:17Z,inspected,1,count,fda.inspections.history,raw/fda.inspections.history/2026/09/20260908T143317Z-f9ff402067e0.json.gz,1
fda.inspections.history,firm:3008410578,2010-09-20,2026-09-08T14:33:17Z,inspection_end,20100920,yyyymmdd,fda.inspections.history,raw/fda.inspections.history/2026/09/20260908T143317Z-f9ff402067e0.json.gz,1
fda.inspections.history,firm:3008410578,2010-09-20,2026-09-08T14:33:17Z,is_foreign,0,bool,fda.inspections.history,raw/fda.inspections.history/2026/09/20260908T143317Z-f9ff402067e0.json.gz,1
fda.inspections.history,firm:3008410578,2010-09-20,2026-09-08T14:33:17Z,is_oai,0,bool,fda.inspections.history,raw/fda.inspections.history/2026/09/20260908T143317Z-f9ff402067e0.json.gz,1
fda.inspections.history,firm:3008410578,2010-09-20,2026-09-08T14:33:17Z,label,"Ilivicky, Dr Howard J",,fda.inspections.history,raw/fda.inspections.history/2026/09/20260908T143317Z-f9ff402067e0.json.gz,1
fda.inspections.history,firm:3008412431,2010-09-23,2026-09-08T14:33:17Z,classification,1,ordinal,fda.inspections.history,raw/fda.inspections.history/2026/09/20260908T143317Z-f9ff402067e0.json.gz,1
fda.inspections.history,firm:3008412431,2010-09-23,2026-09-08T14:33:17Z,firm_key,NATHAN M BASS MD PHD,,fda.inspections.history,raw/fda.inspections.history/2026/09/20260908T143317Z-f9ff402067e0.json.gz,1
fda.inspections.history,firm:3008412431,2010-09-23,2026-09-08T14:33:17Z,inspected,1,count,fda.inspections.history,raw/fda.inspections.history/2026/09/20260908T143317Z-f9ff402067e0.json.gz,1
fda.inspections.history,firm:3008412431,2010-09-23,2026-09-08T14:33:17Z,inspection_end,20100923,yyyymmdd,fda.inspections.history,raw/fda.inspections.history/2026/09/20260908T143317Z-f9ff402067e0.json.gz,1
fda.inspections.history,firm:3008412431,2010-09-23,2026-09-08T14:33:17Z,is_foreign,0,bool,fda.inspections.history,raw/fda.inspections.history/2026/09/20260908T143317Z-f9ff402067e0.json.gz,1
fda.inspections.history,firm:3008412431,2010-09-23,2026-09-08T14:33:17Z,is_oai,0,bool,fda.inspections.history,raw/fda.inspections.history/2026/09/20260908T143317Z-f9ff402067e0.json.gz,1
fda.inspections.history,firm:3008412431,2010-09-23,2026-09-08T14:33:17Z,label,"Nathan M. Bass, MD, PhD",,fda.inspections.history,raw/fda.inspections.history/2026/09/20260908T143317Z-f9ff402067e0.json.gz,1
fda.inspections.history,firm:3008412445,2010-09-14,2026-09-08T14:33:17Z,classification,1,ordinal,fda.inspections.history,raw/fda.inspections.history/2026/09/20260908T143317Z-f9ff402067e0.json.gz,1
fda.inspections.history,firm:3008412445,2010-09-14,2026-09-08T14:33:17Z,firm_key,RICHARD TODD STRAVITZ M D,,fda.inspections.history,raw/fda.inspections.history/2026/09/20260908T143317Z-f9ff402067e0.json.gz,1
fda.inspections.history,firm:3008412445,2010-09-14,2026-09-08T14:33:17Z,inspected,1,count,fda.inspections.history,raw/fda.inspections.history/2026/09/20260908T143317Z-f9ff402067e0.json.gz,1
fda.inspections.history,firm:3008412445,2010-09-14,2026-09-08T14:33:17Z,inspection_end,20100914,yyyymmdd,fda.inspections.history,raw/fda.inspections.history/2026/09/20260908T143317Z-f9ff402067e0.json.gz,1
fda.inspections.history,firm:3008412445,2010-09-14,2026-09-08T14:33:17Z,is_foreign,0,bool,fda.inspections.history,raw/fda.inspections.history/2026/09/20260908T143317Z-f9ff402067e0.json.gz,1
fda.inspections.history,firm:3008412445,2010-09-14,2026-09-08T14:33:17Z,is_oai,0,bool,fda.inspections.history,raw/fda.inspections.history/2026/09/20260908T143317Z-f9ff402067e0.json.gz,1
fda.inspections.history,firm:3008412445,2010-09-14,2026-09-08T14:33:17Z,label,"Richard Todd Stravitz, M.D.",,fda.inspections.history,raw/fda.inspections.history/2026/09/20260908T143317Z-f9ff402067e0.json.gz,1
fda.inspections.history,firm:3008418594,2010-09-14,2026-09-08T14:33:17Z,classification,0,ordinal,fda.inspections.history,raw/fda.inspections.history/2026/09/20260908T143317Z-f9ff402067e0.json.gz,1
fda.inspections.history,firm:3008418594,2010-09-14,2026-09-08T14:33:17Z,firm_key,WILLIAM ABRAHAM,,fda.inspections.history,raw/fda.inspections.history/2026/09/20260908T143317Z-f9ff402067e0.json.gz,1
fda.inspections.history,firm:3008418594,2010-09-14,2026-09-08T14:33:17Z,inspected,1,count,fda.inspections.history,raw/fda.inspections.history/2026/09/20260908T143317Z-f9ff402067e0.json.gz,1
fda.inspections.history,firm:3008418594,2010-09-14,2026-09-08T14:33:17Z,inspection_end,20100914,yyyymmdd,fda.inspections.history,raw/fda.inspections.history/2026/09/20260908T143317Z-f9ff402067e0.json.gz,1
fda.inspections.history,firm:3008418594,2010-09-14,2026-09-08T14:33:17Z,is_foreign,0,bool,fda.inspections.history,raw/fda.inspections.history/2026/09/20260908T143317Z-f9ff402067e0.json.gz,1
fda.inspections.history,firm:3008418594,2010-09-14,2026-09-08T14:33:17Z,is_oai,0,bool,fda.inspections.history,raw/fda.inspections.history/2026/09/20260908T143317Z-f9ff402067e0.json.gz,1
fda.inspections.history,firm:3008418594,2010-09-14,2026-09-08T14:33:17Z,label,William Abraham,,fda.inspections.history,raw/fda.inspections.history/2026/09/20260908T143317Z-f9ff402067e0.json.gz,1
fda.inspections.history,firm:3008418608,2010-09-23,2026-09-08T14:33:17Z,classification,2,ordinal,fda.inspections.history,raw/fda.inspections.history/2026/09/20260908T143317Z-f9ff402067e0.json.gz,1
fda.inspections.history,firm:3008418608,2010-09-23,2026-09-08T14:33:17Z,firm_key,VAUGHN H MANCHA JR M D,,fda.inspections.history,raw/fda.inspections.history/2026/09/20260908T143317Z-f9ff402067e0.json.gz,1
fda.inspections.history,firm:3008418608,2010-09-23,2026-09-08T14:33:17Z,inspected,1,count,fda.inspections.history,raw/fda.inspections.history/2026/09/20260908T143317Z-f9ff402067e0.json.gz,1
fda.inspections.history,firm:3008418608,2010-09-23,2026-09-08T14:33:17Z,inspection_end,20100923,yyyymmdd,fda.inspections.history,raw/fda.inspections.history/2026/09/20260908T143317Z-f9ff402067e0.json.gz,1
fda.inspections.history,firm:3008418608,2010-09-23,2026-09-08T14:33:17Z,is_foreign,0,bool,fda.inspections.history,raw/fda.inspections.history/2026/09/20260908T143317Z-f9ff402067e0.json.gz,1
fda.inspections.history,firm:3008418608,2010-09-23,2026-09-08T14:33:17Z,is_oai,1,bool,fda.inspections.history,raw/fda.inspections.history/2026/09/20260908T143317Z-f9ff402067e0.json.gz,1
fda.inspections.history,firm:3008418608,2010-09-23,2026-09-08T14:33:17Z,label,Vaughn H Mancha Jr M D,,fda.inspections.history,raw/fda.inspections.history/2026/09/20260908T143317Z-f9ff402067e0.json.gz,1
fda.inspections.history,firm:3008420337,2010-09-20,2026-09-08T14:33:17Z,classification,0,ordinal,fda.inspections.history,raw/fda.inspections.history/2026/09/20260908T143317Z-f9ff402067e0.json.gz,1
fda.inspections.history,firm:3008420337,2010-09-20,2026-09-08T14:33:17Z,firm_key,PABLO E PERGOLA M D PH D,,fda.inspections.history,raw/fda.inspections.history/2026/09/20260908T143317Z-f9ff402067e0.json.gz,1
fda.inspections.history,firm:3008420337,2010-09-20,2026-09-08T14:33:17Z,inspected,1,count,fda.inspections.history,raw/fda.inspections.history/2026/09/20260908T143317Z-f9ff402067e0.json.gz,1
fda.inspections.history,firm:3008420337,2010-09-20,2026-09-08T14:33:17Z,inspection_end,20100920,yyyymmdd,fda.inspections.history,raw/fda.inspections.history/2026/09/20260908T143317Z-f9ff402067e0.json.gz,1
fda.inspections.history,firm:3008420337,2010-09-20,2026-09-08T14:33:17Z,is_foreign,0,bool,fda.inspections.history,raw/fda.inspections.history/2026/09/20260908T143317Z-f9ff402067e0.json.gz,1
fda.inspections.history,firm:3008420337,2010-09-20,2026-09-08T14:33:17Z,is_oai,0,bool,fda.inspections.history,raw/fda.inspections.history/2026/09/20260908T143317Z-f9ff402067e0.json.gz,1
fda.inspections.history,firm:3008420337,2010-09-20,2026-09-08T14:33:17Z,label,"Pablo E. Pergola, M.D., Ph.D.",,fda.inspections.history,raw/fda.inspections.history/2026/09/20260908T143317Z-f9ff402067e0.json.gz,1
fda.inspections.history,firm:3008429674,2010-09-03,2026-09-08T14:33:17Z,classification,2,ordinal,fda.inspections.history,raw/fda.inspections.history/2026/09/20260908T143317Z-f9ff402067e0.json.gz,1
fda.inspections.history,firm:3008429674,2010-09-03,2026-09-08T14:33:17Z,firm_key,JEFFREY HOROWITZ,,fda.inspections.history,raw/fda.inspections.history/2026/09/20260908T143317Z-f9ff402067e0.json.gz,1
fda.inspections.history,firm:3008429674,2010-09-03,2026-09-08T14:33:17Z,inspected,1,count,fda.inspections.history,raw/fda.inspections.history/2026/09/20260908T143317Z-f9ff402067e0.json.gz,1
fda.inspections.history,firm:3008429674,2010-09-03,2026-09-08T14:33:17Z,inspection_end,20100903,yyyymmdd,fda.inspections.history,raw/fda.inspections.history/2026/09/20260908T143317Z-f9ff402067e0.json.gz,1
fda.inspections.history,firm:3008429674,2010-09-03,2026-09-08T14:33:17Z,is_foreign,0,bool,fda.inspections.history,raw/fda.inspections.history/2026/09/20260908T143317Z-f9ff402067e0.json.gz,1
fda.inspections.history,firm:3008429674,2010-09-03,2026-09-08T14:33:17Z,is_oai,1,bool,fda.inspections.history,raw/fda.inspections.history/2026/09/20260908T143317Z-f9ff402067e0.json.gz,1
fda.inspections.history,firm:3008429674,2010-09-03,2026-09-08T14:33:17Z,label,Jeffrey Horowitz,,fda.inspections.history,raw/fda.inspections.history/2026/09/20260908T143317Z-f9ff402067e0.json.gz,1
fda.inspections.history,firm:3008429960,2010-09-20,2026-09-08T14:33:17Z,classification,1,ordinal,fda.inspections.history,raw/fda.inspections.history/2026/09/20260908T143317Z-f9ff402067e0.json.gz,1
fda.inspections.history,firm:3008429960,2010-09-20,2026-09-08T14:33:17Z,firm_key,LINDA GLASER,,fda.inspections.history,raw/fda.inspections.history/2026/09/20260908T143317Z-f9ff402067e0.json.gz,1
fda.inspections.history,firm:3008429960,2010-09-20,2026-09-08T14:33:17Z,inspected,1,count,fda.inspections.history,raw/fda.inspections.history/2026/09/20260908T143317Z-f9ff402067e0.json.gz,1
fda.inspections.history,firm:3008429960,2010-09-20,2026-09-08T14:33:17Z,inspection_end,20100920,yyyymmdd,fda.inspections.history,raw/fda.inspections.history/2026/09/20260908T143317Z-f9ff402067e0.json.gz,1
fda.inspections.history,firm:3008429960,2010-09-20,2026-09-08T14:33:17Z,is_foreign,0,bool,fda.inspections.history,raw/fda.inspections.history/2026/09/20260908T143317Z-f9ff402067e0.json.gz,1
fda.inspections.history,firm:3008429960,2010-09-20,2026-09-08T14:33:17Z,is_oai,0,bool,fda.inspections.history,raw/fda.inspections.history/2026/09/20260908T143317Z-f9ff402067e0.json.gz,1
fda.inspections.history,firm:3008429960,2010-09-20,2026-09-08T14:33:17Z,label,Linda Glaser,,fda.inspections.history,raw/fda.inspections.history/2026/09/20260908T143317Z-f9ff402067e0.json.gz,1
fda.inspections.history,firm:3008431286,2010-09-13,2026-09-08T14:33:17Z,classification,1,ordinal,fda.inspections.history,raw/fda.inspections.history/2026/09/20260908T143317Z-f9ff402067e0.json.gz,1
fda.inspections.history,firm:3008431286,2010-09-13,2026-09-08T14:33:17Z,firm_key,THOMAS CHANG M D,,fda.inspections.history,raw/fda.inspections.history/2026/09/20260908T143317Z-f9ff402067e0.json.gz,1
fda.inspections.history,firm:3008431286,2010-09-13,2026-09-08T14:33:17Z,inspected,1,count,fda.inspections.history,raw/fda.inspections.history/2026/09/20260908T143317Z-f9ff402067e0.json.gz,1
fda.inspections.history,firm:3008431286,2010-09-13,2026-09-08T14:33:17Z,inspection_end,20100913,yyyymmdd,fda.inspections.history,raw/fda.inspections.history/2026/09/20260908T143317Z-f9ff402067e0.json.gz,1
fda.inspections.history,firm:3008431286,2010-09-13,2026-09-08T14:33:17Z,is_foreign,0,bool,fda.inspections.history,raw/fda.inspections.history/2026/09/20260908T143317Z-f9ff402067e0.json.gz,1
fda.inspections.history,firm:3008431286,2010-09-13,2026-09-08T14:33:17Z,is_oai,0,bool,fda.inspections.history,raw/fda.inspections.history/2026/09/20260908T143317Z-f9ff402067e0.json.gz,1
fda.inspections.history,firm:3008431286,2010-09-13,2026-09-08T14:33:17Z,label,"Thomas Chang, M.D.",,fda.inspections.history,raw/fda.inspections.history/2026/09/20260908T143317Z-f9ff402067e0.json.gz,1
fda.inspections.history,firm:3008431846,2010-09-22,2026-09-08T14:33:17Z,classification,0,ordinal,fda.inspections.history,raw/fda.inspections.history/2026/09/20260908T143317Z-f9ff402067e0.json.gz,1
fda.inspections.history,firm:3008431846,2010-09-22,2026-09-08T14:33:17Z,firm_key,SHELLY L DUNMYER MD,,fda.inspections.history,raw/fda.inspections.history/2026/09/20260908T143317Z-f9ff402067e0.json.gz,1
fda.inspections.history,firm:3008431846,2010-09-22,2026-09-08T14:33:17Z,inspected,1,count,fda.inspections.history,raw/fda.inspections.history/2026/09/20260908T143317Z-f9ff402067e0.json.gz,1
fda.inspections.history,firm:3008431846,2010-09-22,2026-09-08T14:33:17Z,inspection_end,20100922,yyyymmdd,fda.inspections.history,raw/fda.inspections.history/2026/09/20260908T143317Z-f9ff402067e0.json.gz,1
fda.inspections.history,firm:3008431846,2010-09-22,2026-09-08T14:33:17Z,is_foreign,0,bool,fda.inspections.history,raw/fda.inspections.history/2026/09/20260908T143317Z-f9ff402067e0.json.gz,1
fda.inspections.history,firm:3008431846,2010-09-22,2026-09-08T14:33:17Z,is_oai,0,bool,fda.inspections.history,raw/fda.inspections.history/2026/09/20260908T143317Z-f9ff402067e0.json.gz,1
fda.inspections.history,firm:3008431846,2010-09-22,2026-09-08T14:33:17Z,label,Shelly L Dunmyer MD,,fda.inspections.history,raw/fda.inspections.history/2026/09/20260908T143317Z-f9ff402067e0.json.gz,1
fda.inspections.history,firm:3008439098,2010-09-30,2026-09-08T14:33:17Z,classification,1,ordinal,fda.inspections.history,raw/fda.inspections.history/2026/09/20260908T143317Z-f9ff402067e0.json.gz,1
fda.inspections.history,firm:3008439098,2010-09-30,2026-09-08T14:33:17Z,firm_key,BENJAMIN D GOLD M D,,fda.inspections.history,raw/fda.inspections.history/2026/09/20260908T143317Z-f9ff402067e0.json.gz,1
fda.inspections.history,firm:3008439098,2010-09-30,2026-09-08T14:33:17Z,inspected,1,count,fda.inspections.history,raw/fda.inspections.history/2026/09/20260908T143317Z-f9ff402067e0.json.gz,1
fda.inspections.history,firm:3008439098,2010-09-30,2026-09-08T14:33:17Z,inspection_end,20100930,yyyymmdd,fda.inspections.history,raw/fda.inspections.history/2026/09/20260908T143317Z-f9ff402067e0.json.gz,1
fda.inspections.history,firm:3008439098,2010-09-30,2026-09-08T14:33:17Z,is_foreign,0,bool,fda.inspections.history,raw/fda.inspections.history/2026/09/20260908T143317Z-f9ff402067e0.json.gz,1
fda.inspections.history,firm:3008439098,2010-09-30,2026-09-08T14:33:17Z,is_oai,0,bool,fda.inspections.history,raw/fda.inspections.history/2026/09/20260908T143317Z-f9ff402067e0.json.gz,1
fda.inspections.history,firm:3008439098,2010-09-30,2026-09-08T14:33:17Z,label,"Benjamin D. Gold, M.D.",,fda.inspections.history,raw/fda.inspections.history/2026/09/20260908T143317Z-f9ff402067e0.json.gz,1
fda.inspections.history,firm:3008439099,2010-09-27,2026-09-08T14:33:17Z,classification,1,ordinal,fda.inspections.history,raw/fda.inspections.history/2026/09/20260908T143317Z-f9ff402067e0.json.gz,1
fda.inspections.history,firm:3008439099,2010-09-27,2026-09-08T14:33:17Z,firm_key,GUY A YOUNG M D,,fda.inspections.history,raw/fda.inspections.history/2026/09/20260908T143317Z-f9ff402067e0.json.gz,1
fda.inspections.history,firm:3008439099,2010-09-27,2026-09-08T14:33:17Z,inspected,1,count,fda.inspections.history,raw/fda.inspections.history/2026/09/20260908T143317Z-f9ff402067e0.json.gz,1
fda.inspections.history,firm:3008439099,2010-09-27,2026-09-08T14:33:17Z,inspection_end,20100927,yyyymmdd,fda.inspections.history,raw/fda.inspections.history/2026/09/20260908T143317Z-f9ff402067e0.json.gz,1
fda.inspections.history,firm:3008439099,2010-09-27,2026-09-08T14:33:17Z,is_foreign,0,bool,fda.inspections.history,raw/fda.inspections.history/2026/09/20260908T143317Z-f9ff402067e0.json.gz,1
fda.inspections.history,firm:3008439099,2010-09-27,2026-09-08T14:33:17Z,is_oai,0,bool,fda.inspections.history,raw/fda.inspections.history/2026/09/20260908T143317Z-f9ff402067e0.json.gz,1
fda.inspections.history,firm:3008439099,2010-09-27,2026-09-08T14:33:17Z,label,"Guy A. Young, M.D.",,fda.inspections.history,raw/fda.inspections.history/2026/09/20260908T143317Z-f9ff402067e0.json.gz,1
fda.inspections.history,firm:3008439196,2010-09-27,2026-09-08T14:33:17Z,classification,1,ordinal,fda.inspections.history,raw/fda.inspections.history/2026/09/20260908T143317Z-f9ff402067e0.json.gz,1
fda.inspections.history,firm:3008439196,2010-09-27,2026-09-08T14:33:17Z,firm_key,DAVID N FRANZ,,fda.inspections.history,raw/fda.inspections.history/2026/09/20260908T143317Z-f9ff402067e0.json.gz,1
fda.inspections.history,firm:3008439196,2010-09-27,2026-09-08T14:33:17Z,inspected,1,count,fda.inspections.history,raw/fda.inspections.history/2026/09/20260908T143317Z-f9ff402067e0.json.gz,1
fda.inspections.history,firm:3008439196,2010-09-27,2026-09-08T14:33:17Z,inspection_end,20100927,yyyymmdd,fda.inspections.history,raw/fda.inspections.history/2026/09/20260908T143317Z-f9ff402067e0.json.gz,1
fda.inspections.history,firm:3008439196,2010-09-27,2026-09-08T14:33:17Z,is_foreign,0,bool,fda.inspections.history,raw/fda.inspections.history/2026/09/20260908T143317Z-f9ff402067e0.json.gz,1
fda.inspections.history,firm:3008439196,2010-09-27,2026-09-08T14:33:17Z,is_oai,0,bool,fda.inspections.history,raw/fda.inspections.history/2026/09/20260908T143317Z-f9ff402067e0.json.gz,1
fda.inspections.history,firm:3008439196,2010-09-27,2026-09-08T14:33:17Z,label,David N Franz,,fda.inspections.history,raw/fda.inspections.history/2026/09/20260908T143317Z-f9ff402067e0.json.gz,1
fda.inspections.history,firm:3008441127,2010-09-09,2026-09-08T14:33:17Z,classification,1,ordinal,fda.inspections.history,raw/fda.inspections.history/2026/09/20260908T143317Z-f9ff402067e0.json.gz,1
fda.inspections.history,firm:3008441127,2010-09-09,2026-09-08T14:33:17Z,firm_key,FRANK STEPHEN HODI,,fda.inspections.history,raw/fda.inspections.history/2026/09/20260908T143317Z-f9ff402067e0.json.gz,1
fda.inspections.history,firm:3008441127,2010-09-09,2026-09-08T14:33:17Z,inspected,1,count,fda.inspections.history,raw/fda.inspections.history/2026/09/20260908T143317Z-f9ff402067e0.json.gz,1
fda.inspections.history,firm:3008441127,2010-09-09,2026-09-08T14:33:17Z,inspection_end,20100909,yyyymmdd,fda.inspections.history,raw/fda.inspections.history/2026/09/20260908T143317Z-f9ff402067e0.json.gz,1
fda.inspections.history,firm:3008441127,2010-09-09,2026-09-08T14:33:17Z,is_foreign,0,bool,fda.inspections.history,raw/fda.inspections.history/2026/09/20260908T143317Z-f9ff402067e0.json.gz,1
fda.inspections.history,firm:3008441127,2010-09-09,2026-09-08T14:33:17Z,is_oai,0,bool,fda.inspections.history,raw/fda.inspections.history/2026/09/20260908T143317Z-f9ff402067e0.json.gz,1
fda.inspections.history,firm:3008441127,2010-09-09,2026-09-08T14:33:17Z,label,Frank Stephen Hodi,,fda.inspections.history,raw/fda.inspections.history/2026/09/20260908T143317Z-f9ff402067e0.json.gz,1
fda.inspections.history,firm:3008443901,2010-09-13,2026-09-08T14:33:17Z,classification,2,ordinal,fda.inspections.history,raw/fda.inspections.history/2026/09/20260908T143317Z-f9ff402067e0.json.gz,1
fda.inspections.history,firm:3008443901,2010-09-13,2026-09-08T14:33:17Z,firm_key,ROEDER DR BRENT,,fda.inspections.history,raw/fda.inspections.history/2026/09/20260908T143317Z-f9ff402067e0.json.gz,1
fda.inspections.history,firm:3008443901,2010-09-13,2026-09-08T14:33:17Z,inspected,1,count,fda.inspections.history,raw/fda.inspections.history/2026/09/20260908T143317Z-f9ff402067e0.json.gz,1
fda.inspections.history,firm:3008443901,2010-09-13,2026-09-08T14:33:17Z,inspection_end,20100913,yyyymmdd,fda.inspections.history,raw/fda.inspections.history/2026/09/20260908T143317Z-f9ff402067e0.json.gz,1
fda.inspections.history,firm:3008443901,2010-09-13,2026-09-08T14:33:17Z,is_foreign,0,bool,fda.inspections.history,raw/fda.inspections.history/2026/09/20260908T143317Z-f9ff402067e0.json.gz,1
fda.inspections.history,firm:3008443901,2010-09-13,2026-09-08T14:33:17Z,is_oai,1,bool,fda.inspections.history,raw/fda.inspections.history/2026/09/20260908T143317Z-f9ff402067e0.json.gz,1
fda.inspections.history,firm:3008443901,2010-09-13,2026-09-08T14:33:17Z,label,"Roeder, Dr Brent",,fda.inspections.history,raw/fda.inspections.history/2026/09/20260908T143317Z-f9ff402067e0.json.gz,1
fda.inspections.history,firm:3008443957,2010-09-13,2026-09-08T14:33:17Z,classification,0,ordinal,fda.inspections.history,raw/fda.inspections.history/2026/09/20260908T143317Z-f9ff402067e0.json.gz,1
fda.inspections.history,firm:3008443957,2010-09-13,2026-09-08T14:33:17Z,firm_key,GERALD ASIN,,fda.inspections.history,raw/fda.inspections.history/2026/09/20260908T143317Z-f9ff402067e0.json.gz,1
fda.inspections.history,firm:3008443957,2010-09-13,2026-09-08T14:33:17Z,inspected,1,count,fda.inspections.history,raw/fda.inspections.history/2026/09/20260908T143317Z-f9ff402067e0.json.gz,1
fda.inspections.history,firm:3008443957,2010-09-13,2026-09-08T14:33:17Z,inspection_end,20100913,yyyymmdd,fda.inspections.history,raw/fda.inspections.history/2026/09/20260908T143317Z-f9ff402067e0.json.gz,1
fda.inspections.history,firm:3008443957,2010-09-13,2026-09-08T14:33:17Z,is_foreign,0,bool,fda.inspections.history,raw/fda.inspections.history/2026/09/20260908T143317Z-f9ff402067e0.json.gz,1
fda.inspections.history,firm:3008443957,2010-09-13,2026-09-08T14:33:17Z,is_oai,0,bool,fda.inspections.history,raw/fda.inspections.history/2026/09/20260908T143317Z-f9ff402067e0.json.gz,1
fda.inspections.history,firm:3008443957,2010-09-13,2026-09-08T14:33:17Z,label,Gerald Asin,,fda.inspections.history,raw/fda.inspections.history/2026/09/20260908T143317Z-f9ff402067e0.json.gz,1
fda.inspections.history,firm:3008456852,2010-09-14,2026-09-08T14:33:17Z,classification,0,ordinal,fda.inspections.history,raw/fda.inspections.history/2026/09/20260908T143317Z-f9ff402067e0.json.gz,1
fda.inspections.history,firm:3008456852,2010-09-14,2026-09-08T14:33:17Z,firm_key,JUNG DAO M D,,fda.inspections.history,raw/fda.inspections.history/2026/09/20260908T143317Z-f9ff402067e0.json.gz,1
fda.inspections.history,firm:3008456852,2010-09-14,2026-09-08T14:33:17Z,inspected,1,count,fda.inspections.history,raw/fda.inspections.history/2026/09/20260908T143317Z-f9ff402067e0.json.gz,1
fda.inspections.history,firm:3008456852,2010-09-14,2026-09-08T14:33:17Z,inspection_end,20100914,yyyymmdd,fda.inspections.history,raw/fda.inspections.history/2026/09/20260908T143317Z-f9ff402067e0.json.gz,1
fda.inspections.history,firm:3008456852,2010-09-14,2026-09-08T14:33:17Z,is_foreign,0,bool,fda.inspections.history,raw/fda.inspections.history/2026/09/20260908T143317Z-f9ff402067e0.json.gz,1
fda.inspections.history,firm:3008456852,2010-09-14,2026-09-08T14:33:17Z,is_oai,0,bool,fda.inspections.history,raw/fda.inspections.history/2026/09/20260908T143317Z-f9ff402067e0.json.gz,1
fda.inspections.history,firm:3008456852,2010-09-14,2026-09-08T14:33:17Z,label,"Jung Dao, M.D.",,fda.inspections.history,raw/fda.inspections.history/2026/09/20260908T143317Z-f9ff402067e0.json.gz,1
fda.inspections.history,firm:3008456891,2010-09-17,2026-09-08T14:33:17Z,classification,1,ordinal,fda.inspections.history,raw/fda.inspections.history/2026/09/20260908T143317Z-f9ff402067e0.json.gz,1
fda.inspections.history,firm:3008456891,2010-09-17,2026-09-08T14:33:17Z,firm_key,COREY ERICKSEN,,fda.inspections.history,raw/fda.inspections.history/2026/09/20260908T143317Z-f9ff402067e0.json.gz,1
fda.inspections.history,firm:3008456891,2010-09-17,2026-09-08T14:33:17Z,inspected,1,count,fda.inspections.history,raw/fda.inspections.history/2026/09/20260908T143317Z-f9ff402067e0.json.gz,1
fda.inspections.history,firm:3008456891,2010-09-17,2026-09-08T14:33:17Z,inspection_end,20100917,yyyymmdd,fda.inspections.history,raw/fda.inspections.history/2026/09/20260908T143317Z-f9ff402067e0.json.gz,1
fda.inspections.history,firm:3008456891,2010-09-17,2026-09-08T14:33:17Z,is_foreign,0,bool,fda.inspections.history,raw/fda.inspections.history/2026/09/20260908T143317Z-f9ff402067e0.json.gz,1
fda.inspections.history,firm:3008456891,2010-09-17,2026-09-08T14:33:17Z,is_oai,0,bool,fda.inspections.history,raw/fda.inspections.history/2026/09/20260908T143317Z-f9ff402067e0.json.gz,1
fda.inspections.history,firm:3008456891,2010-09-17,2026-09-08T14:33:17Z,label,Corey Ericksen,,fda.inspections.history,raw/fda.inspections.history/2026/09/20260908T143317Z-f9ff402067e0.json.gz,1
fda.inspections.history,firm:3008460209,2010-09-24,2026-09-08T14:33:17Z,classification,1,ordinal,fda.inspections.history,raw/fda.inspections.history/2026/09/20260908T143317Z-f9ff402067e0.json.gz,1
fda.inspections.history,firm:3008460209,2010-09-24,2026-09-08T14:33:17Z,firm_key,PETNET SOLUTIONS,,fda.inspections.history,raw/fda.inspections.history/2026/09/20260908T143317Z-f9ff402067e0.json.gz,1
fda.inspections.history,firm:3008460209,2010-09-24,2026-09-08T14:33:17Z,inspected,1,count,fda.inspections.history,raw/fda.inspections.history/2026/09/20260908T143317Z-f9ff402067e0.json.gz,1
fda.inspections.history,firm:3008460209,2010-09-24,2026-09-08T14:33:17Z,inspection_end,20100924,yyyymmdd,fda.inspections.history,raw/fda.inspections.history/2026/09/20260908T143317Z-f9ff402067e0.json.gz,1
fda.inspections.history,firm:3008460209,2010-09-24,2026-09-08T14:33:17Z,is_foreign,0,bool,fda.inspections.history,raw/fda.inspections.history/2026/09/20260908T143317Z-f9ff402067e0.json.gz,1
fda.inspections.history,firm:3008460209,2010-09-24,2026-09-08T14:33:17Z,is_oai,0,bool,fda.inspections.history,raw/fda.inspections.history/2026/09/20260908T143317Z-f9ff402067e0.json.gz,1
fda.inspections.history,firm:3008460209,2010-09-24,2026-09-08T14:33:17Z,label,"PETNET Solutions, Inc.",,fda.inspections.history,raw/fda.inspections.history/2026/09/20260908T143317Z-f9ff402067e0.json.gz,1
fda.inspections.history,firm:3008467731,2010-09-20,2026-09-08T14:33:17Z,classification,1,ordinal,fda.inspections.history,raw/fda.inspections.history/2026/09/20260908T143317Z-f9ff402067e0.json.gz,1
fda.inspections.history,firm:3008467731,2010-09-20,2026-09-08T14:33:17Z,firm_key,KEN BROWN,,fda.inspections.history,raw/fda.inspections.history/2026/09/20260908T143317Z-f9ff402067e0.json.gz,1
fda.inspections.history,firm:3008467731,2010-09-20,2026-09-08T14:33:17Z,inspected,1,count,fda.inspections.history,raw/fda.inspections.history/2026/09/20260908T143317Z-f9ff402067e0.json.gz,1
fda.inspections.history,firm:3008467731,2010-09-20,2026-09-08T14:33:17Z,inspection_end,20100920,yyyymmdd,fda.inspections.history,raw/fda.inspections.history/2026/09/20260908T143317Z-f9ff402067e0.json.gz,1
fda.inspections.history,firm:3008467731,2010-09-20,2026-09-08T14:33:17Z,is_foreign,0,bool,fda.inspections.history,raw/fda.inspections.history/2026/09/20260908T143317Z-f9ff402067e0.json.gz,1
fda.inspections.history,firm:3008467731,2010-09-20,2026-09-08T14:33:17Z,is_oai,0,bool,fda.inspections.history,raw/fda.inspections.history/2026/09/20260908T143317Z-f9ff402067e0.json.gz,1
fda.inspections.history,firm:3008467731,2010-09-20,2026-09-08T14:33:17Z,label,Ken Brown,,fda.inspections.history,raw/fda.inspections.history/2026/09/20260908T143317Z-f9ff402067e0.json.gz,1
fda.inspections.history,firm:3008468946,2010-09-30,2026-09-08T14:33:17Z,classification,1,ordinal,fda.inspections.history,raw/fda.inspections.history/2026/09/20260908T143317Z-f9ff402067e0.json.gz,1
fda.inspections.history,firm:3008468946,2010-09-30,2026-09-08T14:33:17Z,classification,2,ordinal,fda.inspections.history,raw/fda.inspections.history/2026/09/20260908T143317Z-f9ff402067e0.json.gz,1
fda.inspections.history,firm:3008468946,2010-09-30,2026-09-08T14:33:17Z,firm_key,LLORENS DIVISION,,fda.inspections.history,raw/fda.inspections.history/2026/09/20260908T143317Z-f9ff402067e0.json.gz,1
fda.inspections.history,firm:3008468946,2010-09-30,2026-09-08T14:33:17Z,inspected,1,count,fda.inspections.history,raw/fda.inspections.history/2026/09/20260908T143317Z-f9ff402067e0.json.gz,1
fda.inspections.history,firm:3008468946,2010-09-30,2026-09-08T14:33:17Z,inspection_end,20100930,yyyymmdd,fda.inspections.history,raw/fda.inspections.history/2026/09/20260908T143317Z-f9ff402067e0.json.gz,1
fda.inspections.history,firm:3008468946,2010-09-30,2026-09-08T14:33:17Z,is_foreign,0,bool,fda.inspections.history,raw/fda.inspections.history/2026/09/20260908T143317Z-f9ff402067e0.json.gz,1
fda.inspections.history,firm:3008468946,2010-09-30,2026-09-08T14:33:17Z,is_oai,0,bool,fda.inspections.history,raw/fda.inspections.history/2026/09/20260908T143317Z-f9ff402067e0.json.gz,1
fda.inspections.history,firm:3008468946,2010-09-30,2026-09-08T14:33:17Z,is_oai,1,bool,fda.inspections.history,raw/fda.inspections.history/2026/09/20260908T143317Z-f9ff402067e0.json.gz,1
fda.inspections.history,firm:3008468946,2010-09-30,2026-09-08T14:33:17Z,label,"Llorens Pharmaceuticals International Division, Inc.",,fda.inspections.history,raw/fda.inspections.history/2026/09/20260908T143317Z-f9ff402067e0.json.gz,1
fda.inspections.history,firm:3008470116,2010-09-24,2026-09-08T14:33:17Z,classification,0,ordinal,fda.inspections.history,raw/fda.inspections.history/2026/09/20260908T143317Z-f9ff402067e0.json.gz,1
fda.inspections.history,firm:3008470116,2010-09-24,2026-09-08T14:33:17Z,firm_key,DR JOSE R PEREIRA,,fda.inspections.history,raw/fda.inspections.history/2026/09/20260908T143317Z-f9ff402067e0.json.gz,1
fda.inspections.history,firm:3008470116,2010-09-24,2026-09-08T14:33:17Z,inspected,1,count,fda.inspections.history,raw/fda.inspections.history/2026/09/20260908T143317Z-f9ff402067e0.json.gz,1
fda.inspections.history,firm:3008470116,2010-09-24,2026-09-08T14:33:17Z,inspection_end,20100924,yyyymmdd,fda.inspections.history,raw/fda.inspections.history/2026/09/20260908T143317Z-f9ff402067e0.json.gz,1
fda.inspections.history,firm:3008470116,2010-09-24,2026-09-08T14:33:17Z,is_foreign,1,bool,fda.inspections.history,raw/fda.inspections.history/2026/09/20260908T143317Z-f9ff402067e0.json.gz,1
fda.inspections.history,firm:3008470116,2010-09-24,2026-09-08T14:33:17Z,is_oai,0,bool,fda.inspections.history,raw/fda.inspections.history/2026/09/20260908T143317Z-f9ff402067e0.json.gz,1
fda.inspections.history,firm:3008470116,2010-09-24,2026-09-08T14:33:17Z,label,Dr. Jose R. Pereira,,fda.inspections.history,raw/fda.inspections.history/2026/09/20260908T143317Z-f9ff402067e0.json.gz,1
fda.inspections.history,firm:3008472034,2010-09-30,2026-09-08T14:33:17Z,classification,1,ordinal,fda.inspections.history,raw/fda.inspections.history/2026/09/20260908T143317Z-f9ff402067e0.json.gz,1
fda.inspections.history,firm:3008472034,2010-09-30,2026-09-08T14:33:17Z,firm_key,HANNA KHOURY,,fda.inspections.history,raw/fda.inspections.history/2026/09/20260908T143317Z-f9ff402067e0.json.gz,1
fda.inspections.history,firm:3008472034,2010-09-30,2026-09-08T14:33:17Z,inspected,1,count,fda.inspections.history,raw/fda.inspections.history/2026/09/20260908T143317Z-f9ff402067e0.json.gz,1
fda.inspections.history,firm:3008472034,2010-09-30,2026-09-08T14:33:17Z,inspection_end,20100930,yyyymmdd,fda.inspections.history,raw/fda.inspections.history/2026/09/20260908T143317Z-f9ff402067e0.json.gz,1
fda.inspections.history,firm:3008472034,2010-09-30,2026-09-08T14:33:17Z,is_foreign,0,bool,fda.inspections.history,raw/fda.inspections.history/2026/09/20260908T143317Z-f9ff402067e0.json.gz,1
fda.inspections.history,firm:3008472034,2010-09-30,2026-09-08T14:33:17Z,is_oai,0,bool,fda.inspections.history,raw/fda.inspections.history/2026/09/20260908T143317Z-f9ff402067e0.json.gz,1
fda.inspections.history,firm:3008472034,2010-09-30,2026-09-08T14:33:17Z,label,Hanna Khoury,,fda.inspections.history,raw/fda.inspections.history/2026/09/20260908T143317Z-f9ff402067e0.json.gz,1
fda.inspections.history,firm:3008475946,2010-09-21,2026-09-08T14:33:17Z,classification,1,ordinal,fda.inspections.history,raw/fda.inspections.history/2026/09/20260908T143317Z-f9ff402067e0.json.gz,1
fda.inspections.history,firm:3008475946,2010-09-21,2026-09-08T14:33:17Z,firm_key,SOUTHEASTERN RESEARCH ASSOCIATES,,fda.inspections.history,raw/fda.inspections.history/2026/09/20260908T143317Z-f9ff402067e0.json.gz,1
fda.inspections.history,firm:3008475946,2010-09-21,2026-09-08T14:33:17Z,inspected,1,count,fda.inspections.history,raw/fda.inspections.history/2026/09/20260908T143317Z-f9ff402067e0.json.gz,1
fda.inspections.history,firm:3008475946,2010-09-21,2026-09-08T14:33:17Z,inspection_end,20100921,yyyymmdd,fda.inspections.history,raw/fda.inspections.history/2026/09/20260908T143317Z-f9ff402067e0.json.gz,1
fda.inspections.history,firm:3008475946,2010-09-21,2026-09-08T14:33:17Z,is_foreign,0,bool,fda.inspections.history,raw/fda.inspections.history/2026/09/20260908T143317Z-f9ff402067e0.json.gz,1
fda.inspections.history,firm:3008475946,2010-09-21,2026-09-08T14:33:17Z,is_oai,0,bool,fda.inspections.history,raw/fda.inspections.history/2026/09/20260908T143317Z-f9ff402067e0.json.gz,1
fda.inspections.history,firm:3008475946,2010-09-21,2026-09-08T14:33:17Z,label,"Southeastern Research Associates, Inc",,fda.inspections.history,raw/fda.inspections.history/2026/09/20260908T143317Z-f9ff402067e0.json.gz,1
fda.inspections.history,firm:3008483044,2010-09-17,2026-09-08T14:33:17Z,classification,0,ordinal,fda.inspections.history,raw/fda.inspections.history/2026/09/20260908T143317Z-f9ff402067e0.json.gz,1
fda.inspections.history,firm:3008483044,2010-09-17,2026-09-08T14:33:17Z,firm_key,DEAN F BAJORIN M D,,fda.inspections.history,raw/fda.inspections.history/2026/09/20260908T143317Z-f9ff402067e0.json.gz,1
fda.inspections.history,firm:3008483044,2010-09-17,2026-09-08T14:33:17Z,inspected,1,count,fda.inspections.history,raw/fda.inspections.history/2026/09/20260908T143317Z-f9ff402067e0.json.gz,1
fda.inspections.history,firm:3008483044,2010-09-17,2026-09-08T14:33:17Z,inspection_end,20100917,yyyymmdd,fda.inspections.history,raw/fda.inspections.history/2026/09/20260908T143317Z-f9ff402067e0.json.gz,1
fda.inspections.history,firm:3008483044,2010-09-17,2026-09-08T14:33:17Z,is_foreign,0,bool,fda.inspections.history,raw/fda.inspections.history/2026/09/20260908T143317Z-f9ff402067e0.json.gz,1
fda.inspections.history,firm:3008483044,2010-09-17,2026-09-08T14:33:17Z,is_oai,0,bool,fda.inspections.history,raw/fda.inspections.history/2026/09/20260908T143317Z-f9ff402067e0.json.gz,1
fda.inspections.history,firm:3008483044,2010-09-17,2026-09-08T14:33:17Z,label,"Dean F. Bajorin, M.d.",,fda.inspections.history,raw/fda.inspections.history/2026/09/20260908T143317Z-f9ff402067e0.json.gz,1
fda.inspections.history,firm:3008484099,2010-09-17,2026-09-08T14:33:17Z,classification,1,ordinal,fda.inspections.history,raw/fda.inspections.history/2026/09/20260908T143317Z-f9ff402067e0.json.gz,1
fda.inspections.history,firm:3008484099,2010-09-17,2026-09-08T14:33:17Z,firm_key,STOYAN BOJINOV M D,,fda.inspections.history,raw/fda.inspections.history/2026/09/20260908T143317Z-f9ff402067e0.json.gz,1
fda.inspections.history,firm:3008484099,2010-09-17,2026-09-08T14:33:17Z,inspected,1,count,fda.inspections.history,raw/fda.inspections.history/2026/09/20260908T143317Z-f9ff402067e0.json.gz,1
fda.inspections.history,firm:3008484099,2010-09-17,2026-09-08T14:33:17Z,inspection_end,20100917,yyyymmdd,fda.inspections.history,raw/fda.inspections.history/2026/09/20260908T143317Z-f9ff402067e0.json.gz,1
fda.inspections.history,firm:3008484099,2010-09-17,2026-09-08T14:33:17Z,is_foreign,1,bool,fda.inspections.history,raw/fda.inspections.history/2026/09/20260908T143317Z-f9ff402067e0.json.gz,1
fda.inspections.history,firm:3008484099,2010-09-17,2026-09-08T14:33:17Z,is_oai,0,bool,fda.inspections.history,raw/fda.inspections.history/2026/09/20260908T143317Z-f9ff402067e0.json.gz,1
fda.inspections.history,firm:3008484099,2010-09-17,2026-09-08T14:33:17Z,label,"Stoyan Bojinov, M.d.",,fda.inspections.history,raw/fda.inspections.history/2026/09/20260908T143317Z-f9ff402067e0.json.gz,1
fda.inspections.history,firm:3008484224,2010-09-24,2026-09-08T14:33:17Z,classification,1,ordinal,fda.inspections.history,raw/fda.inspections.history/2026/09/20260908T143317Z-f9ff402067e0.json.gz,1
fda.inspections.history,firm:3008484224,2010-09-24,2026-09-08T14:33:17Z,firm_key,JELENA DRULOVIC M D,,fda.inspections.history,raw/fda.inspections.history/2026/09/20260908T143317Z-f9ff402067e0.json.gz,1
fda.inspections.history,firm:3008484224,2010-09-24,2026-09-08T14:33:17Z,inspected,1,count,fda.inspections.history,raw/fda.inspections.history/2026/09/20260908T143317Z-f9ff402067e0.json.gz,1
fda.inspections.history,firm:3008484224,2010-09-24,2026-09-08T14:33:17Z,inspection_end,20100924,yyyymmdd,fda.inspections.history,raw/fda.inspections.history/2026/09/20260908T143317Z-f9ff402067e0.json.gz,1
fda.inspections.history,firm:3008484224,2010-09-24,2026-09-08T14:33:17Z,is_foreign,1,bool,fda.inspections.history,raw/fda.inspections.history/2026/09/20260908T143317Z-f9ff402067e0.json.gz,1
fda.inspections.history,firm:3008484224,2010-09-24,2026-09-08T14:33:17Z,is_oai,0,bool,fda.inspections.history,raw/fda.inspections.history/2026/09/20260908T143317Z-f9ff402067e0.json.gz,1
fda.inspections.history,firm:3008484224,2010-09-24,2026-09-08T14:33:17Z,label,"Jelena Drulovic, M.d.",,fda.inspections.history,raw/fda.inspections.history/2026/09/20260908T143317Z-f9ff402067e0.json.gz,1
fda.inspections.history,firm:3008485415,2010-09-20,2026-09-08T14:33:17Z,classification,1,ordinal,fda.inspections.history,raw/fda.inspections.history/2026/09/20260908T143317Z-f9ff402067e0.json.gz,1
fda.inspections.history,firm:3008485415,2010-09-20,2026-09-08T14:33:17Z,firm_key,MICHAEL M LEDERMAN MD,,fda.inspections.history,raw/fda.inspections.history/2026/09/20260908T143317Z-f9ff402067e0.json.gz,1
fda.inspections.history,firm:3008485415,2010-09-20,2026-09-08T14:33:17Z,inspected,1,count,fda.inspections.history,raw/fda.inspections.history/2026/09/20260908T143317Z-f9ff402067e0.json.gz,1
fda.inspections.history,firm:3008485415,2010-09-20,2026-09-08T14:33:17Z,inspection_end,20100920,yyyymmdd,fda.inspections.history,raw/fda.inspections.history/2026/09/20260908T143317Z-f9ff402067e0.json.gz,1
fda.inspections.history,firm:3008485415,2010-09-20,2026-09-08T14:33:17Z,is_foreign,0,bool,fda.inspections.history,raw/fda.inspections.history/2026/09/20260908T143317Z-f9ff402067e0.json.gz,1
fda.inspections.history,firm:3008485415,2010-09-20,2026-09-08T14:33:17Z,is_oai,0,bool,fda.inspections.history,raw/fda.inspections.history/2026/09/20260908T143317Z-f9ff402067e0.json.gz,1
fda.inspections.history,firm:3008485415,2010-09-20,2026-09-08T14:33:17Z,label,Michael M Lederman MD,,fda.inspections.history,raw/fda.inspections.history/2026/09/20260908T143317Z-f9ff402067e0.json.gz,1
fda.inspections.history,firm:3008487725,2010-09-17,2026-09-08T14:33:17Z,classification,1,ordinal,fda.inspections.history,raw/fda.inspections.history/2026/09/20260908T143317Z-f9ff402067e0.json.gz,1
fda.inspections.history,firm:3008487725,2010-09-17,2026-09-08T14:33:17Z,firm_key,PROFESSOR TETYANA NEHRYCH M D PH D,,fda.inspections.history,raw/fda.inspections.history/2026/09/20260908T143317Z-f9ff402067e0.json.gz,1
fda.inspections.history,firm:3008487725,2010-09-17,2026-09-08T14:33:17Z,inspected,1,count,fda.inspections.history,raw/fda.inspections.history/2026/09/20260908T143317Z-f9ff402067e0.json.gz,1
fda.inspections.history,firm:3008487725,2010-09-17,2026-09-08T14:33:17Z,inspection_end,20100917,yyyymmdd,fda.inspections.history,raw/fda.inspections.history/2026/09/20260908T143317Z-f9ff402067e0.json.gz,1
fda.inspections.history,firm:3008487725,2010-09-17,2026-09-08T14:33:17Z,is_foreign,1,bool,fda.inspections.history,raw/fda.inspections.history/2026/09/20260908T143317Z-f9ff402067e0.json.gz,1
fda.inspections.history,firm:3008487725,2010-09-17,2026-09-08T14:33:17Z,is_oai,0,bool,fda.inspections.history,raw/fda.inspections.history/2026/09/20260908T143317Z-f9ff402067e0.json.gz,1
fda.inspections.history,firm:3008487725,2010-09-17,2026-09-08T14:33:17Z,label,"Professor Tetyana Nehrych, M.D., Ph.D.",,fda.inspections.history,raw/fda.inspections.history/2026/09/20260908T143317Z-f9ff402067e0.json.gz,1
fda.inspections.history,firm:3008487748,2010-09-10,2026-09-08T14:33:17Z,classification,1,ordinal,fda.inspections.history,raw/fda.inspections.history/2026/09/20260908T143317Z-f9ff402067e0.json.gz,1
fda.inspections.history,firm:3008487748,2010-09-10,2026-09-08T14:33:17Z,firm_key,PETR KANOVSKY M D,,fda.inspections.history,raw/fda.inspections.history/2026/09/20260908T143317Z-f9ff402067e0.json.gz,1
fda.inspections.history,firm:3008487748,2010-09-10,2026-09-08T14:33:17Z,inspected,1,count,fda.inspections.history,raw/fda.inspections.history/2026/09/20260908T143317Z-f9ff402067e0.json.gz,1
fda.inspections.history,firm:3008487748,2010-09-10,2026-09-08T14:33:17Z,inspection_end,20100910,yyyymmdd,fda.inspections.history,raw/fda.inspections.history/2026/09/20260908T143317Z-f9ff402067e0.json.gz,1
fda.inspections.history,firm:3008487748,2010-09-10,2026-09-08T14:33:17Z,is_foreign,1,bool,fda.inspections.history,raw/fda.inspections.history/2026/09/20260908T143317Z-f9ff402067e0.json.gz,1
fda.inspections.history,firm:3008487748,2010-09-10,2026-09-08T14:33:17Z,is_oai,0,bool,fda.inspections.history,raw/fda.inspections.history/2026/09/20260908T143317Z-f9ff402067e0.json.gz,1
fda.inspections.history,firm:3008487748,2010-09-10,2026-09-08T14:33:17Z,label,"Petr Kanovsky, M.d.",,fda.inspections.history,raw/fda.inspections.history/2026/09/20260908T143317Z-f9ff402067e0.json.gz,1
fda.inspections.history,firm:3008520055,2010-09-16,2026-09-08T14:33:17Z,classification,0,ordinal,fda.inspections.history,raw/fda.inspections.history/2026/09/20260908T143317Z-f9ff402067e0.json.gz,1
fda.inspections.history,firm:3008520055,2010-09-16,2026-09-08T14:33:17Z,firm_key,KU LEUVEN RESEARCH DEVELOPMENT,,fda.inspections.history,raw/fda.inspections.history/2026/09/20260908T143317Z-f9ff402067e0.json.gz,1
fda.inspections.history,firm:3008520055,2010-09-16,2026-09-08T14:33:17Z,inspected,1,count,fda.inspections.history,raw/fda.inspections.history/2026/09/20260908T143317Z-f9ff402067e0.json.gz,1
fda.inspections.history,firm:3008520055,2010-09-16,2026-09-08T14:33:17Z,inspection_end,20100916,yyyymmdd,fda.inspections.history,raw/fda.inspections.history/2026/09/20260908T143317Z-f9ff402067e0.json.gz,1
fda.inspections.history,firm:3008520055,2010-09-16,2026-09-08T14:33:17Z,is_foreign,1,bool,fda.inspections.history,raw/fda.inspections.history/2026/09/20260908T143317Z-f9ff402067e0.json.gz,1
fda.inspections.history,firm:3008520055,2010-09-16,2026-09-08T14:33:17Z,is_oai,0,bool,fda.inspections.history,raw/fda.inspections.history/2026/09/20260908T143317Z-f9ff402067e0.json.gz,1
fda.inspections.history,firm:3008520055,2010-09-16,2026-09-08T14:33:17Z,label,KU Leuven Research & Development,,fda.inspections.history,raw/fda.inspections.history/2026/09/20260908T143317Z-f9ff402067e0.json.gz,1
fda.inspections.history,firm:3008525239,2010-09-14,2026-09-08T14:33:17Z,classification,1,ordinal,fda.inspections.history,raw/fda.inspections.history/2026/09/20260908T143317Z-f9ff402067e0.json.gz,1
fda.inspections.history,firm:3008525239,2010-09-14,2026-09-08T14:33:17Z,firm_key,ZORRO TECHNOLOGY,,fda.inspections.history,raw/fda.inspections.history/2026/09/20260908T143317Z-f9ff402067e0.json.gz,1
fda.inspections.history,firm:3008525239,2010-09-14,2026-09-08T14:33:17Z,inspected,1,count,fda.inspections.history,raw/fda.inspections.history/2026/09/20260908T143317Z-f9ff402067e0.json.gz,1
fda.inspections.history,firm:3008525239,2010-09-14,2026-09-08T14:33:17Z,inspection_end,20100914,yyyymmdd,fda.inspections.history,raw/fda.inspections.history/2026/09/20260908T143317Z-f9ff402067e0.json.gz,1
fda.inspections.history,firm:3008525239,2010-09-14,2026-09-08T14:33:17Z,is_foreign,0,bool,fda.inspections.history,raw/fda.inspections.history/2026/09/20260908T143317Z-f9ff402067e0.json.gz,1
fda.inspections.history,firm:3008525239,2010-09-14,2026-09-08T14:33:17Z,is_oai,0,bool,fda.inspections.history,raw/fda.inspections.history/2026/09/20260908T143317Z-f9ff402067e0.json.gz,1
fda.inspections.history,firm:3008525239,2010-09-14,2026-09-08T14:33:17Z,label,"Zorro Technology, Inc.",,fda.inspections.history,raw/fda.inspections.history/2026/09/20260908T143317Z-f9ff402067e0.json.gz,1
fda.inspections.history,firm:3008525242,2010-09-09,2026-09-08T14:33:17Z,classification,0,ordinal,fda.inspections.history,raw/fda.inspections.history/2026/09/20260908T143317Z-f9ff402067e0.json.gz,1
fda.inspections.history,firm:3008525242,2010-09-09,2026-09-08T14:33:17Z,firm_key,SHERIF KHAMIS M D SAN FERNANDO VALLEY RESEARCH ASSOCIATES,,fda.inspections.history,raw/fda.inspections.history/2026/09/20260908T143317Z-f9ff402067e0.json.gz,1
fda.inspections.history,firm:3008525242,2010-09-09,2026-09-08T14:33:17Z,inspected,1,count,fda.inspections.history,raw/fda.inspections.history/2026/09/20260908T143317Z-f9ff402067e0.json.gz,1
fda.inspections.history,firm:3008525242,2010-09-09,2026-09-08T14:33:17Z,inspection_end,20100909,yyyymmdd,fda.inspections.history,raw/fda.inspections.history/2026/09/20260908T143317Z-f9ff402067e0.json.gz,1
fda.inspections.history,firm:3008525242,2010-09-09,2026-09-08T14:33:17Z,is_foreign,0,bool,fda.inspections.history,raw/fda.inspections.history/2026/09/20260908T143317Z-f9ff402067e0.json.gz,1
fda.inspections.history,firm:3008525242,2010-09-09,2026-09-08T14:33:17Z,is_oai,0,bool,fda.inspections.history,raw/fda.inspections.history/2026/09/20260908T143317Z-f9ff402067e0.json.gz,1
fda.inspections.history,firm:3008525242,2010-09-09,2026-09-08T14:33:17Z,label,"Sherif Khamis, M.d., San Fernando Valley Research Associates",,fda.inspections.history,raw/fda.inspections.history/2026/09/20260908T143317Z-f9ff402067e0.json.gz,1
fda.inspections.history,firm:3008547897,2010-09-29,2026-09-08T14:33:17Z,classification,1,ordinal,fda.inspections.history,raw/fda.inspections.history/2026/09/20260908T143317Z-f9ff402067e0.json.gz,1
fda.inspections.history,firm:3008547897,2010-09-29,2026-09-08T14:33:17Z,firm_key,PUNXSY MEDICAL SUPPLY,,fda.inspections.history,raw/fda.inspections.history/2026/09/20260908T143317Z-f9ff402067e0.json.gz,1
fda.inspections.history,firm:3008547897,2010-09-29,2026-09-08T14:33:17Z,inspected,1,count,fda.inspections.history,raw/fda.inspections.history/2026/09/20260908T143317Z-f9ff402067e0.json.gz,1
fda.inspections.history,firm:3008547897,2010-09-29,2026-09-08T14:33:17Z,inspection_end,20100929,yyyymmdd,fda.inspections.history,raw/fda.inspections.history/2026/09/20260908T143317Z-f9ff402067e0.json.gz,1
fda.inspections.history,firm:3008547897,2010-09-29,2026-09-08T14:33:17Z,is_foreign,0,bool,fda.inspections.history,raw/fda.inspections.history/2026/09/20260908T143317Z-f9ff402067e0.json.gz,1
fda.inspections.history,firm:3008547897,2010-09-29,2026-09-08T14:33:17Z,is_oai,0,bool,fda.inspections.history,raw/fda.inspections.history/2026/09/20260908T143317Z-f9ff402067e0.json.gz,1
fda.inspections.history,firm:3008547897,2010-09-29,2026-09-08T14:33:17Z,label,Punxsy Medical Supply,,fda.inspections.history,raw/fda.inspections.history/2026/09/20260908T143317Z-f9ff402067e0.json.gz,1
fda.inspections.history,firm:3008550204,2010-09-23,2026-09-08T14:33:17Z,classification,0,ordinal,fda.inspections.history,raw/fda.inspections.history/2026/09/20260908T143317Z-f9ff402067e0.json.gz,1
fda.inspections.history,firm:3008550204,2010-09-23,2026-09-08T14:33:17Z,firm_key,FRANK E DUNLAP MD,,fda.inspections.history,raw/fda.inspections.history/2026/09/20260908T143317Z-f9ff402067e0.json.gz,1
fda.inspections.history,firm:3008550204,2010-09-23,2026-09-08T14:33:17Z,inspected,1,count,fda.inspections.history,raw/fda.inspections.history/2026/09/20260908T143317Z-f9ff402067e0.json.gz,1
fda.inspections.history,firm:3008550204,2010-09-23,2026-09-08T14:33:17Z,inspection_end,20100923,yyyymmdd,fda.inspections.history,raw/fda.inspections.history/2026/09/20260908T143317Z-f9ff402067e0.json.gz,1
fda.inspections.history,firm:3008550204,2010-09-23,2026-09-08T14:33:17Z,is_foreign,0,bool,fda.inspections.history,raw/fda.inspections.history/2026/09/20260908T143317Z-f9ff402067e0.json.gz,1
fda.inspections.history,firm:3008550204,2010-09-23,2026-09-08T14:33:17Z,is_oai,0,bool,fda.inspections.history,raw/fda.inspections.history/2026/09/20260908T143317Z-f9ff402067e0.json.gz,1
fda.inspections.history,firm:3008550204,2010-09-23,2026-09-08T14:33:17Z,label,"Frank E. Dunlap,md",,fda.inspections.history,raw/fda.inspections.history/2026/09/20260908T143317Z-f9ff402067e0.json.gz,1
fda.inspections.history,firm:3008579542,2010-09-15,2026-09-08T14:33:17Z,classification,1,ordinal,fda.inspections.history,raw/fda.inspections.history/2026/09/20260908T143317Z-f9ff402067e0.json.gz,1
fda.inspections.history,firm:3008579542,2010-09-15,2026-09-08T14:33:17Z,firm_key,ABRAXIS BIOSCIENCE,,fda.inspections.history,raw/fda.inspections.history/2026/09/20260908T143317Z-f9ff402067e0.json.gz,1
fda.inspections.history,firm:3008579542,2010-09-15,2026-09-08T14:33:17Z,inspected,1,count,fda.inspections.history,raw/fda.inspections.history/2026/09/20260908T143317Z-f9ff402067e0.json.gz,1
fda.inspections.history,firm:3008579542,2010-09-15,2026-09-08T14:33:17Z,inspection_end,20100915,yyyymmdd,fda.inspections.history,raw/fda.inspections.history/2026/09/20260908T143317Z-f9ff402067e0.json.gz,1
fda.inspections.history,firm:3008579542,2010-09-15,2026-09-08T14:33:17Z,is_foreign,0,bool,fda.inspections.history,raw/fda.inspections.history/2026/09/20260908T143317Z-f9ff402067e0.json.gz,1
fda.inspections.history,firm:3008579542,2010-09-15,2026-09-08T14:33:17Z,is_oai,0,bool,fda.inspections.history,raw/fda.inspections.history/2026/09/20260908T143317Z-f9ff402067e0.json.gz,1
fda.inspections.history,firm:3008579542,2010-09-15,2026-09-08T14:33:17Z,label,Abraxis Bioscience Llc,,fda.inspections.history,raw/fda.inspections.history/2026/09/20260908T143317Z-f9ff402067e0.json.gz,1
fda.inspections.history,firm:3008592343,2010-09-16,2026-09-08T14:33:17Z,classification,1,ordinal,fda.inspections.history,raw/fda.inspections.history/2026/09/20260908T143317Z-f9ff402067e0.json.gz,1
fda.inspections.history,firm:3008592343,2010-09-16,2026-09-08T14:33:17Z,firm_key,NARODOWE CENTRUM BADAN JADROWYCH,,fda.inspections.history,raw/fda.inspections.history/2026/09/20260908T143317Z-f9ff402067e0.json.gz,1
fda.inspections.history,firm:3008592343,2010-09-16,2026-09-08T14:33:17Z,inspected,1,count,fda.inspections.history,raw/fda.inspections.history/2026/09/20260908T143317Z-f9ff402067e0.json.gz,1
fda.inspections.history,firm:3008592343,2010-09-16,2026-09-08T14:33:17Z,inspection_end,20100916,yyyymmdd,fda.inspections.history,raw/fda.inspections.history/2026/09/20260908T143317Z-f9ff402067e0.json.gz,1
fda.inspections.history,firm:3008592343,2010-09-16,2026-09-08T14:33:17Z,is_foreign,1,bool,fda.inspections.history,raw/fda.inspections.history/2026/09/20260908T143317Z-f9ff402067e0.json.gz,1
fda.inspections.history,firm:3008592343,2010-09-16,2026-09-08T14:33:17Z,is_oai,0,bool,fda.inspections.history,raw/fda.inspections.history/2026/09/20260908T143317Z-f9ff402067e0.json.gz,1
fda.inspections.history,firm:3008592343,2010-09-16,2026-09-08T14:33:17Z,label,Narodowe Centrum Badan Jadrowych,,fda.inspections.history,raw/fda.inspections.history/2026/09/20260908T143317Z-f9ff402067e0.json.gz,1
fda.inspections.history,firm:3009287304,2010-09-10,2026-09-08T14:33:17Z,classification,0,ordinal,fda.inspections.history,raw/fda.inspections.history/2026/09/20260908T143317Z-f9ff402067e0.json.gz,1
fda.inspections.history,firm:3009287304,2010-09-10,2026-09-08T14:33:17Z,firm_key,CESAR CASTILLO AKA CESAR CASTILLO RIO PIEDRAS DISTRIBUTION CENTER,,fda.inspections.history,raw/fda.inspections.history/2026/09/20260908T143317Z-f9ff402067e0.json.gz,1
fda.inspections.history,firm:3009287304,2010-09-10,2026-09-08T14:33:17Z,inspected,1,count,fda.inspections.history,raw/fda.inspections.history/2026/09/20260908T143317Z-f9ff402067e0.json.gz,1
fda.inspections.history,firm:3009287304,2010-09-10,2026-09-08T14:33:17Z,inspection_end,20100910,yyyymmdd,fda.inspections.history,raw/fda.inspections.history/2026/09/20260908T143317Z-f9ff402067e0.json.gz,1
fda.inspections.history,firm:3009287304,2010-09-10,2026-09-08T14:33:17Z,is_foreign,0,bool,fda.inspections.history,raw/fda.inspections.history/2026/09/20260908T143317Z-f9ff402067e0.json.gz,1
fda.inspections.history,firm:3009287304,2010-09-10,2026-09-08T14:33:17Z,is_oai,0,bool,fda.inspections.history,raw/fda.inspections.history/2026/09/20260908T143317Z-f9ff402067e0.json.gz,1
fda.inspections.history,firm:3009287304,2010-09-10,2026-09-08T14:33:17Z,label,"Cesar Castillo, LLC aka Cesar Castillo - Rio Piedras Distribution Center",,fda.inspections.history,raw/fda.inspections.history/2026/09/20260908T143317Z-f9ff402067e0.json.gz,1
fda.inspections.history,firm:3009325614,2010-09-15,2026-09-08T14:33:17Z,classification,0,ordinal,fda.inspections.history,raw/fda.inspections.history/2026/09/20260908T143317Z-f9ff402067e0.json.gz,1
fda.inspections.history,firm:3009325614,2010-09-15,2026-09-08T14:33:17Z,firm_key,SALIX,,fda.inspections.history,raw/fda.inspections.history/2026/09/20260908T143317Z-f9ff402067e0.json.gz,1
fda.inspections.history,firm:3009325614,2010-09-15,2026-09-08T14:33:17Z,inspected,1,count,fda.inspections.history,raw/fda.inspections.history/2026/09/20260908T143317Z-f9ff402067e0.json.gz,1
fda.inspections.history,firm:3009325614,2010-09-15,2026-09-08T14:33:17Z,inspection_end,20100915,yyyymmdd,fda.inspections.history,raw/fda.inspections.history/2026/09/20260908T143317Z-f9ff402067e0.json.gz,1
fda.inspections.history,firm:3009325614,2010-09-15,2026-09-08T14:33:17Z,is_foreign,0,bool,fda.inspections.history,raw/fda.inspections.history/2026/09/20260908T143317Z-f9ff402067e0.json.gz,1
fda.inspections.history,firm:3009325614,2010-09-15,2026-09-08T14:33:17Z,is_oai,0,bool,fda.inspections.history,raw/fda.inspections.history/2026/09/20260908T143317Z-f9ff402067e0.json.gz,1
fda.inspections.history,firm:3009325614,2010-09-15,2026-09-08T14:33:17Z,label,Salix Pharmaceuticals Inc,,fda.inspections.history,raw/fda.inspections.history/2026/09/20260908T143317Z-f9ff402067e0.json.gz,1
fda.inspections.history,firm:3009413786,2010-09-27,2026-09-08T14:33:17Z,classification,0,ordinal,fda.inspections.history,raw/fda.inspections.history/2026/09/20260908T143317Z-f9ff402067e0.json.gz,1
fda.inspections.history,firm:3009413786,2010-09-27,2026-09-08T14:33:17Z,firm_key,EISAI,,fda.inspections.history,raw/fda.inspections.history/2026/09/20260908T143317Z-f9ff402067e0.json.gz,1
fda.inspections.history,firm:3009413786,2010-09-27,2026-09-08T14:33:17Z,inspected,1,count,fda.inspections.history,raw/fda.inspections.history/2026/09/20260908T143317Z-f9ff402067e0.json.gz,1
fda.inspections.history,firm:3009413786,2010-09-27,2026-09-08T14:33:17Z,inspection_end,20100927,yyyymmdd,fda.inspections.history,raw/fda.inspections.history/2026/09/20260908T143317Z-f9ff402067e0.json.gz,1
fda.inspections.history,firm:3009413786,2010-09-27,2026-09-08T14:33:17Z,is_foreign,0,bool,fda.inspections.history,raw/fda.inspections.history/2026/09/20260908T143317Z-f9ff402067e0.json.gz,1
fda.inspections.history,firm:3009413786,2010-09-27,2026-09-08T14:33:17Z,is_oai,0,bool,fda.inspections.history,raw/fda.inspections.history/2026/09/20260908T143317Z-f9ff402067e0.json.gz,1
fda.inspections.history,firm:3009413786,2010-09-27,2026-09-08T14:33:17Z,label,"Eisai, Inc.",,fda.inspections.history,raw/fda.inspections.history/2026/09/20260908T143317Z-f9ff402067e0.json.gz,1
fda.inspections.history,firm:3010087769,2010-09-24,2026-09-08T14:33:17Z,classification,0,ordinal,fda.inspections.history,raw/fda.inspections.history/2026/09/20260908T143317Z-f9ff402067e0.json.gz,1
fda.inspections.history,firm:3010087769,2010-09-24,2026-09-08T14:33:17Z,firm_key,INGREDION,,fda.inspections.history,raw/fda.inspections.history/2026/09/20260908T143317Z-f9ff402067e0.json.gz,1
fda.inspections.history,firm:3010087769,2010-09-24,2026-09-08T14:33:17Z,inspected,1,count,fda.inspections.history,raw/fda.inspections.history/2026/09/20260908T143317Z-f9ff402067e0.json.gz,1
fda.inspections.history,firm:3010087769,2010-09-24,2026-09-08T14:33:17Z,inspection_end,20100924,yyyymmdd,fda.inspections.history,raw/fda.inspections.history/2026/09/20260908T143317Z-f9ff402067e0.json.gz,1
fda.inspections.history,firm:3010087769,2010-09-24,2026-09-08T14:33:17Z,is_foreign,0,bool,fda.inspections.history,raw/fda.inspections.history/2026/09/20260908T143317Z-f9ff402067e0.json.gz,1
fda.inspections.history,firm:3010087769,2010-09-24,2026-09-08T14:33:17Z,is_oai,0,bool,fda.inspections.history,raw/fda.inspections.history/2026/09/20260908T143317Z-f9ff402067e0.json.gz,1
fda.inspections.history,firm:3010087769,2010-09-24,2026-09-08T14:33:17Z,label,INGREDION INC.,,fda.inspections.history,raw/fda.inspections.history/2026/09/20260908T143317Z-f9ff402067e0.json.gz,1
fda.inspections.history,firm:3010176616,2010-09-22,2026-09-08T14:33:17Z,classification,1,ordinal,fda.inspections.history,raw/fda.inspections.history/2026/09/20260908T143317Z-f9ff402067e0.json.gz,1
fda.inspections.history,firm:3010176616,2010-09-22,2026-09-08T14:33:17Z,firm_key,CARDINAL HEALTH P R 120,,fda.inspections.history,raw/fda.inspections.history/2026/09/20260908T143317Z-f9ff402067e0.json.gz,1
fda.inspections.history,firm:3010176616,2010-09-22,2026-09-08T14:33:17Z,inspected,1,count,fda.inspections.history,raw/fda.inspections.history/2026/09/20260908T143317Z-f9ff402067e0.json.gz,1
fda.inspections.history,firm:3010176616,2010-09-22,2026-09-08T14:33:17Z,inspection_end,20100922,yyyymmdd,fda.inspections.history,raw/fda.inspections.history/2026/09/20260908T143317Z-f9ff402067e0.json.gz,1
fda.inspections.history,firm:3010176616,2010-09-22,2026-09-08T14:33:17Z,is_foreign,0,bool,fda.inspections.history,raw/fda.inspections.history/2026/09/20260908T143317Z-f9ff402067e0.json.gz,1
fda.inspections.history,firm:3010176616,2010-09-22,2026-09-08T14:33:17Z,is_oai,0,bool,fda.inspections.history,raw/fda.inspections.history/2026/09/20260908T143317Z-f9ff402067e0.json.gz,1
fda.inspections.history,firm:3010176616,2010-09-22,2026-09-08T14:33:17Z,label,"Cardinal Health P.R. 120, Inc.",,fda.inspections.history,raw/fda.inspections.history/2026/09/20260908T143317Z-f9ff402067e0.json.gz,1
fda.inspections.history,firm:3011012288,2010-09-24,2026-09-08T14:33:17Z,classification,0,ordinal,fda.inspections.history,raw/fda.inspections.history/2026/09/20260908T143317Z-f9ff402067e0.json.gz,1
fda.inspections.history,firm:3011012288,2010-09-24,2026-09-08T14:33:17Z,firm_key,SI,,fda.inspections.history,raw/fda.inspections.history/2026/09/20260908T143317Z-f9ff402067e0.json.gz,1
fda.inspections.history,firm:3011012288,2010-09-24,2026-09-08T14:33:17Z,inspected,1,count,fda.inspections.history,raw/fda.inspections.history/2026/09/20260908T143317Z-f9ff402067e0.json.gz,1
fda.inspections.history,firm:3011012288,2010-09-24,2026-09-08T14:33:17Z,inspection_end,20100924,yyyymmdd,fda.inspections.history,raw/fda.inspections.history/2026/09/20260908T143317Z-f9ff402067e0.json.gz,1
fda.inspections.history,firm:3011012288,2010-09-24,2026-09-08T14:33:17Z,is_foreign,0,bool,fda.inspections.history,raw/fda.inspections.history/2026/09/20260908T143317Z-f9ff402067e0.json.gz,1
fda.inspections.history,firm:3011012288,2010-09-24,2026-09-08T14:33:17Z,is_oai,0,bool,fda.inspections.history,raw/fda.inspections.history/2026/09/20260908T143317Z-f9ff402067e0.json.gz,1
fda.inspections.history,firm:3011012288,2010-09-24,2026-09-08T14:33:17Z,label,"SI Group, Inc.",,fda.inspections.history,raw/fda.inspections.history/2026/09/20260908T143317Z-f9ff402067e0.json.gz,1
fda.inspections.history,firm:3012681020,2010-09-27,2026-09-08T14:33:17Z,classification,2,ordinal,fda.inspections.history,raw/fda.inspections.history/2026/09/20260908T143317Z-f9ff402067e0.json.gz,1
fda.inspections.history,firm:3012681020,2010-09-27,2026-09-08T14:33:17Z,firm_key,LIFETECH RESOURCES,,fda.inspections.history,raw/fda.inspections.history/2026/09/20260908T143317Z-f9ff402067e0.json.gz,1
fda.inspections.history,firm:3012681020,2010-09-27,2026-09-08T14:33:17Z,inspected,1,count,fda.inspections.history,raw/fda.inspections.history/2026/09/20260908T143317Z-f9ff402067e0.json.gz,1
fda.inspections.history,firm:3012681020,2010-09-27,2026-09-08T14:33:17Z,inspection_end,20100927,yyyymmdd,fda.inspections.history,raw/fda.inspections.history/2026/09/20260908T143317Z-f9ff402067e0.json.gz,1
fda.inspections.history,firm:3012681020,2010-09-27,2026-09-08T14:33:17Z,is_foreign,0,bool,fda.inspections.history,raw/fda.inspections.history/2026/09/20260908T143317Z-f9ff402067e0.json.gz,1
fda.inspections.history,firm:3012681020,2010-09-27,2026-09-08T14:33:17Z,is_oai,1,bool,fda.inspections.history,raw/fda.inspections.history/2026/09/20260908T143317Z-f9ff402067e0.json.gz,1
fda.inspections.history,firm:3012681020,2010-09-27,2026-09-08T14:33:17Z,label,Lifetech Resources LLC,,fda.inspections.history,raw/fda.inspections.history/2026/09/20260908T143317Z-f9ff402067e0.json.gz,1
fda.inspections.history,firm:3017140511,2010-09-08,2026-09-08T14:33:17Z,classification,1,ordinal,fda.inspections.history,raw/fda.inspections.history/2026/09/20260908T143317Z-f9ff402067e0.json.gz,1
fda.inspections.history,firm:3017140511,2010-09-08,2026-09-08T14:33:17Z,firm_key,LGM SOLUTIONS,,fda.inspections.history,raw/fda.inspections.history/2026/09/20260908T143317Z-f9ff402067e0.json.gz,1
fda.inspections.history,firm:3017140511,2010-09-08,2026-09-08T14:33:17Z,inspected,1,count,fda.inspections.history,raw/fda.inspections.history/2026/09/20260908T143317Z-f9ff402067e0.json.gz,1
fda.inspections.history,firm:3017140511,2010-09-08,2026-09-08T14:33:17Z,inspection_end,20100908,yyyymmdd,fda.inspections.history,raw/fda.inspections.history/2026/09/20260908T143317Z-f9ff402067e0.json.gz,1
fda.inspections.history,firm:3017140511,2010-09-08,2026-09-08T14:33:17Z,is_foreign,0,bool,fda.inspections.history,raw/fda.inspections.history/2026/09/20260908T143317Z-f9ff402067e0.json.gz,1
fda.inspections.history,firm:3017140511,2010-09-08,2026-09-08T14:33:17Z,is_oai,0,bool,fda.inspections.history,raw/fda.inspections.history/2026/09/20260908T143317Z-f9ff402067e0.json.gz,1
fda.inspections.history,firm:3017140511,2010-09-08,2026-09-08T14:33:17Z,label,"LGM Pharma Solutions, LLC.",,fda.inspections.history,raw/fda.inspections.history/2026/09/20260908T143317Z-f9ff402067e0.json.gz,1
fda.inspections.history,firm:3018521591,2010-09-30,2026-09-08T14:33:17Z,classification,1,ordinal,fda.inspections.history,raw/fda.inspections.history/2026/09/20260908T143317Z-f9ff402067e0.json.gz,1
fda.inspections.history,firm:3018521591,2010-09-30,2026-09-08T14:33:17Z,firm_key,VEGE,,fda.inspections.history,raw/fda.inspections.history/2026/09/20260908T143317Z-f9ff402067e0.json.gz,1
fda.inspections.history,firm:3018521591,2010-09-30,2026-09-08T14:33:17Z,inspected,1,count,fda.inspections.history,raw/fda.inspections.history/2026/09/20260908T143317Z-f9ff402067e0.json.gz,1
fda.inspections.history,firm:3018521591,2010-09-30,2026-09-08T14:33:17Z,inspection_end,20100930,yyyymmdd,fda.inspections.history,raw/fda.inspections.history/2026/09/20260908T143317Z-f9ff402067e0.json.gz,1
fda.inspections.history,firm:3018521591,2010-09-30,2026-09-08T14:33:17Z,is_foreign,0,bool,fda.inspections.history,raw/fda.inspections.history/2026/09/20260908T143317Z-f9ff402067e0.json.gz,1
fda.inspections.history,firm:3018521591,2010-09-30,2026-09-08T14:33:17Z,is_oai,0,bool,fda.inspections.history,raw/fda.inspections.history/2026/09/20260908T143317Z-f9ff402067e0.json.gz,1
fda.inspections.history,firm:3018521591,2010-09-30,2026-09-08T14:33:17Z,label,Vege Labs LLC,,fda.inspections.history,raw/fda.inspections.history/2026/09/20260908T143317Z-f9ff402067e0.json.gz,1
fda.inspections.history,firm:3024526,2010-09-29,2026-09-08T14:33:17Z,classification,1,ordinal,fda.inspections.history,raw/fda.inspections.history/2026/09/20260908T143317Z-f9ff402067e0.json.gz,1
fda.inspections.history,firm:3024526,2010-09-29,2026-09-08T14:33:17Z,firm_key,BENEFIS HEALTH SYSTEM IRB,,fda.inspections.history,raw/fda.inspections.history/2026/09/20260908T143317Z-f9ff402067e0.json.gz,1
fda.inspections.history,firm:3024526,2010-09-29,2026-09-08T14:33:17Z,inspected,1,count,fda.inspections.history,raw/fda.inspections.history/2026/09/20260908T143317Z-f9ff402067e0.json.gz,1
fda.inspections.history,firm:3024526,2010-09-29,2026-09-08T14:33:17Z,inspection_end,20100929,yyyymmdd,fda.inspections.history,raw/fda.inspections.history/2026/09/20260908T143317Z-f9ff402067e0.json.gz,1
fda.inspections.history,firm:3024526,2010-09-29,2026-09-08T14:33:17Z,is_foreign,0,bool,fda.inspections.history,raw/fda.inspections.history/2026/09/20260908T143317Z-f9ff402067e0.json.gz,1
fda.inspections.history,firm:3024526,2010-09-29,2026-09-08T14:33:17Z,is_oai,0,bool,fda.inspections.history,raw/fda.inspections.history/2026/09/20260908T143317Z-f9ff402067e0.json.gz,1
fda.inspections.history,firm:3024526,2010-09-29,2026-09-08T14:33:17Z,label,"Benefis Health System, IRB",,fda.inspections.history,raw/fda.inspections.history/2026/09/20260908T143317Z-f9ff402067e0.json.gz,1
fda.inspections.history,firm:3030722291,2010-09-09,2026-09-08T14:33:17Z,classification,0,ordinal,fda.inspections.history,raw/fda.inspections.history/2026/09/20260908T143317Z-f9ff402067e0.json.gz,1
fda.inspections.history,firm:3030722291,2010-09-09,2026-09-08T14:33:17Z,firm_key,RV NUTRITIONAL,,fda.inspections.history,raw/fda.inspections.history/2026/09/20260908T143317Z-f9ff402067e0.json.gz,1
fda.inspections.history,firm:3030722291,2010-09-09,2026-09-08T14:33:17Z,inspected,1,count,fda.inspections.history,raw/fda.inspections.history/2026/09/20260908T143317Z-f9ff402067e0.json.gz,1
fda.inspections.history,firm:3030722291,2010-09-09,2026-09-08T14:33:17Z,inspection_end,20100909,yyyymmdd,fda.inspections.history,raw/fda.inspections.history/2026/09/20260908T143317Z-f9ff402067e0.json.gz,1
fda.inspections.history,firm:3030722291,2010-09-09,2026-09-08T14:33:17Z,is_foreign,0,bool,fda.inspections.history,raw/fda.inspections.history/2026/09/20260908T143317Z-f9ff402067e0.json.gz,1
fda.inspections.history,firm:3030722291,2010-09-09,2026-09-08T14:33:17Z,is_oai,0,bool,fda.inspections.history,raw/fda.inspections.history/2026/09/20260908T143317Z-f9ff402067e0.json.gz,1
fda.inspections.history,firm:3030722291,2010-09-09,2026-09-08T14:33:17Z,label,"RV Nutritional, LLC",,fda.inspections.history,raw/fda.inspections.history/2026/09/20260908T143317Z-f9ff402067e0.json.gz,1
fda.refusals.backfill,firm:1545,2010-09-29,2026-09-09T17:04:39Z,firm_key,DELTA SYNTHETIC,,fda.refusals.backfill,raw/fda.refusals.backfill/2026/09/20260909T170439Z-0c5077c505d0.json.gz,1
fda.refusals.backfill,firm:1545,2010-09-29,2026-09-09T17:04:39Z,import_refusal,1,count,fda.refusals.backfill,raw/fda.refusals.backfill/2026/09/20260909T170439Z-0c5077c505d0.json.gz,1
fda.refusals.backfill,firm:1545,2010-09-29,2026-09-09T17:04:39Z,is_drug_or_biologic,1,bool,fda.refusals.backfill,raw/fda.refusals.backfill/2026/09/20260909T170439Z-0c5077c505d0.json.gz,1
fda.refusals.backfill,firm:1545,2010-09-29,2026-09-09T17:04:39Z,is_foreign,1,bool,fda.refusals.backfill,raw/fda.refusals.backfill/2026/09/20260909T170439Z-0c5077c505d0.json.gz,1
fda.refusals.backfill,firm:1545,2010-09-29,2026-09-09T17:04:39Z,is_human_drug,1,bool,fda.refusals.backfill,raw/fda.refusals.backfill/2026/09/20260909T170439Z-0c5077c505d0.json.gz,1
fda.refusals.backfill,firm:1545,2010-09-29,2026-09-09T17:04:39Z,label,"Delta Synthetic Co., Ltd.",,fda.refusals.backfill,raw/fda.refusals.backfill/2026/09/20260909T170439Z-0c5077c505d0.json.gz,1
fda.refusals.backfill,firm:1545,2010-09-29,2026-09-09T17:04:39Z,refused_at,20100929,yyyymmdd,fda.refusals.backfill,raw/fda.refusals.backfill/2026/09/20260909T170439Z-0c5077c505d0.json.gz,1
fda.refusals.backfill,firm:1819470,2010-09-22,2026-09-09T17:04:39Z,firm_key,ELI LILLY,,fda.refusals.backfill,raw/fda.refusals.backfill/2026/09/20260909T170439Z-0c5077c505d0.json.gz,1
fda.refusals.backfill,firm:1819470,2010-09-22,2026-09-09T17:04:39Z,import_refusal,1,count,fda.refusals.backfill,raw/fda.refusals.backfill/2026/09/20260909T170439Z-0c5077c505d0.json.gz,1
fda.refusals.backfill,firm:1819470,2010-09-22,2026-09-09T17:04:39Z,is_drug_or_biologic,1,bool,fda.refusals.backfill,raw/fda.refusals.backfill/2026/09/20260909T170439Z-0c5077c505d0.json.gz,1
fda.refusals.backfill,firm:1819470,2010-09-22,2026-09-09T17:04:39Z,is_foreign,0,bool,fda.refusals.backfill,raw/fda.refusals.backfill/2026/09/20260909T170439Z-0c5077c505d0.json.gz,1
fda.refusals.backfill,firm:1819470,2010-09-22,2026-09-09T17:04:39Z,is_human_drug,1,bool,fda.refusals.backfill,raw/fda.refusals.backfill/2026/09/20260909T170439Z-0c5077c505d0.json.gz,1
fda.refusals.backfill,firm:1819470,2010-09-22,2026-09-09T17:04:39Z,label,Eli Lilly & Company,,fda.refusals.backfill,raw/fda.refusals.backfill/2026/09/20260909T170439Z-0c5077c505d0.json.gz,1
fda.refusals.backfill,firm:1819470,2010-09-22,2026-09-09T17:04:39Z,refused_at,20100922,yyyymmdd,fda.refusals.backfill,raw/fda.refusals.backfill/2026/09/20260909T170439Z-0c5077c505d0.json.gz,1
fda.refusals.backfill,firm:2518137,2010-09-14,2026-09-09T17:04:39Z,firm_key,ASTRAZENECA LP,,fda.refusals.backfill,raw/fda.refusals.backfill/2026/09/20260909T170439Z-0c5077c505d0.json.gz,1
fda.refusals.backfill,firm:2518137,2010-09-14,2026-09-09T17:04:39Z,import_refusal,1,count,fda.refusals.backfill,raw/fda.refusals.backfill/2026/09/20260909T170439Z-0c5077c505d0.json.gz,1
fda.refusals.backfill,firm:2518137,2010-09-14,2026-09-09T17:04:39Z,is_drug_or_biologic,1,bool,fda.refusals.backfill,raw/fda.refusals.backfill/2026/09/20260909T170439Z-0c5077c505d0.json.gz,1
fda.refusals.backfill,firm:2518137,2010-09-14,2026-09-09T17:04:39Z,is_foreign,0,bool,fda.refusals.backfill,raw/fda.refusals.backfill/2026/09/20260909T170439Z-0c5077c505d0.json.gz,1
fda.refusals.backfill,firm:2518137,2010-09-14,2026-09-09T17:04:39Z,is_human_drug,1,bool,fda.refusals.backfill,raw/fda.refusals.backfill/2026/09/20260909T170439Z-0c5077c505d0.json.gz,1
fda.refusals.backfill,firm:2518137,2010-09-14,2026-09-09T17:04:39Z,label,AstraZeneca Pharmaceuticals LP,,fda.refusals.backfill,raw/fda.refusals.backfill/2026/09/20260909T170439Z-0c5077c505d0.json.gz,1
fda.refusals.backfill,firm:2518137,2010-09-14,2026-09-09T17:04:39Z,refused_at,20100914,yyyymmdd,fda.refusals.backfill,raw/fda.refusals.backfill/2026/09/20260909T170439Z-0c5077c505d0.json.gz,1
fda.refusals.backfill,firm:3000142023,2010-09-07,2026-09-09T17:04:39Z,firm_key,DEGIL SAFETY PRODUCTS 1989,,fda.refusals.backfill,raw/fda.refusals.backfill/2026/09/20260909T170439Z-0c5077c505d0.json.gz,1
fda.refusals.backfill,firm:3000142023,2010-09-07,2026-09-09T17:04:39Z,import_refusal,1,count,fda.refusals.backfill,raw/fda.refusals.backfill/2026/09/20260909T170439Z-0c5077c505d0.json.gz,1
fda.refusals.backfill,firm:3000142023,2010-09-07,2026-09-09T17:04:39Z,is_drug_or_biologic,1,bool,fda.refusals.backfill,raw/fda.refusals.backfill/2026/09/20260909T170439Z-0c5077c505d0.json.gz,1
fda.refusals.backfill,firm:3000142023,2010-09-07,2026-09-09T17:04:39Z,is_foreign,1,bool,fda.refusals.backfill,raw/fda.refusals.backfill/2026/09/20260909T170439Z-0c5077c505d0.json.gz,1
fda.refusals.backfill,firm:3000142023,2010-09-07,2026-09-09T17:04:39Z,is_human_drug,1,bool,fda.refusals.backfill,raw/fda.refusals.backfill/2026/09/20260909T170439Z-0c5077c505d0.json.gz,1
fda.refusals.backfill,firm:3000142023,2010-09-07,2026-09-09T17:04:39Z,label,Degil Safety Products 1989 Inc,,fda.refusals.backfill,raw/fda.refusals.backfill/2026/09/20260909T170439Z-0c5077c505d0.json.gz,1
fda.refusals.backfill,firm:3000142023,2010-09-07,2026-09-09T17:04:39Z,refused_at,20100907,yyyymmdd,fda.refusals.backfill,raw/fda.refusals.backfill/2026/09/20260909T170439Z-0c5077c505d0.json.gz,1
fda.refusals.backfill,firm:3000989764,2010-09-30,2026-09-09T17:04:39Z,firm_key,LABORATORIOS DR COLLADO S A,,fda.refusals.backfill,raw/fda.refusals.backfill/2026/09/20260909T170439Z-0c5077c505d0.json.gz,1
fda.refusals.backfill,firm:3000989764,2010-09-30,2026-09-09T17:04:39Z,import_refusal,1,count,fda.refusals.backfill,raw/fda.refusals.backfill/2026/09/20260909T170439Z-0c5077c505d0.json.gz,1
fda.refusals.backfill,firm:3000989764,2010-09-30,2026-09-09T17:04:39Z,is_drug_or_biologic,1,bool,fda.refusals.backfill,raw/fda.refusals.backfill/2026/09/20260909T170439Z-0c5077c505d0.json.gz,1
fda.refusals.backfill,firm:3000989764,2010-09-30,2026-09-09T17:04:39Z,is_foreign,1,bool,fda.refusals.backfill,raw/fda.refusals.backfill/2026/09/20260909T170439Z-0c5077c505d0.json.gz,1
fda.refusals.backfill,firm:3000989764,2010-09-30,2026-09-09T17:04:39Z,is_human_drug,1,bool,fda.refusals.backfill,raw/fda.refusals.backfill/2026/09/20260909T170439Z-0c5077c505d0.json.gz,1
fda.refusals.backfill,firm:3000989764,2010-09-30,2026-09-09T17:04:39Z,label,Laboratorios Dr. Collado S.A.,,fda.refusals.backfill,raw/fda.refusals.backfill/2026/09/20260909T170439Z-0c5077c505d0.json.gz,1
fda.refusals.backfill,firm:3000989764,2010-09-30,2026-09-09T17:04:39Z,refused_at,20100930,yyyymmdd,fda.refusals.backfill,raw/fda.refusals.backfill/2026/09/20260909T170439Z-0c5077c505d0.json.gz,1
fda.refusals.backfill,firm:3001390073,2010-09-14,2026-09-09T17:04:39Z,firm_key,SHIMIZU CHEMICAL,,fda.refusals.backfill,raw/fda.refusals.backfill/2026/09/20260909T170439Z-0c5077c505d0.json.gz,1
fda.refusals.backfill,firm:3001390073,2010-09-14,2026-09-09T17:04:39Z,import_refusal,1,count,fda.refusals.backfill,raw/fda.refusals.backfill/2026/09/20260909T170439Z-0c5077c505d0.json.gz,1
fda.refusals.backfill,firm:3001390073,2010-09-14,2026-09-09T17:04:39Z,is_drug_or_biologic,1,bool,fda.refusals.backfill,raw/fda.refusals.backfill/2026/09/20260909T170439Z-0c5077c505d0.json.gz,1
fda.refusals.backfill,firm:3001390073,2010-09-14,2026-09-09T17:04:39Z,is_foreign,1,bool,fda.refusals.backfill,raw/fda.refusals.backfill/2026/09/20260909T170439Z-0c5077c505d0.json.gz,1
fda.refusals.backfill,firm:3001390073,2010-09-14,2026-09-09T17:04:39Z,is_human_drug,1,bool,fda.refusals.backfill,raw/fda.refusals.backfill/2026/09/20260909T170439Z-0c5077c505d0.json.gz,1
fda.refusals.backfill,firm:3001390073,2010-09-14,2026-09-09T17:04:39Z,label,Shimizu Chemical,,fda.refusals.backfill,raw/fda.refusals.backfill/2026/09/20260909T170439Z-0c5077c505d0.json.gz,1
fda.refusals.backfill,firm:3001390073,2010-09-14,2026-09-09T17:04:39Z,refused_at,20100914,yyyymmdd,fda.refusals.backfill,raw/fda.refusals.backfill/2026/09/20260909T170439Z-0c5077c505d0.json.gz,1
fda.refusals.backfill,firm:3001421895,2010-09-08,2026-09-09T17:04:39Z,firm_key,TRINIDAD COSMETIC,,fda.refusals.backfill,raw/fda.refusals.backfill/2026/09/20260909T170439Z-0c5077c505d0.json.gz,1
fda.refusals.backfill,firm:3001421895,2010-09-08,2026-09-09T17:04:39Z,import_refusal,1,count,fda.refusals.backfill,raw/fda.refusals.backfill/2026/09/20260909T170439Z-0c5077c505d0.json.gz,1
fda.refusals.backfill,firm:3001421895,2010-09-08,2026-09-09T17:04:39Z,is_drug_or_biologic,1,bool,fda.refusals.backfill,raw/fda.refusals.backfill/2026/09/20260909T170439Z-0c5077c505d0.json.gz,1
fda.refusals.backfill,firm:3001421895,2010-09-08,2026-09-09T17:04:39Z,is_foreign,1,bool,fda.refusals.backfill,raw/fda.refusals.backfill/2026/09/20260909T170439Z-0c5077c505d0.json.gz,1
fda.refusals.backfill,firm:3001421895,2010-09-08,2026-09-09T17:04:39Z,is_human_drug,1,bool,fda.refusals.backfill,raw/fda.refusals.backfill/2026/09/20260909T170439Z-0c5077c505d0.json.gz,1
fda.refusals.backfill,firm:3001421895,2010-09-08,2026-09-09T17:04:39Z,label,Trinidad Cosmetic Lab,,fda.refusals.backfill,raw/fda.refusals.backfill/2026/09/20260909T170439Z-0c5077c505d0.json.gz,1
fda.refusals.backfill,firm:3001421895,2010-09-08,2026-09-09T17:04:39Z,refused_at,20100908,yyyymmdd,fda.refusals.backfill,raw/fda.refusals.backfill/2026/09/20260909T170439Z-0c5077c505d0.json.gz,1
fda.refusals.backfill,firm:3001581899,2010-09-14,2026-09-09T17:04:39Z,firm_key,CONTRACT CANADA,,fda.refusals.backfill,raw/fda.refusals.backfill/2026/09/20260909T170439Z-0c5077c505d0.json.gz,1
fda.refusals.backfill,firm:3001581899,2010-09-14,2026-09-09T17:04:39Z,import_refusal,1,count,fda.refusals.backfill,raw/fda.refusals.backfill/2026/09/20260909T170439Z-0c5077c505d0.json.gz,1
fda.refusals.backfill,firm:3001581899,2010-09-14,2026-09-09T17:04:39Z,is_drug_or_biologic,1,bool,fda.refusals.backfill,raw/fda.refusals.backfill/2026/09/20260909T170439Z-0c5077c505d0.json.gz,1
fda.refusals.backfill,firm:3001581899,2010-09-14,2026-09-09T17:04:39Z,is_foreign,1,bool,fda.refusals.backfill,raw/fda.refusals.backfill/2026/09/20260909T170439Z-0c5077c505d0.json.gz,1
fda.refusals.backfill,firm:3001581899,2010-09-14,2026-09-09T17:04:39Z,is_human_drug,1,bool,fda.refusals.backfill,raw/fda.refusals.backfill/2026/09/20260909T170439Z-0c5077c505d0.json.gz,1
fda.refusals.backfill,firm:3001581899,2010-09-14,2026-09-09T17:04:39Z,label,Contract Pharmaceuticals Limited Canada,,fda.refusals.backfill,raw/fda.refusals.backfill/2026/09/20260909T170439Z-0c5077c505d0.json.gz,1
fda.refusals.backfill,firm:3001581899,2010-09-14,2026-09-09T17:04:39Z,refused_at,20100914,yyyymmdd,fda.refusals.backfill,raw/fda.refusals.backfill/2026/09/20260909T170439Z-0c5077c505d0.json.gz,1
fda.refusals.backfill,firm:3001956890,2010-09-24,2026-09-09T17:04:39Z,firm_key,PLZ,,fda.refusals.backfill,raw/fda.refusals.backfill/2026/09/20260909T170439Z-0c5077c505d0.json.gz,1
fda.refusals.backfill,firm:3001956890,2010-09-24,2026-09-09T17:04:39Z,import_refusal,1,count,fda.refusals.backfill,raw/fda.refusals.backfill/2026/09/20260909T170439Z-0c5077c505d0.json.gz,1
fda.refusals.backfill,firm:3001956890,2010-09-24,2026-09-09T17:04:39Z,is_drug_or_biologic,1,bool,fda.refusals.backfill,raw/fda.refusals.backfill/2026/09/20260909T170439Z-0c5077c505d0.json.gz,1
fda.refusals.backfill,firm:3001956890,2010-09-24,2026-09-09T17:04:39Z,is_foreign,1,bool,fda.refusals.backfill,raw/fda.refusals.backfill/2026/09/20260909T170439Z-0c5077c505d0.json.gz,1
fda.refusals.backfill,firm:3001956890,2010-09-24,2026-09-09T17:04:39Z,is_human_drug,1,bool,fda.refusals.backfill,raw/fda.refusals.backfill/2026/09/20260909T170439Z-0c5077c505d0.json.gz,1
fda.refusals.backfill,firm:3001956890,2010-09-24,2026-09-09T17:04:39Z,label,PLZ Corp.,,fda.refusals.backfill,raw/fda.refusals.backfill/2026/09/20260909T170439Z-0c5077c505d0.json.gz,1
fda.refusals.backfill,firm:3001956890,2010-09-24,2026-09-09T17:04:39Z,refused_at,20100924,yyyymmdd,fda.refusals.backfill,raw/fda.refusals.backfill/2026/09/20260909T170439Z-0c5077c505d0.json.gz,1
fda.refusals.backfill,firm:3002189947,2010-09-08,2026-09-09T17:04:39Z,firm_key,SCANCHEMIE,,fda.refusals.backfill,raw/fda.refusals.backfill/2026/09/20260909T170439Z-0c5077c505d0.json.gz,1
fda.refusals.backfill,firm:3002189947,2010-09-08,2026-09-09T17:04:39Z,import_refusal,1,count,fda.refusals.backfill,raw/fda.refusals.backfill/2026/09/20260909T170439Z-0c5077c505d0.json.gz,1
fda.refusals.backfill,firm:3002189947,2010-09-08,2026-09-09T17:04:39Z,is_drug_or_biologic,1,bool,fda.refusals.backfill,raw/fda.refusals.backfill/2026/09/20260909T170439Z-0c5077c505d0.json.gz,1
fda.refusals.backfill,firm:3002189947,2010-09-08,2026-09-09T17:04:39Z,is_foreign,1,bool,fda.refusals.backfill,raw/fda.refusals.backfill/2026/09/20260909T170439Z-0c5077c505d0.json.gz,1
fda.refusals.backfill,firm:3002189947,2010-09-08,2026-09-09T17:04:39Z,is_human_drug,1,bool,fda.refusals.backfill,raw/fda.refusals.backfill/2026/09/20260909T170439Z-0c5077c505d0.json.gz,1
fda.refusals.backfill,firm:3002189947,2010-09-08,2026-09-09T17:04:39Z,label,Scanchemie Ltd.,,fda.refusals.backfill,raw/fda.refusals.backfill/2026/09/20260909T170439Z-0c5077c505d0.json.gz,1
fda.refusals.backfill,firm:3002189947,2010-09-08,2026-09-09T17:04:39Z,refused_at,20100908,yyyymmdd,fda.refusals.backfill,raw/fda.refusals.backfill/2026/09/20260909T170439Z-0c5077c505d0.json.gz,1
fda.refusals.backfill,firm:3002564931,2010-09-17,2026-09-09T17:04:39Z,firm_key,FARMACEUTICI DOTTI CICCARELLI SPA,,fda.refusals.backfill,raw/fda.refusals.backfill/2026/09/20260909T170439Z-0c5077c505d0.json.gz,1
fda.refusals.backfill,firm:3002564931,2010-09-17,2026-09-09T17:04:39Z,import_refusal,1,count,fda.refusals.backfill,raw/fda.refusals.backfill/2026/09/20260909T170439Z-0c5077c505d0.json.gz,1
fda.refusals.backfill,firm:3002564931,2010-09-17,2026-09-09T17:04:39Z,is_drug_or_biologic,1,bool,fda.refusals.backfill,raw/fda.refusals.backfill/2026/09/20260909T170439Z-0c5077c505d0.json.gz,1
fda.refusals.backfill,firm:3002564931,2010-09-17,2026-09-09T17:04:39Z,is_foreign,1,bool,fda.refusals.backfill,raw/fda.refusals.backfill/2026/09/20260909T170439Z-0c5077c505d0.json.gz,1
fda.refusals.backfill,firm:3002564931,2010-09-17,2026-09-09T17:04:39Z,is_human_drug,1,bool,fda.refusals.backfill,raw/fda.refusals.backfill/2026/09/20260909T170439Z-0c5077c505d0.json.gz,1
fda.refusals.backfill,firm:3002564931,2010-09-17,2026-09-09T17:04:39Z,label,Farmaceutici Dotti Ciccarelli Spa,,fda.refusals.backfill,raw/fda.refusals.backfill/2026/09/20260909T170439Z-0c5077c505d0.json.gz,1
fda.refusals.backfill,firm:3002564931,2010-09-17,2026-09-09T17:04:39Z,refused_at,20100917,yyyymmdd,fda.refusals.backfill,raw/fda.refusals.backfill/2026/09/20260909T170439Z-0c5077c505d0.json.gz,1
fda.refusals.backfill,firm:3002624249,2010-09-08,2026-09-09T17:04:39Z,firm_key,PT TEMPO SCAN PACIFIC,,fda.refusals.backfill,raw/fda.refusals.backfill/2026/09/20260909T170439Z-0c5077c505d0.json.gz,1
fda.refusals.backfill,firm:3002624249,2010-09-08,2026-09-09T17:04:39Z,import_refusal,1,count,fda.refusals.backfill,raw/fda.refusals.backfill/2026/09/20260909T170439Z-0c5077c505d0.json.gz,1
fda.refusals.backfill,firm:3002624249,2010-09-08,2026-09-09T17:04:39Z,is_drug_or_biologic,1,bool,fda.refusals.backfill,raw/fda.refusals.backfill/2026/09/20260909T170439Z-0c5077c505d0.json.gz,1
fda.refusals.backfill,firm:3002624249,2010-09-08,2026-09-09T17:04:39Z,is_foreign,1,bool,fda.refusals.backfill,raw/fda.refusals.backfill/2026/09/20260909T170439Z-0c5077c505d0.json.gz,1
fda.refusals.backfill,firm:3002624249,2010-09-08,2026-09-09T17:04:39Z,is_human_drug,1,bool,fda.refusals.backfill,raw/fda.refusals.backfill/2026/09/20260909T170439Z-0c5077c505d0.json.gz,1
fda.refusals.backfill,firm:3002624249,2010-09-08,2026-09-09T17:04:39Z,label,PT. Tempo Scan Pacific,,fda.refusals.backfill,raw/fda.refusals.backfill/2026/09/20260909T170439Z-0c5077c505d0.json.gz,1
fda.refusals.backfill,firm:3002624249,2010-09-08,2026-09-09T17:04:39Z,refused_at,20100908,yyyymmdd,fda.refusals.backfill,raw/fda.refusals.backfill/2026/09/20260909T170439Z-0c5077c505d0.json.gz,1
fda.refusals.backfill,firm:3002778664,2010-09-22,2026-09-09T17:04:39Z,firm_key,SCHERING PLOUGH PROD LAS PIE,,fda.refusals.backfill,raw/fda.refusals.backfill/2026/09/20260909T170439Z-0c5077c505d0.json.gz,1
fda.refusals.backfill,firm:3002778664,2010-09-22,2026-09-09T17:04:39Z,import_refusal,1,count,fda.refusals.backfill,raw/fda.refusals.backfill/2026/09/20260909T170439Z-0c5077c505d0.json.gz,1
fda.refusals.backfill,firm:3002778664,2010-09-22,2026-09-09T17:04:39Z,is_drug_or_biologic,1,bool,fda.refusals.backfill,raw/fda.refusals.backfill/2026/09/20260909T170439Z-0c5077c505d0.json.gz,1
fda.refusals.backfill,firm:3002778664,2010-09-22,2026-09-09T17:04:39Z,is_foreign,0,bool,fda.refusals.backfill,raw/fda.refusals.backfill/2026/09/20260909T170439Z-0c5077c505d0.json.gz,1
fda.refusals.backfill,firm:3002778664,2010-09-22,2026-09-09T17:04:39Z,is_human_drug,1,bool,fda.refusals.backfill,raw/fda.refusals.backfill/2026/09/20260909T170439Z-0c5077c505d0.json.gz,1
fda.refusals.backfill,firm:3002778664,2010-09-22,2026-09-09T17:04:39Z,label,Schering Plough Prod Llc Las Pie,,fda.refusals.backfill,raw/fda.refusals.backfill/2026/09/20260909T170439Z-0c5077c505d0.json.gz,1
fda.refusals.backfill,firm:3002778664,2010-09-22,2026-09-09T17:04:39Z,refused_at,20100922,yyyymmdd,fda.refusals.backfill,raw/fda.refusals.backfill/2026/09/20260909T170439Z-0c5077c505d0.json.gz,1
fda.refusals.backfill,firm:3002806556,2010-09-22,2026-09-09T17:04:39Z,firm_key,BOEHRINGER INGELHEIM,,fda.refusals.backfill,raw/fda.refusals.backfill/2026/09/20260909T170439Z-0c5077c505d0.json.gz,1
fda.refusals.backfill,firm:3002806556,2010-09-22,2026-09-09T17:04:39Z,import_refusal,1,count,fda.refusals.backfill,raw/fda.refusals.backfill/2026/09/20260909T170439Z-0c5077c505d0.json.gz,1
fda.refusals.backfill,firm:3002806556,2010-09-22,2026-09-09T17:04:39Z,is_drug_or_biologic,1,bool,fda.refusals.backfill,raw/fda.refusals.backfill/2026/09/20260909T170439Z-0c5077c505d0.json.gz,1
fda.refusals.backfill,firm:3002806556,2010-09-22,2026-09-09T17:04:39Z,is_foreign,1,bool,fda.refusals.backfill,raw/fda.refusals.backfill/2026/09/20260909T170439Z-0c5077c505d0.json.gz,1
fda.refusals.backfill,firm:3002806556,2010-09-22,2026-09-09T17:04:39Z,is_human_drug,1,bool,fda.refusals.backfill,raw/fda.refusals.backfill/2026/09/20260909T170439Z-0c5077c505d0.json.gz,1
fda.refusals.backfill,firm:3002806556,2010-09-22,2026-09-09T17:04:39Z,label,Boehringer Ingelheim Pharma GmbH & Co. KG,,fda.refusals.backfill,raw/fda.refusals.backfill/2026/09/20260909T170439Z-0c5077c505d0.json.gz,1
fda.refusals.backfill,firm:3002806556,2010-09-22,2026-09-09T17:04:39Z,refused_at,20100922,yyyymmdd,fda.refusals.backfill,raw/fda.refusals.backfill/2026/09/20260909T170439Z-0c5077c505d0.json.gz,1
fda.refusals.backfill,firm:3002806702,2010-09-07,2026-09-09T17:04:39Z,firm_key,CIPLA,,fda.refusals.backfill,raw/fda.refusals.backfill/2026/09/20260909T170439Z-0c5077c505d0.json.gz,1
fda.refusals.backfill,firm:3002806702,2010-09-07,2026-09-09T17:04:39Z,import_refusal,1,count,fda.refusals.backfill,raw/fda.refusals.backfill/2026/09/20260909T170439Z-0c5077c505d0.json.gz,1
fda.refusals.backfill,firm:3002806702,2010-09-07,2026-09-09T17:04:39Z,is_drug_or_biologic,1,bool,fda.refusals.backfill,raw/fda.refusals.backfill/2026/09/20260909T170439Z-0c5077c505d0.json.gz,1
fda.refusals.backfill,firm:3002806702,2010-09-07,2026-09-09T17:04:39Z,is_foreign,1,bool,fda.refusals.backfill,raw/fda.refusals.backfill/2026/09/20260909T170439Z-0c5077c505d0.json.gz,1
fda.refusals.backfill,firm:3002806702,2010-09-07,2026-09-09T17:04:39Z,is_human_drug,1,bool,fda.refusals.backfill,raw/fda.refusals.backfill/2026/09/20260909T170439Z-0c5077c505d0.json.gz,1
fda.refusals.backfill,firm:3002806702,2010-09-07,2026-09-09T17:04:39Z,label,"Cipla, Ltd.",,fda.refusals.backfill,raw/fda.refusals.backfill/2026/09/20260909T170439Z-0c5077c505d0.json.gz,1
fda.refusals.backfill,firm:3002806702,2010-09-07,2026-09-09T17:04:39Z,refused_at,20100907,yyyymmdd,fda.refusals.backfill,raw/fda.refusals.backfill/2026/09/20260909T170439Z-0c5077c505d0.json.gz,1
fda.refusals.backfill,firm:3002807086,2010-09-15,2026-09-09T17:04:39Z,firm_key,BORA SERVICES,,fda.refusals.backfill,raw/fda.refusals.backfill/2026/09/20260909T170439Z-0c5077c505d0.json.gz,1
fda.refusals.backfill,firm:3002807086,2010-09-15,2026-09-09T17:04:39Z,import_refusal,1,count,fda.refusals.backfill,raw/fda.refusals.backfill/2026/09/20260909T170439Z-0c5077c505d0.json.gz,1
fda.refusals.backfill,firm:3002807086,2010-09-15,2026-09-09T17:04:39Z,is_drug_or_biologic,1,bool,fda.refusals.backfill,raw/fda.refusals.backfill/2026/09/20260909T170439Z-0c5077c505d0.json.gz,1
fda.refusals.backfill,firm:3002807086,2010-09-15,2026-09-09T17:04:39Z,is_foreign,1,bool,fda.refusals.backfill,raw/fda.refusals.backfill/2026/09/20260909T170439Z-0c5077c505d0.json.gz,1
fda.refusals.backfill,firm:3002807086,2010-09-15,2026-09-09T17:04:39Z,is_human_drug,1,bool,fda.refusals.backfill,raw/fda.refusals.backfill/2026/09/20260909T170439Z-0c5077c505d0.json.gz,1
fda.refusals.backfill,firm:3002807086,2010-09-15,2026-09-09T17:04:39Z,label,Bora Pharmaceutical Services Inc.,,fda.refusals.backfill,raw/fda.refusals.backfill/2026/09/20260909T170439Z-0c5077c505d0.json.gz,1
fda.refusals.backfill,firm:3002807086,2010-09-15,2026-09-09T17:04:39Z,refused_at,20100915,yyyymmdd,fda.refusals.backfill,raw/fda.refusals.backfill/2026/09/20260909T170439Z-0c5077c505d0.json.gz,1
fda.refusals.backfill,firm:3002807186,2010-09-14,2026-09-09T17:04:39Z,firm_key,BAUSCH HEALTH COMPANIES,,fda.refusals.backfill,raw/fda.refusals.backfill/2026/09/20260909T170439Z-0c5077c505d0.json.gz,1
fda.refusals.backfill,firm:3002807186,2010-09-14,2026-09-09T17:04:39Z,import_refusal,1,count,fda.refusals.backfill,raw/fda.refusals.backfill/2026/09/20260909T170439Z-0c5077c505d0.json.gz,1
fda.refusals.backfill,firm:3002807186,2010-09-14,2026-09-09T17:04:39Z,is_drug_or_biologic,1,bool,fda.refusals.backfill,raw/fda.refusals.backfill/2026/09/20260909T170439Z-0c5077c505d0.json.gz,1
fda.refusals.backfill,firm:3002807186,2010-09-14,2026-09-09T17:04:39Z,is_foreign,1,bool,fda.refusals.backfill,raw/fda.refusals.backfill/2026/09/20260909T170439Z-0c5077c505d0.json.gz,1
fda.refusals.backfill,firm:3002807186,2010-09-14,2026-09-09T17:04:39Z,is_human_drug,1,bool,fda.refusals.backfill,raw/fda.refusals.backfill/2026/09/20260909T170439Z-0c5077c505d0.json.gz,1
fda.refusals.backfill,firm:3002807186,2010-09-14,2026-09-09T17:04:39Z,label,Bausch Health Companies Inc.,,fda.refusals.backfill,raw/fda.refusals.backfill/2026/09/20260909T170439Z-0c5077c505d0.json.gz,1
fda.refusals.backfill,firm:3002807186,2010-09-14,2026-09-09T17:04:39Z,refused_at,20100914,yyyymmdd,fda.refusals.backfill,raw/fda.refusals.backfill/2026/09/20260909T170439Z-0c5077c505d0.json.gz,1
fda.refusals.backfill,firm:3002807336,2010-09-15,2026-09-09T17:04:39Z,firm_key,JANSSEN PHARMACEUTICA N V,,fda.refusals.backfill,raw/fda.refusals.backfill/2026/09/20260909T170439Z-0c5077c505d0.json.gz,1
fda.refusals.backfill,firm:3002807336,2010-09-15,2026-09-09T17:04:39Z,import_refusal,1,count,fda.refusals.backfill,raw/fda.refusals.backfill/2026/09/20260909T170439Z-0c5077c505d0.json.gz,1
fda.refusals.backfill,firm:3002807336,2010-09-15,2026-09-09T17:04:39Z,is_drug_or_biologic,1,bool,fda.refusals.backfill,raw/fda.refusals.backfill/2026/09/20260909T170439Z-0c5077c505d0.json.gz,1
fda.refusals.backfill,firm:3002807336,2010-09-15,2026-09-09T17:04:39Z,is_foreign,1,bool,fda.refusals.backfill,raw/fda.refusals.backfill/2026/09/20260909T170439Z-0c5077c505d0.json.gz,1
fda.refusals.backfill,firm:3002807336,2010-09-15,2026-09-09T17:04:39Z,is_human_drug,1,bool,fda.refusals.backfill,raw/fda.refusals.backfill/2026/09/20260909T170439Z-0c5077c505d0.json.gz,1
fda.refusals.backfill,firm:3002807336,2010-09-15,2026-09-09T17:04:39Z,label,"Janssen Pharmaceutica, N.V.",,fda.refusals.backfill,raw/fda.refusals.backfill/2026/09/20260909T170439Z-0c5077c505d0.json.gz,1
fda.refusals.backfill,firm:3002807336,2010-09-15,2026-09-09T17:04:39Z,refused_at,20100915,yyyymmdd,fda.refusals.backfill,raw/fda.refusals.backfill/2026/09/20260909T170439Z-0c5077c505d0.json.gz,1
fda.refusals.backfill,firm:3002807336,2010-09-28,2026-09-09T17:04:39Z,firm_key,JANSSEN PHARMACEUTICA N V,,fda.refusals.backfill,raw/fda.refusals.backfill/2026/09/20260909T170439Z-0c5077c505d0.json.gz,1
fda.refusals.backfill,firm:3002807336,2010-09-28,2026-09-09T17:04:39Z,import_refusal,1,count,fda.refusals.backfill,raw/fda.refusals.backfill/2026/09/20260909T170439Z-0c5077c505d0.json.gz,1
fda.refusals.backfill,firm:3002807336,2010-09-28,2026-09-09T17:04:39Z,is_drug_or_biologic,1,bool,fda.refusals.backfill,raw/fda.refusals.backfill/2026/09/20260909T170439Z-0c5077c505d0.json.gz,1
fda.refusals.backfill,firm:3002807336,2010-09-28,2026-09-09T17:04:39Z,is_foreign,1,bool,fda.refusals.backfill,raw/fda.refusals.backfill/2026/09/20260909T170439Z-0c5077c505d0.json.gz,1
fda.refusals.backfill,firm:3002807336,2010-09-28,2026-09-09T17:04:39Z,is_human_drug,1,bool,fda.refusals.backfill,raw/fda.refusals.backfill/2026/09/20260909T170439Z-0c5077c505d0.json.gz,1
fda.refusals.backfill,firm:3002807336,2010-09-28,2026-09-09T17:04:39Z,label,"Janssen Pharmaceutica, N.V.",,fda.refusals.backfill,raw/fda.refusals.backfill/2026/09/20260909T170439Z-0c5077c505d0.json.gz,1
fda.refusals.backfill,firm:3002807336,2010-09-28,2026-09-09T17:04:39Z,refused_at,20100928,yyyymmdd,fda.refusals.backfill,raw/fda.refusals.backfill/2026/09/20260909T170439Z-0c5077c505d0.json.gz,1
fda.refusals.backfill,firm:3002807496,2010-09-14,2026-09-09T17:04:39Z,firm_key,LEO A S,,fda.refusals.backfill,raw/fda.refusals.backfill/2026/09/20260909T170439Z-0c5077c505d0.json.gz,1
fda.refusals.backfill,firm:3002807496,2010-09-14,2026-09-09T17:04:39Z,import_refusal,1,count,fda.refusals.backfill,raw/fda.refusals.backfill/2026/09/20260909T170439Z-0c5077c505d0.json.gz,1
fda.refusals.backfill,firm:3002807496,2010-09-14,2026-09-09T17:04:39Z,is_drug_or_biologic,1,bool,fda.refusals.backfill,raw/fda.refusals.backfill/2026/09/20260909T170439Z-0c5077c505d0.json.gz,1
fda.refusals.backfill,firm:3002807496,2010-09-14,2026-09-09T17:04:39Z,is_foreign,1,bool,fda.refusals.backfill,raw/fda.refusals.backfill/2026/09/20260909T170439Z-0c5077c505d0.json.gz,1
fda.refusals.backfill,firm:3002807496,2010-09-14,2026-09-09T17:04:39Z,is_human_drug,1,bool,fda.refusals.backfill,raw/fda.refusals.backfill/2026/09/20260909T170439Z-0c5077c505d0.json.gz,1
fda.refusals.backfill,firm:3002807496,2010-09-14,2026-09-09T17:04:39Z,label,Leo Pharma A/S,,fda.refusals.backfill,raw/fda.refusals.backfill/2026/09/20260909T170439Z-0c5077c505d0.json.gz,1
fda.refusals.backfill,firm:3002807496,2010-09-14,2026-09-09T17:04:39Z,refused_at,20100914,yyyymmdd,fda.refusals.backfill,raw/fda.refusals.backfill/2026/09/20260909T170439Z-0c5077c505d0.json.gz,1
fda.refusals.backfill,firm:3002808099,2010-09-14,2026-09-09T17:04:39Z,firm_key,DELPHARM MONTREAL,,fda.refusals.backfill,raw/fda.refusals.backfill/2026/09/20260909T170439Z-0c5077c505d0.json.gz,1
fda.refusals.backfill,firm:3002808099,2010-09-14,2026-09-09T17:04:39Z,import_refusal,1,count,fda.refusals.backfill,raw/fda.refusals.backfill/2026/09/20260909T170439Z-0c5077c505d0.json.gz,1
fda.refusals.backfill,firm:3002808099,2010-09-14,2026-09-09T17:04:39Z,is_drug_or_biologic,1,bool,fda.refusals.backfill,raw/fda.refusals.backfill/2026/09/20260909T170439Z-0c5077c505d0.json.gz,1
fda.refusals.backfill,firm:3002808099,2010-09-14,2026-09-09T17:04:39Z,is_foreign,1,bool,fda.refusals.backfill,raw/fda.refusals.backfill/2026/09/20260909T170439Z-0c5077c505d0.json.gz,1
fda.refusals.backfill,firm:3002808099,2010-09-14,2026-09-09T17:04:39Z,is_human_drug,1,bool,fda.refusals.backfill,raw/fda.refusals.backfill/2026/09/20260909T170439Z-0c5077c505d0.json.gz,1
fda.refusals.backfill,firm:3002808099,2010-09-14,2026-09-09T17:04:39Z,label,Delpharm Montreal Inc.,,fda.refusals.backfill,raw/fda.refusals.backfill/2026/09/20260909T170439Z-0c5077c505d0.json.gz,1
fda.refusals.backfill,firm:3002808099,2010-09-14,2026-09-09T17:04:39Z,refused_at,20100914,yyyymmdd,fda.refusals.backfill,raw/fda.refusals.backfill/2026/09/20260909T170439Z-0c5077c505d0.json.gz,1
fda.refusals.backfill,firm:3002906944,2010-09-22,2026-09-09T17:04:39Z,firm_key,APOTEX,,fda.refusals.backfill,raw/fda.refusals.backfill/2026/09/20260909T170439Z-0c5077c505d0.json.gz,1
fda.refusals.backfill,firm:3002906944,2010-09-22,2026-09-09T17:04:39Z,import_refusal,1,count,fda.refusals.backfill,raw/fda.refusals.backfill/2026/09/20260909T170439Z-0c5077c505d0.json.gz,1
fda.refusals.backfill,firm:3002906944,2010-09-22,2026-09-09T17:04:39Z,is_drug_or_biologic,1,bool,fda.refusals.backfill,raw/fda.refusals.backfill/2026/09/20260909T170439Z-0c5077c505d0.json.gz,1
fda.refusals.backfill,firm:3002906944,2010-09-22,2026-09-09T17:04:39Z,is_foreign,1,bool,fda.refusals.backfill,raw/fda.refusals.backfill/2026/09/20260909T170439Z-0c5077c505d0.json.gz,1
fda.refusals.backfill,firm:3002906944,2010-09-22,2026-09-09T17:04:39Z,is_human_drug,1,bool,fda.refusals.backfill,raw/fda.refusals.backfill/2026/09/20260909T170439Z-0c5077c505d0.json.gz,1
fda.refusals.backfill,firm:3002906944,2010-09-22,2026-09-09T17:04:39Z,label,Apotex Inc.,,fda.refusals.backfill,raw/fda.refusals.backfill/2026/09/20260909T170439Z-0c5077c505d0.json.gz,1
fda.refusals.backfill,firm:3002906944,2010-09-22,2026-09-09T17:04:39Z,refused_at,20100922,yyyymmdd,fda.refusals.backfill,raw/fda.refusals.backfill/2026/09/20260909T170439Z-0c5077c505d0.json.gz,1
fda.refusals.backfill,firm:3002963726,2010-09-22,2026-09-09T17:04:39Z,firm_key,SERLE,,fda.refusals.backfill,raw/fda.refusals.backfill/2026/09/20260909T170439Z-0c5077c505d0.json.gz,1
fda.refusals.backfill,firm:3002963726,2010-09-22,2026-09-09T17:04:39Z,import_refusal,1,count,fda.refusals.backfill,raw/fda.refusals.backfill/2026/09/20260909T170439Z-0c5077c505d0.json.gz,1
fda.refusals.backfill,firm:3002963726,2010-09-22,2026-09-09T17:04:39Z,is_drug_or_biologic,1,bool,fda.refusals.backfill,raw/fda.refusals.backfill/2026/09/20260909T170439Z-0c5077c505d0.json.gz,1
fda.refusals.backfill,firm:3002963726,2010-09-22,2026-09-09T17:04:39Z,is_foreign,1,bool,fda.refusals.backfill,raw/fda.refusals.backfill/2026/09/20260909T170439Z-0c5077c505d0.json.gz,1
fda.refusals.backfill,firm:3002963726,2010-09-22,2026-09-09T17:04:39Z,is_human_drug,1,bool,fda.refusals.backfill,raw/fda.refusals.backfill/2026/09/20260909T170439Z-0c5077c505d0.json.gz,1
fda.refusals.backfill,firm:3002963726,2010-09-22,2026-09-09T17:04:39Z,label,Serle,,fda.refusals.backfill,raw/fda.refusals.backfill/2026/09/20260909T170439Z-0c5077c505d0.json.gz,1
fda.refusals.backfill,firm:3002963726,2010-09-22,2026-09-09T17:04:39Z,refused_at,20100922,yyyymmdd,fda.refusals.backfill,raw/fda.refusals.backfill/2026/09/20260909T170439Z-0c5077c505d0.json.gz,1
fda.refusals.backfill,firm:3003195501,2010-09-13,2026-09-09T17:04:39Z,firm_key,SANOFI AVENTIS DEUTSCHLAND,,fda.refusals.backfill,raw/fda.refusals.backfill/2026/09/20260909T170439Z-0c5077c505d0.json.gz,1
fda.refusals.backfill,firm:3003195501,2010-09-13,2026-09-09T17:04:39Z,import_refusal,1,count,fda.refusals.backfill,raw/fda.refusals.backfill/2026/09/20260909T170439Z-0c5077c505d0.json.gz,1
fda.refusals.backfill,firm:3003195501,2010-09-13,2026-09-09T17:04:39Z,is_drug_or_biologic,1,bool,fda.refusals.backfill,raw/fda.refusals.backfill/2026/09/20260909T170439Z-0c5077c505d0.json.gz,1
fda.refusals.backfill,firm:3003195501,2010-09-13,2026-09-09T17:04:39Z,is_foreign,1,bool,fda.refusals.backfill,raw/fda.refusals.backfill/2026/09/20260909T170439Z-0c5077c505d0.json.gz,1
fda.refusals.backfill,firm:3003195501,2010-09-13,2026-09-09T17:04:39Z,is_human_drug,1,bool,fda.refusals.backfill,raw/fda.refusals.backfill/2026/09/20260909T170439Z-0c5077c505d0.json.gz,1
fda.refusals.backfill,firm:3003195501,2010-09-13,2026-09-09T17:04:39Z,label,Sanofi-Aventis Deutschland GmbH,,fda.refusals.backfill,raw/fda.refusals.backfill/2026/09/20260909T170439Z-0c5077c505d0.json.gz,1
fda.refusals.backfill,firm:3003195501,2010-09-13,2026-09-09T17:04:39Z,refused_at,20100913,yyyymmdd,fda.refusals.backfill,raw/fda.refusals.backfill/2026/09/20260909T170439Z-0c5077c505d0.json.gz,1
fda.refusals.backfill,firm:3003584214,2010-09-07,2026-09-09T17:04:39Z,firm_key,TWINS SPECIAL,,fda.refusals.backfill,raw/fda.refusals.backfill/2026/09/20260909T170439Z-0c5077c505d0.json.gz,1
fda.refusals.backfill,firm:3003584214,2010-09-07,2026-09-09T17:04:39Z,import_refusal,1,count,fda.refusals.backfill,raw/fda.refusals.backfill/2026/09/20260909T170439Z-0c5077c505d0.json.gz,1
fda.refusals.backfill,firm:3003584214,2010-09-07,2026-09-09T17:04:39Z,is_drug_or_biologic,1,bool,fda.refusals.backfill,raw/fda.refusals.backfill/2026/09/20260909T170439Z-0c5077c505d0.json.gz,1
fda.refusals.backfill,firm:3003584214,2010-09-07,2026-09-09T17:04:39Z,is_foreign,1,bool,fda.refusals.backfill,raw/fda.refusals.backfill/2026/09/20260909T170439Z-0c5077c505d0.json.gz,1
fda.refusals.backfill,firm:3003584214,2010-09-07,2026-09-09T17:04:39Z,is_human_drug,1,bool,fda.refusals.backfill,raw/fda.refusals.backfill/2026/09/20260909T170439Z-0c5077c505d0.json.gz,1
fda.refusals.backfill,firm:3003584214,2010-09-07,2026-09-09T17:04:39Z,label,Twins Special Co Ltd,,fda.refusals.backfill,raw/fda.refusals.backfill/2026/09/20260909T170439Z-0c5077c505d0.json.gz,1
fda.refusals.backfill,firm:3003584214,2010-09-07,2026-09-09T17:04:39Z,refused_at,20100907,yyyymmdd,fda.refusals.backfill,raw/fda.refusals.backfill/2026/09/20260909T170439Z-0c5077c505d0.json.gz,1
fda.refusals.backfill,firm:3003663256,2010-09-08,2026-09-09T17:04:39Z,firm_key,ZHEJIANG XIANJU YANGFU API,,fda.refusals.backfill,raw/fda.refusals.backfill/2026/09/20260909T170439Z-0c5077c505d0.json.gz,1
fda.refusals.backfill,firm:3003663256,2010-09-08,2026-09-09T17:04:39Z,import_refusal,1,count,fda.refusals.backfill,raw/fda.refusals.backfill/2026/09/20260909T170439Z-0c5077c505d0.json.gz,1
fda.refusals.backfill,firm:3003663256,2010-09-08,2026-09-09T17:04:39Z,is_drug_or_biologic,1,bool,fda.refusals.backfill,raw/fda.refusals.backfill/2026/09/20260909T170439Z-0c5077c505d0.json.gz,1
fda.refusals.backfill,firm:3003663256,2010-09-08,2026-09-09T17:04:39Z,is_foreign,1,bool,fda.refusals.backfill,raw/fda.refusals.backfill/2026/09/20260909T170439Z-0c5077c505d0.json.gz,1
fda.refusals.backfill,firm:3003663256,2010-09-08,2026-09-09T17:04:39Z,is_human_drug,0,bool,fda.refusals.backfill,raw/fda.refusals.backfill/2026/09/20260909T170439Z-0c5077c505d0.json.gz,1
fda.refusals.backfill,firm:3003663256,2010-09-08,2026-09-09T17:04:39Z,label,"Zhejiang Xianju Pharmaceutical Co., Ltd. (Yangfu API).",,fda.refusals.backfill,raw/fda.refusals.backfill/2026/09/20260909T170439Z-0c5077c505d0.json.gz,1
fda.refusals.backfill,firm:3003663256,2010-09-08,2026-09-09T17:04:39Z,refused_at,20100908,yyyymmdd,fda.refusals.backfill,raw/fda.refusals.backfill/2026/09/20260909T170439Z-0c5077c505d0.json.gz,1
fda.refusals.backfill,firm:3003688430,2010-09-22,2026-09-09T17:04:39Z,firm_key,PFIZER KFT,,fda.refusals.backfill,raw/fda.refusals.backfill/2026/09/20260909T170439Z-0c5077c505d0.json.gz,1
fda.refusals.backfill,firm:3003688430,2010-09-22,2026-09-09T17:04:39Z,import_refusal,1,count,fda.refusals.backfill,raw/fda.refusals.backfill/2026/09/20260909T170439Z-0c5077c505d0.json.gz,1
fda.refusals.backfill,firm:3003688430,2010-09-22,2026-09-09T17:04:39Z,is_drug_or_biologic,1,bool,fda.refusals.backfill,raw/fda.refusals.backfill/2026/09/20260909T170439Z-0c5077c505d0.json.gz,1
fda.refusals.backfill,firm:3003688430,2010-09-22,2026-09-09T17:04:39Z,is_foreign,1,bool,fda.refusals.backfill,raw/fda.refusals.backfill/2026/09/20260909T170439Z-0c5077c505d0.json.gz,1
fda.refusals.backfill,firm:3003688430,2010-09-22,2026-09-09T17:04:39Z,is_human_drug,1,bool,fda.refusals.backfill,raw/fda.refusals.backfill/2026/09/20260909T170439Z-0c5077c505d0.json.gz,1
fda.refusals.backfill,firm:3003688430,2010-09-22,2026-09-09T17:04:39Z,label,Pfizer Kft,,fda.refusals.backfill,raw/fda.refusals.backfill/2026/09/20260909T170439Z-0c5077c505d0.json.gz,1
fda.refusals.backfill,firm:3003688430,2010-09-22,2026-09-09T17:04:39Z,refused_at,20100922,yyyymmdd,fda.refusals.backfill,raw/fda.refusals.backfill/2026/09/20260909T170439Z-0c5077c505d0.json.gz,1
fda.refusals.backfill,firm:3003735006,2010-09-21,2026-09-09T17:04:39Z,firm_key,ILCSI SZEPITOE FUVEK BIOKOZMETIKAI,,fda.refusals.backfill,raw/fda.refusals.backfill/2026/09/20260909T170439Z-0c5077c505d0.json.gz,1
fda.refusals.backfill,firm:3003735006,2010-09-21,2026-09-09T17:04:39Z,import_refusal,1,count,fda.refusals.backfill,raw/fda.refusals.backfill/2026/09/20260909T170439Z-0c5077c505d0.json.gz,1
fda.refusals.backfill,firm:3003735006,2010-09-21,2026-09-09T17:04:39Z,is_drug_or_biologic,1,bool,fda.refusals.backfill,raw/fda.refusals.backfill/2026/09/20260909T170439Z-0c5077c505d0.json.gz,1
fda.refusals.backfill,firm:3003735006,2010-09-21,2026-09-09T17:04:39Z,is_foreign,1,bool,fda.refusals.backfill,raw/fda.refusals.backfill/2026/09/20260909T170439Z-0c5077c505d0.json.gz,1
fda.refusals.backfill,firm:3003735006,2010-09-21,2026-09-09T17:04:39Z,is_human_drug,1,bool,fda.refusals.backfill,raw/fda.refusals.backfill/2026/09/20260909T170439Z-0c5077c505d0.json.gz,1
fda.refusals.backfill,firm:3003735006,2010-09-21,2026-09-09T17:04:39Z,label,Ilcsi Szepitoe Fuvek Biokozmetikai,,fda.refusals.backfill,raw/fda.refusals.backfill/2026/09/20260909T170439Z-0c5077c505d0.json.gz,1
fda.refusals.backfill,firm:3003735006,2010-09-21,2026-09-09T17:04:39Z,refused_at,20100921,yyyymmdd,fda.refusals.backfill,raw/fda.refusals.backfill/2026/09/20260909T170439Z-0c5077c505d0.json.gz,1
fda.refusals.backfill,firm:3003752326,2010-09-24,2026-09-09T17:04:39Z,firm_key,ORIGIN BIOMEDICINALS,,fda.refusals.backfill,raw/fda.refusals.backfill/2026/09/20260909T170439Z-0c5077c505d0.json.gz,1
fda.refusals.backfill,firm:3003752326,2010-09-24,2026-09-09T17:04:39Z,import_refusal,1,count,fda.refusals.backfill,raw/fda.refusals.backfill/2026/09/20260909T170439Z-0c5077c505d0.json.gz,1
fda.refusals.backfill,firm:3003752326,2010-09-24,2026-09-09T17:04:39Z,is_drug_or_biologic,1,bool,fda.refusals.backfill,raw/fda.refusals.backfill/2026/09/20260909T170439Z-0c5077c505d0.json.gz,1
fda.refusals.backfill,firm:3003752326,2010-09-24,2026-09-09T17:04:39Z,is_foreign,1,bool,fda.refusals.backfill,raw/fda.refusals.backfill/2026/09/20260909T170439Z-0c5077c505d0.json.gz,1
fda.refusals.backfill,firm:3003752326,2010-09-24,2026-09-09T17:04:39Z,is_human_drug,1,bool,fda.refusals.backfill,raw/fda.refusals.backfill/2026/09/20260909T170439Z-0c5077c505d0.json.gz,1
fda.refusals.backfill,firm:3003752326,2010-09-24,2026-09-09T17:04:39Z,label,Origin Biomedicinals Inc.,,fda.refusals.backfill,raw/fda.refusals.backfill/2026/09/20260909T170439Z-0c5077c505d0.json.gz,1
fda.refusals.backfill,firm:3003752326,2010-09-24,2026-09-09T17:04:39Z,refused_at,20100924,yyyymmdd,fda.refusals.backfill,raw/fda.refusals.backfill/2026/09/20260909T170439Z-0c5077c505d0.json.gz,1
fda.refusals.backfill,firm:3003768979,2010-09-16,2026-09-09T17:04:39Z,firm_key,FARMAK PRAT,,fda.refusals.backfill,raw/fda.refusals.backfill/2026/09/20260909T170439Z-0c5077c505d0.json.gz,1
fda.refusals.backfill,firm:3003768979,2010-09-16,2026-09-09T17:04:39Z,import_refusal,1,count,fda.refusals.backfill,raw/fda.refusals.backfill/2026/09/20260909T170439Z-0c5077c505d0.json.gz,1
fda.refusals.backfill,firm:3003768979,2010-09-16,2026-09-09T17:04:39Z,is_drug_or_biologic,1,bool,fda.refusals.backfill,raw/fda.refusals.backfill/2026/09/20260909T170439Z-0c5077c505d0.json.gz,1
fda.refusals.backfill,firm:3003768979,2010-09-16,2026-09-09T17:04:39Z,is_foreign,1,bool,fda.refusals.backfill,raw/fda.refusals.backfill/2026/09/20260909T170439Z-0c5077c505d0.json.gz,1
fda.refusals.backfill,firm:3003768979,2010-09-16,2026-09-09T17:04:39Z,is_human_drug,1,bool,fda.refusals.backfill,raw/fda.refusals.backfill/2026/09/20260909T170439Z-0c5077c505d0.json.gz,1
fda.refusals.backfill,firm:3003768979,2010-09-16,2026-09-09T17:04:39Z,label,FARMAK PRAT,,fda.refusals.backfill,raw/fda.refusals.backfill/2026/09/20260909T170439Z-0c5077c505d0.json.gz,1
fda.refusals.backfill,firm:3003768979,2010-09-16,2026-09-09T17:04:39Z,refused_at,20100916,yyyymmdd,fda.refusals.backfill,raw/fda.refusals.backfill/2026/09/20260909T170439Z-0c5077c505d0.json.gz,1
fda.refusals.backfill,firm:3003850224,2010-09-14,2026-09-09T17:04:39Z,firm_key,SOGEVAL,,fda.refusals.backfill,raw/fda.refusals.backfill/2026/09/20260909T170439Z-0c5077c505d0.json.gz,1
fda.refusals.backfill,firm:3003850224,2010-09-14,2026-09-09T17:04:39Z,import_refusal,1,count,fda.refusals.backfill,raw/fda.refusals.backfill/2026/09/20260909T170439Z-0c5077c505d0.json.gz,1
fda.refusals.backfill,firm:3003850224,2010-09-14,2026-09-09T17:04:39Z,is_drug_or_biologic,1,bool,fda.refusals.backfill,raw/fda.refusals.backfill/2026/09/20260909T170439Z-0c5077c505d0.json.gz,1
fda.refusals.backfill,firm:3003850224,2010-09-14,2026-09-09T17:04:39Z,is_foreign,1,bool,fda.refusals.backfill,raw/fda.refusals.backfill/2026/09/20260909T170439Z-0c5077c505d0.json.gz,1
fda.refusals.backfill,firm:3003850224,2010-09-14,2026-09-09T17:04:39Z,is_human_drug,1,bool,fda.refusals.backfill,raw/fda.refusals.backfill/2026/09/20260909T170439Z-0c5077c505d0.json.gz,1
fda.refusals.backfill,firm:3003850224,2010-09-14,2026-09-09T17:04:39Z,label,Sogeval,,fda.refusals.backfill,raw/fda.refusals.backfill/2026/09/20260909T170439Z-0c5077c505d0.json.gz,1
fda.refusals.backfill,firm:3003850224,2010-09-14,2026-09-09T17:04:39Z,refused_at,20100914,yyyymmdd,fda.refusals.backfill,raw/fda.refusals.backfill/2026/09/20260909T170439Z-0c5077c505d0.json.gz,1
fda.refusals.backfill,firm:3004117460,2010-09-07,2026-09-09T17:04:39Z,firm_key,ARUBA ALOE BALM N V,,fda.refusals.backfill,raw/fda.refusals.backfill/2026/09/20260909T170439Z-0c5077c505d0.json.gz,1
fda.refusals.backfill,firm:3004117460,2010-09-07,2026-09-09T17:04:39Z,import_refusal,1,count,fda.refusals.backfill,raw/fda.refusals.backfill/2026/09/20260909T170439Z-0c5077c505d0.json.gz,1
fda.refusals.backfill,firm:3004117460,2010-09-07,2026-09-09T17:04:39Z,is_drug_or_biologic,1,bool,fda.refusals.backfill,raw/fda.refusals.backfill/2026/09/20260909T170439Z-0c5077c505d0.json.gz,1
fda.refusals.backfill,firm:3004117460,2010-09-07,2026-09-09T17:04:39Z,is_foreign,1,bool,fda.refusals.backfill,raw/fda.refusals.backfill/2026/09/20260909T170439Z-0c5077c505d0.json.gz,1
fda.refusals.backfill,firm:3004117460,2010-09-07,2026-09-09T17:04:39Z,is_human_drug,1,bool,fda.refusals.backfill,raw/fda.refusals.backfill/2026/09/20260909T170439Z-0c5077c505d0.json.gz,1
fda.refusals.backfill,firm:3004117460,2010-09-07,2026-09-09T17:04:39Z,label,Aruba Aloe Balm N.V.,,fda.refusals.backfill,raw/fda.refusals.backfill/2026/09/20260909T170439Z-0c5077c505d0.json.gz,1
fda.refusals.backfill,firm:3004117460,2010-09-07,2026-09-09T17:04:39Z,refused_at,20100907,yyyymmdd,fda.refusals.backfill,raw/fda.refusals.backfill/2026/09/20260909T170439Z-0c5077c505d0.json.gz,1
fda.refusals.backfill,firm:3004168160,2010-09-14,2026-09-09T17:04:39Z,firm_key,B J SUPPLIES,,fda.refusals.backfill,raw/fda.refusals.backfill/2026/09/20260909T170439Z-0c5077c505d0.json.gz,1
fda.refusals.backfill,firm:3004168160,2010-09-14,2026-09-09T17:04:39Z,import_refusal,1,count,fda.refusals.backfill,raw/fda.refusals.backfill/2026/09/20260909T170439Z-0c5077c505d0.json.gz,1
fda.refusals.backfill,firm:3004168160,2010-09-14,2026-09-09T17:04:39Z,is_drug_or_biologic,1,bool,fda.refusals.backfill,raw/fda.refusals.backfill/2026/09/20260909T170439Z-0c5077c505d0.json.gz,1
fda.refusals.backfill,firm:3004168160,2010-09-14,2026-09-09T17:04:39Z,is_foreign,1,bool,fda.refusals.backfill,raw/fda.refusals.backfill/2026/09/20260909T170439Z-0c5077c505d0.json.gz,1
fda.refusals.backfill,firm:3004168160,2010-09-14,2026-09-09T17:04:39Z,is_human_drug,1,bool,fda.refusals.backfill,raw/fda.refusals.backfill/2026/09/20260909T170439Z-0c5077c505d0.json.gz,1
fda.refusals.backfill,firm:3004168160,2010-09-14,2026-09-09T17:04:39Z,label,B&J Supplies,,fda.refusals.backfill,raw/fda.refusals.backfill/2026/09/20260909T170439Z-0c5077c505d0.json.gz,1
fda.refusals.backfill,firm:3004168160,2010-09-14,2026-09-09T17:04:39Z,refused_at,20100914,yyyymmdd,fda.refusals.backfill,raw/fda.refusals.backfill/2026/09/20260909T170439Z-0c5077c505d0.json.gz,1
fda.refusals.backfill,firm:3004257189,2010-09-27,2026-09-09T17:04:39Z,firm_key,G AMPHRAY,,fda.refusals.backfill,raw/fda.refusals.backfill/2026/09/20260909T170439Z-0c5077c505d0.json.gz,1
fda.refusals.backfill,firm:3004257189,2010-09-27,2026-09-09T17:04:39Z,import_refusal,1,count,fda.refusals.backfill,raw/fda.refusals.backfill/2026/09/20260909T170439Z-0c5077c505d0.json.gz,1
fda.refusals.backfill,firm:3004257189,2010-09-27,2026-09-09T17:04:39Z,is_drug_or_biologic,1,bool,fda.refusals.backfill,raw/fda.refusals.backfill/2026/09/20260909T170439Z-0c5077c505d0.json.gz,1
fda.refusals.backfill,firm:3004257189,2010-09-27,2026-09-09T17:04:39Z,is_foreign,1,bool,fda.refusals.backfill,raw/fda.refusals.backfill/2026/09/20260909T170439Z-0c5077c505d0.json.gz,1
fda.refusals.backfill,firm:3004257189,2010-09-27,2026-09-09T17:04:39Z,is_human_drug,0,bool,fda.refusals.backfill,raw/fda.refusals.backfill/2026/09/20260909T170439Z-0c5077c505d0.json.gz,1
fda.refusals.backfill,firm:3004257189,2010-09-27,2026-09-09T17:04:39Z,label,G. Amphray Laboratories,,fda.refusals.backfill,raw/fda.refusals.backfill/2026/09/20260909T170439Z-0c5077c505d0.json.gz,1
fda.refusals.backfill,firm:3004257189,2010-09-27,2026-09-09T17:04:39Z,refused_at,20100927,yyyymmdd,fda.refusals.backfill,raw/fda.refusals.backfill/2026/09/20260909T170439Z-0c5077c505d0.json.gz,1
fda.refusals.backfill,firm:3004264114,2010-09-23,2026-09-09T17:04:39Z,firm_key,SHAANXI JIAHE PHYTOCHEM DBA SHAANXI JIAHERB PHYTOCHEM,,fda.refusals.backfill,raw/fda.refusals.backfill/2026/09/20260909T170439Z-0c5077c505d0.json.gz,1
fda.refusals.backfill,firm:3004264114,2010-09-23,2026-09-09T17:04:39Z,import_refusal,1,count,fda.refusals.backfill,raw/fda.refusals.backfill/2026/09/20260909T170439Z-0c5077c505d0.json.gz,1
fda.refusals.backfill,firm:3004264114,2010-09-23,2026-09-09T17:04:39Z,is_drug_or_biologic,1,bool,fda.refusals.backfill,raw/fda.refusals.backfill/2026/09/20260909T170439Z-0c5077c505d0.json.gz,1
fda.refusals.backfill,firm:3004264114,2010-09-23,2026-09-09T17:04:39Z,is_foreign,1,bool,fda.refusals.backfill,raw/fda.refusals.backfill/2026/09/20260909T170439Z-0c5077c505d0.json.gz,1
fda.refusals.backfill,firm:3004264114,2010-09-23,2026-09-09T17:04:39Z,is_human_drug,1,bool,fda.refusals.backfill,raw/fda.refusals.backfill/2026/09/20260909T170439Z-0c5077c505d0.json.gz,1
fda.refusals.backfill,firm:3004264114,2010-09-23,2026-09-09T17:04:39Z,label,"Shaanxi Jiahe Phytochem Co., Ltd. dba Shaanxi Jiaherb Phytochem Co., Ltd.",,fda.refusals.backfill,raw/fda.refusals.backfill/2026/09/20260909T170439Z-0c5077c505d0.json.gz,1
fda.refusals.backfill,firm:3004264114,2010-09-23,2026-09-09T17:04:39Z,refused_at,20100923,yyyymmdd,fda.refusals.backfill,raw/fda.refusals.backfill/2026/09/20260909T170439Z-0c5077c505d0.json.gz,1
fda.refusals.backfill,firm:3004330002,2010-09-01,2026-09-09T17:04:39Z,firm_key,INSUNG NATURAL,,fda.refusals.backfill,raw/fda.refusals.backfill/2026/09/20260909T170439Z-0c5077c505d0.json.gz,1
fda.refusals.backfill,firm:3004330002,2010-09-01,2026-09-09T17:04:39Z,import_refusal,1,count,fda.refusals.backfill,raw/fda.refusals.backfill/2026/09/20260909T170439Z-0c5077c505d0.json.gz,1
fda.refusals.backfill,firm:3004330002,2010-09-01,2026-09-09T17:04:39Z,is_drug_or_biologic,1,bool,fda.refusals.backfill,raw/fda.refusals.backfill/2026/09/20260909T170439Z-0c5077c505d0.json.gz,1
fda.refusals.backfill,firm:3004330002,2010-09-01,2026-09-09T17:04:39Z,is_foreign,1,bool,fda.refusals.backfill,raw/fda.refusals.backfill/2026/09/20260909T170439Z-0c5077c505d0.json.gz,1
fda.refusals.backfill,firm:3004330002,2010-09-01,2026-09-09T17:04:39Z,is_human_drug,1,bool,fda.refusals.backfill,raw/fda.refusals.backfill/2026/09/20260909T170439Z-0c5077c505d0.json.gz,1
fda.refusals.backfill,firm:3004330002,2010-09-01,2026-09-09T17:04:39Z,label,"Insung Natural Co., Ltd.",,fda.refusals.backfill,raw/fda.refusals.backfill/2026/09/20260909T170439Z-0c5077c505d0.json.gz,1
fda.refusals.backfill,firm:3004330002,2010-09-01,2026-09-09T17:04:39Z,refused_at,20100901,yyyymmdd,fda.refusals.backfill,raw/fda.refusals.backfill/2026/09/20260909T170439Z-0c5077c505d0.json.gz,1
fda.refusals.backfill,firm:3004333939,2010-09-15,2026-09-09T17:04:39Z,firm_key,NU SKIN,,fda.refusals.backfill,raw/fda.refusals.backfill/2026/09/20260909T170439Z-0c5077c505d0.json.gz,1
fda.refusals.backfill,firm:3004333939,2010-09-15,2026-09-09T17:04:39Z,import_refusal,1,count,fda.refusals.backfill,raw/fda.refusals.backfill/2026/09/20260909T170439Z-0c5077c505d0.json.gz,1
fda.refusals.backfill,firm:3004333939,2010-09-15,2026-09-09T17:04:39Z,is_drug_or_biologic,1,bool,fda.refusals.backfill,raw/fda.refusals.backfill/2026/09/20260909T170439Z-0c5077c505d0.json.gz,1
fda.refusals.backfill,firm:3004333939,2010-09-15,2026-09-09T17:04:39Z,is_foreign,0,bool,fda.refusals.backfill,raw/fda.refusals.backfill/2026/09/20260909T170439Z-0c5077c505d0.json.gz,1
fda.refusals.backfill,firm:3004333939,2010-09-15,2026-09-09T17:04:39Z,is_human_drug,1,bool,fda.refusals.backfill,raw/fda.refusals.backfill/2026/09/20260909T170439Z-0c5077c505d0.json.gz,1
fda.refusals.backfill,firm:3004333939,2010-09-15,2026-09-09T17:04:39Z,label,"Nu Skin International, Inc.",,fda.refusals.backfill,raw/fda.refusals.backfill/2026/09/20260909T170439Z-0c5077c505d0.json.gz,1
fda.refusals.backfill,firm:3004333939,2010-09-15,2026-09-09T17:04:39Z,refused_at,20100915,yyyymmdd,fda.refusals.backfill,raw/fda.refusals.backfill/2026/09/20260909T170439Z-0c5077c505d0.json.gz,1
fda.refusals.backfill,firm:3004446307,2010-09-20,2026-09-09T17:04:39Z,firm_key,NEW GPC,,fda.refusals.backfill,raw/fda.refusals.backfill/2026/09/20260909T170439Z-0c5077c505d0.json.gz,1
fda.refusals.backfill,firm:3004446307,2010-09-20,2026-09-09T17:04:39Z,import_refusal,1,count,fda.refusals.backfill,raw/fda.refusals.backfill/2026/09/20260909T170439Z-0c5077c505d0.json.gz,1
fda.refusals.backfill,firm:3004446307,2010-09-20,2026-09-09T17:04:39Z,is_drug_or_biologic,1,bool,fda.refusals.backfill,raw/fda.refusals.backfill/2026/09/20260909T170439Z-0c5077c505d0.json.gz,1
fda.refusals.backfill,firm:3004446307,2010-09-20,2026-09-09T17:04:39Z,is_foreign,1,bool,fda.refusals.backfill,raw/fda.refusals.backfill/2026/09/20260909T170439Z-0c5077c505d0.json.gz,1
fda.refusals.backfill,firm:3004446307,2010-09-20,2026-09-09T17:04:39Z,is_human_drug,1,bool,fda.refusals.backfill,raw/fda.refusals.backfill/2026/09/20260909T170439Z-0c5077c505d0.json.gz,1
fda.refusals.backfill,firm:3004446307,2010-09-20,2026-09-09T17:04:39Z,label,New GPC Inc.,,fda.refusals.backfill,raw/fda.refusals.backfill/2026/09/20260909T170439Z-0c5077c505d0.json.gz,1
fda.refusals.backfill,firm:3004446307,2010-09-20,2026-09-09T17:04:39Z,refused_at,20100920,yyyymmdd,fda.refusals.backfill,raw/fda.refusals.backfill/2026/09/20260909T170439Z-0c5077c505d0.json.gz,1
fda.refusals.backfill,firm:3004464238,2010-09-22,2026-09-09T17:04:39Z,firm_key,DR REDDY S,,fda.refusals.backfill,raw/fda.refusals.backfill/2026/09/20260909T170439Z-0c5077c505d0.json.gz,1
fda.refusals.backfill,firm:3004464238,2010-09-22,2026-09-09T17:04:39Z,import_refusal,1,count,fda.refusals.backfill,raw/fda.refusals.backfill/2026/09/20260909T170439Z-0c5077c505d0.json.gz,1
fda.refusals.backfill,firm:3004464238,2010-09-22,2026-09-09T17:04:39Z,is_drug_or_biologic,1,bool,fda.refusals.backfill,raw/fda.refusals.backfill/2026/09/20260909T170439Z-0c5077c505d0.json.gz,1
fda.refusals.backfill,firm:3004464238,2010-09-22,2026-09-09T17:04:39Z,is_foreign,1,bool,fda.refusals.backfill,raw/fda.refusals.backfill/2026/09/20260909T170439Z-0c5077c505d0.json.gz,1
fda.refusals.backfill,firm:3004464238,2010-09-22,2026-09-09T17:04:39Z,is_human_drug,1,bool,fda.refusals.backfill,raw/fda.refusals.backfill/2026/09/20260909T170439Z-0c5077c505d0.json.gz,1
fda.refusals.backfill,firm:3004464238,2010-09-22,2026-09-09T17:04:39Z,label,Dr. Reddy's Laboratories Limited,,fda.refusals.backfill,raw/fda.refusals.backfill/2026/09/20260909T170439Z-0c5077c505d0.json.gz,1
fda.refusals.backfill,firm:3004464238,2010-09-22,2026-09-09T17:04:39Z,refused_at,20100922,yyyymmdd,fda.refusals.backfill,raw/fda.refusals.backfill/2026/09/20260909T170439Z-0c5077c505d0.json.gz,1
fda.refusals.backfill,firm:3004672062,2010-09-22,2026-09-09T17:04:39Z,firm_key,M M ENTERPRISE,,fda.refusals.backfill,raw/fda.refusals.backfill/2026/09/20260909T170439Z-0c5077c505d0.json.gz,1
fda.refusals.backfill,firm:3004672062,2010-09-22,2026-09-09T17:04:39Z,import_refusal,1,count,fda.refusals.backfill,raw/fda.refusals.backfill/2026/09/20260909T170439Z-0c5077c505d0.json.gz,1
fda.refusals.backfill,firm:3004672062,2010-09-22,2026-09-09T17:04:39Z,is_drug_or_biologic,1,bool,fda.refusals.backfill,raw/fda.refusals.backfill/2026/09/20260909T170439Z-0c5077c505d0.json.gz,1
fda.refusals.backfill,firm:3004672062,2010-09-22,2026-09-09T17:04:39Z,is_foreign,1,bool,fda.refusals.backfill,raw/fda.refusals.backfill/2026/09/20260909T170439Z-0c5077c505d0.json.gz,1
fda.refusals.backfill,firm:3004672062,2010-09-22,2026-09-09T17:04:39Z,is_human_drug,1,bool,fda.refusals.backfill,raw/fda.refusals.backfill/2026/09/20260909T170439Z-0c5077c505d0.json.gz,1
fda.refusals.backfill,firm:3004672062,2010-09-22,2026-09-09T17:04:39Z,label,M.M. Enterprise,,fda.refusals.backfill,raw/fda.refusals.backfill/2026/09/20260909T170439Z-0c5077c505d0.json.gz,1
fda.refusals.backfill,firm:3004672062,2010-09-22,2026-09-09T17:04:39Z,refused_at,20100922,yyyymmdd,fda.refusals.backfill,raw/fda.refusals.backfill/2026/09/20260909T170439Z-0c5077c505d0.json.gz,1
fda.refusals.backfill,firm:3004886375,2010-09-29,2026-09-09T17:04:39Z,firm_key,UNILEVER THAI TRADING,,fda.refusals.backfill,raw/fda.refusals.backfill/2026/09/20260909T170439Z-0c5077c505d0.json.gz,1
fda.refusals.backfill,firm:3004886375,2010-09-29,2026-09-09T17:04:39Z,import_refusal,1,count,fda.refusals.backfill,raw/fda.refusals.backfill/2026/09/20260909T170439Z-0c5077c505d0.json.gz,1
fda.refusals.backfill,firm:3004886375,2010-09-29,2026-09-09T17:04:39Z,is_drug_or_biologic,1,bool,fda.refusals.backfill,raw/fda.refusals.backfill/2026/09/20260909T170439Z-0c5077c505d0.json.gz,1
fda.refusals.backfill,firm:3004886375,2010-09-29,2026-09-09T17:04:39Z,is_foreign,1,bool,fda.refusals.backfill,raw/fda.refusals.backfill/2026/09/20260909T170439Z-0c5077c505d0.json.gz,1
fda.refusals.backfill,firm:3004886375,2010-09-29,2026-09-09T17:04:39Z,is_human_drug,1,bool,fda.refusals.backfill,raw/fda.refusals.backfill/2026/09/20260909T170439Z-0c5077c505d0.json.gz,1
fda.refusals.backfill,firm:3004886375,2010-09-29,2026-09-09T17:04:39Z,label,Unilever Thai Trading Limited,,fda.refusals.backfill,raw/fda.refusals.backfill/2026/09/20260909T170439Z-0c5077c505d0.json.gz,1
fda.refusals.backfill,firm:3004886375,2010-09-29,2026-09-09T17:04:39Z,refused_at,20100929,yyyymmdd,fda.refusals.backfill,raw/fda.refusals.backfill/2026/09/20260909T170439Z-0c5077c505d0.json.gz,1
fda.refusals.backfill,firm:3004890632,2010-09-22,2026-09-09T17:04:39Z,firm_key,SANDOZ,,fda.refusals.backfill,raw/fda.refusals.backfill/2026/09/20260909T170439Z-0c5077c505d0.json.gz,1
fda.refusals.backfill,firm:3004890632,2010-09-22,2026-09-09T17:04:39Z,import_refusal,1,count,fda.refusals.backfill,raw/fda.refusals.backfill/2026/09/20260909T170439Z-0c5077c505d0.json.gz,1
fda.refusals.backfill,firm:3004890632,2010-09-22,2026-09-09T17:04:39Z,is_drug_or_biologic,1,bool,fda.refusals.backfill,raw/fda.refusals.backfill/2026/09/20260909T170439Z-0c5077c505d0.json.gz,1
fda.refusals.backfill,firm:3004890632,2010-09-22,2026-09-09T17:04:39Z,is_foreign,1,bool,fda.refusals.backfill,raw/fda.refusals.backfill/2026/09/20260909T170439Z-0c5077c505d0.json.gz,1
fda.refusals.backfill,firm:3004890632,2010-09-22,2026-09-09T17:04:39Z,is_human_drug,1,bool,fda.refusals.backfill,raw/fda.refusals.backfill/2026/09/20260909T170439Z-0c5077c505d0.json.gz,1
fda.refusals.backfill,firm:3004890632,2010-09-22,2026-09-09T17:04:39Z,label,Sandoz Pharmaceuticals GmbH,,fda.refusals.backfill,raw/fda.refusals.backfill/2026/09/20260909T170439Z-0c5077c505d0.json.gz,1
fda.refusals.backfill,firm:3004890632,2010-09-22,2026-09-09T17:04:39Z,refused_at,20100922,yyyymmdd,fda.refusals.backfill,raw/fda.refusals.backfill/2026/09/20260909T170439Z-0c5077c505d0.json.gz,1
fda.refusals.backfill,firm:3004983128,2010-09-09,2026-09-09T17:04:39Z,firm_key,STERICON,,fda.refusals.backfill,raw/fda.refusals.backfill/2026/09/20260909T170439Z-0c5077c505d0.json.gz,1
fda.refusals.backfill,firm:3004983128,2010-09-09,2026-09-09T17:04:39Z,import_refusal,1,count,fda.refusals.backfill,raw/fda.refusals.backfill/2026/09/20260909T170439Z-0c5077c505d0.json.gz,1
fda.refusals.backfill,firm:3004983128,2010-09-09,2026-09-09T17:04:39Z,is_drug_or_biologic,1,bool,fda.refusals.backfill,raw/fda.refusals.backfill/2026/09/20260909T170439Z-0c5077c505d0.json.gz,1
fda.refusals.backfill,firm:3004983128,2010-09-09,2026-09-09T17:04:39Z,is_foreign,1,bool,fda.refusals.backfill,raw/fda.refusals.backfill/2026/09/20260909T170439Z-0c5077c505d0.json.gz,1
fda.refusals.backfill,firm:3004983128,2010-09-09,2026-09-09T17:04:39Z,is_human_drug,1,bool,fda.refusals.backfill,raw/fda.refusals.backfill/2026/09/20260909T170439Z-0c5077c505d0.json.gz,1
fda.refusals.backfill,firm:3004983128,2010-09-09,2026-09-09T17:04:39Z,label,Stericon Pharma Pvt. Ltd.,,fda.refusals.backfill,raw/fda.refusals.backfill/2026/09/20260909T170439Z-0c5077c505d0.json.gz,1
fda.refusals.backfill,firm:3004983128,2010-09-09,2026-09-09T17:04:39Z,refused_at,20100909,yyyymmdd,fda.refusals.backfill,raw/fda.refusals.backfill/2026/09/20260909T170439Z-0c5077c505d0.json.gz,1
fda.refusals.backfill,firm:3004983128,2010-09-15,2026-09-09T17:04:39Z,firm_key,STERICON,,fda.refusals.backfill,raw/fda.refusals.backfill/2026/09/20260909T170439Z-0c5077c505d0.json.gz,1
fda.refusals.backfill,firm:3004983128,2010-09-15,2026-09-09T17:04:39Z,import_refusal,1,count,fda.refusals.backfill,raw/fda.refusals.backfill/2026/09/20260909T170439Z-0c5077c505d0.json.gz,1
fda.refusals.backfill,firm:3004983128,2010-09-15,2026-09-09T17:04:39Z,is_drug_or_biologic,1,bool,fda.refusals.backfill,raw/fda.refusals.backfill/2026/09/20260909T170439Z-0c5077c505d0.json.gz,1
fda.refusals.backfill,firm:3004983128,2010-09-15,2026-09-09T17:04:39Z,is_foreign,1,bool,fda.refusals.backfill,raw/fda.refusals.backfill/2026/09/20260909T170439Z-0c5077c505d0.json.gz,1
fda.refusals.backfill,firm:3004983128,2010-09-15,2026-09-09T17:04:39Z,is_human_drug,1,bool,fda.refusals.backfill,raw/fda.refusals.backfill/2026/09/20260909T170439Z-0c5077c505d0.json.gz,1
fda.refusals.backfill,firm:3004983128,2010-09-15,2026-09-09T17:04:39Z,label,Stericon Pharma Pvt. Ltd.,,fda.refusals.backfill,raw/fda.refusals.backfill/2026/09/20260909T170439Z-0c5077c505d0.json.gz,1
fda.refusals.backfill,firm:3004983128,2010-09-15,2026-09-09T17:04:39Z,refused_at,20100915,yyyymmdd,fda.refusals.backfill,raw/fda.refusals.backfill/2026/09/20260909T170439Z-0c5077c505d0.json.gz,1
fda.refusals.backfill,firm:3004985424,2010-09-22,2026-09-09T17:04:39Z,firm_key,PHARMACIA S A,,fda.refusals.backfill,raw/fda.refusals.backfill/2026/09/20260909T170439Z-0c5077c505d0.json.gz,1
fda.refusals.backfill,firm:3004985424,2010-09-22,2026-09-09T17:04:39Z,import_refusal,1,count,fda.refusals.backfill,raw/fda.refusals.backfill/2026/09/20260909T170439Z-0c5077c505d0.json.gz,1
fda.refusals.backfill,firm:3004985424,2010-09-22,2026-09-09T17:04:39Z,is_drug_or_biologic,1,bool,fda.refusals.backfill,raw/fda.refusals.backfill/2026/09/20260909T170439Z-0c5077c505d0.json.gz,1
fda.refusals.backfill,firm:3004985424,2010-09-22,2026-09-09T17:04:39Z,is_foreign,1,bool,fda.refusals.backfill,raw/fda.refusals.backfill/2026/09/20260909T170439Z-0c5077c505d0.json.gz,1
fda.refusals.backfill,firm:3004985424,2010-09-22,2026-09-09T17:04:39Z,is_human_drug,1,bool,fda.refusals.backfill,raw/fda.refusals.backfill/2026/09/20260909T170439Z-0c5077c505d0.json.gz,1
fda.refusals.backfill,firm:3004985424,2010-09-22,2026-09-09T17:04:39Z,label,Pharmacia S.A,,fda.refusals.backfill,raw/fda.refusals.backfill/2026/09/20260909T170439Z-0c5077c505d0.json.gz,1
fda.refusals.backfill,firm:3004985424,2010-09-22,2026-09-09T17:04:39Z,refused_at,20100922,yyyymmdd,fda.refusals.backfill,raw/fda.refusals.backfill/2026/09/20260909T170439Z-0c5077c505d0.json.gz,1
fda.refusals.backfill,firm:3005029897,2010-09-22,2026-09-09T17:04:39Z,firm_key,NOVARTIS CONSUMER HEALTH,,fda.refusals.backfill,raw/fda.refusals.backfill/2026/09/20260909T170439Z-0c5077c505d0.json.gz,1
fda.refusals.backfill,firm:3005029897,2010-09-22,2026-09-09T17:04:39Z,import_refusal,1,count,fda.refusals.backfill,raw/fda.refusals.backfill/2026/09/20260909T170439Z-0c5077c505d0.json.gz,1
fda.refusals.backfill,firm:3005029897,2010-09-22,2026-09-09T17:04:39Z,is_drug_or_biologic,1,bool,fda.refusals.backfill,raw/fda.refusals.backfill/2026/09/20260909T170439Z-0c5077c505d0.json.gz,1
fda.refusals.backfill,firm:3005029897,2010-09-22,2026-09-09T17:04:39Z,is_foreign,0,bool,fda.refusals.backfill,raw/fda.refusals.backfill/2026/09/20260909T170439Z-0c5077c505d0.json.gz,1
fda.refusals.backfill,firm:3005029897,2010-09-22,2026-09-09T17:04:39Z,is_human_drug,1,bool,fda.refusals.backfill,raw/fda.refusals.backfill/2026/09/20260909T170439Z-0c5077c505d0.json.gz,1
fda.refusals.backfill,firm:3005029897,2010-09-22,2026-09-09T17:04:39Z,label,Novartis Consumer Health Inc,,fda.refusals.backfill,raw/fda.refusals.backfill/2026/09/20260909T170439Z-0c5077c505d0.json.gz,1
fda.refusals.backfill,firm:3005029897,2010-09-22,2026-09-09T17:04:39Z,refused_at,20100922,yyyymmdd,fda.refusals.backfill,raw/fda.refusals.backfill/2026/09/20260909T170439Z-0c5077c505d0.json.gz,1
fda.refusals.backfill,firm:3005124711,2010-09-21,2026-09-09T17:04:39Z,firm_key,CHANGZHOU YABANG,,fda.refusals.backfill,raw/fda.refusals.backfill/2026/09/20260909T170439Z-0c5077c505d0.json.gz,1
fda.refusals.backfill,firm:3005124711,2010-09-21,2026-09-09T17:04:39Z,import_refusal,1,count,fda.refusals.backfill,raw/fda.refusals.backfill/2026/09/20260909T170439Z-0c5077c505d0.json.gz,1
fda.refusals.backfill,firm:3005124711,2010-09-21,2026-09-09T17:04:39Z,is_drug_or_biologic,1,bool,fda.refusals.backfill,raw/fda.refusals.backfill/2026/09/20260909T170439Z-0c5077c505d0.json.gz,1
fda.refusals.backfill,firm:3005124711,2010-09-21,2026-09-09T17:04:39Z,is_foreign,1,bool,fda.refusals.backfill,raw/fda.refusals.backfill/2026/09/20260909T170439Z-0c5077c505d0.json.gz,1
fda.refusals.backfill,firm:3005124711,2010-09-21,2026-09-09T17:04:39Z,is_human_drug,1,bool,fda.refusals.backfill,raw/fda.refusals.backfill/2026/09/20260909T170439Z-0c5077c505d0.json.gz,1
fda.refusals.backfill,firm:3005124711,2010-09-21,2026-09-09T17:04:39Z,label,"Changzhou Yabang Pharmaceutical Co., Ltd.",,fda.refusals.backfill,raw/fda.refusals.backfill/2026/09/20260909T170439Z-0c5077c505d0.json.gz,1
fda.refusals.backfill,firm:3005124711,2010-09-21,2026-09-09T17:04:39Z,refused_at,20100921,yyyymmdd,fda.refusals.backfill,raw/fda.refusals.backfill/2026/09/20260909T170439Z-0c5077c505d0.json.gz,1
fda.refusals.backfill,firm:3005224455,2010-09-22,2026-09-09T17:04:39Z,firm_key,DENK,,fda.refusals.backfill,raw/fda.refusals.backfill/2026/09/20260909T170439Z-0c5077c505d0.json.gz,1
fda.refusals.backfill,firm:3005224455,2010-09-22,2026-09-09T17:04:39Z,import_refusal,1,count,fda.refusals.backfill,raw/fda.refusals.backfill/2026/09/20260909T170439Z-0c5077c505d0.json.gz,1
fda.refusals.backfill,firm:3005224455,2010-09-22,2026-09-09T17:04:39Z,is_drug_or_biologic,1,bool,fda.refusals.backfill,raw/fda.refusals.backfill/2026/09/20260909T170439Z-0c5077c505d0.json.gz,1
fda.refusals.backfill,firm:3005224455,2010-09-22,2026-09-09T17:04:39Z,is_foreign,1,bool,fda.refusals.backfill,raw/fda.refusals.backfill/2026/09/20260909T170439Z-0c5077c505d0.json.gz,1
fda.refusals.backfill,firm:3005224455,2010-09-22,2026-09-09T17:04:39Z,is_human_drug,1,bool,fda.refusals.backfill,raw/fda.refusals.backfill/2026/09/20260909T170439Z-0c5077c505d0.json.gz,1
fda.refusals.backfill,firm:3005224455,2010-09-22,2026-09-09T17:04:39Z,label,Denk Pharma,,fda.refusals.backfill,raw/fda.refusals.backfill/2026/09/20260909T170439Z-0c5077c505d0.json.gz,1
fda.refusals.backfill,firm:3005224455,2010-09-22,2026-09-09T17:04:39Z,refused_at,20100922,yyyymmdd,fda.refusals.backfill,raw/fda.refusals.backfill/2026/09/20260909T170439Z-0c5077c505d0.json.gz,1
fda.refusals.backfill,firm:3005472282,2010-09-01,2026-09-09T17:04:39Z,firm_key,BZMP BORISOVSKIY ZAVOD MEDICINSKIKH PREPARATOV OAO,,fda.refusals.backfill,raw/fda.refusals.backfill/2026/09/20260909T170439Z-0c5077c505d0.json.gz,1
fda.refusals.backfill,firm:3005472282,2010-09-01,2026-09-09T17:04:39Z,import_refusal,1,count,fda.refusals.backfill,raw/fda.refusals.backfill/2026/09/20260909T170439Z-0c5077c505d0.json.gz,1
fda.refusals.backfill,firm:3005472282,2010-09-01,2026-09-09T17:04:39Z,is_drug_or_biologic,1,bool,fda.refusals.backfill,raw/fda.refusals.backfill/2026/09/20260909T170439Z-0c5077c505d0.json.gz,1
fda.refusals.backfill,firm:3005472282,2010-09-01,2026-09-09T17:04:39Z,is_foreign,1,bool,fda.refusals.backfill,raw/fda.refusals.backfill/2026/09/20260909T170439Z-0c5077c505d0.json.gz,1
fda.refusals.backfill,firm:3005472282,2010-09-01,2026-09-09T17:04:39Z,is_human_drug,1,bool,fda.refusals.backfill,raw/fda.refusals.backfill/2026/09/20260909T170439Z-0c5077c505d0.json.gz,1
fda.refusals.backfill,firm:3005472282,2010-09-01,2026-09-09T17:04:39Z,label,BZMP (Borisovskiy Zavod Medicinskikh Preparatov) OAO,,fda.refusals.backfill,raw/fda.refusals.backfill/2026/09/20260909T170439Z-0c5077c505d0.json.gz,1
fda.refusals.backfill,firm:3005472282,2010-09-01,2026-09-09T17:04:39Z,refused_at,20100901,yyyymmdd,fda.refusals.backfill,raw/fda.refusals.backfill/2026/09/20260909T170439Z-0c5077c505d0.json.gz,1
fda.refusals.backfill,firm:3005497840,2010-09-08,2026-09-09T17:04:39Z,firm_key,VIRGIN BEAUTY INDUSTRIES NIG,,fda.refusals.backfill,raw/fda.refusals.backfill/2026/09/20260909T170439Z-0c5077c505d0.json.gz,1
fda.refusals.backfill,firm:3005497840,2010-09-08,2026-09-09T17:04:39Z,import_refusal,1,count,fda.refusals.backfill,raw/fda.refusals.backfill/2026/09/20260909T170439Z-0c5077c505d0.json.gz,1
fda.refusals.backfill,firm:3005497840,2010-09-08,2026-09-09T17:04:39Z,is_drug_or_biologic,1,bool,fda.refusals.backfill,raw/fda.refusals.backfill/2026/09/20260909T170439Z-0c5077c505d0.json.gz,1
fda.refusals.backfill,firm:3005497840,2010-09-08,2026-09-09T17:04:39Z,is_foreign,1,bool,fda.refusals.backfill,raw/fda.refusals.backfill/2026/09/20260909T170439Z-0c5077c505d0.json.gz,1
fda.refusals.backfill,firm:3005497840,2010-09-08,2026-09-09T17:04:39Z,is_human_drug,1,bool,fda.refusals.backfill,raw/fda.refusals.backfill/2026/09/20260909T170439Z-0c5077c505d0.json.gz,1
fda.refusals.backfill,firm:3005497840,2010-09-08,2026-09-09T17:04:39Z,label,Virgin Beauty Industries Nig Ltd,,fda.refusals.backfill,raw/fda.refusals.backfill/2026/09/20260909T170439Z-0c5077c505d0.json.gz,1
fda.refusals.backfill,firm:3005497840,2010-09-08,2026-09-09T17:04:39Z,refused_at,20100908,yyyymmdd,fda.refusals.backfill,raw/fda.refusals.backfill/2026/09/20260909T170439Z-0c5077c505d0.json.gz,1
fda.refusals.backfill,firm:3005669319,2010-09-15,2026-09-09T17:04:39Z,firm_key,ENCUBE ETHICALS,,fda.refusals.backfill,raw/fda.refusals.backfill/2026/09/20260909T170439Z-0c5077c505d0.json.gz,1
fda.refusals.backfill,firm:3005669319,2010-09-15,2026-09-09T17:04:39Z,import_refusal,1,count,fda.refusals.backfill,raw/fda.refusals.backfill/2026/09/20260909T170439Z-0c5077c505d0.json.gz,1
fda.refusals.backfill,firm:3005669319,2010-09-15,2026-09-09T17:04:39Z,is_drug_or_biologic,1,bool,fda.refusals.backfill,raw/fda.refusals.backfill/2026/09/20260909T170439Z-0c5077c505d0.json.gz,1
fda.refusals.backfill,firm:3005669319,2010-09-15,2026-09-09T17:04:39Z,is_foreign,1,bool,fda.refusals.backfill,raw/fda.refusals.backfill/2026/09/20260909T170439Z-0c5077c505d0.json.gz,1
fda.refusals.backfill,firm:3005669319,2010-09-15,2026-09-09T17:04:39Z,is_human_drug,1,bool,fda.refusals.backfill,raw/fda.refusals.backfill/2026/09/20260909T170439Z-0c5077c505d0.json.gz,1
fda.refusals.backfill,firm:3005669319,2010-09-15,2026-09-09T17:04:39Z,label,Encube Ethicals Pvt. Ltd.,,fda.refusals.backfill,raw/fda.refusals.backfill/2026/09/20260909T170439Z-0c5077c505d0.json.gz,1
fda.refusals.backfill,firm:3005669319,2010-09-15,2026-09-09T17:04:39Z,refused_at,20100915,yyyymmdd,fda.refusals.backfill,raw/fda.refusals.backfill/2026/09/20260909T170439Z-0c5077c505d0.json.gz,1
fda.refusals.backfill,firm:3005873343,2010-09-22,2026-09-09T17:04:39Z,firm_key,SANOFI AVENTIS,,fda.refusals.backfill,raw/fda.refusals.backfill/2026/09/20260909T170439Z-0c5077c505d0.json.gz,1
fda.refusals.backfill,firm:3005873343,2010-09-22,2026-09-09T17:04:39Z,import_refusal,1,count,fda.refusals.backfill,raw/fda.refusals.backfill/2026/09/20260909T170439Z-0c5077c505d0.json.gz,1
fda.refusals.backfill,firm:3005873343,2010-09-22,2026-09-09T17:04:39Z,is_drug_or_biologic,1,bool,fda.refusals.backfill,raw/fda.refusals.backfill/2026/09/20260909T170439Z-0c5077c505d0.json.gz,1
fda.refusals.backfill,firm:3005873343,2010-09-22,2026-09-09T17:04:39Z,is_foreign,1,bool,fda.refusals.backfill,raw/fda.refusals.backfill/2026/09/20260909T170439Z-0c5077c505d0.json.gz,1
fda.refusals.backfill,firm:3005873343,2010-09-22,2026-09-09T17:04:39Z,is_human_drug,1,bool,fda.refusals.backfill,raw/fda.refusals.backfill/2026/09/20260909T170439Z-0c5077c505d0.json.gz,1
fda.refusals.backfill,firm:3005873343,2010-09-22,2026-09-09T17:04:39Z,label,Sanofi-Aventis,,fda.refusals.backfill,raw/fda.refusals.backfill/2026/09/20260909T170439Z-0c5077c505d0.json.gz,1
fda.refusals.backfill,firm:3005873343,2010-09-22,2026-09-09T17:04:39Z,refused_at,20100922,yyyymmdd,fda.refusals.backfill,raw/fda.refusals.backfill/2026/09/20260909T170439Z-0c5077c505d0.json.gz,1
fda.refusals.backfill,firm:3005892317,2010-09-27,2026-09-09T17:04:39Z,firm_key,CSPC ZHONGNUO SHIJIAZHUANG,,fda.refusals.backfill,raw/fda.refusals.backfill/2026/09/20260909T170439Z-0c5077c505d0.json.gz,1
fda.refusals.backfill,firm:3005892317,2010-09-27,2026-09-09T17:04:39Z,import_refusal,1,count,fda.refusals.backfill,raw/fda.refusals.backfill/2026/09/20260909T170439Z-0c5077c505d0.json.gz,1
fda.refusals.backfill,firm:3005892317,2010-09-27,2026-09-09T17:04:39Z,is_drug_or_biologic,1,bool,fda.refusals.backfill,raw/fda.refusals.backfill/2026/09/20260909T170439Z-0c5077c505d0.json.gz,1
fda.refusals.backfill,firm:3005892317,2010-09-27,2026-09-09T17:04:39Z,is_foreign,1,bool,fda.refusals.backfill,raw/fda.refusals.backfill/2026/09/20260909T170439Z-0c5077c505d0.json.gz,1
fda.refusals.backfill,firm:3005892317,2010-09-27,2026-09-09T17:04:39Z,is_human_drug,0,bool,fda.refusals.backfill,raw/fda.refusals.backfill/2026/09/20260909T170439Z-0c5077c505d0.json.gz,1
fda.refusals.backfill,firm:3005892317,2010-09-27,2026-09-09T17:04:39Z,label,CSPC Zhongnuo Pharmaceutical (Shijiazhuang) Co. Ltd,,fda.refusals.backfill,raw/fda.refusals.backfill/2026/09/20260909T170439Z-0c5077c505d0.json.gz,1
fda.refusals.backfill,firm:3005892317,2010-09-27,2026-09-09T17:04:39Z,refused_at,20100927,yyyymmdd,fda.refusals.backfill,raw/fda.refusals.backfill/2026/09/20260909T170439Z-0c5077c505d0.json.gz,1
fda.refusals.backfill,firm:3006222820,2010-09-20,2026-09-09T17:04:39Z,firm_key,VITAFOR,,fda.refusals.backfill,raw/fda.refusals.backfill/2026/09/20260909T170439Z-0c5077c505d0.json.gz,1
fda.refusals.backfill,firm:3006222820,2010-09-20,2026-09-09T17:04:39Z,import_refusal,1,count,fda.refusals.backfill,raw/fda.refusals.backfill/2026/09/20260909T170439Z-0c5077c505d0.json.gz,1
fda.refusals.backfill,firm:3006222820,2010-09-20,2026-09-09T17:04:39Z,is_drug_or_biologic,1,bool,fda.refusals.backfill,raw/fda.refusals.backfill/2026/09/20260909T170439Z-0c5077c505d0.json.gz,1
fda.refusals.backfill,firm:3006222820,2010-09-20,2026-09-09T17:04:39Z,is_foreign,1,bool,fda.refusals.backfill,raw/fda.refusals.backfill/2026/09/20260909T170439Z-0c5077c505d0.json.gz,1
fda.refusals.backfill,firm:3006222820,2010-09-20,2026-09-09T17:04:39Z,is_human_drug,0,bool,fda.refusals.backfill,raw/fda.refusals.backfill/2026/09/20260909T170439Z-0c5077c505d0.json.gz,1
fda.refusals.backfill,firm:3006222820,2010-09-20,2026-09-09T17:04:39Z,label,Vitafor NV,,fda.refusals.backfill,raw/fda.refusals.backfill/2026/09/20260909T170439Z-0c5077c505d0.json.gz,1
fda.refusals.backfill,firm:3006222820,2010-09-20,2026-09-09T17:04:39Z,refused_at,20100920,yyyymmdd,fda.refusals.backfill,raw/fda.refusals.backfill/2026/09/20260909T170439Z-0c5077c505d0.json.gz,1
fda.refusals.backfill,firm:3006251720,2010-09-30,2026-09-09T17:04:39Z,firm_key,FULIN COSMETIC,,fda.refusals.backfill,raw/fda.refusals.backfill/2026/09/20260909T170439Z-0c5077c505d0.json.gz,1
fda.refusals.backfill,firm:3006251720,2010-09-30,2026-09-09T17:04:39Z,import_refusal,1,count,fda.refusals.backfill,raw/fda.refusals.backfill/2026/09/20260909T170439Z-0c5077c505d0.json.gz,1
fda.refusals.backfill,firm:3006251720,2010-09-30,2026-09-09T17:04:39Z,is_drug_or_biologic,1,bool,fda.refusals.backfill,raw/fda.refusals.backfill/2026/09/20260909T170439Z-0c5077c505d0.json.gz,1
fda.refusals.backfill,firm:3006251720,2010-09-30,2026-09-09T17:04:39Z,is_foreign,1,bool,fda.refusals.backfill,raw/fda.refusals.backfill/2026/09/20260909T170439Z-0c5077c505d0.json.gz,1
fda.refusals.backfill,firm:3006251720,2010-09-30,2026-09-09T17:04:39Z,is_human_drug,1,bool,fda.refusals.backfill,raw/fda.refusals.backfill/2026/09/20260909T170439Z-0c5077c505d0.json.gz,1
fda.refusals.backfill,firm:3006251720,2010-09-30,2026-09-09T17:04:39Z,label,Fulin Cosmetic Co Ltd,,fda.refusals.backfill,raw/fda.refusals.backfill/2026/09/20260909T170439Z-0c5077c505d0.json.gz,1
fda.refusals.backfill,firm:3006251720,2010-09-30,2026-09-09T17:04:39Z,refused_at,20100930,yyyymmdd,fda.refusals.backfill,raw/fda.refusals.backfill/2026/09/20260909T170439Z-0c5077c505d0.json.gz,1
fda.refusals.backfill,firm:3006331765,2010-09-02,2026-09-09T17:04:39Z,firm_key,ZHEJIANG BLUE DREAM COSMETICS,,fda.refusals.backfill,raw/fda.refusals.backfill/2026/09/20260909T170439Z-0c5077c505d0.json.gz,1
fda.refusals.backfill,firm:3006331765,2010-09-02,2026-09-09T17:04:39Z,import_refusal,1,count,fda.refusals.backfill,raw/fda.refusals.backfill/2026/09/20260909T170439Z-0c5077c505d0.json.gz,1
fda.refusals.backfill,firm:3006331765,2010-09-02,2026-09-09T17:04:39Z,is_drug_or_biologic,1,bool,fda.refusals.backfill,raw/fda.refusals.backfill/2026/09/20260909T170439Z-0c5077c505d0.json.gz,1
fda.refusals.backfill,firm:3006331765,2010-09-02,2026-09-09T17:04:39Z,is_foreign,1,bool,fda.refusals.backfill,raw/fda.refusals.backfill/2026/09/20260909T170439Z-0c5077c505d0.json.gz,1
fda.refusals.backfill,firm:3006331765,2010-09-02,2026-09-09T17:04:39Z,is_human_drug,1,bool,fda.refusals.backfill,raw/fda.refusals.backfill/2026/09/20260909T170439Z-0c5077c505d0.json.gz,1
fda.refusals.backfill,firm:3006331765,2010-09-02,2026-09-09T17:04:39Z,label,"Zhejiang Blue Dream Cosmetics Co., Ltd.",,fda.refusals.backfill,raw/fda.refusals.backfill/2026/09/20260909T170439Z-0c5077c505d0.json.gz,1
fda.refusals.backfill,firm:3006331765,2010-09-02,2026-09-09T17:04:39Z,refused_at,20100902,yyyymmdd,fda.refusals.backfill,raw/fda.refusals.backfill/2026/09/20260909T170439Z-0c5077c505d0.json.gz,1
fda.refusals.backfill,firm:3006639573,2010-09-15,2026-09-09T17:04:39Z,firm_key,GOLDCREDIT TRADING,,fda.refusals.backfill,raw/fda.refusals.backfill/2026/09/20260909T170439Z-0c5077c505d0.json.gz,1
fda.refusals.backfill,firm:3006639573,2010-09-15,2026-09-09T17:04:39Z,import_refusal,1,count,fda.refusals.backfill,raw/fda.refusals.backfill/2026/09/20260909T170439Z-0c5077c505d0.json.gz,1
fda.refusals.backfill,firm:3006639573,2010-09-15,2026-09-09T17:04:39Z,is_drug_or_biologic,1,bool,fda.refusals.backfill,raw/fda.refusals.backfill/2026/09/20260909T170439Z-0c5077c505d0.json.gz,1
fda.refusals.backfill,firm:3006639573,2010-09-15,2026-09-09T17:04:39Z,is_foreign,1,bool,fda.refusals.backfill,raw/fda.refusals.backfill/2026/09/20260909T170439Z-0c5077c505d0.json.gz,1
fda.refusals.backfill,firm:3006639573,2010-09-15,2026-09-09T17:04:39Z,is_human_drug,1,bool,fda.refusals.backfill,raw/fda.refusals.backfill/2026/09/20260909T170439Z-0c5077c505d0.json.gz,1
fda.refusals.backfill,firm:3006639573,2010-09-15,2026-09-09T17:04:39Z,label,"GOLDCREDIT INTERNATIONAL TRADING CO., LTD.",,fda.refusals.backfill,raw/fda.refusals.backfill/2026/09/20260909T170439Z-0c5077c505d0.json.gz,1
fda.refusals.backfill,firm:3006639573,2010-09-15,2026-09-09T17:04:39Z,refused_at,20100915,yyyymmdd,fda.refusals.backfill,raw/fda.refusals.backfill/2026/09/20260909T170439Z-0c5077c505d0.json.gz,1
fda.refusals.backfill,firm:3006726257,2010-09-13,2026-09-09T17:04:39Z,firm_key,MERCK SERONO SPA,,fda.refusals.backfill,raw/fda.refusals.backfill/2026/09/20260909T170439Z-0c5077c505d0.json.gz,1
fda.refusals.backfill,firm:3006726257,2010-09-13,2026-09-09T17:04:39Z,import_refusal,1,count,fda.refusals.backfill,raw/fda.refusals.backfill/2026/09/20260909T170439Z-0c5077c505d0.json.gz,1
fda.refusals.backfill,firm:3006726257,2010-09-13,2026-09-09T17:04:39Z,is_drug_or_biologic,1,bool,fda.refusals.backfill,raw/fda.refusals.backfill/2026/09/20260909T170439Z-0c5077c505d0.json.gz,1
fda.refusals.backfill,firm:3006726257,2010-09-13,2026-09-09T17:04:39Z,is_foreign,1,bool,fda.refusals.backfill,raw/fda.refusals.backfill/2026/09/20260909T170439Z-0c5077c505d0.json.gz,1
fda.refusals.backfill,firm:3006726257,2010-09-13,2026-09-09T17:04:39Z,is_human_drug,1,bool,fda.refusals.backfill,raw/fda.refusals.backfill/2026/09/20260909T170439Z-0c5077c505d0.json.gz,1
fda.refusals.backfill,firm:3006726257,2010-09-13,2026-09-09T17:04:39Z,label,Merck Serono Spa,,fda.refusals.backfill,raw/fda.refusals.backfill/2026/09/20260909T170439Z-0c5077c505d0.json.gz,1
fda.refusals.backfill,firm:3006726257,2010-09-13,2026-09-09T17:04:39Z,refused_at,20100913,yyyymmdd,fda.refusals.backfill,raw/fda.refusals.backfill/2026/09/20260909T170439Z-0c5077c505d0.json.gz,1
fda.refusals.backfill,firm:3006803957,2010-09-29,2026-09-09T17:04:39Z,firm_key,COLGATE PALMOLIVE THAILAND BRANCH,,fda.refusals.backfill,raw/fda.refusals.backfill/2026/09/20260909T170439Z-0c5077c505d0.json.gz,1
fda.refusals.backfill,firm:3006803957,2010-09-29,2026-09-09T17:04:39Z,import_refusal,1,count,fda.refusals.backfill,raw/fda.refusals.backfill/2026/09/20260909T170439Z-0c5077c505d0.json.gz,1
fda.refusals.backfill,firm:3006803957,2010-09-29,2026-09-09T17:04:39Z,is_drug_or_biologic,1,bool,fda.refusals.backfill,raw/fda.refusals.backfill/2026/09/20260909T170439Z-0c5077c505d0.json.gz,1
fda.refusals.backfill,firm:3006803957,2010-09-29,2026-09-09T17:04:39Z,is_foreign,1,bool,fda.refusals.backfill,raw/fda.refusals.backfill/2026/09/20260909T170439Z-0c5077c505d0.json.gz,1
fda.refusals.backfill,firm:3006803957,2010-09-29,2026-09-09T17:04:39Z,is_human_drug,1,bool,fda.refusals.backfill,raw/fda.refusals.backfill/2026/09/20260909T170439Z-0c5077c505d0.json.gz,1
fda.refusals.backfill,firm:3006803957,2010-09-29,2026-09-09T17:04:39Z,label,Colgate-Palmolive (Thailand) Limited - Branch,,fda.refusals.backfill,raw/fda.refusals.backfill/2026/09/20260909T170439Z-0c5077c505d0.json.gz,1
fda.refusals.backfill,firm:3006803957,2010-09-29,2026-09-09T17:04:39Z,refused_at,20100929,yyyymmdd,fda.refusals.backfill,raw/fda.refusals.backfill/2026/09/20260909T170439Z-0c5077c505d0.json.gz,1
fda.refusals.backfill,firm:3006989916,2010-09-08,2026-09-09T17:04:39Z,firm_key,MCNEIL CONSUMER HEALTHCARE,,fda.refusals.backfill,raw/fda.refusals.backfill/2026/09/20260909T170439Z-0c5077c505d0.json.gz,1
fda.refusals.backfill,firm:3006989916,2010-09-08,2026-09-09T17:04:39Z,import_refusal,1,count,fda.refusals.backfill,raw/fda.refusals.backfill/2026/09/20260909T170439Z-0c5077c505d0.json.gz,1
fda.refusals.backfill,firm:3006989916,2010-09-08,2026-09-09T17:04:39Z,is_drug_or_biologic,1,bool,fda.refusals.backfill,raw/fda.refusals.backfill/2026/09/20260909T170439Z-0c5077c505d0.json.gz,1
fda.refusals.backfill,firm:3006989916,2010-09-08,2026-09-09T17:04:39Z,is_foreign,1,bool,fda.refusals.backfill,raw/fda.refusals.backfill/2026/09/20260909T170439Z-0c5077c505d0.json.gz,1
fda.refusals.backfill,firm:3006989916,2010-09-08,2026-09-09T17:04:39Z,is_human_drug,1,bool,fda.refusals.backfill,raw/fda.refusals.backfill/2026/09/20260909T170439Z-0c5077c505d0.json.gz,1
fda.refusals.backfill,firm:3006989916,2010-09-08,2026-09-09T17:04:39Z,label,Mcneil Consumer Healthcare,,fda.refusals.backfill,raw/fda.refusals.backfill/2026/09/20260909T170439Z-0c5077c505d0.json.gz,1
fda.refusals.backfill,firm:3006989916,2010-09-08,2026-09-09T17:04:39Z,refused_at,20100908,yyyymmdd,fda.refusals.backfill,raw/fda.refusals.backfill/2026/09/20260909T170439Z-0c5077c505d0.json.gz,1
fda.refusals.backfill,firm:3007021905,2010-09-22,2026-09-09T17:04:39Z,firm_key,CIPLA,,fda.refusals.backfill,raw/fda.refusals.backfill/2026/09/20260909T170439Z-0c5077c505d0.json.gz,1
fda.refusals.backfill,firm:3007021905,2010-09-22,2026-09-09T17:04:39Z,import_refusal,1,count,fda.refusals.backfill,raw/fda.refusals.backfill/2026/09/20260909T170439Z-0c5077c505d0.json.gz,1
fda.refusals.backfill,firm:3007021905,2010-09-22,2026-09-09T17:04:39Z,is_drug_or_biologic,1,bool,fda.refusals.backfill,raw/fda.refusals.backfill/2026/09/20260909T170439Z-0c5077c505d0.json.gz,1
fda.refusals.backfill,firm:3007021905,2010-09-22,2026-09-09T17:04:39Z,is_foreign,1,bool,fda.refusals.backfill,raw/fda.refusals.backfill/2026/09/20260909T170439Z-0c5077c505d0.json.gz,1
fda.refusals.backfill,firm:3007021905,2010-09-22,2026-09-09T17:04:39Z,is_human_drug,1,bool,fda.refusals.backfill,raw/fda.refusals.backfill/2026/09/20260909T170439Z-0c5077c505d0.json.gz,1
fda.refusals.backfill,firm:3007021905,2010-09-22,2026-09-09T17:04:39Z,label,Cipla Limited,,fda.refusals.backfill,raw/fda.refusals.backfill/2026/09/20260909T170439Z-0c5077c505d0.json.gz,1
fda.refusals.backfill,firm:3007021905,2010-09-22,2026-09-09T17:04:39Z,refused_at,20100922,yyyymmdd,fda.refusals.backfill,raw/fda.refusals.backfill/2026/09/20260909T170439Z-0c5077c505d0.json.gz,1
fda.refusals.backfill,firm:3007036514,2010-09-22,2026-09-09T17:04:39Z,firm_key,CWK,,fda.refusals.backfill,raw/fda.refusals.backfill/2026/09/20260909T170439Z-0c5077c505d0.json.gz,1
fda.refusals.backfill,firm:3007036514,2010-09-22,2026-09-09T17:04:39Z,import_refusal,1,count,fda.refusals.backfill,raw/fda.refusals.backfill/2026/09/20260909T170439Z-0c5077c505d0.json.gz,1
fda.refusals.backfill,firm:3007036514,2010-09-22,2026-09-09T17:04:39Z,is_drug_or_biologic,1,bool,fda.refusals.backfill,raw/fda.refusals.backfill/2026/09/20260909T170439Z-0c5077c505d0.json.gz,1
fda.refusals.backfill,firm:3007036514,2010-09-22,2026-09-09T17:04:39Z,is_foreign,1,bool,fda.refusals.backfill,raw/fda.refusals.backfill/2026/09/20260909T170439Z-0c5077c505d0.json.gz,1
fda.refusals.backfill,firm:3007036514,2010-09-22,2026-09-09T17:04:39Z,is_human_drug,1,bool,fda.refusals.backfill,raw/fda.refusals.backfill/2026/09/20260909T170439Z-0c5077c505d0.json.gz,1
fda.refusals.backfill,firm:3007036514,2010-09-22,2026-09-09T17:04:39Z,label,Cwk,,fda.refusals.backfill,raw/fda.refusals.backfill/2026/09/20260909T170439Z-0c5077c505d0.json.gz,1
fda.refusals.backfill,firm:3007036514,2010-09-22,2026-09-09T17:04:39Z,refused_at,20100922,yyyymmdd,fda.refusals.backfill,raw/fda.refusals.backfill/2026/09/20260909T170439Z-0c5077c505d0.json.gz,1
fda.refusals.backfill,firm:3007202378,2010-09-13,2026-09-09T17:04:39Z,firm_key,PIRAMAL HEALTHCARE,,fda.refusals.backfill,raw/fda.refusals.backfill/2026/09/20260909T170439Z-0c5077c505d0.json.gz,1
fda.refusals.backfill,firm:3007202378,2010-09-13,2026-09-09T17:04:39Z,import_refusal,1,count,fda.refusals.backfill,raw/fda.refusals.backfill/2026/09/20260909T170439Z-0c5077c505d0.json.gz,1
fda.refusals.backfill,firm:3007202378,2010-09-13,2026-09-09T17:04:39Z,is_drug_or_biologic,1,bool,fda.refusals.backfill,raw/fda.refusals.backfill/2026/09/20260909T170439Z-0c5077c505d0.json.gz,1
fda.refusals.backfill,firm:3007202378,2010-09-13,2026-09-09T17:04:39Z,is_foreign,1,bool,fda.refusals.backfill,raw/fda.refusals.backfill/2026/09/20260909T170439Z-0c5077c505d0.json.gz,1
fda.refusals.backfill,firm:3007202378,2010-09-13,2026-09-09T17:04:39Z,is_human_drug,1,bool,fda.refusals.backfill,raw/fda.refusals.backfill/2026/09/20260909T170439Z-0c5077c505d0.json.gz,1
fda.refusals.backfill,firm:3007202378,2010-09-13,2026-09-09T17:04:39Z,label,Piramal Healthcare,,fda.refusals.backfill,raw/fda.refusals.backfill/2026/09/20260909T170439Z-0c5077c505d0.json.gz,1
fda.refusals.backfill,firm:3007202378,2010-09-13,2026-09-09T17:04:39Z,refused_at,20100913,yyyymmdd,fda.refusals.backfill,raw/fda.refusals.backfill/2026/09/20260909T170439Z-0c5077c505d0.json.gz,1
fda.refusals.backfill,firm:3007225366,2010-09-13,2026-09-09T17:04:39Z,firm_key,HERBAL TECHNOLOGIES,,fda.refusals.backfill,raw/fda.refusals.backfill/2026/09/20260909T170439Z-0c5077c505d0.json.gz,1
fda.refusals.backfill,firm:3007225366,2010-09-13,2026-09-09T17:04:39Z,import_refusal,1,count,fda.refusals.backfill,raw/fda.refusals.backfill/2026/09/20260909T170439Z-0c5077c505d0.json.gz,1
fda.refusals.backfill,firm:3007225366,2010-09-13,2026-09-09T17:04:39Z,is_drug_or_biologic,1,bool,fda.refusals.backfill,raw/fda.refusals.backfill/2026/09/20260909T170439Z-0c5077c505d0.json.gz,1
fda.refusals.backfill,firm:3007225366,2010-09-13,2026-09-09T17:04:39Z,is_foreign,1,bool,fda.refusals.backfill,raw/fda.refusals.backfill/2026/09/20260909T170439Z-0c5077c505d0.json.gz,1
fda.refusals.backfill,firm:3007225366,2010-09-13,2026-09-09T17:04:39Z,is_human_drug,1,bool,fda.refusals.backfill,raw/fda.refusals.backfill/2026/09/20260909T170439Z-0c5077c505d0.json.gz,1
fda.refusals.backfill,firm:3007225366,2010-09-13,2026-09-09T17:04:39Z,label,Herbal Technologies Bv,,fda.refusals.backfill,raw/fda.refusals.backfill/2026/09/20260909T170439Z-0c5077c505d0.json.gz,1
fda.refusals.backfill,firm:3007225366,2010-09-13,2026-09-09T17:04:39Z,refused_at,20100913,yyyymmdd,fda.refusals.backfill,raw/fda.refusals.backfill/2026/09/20260909T170439Z-0c5077c505d0.json.gz,1
fda.refusals.backfill,firm:3007504598,2010-09-10,2026-09-09T17:04:39Z,firm_key,CADBURY ADAMS MEXICO S DE R L DE C V,,fda.refusals.backfill,raw/fda.refusals.backfill/2026/09/20260909T170439Z-0c5077c505d0.json.gz,1
fda.refusals.backfill,firm:3007504598,2010-09-10,2026-09-09T17:04:39Z,import_refusal,1,count,fda.refusals.backfill,raw/fda.refusals.backfill/2026/09/20260909T170439Z-0c5077c505d0.json.gz,1
fda.refusals.backfill,firm:3007504598,2010-09-10,2026-09-09T17:04:39Z,is_drug_or_biologic,1,bool,fda.refusals.backfill,raw/fda.refusals.backfill/2026/09/20260909T170439Z-0c5077c505d0.json.gz,1
fda.refusals.backfill,firm:3007504598,2010-09-10,2026-09-09T17:04:39Z,is_foreign,1,bool,fda.refusals.backfill,raw/fda.refusals.backfill/2026/09/20260909T170439Z-0c5077c505d0.json.gz,1
fda.refusals.backfill,firm:3007504598,2010-09-10,2026-09-09T17:04:39Z,is_human_drug,1,bool,fda.refusals.backfill,raw/fda.refusals.backfill/2026/09/20260909T170439Z-0c5077c505d0.json.gz,1
fda.refusals.backfill,firm:3007504598,2010-09-10,2026-09-09T17:04:39Z,label,"CADBURY ADAMS MEXICO, S DE R.L. DE C.V.",,fda.refusals.backfill,raw/fda.refusals.backfill/2026/09/20260909T170439Z-0c5077c505d0.json.gz,1
fda.refusals.backfill,firm:3007504598,2010-09-10,2026-09-09T17:04:39Z,refused_at,20100910,yyyymmdd,fda.refusals.backfill,raw/fda.refusals.backfill/2026/09/20260909T170439Z-0c5077c505d0.json.gz,1
fda.refusals.backfill,firm:3007504598,2010-09-23,2026-09-09T17:04:39Z,firm_key,CADBURY ADAMS MEXICO S DE R L DE C V,,fda.refusals.backfill,raw/fda.refusals.backfill/2026/09/20260909T170439Z-0c5077c505d0.json.gz,1
fda.refusals.backfill,firm:3007504598,2010-09-23,2026-09-09T17:04:39Z,import_refusal,1,count,fda.refusals.backfill,raw/fda.refusals.backfill/2026/09/20260909T170439Z-0c5077c505d0.json.gz,1
fda.refusals.backfill,firm:3007504598,2010-09-23,2026-09-09T17:04:39Z,is_drug_or_biologic,1,bool,fda.refusals.backfill,raw/fda.refusals.backfill/2026/09/20260909T170439Z-0c5077c505d0.json.gz,1
fda.refusals.backfill,firm:3007504598,2010-09-23,2026-09-09T17:04:39Z,is_foreign,1,bool,fda.refusals.backfill,raw/fda.refusals.backfill/2026/09/20260909T170439Z-0c5077c505d0.json.gz,1
fda.refusals.backfill,firm:3007504598,2010-09-23,2026-09-09T17:04:39Z,is_human_drug,1,bool,fda.refusals.backfill,raw/fda.refusals.backfill/2026/09/20260909T170439Z-0c5077c505d0.json.gz,1
fda.refusals.backfill,firm:3007504598,2010-09-23,2026-09-09T17:04:39Z,label,"CADBURY ADAMS MEXICO, S DE R.L. DE C.V.",,fda.refusals.backfill,raw/fda.refusals.backfill/2026/09/20260909T170439Z-0c5077c505d0.json.gz,1
fda.refusals.backfill,firm:3007504598,2010-09-23,2026-09-09T17:04:39Z,refused_at,20100923,yyyymmdd,fda.refusals.backfill,raw/fda.refusals.backfill/2026/09/20260909T170439Z-0c5077c505d0.json.gz,1
fda.refusals.backfill,firm:3007507769,2010-09-02,2026-09-09T17:04:39Z,firm_key,LABFARVE,,fda.refusals.backfill,raw/fda.refusals.backfill/2026/09/20260909T170439Z-0c5077c505d0.json.gz,1
fda.refusals.backfill,firm:3007507769,2010-09-02,2026-09-09T17:04:39Z,import_refusal,1,count,fda.refusals.backfill,raw/fda.refusals.backfill/2026/09/20260909T170439Z-0c5077c505d0.json.gz,1
fda.refusals.backfill,firm:3007507769,2010-09-02,2026-09-09T17:04:39Z,is_drug_or_biologic,1,bool,fda.refusals.backfill,raw/fda.refusals.backfill/2026/09/20260909T170439Z-0c5077c505d0.json.gz,1
fda.refusals.backfill,firm:3007507769,2010-09-02,2026-09-09T17:04:39Z,is_foreign,1,bool,fda.refusals.backfill,raw/fda.refusals.backfill/2026/09/20260909T170439Z-0c5077c505d0.json.gz,1
fda.refusals.backfill,firm:3007507769,2010-09-02,2026-09-09T17:04:39Z,is_human_drug,1,bool,fda.refusals.backfill,raw/fda.refusals.backfill/2026/09/20260909T170439Z-0c5077c505d0.json.gz,1
fda.refusals.backfill,firm:3007507769,2010-09-02,2026-09-09T17:04:39Z,label,Labfarve Sa,,fda.refusals.backfill,raw/fda.refusals.backfill/2026/09/20260909T170439Z-0c5077c505d0.json.gz,1
fda.refusals.backfill,firm:3007507769,2010-09-02,2026-09-09T17:04:39Z,refused_at,20100902,yyyymmdd,fda.refusals.backfill,raw/fda.refusals.backfill/2026/09/20260909T170439Z-0c5077c505d0.json.gz,1
fda.refusals.backfill,firm:3007603686,2010-09-21,2026-09-09T17:04:39Z,firm_key,FUTURING,,fda.refusals.backfill,raw/fda.refusals.backfill/2026/09/20260909T170439Z-0c5077c505d0.json.gz,1
fda.refusals.backfill,firm:3007603686,2010-09-21,2026-09-09T17:04:39Z,import_refusal,1,count,fda.refusals.backfill,raw/fda.refusals.backfill/2026/09/20260909T170439Z-0c5077c505d0.json.gz,1
fda.refusals.backfill,firm:3007603686,2010-09-21,2026-09-09T17:04:39Z,is_drug_or_biologic,1,bool,fda.refusals.backfill,raw/fda.refusals.backfill/2026/09/20260909T170439Z-0c5077c505d0.json.gz,1
fda.refusals.backfill,firm:3007603686,2010-09-21,2026-09-09T17:04:39Z,is_foreign,1,bool,fda.refusals.backfill,raw/fda.refusals.backfill/2026/09/20260909T170439Z-0c5077c505d0.json.gz,1
fda.refusals.backfill,firm:3007603686,2010-09-21,2026-09-09T17:04:39Z,is_human_drug,1,bool,fda.refusals.backfill,raw/fda.refusals.backfill/2026/09/20260909T170439Z-0c5077c505d0.json.gz,1
fda.refusals.backfill,firm:3007603686,2010-09-21,2026-09-09T17:04:39Z,label,Futuring International Ltd.,,fda.refusals.backfill,raw/fda.refusals.backfill/2026/09/20260909T170439Z-0c5077c505d0.json.gz,1
fda.refusals.backfill,firm:3007603686,2010-09-21,2026-09-09T17:04:39Z,refused_at,20100921,yyyymmdd,fda.refusals.backfill,raw/fda.refusals.backfill/2026/09/20260909T170439Z-0c5077c505d0.json.gz,1
fda.refusals.backfill,firm:3007650246,2010-09-29,2026-09-09T17:04:39Z,firm_key,UNILIVER THAI,,fda.refusals.backfill,raw/fda.refusals.backfill/2026/09/20260909T170439Z-0c5077c505d0.json.gz,1
fda.refusals.backfill,firm:3007650246,2010-09-29,2026-09-09T17:04:39Z,import_refusal,1,count,fda.refusals.backfill,raw/fda.refusals.backfill/2026/09/20260909T170439Z-0c5077c505d0.json.gz,1
fda.refusals.backfill,firm:3007650246,2010-09-29,2026-09-09T17:04:39Z,is_drug_or_biologic,1,bool,fda.refusals.backfill,raw/fda.refusals.backfill/2026/09/20260909T170439Z-0c5077c505d0.json.gz,1
fda.refusals.backfill,firm:3007650246,2010-09-29,2026-09-09T17:04:39Z,is_foreign,1,bool,fda.refusals.backfill,raw/fda.refusals.backfill/2026/09/20260909T170439Z-0c5077c505d0.json.gz,1
fda.refusals.backfill,firm:3007650246,2010-09-29,2026-09-09T17:04:39Z,is_human_drug,1,bool,fda.refusals.backfill,raw/fda.refusals.backfill/2026/09/20260909T170439Z-0c5077c505d0.json.gz,1
fda.refusals.backfill,firm:3007650246,2010-09-29,2026-09-09T17:04:39Z,label,"Uniliver Thai Holding Co.,Ltd",,fda.refusals.backfill,raw/fda.refusals.backfill/2026/09/20260909T170439Z-0c5077c505d0.json.gz,1
fda.refusals.backfill,firm:3007650246,2010-09-29,2026-09-09T17:04:39Z,refused_at,20100929,yyyymmdd,fda.refusals.backfill,raw/fda.refusals.backfill/2026/09/20260909T170439Z-0c5077c505d0.json.gz,1
fda.refusals.backfill,firm:3007670906,2010-09-28,2026-09-09T17:04:39Z,firm_key,NEW CONCEPT PRODUCT,,fda.refusals.backfill,raw/fda.refusals.backfill/2026/09/20260909T170439Z-0c5077c505d0.json.gz,1
fda.refusals.backfill,firm:3007670906,2010-09-28,2026-09-09T17:04:39Z,import_refusal,1,count,fda.refusals.backfill,raw/fda.refusals.backfill/2026/09/20260909T170439Z-0c5077c505d0.json.gz,1
fda.refusals.backfill,firm:3007670906,2010-09-28,2026-09-09T17:04:39Z,is_drug_or_biologic,1,bool,fda.refusals.backfill,raw/fda.refusals.backfill/2026/09/20260909T170439Z-0c5077c505d0.json.gz,1
fda.refusals.backfill,firm:3007670906,2010-09-28,2026-09-09T17:04:39Z,is_foreign,1,bool,fda.refusals.backfill,raw/fda.refusals.backfill/2026/09/20260909T170439Z-0c5077c505d0.json.gz,1
fda.refusals.backfill,firm:3007670906,2010-09-28,2026-09-09T17:04:39Z,is_human_drug,1,bool,fda.refusals.backfill,raw/fda.refusals.backfill/2026/09/20260909T170439Z-0c5077c505d0.json.gz,1
fda.refusals.backfill,firm:3007670906,2010-09-28,2026-09-09T17:04:39Z,label,"New Concept Product Co., Ltd.",,fda.refusals.backfill,raw/fda.refusals.backfill/2026/09/20260909T170439Z-0c5077c505d0.json.gz,1
fda.refusals.backfill,firm:3007670906,2010-09-28,2026-09-09T17:04:39Z,refused_at,20100928,yyyymmdd,fda.refusals.backfill,raw/fda.refusals.backfill/2026/09/20260909T170439Z-0c5077c505d0.json.gz,1
fda.refusals.backfill,firm:3007776717,2010-09-01,2026-09-09T17:04:39Z,firm_key,EKZON,,fda.refusals.backfill,raw/fda.refusals.backfill/2026/09/20260909T170439Z-0c5077c505d0.json.gz,1
fda.refusals.backfill,firm:3007776717,2010-09-01,2026-09-09T17:04:39Z,import_refusal,1,count,fda.refusals.backfill,raw/fda.refusals.backfill/2026/09/20260909T170439Z-0c5077c505d0.json.gz,1
fda.refusals.backfill,firm:3007776717,2010-09-01,2026-09-09T17:04:39Z,is_drug_or_biologic,1,bool,fda.refusals.backfill,raw/fda.refusals.backfill/2026/09/20260909T170439Z-0c5077c505d0.json.gz,1
fda.refusals.backfill,firm:3007776717,2010-09-01,2026-09-09T17:04:39Z,is_foreign,1,bool,fda.refusals.backfill,raw/fda.refusals.backfill/2026/09/20260909T170439Z-0c5077c505d0.json.gz,1
fda.refusals.backfill,firm:3007776717,2010-09-01,2026-09-09T17:04:39Z,is_human_drug,1,bool,fda.refusals.backfill,raw/fda.refusals.backfill/2026/09/20260909T170439Z-0c5077c505d0.json.gz,1
fda.refusals.backfill,firm:3007776717,2010-09-01,2026-09-09T17:04:39Z,label,Ekzon,,fda.refusals.backfill,raw/fda.refusals.backfill/2026/09/20260909T170439Z-0c5077c505d0.json.gz,1
fda.refusals.backfill,firm:3007776717,2010-09-01,2026-09-09T17:04:39Z,refused_at,20100901,yyyymmdd,fda.refusals.backfill,raw/fda.refusals.backfill/2026/09/20260909T170439Z-0c5077c505d0.json.gz,1
fda.refusals.backfill,firm:3007828231,2010-09-02,2026-09-09T17:04:39Z,firm_key,INFARMA,,fda.refusals.backfill,raw/fda.refusals.backfill/2026/09/20260909T170439Z-0c5077c505d0.json.gz,1
fda.refusals.backfill,firm:3007828231,2010-09-02,2026-09-09T17:04:39Z,import_refusal,1,count,fda.refusals.backfill,raw/fda.refusals.backfill/2026/09/20260909T170439Z-0c5077c505d0.json.gz,1
fda.refusals.backfill,firm:3007828231,2010-09-02,2026-09-09T17:04:39Z,is_drug_or_biologic,1,bool,fda.refusals.backfill,raw/fda.refusals.backfill/2026/09/20260909T170439Z-0c5077c505d0.json.gz,1
fda.refusals.backfill,firm:3007828231,2010-09-02,2026-09-09T17:04:39Z,is_foreign,1,bool,fda.refusals.backfill,raw/fda.refusals.backfill/2026/09/20260909T170439Z-0c5077c505d0.json.gz,1
fda.refusals.backfill,firm:3007828231,2010-09-02,2026-09-09T17:04:39Z,is_human_drug,1,bool,fda.refusals.backfill,raw/fda.refusals.backfill/2026/09/20260909T170439Z-0c5077c505d0.json.gz,1
fda.refusals.backfill,firm:3007828231,2010-09-02,2026-09-09T17:04:39Z,label,Infarma,,fda.refusals.backfill,raw/fda.refusals.backfill/2026/09/20260909T170439Z-0c5077c505d0.json.gz,1
fda.refusals.backfill,firm:3007828231,2010-09-02,2026-09-09T17:04:39Z,refused_at,20100902,yyyymmdd,fda.refusals.backfill,raw/fda.refusals.backfill/2026/09/20260909T170439Z-0c5077c505d0.json.gz,1
fda.refusals.backfill,firm:3007908821,2010-09-22,2026-09-09T17:04:39Z,firm_key,PAN LEADING ENTERPRISES,,fda.refusals.backfill,raw/fda.refusals.backfill/2026/09/20260909T170439Z-0c5077c505d0.json.gz,1
fda.refusals.backfill,firm:3007908821,2010-09-22,2026-09-09T17:04:39Z,import_refusal,1,count,fda.refusals.backfill,raw/fda.refusals.backfill/2026/09/20260909T170439Z-0c5077c505d0.json.gz,1
fda.refusals.backfill,firm:3007908821,2010-09-22,2026-09-09T17:04:39Z,is_drug_or_biologic,1,bool,fda.refusals.backfill,raw/fda.refusals.backfill/2026/09/20260909T170439Z-0c5077c505d0.json.gz,1
fda.refusals.backfill,firm:3007908821,2010-09-22,2026-09-09T17:04:39Z,is_foreign,1,bool,fda.refusals.backfill,raw/fda.refusals.backfill/2026/09/20260909T170439Z-0c5077c505d0.json.gz,1
fda.refusals.backfill,firm:3007908821,2010-09-22,2026-09-09T17:04:39Z,is_human_drug,1,bool,fda.refusals.backfill,raw/fda.refusals.backfill/2026/09/20260909T170439Z-0c5077c505d0.json.gz,1
fda.refusals.backfill,firm:3007908821,2010-09-22,2026-09-09T17:04:39Z,label,Pan Leading Enterprises Co Ltd,,fda.refusals.backfill,raw/fda.refusals.backfill/2026/09/20260909T170439Z-0c5077c505d0.json.gz,1
fda.refusals.backfill,firm:3007908821,2010-09-22,2026-09-09T17:04:39Z,refused_at,20100922,yyyymmdd,fda.refusals.backfill,raw/fda.refusals.backfill/2026/09/20260909T170439Z-0c5077c505d0.json.gz,1
fda.refusals.backfill,firm:3008032868,2010-09-14,2026-09-09T17:04:39Z,firm_key,SHENZHEN KEMEIER T,,fda.refusals.backfill,raw/fda.refusals.backfill/2026/09/20260909T170439Z-0c5077c505d0.json.gz,1
fda.refusals.backfill,firm:3008032868,2010-09-14,2026-09-09T17:04:39Z,import_refusal,1,count,fda.refusals.backfill,raw/fda.refusals.backfill/2026/09/20260909T170439Z-0c5077c505d0.json.gz,1
fda.refusals.backfill,firm:3008032868,2010-09-14,2026-09-09T17:04:39Z,is_drug_or_biologic,1,bool,fda.refusals.backfill,raw/fda.refusals.backfill/2026/09/20260909T170439Z-0c5077c505d0.json.gz,1
fda.refusals.backfill,firm:3008032868,2010-09-14,2026-09-09T17:04:39Z,is_foreign,1,bool,fda.refusals.backfill,raw/fda.refusals.backfill/2026/09/20260909T170439Z-0c5077c505d0.json.gz,1
fda.refusals.backfill,firm:3008032868,2010-09-14,2026-09-09T17:04:39Z,is_human_drug,1,bool,fda.refusals.backfill,raw/fda.refusals.backfill/2026/09/20260909T170439Z-0c5077c505d0.json.gz,1
fda.refusals.backfill,firm:3008032868,2010-09-14,2026-09-09T17:04:39Z,label,Shenzhen Kemeier T,,fda.refusals.backfill,raw/fda.refusals.backfill/2026/09/20260909T170439Z-0c5077c505d0.json.gz,1
fda.refusals.backfill,firm:3008032868,2010-09-14,2026-09-09T17:04:39Z,refused_at,20100914,yyyymmdd,fda.refusals.backfill,raw/fda.refusals.backfill/2026/09/20260909T170439Z-0c5077c505d0.json.gz,1
fda.refusals.backfill,firm:3008256667,2010-09-14,2026-09-09T17:04:39Z,firm_key,TIANJIN TIANYAO,,fda.refusals.backfill,raw/fda.refusals.backfill/2026/09/20260909T170439Z-0c5077c505d0.json.gz,1
fda.refusals.backfill,firm:3008256667,2010-09-14,2026-09-09T17:04:39Z,import_refusal,1,count,fda.refusals.backfill,raw/fda.refusals.backfill/2026/09/20260909T170439Z-0c5077c505d0.json.gz,1
fda.refusals.backfill,firm:3008256667,2010-09-14,2026-09-09T17:04:39Z,is_drug_or_biologic,1,bool,fda.refusals.backfill,raw/fda.refusals.backfill/2026/09/20260909T170439Z-0c5077c505d0.json.gz,1
fda.refusals.backfill,firm:3008256667,2010-09-14,2026-09-09T17:04:39Z,is_foreign,1,bool,fda.refusals.backfill,raw/fda.refusals.backfill/2026/09/20260909T170439Z-0c5077c505d0.json.gz,1
fda.refusals.backfill,firm:3008256667,2010-09-14,2026-09-09T17:04:39Z,is_human_drug,1,bool,fda.refusals.backfill,raw/fda.refusals.backfill/2026/09/20260909T170439Z-0c5077c505d0.json.gz,1
fda.refusals.backfill,firm:3008256667,2010-09-14,2026-09-09T17:04:39Z,label,"Tianjin Tianyao Pharmaceuticals Co., Ltd.",,fda.refusals.backfill,raw/fda.refusals.backfill/2026/09/20260909T170439Z-0c5077c505d0.json.gz,1
fda.refusals.backfill,firm:3008256667,2010-09-14,2026-09-09T17:04:39Z,refused_at,20100914,yyyymmdd,fda.refusals.backfill,raw/fda.refusals.backfill/2026/09/20260909T170439Z-0c5077c505d0.json.gz,1
fda.refusals.backfill,firm:3008282047,2010-09-08,2026-09-09T17:04:39Z,firm_key,ETS SANON AMI,,fda.refusals.backfill,raw/fda.refusals.backfill/2026/09/20260909T170439Z-0c5077c505d0.json.gz,1
fda.refusals.backfill,firm:3008282047,2010-09-08,2026-09-09T17:04:39Z,import_refusal,1,count,fda.refusals.backfill,raw/fda.refusals.backfill/2026/09/20260909T170439Z-0c5077c505d0.json.gz,1
fda.refusals.backfill,firm:3008282047,2010-09-08,2026-09-09T17:04:39Z,is_drug_or_biologic,1,bool,fda.refusals.backfill,raw/fda.refusals.backfill/2026/09/20260909T170439Z-0c5077c505d0.json.gz,1
fda.refusals.backfill,firm:3008282047,2010-09-08,2026-09-09T17:04:39Z,is_foreign,1,bool,fda.refusals.backfill,raw/fda.refusals.backfill/2026/09/20260909T170439Z-0c5077c505d0.json.gz,1
fda.refusals.backfill,firm:3008282047,2010-09-08,2026-09-09T17:04:39Z,is_human_drug,1,bool,fda.refusals.backfill,raw/fda.refusals.backfill/2026/09/20260909T170439Z-0c5077c505d0.json.gz,1
fda.refusals.backfill,firm:3008282047,2010-09-08,2026-09-09T17:04:39Z,label,Ets Sanon Ami,,fda.refusals.backfill,raw/fda.refusals.backfill/2026/09/20260909T170439Z-0c5077c505d0.json.gz,1
fda.refusals.backfill,firm:3008282047,2010-09-08,2026-09-09T17:04:39Z,refused_at,20100908,yyyymmdd,fda.refusals.backfill,raw/fda.refusals.backfill/2026/09/20260909T170439Z-0c5077c505d0.json.gz,1
fda.refusals.backfill,firm:3008315994,2010-09-01,2026-09-09T17:04:39Z,firm_key,WORLD CHRISTIAN POSTERS,,fda.refusals.backfill,raw/fda.refusals.backfill/2026/09/20260909T170439Z-0c5077c505d0.json.gz,1
fda.refusals.backfill,firm:3008315994,2010-09-01,2026-09-09T17:04:39Z,import_refusal,1,count,fda.refusals.backfill,raw/fda.refusals.backfill/2026/09/20260909T170439Z-0c5077c505d0.json.gz,1
fda.refusals.backfill,firm:3008315994,2010-09-01,2026-09-09T17:04:39Z,is_drug_or_biologic,1,bool,fda.refusals.backfill,raw/fda.refusals.backfill/2026/09/20260909T170439Z-0c5077c505d0.json.gz,1
fda.refusals.backfill,firm:3008315994,2010-09-01,2026-09-09T17:04:39Z,is_foreign,1,bool,fda.refusals.backfill,raw/fda.refusals.backfill/2026/09/20260909T170439Z-0c5077c505d0.json.gz,1
fda.refusals.backfill,firm:3008315994,2010-09-01,2026-09-09T17:04:39Z,is_human_drug,1,bool,fda.refusals.backfill,raw/fda.refusals.backfill/2026/09/20260909T170439Z-0c5077c505d0.json.gz,1
fda.refusals.backfill,firm:3008315994,2010-09-01,2026-09-09T17:04:39Z,label,World Christian Posters,,fda.refusals.backfill,raw/fda.refusals.backfill/2026/09/20260909T170439Z-0c5077c505d0.json.gz,1
fda.refusals.backfill,firm:3008315994,2010-09-01,2026-09-09T17:04:39Z,refused_at,20100901,yyyymmdd,fda.refusals.backfill,raw/fda.refusals.backfill/2026/09/20260909T170439Z-0c5077c505d0.json.gz,1
fda.refusals.backfill,firm:3008322668,2010-09-01,2026-09-09T17:04:39Z,firm_key,ASIA PACIFIC INDUSTRIES,,fda.refusals.backfill,raw/fda.refusals.backfill/2026/09/20260909T170439Z-0c5077c505d0.json.gz,1
fda.refusals.backfill,firm:3008322668,2010-09-01,2026-09-09T17:04:39Z,import_refusal,1,count,fda.refusals.backfill,raw/fda.refusals.backfill/2026/09/20260909T170439Z-0c5077c505d0.json.gz,1
fda.refusals.backfill,firm:3008322668,2010-09-01,2026-09-09T17:04:39Z,is_drug_or_biologic,1,bool,fda.refusals.backfill,raw/fda.refusals.backfill/2026/09/20260909T170439Z-0c5077c505d0.json.gz,1
fda.refusals.backfill,firm:3008322668,2010-09-01,2026-09-09T17:04:39Z,is_foreign,1,bool,fda.refusals.backfill,raw/fda.refusals.backfill/2026/09/20260909T170439Z-0c5077c505d0.json.gz,1
fda.refusals.backfill,firm:3008322668,2010-09-01,2026-09-09T17:04:39Z,is_human_drug,1,bool,fda.refusals.backfill,raw/fda.refusals.backfill/2026/09/20260909T170439Z-0c5077c505d0.json.gz,1
fda.refusals.backfill,firm:3008322668,2010-09-01,2026-09-09T17:04:39Z,label,Asia Pacific Industries Corp,,fda.refusals.backfill,raw/fda.refusals.backfill/2026/09/20260909T170439Z-0c5077c505d0.json.gz,1
fda.refusals.backfill,firm:3008322668,2010-09-01,2026-09-09T17:04:39Z,refused_at,20100901,yyyymmdd,fda.refusals.backfill,raw/fda.refusals.backfill/2026/09/20260909T170439Z-0c5077c505d0.json.gz,1
fda.refusals.backfill,firm:3008334955,2010-09-22,2026-09-09T17:04:39Z,firm_key,PFIZER,,fda.refusals.backfill,raw/fda.refusals.backfill/2026/09/20260909T170439Z-0c5077c505d0.json.gz,1
fda.refusals.backfill,firm:3008334955,2010-09-22,2026-09-09T17:04:39Z,import_refusal,1,count,fda.refusals.backfill,raw/fda.refusals.backfill/2026/09/20260909T170439Z-0c5077c505d0.json.gz,1
fda.refusals.backfill,firm:3008334955,2010-09-22,2026-09-09T17:04:39Z,is_drug_or_biologic,1,bool,fda.refusals.backfill,raw/fda.refusals.backfill/2026/09/20260909T170439Z-0c5077c505d0.json.gz,1
fda.refusals.backfill,firm:3008334955,2010-09-22,2026-09-09T17:04:39Z,is_foreign,0,bool,fda.refusals.backfill,raw/fda.refusals.backfill/2026/09/20260909T170439Z-0c5077c505d0.json.gz,1
fda.refusals.backfill,firm:3008334955,2010-09-22,2026-09-09T17:04:39Z,is_human_drug,1,bool,fda.refusals.backfill,raw/fda.refusals.backfill/2026/09/20260909T170439Z-0c5077c505d0.json.gz,1
fda.refusals.backfill,firm:3008334955,2010-09-22,2026-09-09T17:04:39Z,label,Pfizer,,fda.refusals.backfill,raw/fda.refusals.backfill/2026/09/20260909T170439Z-0c5077c505d0.json.gz,1
fda.refusals.backfill,firm:3008334955,2010-09-22,2026-09-09T17:04:39Z,refused_at,20100922,yyyymmdd,fda.refusals.backfill,raw/fda.refusals.backfill/2026/09/20260909T170439Z-0c5077c505d0.json.gz,1
fda.refusals.backfill,firm:3008384335,2010-09-08,2026-09-09T17:04:39Z,firm_key,GFA PRODUCTION XIAMEN,,fda.refusals.backfill,raw/fda.refusals.backfill/2026/09/20260909T170439Z-0c5077c505d0.json.gz,1
fda.refusals.backfill,firm:3008384335,2010-09-08,2026-09-09T17:04:39Z,import_refusal,1,count,fda.refusals.backfill,raw/fda.refusals.backfill/2026/09/20260909T170439Z-0c5077c505d0.json.gz,1
fda.refusals.backfill,firm:3008384335,2010-09-08,2026-09-09T17:04:39Z,is_drug_or_biologic,1,bool,fda.refusals.backfill,raw/fda.refusals.backfill/2026/09/20260909T170439Z-0c5077c505d0.json.gz,1
fda.refusals.backfill,firm:3008384335,2010-09-08,2026-09-09T17:04:39Z,is_foreign,1,bool,fda.refusals.backfill,raw/fda.refusals.backfill/2026/09/20260909T170439Z-0c5077c505d0.json.gz,1
fda.refusals.backfill,firm:3008384335,2010-09-08,2026-09-09T17:04:39Z,is_human_drug,1,bool,fda.refusals.backfill,raw/fda.refusals.backfill/2026/09/20260909T170439Z-0c5077c505d0.json.gz,1
fda.refusals.backfill,firm:3008384335,2010-09-08,2026-09-09T17:04:39Z,label,"GFA Production Xiamen Co., Ltd.",,fda.refusals.backfill,raw/fda.refusals.backfill/2026/09/20260909T170439Z-0c5077c505d0.json.gz,1
fda.refusals.backfill,firm:3008384335,2010-09-08,2026-09-09T17:04:39Z,refused_at,20100908,yyyymmdd,fda.refusals.backfill,raw/fda.refusals.backfill/2026/09/20260909T170439Z-0c5077c505d0.json.gz,1
fda.refusals.backfill,firm:3008389499,2010-09-14,2026-09-09T17:04:39Z,firm_key,INTRADEVCO INDUSTRIAL S A,,fda.refusals.backfill,raw/fda.refusals.backfill/2026/09/20260909T170439Z-0c5077c505d0.json.gz,1
fda.refusals.backfill,firm:3008389499,2010-09-14,2026-09-09T17:04:39Z,import_refusal,1,count,fda.refusals.backfill,raw/fda.refusals.backfill/2026/09/20260909T170439Z-0c5077c505d0.json.gz,1
fda.refusals.backfill,firm:3008389499,2010-09-14,2026-09-09T17:04:39Z,is_drug_or_biologic,1,bool,fda.refusals.backfill,raw/fda.refusals.backfill/2026/09/20260909T170439Z-0c5077c505d0.json.gz,1
fda.refusals.backfill,firm:3008389499,2010-09-14,2026-09-09T17:04:39Z,is_foreign,1,bool,fda.refusals.backfill,raw/fda.refusals.backfill/2026/09/20260909T170439Z-0c5077c505d0.json.gz,1
fda.refusals.backfill,firm:3008389499,2010-09-14,2026-09-09T17:04:39Z,is_human_drug,1,bool,fda.refusals.backfill,raw/fda.refusals.backfill/2026/09/20260909T170439Z-0c5077c505d0.json.gz,1
fda.refusals.backfill,firm:3008389499,2010-09-14,2026-09-09T17:04:39Z,label,Intradevco  Industrial S.A,,fda.refusals.backfill,raw/fda.refusals.backfill/2026/09/20260909T170439Z-0c5077c505d0.json.gz,1
fda.refusals.backfill,firm:3008389499,2010-09-14,2026-09-09T17:04:39Z,refused_at,20100914,yyyymmdd,fda.refusals.backfill,raw/fda.refusals.backfill/2026/09/20260909T170439Z-0c5077c505d0.json.gz,1
fda.refusals.backfill,firm:3008389820,2010-09-13,2026-09-09T17:04:39Z,firm_key,YUE SAI KAN COSMETICS SHENZHEN,,fda.refusals.backfill,raw/fda.refusals.backfill/2026/09/20260909T170439Z-0c5077c505d0.json.gz,1
fda.refusals.backfill,firm:3008389820,2010-09-13,2026-09-09T17:04:39Z,import_refusal,1,count,fda.refusals.backfill,raw/fda.refusals.backfill/2026/09/20260909T170439Z-0c5077c505d0.json.gz,1
fda.refusals.backfill,firm:3008389820,2010-09-13,2026-09-09T17:04:39Z,is_drug_or_biologic,1,bool,fda.refusals.backfill,raw/fda.refusals.backfill/2026/09/20260909T170439Z-0c5077c505d0.json.gz,1
fda.refusals.backfill,firm:3008389820,2010-09-13,2026-09-09T17:04:39Z,is_foreign,1,bool,fda.refusals.backfill,raw/fda.refusals.backfill/2026/09/20260909T170439Z-0c5077c505d0.json.gz,1
fda.refusals.backfill,firm:3008389820,2010-09-13,2026-09-09T17:04:39Z,is_human_drug,1,bool,fda.refusals.backfill,raw/fda.refusals.backfill/2026/09/20260909T170439Z-0c5077c505d0.json.gz,1
fda.refusals.backfill,firm:3008389820,2010-09-13,2026-09-09T17:04:39Z,label,"Yue-Sai Kan Cosmetics (Shenzhen) Co., Ltd",,fda.refusals.backfill,raw/fda.refusals.backfill/2026/09/20260909T170439Z-0c5077c505d0.json.gz,1
fda.refusals.backfill,firm:3008389820,2010-09-13,2026-09-09T17:04:39Z,refused_at,20100913,yyyymmdd,fda.refusals.backfill,raw/fda.refusals.backfill/2026/09/20260909T170439Z-0c5077c505d0.json.gz,1
fda.refusals.backfill,firm:3008407183,2010-09-09,2026-09-09T17:04:39Z,firm_key,NANJING HUAJIAN CHEMICAL,,fda.refusals.backfill,raw/fda.refusals.backfill/2026/09/20260909T170439Z-0c5077c505d0.json.gz,1
fda.refusals.backfill,firm:3008407183,2010-09-09,2026-09-09T17:04:39Z,import_refusal,1,count,fda.refusals.backfill,raw/fda.refusals.backfill/2026/09/20260909T170439Z-0c5077c505d0.json.gz,1
fda.refusals.backfill,firm:3008407183,2010-09-09,2026-09-09T17:04:39Z,is_drug_or_biologic,1,bool,fda.refusals.backfill,raw/fda.refusals.backfill/2026/09/20260909T170439Z-0c5077c505d0.json.gz,1
fda.refusals.backfill,firm:3008407183,2010-09-09,2026-09-09T17:04:39Z,is_foreign,1,bool,fda.refusals.backfill,raw/fda.refusals.backfill/2026/09/20260909T170439Z-0c5077c505d0.json.gz,1
fda.refusals.backfill,firm:3008407183,2010-09-09,2026-09-09T17:04:39Z,is_human_drug,1,bool,fda.refusals.backfill,raw/fda.refusals.backfill/2026/09/20260909T170439Z-0c5077c505d0.json.gz,1
fda.refusals.backfill,firm:3008407183,2010-09-09,2026-09-09T17:04:39Z,label,Nanjing Huajian Chemical Co Ltd,,fda.refusals.backfill,raw/fda.refusals.backfill/2026/09/20260909T170439Z-0c5077c505d0.json.gz,1
fda.refusals.backfill,firm:3008407183,2010-09-09,2026-09-09T17:04:39Z,refused_at,20100909,yyyymmdd,fda.refusals.backfill,raw/fda.refusals.backfill/2026/09/20260909T170439Z-0c5077c505d0.json.gz,1
fda.refusals.backfill,firm:3008408703,2010-09-28,2026-09-09T17:04:39Z,firm_key,AL HARAMAIN TRAVEL AND TRADE,,fda.refusals.backfill,raw/fda.refusals.backfill/2026/09/20260909T170439Z-0c5077c505d0.json.gz,1
fda.refusals.backfill,firm:3008408703,2010-09-28,2026-09-09T17:04:39Z,import_refusal,1,count,fda.refusals.backfill,raw/fda.refusals.backfill/2026/09/20260909T170439Z-0c5077c505d0.json.gz,1
fda.refusals.backfill,firm:3008408703,2010-09-28,2026-09-09T17:04:39Z,is_drug_or_biologic,1,bool,fda.refusals.backfill,raw/fda.refusals.backfill/2026/09/20260909T170439Z-0c5077c505d0.json.gz,1
fda.refusals.backfill,firm:3008408703,2010-09-28,2026-09-09T17:04:39Z,is_foreign,1,bool,fda.refusals.backfill,raw/fda.refusals.backfill/2026/09/20260909T170439Z-0c5077c505d0.json.gz,1
fda.refusals.backfill,firm:3008408703,2010-09-28,2026-09-09T17:04:39Z,is_human_drug,1,bool,fda.refusals.backfill,raw/fda.refusals.backfill/2026/09/20260909T170439Z-0c5077c505d0.json.gz,1
fda.refusals.backfill,firm:3008408703,2010-09-28,2026-09-09T17:04:39Z,label,AL-HARAMAIN TRAVEL AND TRADE CO LTD,,fda.refusals.backfill,raw/fda.refusals.backfill/2026/09/20260909T170439Z-0c5077c505d0.json.gz,1
fda.refusals.backfill,firm:3008408703,2010-09-28,2026-09-09T17:04:39Z,refused_at,20100928,yyyymmdd,fda.refusals.backfill,raw/fda.refusals.backfill/2026/09/20260909T170439Z-0c5077c505d0.json.gz,1
fda.refusals.backfill,firm:3008431878,2010-09-22,2026-09-09T17:04:39Z,firm_key,SHERING PLOUGH,,fda.refusals.backfill,raw/fda.refusals.backfill/2026/09/20260909T170439Z-0c5077c505d0.json.gz,1
fda.refusals.backfill,firm:3008431878,2010-09-22,2026-09-09T17:04:39Z,import_refusal,1,count,fda.refusals.backfill,raw/fda.refusals.backfill/2026/09/20260909T170439Z-0c5077c505d0.json.gz,1
fda.refusals.backfill,firm:3008431878,2010-09-22,2026-09-09T17:04:39Z,is_drug_or_biologic,1,bool,fda.refusals.backfill,raw/fda.refusals.backfill/2026/09/20260909T170439Z-0c5077c505d0.json.gz,1
fda.refusals.backfill,firm:3008431878,2010-09-22,2026-09-09T17:04:39Z,is_foreign,0,bool,fda.refusals.backfill,raw/fda.refusals.backfill/2026/09/20260909T170439Z-0c5077c505d0.json.gz,1
fda.refusals.backfill,firm:3008431878,2010-09-22,2026-09-09T17:04:39Z,is_human_drug,0,bool,fda.refusals.backfill,raw/fda.refusals.backfill/2026/09/20260909T170439Z-0c5077c505d0.json.gz,1
fda.refusals.backfill,firm:3008431878,2010-09-22,2026-09-09T17:04:39Z,is_human_drug,1,bool,fda.refusals.backfill,raw/fda.refusals.backfill/2026/09/20260909T170439Z-0c5077c505d0.json.gz,1
fda.refusals.backfill,firm:3008431878,2010-09-22,2026-09-09T17:04:39Z,label,Shering Plough,,fda.refusals.backfill,raw/fda.refusals.backfill/2026/09/20260909T170439Z-0c5077c505d0.json.gz,1
fda.refusals.backfill,firm:3008431878,2010-09-22,2026-09-09T17:04:39Z,refused_at,20100922,yyyymmdd,fda.refusals.backfill,raw/fda.refusals.backfill/2026/09/20260909T170439Z-0c5077c505d0.json.gz,1
fda.refusals.backfill,firm:3008431931,2010-09-28,2026-09-09T17:04:39Z,firm_key,UNIFIED COMMUNICAT,,fda.refusals.backfill,raw/fda.refusals.backfill/2026/09/20260909T170439Z-0c5077c505d0.json.gz,1
fda.refusals.backfill,firm:3008431931,2010-09-28,2026-09-09T17:04:39Z,import_refusal,1,count,fda.refusals.backfill,raw/fda.refusals.backfill/2026/09/20260909T170439Z-0c5077c505d0.json.gz,1
fda.refusals.backfill,firm:3008431931,2010-09-28,2026-09-09T17:04:39Z,is_drug_or_biologic,1,bool,fda.refusals.backfill,raw/fda.refusals.backfill/2026/09/20260909T170439Z-0c5077c505d0.json.gz,1
fda.refusals.backfill,firm:3008431931,2010-09-28,2026-09-09T17:04:39Z,is_foreign,1,bool,fda.refusals.backfill,raw/fda.refusals.backfill/2026/09/20260909T170439Z-0c5077c505d0.json.gz,1
fda.refusals.backfill,firm:3008431931,2010-09-28,2026-09-09T17:04:39Z,is_human_drug,1,bool,fda.refusals.backfill,raw/fda.refusals.backfill/2026/09/20260909T170439Z-0c5077c505d0.json.gz,1
fda.refusals.backfill,firm:3008431931,2010-09-28,2026-09-09T17:04:39Z,label,Unified Communicat,,fda.refusals.backfill,raw/fda.refusals.backfill/2026/09/20260909T170439Z-0c5077c505d0.json.gz,1
fda.refusals.backfill,firm:3008431931,2010-09-28,2026-09-09T17:04:39Z,refused_at,20100928,yyyymmdd,fda.refusals.backfill,raw/fda.refusals.backfill/2026/09/20260909T170439Z-0c5077c505d0.json.gz,1
fda.refusals.backfill,firm:3008439810,2010-09-02,2026-09-09T17:04:39Z,firm_key,ASTA DOO,,fda.refusals.backfill,raw/fda.refusals.backfill/2026/09/20260909T170439Z-0c5077c505d0.json.gz,1
fda.refusals.backfill,firm:3008439810,2010-09-02,2026-09-09T17:04:39Z,import_refusal,1,count,fda.refusals.backfill,raw/fda.refusals.backfill/2026/09/20260909T170439Z-0c5077c505d0.json.gz,1
fda.refusals.backfill,firm:3008439810,2010-09-02,2026-09-09T17:04:39Z,is_drug_or_biologic,1,bool,fda.refusals.backfill,raw/fda.refusals.backfill/2026/09/20260909T170439Z-0c5077c505d0.json.gz,1
fda.refusals.backfill,firm:3008439810,2010-09-02,2026-09-09T17:04:39Z,is_foreign,1,bool,fda.refusals.backfill,raw/fda.refusals.backfill/2026/09/20260909T170439Z-0c5077c505d0.json.gz,1
fda.refusals.backfill,firm:3008439810,2010-09-02,2026-09-09T17:04:39Z,is_human_drug,1,bool,fda.refusals.backfill,raw/fda.refusals.backfill/2026/09/20260909T170439Z-0c5077c505d0.json.gz,1
fda.refusals.backfill,firm:3008439810,2010-09-02,2026-09-09T17:04:39Z,label,Asta Doo,,fda.refusals.backfill,raw/fda.refusals.backfill/2026/09/20260909T170439Z-0c5077c505d0.json.gz,1
fda.refusals.backfill,firm:3008439810,2010-09-02,2026-09-09T17:04:39Z,refused_at,20100902,yyyymmdd,fda.refusals.backfill,raw/fda.refusals.backfill/2026/09/20260909T170439Z-0c5077c505d0.json.gz,1
fda.refusals.backfill,firm:3008440036,2010-09-30,2026-09-09T17:04:39Z,firm_key,JENNIFIER DIAS,,fda.refusals.backfill,raw/fda.refusals.backfill/2026/09/20260909T170439Z-0c5077c505d0.json.gz,1
fda.refusals.backfill,firm:3008440036,2010-09-30,2026-09-09T17:04:39Z,import_refusal,1,count,fda.refusals.backfill,raw/fda.refusals.backfill/2026/09/20260909T170439Z-0c5077c505d0.json.gz,1
fda.refusals.backfill,firm:3008440036,2010-09-30,2026-09-09T17:04:39Z,is_drug_or_biologic,1,bool,fda.refusals.backfill,raw/fda.refusals.backfill/2026/09/20260909T170439Z-0c5077c505d0.json.gz,1
fda.refusals.backfill,firm:3008440036,2010-09-30,2026-09-09T17:04:39Z,is_foreign,1,bool,fda.refusals.backfill,raw/fda.refusals.backfill/2026/09/20260909T170439Z-0c5077c505d0.json.gz,1
fda.refusals.backfill,firm:3008440036,2010-09-30,2026-09-09T17:04:39Z,is_human_drug,1,bool,fda.refusals.backfill,raw/fda.refusals.backfill/2026/09/20260909T170439Z-0c5077c505d0.json.gz,1
fda.refusals.backfill,firm:3008440036,2010-09-30,2026-09-09T17:04:39Z,label,Jennifier Dias,,fda.refusals.backfill,raw/fda.refusals.backfill/2026/09/20260909T170439Z-0c5077c505d0.json.gz,1
fda.refusals.backfill,firm:3008440036,2010-09-30,2026-09-09T17:04:39Z,refused_at,20100930,yyyymmdd,fda.refusals.backfill,raw/fda.refusals.backfill/2026/09/20260909T170439Z-0c5077c505d0.json.gz,1
fda.refusals.backfill,firm:3008445055,2010-09-30,2026-09-09T17:04:39Z,firm_key,MAHATMA SRI RAMCHANDRA,,fda.refusals.backfill,raw/fda.refusals.backfill/2026/09/20260909T170439Z-0c5077c505d0.json.gz,1
fda.refusals.backfill,firm:3008445055,2010-09-30,2026-09-09T17:04:39Z,import_refusal,1,count,fda.refusals.backfill,raw/fda.refusals.backfill/2026/09/20260909T170439Z-0c5077c505d0.json.gz,1
fda.refusals.backfill,firm:3008445055,2010-09-30,2026-09-09T17:04:39Z,is_drug_or_biologic,1,bool,fda.refusals.backfill,raw/fda.refusals.backfill/2026/09/20260909T170439Z-0c5077c505d0.json.gz,1
fda.refusals.backfill,firm:3008445055,2010-09-30,2026-09-09T17:04:39Z,is_foreign,1,bool,fda.refusals.backfill,raw/fda.refusals.backfill/2026/09/20260909T170439Z-0c5077c505d0.json.gz,1
fda.refusals.backfill,firm:3008445055,2010-09-30,2026-09-09T17:04:39Z,is_human_drug,1,bool,fda.refusals.backfill,raw/fda.refusals.backfill/2026/09/20260909T170439Z-0c5077c505d0.json.gz,1
fda.refusals.backfill,firm:3008445055,2010-09-30,2026-09-09T17:04:39Z,label,Mahatma Sri Ramchandra,,fda.refusals.backfill,raw/fda.refusals.backfill/2026/09/20260909T170439Z-0c5077c505d0.json.gz,1
fda.refusals.backfill,firm:3008445055,2010-09-30,2026-09-09T17:04:39Z,refused_at,20100930,yyyymmdd,fda.refusals.backfill,raw/fda.refusals.backfill/2026/09/20260909T170439Z-0c5077c505d0.json.gz,1
fda.refusals.backfill,firm:3008447693,2010-09-30,2026-09-09T17:04:39Z,firm_key,POSTNET CAPE TOWN CENTRAL,,fda.refusals.backfill,raw/fda.refusals.backfill/2026/09/20260909T170439Z-0c5077c505d0.json.gz,1
fda.refusals.backfill,firm:3008447693,2010-09-30,2026-09-09T17:04:39Z,import_refusal,1,count,fda.refusals.backfill,raw/fda.refusals.backfill/2026/09/20260909T170439Z-0c5077c505d0.json.gz,1
fda.refusals.backfill,firm:3008447693,2010-09-30,2026-09-09T17:04:39Z,is_drug_or_biologic,1,bool,fda.refusals.backfill,raw/fda.refusals.backfill/2026/09/20260909T170439Z-0c5077c505d0.json.gz,1
fda.refusals.backfill,firm:3008447693,2010-09-30,2026-09-09T17:04:39Z,is_foreign,1,bool,fda.refusals.backfill,raw/fda.refusals.backfill/2026/09/20260909T170439Z-0c5077c505d0.json.gz,1
fda.refusals.backfill,firm:3008447693,2010-09-30,2026-09-09T17:04:39Z,is_human_drug,1,bool,fda.refusals.backfill,raw/fda.refusals.backfill/2026/09/20260909T170439Z-0c5077c505d0.json.gz,1
fda.refusals.backfill,firm:3008447693,2010-09-30,2026-09-09T17:04:39Z,label,Postnet Cape Town Central,,fda.refusals.backfill,raw/fda.refusals.backfill/2026/09/20260909T170439Z-0c5077c505d0.json.gz,1
fda.refusals.backfill,firm:3008447693,2010-09-30,2026-09-09T17:04:39Z,refused_at,20100930,yyyymmdd,fda.refusals.backfill,raw/fda.refusals.backfill/2026/09/20260909T170439Z-0c5077c505d0.json.gz,1
fda.refusals.backfill,firm:3008448830,2010-09-02,2026-09-09T17:04:39Z,firm_key,N A F D A C,,fda.refusals.backfill,raw/fda.refusals.backfill/2026/09/20260909T170439Z-0c5077c505d0.json.gz,1
fda.refusals.backfill,firm:3008448830,2010-09-02,2026-09-09T17:04:39Z,import_refusal,1,count,fda.refusals.backfill,raw/fda.refusals.backfill/2026/09/20260909T170439Z-0c5077c505d0.json.gz,1
fda.refusals.backfill,firm:3008448830,2010-09-02,2026-09-09T17:04:39Z,is_drug_or_biologic,1,bool,fda.refusals.backfill,raw/fda.refusals.backfill/2026/09/20260909T170439Z-0c5077c505d0.json.gz,1
fda.refusals.backfill,firm:3008448830,2010-09-02,2026-09-09T17:04:39Z,is_foreign,1,bool,fda.refusals.backfill,raw/fda.refusals.backfill/2026/09/20260909T170439Z-0c5077c505d0.json.gz,1
fda.refusals.backfill,firm:3008448830,2010-09-02,2026-09-09T17:04:39Z,is_human_drug,1,bool,fda.refusals.backfill,raw/fda.refusals.backfill/2026/09/20260909T170439Z-0c5077c505d0.json.gz,1
fda.refusals.backfill,firm:3008448830,2010-09-02,2026-09-09T17:04:39Z,label,N A F D A C,,fda.refusals.backfill,raw/fda.refusals.backfill/2026/09/20260909T170439Z-0c5077c505d0.json.gz,1
fda.refusals.backfill,firm:3008448830,2010-09-02,2026-09-09T17:04:39Z,refused_at,20100902,yyyymmdd,fda.refusals.backfill,raw/fda.refusals.backfill/2026/09/20260909T170439Z-0c5077c505d0.json.gz,1
fda.refusals.backfill,firm:3008453076,2010-09-30,2026-09-09T17:04:39Z,firm_key,SUPER SPINNING MILLS,,fda.refusals.backfill,raw/fda.refusals.backfill/2026/09/20260909T170439Z-0c5077c505d0.json.gz,1
fda.refusals.backfill,firm:3008453076,2010-09-30,2026-09-09T17:04:39Z,import_refusal,1,count,fda.refusals.backfill,raw/fda.refusals.backfill/2026/09/20260909T170439Z-0c5077c505d0.json.gz,1
fda.refusals.backfill,firm:3008453076,2010-09-30,2026-09-09T17:04:39Z,is_drug_or_biologic,1,bool,fda.refusals.backfill,raw/fda.refusals.backfill/2026/09/20260909T170439Z-0c5077c505d0.json.gz,1
fda.refusals.backfill,firm:3008453076,2010-09-30,2026-09-09T17:04:39Z,is_foreign,1,bool,fda.refusals.backfill,raw/fda.refusals.backfill/2026/09/20260909T170439Z-0c5077c505d0.json.gz,1
fda.refusals.backfill,firm:3008453076,2010-09-30,2026-09-09T17:04:39Z,is_human_drug,1,bool,fda.refusals.backfill,raw/fda.refusals.backfill/2026/09/20260909T170439Z-0c5077c505d0.json.gz,1
fda.refusals.backfill,firm:3008453076,2010-09-30,2026-09-09T17:04:39Z,label,Super Spinning Mills Limited,,fda.refusals.backfill,raw/fda.refusals.backfill/2026/09/20260909T170439Z-0c5077c505d0.json.gz,1
fda.refusals.backfill,firm:3008453076,2010-09-30,2026-09-09T17:04:39Z,refused_at,20100930,yyyymmdd,fda.refusals.backfill,raw/fda.refusals.backfill/2026/09/20260909T170439Z-0c5077c505d0.json.gz,1
fda.refusals.backfill,firm:3008456834,2010-09-30,2026-09-09T17:04:39Z,firm_key,IMMANUEL DINAGAR,,fda.refusals.backfill,raw/fda.refusals.backfill/2026/09/20260909T170439Z-0c5077c505d0.json.gz,1
fda.refusals.backfill,firm:3008456834,2010-09-30,2026-09-09T17:04:39Z,import_refusal,1,count,fda.refusals.backfill,raw/fda.refusals.backfill/2026/09/20260909T170439Z-0c5077c505d0.json.gz,1
fda.refusals.backfill,firm:3008456834,2010-09-30,2026-09-09T17:04:39Z,is_drug_or_biologic,1,bool,fda.refusals.backfill,raw/fda.refusals.backfill/2026/09/20260909T170439Z-0c5077c505d0.json.gz,1
fda.refusals.backfill,firm:3008456834,2010-09-30,2026-09-09T17:04:39Z,is_foreign,1,bool,fda.refusals.backfill,raw/fda.refusals.backfill/2026/09/20260909T170439Z-0c5077c505d0.json.gz,1
fda.refusals.backfill,firm:3008456834,2010-09-30,2026-09-09T17:04:39Z,is_human_drug,1,bool,fda.refusals.backfill,raw/fda.refusals.backfill/2026/09/20260909T170439Z-0c5077c505d0.json.gz,1
fda.refusals.backfill,firm:3008456834,2010-09-30,2026-09-09T17:04:39Z,label,Immanuel Dinagar,,fda.refusals.backfill,raw/fda.refusals.backfill/2026/09/20260909T170439Z-0c5077c505d0.json.gz,1
fda.refusals.backfill,firm:3008456834,2010-09-30,2026-09-09T17:04:39Z,refused_at,20100930,yyyymmdd,fda.refusals.backfill,raw/fda.refusals.backfill/2026/09/20260909T170439Z-0c5077c505d0.json.gz,1
fda.refusals.backfill,firm:3008468668,2010-09-30,2026-09-09T17:04:39Z,firm_key,GULF EXPRESS KGTS,,fda.refusals.backfill,raw/fda.refusals.backfill/2026/09/20260909T170439Z-0c5077c505d0.json.gz,1
fda.refusals.backfill,firm:3008468668,2010-09-30,2026-09-09T17:04:39Z,import_refusal,1,count,fda.refusals.backfill,raw/fda.refusals.backfill/2026/09/20260909T170439Z-0c5077c505d0.json.gz,1
fda.refusals.backfill,firm:3008468668,2010-09-30,2026-09-09T17:04:39Z,is_drug_or_biologic,1,bool,fda.refusals.backfill,raw/fda.refusals.backfill/2026/09/20260909T170439Z-0c5077c505d0.json.gz,1
fda.refusals.backfill,firm:3008468668,2010-09-30,2026-09-09T17:04:39Z,is_foreign,1,bool,fda.refusals.backfill,raw/fda.refusals.backfill/2026/09/20260909T170439Z-0c5077c505d0.json.gz,1
fda.refusals.backfill,firm:3008468668,2010-09-30,2026-09-09T17:04:39Z,is_human_drug,0,bool,fda.refusals.backfill,raw/fda.refusals.backfill/2026/09/20260909T170439Z-0c5077c505d0.json.gz,1
fda.refusals.backfill,firm:3008468668,2010-09-30,2026-09-09T17:04:39Z,label,Gulf Express Kgts,,fda.refusals.backfill,raw/fda.refusals.backfill/2026/09/20260909T170439Z-0c5077c505d0.json.gz,1
fda.refusals.backfill,firm:3008468668,2010-09-30,2026-09-09T17:04:39Z,refused_at,20100930,yyyymmdd,fda.refusals.backfill,raw/fda.refusals.backfill/2026/09/20260909T170439Z-0c5077c505d0.json.gz,1
fda.refusals.backfill,firm:3008471614,2010-09-15,2026-09-09T17:04:39Z,firm_key,SIMPLICON,,fda.refusals.backfill,raw/fda.refusals.backfill/2026/09/20260909T170439Z-0c5077c505d0.json.gz,1
fda.refusals.backfill,firm:3008471614,2010-09-15,2026-09-09T17:04:39Z,import_refusal,1,count,fda.refusals.backfill,raw/fda.refusals.backfill/2026/09/20260909T170439Z-0c5077c505d0.json.gz,1
fda.refusals.backfill,firm:3008471614,2010-09-15,2026-09-09T17:04:39Z,is_drug_or_biologic,1,bool,fda.refusals.backfill,raw/fda.refusals.backfill/2026/09/20260909T170439Z-0c5077c505d0.json.gz,1
fda.refusals.backfill,firm:3008471614,2010-09-15,2026-09-09T17:04:39Z,is_foreign,1,bool,fda.refusals.backfill,raw/fda.refusals.backfill/2026/09/20260909T170439Z-0c5077c505d0.json.gz,1
fda.refusals.backfill,firm:3008471614,2010-09-15,2026-09-09T17:04:39Z,is_human_drug,1,bool,fda.refusals.backfill,raw/fda.refusals.backfill/2026/09/20260909T170439Z-0c5077c505d0.json.gz,1
fda.refusals.backfill,firm:3008471614,2010-09-15,2026-09-09T17:04:39Z,label,Simplicon,,fda.refusals.backfill,raw/fda.refusals.backfill/2026/09/20260909T170439Z-0c5077c505d0.json.gz,1
fda.refusals.backfill,firm:3008471614,2010-09-15,2026-09-09T17:04:39Z,refused_at,20100915,yyyymmdd,fda.refusals.backfill,raw/fda.refusals.backfill/2026/09/20260909T170439Z-0c5077c505d0.json.gz,1
fda.refusals.backfill,firm:3008480942,2010-09-30,2026-09-09T17:04:39Z,firm_key,ELISABETTA TURA,,fda.refusals.backfill,raw/fda.refusals.backfill/2026/09/20260909T170439Z-0c5077c505d0.json.gz,1
fda.refusals.backfill,firm:3008480942,2010-09-30,2026-09-09T17:04:39Z,import_refusal,1,count,fda.refusals.backfill,raw/fda.refusals.backfill/2026/09/20260909T170439Z-0c5077c505d0.json.gz,1
fda.refusals.backfill,firm:3008480942,2010-09-30,2026-09-09T17:04:39Z,is_drug_or_biologic,1,bool,fda.refusals.backfill,raw/fda.refusals.backfill/2026/09/20260909T170439Z-0c5077c505d0.json.gz,1
fda.refusals.backfill,firm:3008480942,2010-09-30,2026-09-09T17:04:39Z,is_foreign,1,bool,fda.refusals.backfill,raw/fda.refusals.backfill/2026/09/20260909T170439Z-0c5077c505d0.json.gz,1
fda.refusals.backfill,firm:3008480942,2010-09-30,2026-09-09T17:04:39Z,is_human_drug,1,bool,fda.refusals.backfill,raw/fda.refusals.backfill/2026/09/20260909T170439Z-0c5077c505d0.json.gz,1
fda.refusals.backfill,firm:3008480942,2010-09-30,2026-09-09T17:04:39Z,label,Elisabetta Tura,,fda.refusals.backfill,raw/fda.refusals.backfill/2026/09/20260909T170439Z-0c5077c505d0.json.gz,1
fda.refusals.backfill,firm:3008480942,2010-09-30,2026-09-09T17:04:39Z,refused_at,20100930,yyyymmdd,fda.refusals.backfill,raw/fda.refusals.backfill/2026/09/20260909T170439Z-0c5077c505d0.json.gz,1
fda.refusals.backfill,firm:3008491351,2010-09-08,2026-09-09T17:04:39Z,firm_key,ESAPHARMA SPA,,fda.refusals.backfill,raw/fda.refusals.backfill/2026/09/20260909T170439Z-0c5077c505d0.json.gz,1
fda.refusals.backfill,firm:3008491351,2010-09-08,2026-09-09T17:04:39Z,import_refusal,1,count,fda.refusals.backfill,raw/fda.refusals.backfill/2026/09/20260909T170439Z-0c5077c505d0.json.gz,1
fda.refusals.backfill,firm:3008491351,2010-09-08,2026-09-09T17:04:39Z,is_drug_or_biologic,1,bool,fda.refusals.backfill,raw/fda.refusals.backfill/2026/09/20260909T170439Z-0c5077c505d0.json.gz,1
fda.refusals.backfill,firm:3008491351,2010-09-08,2026-09-09T17:04:39Z,is_foreign,1,bool,fda.refusals.backfill,raw/fda.refusals.backfill/2026/09/20260909T170439Z-0c5077c505d0.json.gz,1
fda.refusals.backfill,firm:3008491351,2010-09-08,2026-09-09T17:04:39Z,is_human_drug,1,bool,fda.refusals.backfill,raw/fda.refusals.backfill/2026/09/20260909T170439Z-0c5077c505d0.json.gz,1
fda.refusals.backfill,firm:3008491351,2010-09-08,2026-09-09T17:04:39Z,label,Esapharma SpA,,fda.refusals.backfill,raw/fda.refusals.backfill/2026/09/20260909T170439Z-0c5077c505d0.json.gz,1
fda.refusals.backfill,firm:3008491351,2010-09-08,2026-09-09T17:04:39Z,refused_at,20100908,yyyymmdd,fda.refusals.backfill,raw/fda.refusals.backfill/2026/09/20260909T170439Z-0c5077c505d0.json.gz,1
fda.refusals.backfill,firm:3008518965,2010-09-27,2026-09-09T17:04:39Z,firm_key,ARTHROPHARM PTY,,fda.refusals.backfill,raw/fda.refusals.backfill/2026/09/20260909T170439Z-0c5077c505d0.json.gz,1
fda.refusals.backfill,firm:3008518965,2010-09-27,2026-09-09T17:04:39Z,import_refusal,1,count,fda.refusals.backfill,raw/fda.refusals.backfill/2026/09/20260909T170439Z-0c5077c505d0.json.gz,1
fda.refusals.backfill,firm:3008518965,2010-09-27,2026-09-09T17:04:39Z,is_drug_or_biologic,1,bool,fda.refusals.backfill,raw/fda.refusals.backfill/2026/09/20260909T170439Z-0c5077c505d0.json.gz,1
fda.refusals.backfill,firm:3008518965,2010-09-27,2026-09-09T17:04:39Z,is_foreign,1,bool,fda.refusals.backfill,raw/fda.refusals.backfill/2026/09/20260909T170439Z-0c5077c505d0.json.gz,1
fda.refusals.backfill,firm:3008518965,2010-09-27,2026-09-09T17:04:39Z,is_human_drug,1,bool,fda.refusals.backfill,raw/fda.refusals.backfill/2026/09/20260909T170439Z-0c5077c505d0.json.gz,1
fda.refusals.backfill,firm:3008518965,2010-09-27,2026-09-09T17:04:39Z,label,Arthropharm Pty,,fda.refusals.backfill,raw/fda.refusals.backfill/2026/09/20260909T170439Z-0c5077c505d0.json.gz,1
fda.refusals.backfill,firm:3008518965,2010-09-27,2026-09-09T17:04:39Z,refused_at,20100927,yyyymmdd,fda.refusals.backfill,raw/fda.refusals.backfill/2026/09/20260909T170439Z-0c5077c505d0.json.gz,1
fda.refusals.backfill,firm:3008524518,2010-09-28,2026-09-09T17:04:39Z,firm_key,XIU YOU BEUTY,,fda.refusals.backfill,raw/fda.refusals.backfill/2026/09/20260909T170439Z-0c5077c505d0.json.gz,1
fda.refusals.backfill,firm:3008524518,2010-09-28,2026-09-09T17:04:39Z,import_refusal,1,count,fda.refusals.backfill,raw/fda.refusals.backfill/2026/09/20260909T170439Z-0c5077c505d0.json.gz,1
fda.refusals.backfill,firm:3008524518,2010-09-28,2026-09-09T17:04:39Z,is_drug_or_biologic,1,bool,fda.refusals.backfill,raw/fda.refusals.backfill/2026/09/20260909T170439Z-0c5077c505d0.json.gz,1
fda.refusals.backfill,firm:3008524518,2010-09-28,2026-09-09T17:04:39Z,is_foreign,1,bool,fda.refusals.backfill,raw/fda.refusals.backfill/2026/09/20260909T170439Z-0c5077c505d0.json.gz,1
fda.refusals.backfill,firm:3008524518,2010-09-28,2026-09-09T17:04:39Z,is_human_drug,1,bool,fda.refusals.backfill,raw/fda.refusals.backfill/2026/09/20260909T170439Z-0c5077c505d0.json.gz,1
fda.refusals.backfill,firm:3008524518,2010-09-28,2026-09-09T17:04:39Z,label,Xiu You Beuty Co Ltd,,fda.refusals.backfill,raw/fda.refusals.backfill/2026/09/20260909T170439Z-0c5077c505d0.json.gz,1
fda.refusals.backfill,firm:3008524518,2010-09-28,2026-09-09T17:04:39Z,refused_at,20100928,yyyymmdd,fda.refusals.backfill,raw/fda.refusals.backfill/2026/09/20260909T170439Z-0c5077c505d0.json.gz,1
fda.refusals.backfill,firm:3009383893,2010-09-23,2026-09-09T17:04:39Z,firm_key,MEDIVET PTY,,fda.refusals.backfill,raw/fda.refusals.backfill/2026/09/20260909T170439Z-0c5077c505d0.json.gz,1
fda.refusals.backfill,firm:3009383893,2010-09-23,2026-09-09T17:04:39Z,import_refusal,1,count,fda.refusals.backfill,raw/fda.refusals.backfill/2026/09/20260909T170439Z-0c5077c505d0.json.gz,1
fda.refusals.backfill,firm:3009383893,2010-09-23,2026-09-09T17:04:39Z,is_drug_or_biologic,1,bool,fda.refusals.backfill,raw/fda.refusals.backfill/2026/09/20260909T170439Z-0c5077c505d0.json.gz,1
fda.refusals.backfill,firm:3009383893,2010-09-23,2026-09-09T17:04:39Z,is_foreign,1,bool,fda.refusals.backfill,raw/fda.refusals.backfill/2026/09/20260909T170439Z-0c5077c505d0.json.gz,1
fda.refusals.backfill,firm:3009383893,2010-09-23,2026-09-09T17:04:39Z,is_human_drug,1,bool,fda.refusals.backfill,raw/fda.refusals.backfill/2026/09/20260909T170439Z-0c5077c505d0.json.gz,1
fda.refusals.backfill,firm:3009383893,2010-09-23,2026-09-09T17:04:39Z,label,Medivet Pty Ltd,,fda.refusals.backfill,raw/fda.refusals.backfill/2026/09/20260909T170439Z-0c5077c505d0.json.gz,1
fda.refusals.backfill,firm:3009383893,2010-09-23,2026-09-09T17:04:39Z,refused_at,20100923,yyyymmdd,fda.refusals.backfill,raw/fda.refusals.backfill/2026/09/20260909T170439Z-0c5077c505d0.json.gz,1
fda.refusals.backfill,firm:3009446114,2010-09-09,2026-09-09T17:04:39Z,firm_key,KC CONFECTIONERY,,fda.refusals.backfill,raw/fda.refusals.backfill/2026/09/20260909T170439Z-0c5077c505d0.json.gz,1
fda.refusals.backfill,firm:3009446114,2010-09-09,2026-09-09T17:04:39Z,import_refusal,1,count,fda.refusals.backfill,raw/fda.refusals.backfill/2026/09/20260909T170439Z-0c5077c505d0.json.gz,1
fda.refusals.backfill,firm:3009446114,2010-09-09,2026-09-09T17:04:39Z,is_drug_or_biologic,1,bool,fda.refusals.backfill,raw/fda.refusals.backfill/2026/09/20260909T170439Z-0c5077c505d0.json.gz,1
fda.refusals.backfill,firm:3009446114,2010-09-09,2026-09-09T17:04:39Z,is_foreign,1,bool,fda.refusals.backfill,raw/fda.refusals.backfill/2026/09/20260909T170439Z-0c5077c505d0.json.gz,1
fda.refusals.backfill,firm:3009446114,2010-09-09,2026-09-09T17:04:39Z,is_human_drug,1,bool,fda.refusals.backfill,raw/fda.refusals.backfill/2026/09/20260909T170439Z-0c5077c505d0.json.gz,1
fda.refusals.backfill,firm:3009446114,2010-09-09,2026-09-09T17:04:39Z,label,KC Confectionery Ltd.,,fda.refusals.backfill,raw/fda.refusals.backfill/2026/09/20260909T170439Z-0c5077c505d0.json.gz,1
fda.refusals.backfill,firm:3009446114,2010-09-09,2026-09-09T17:04:39Z,refused_at,20100909,yyyymmdd,fda.refusals.backfill,raw/fda.refusals.backfill/2026/09/20260909T170439Z-0c5077c505d0.json.gz,1
fda.refusals.backfill,firm:3009853808,2010-09-08,2026-09-09T17:04:39Z,firm_key,BELTAPHARM SPA,,fda.refusals.backfill,raw/fda.refusals.backfill/2026/09/20260909T170439Z-0c5077c505d0.json.gz,1
fda.refusals.backfill,firm:3009853808,2010-09-08,2026-09-09T17:04:39Z,import_refusal,1,count,fda.refusals.backfill,raw/fda.refusals.backfill/2026/09/20260909T170439Z-0c5077c505d0.json.gz,1
fda.refusals.backfill,firm:3009853808,2010-09-08,2026-09-09T17:04:39Z,is_drug_or_biologic,1,bool,fda.refusals.backfill,raw/fda.refusals.backfill/2026/09/20260909T170439Z-0c5077c505d0.json.gz,1
fda.refusals.backfill,firm:3009853808,2010-09-08,2026-09-09T17:04:39Z,is_foreign,1,bool,fda.refusals.backfill,raw/fda.refusals.backfill/2026/09/20260909T170439Z-0c5077c505d0.json.gz,1
fda.refusals.backfill,firm:3009853808,2010-09-08,2026-09-09T17:04:39Z,is_human_drug,1,bool,fda.refusals.backfill,raw/fda.refusals.backfill/2026/09/20260909T170439Z-0c5077c505d0.json.gz,1
fda.refusals.backfill,firm:3009853808,2010-09-08,2026-09-09T17:04:39Z,label,Beltapharm SPA,,fda.refusals.backfill,raw/fda.refusals.backfill/2026/09/20260909T170439Z-0c5077c505d0.json.gz,1
fda.refusals.backfill,firm:3009853808,2010-09-08,2026-09-09T17:04:39Z,refused_at,20100908,yyyymmdd,fda.refusals.backfill,raw/fda.refusals.backfill/2026/09/20260909T170439Z-0c5077c505d0.json.gz,1
fda.refusals.backfill,firm:3010098874,2010-09-30,2026-09-09T17:04:39Z,firm_key,ALOPECIL S R L,,fda.refusals.backfill,raw/fda.refusals.backfill/2026/09/20260909T170439Z-0c5077c505d0.json.gz,1
fda.refusals.backfill,firm:3010098874,2010-09-30,2026-09-09T17:04:39Z,import_refusal,1,count,fda.refusals.backfill,raw/fda.refusals.backfill/2026/09/20260909T170439Z-0c5077c505d0.json.gz,1
fda.refusals.backfill,firm:3010098874,2010-09-30,2026-09-09T17:04:39Z,is_drug_or_biologic,1,bool,fda.refusals.backfill,raw/fda.refusals.backfill/2026/09/20260909T170439Z-0c5077c505d0.json.gz,1
fda.refusals.backfill,firm:3010098874,2010-09-30,2026-09-09T17:04:39Z,is_foreign,1,bool,fda.refusals.backfill,raw/fda.refusals.backfill/2026/09/20260909T170439Z-0c5077c505d0.json.gz,1
fda.refusals.backfill,firm:3010098874,2010-09-30,2026-09-09T17:04:39Z,is_human_drug,1,bool,fda.refusals.backfill,raw/fda.refusals.backfill/2026/09/20260909T170439Z-0c5077c505d0.json.gz,1
fda.refusals.backfill,firm:3010098874,2010-09-30,2026-09-09T17:04:39Z,label,"Alopecil Corporation, S.R.L.",,fda.refusals.backfill,raw/fda.refusals.backfill/2026/09/20260909T170439Z-0c5077c505d0.json.gz,1
fda.refusals.backfill,firm:3010098874,2010-09-30,2026-09-09T17:04:39Z,refused_at,20100930,yyyymmdd,fda.refusals.backfill,raw/fda.refusals.backfill/2026/09/20260909T170439Z-0c5077c505d0.json.gz,1
fda.refusals.backfill,firm:3010380229,2010-09-10,2026-09-09T17:04:39Z,firm_key,PROMED,,fda.refusals.backfill,raw/fda.refusals.backfill/2026/09/20260909T170439Z-0c5077c505d0.json.gz,1
fda.refusals.backfill,firm:3010380229,2010-09-10,2026-09-09T17:04:39Z,import_refusal,1,count,fda.refusals.backfill,raw/fda.refusals.backfill/2026/09/20260909T170439Z-0c5077c505d0.json.gz,1
fda.refusals.backfill,firm:3010380229,2010-09-10,2026-09-09T17:04:39Z,is_drug_or_biologic,1,bool,fda.refusals.backfill,raw/fda.refusals.backfill/2026/09/20260909T170439Z-0c5077c505d0.json.gz,1
fda.refusals.backfill,firm:3010380229,2010-09-10,2026-09-09T17:04:39Z,is_foreign,1,bool,fda.refusals.backfill,raw/fda.refusals.backfill/2026/09/20260909T170439Z-0c5077c505d0.json.gz,1
fda.refusals.backfill,firm:3010380229,2010-09-10,2026-09-09T17:04:39Z,is_human_drug,1,bool,fda.refusals.backfill,raw/fda.refusals.backfill/2026/09/20260909T170439Z-0c5077c505d0.json.gz,1
fda.refusals.backfill,firm:3010380229,2010-09-10,2026-09-09T17:04:39Z,label,Promed Laboratories,,fda.refusals.backfill,raw/fda.refusals.backfill/2026/09/20260909T170439Z-0c5077c505d0.json.gz,1
fda.refusals.backfill,firm:3010380229,2010-09-10,2026-09-09T17:04:39Z,refused_at,20100910,yyyymmdd,fda.refusals.backfill,raw/fda.refusals.backfill/2026/09/20260909T170439Z-0c5077c505d0.json.gz,1
fda.refusals.backfill,firm:3012133741,2010-09-13,2026-09-09T17:04:39Z,firm_key,NORTHEAST,,fda.refusals.backfill,raw/fda.refusals.backfill/2026/09/20260909T170439Z-0c5077c505d0.json.gz,1
fda.refusals.backfill,firm:3012133741,2010-09-13,2026-09-09T17:04:39Z,import_refusal,1,count,fda.refusals.backfill,raw/fda.refusals.backfill/2026/09/20260909T170439Z-0c5077c505d0.json.gz,1
fda.refusals.backfill,firm:3012133741,2010-09-13,2026-09-09T17:04:39Z,is_drug_or_biologic,1,bool,fda.refusals.backfill,raw/fda.refusals.backfill/2026/09/20260909T170439Z-0c5077c505d0.json.gz,1
fda.refusals.backfill,firm:3012133741,2010-09-13,2026-09-09T17:04:39Z,is_foreign,1,bool,fda.refusals.backfill,raw/fda.refusals.backfill/2026/09/20260909T170439Z-0c5077c505d0.json.gz,1
fda.refusals.backfill,firm:3012133741,2010-09-13,2026-09-09T17:04:39Z,is_human_drug,1,bool,fda.refusals.backfill,raw/fda.refusals.backfill/2026/09/20260909T170439Z-0c5077c505d0.json.gz,1
fda.refusals.backfill,firm:3012133741,2010-09-13,2026-09-09T17:04:39Z,label,"Northeast Pharmaceutical Group Co., Ltd",,fda.refusals.backfill,raw/fda.refusals.backfill/2026/09/20260909T170439Z-0c5077c505d0.json.gz,1
fda.refusals.backfill,firm:3012133741,2010-09-13,2026-09-09T17:04:39Z,refused_at,20100913,yyyymmdd,fda.refusals.backfill,raw/fda.refusals.backfill/2026/09/20260909T170439Z-0c5077c505d0.json.gz,1
fda.refusals.backfill,firm:3012133741,2010-09-17,2026-09-09T17:04:39Z,firm_key,NORTHEAST,,fda.refusals.backfill,raw/fda.refusals.backfill/2026/09/20260909T170439Z-0c5077c505d0.json.gz,1
fda.refusals.backfill,firm:3012133741,2010-09-17,2026-09-09T17:04:39Z,import_refusal,1,count,fda.refusals.backfill,raw/fda.refusals.backfill/2026/09/20260909T170439Z-0c5077c505d0.json.gz,1
fda.refusals.backfill,firm:3012133741,2010-09-17,2026-09-09T17:04:39Z,is_drug_or_biologic,1,bool,fda.refusals.backfill,raw/fda.refusals.backfill/2026/09/20260909T170439Z-0c5077c505d0.json.gz,1
fda.refusals.backfill,firm:3012133741,2010-09-17,2026-09-09T17:04:39Z,is_foreign,1,bool,fda.refusals.backfill,raw/fda.refusals.backfill/2026/09/20260909T170439Z-0c5077c505d0.json.gz,1
fda.refusals.backfill,firm:3012133741,2010-09-17,2026-09-09T17:04:39Z,is_human_drug,1,bool,fda.refusals.backfill,raw/fda.refusals.backfill/2026/09/20260909T170439Z-0c5077c505d0.json.gz,1
fda.refusals.backfill,firm:3012133741,2010-09-17,2026-09-09T17:04:39Z,label,"Northeast Pharmaceutical Group Co., Ltd",,fda.refusals.backfill,raw/fda.refusals.backfill/2026/09/20260909T170439Z-0c5077c505d0.json.gz,1
fda.refusals.backfill,firm:3012133741,2010-09-17,2026-09-09T17:04:39Z,refused_at,20100917,yyyymmdd,fda.refusals.backfill,raw/fda.refusals.backfill/2026/09/20260909T170439Z-0c5077c505d0.json.gz,1
fda.refusals.backfill,firm:3012224722,2010-09-01,2026-09-09T17:04:39Z,firm_key,SOUTHERN DRUGS,,fda.refusals.backfill,raw/fda.refusals.backfill/2026/09/20260909T170439Z-0c5077c505d0.json.gz,1
fda.refusals.backfill,firm:3012224722,2010-09-01,2026-09-09T17:04:39Z,import_refusal,1,count,fda.refusals.backfill,raw/fda.refusals.backfill/2026/09/20260909T170439Z-0c5077c505d0.json.gz,1
fda.refusals.backfill,firm:3012224722,2010-09-01,2026-09-09T17:04:39Z,is_drug_or_biologic,1,bool,fda.refusals.backfill,raw/fda.refusals.backfill/2026/09/20260909T170439Z-0c5077c505d0.json.gz,1
fda.refusals.backfill,firm:3012224722,2010-09-01,2026-09-09T17:04:39Z,is_foreign,1,bool,fda.refusals.backfill,raw/fda.refusals.backfill/2026/09/20260909T170439Z-0c5077c505d0.json.gz,1
fda.refusals.backfill,firm:3012224722,2010-09-01,2026-09-09T17:04:39Z,is_human_drug,1,bool,fda.refusals.backfill,raw/fda.refusals.backfill/2026/09/20260909T170439Z-0c5077c505d0.json.gz,1
fda.refusals.backfill,firm:3012224722,2010-09-01,2026-09-09T17:04:39Z,label,southern drugs pharmaceuticals,,fda.refusals.backfill,raw/fda.refusals.backfill/2026/09/20260909T170439Z-0c5077c505d0.json.gz,1
fda.refusals.backfill,firm:3012224722,2010-09-01,2026-09-09T17:04:39Z,refused_at,20100901,yyyymmdd,fda.refusals.backfill,raw/fda.refusals.backfill/2026/09/20260909T170439Z-0c5077c505d0.json.gz,1
fda.refusals.backfill,firm:3012224722,2010-09-22,2026-09-09T17:04:39Z,firm_key,SOUTHERN DRUGS,,fda.refusals.backfill,raw/fda.refusals.backfill/2026/09/20260909T170439Z-0c5077c505d0.json.gz,1
fda.refusals.backfill,firm:3012224722,2010-09-22,2026-09-09T17:04:39Z,import_refusal,1,count,fda.refusals.backfill,raw/fda.refusals.backfill/2026/09/20260909T170439Z-0c5077c505d0.json.gz,1
fda.refusals.backfill,firm:3012224722,2010-09-22,2026-09-09T17:04:39Z,is_drug_or_biologic,1,bool,fda.refusals.backfill,raw/fda.refusals.backfill/2026/09/20260909T170439Z-0c5077c505d0.json.gz,1
fda.refusals.backfill,firm:3012224722,2010-09-22,2026-09-09T17:04:39Z,is_foreign,1,bool,fda.refusals.backfill,raw/fda.refusals.backfill/2026/09/20260909T170439Z-0c5077c505d0.json.gz,1
fda.refusals.backfill,firm:3012224722,2010-09-22,2026-09-09T17:04:39Z,is_human_drug,1,bool,fda.refusals.backfill,raw/fda.refusals.backfill/2026/09/20260909T170439Z-0c5077c505d0.json.gz,1
fda.refusals.backfill,firm:3012224722,2010-09-22,2026-09-09T17:04:39Z,label,southern drugs pharmaceuticals,,fda.refusals.backfill,raw/fda.refusals.backfill/2026/09/20260909T170439Z-0c5077c505d0.json.gz,1
fda.refusals.backfill,firm:3012224722,2010-09-22,2026-09-09T17:04:39Z,refused_at,20100922,yyyymmdd,fda.refusals.backfill,raw/fda.refusals.backfill/2026/09/20260909T170439Z-0c5077c505d0.json.gz,1
fda.refusals.backfill,firm:3012391165,2010-09-22,2026-09-09T17:04:39Z,firm_key,COLGATE PALMOLIVE S A DE C V,,fda.refusals.backfill,raw/fda.refusals.backfill/2026/09/20260909T170439Z-0c5077c505d0.json.gz,1
fda.refusals.backfill,firm:3012391165,2010-09-22,2026-09-09T17:04:39Z,import_refusal,1,count,fda.refusals.backfill,raw/fda.refusals.backfill/2026/09/20260909T170439Z-0c5077c505d0.json.gz,1
fda.refusals.backfill,firm:3012391165,2010-09-22,2026-09-09T17:04:39Z,is_drug_or_biologic,1,bool,fda.refusals.backfill,raw/fda.refusals.backfill/2026/09/20260909T170439Z-0c5077c505d0.json.gz,1
fda.refusals.backfill,firm:3012391165,2010-09-22,2026-09-09T17:04:39Z,is_foreign,1,bool,fda.refusals.backfill,raw/fda.refusals.backfill/2026/09/20260909T170439Z-0c5077c505d0.json.gz,1
fda.refusals.backfill,firm:3012391165,2010-09-22,2026-09-09T17:04:39Z,is_human_drug,1,bool,fda.refusals.backfill,raw/fda.refusals.backfill/2026/09/20260909T170439Z-0c5077c505d0.json.gz,1
fda.refusals.backfill,firm:3012391165,2010-09-22,2026-09-09T17:04:39Z,label,"Colgate Palmolive, S.A. de C.V.",,fda.refusals.backfill,raw/fda.refusals.backfill/2026/09/20260909T170439Z-0c5077c505d0.json.gz,1
fda.refusals.backfill,firm:3012391165,2010-09-22,2026-09-09T17:04:39Z,refused_at,20100922,yyyymmdd,fda.refusals.backfill,raw/fda.refusals.backfill/2026/09/20260909T170439Z-0c5077c505d0.json.gz,1
fda.refusals.backfill,firm:3012520925,2010-09-02,2026-09-09T17:04:39Z,firm_key,PFIZER ITALIA S R L,,fda.refusals.backfill,raw/fda.refusals.backfill/2026/09/20260909T170439Z-0c5077c505d0.json.gz,1
fda.refusals.backfill,firm:3012520925,2010-09-02,2026-09-09T17:04:39Z,import_refusal,1,count,fda.refusals.backfill,raw/fda.refusals.backfill/2026/09/20260909T170439Z-0c5077c505d0.json.gz,1
fda.refusals.backfill,firm:3012520925,2010-09-02,2026-09-09T17:04:39Z,is_drug_or_biologic,1,bool,fda.refusals.backfill,raw/fda.refusals.backfill/2026/09/20260909T170439Z-0c5077c505d0.json.gz,1
fda.refusals.backfill,firm:3012520925,2010-09-02,2026-09-09T17:04:39Z,is_foreign,1,bool,fda.refusals.backfill,raw/fda.refusals.backfill/2026/09/20260909T170439Z-0c5077c505d0.json.gz,1
fda.refusals.backfill,firm:3012520925,2010-09-02,2026-09-09T17:04:39Z,is_human_drug,0,bool,fda.refusals.backfill,raw/fda.refusals.backfill/2026/09/20260909T170439Z-0c5077c505d0.json.gz,1
fda.refusals.backfill,firm:3012520925,2010-09-02,2026-09-09T17:04:39Z,label,PFIZER ITALIA S.R.L.,,fda.refusals.backfill,raw/fda.refusals.backfill/2026/09/20260909T170439Z-0c5077c505d0.json.gz,1
fda.refusals.backfill,firm:3012520925,2010-09-02,2026-09-09T17:04:39Z,refused_at,20100902,yyyymmdd,fda.refusals.backfill,raw/fda.refusals.backfill/2026/09/20260909T170439Z-0c5077c505d0.json.gz,1
fda.refusals.backfill,firm:3012871372,2010-09-27,2026-09-09T17:04:39Z,firm_key,PHARMTECH HONG KONG,,fda.refusals.backfill,raw/fda.refusals.backfill/2026/09/20260909T170439Z-0c5077c505d0.json.gz,1
fda.refusals.backfill,firm:3012871372,2010-09-27,2026-09-09T17:04:39Z,import_refusal,1,count,fda.refusals.backfill,raw/fda.refusals.backfill/2026/09/20260909T170439Z-0c5077c505d0.json.gz,1
fda.refusals.backfill,firm:3012871372,2010-09-27,2026-09-09T17:04:39Z,is_drug_or_biologic,1,bool,fda.refusals.backfill,raw/fda.refusals.backfill/2026/09/20260909T170439Z-0c5077c505d0.json.gz,1
fda.refusals.backfill,firm:3012871372,2010-09-27,2026-09-09T17:04:39Z,is_foreign,1,bool,fda.refusals.backfill,raw/fda.refusals.backfill/2026/09/20260909T170439Z-0c5077c505d0.json.gz,1
fda.refusals.backfill,firm:3012871372,2010-09-27,2026-09-09T17:04:39Z,is_human_drug,0,bool,fda.refusals.backfill,raw/fda.refusals.backfill/2026/09/20260909T170439Z-0c5077c505d0.json.gz,1
fda.refusals.backfill,firm:3012871372,2010-09-27,2026-09-09T17:04:39Z,label,Pharmtech (Hong Kong) Limited,,fda.refusals.backfill,raw/fda.refusals.backfill/2026/09/20260909T170439Z-0c5077c505d0.json.gz,1
fda.refusals.backfill,firm:3012871372,2010-09-27,2026-09-09T17:04:39Z,refused_at,20100927,yyyymmdd,fda.refusals.backfill,raw/fda.refusals.backfill/2026/09/20260909T170439Z-0c5077c505d0.json.gz,1
fda.refusals.backfill,firm:3014387757,2010-09-08,2026-09-09T17:04:39Z,firm_key,UNKNOWN,,fda.refusals.backfill,raw/fda.refusals.backfill/2026/09/20260909T170439Z-0c5077c505d0.json.gz,1
fda.refusals.backfill,firm:3014387757,2010-09-08,2026-09-09T17:04:39Z,import_refusal,1,count,fda.refusals.backfill,raw/fda.refusals.backfill/2026/09/20260909T170439Z-0c5077c505d0.json.gz,1
fda.refusals.backfill,firm:3014387757,2010-09-08,2026-09-09T17:04:39Z,is_drug_or_biologic,1,bool,fda.refusals.backfill,raw/fda.refusals.backfill/2026/09/20260909T170439Z-0c5077c505d0.json.gz,1
fda.refusals.backfill,firm:3014387757,2010-09-08,2026-09-09T17:04:39Z,is_foreign,1,bool,fda.refusals.backfill,raw/fda.refusals.backfill/2026/09/20260909T170439Z-0c5077c505d0.json.gz,1
fda.refusals.backfill,firm:3014387757,2010-09-08,2026-09-09T17:04:39Z,is_human_drug,1,bool,fda.refusals.backfill,raw/fda.refusals.backfill/2026/09/20260909T170439Z-0c5077c505d0.json.gz,1
fda.refusals.backfill,firm:3014387757,2010-09-08,2026-09-09T17:04:39Z,label,Unknown,,fda.refusals.backfill,raw/fda.refusals.backfill/2026/09/20260909T170439Z-0c5077c505d0.json.gz,1
fda.refusals.backfill,firm:3014387757,2010-09-08,2026-09-09T17:04:39Z,refused_at,20100908,yyyymmdd,fda.refusals.backfill,raw/fda.refusals.backfill/2026/09/20260909T170439Z-0c5077c505d0.json.gz,1
