series_id,entity_id,observed_at,captured_at,metric,value,unit,source_id,raw_ref,parser_version
fda.citations.history,firm:1000041224,2011-07-20,2026-09-08T14:29:56Z,cfr,21 CFR 211.22(d),,fda.citations.history,raw/fda.citations.history/2026/09/20260908T142956Z-1844f28fe2c0.json.gz,1
fda.citations.history,firm:1000041224,2011-07-20,2026-09-08T14:29:56Z,cfr,21 CFR 211.68(a),,fda.citations.history,raw/fda.citations.history/2026/09/20260908T142956Z-1844f28fe2c0.json.gz,1
fda.citations.history,firm:1000041224,2011-07-20,2026-09-08T14:29:56Z,cfr_part,211,part,fda.citations.history,raw/fda.citations.history/2026/09/20260908T142956Z-1844f28fe2c0.json.gz,1
fda.citations.history,firm:1000041224,2011-07-20,2026-09-08T14:29:56Z,citation,1,count,fda.citations.history,raw/fda.citations.history/2026/09/20260908T142956Z-1844f28fe2c0.json.gz,1
fda.citations.history,firm:1000041224,2011-07-20,2026-09-08T14:29:56Z,citation_topic,Calibration/Inspection/Checking not done,,fda.citations.history,raw/fda.citations.history/2026/09/20260908T142956Z-1844f28fe2c0.json.gz,1
fda.citations.history,firm:1000041224,2011-07-20,2026-09-08T14:29:56Z,citation_topic,"Procedures not  in writing, fully followed",,fda.citations.history,raw/fda.citations.history/2026/09/20260908T142956Z-1844f28fe2c0.json.gz,1
fda.citations.history,firm:1000041224,2011-07-20,2026-09-08T14:29:56Z,firm_key,METRO WELDING SUPPLY,,fda.citations.history,raw/fda.citations.history/2026/09/20260908T142956Z-1844f28fe2c0.json.gz,1
fda.citations.history,firm:1000041224,2011-07-20,2026-09-08T14:29:56Z,is_gmp,1,bool,fda.citations.history,raw/fda.citations.history/2026/09/20260908T142956Z-1844f28fe2c0.json.gz,1
fda.citations.history,firm:1000041224,2011-07-20,2026-09-08T14:29:56Z,label,Metro Welding Supply Corporation,,fda.citations.history,raw/fda.citations.history/2026/09/20260908T142956Z-1844f28fe2c0.json.gz,1
fda.citations.history,firm:1000121203,2011-07-06,2026-09-08T14:29:56Z,cfr,21 CFR 211.100(a),,fda.citations.history,raw/fda.citations.history/2026/09/20260908T142956Z-1844f28fe2c0.json.gz,1
fda.citations.history,firm:1000121203,2011-07-06,2026-09-08T14:29:56Z,cfr,21 CFR 211.125(a),,fda.citations.history,raw/fda.citations.history/2026/09/20260908T142956Z-1844f28fe2c0.json.gz,1
fda.citations.history,firm:1000121203,2011-07-06,2026-09-08T14:29:56Z,cfr,21 CFR 211.192,,fda.citations.history,raw/fda.citations.history/2026/09/20260908T142956Z-1844f28fe2c0.json.gz,1
fda.citations.history,firm:1000121203,2011-07-06,2026-09-08T14:29:56Z,cfr,21 CFR 211.198(a),,fda.citations.history,raw/fda.citations.history/2026/09/20260908T142956Z-1844f28fe2c0.json.gz,1
fda.citations.history,firm:1000121203,2011-07-06,2026-09-08T14:29:56Z,cfr,21 CFR 211.22(a),,fda.citations.history,raw/fda.citations.history/2026/09/20260908T142956Z-1844f28fe2c0.json.gz,1
fda.citations.history,firm:1000121203,2011-07-06,2026-09-08T14:29:56Z,cfr,21 CFR 211.25(a),,fda.citations.history,raw/fda.citations.history/2026/09/20260908T142956Z-1844f28fe2c0.json.gz,1
fda.citations.history,firm:1000121203,2011-07-06,2026-09-08T14:29:56Z,cfr,21 CFR 211.67(b),,fda.citations.history,raw/fda.citations.history/2026/09/20260908T142956Z-1844f28fe2c0.json.gz,1
fda.citations.history,firm:1000121203,2011-07-06,2026-09-08T14:29:56Z,cfr,21 CFR 211.68(a),,fda.citations.history,raw/fda.citations.history/2026/09/20260908T142956Z-1844f28fe2c0.json.gz,1
fda.citations.history,firm:1000121203,2011-07-06,2026-09-08T14:29:56Z,cfr,21 CFR 211.84(d)(2),,fda.citations.history,raw/fda.citations.history/2026/09/20260908T142956Z-1844f28fe2c0.json.gz,1
fda.citations.history,firm:1000121203,2011-07-06,2026-09-08T14:29:56Z,cfr_part,211,part,fda.citations.history,raw/fda.citations.history/2026/09/20260908T142956Z-1844f28fe2c0.json.gz,1
fda.citations.history,firm:1000121203,2011-07-06,2026-09-08T14:29:56Z,citation,1,count,fda.citations.history,raw/fda.citations.history/2026/09/20260908T142956Z-1844f28fe2c0.json.gz,1
fda.citations.history,firm:1000121203,2011-07-06,2026-09-08T14:29:56Z,citation_topic,Absence of Written Procedures,,fda.citations.history,raw/fda.citations.history/2026/09/20260908T142956Z-1844f28fe2c0.json.gz,1
fda.citations.history,firm:1000121203,2011-07-06,2026-09-08T14:29:56Z,citation_topic,Complaint Handling Procedure,,fda.citations.history,raw/fda.citations.history/2026/09/20260908T142956Z-1844f28fe2c0.json.gz,1
fda.citations.history,firm:1000121203,2011-07-06,2026-09-08T14:29:56Z,citation_topic,GMP Training Frequency,,fda.citations.history,raw/fda.citations.history/2026/09/20260908T142956Z-1844f28fe2c0.json.gz,1
fda.citations.history,firm:1000121203,2011-07-06,2026-09-08T14:29:56Z,citation_topic,Lack of quality control unit,,fda.citations.history,raw/fda.citations.history/2026/09/20260908T142956Z-1844f28fe2c0.json.gz,1
fda.citations.history,firm:1000121203,2011-07-06,2026-09-08T14:29:56Z,citation_topic,Quality control unit review of records,,fda.citations.history,raw/fda.citations.history/2026/09/20260908T142956Z-1844f28fe2c0.json.gz,1
fda.citations.history,firm:1000121203,2011-07-06,2026-09-08T14:29:56Z,citation_topic,Reports of Analysis (Components),,fda.citations.history,raw/fda.citations.history/2026/09/20260908T142956Z-1844f28fe2c0.json.gz,1
fda.citations.history,firm:1000121203,2011-07-06,2026-09-08T14:29:56Z,citation_topic,Strict control not exercised over labeling issued,,fda.citations.history,raw/fda.citations.history/2026/09/20260908T142956Z-1844f28fe2c0.json.gz,1
fda.citations.history,firm:1000121203,2011-07-06,2026-09-08T14:29:56Z,citation_topic,Written calibration / inspection records not  kept,,fda.citations.history,raw/fda.citations.history/2026/09/20260908T142956Z-1844f28fe2c0.json.gz,1
fda.citations.history,firm:1000121203,2011-07-06,2026-09-08T14:29:56Z,citation_topic,Written procedures not established/followed,,fda.citations.history,raw/fda.citations.history/2026/09/20260908T142956Z-1844f28fe2c0.json.gz,1
fda.citations.history,firm:1000121203,2011-07-06,2026-09-08T14:29:56Z,firm_key,EAST BERLIN PHARMACY D B A CHOICE HEALTHCARE,,fda.citations.history,raw/fda.citations.history/2026/09/20260908T142956Z-1844f28fe2c0.json.gz,1
fda.citations.history,firm:1000121203,2011-07-06,2026-09-08T14:29:56Z,is_gmp,1,bool,fda.citations.history,raw/fda.citations.history/2026/09/20260908T142956Z-1844f28fe2c0.json.gz,1
fda.citations.history,firm:1000121203,2011-07-06,2026-09-08T14:29:56Z,label,"East Berlin Pharmacy, Inc. d/b/a Choice Healthcare",,fda.citations.history,raw/fda.citations.history/2026/09/20260908T142956Z-1844f28fe2c0.json.gz,1
fda.citations.history,firm:1000160563,2011-07-21,2026-09-08T14:29:56Z,cfr,21 CFR 211.105(a),,fda.citations.history,raw/fda.citations.history/2026/09/20260908T142956Z-1844f28fe2c0.json.gz,1
fda.citations.history,firm:1000160563,2011-07-21,2026-09-08T14:29:56Z,cfr,21 CFR 211.194(a)(8),,fda.citations.history,raw/fda.citations.history/2026/09/20260908T142956Z-1844f28fe2c0.json.gz,1
fda.citations.history,firm:1000160563,2011-07-21,2026-09-08T14:29:56Z,cfr,21 CFR 211.25(a),,fda.citations.history,raw/fda.citations.history/2026/09/20260908T142956Z-1844f28fe2c0.json.gz,1
fda.citations.history,firm:1000160563,2011-07-21,2026-09-08T14:29:56Z,cfr,21 CFR 211.80(a),,fda.citations.history,raw/fda.citations.history/2026/09/20260908T142956Z-1844f28fe2c0.json.gz,1
fda.citations.history,firm:1000160563,2011-07-21,2026-09-08T14:29:56Z,cfr,21 CFR 211.84(d)(2),,fda.citations.history,raw/fda.citations.history/2026/09/20260908T142956Z-1844f28fe2c0.json.gz,1
fda.citations.history,firm:1000160563,2011-07-21,2026-09-08T14:29:56Z,cfr_part,211,part,fda.citations.history,raw/fda.citations.history/2026/09/20260908T142956Z-1844f28fe2c0.json.gz,1
fda.citations.history,firm:1000160563,2011-07-21,2026-09-08T14:29:56Z,citation,1,count,fda.citations.history,raw/fda.citations.history/2026/09/20260908T142956Z-1844f28fe2c0.json.gz,1
fda.citations.history,firm:1000160563,2011-07-21,2026-09-08T14:29:56Z,citation_topic,"Identification of containers, lines, equipment",,fda.citations.history,raw/fda.citations.history/2026/09/20260908T142956Z-1844f28fe2c0.json.gz,1
fda.citations.history,firm:1000160563,2011-07-21,2026-09-08T14:29:56Z,citation_topic,Reports of Analysis (Components),,fda.citations.history,raw/fda.citations.history/2026/09/20260908T142956Z-1844f28fe2c0.json.gz,1
fda.citations.history,firm:1000160563,2011-07-21,2026-09-08T14:29:56Z,citation_topic,Second person sign off,,fda.citations.history,raw/fda.citations.history/2026/09/20260908T142956Z-1844f28fe2c0.json.gz,1
fda.citations.history,firm:1000160563,2011-07-21,2026-09-08T14:29:56Z,citation_topic,"Training , Education , Experience overall",,fda.citations.history,raw/fda.citations.history/2026/09/20260908T142956Z-1844f28fe2c0.json.gz,1
fda.citations.history,firm:1000160563,2011-07-21,2026-09-08T14:29:56Z,citation_topic,Written Procedures Not Followed,,fda.citations.history,raw/fda.citations.history/2026/09/20260908T142956Z-1844f28fe2c0.json.gz,1
fda.citations.history,firm:1000160563,2011-07-21,2026-09-08T14:29:56Z,firm_key,FNC MEDICAL,,fda.citations.history,raw/fda.citations.history/2026/09/20260908T142956Z-1844f28fe2c0.json.gz,1
fda.citations.history,firm:1000160563,2011-07-21,2026-09-08T14:29:56Z,is_gmp,1,bool,fda.citations.history,raw/fda.citations.history/2026/09/20260908T142956Z-1844f28fe2c0.json.gz,1
fda.citations.history,firm:1000160563,2011-07-21,2026-09-08T14:29:56Z,label,FNC Medical Corporation,,fda.citations.history,raw/fda.citations.history/2026/09/20260908T142956Z-1844f28fe2c0.json.gz,1
fda.citations.history,firm:1000307047,2011-07-05,2026-09-08T14:29:56Z,cfr,21 CFR 211.100(a),,fda.citations.history,raw/fda.citations.history/2026/09/20260908T142956Z-1844f28fe2c0.json.gz,1
fda.citations.history,firm:1000307047,2011-07-05,2026-09-08T14:29:56Z,cfr,21 CFR 211.160(b)(1),,fda.citations.history,raw/fda.citations.history/2026/09/20260908T142956Z-1844f28fe2c0.json.gz,1
fda.citations.history,firm:1000307047,2011-07-05,2026-09-08T14:29:56Z,cfr,21 CFR 211.198(b),,fda.citations.history,raw/fda.citations.history/2026/09/20260908T142956Z-1844f28fe2c0.json.gz,1
fda.citations.history,firm:1000307047,2011-07-05,2026-09-08T14:29:56Z,cfr,21 CFR 211.22(d),,fda.citations.history,raw/fda.citations.history/2026/09/20260908T142956Z-1844f28fe2c0.json.gz,1
fda.citations.history,firm:1000307047,2011-07-05,2026-09-08T14:29:56Z,cfr,21 CFR 211.67(b),,fda.citations.history,raw/fda.citations.history/2026/09/20260908T142956Z-1844f28fe2c0.json.gz,1
fda.citations.history,firm:1000307047,2011-07-05,2026-09-08T14:29:56Z,cfr_part,211,part,fda.citations.history,raw/fda.citations.history/2026/09/20260908T142956Z-1844f28fe2c0.json.gz,1
fda.citations.history,firm:1000307047,2011-07-05,2026-09-08T14:29:56Z,citation,1,count,fda.citations.history,raw/fda.citations.history/2026/09/20260908T142956Z-1844f28fe2c0.json.gz,1
fda.citations.history,firm:1000307047,2011-07-05,2026-09-08T14:29:56Z,citation_topic,Approval and review of procedures,,fda.citations.history,raw/fda.citations.history/2026/09/20260908T142956Z-1844f28fe2c0.json.gz,1
fda.citations.history,firm:1000307047,2011-07-05,2026-09-08T14:29:56Z,citation_topic,Maintenance of Complaint File,,fda.citations.history,raw/fda.citations.history/2026/09/20260908T142956Z-1844f28fe2c0.json.gz,1
fda.citations.history,firm:1000307047,2011-07-05,2026-09-08T14:29:56Z,citation_topic,"Procedures not  in writing, fully followed",,fda.citations.history,raw/fda.citations.history/2026/09/20260908T142956Z-1844f28fe2c0.json.gz,1
fda.citations.history,firm:1000307047,2011-07-05,2026-09-08T14:29:56Z,citation_topic,Sampling and testing procedures described,,fda.citations.history,raw/fda.citations.history/2026/09/20260908T142956Z-1844f28fe2c0.json.gz,1
fda.citations.history,firm:1000307047,2011-07-05,2026-09-08T14:29:56Z,citation_topic,Written procedures not established/followed,,fda.citations.history,raw/fda.citations.history/2026/09/20260908T142956Z-1844f28fe2c0.json.gz,1
fda.citations.history,firm:1000307047,2011-07-05,2026-09-08T14:29:56Z,firm_key,APTER INDUSTRIES,,fda.citations.history,raw/fda.citations.history/2026/09/20260908T142956Z-1844f28fe2c0.json.gz,1
fda.citations.history,firm:1000307047,2011-07-05,2026-09-08T14:29:56Z,is_gmp,1,bool,fda.citations.history,raw/fda.citations.history/2026/09/20260908T142956Z-1844f28fe2c0.json.gz,1
fda.citations.history,firm:1000307047,2011-07-05,2026-09-08T14:29:56Z,label,"Apter Industries, Inc.",,fda.citations.history,raw/fda.citations.history/2026/09/20260908T142956Z-1844f28fe2c0.json.gz,1
fda.citations.history,firm:1000524645,2011-07-21,2026-09-08T14:29:56Z,cfr,21 CFR 211.122(d),,fda.citations.history,raw/fda.citations.history/2026/09/20260908T142956Z-1844f28fe2c0.json.gz,1
fda.citations.history,firm:1000524645,2011-07-21,2026-09-08T14:29:56Z,cfr,21 CFR 211.180(e)(2),,fda.citations.history,raw/fda.citations.history/2026/09/20260908T142956Z-1844f28fe2c0.json.gz,1
fda.citations.history,firm:1000524645,2011-07-21,2026-09-08T14:29:56Z,cfr,21 CFR 211.67(a),,fda.citations.history,raw/fda.citations.history/2026/09/20260908T142956Z-1844f28fe2c0.json.gz,1
fda.citations.history,firm:1000524645,2011-07-21,2026-09-08T14:29:56Z,cfr,21 CFR 211.80(b),,fda.citations.history,raw/fda.citations.history/2026/09/20260908T142956Z-1844f28fe2c0.json.gz,1
fda.citations.history,firm:1000524645,2011-07-21,2026-09-08T14:29:56Z,cfr_part,211,part,fda.citations.history,raw/fda.citations.history/2026/09/20260908T142956Z-1844f28fe2c0.json.gz,1
fda.citations.history,firm:1000524645,2011-07-21,2026-09-08T14:29:56Z,citation,1,count,fda.citations.history,raw/fda.citations.history/2026/09/20260908T142956Z-1844f28fe2c0.json.gz,1
fda.citations.history,firm:1000524645,2011-07-21,2026-09-08T14:29:56Z,citation_topic,Cleaning / Sanitizing / Maintenance,,fda.citations.history,raw/fda.citations.history/2026/09/20260908T142956Z-1844f28fe2c0.json.gz,1
fda.citations.history,firm:1000524645,2011-07-21,2026-09-08T14:29:56Z,citation_topic,Handling and Storage to Prevent Contamination,,fda.citations.history,raw/fda.citations.history/2026/09/20260908T142956Z-1844f28fe2c0.json.gz,1
fda.citations.history,firm:1000524645,2011-07-21,2026-09-08T14:29:56Z,citation_topic,Items to cover on annual reviews,,fda.citations.history,raw/fda.citations.history/2026/09/20260908T142956Z-1844f28fe2c0.json.gz,1
fda.citations.history,firm:1000524645,2011-07-21,2026-09-08T14:29:56Z,citation_topic,Label storage access limited to authorized personnel,,fda.citations.history,raw/fda.citations.history/2026/09/20260908T142956Z-1844f28fe2c0.json.gz,1
fda.citations.history,firm:1000524645,2011-07-21,2026-09-08T14:29:56Z,firm_key,NORTHWEST COSMETIC,,fda.citations.history,raw/fda.citations.history/2026/09/20260908T142956Z-1844f28fe2c0.json.gz,1
fda.citations.history,firm:1000524645,2011-07-21,2026-09-08T14:29:56Z,is_gmp,1,bool,fda.citations.history,raw/fda.citations.history/2026/09/20260908T142956Z-1844f28fe2c0.json.gz,1
fda.citations.history,firm:1000524645,2011-07-21,2026-09-08T14:29:56Z,label,Northwest Cosmetic Laboratories LLC,,fda.citations.history,raw/fda.citations.history/2026/09/20260908T142956Z-1844f28fe2c0.json.gz,1
fda.citations.history,firm:1000582314,2011-07-20,2026-09-08T14:29:56Z,cfr,21 CFR 211.166(a),,fda.citations.history,raw/fda.citations.history/2026/09/20260908T142956Z-1844f28fe2c0.json.gz,1
fda.citations.history,firm:1000582314,2011-07-20,2026-09-08T14:29:56Z,cfr_part,211,part,fda.citations.history,raw/fda.citations.history/2026/09/20260908T142956Z-1844f28fe2c0.json.gz,1
fda.citations.history,firm:1000582314,2011-07-20,2026-09-08T14:29:56Z,citation,1,count,fda.citations.history,raw/fda.citations.history/2026/09/20260908T142956Z-1844f28fe2c0.json.gz,1
fda.citations.history,firm:1000582314,2011-07-20,2026-09-08T14:29:56Z,citation_topic,Lack of written stability program,,fda.citations.history,raw/fda.citations.history/2026/09/20260908T142956Z-1844f28fe2c0.json.gz,1
fda.citations.history,firm:1000582314,2011-07-20,2026-09-08T14:29:56Z,firm_key,DISCUS DENTAL,,fda.citations.history,raw/fda.citations.history/2026/09/20260908T142956Z-1844f28fe2c0.json.gz,1
fda.citations.history,firm:1000582314,2011-07-20,2026-09-08T14:29:56Z,is_gmp,1,bool,fda.citations.history,raw/fda.citations.history/2026/09/20260908T142956Z-1844f28fe2c0.json.gz,1
fda.citations.history,firm:1000582314,2011-07-20,2026-09-08T14:29:56Z,label,Discus Dental LLC,,fda.citations.history,raw/fda.citations.history/2026/09/20260908T142956Z-1844f28fe2c0.json.gz,1
fda.citations.history,firm:1019628,2011-07-08,2026-09-08T14:29:56Z,cfr,21 CFR 211.100(b),,fda.citations.history,raw/fda.citations.history/2026/09/20260908T142956Z-1844f28fe2c0.json.gz,1
fda.citations.history,firm:1019628,2011-07-08,2026-09-08T14:29:56Z,cfr,21 CFR 211.122(e),,fda.citations.history,raw/fda.citations.history/2026/09/20260908T142956Z-1844f28fe2c0.json.gz,1
fda.citations.history,firm:1019628,2011-07-08,2026-09-08T14:29:56Z,cfr,21 CFR 211.180(e)(2),,fda.citations.history,raw/fda.citations.history/2026/09/20260908T142956Z-1844f28fe2c0.json.gz,1
fda.citations.history,firm:1019628,2011-07-08,2026-09-08T14:29:56Z,cfr,21 CFR 211.198(a),,fda.citations.history,raw/fda.citations.history/2026/09/20260908T142956Z-1844f28fe2c0.json.gz,1
fda.citations.history,firm:1019628,2011-07-08,2026-09-08T14:29:56Z,cfr,21 CFR 211.22(d),,fda.citations.history,raw/fda.citations.history/2026/09/20260908T142956Z-1844f28fe2c0.json.gz,1
fda.citations.history,firm:1019628,2011-07-08,2026-09-08T14:29:56Z,cfr,21 CFR 211.25(a),,fda.citations.history,raw/fda.citations.history/2026/09/20260908T142956Z-1844f28fe2c0.json.gz,1
fda.citations.history,firm:1019628,2011-07-08,2026-09-08T14:29:56Z,cfr,21 CFR 211.80(a),,fda.citations.history,raw/fda.citations.history/2026/09/20260908T142956Z-1844f28fe2c0.json.gz,1
fda.citations.history,firm:1019628,2011-07-08,2026-09-08T14:29:56Z,cfr_part,211,part,fda.citations.history,raw/fda.citations.history/2026/09/20260908T142956Z-1844f28fe2c0.json.gz,1
fda.citations.history,firm:1019628,2011-07-08,2026-09-08T14:29:56Z,citation,1,count,fda.citations.history,raw/fda.citations.history/2026/09/20260908T142956Z-1844f28fe2c0.json.gz,1
fda.citations.history,firm:1019628,2011-07-08,2026-09-08T14:29:56Z,citation_topic,Adverse Drug Experience,,fda.citations.history,raw/fda.citations.history/2026/09/20260908T142956Z-1844f28fe2c0.json.gz,1
fda.citations.history,firm:1019628,2011-07-08,2026-09-08T14:29:56Z,citation_topic,Destruction of obsolete labeling,,fda.citations.history,raw/fda.citations.history/2026/09/20260908T142956Z-1844f28fe2c0.json.gz,1
fda.citations.history,firm:1019628,2011-07-08,2026-09-08T14:29:56Z,citation_topic,GMP Training Frequency,,fda.citations.history,raw/fda.citations.history/2026/09/20260908T142956Z-1844f28fe2c0.json.gz,1
fda.citations.history,firm:1019628,2011-07-08,2026-09-08T14:29:56Z,citation_topic,Items to cover on annual reviews,,fda.citations.history,raw/fda.citations.history/2026/09/20260908T142956Z-1844f28fe2c0.json.gz,1
fda.citations.history,firm:1019628,2011-07-08,2026-09-08T14:29:56Z,citation_topic,"Procedures not  in writing, fully followed",,fda.citations.history,raw/fda.citations.history/2026/09/20260908T142956Z-1844f28fe2c0.json.gz,1
fda.citations.history,firm:1019628,2011-07-08,2026-09-08T14:29:56Z,citation_topic,SOPs not followed / documented,,fda.citations.history,raw/fda.citations.history/2026/09/20260908T142956Z-1844f28fe2c0.json.gz,1
fda.citations.history,firm:1019628,2011-07-08,2026-09-08T14:29:56Z,citation_topic,Written Procedures Not Followed,,fda.citations.history,raw/fda.citations.history/2026/09/20260908T142956Z-1844f28fe2c0.json.gz,1
fda.citations.history,firm:1019628,2011-07-08,2026-09-08T14:29:56Z,firm_key,J M CYLINDER GASES,,fda.citations.history,raw/fda.citations.history/2026/09/20260908T142956Z-1844f28fe2c0.json.gz,1
fda.citations.history,firm:1019628,2011-07-08,2026-09-08T14:29:56Z,is_gmp,1,bool,fda.citations.history,raw/fda.citations.history/2026/09/20260908T142956Z-1844f28fe2c0.json.gz,1
fda.citations.history,firm:1019628,2011-07-08,2026-09-08T14:29:56Z,label,J & M Cylinder Gases Inc,,fda.citations.history,raw/fda.citations.history/2026/09/20260908T142956Z-1844f28fe2c0.json.gz,1
fda.citations.history,firm:1039259,2011-07-12,2026-09-08T14:29:56Z,cfr,21 CFR 211.160(b),,fda.citations.history,raw/fda.citations.history/2026/09/20260908T142956Z-1844f28fe2c0.json.gz,1
fda.citations.history,firm:1039259,2011-07-12,2026-09-08T14:29:56Z,cfr,21 CFR 211.165(f),,fda.citations.history,raw/fda.citations.history/2026/09/20260908T142956Z-1844f28fe2c0.json.gz,1
fda.citations.history,firm:1039259,2011-07-12,2026-09-08T14:29:56Z,cfr,21 CFR 211.166(a),,fda.citations.history,raw/fda.citations.history/2026/09/20260908T142956Z-1844f28fe2c0.json.gz,1
fda.citations.history,firm:1039259,2011-07-12,2026-09-08T14:29:56Z,cfr,21 CFR 211.84(d)(2),,fda.citations.history,raw/fda.citations.history/2026/09/20260908T142956Z-1844f28fe2c0.json.gz,1
fda.citations.history,firm:1039259,2011-07-12,2026-09-08T14:29:56Z,cfr_part,211,part,fda.citations.history,raw/fda.citations.history/2026/09/20260908T142956Z-1844f28fe2c0.json.gz,1
fda.citations.history,firm:1039259,2011-07-12,2026-09-08T14:29:56Z,citation,1,count,fda.citations.history,raw/fda.citations.history/2026/09/20260908T142956Z-1844f28fe2c0.json.gz,1
fda.citations.history,firm:1039259,2011-07-12,2026-09-08T14:29:56Z,citation_topic,Failing drug products not rejected,,fda.citations.history,raw/fda.citations.history/2026/09/20260908T142956Z-1844f28fe2c0.json.gz,1
fda.citations.history,firm:1039259,2011-07-12,2026-09-08T14:29:56Z,citation_topic,Reports of Analysis (Components),,fda.citations.history,raw/fda.citations.history/2026/09/20260908T142956Z-1844f28fe2c0.json.gz,1
fda.citations.history,firm:1039259,2011-07-12,2026-09-08T14:29:56Z,citation_topic,Scientifically sound laboratory controls,,fda.citations.history,raw/fda.citations.history/2026/09/20260908T142956Z-1844f28fe2c0.json.gz,1
fda.citations.history,firm:1039259,2011-07-12,2026-09-08T14:29:56Z,citation_topic,Written program not followed,,fda.citations.history,raw/fda.citations.history/2026/09/20260908T142956Z-1844f28fe2c0.json.gz,1
fda.citations.history,firm:1039259,2011-07-12,2026-09-08T14:29:56Z,firm_key,PERFECTO PRODUCTS MFG,,fda.citations.history,raw/fda.citations.history/2026/09/20260908T142956Z-1844f28fe2c0.json.gz,1
fda.citations.history,firm:1039259,2011-07-12,2026-09-08T14:29:56Z,is_gmp,1,bool,fda.citations.history,raw/fda.citations.history/2026/09/20260908T142956Z-1844f28fe2c0.json.gz,1
fda.citations.history,firm:1039259,2011-07-12,2026-09-08T14:29:56Z,label,Perfecto Products Mfg Inc,,fda.citations.history,raw/fda.citations.history/2026/09/20260908T142956Z-1844f28fe2c0.json.gz,1
fda.citations.history,firm:1122637,2011-07-28,2026-09-08T14:29:56Z,cfr,21 CFR 211.192,,fda.citations.history,raw/fda.citations.history/2026/09/20260908T142956Z-1844f28fe2c0.json.gz,1
fda.citations.history,firm:1122637,2011-07-28,2026-09-08T14:29:56Z,cfr,21 CFR 211.68(a),,fda.citations.history,raw/fda.citations.history/2026/09/20260908T142956Z-1844f28fe2c0.json.gz,1
fda.citations.history,firm:1122637,2011-07-28,2026-09-08T14:29:56Z,cfr_part,211,part,fda.citations.history,raw/fda.citations.history/2026/09/20260908T142956Z-1844f28fe2c0.json.gz,1
fda.citations.history,firm:1122637,2011-07-28,2026-09-08T14:29:56Z,citation,1,count,fda.citations.history,raw/fda.citations.history/2026/09/20260908T142956Z-1844f28fe2c0.json.gz,1
fda.citations.history,firm:1122637,2011-07-28,2026-09-08T14:29:56Z,citation_topic,Quality control unit review of records,,fda.citations.history,raw/fda.citations.history/2026/09/20260908T142956Z-1844f28fe2c0.json.gz,1
fda.citations.history,firm:1122637,2011-07-28,2026-09-08T14:29:56Z,citation_topic,Written calibration / inspection records not  kept,,fda.citations.history,raw/fda.citations.history/2026/09/20260908T142956Z-1844f28fe2c0.json.gz,1
fda.citations.history,firm:1122637,2011-07-28,2026-09-08T14:29:56Z,firm_key,FRANKLIN RESPIRATORY AND MEDICAL,,fda.citations.history,raw/fda.citations.history/2026/09/20260908T142956Z-1844f28fe2c0.json.gz,1
fda.citations.history,firm:1122637,2011-07-28,2026-09-08T14:29:56Z,is_gmp,1,bool,fda.citations.history,raw/fda.citations.history/2026/09/20260908T142956Z-1844f28fe2c0.json.gz,1
fda.citations.history,firm:1122637,2011-07-28,2026-09-08T14:29:56Z,label,"Franklin Respiratory and Medical, Inc.",,fda.citations.history,raw/fda.citations.history/2026/09/20260908T142956Z-1844f28fe2c0.json.gz,1
fda.citations.history,firm:1216602,2011-07-18,2026-09-08T14:29:56Z,cfr,21 CFR 211.113(b),,fda.citations.history,raw/fda.citations.history/2026/09/20260908T142956Z-1844f28fe2c0.json.gz,1
fda.citations.history,firm:1216602,2011-07-18,2026-09-08T14:29:56Z,cfr,21 CFR 211.160(a),,fda.citations.history,raw/fda.citations.history/2026/09/20260908T142956Z-1844f28fe2c0.json.gz,1
fda.citations.history,firm:1216602,2011-07-18,2026-09-08T14:29:56Z,cfr,21 CFR 211.160(b),,fda.citations.history,raw/fda.citations.history/2026/09/20260908T142956Z-1844f28fe2c0.json.gz,1
fda.citations.history,firm:1216602,2011-07-18,2026-09-08T14:29:56Z,cfr,21 CFR 211.192,,fda.citations.history,raw/fda.citations.history/2026/09/20260908T142956Z-1844f28fe2c0.json.gz,1
fda.citations.history,firm:1216602,2011-07-18,2026-09-08T14:29:56Z,cfr,21 CFR 211.25(a),,fda.citations.history,raw/fda.citations.history/2026/09/20260908T142956Z-1844f28fe2c0.json.gz,1
fda.citations.history,firm:1216602,2011-07-18,2026-09-08T14:29:56Z,cfr,21 CFR 211.63,,fda.citations.history,raw/fda.citations.history/2026/09/20260908T142956Z-1844f28fe2c0.json.gz,1
fda.citations.history,firm:1216602,2011-07-18,2026-09-08T14:29:56Z,cfr,21 CFR 211.84(d)(6),,fda.citations.history,raw/fda.citations.history/2026/09/20260908T142956Z-1844f28fe2c0.json.gz,1
fda.citations.history,firm:1216602,2011-07-18,2026-09-08T14:29:56Z,cfr,21 CFR 314.81(b)(1)(ii),,fda.citations.history,raw/fda.citations.history/2026/09/20260908T142956Z-1844f28fe2c0.json.gz,1
fda.citations.history,firm:1216602,2011-07-18,2026-09-08T14:29:56Z,cfr_part,211,part,fda.citations.history,raw/fda.citations.history/2026/09/20260908T142956Z-1844f28fe2c0.json.gz,1
fda.citations.history,firm:1216602,2011-07-18,2026-09-08T14:29:56Z,cfr_part,314,part,fda.citations.history,raw/fda.citations.history/2026/09/20260908T142956Z-1844f28fe2c0.json.gz,1
fda.citations.history,firm:1216602,2011-07-18,2026-09-08T14:29:56Z,citation,1,count,fda.citations.history,raw/fda.citations.history/2026/09/20260908T142956Z-1844f28fe2c0.json.gz,1
fda.citations.history,firm:1216602,2011-07-18,2026-09-08T14:29:56Z,citation_topic,"Contamination, chemical or physical change, deterioration",,fda.citations.history,raw/fda.citations.history/2026/09/20260908T142956Z-1844f28fe2c0.json.gz,1
fda.citations.history,firm:1216602,2011-07-18,2026-09-08T14:29:56Z,citation_topic,"Equipment Design, Size and Location",,fda.citations.history,raw/fda.citations.history/2026/09/20260908T142956Z-1844f28fe2c0.json.gz,1
fda.citations.history,firm:1216602,2011-07-18,2026-09-08T14:29:56Z,citation_topic,Following/documenting laboratory controls,,fda.citations.history,raw/fda.citations.history/2026/09/20260908T142956Z-1844f28fe2c0.json.gz,1
fda.citations.history,firm:1216602,2011-07-18,2026-09-08T14:29:56Z,citation_topic,"Investigations of discrepancies, failures",,fda.citations.history,raw/fda.citations.history/2026/09/20260908T142956Z-1844f28fe2c0.json.gz,1
fda.citations.history,firm:1216602,2011-07-18,2026-09-08T14:29:56Z,citation_topic,Microbiological Contamination Exam,,fda.citations.history,raw/fda.citations.history/2026/09/20260908T142956Z-1844f28fe2c0.json.gz,1
fda.citations.history,firm:1216602,2011-07-18,2026-09-08T14:29:56Z,citation_topic,Procedures for sterile drug products,,fda.citations.history,raw/fda.citations.history/2026/09/20260908T142956Z-1844f28fe2c0.json.gz,1
fda.citations.history,firm:1216602,2011-07-18,2026-09-08T14:29:56Z,citation_topic,Scientifically sound laboratory controls,,fda.citations.history,raw/fda.citations.history/2026/09/20260908T142956Z-1844f28fe2c0.json.gz,1
fda.citations.history,firm:1216602,2011-07-18,2026-09-08T14:29:56Z,citation_topic,"Training , Education , Experience overall",,fda.citations.history,raw/fda.citations.history/2026/09/20260908T142956Z-1844f28fe2c0.json.gz,1
fda.citations.history,firm:1216602,2011-07-18,2026-09-08T14:29:56Z,firm_key,LANTHEUS MEDICAL IMAGING,,fda.citations.history,raw/fda.citations.history/2026/09/20260908T142956Z-1844f28fe2c0.json.gz,1
fda.citations.history,firm:1216602,2011-07-18,2026-09-08T14:29:56Z,is_gmp,0,bool,fda.citations.history,raw/fda.citations.history/2026/09/20260908T142956Z-1844f28fe2c0.json.gz,1
fda.citations.history,firm:1216602,2011-07-18,2026-09-08T14:29:56Z,is_gmp,1,bool,fda.citations.history,raw/fda.citations.history/2026/09/20260908T142956Z-1844f28fe2c0.json.gz,1
fda.citations.history,firm:1216602,2011-07-18,2026-09-08T14:29:56Z,label,"Lantheus Medical Imaging, Inc.",,fda.citations.history,raw/fda.citations.history/2026/09/20260908T142956Z-1844f28fe2c0.json.gz,1
fda.citations.history,firm:1221967,2011-07-26,2026-09-08T14:29:56Z,cfr,21 CFR 211.188(b)(8),,fda.citations.history,raw/fda.citations.history/2026/09/20260908T142956Z-1844f28fe2c0.json.gz,1
fda.citations.history,firm:1221967,2011-07-26,2026-09-08T14:29:56Z,cfr_part,211,part,fda.citations.history,raw/fda.citations.history/2026/09/20260908T142956Z-1844f28fe2c0.json.gz,1
fda.citations.history,firm:1221967,2011-07-26,2026-09-08T14:29:56Z,citation,1,count,fda.citations.history,raw/fda.citations.history/2026/09/20260908T142956Z-1844f28fe2c0.json.gz,1
fda.citations.history,firm:1221967,2011-07-26,2026-09-08T14:29:56Z,citation_topic,Labeling control records including specimens or copies,,fda.citations.history,raw/fda.citations.history/2026/09/20260908T142956Z-1844f28fe2c0.json.gz,1
fda.citations.history,firm:1221967,2011-07-26,2026-09-08T14:29:56Z,firm_key,PLZ,,fda.citations.history,raw/fda.citations.history/2026/09/20260908T142956Z-1844f28fe2c0.json.gz,1
fda.citations.history,firm:1221967,2011-07-26,2026-09-08T14:29:56Z,is_gmp,1,bool,fda.citations.history,raw/fda.citations.history/2026/09/20260908T142956Z-1844f28fe2c0.json.gz,1
fda.citations.history,firm:1221967,2011-07-26,2026-09-08T14:29:56Z,label,PLZ Corp,,fda.citations.history,raw/fda.citations.history/2026/09/20260908T142956Z-1844f28fe2c0.json.gz,1
fda.citations.history,firm:1415939,2011-07-15,2026-09-08T14:29:56Z,cfr,21 CFR 211.198(a),,fda.citations.history,raw/fda.citations.history/2026/09/20260908T142956Z-1844f28fe2c0.json.gz,1
fda.citations.history,firm:1415939,2011-07-15,2026-09-08T14:29:56Z,cfr_part,211,part,fda.citations.history,raw/fda.citations.history/2026/09/20260908T142956Z-1844f28fe2c0.json.gz,1
fda.citations.history,firm:1415939,2011-07-15,2026-09-08T14:29:56Z,citation,1,count,fda.citations.history,raw/fda.citations.history/2026/09/20260908T142956Z-1844f28fe2c0.json.gz,1
fda.citations.history,firm:1415939,2011-07-15,2026-09-08T14:29:56Z,citation_topic,Complaint Handling Procedure,,fda.citations.history,raw/fda.citations.history/2026/09/20260908T142956Z-1844f28fe2c0.json.gz,1
fda.citations.history,firm:1415939,2011-07-15,2026-09-08T14:29:56Z,firm_key,ABBOTT,,fda.citations.history,raw/fda.citations.history/2026/09/20260908T142956Z-1844f28fe2c0.json.gz,1
fda.citations.history,firm:1415939,2011-07-15,2026-09-08T14:29:56Z,is_gmp,1,bool,fda.citations.history,raw/fda.citations.history/2026/09/20260908T142956Z-1844f28fe2c0.json.gz,1
fda.citations.history,firm:1415939,2011-07-15,2026-09-08T14:29:56Z,label,Abbott Laboratories,,fda.citations.history,raw/fda.citations.history/2026/09/20260908T142956Z-1844f28fe2c0.json.gz,1
fda.citations.history,firm:1911445,2011-07-08,2026-09-08T14:29:56Z,cfr,21 CFR 211.100(b),,fda.citations.history,raw/fda.citations.history/2026/09/20260908T142956Z-1844f28fe2c0.json.gz,1
fda.citations.history,firm:1911445,2011-07-08,2026-09-08T14:29:56Z,cfr,21 CFR 211.105(b),,fda.citations.history,raw/fda.citations.history/2026/09/20260908T142956Z-1844f28fe2c0.json.gz,1
fda.citations.history,firm:1911445,2011-07-08,2026-09-08T14:29:56Z,cfr,21 CFR 211.182,,fda.citations.history,raw/fda.citations.history/2026/09/20260908T142956Z-1844f28fe2c0.json.gz,1
fda.citations.history,firm:1911445,2011-07-08,2026-09-08T14:29:56Z,cfr,21 CFR 211.192,,fda.citations.history,raw/fda.citations.history/2026/09/20260908T142956Z-1844f28fe2c0.json.gz,1
fda.citations.history,firm:1911445,2011-07-08,2026-09-08T14:29:56Z,cfr,21 CFR 211.198(a),,fda.citations.history,raw/fda.citations.history/2026/09/20260908T142956Z-1844f28fe2c0.json.gz,1
fda.citations.history,firm:1911445,2011-07-08,2026-09-08T14:29:56Z,cfr,21 CFR 211.198(b)(2),,fda.citations.history,raw/fda.citations.history/2026/09/20260908T142956Z-1844f28fe2c0.json.gz,1
fda.citations.history,firm:1911445,2011-07-08,2026-09-08T14:29:56Z,cfr,21 CFR 211.22(d),,fda.citations.history,raw/fda.citations.history/2026/09/20260908T142956Z-1844f28fe2c0.json.gz,1
fda.citations.history,firm:1911445,2011-07-08,2026-09-08T14:29:56Z,cfr,21 CFR 211.25(a),,fda.citations.history,raw/fda.citations.history/2026/09/20260908T142956Z-1844f28fe2c0.json.gz,1
fda.citations.history,firm:1911445,2011-07-08,2026-09-08T14:29:56Z,cfr,21 CFR 211.25(c),,fda.citations.history,raw/fda.citations.history/2026/09/20260908T142956Z-1844f28fe2c0.json.gz,1
fda.citations.history,firm:1911445,2011-07-08,2026-09-08T14:29:56Z,cfr,21 CFR 314.81(b)(1)(i),,fda.citations.history,raw/fda.citations.history/2026/09/20260908T142956Z-1844f28fe2c0.json.gz,1
fda.citations.history,firm:1911445,2011-07-08,2026-09-08T14:29:56Z,cfr_part,211,part,fda.citations.history,raw/fda.citations.history/2026/09/20260908T142956Z-1844f28fe2c0.json.gz,1
fda.citations.history,firm:1911445,2011-07-08,2026-09-08T14:29:56Z,cfr_part,314,part,fda.citations.history,raw/fda.citations.history/2026/09/20260908T142956Z-1844f28fe2c0.json.gz,1
fda.citations.history,firm:1911445,2011-07-08,2026-09-08T14:29:56Z,citation,1,count,fda.citations.history,raw/fda.citations.history/2026/09/20260908T142956Z-1844f28fe2c0.json.gz,1
fda.citations.history,firm:1911445,2011-07-08,2026-09-08T14:29:56Z,citation_topic,Complaint Handling Procedure,,fda.citations.history,raw/fda.citations.history/2026/09/20260908T142956Z-1844f28fe2c0.json.gz,1
fda.citations.history,firm:1911445,2011-07-08,2026-09-08T14:29:56Z,citation_topic,Complaints reviewed by Quality Control Unit,,fda.citations.history,raw/fda.citations.history/2026/09/20260908T142956Z-1844f28fe2c0.json.gz,1
fda.citations.history,firm:1911445,2011-07-08,2026-09-08T14:29:56Z,citation_topic,Distinctive ID or code not recorded in batch record,,fda.citations.history,raw/fda.citations.history/2026/09/20260908T142956Z-1844f28fe2c0.json.gz,1
fda.citations.history,firm:1911445,2011-07-08,2026-09-08T14:29:56Z,citation_topic,"Extent of discrepancy, failure  investigations",,fda.citations.history,raw/fda.citations.history/2026/09/20260908T142956Z-1844f28fe2c0.json.gz,1
fda.citations.history,firm:1911445,2011-07-08,2026-09-08T14:29:56Z,citation_topic,GMP Training Frequency,,fda.citations.history,raw/fda.citations.history/2026/09/20260908T142956Z-1844f28fe2c0.json.gz,1
fda.citations.history,firm:1911445,2011-07-08,2026-09-08T14:29:56Z,citation_topic,Inadequate number of  personnel,,fda.citations.history,raw/fda.citations.history/2026/09/20260908T142956Z-1844f28fe2c0.json.gz,1
fda.citations.history,firm:1911445,2011-07-08,2026-09-08T14:29:56Z,citation_topic,Mix-up,,fda.citations.history,raw/fda.citations.history/2026/09/20260908T142956Z-1844f28fe2c0.json.gz,1
fda.citations.history,firm:1911445,2011-07-08,2026-09-08T14:29:56Z,citation_topic,No written record of investigation,,fda.citations.history,raw/fda.citations.history/2026/09/20260908T142956Z-1844f28fe2c0.json.gz,1
fda.citations.history,firm:1911445,2011-07-08,2026-09-08T14:29:56Z,citation_topic,Procedure Deviations Recorded and Justified,,fda.citations.history,raw/fda.citations.history/2026/09/20260908T142956Z-1844f28fe2c0.json.gz,1
fda.citations.history,firm:1911445,2011-07-08,2026-09-08T14:29:56Z,citation_topic,"Procedures not  in writing, fully followed",,fda.citations.history,raw/fda.citations.history/2026/09/20260908T142956Z-1844f28fe2c0.json.gz,1
fda.citations.history,firm:1911445,2011-07-08,2026-09-08T14:29:56Z,citation_topic,"Written record of complaint to include findings, follow-up",,fda.citations.history,raw/fda.citations.history/2026/09/20260908T142956Z-1844f28fe2c0.json.gz,1
fda.citations.history,firm:1911445,2011-07-08,2026-09-08T14:29:56Z,citation_topic,Written record of investigation incomplete,,fda.citations.history,raw/fda.citations.history/2026/09/20260908T142956Z-1844f28fe2c0.json.gz,1
fda.citations.history,firm:1911445,2011-07-08,2026-09-08T14:29:56Z,citation_topic,Written records kept in individual logs,,fda.citations.history,raw/fda.citations.history/2026/09/20260908T142956Z-1844f28fe2c0.json.gz,1
fda.citations.history,firm:1911445,2011-07-08,2026-09-08T14:29:56Z,firm_key,HALEON US,,fda.citations.history,raw/fda.citations.history/2026/09/20260908T142956Z-1844f28fe2c0.json.gz,1
fda.citations.history,firm:1911445,2011-07-08,2026-09-08T14:29:56Z,is_gmp,0,bool,fda.citations.history,raw/fda.citations.history/2026/09/20260908T142956Z-1844f28fe2c0.json.gz,1
fda.citations.history,firm:1911445,2011-07-08,2026-09-08T14:29:56Z,is_gmp,1,bool,fda.citations.history,raw/fda.citations.history/2026/09/20260908T142956Z-1844f28fe2c0.json.gz,1
fda.citations.history,firm:1911445,2011-07-08,2026-09-08T14:29:56Z,label,Haleon US Inc.,,fda.citations.history,raw/fda.citations.history/2026/09/20260908T142956Z-1844f28fe2c0.json.gz,1
fda.citations.history,firm:2027711,2011-07-07,2026-09-08T14:29:56Z,cfr,21 CFR 211.110(a),,fda.citations.history,raw/fda.citations.history/2026/09/20260908T142956Z-1844f28fe2c0.json.gz,1
fda.citations.history,firm:2027711,2011-07-07,2026-09-08T14:29:56Z,cfr,21 CFR 211.192,,fda.citations.history,raw/fda.citations.history/2026/09/20260908T142956Z-1844f28fe2c0.json.gz,1
fda.citations.history,firm:2027711,2011-07-07,2026-09-08T14:29:56Z,cfr_part,211,part,fda.citations.history,raw/fda.citations.history/2026/09/20260908T142956Z-1844f28fe2c0.json.gz,1
fda.citations.history,firm:2027711,2011-07-07,2026-09-08T14:29:56Z,citation,1,count,fda.citations.history,raw/fda.citations.history/2026/09/20260908T142956Z-1844f28fe2c0.json.gz,1
fda.citations.history,firm:2027711,2011-07-07,2026-09-08T14:29:56Z,citation_topic,Control procedures to monitor and validate performance,,fda.citations.history,raw/fda.citations.history/2026/09/20260908T142956Z-1844f28fe2c0.json.gz,1
fda.citations.history,firm:2027711,2011-07-07,2026-09-08T14:29:56Z,citation_topic,Written record of investigation incomplete,,fda.citations.history,raw/fda.citations.history/2026/09/20260908T142956Z-1844f28fe2c0.json.gz,1
fda.citations.history,firm:2027711,2011-07-07,2026-09-08T14:29:56Z,firm_key,SHINE PRETTY USA,,fda.citations.history,raw/fda.citations.history/2026/09/20260908T142956Z-1844f28fe2c0.json.gz,1
fda.citations.history,firm:2027711,2011-07-07,2026-09-08T14:29:56Z,is_gmp,1,bool,fda.citations.history,raw/fda.citations.history/2026/09/20260908T142956Z-1844f28fe2c0.json.gz,1
fda.citations.history,firm:2027711,2011-07-07,2026-09-08T14:29:56Z,label,"Shine & Pretty (USA), Corp.",,fda.citations.history,raw/fda.citations.history/2026/09/20260908T142956Z-1844f28fe2c0.json.gz,1
fda.citations.history,firm:2410853,2011-07-22,2026-09-08T14:29:56Z,cfr,21 CFR 211.110(a),,fda.citations.history,raw/fda.citations.history/2026/09/20260908T142956Z-1844f28fe2c0.json.gz,1
fda.citations.history,firm:2410853,2011-07-22,2026-09-08T14:29:56Z,cfr,21 CFR 211.160(b),,fda.citations.history,raw/fda.citations.history/2026/09/20260908T142956Z-1844f28fe2c0.json.gz,1
fda.citations.history,firm:2410853,2011-07-22,2026-09-08T14:29:56Z,cfr,21 CFR 211.22(d),,fda.citations.history,raw/fda.citations.history/2026/09/20260908T142956Z-1844f28fe2c0.json.gz,1
fda.citations.history,firm:2410853,2011-07-22,2026-09-08T14:29:56Z,cfr_part,211,part,fda.citations.history,raw/fda.citations.history/2026/09/20260908T142956Z-1844f28fe2c0.json.gz,1
fda.citations.history,firm:2410853,2011-07-22,2026-09-08T14:29:56Z,citation,1,count,fda.citations.history,raw/fda.citations.history/2026/09/20260908T142956Z-1844f28fe2c0.json.gz,1
fda.citations.history,firm:2410853,2011-07-22,2026-09-08T14:29:56Z,citation_topic,Control procedures to monitor and validate performance,,fda.citations.history,raw/fda.citations.history/2026/09/20260908T142956Z-1844f28fe2c0.json.gz,1
fda.citations.history,firm:2410853,2011-07-22,2026-09-08T14:29:56Z,citation_topic,"Procedures not  in writing, fully followed",,fda.citations.history,raw/fda.citations.history/2026/09/20260908T142956Z-1844f28fe2c0.json.gz,1
fda.citations.history,firm:2410853,2011-07-22,2026-09-08T14:29:56Z,citation_topic,Scientifically sound laboratory controls,,fda.citations.history,raw/fda.citations.history/2026/09/20260908T142956Z-1844f28fe2c0.json.gz,1
fda.citations.history,firm:2410853,2011-07-22,2026-09-08T14:29:56Z,firm_key,UNITED GUARDIAN,,fda.citations.history,raw/fda.citations.history/2026/09/20260908T142956Z-1844f28fe2c0.json.gz,1
fda.citations.history,firm:2410853,2011-07-22,2026-09-08T14:29:56Z,is_gmp,1,bool,fda.citations.history,raw/fda.citations.history/2026/09/20260908T142956Z-1844f28fe2c0.json.gz,1
fda.citations.history,firm:2410853,2011-07-22,2026-09-08T14:29:56Z,label,"United-Guardian, Inc.",,fda.citations.history,raw/fda.citations.history/2026/09/20260908T142956Z-1844f28fe2c0.json.gz,1
fda.citations.history,firm:2411192,2011-07-05,2026-09-08T14:29:56Z,cfr,21 CFR 211.166(a)(1),,fda.citations.history,raw/fda.citations.history/2026/09/20260908T142956Z-1844f28fe2c0.json.gz,1
fda.citations.history,firm:2411192,2011-07-05,2026-09-08T14:29:56Z,cfr,21 CFR 211.84(d)(6),,fda.citations.history,raw/fda.citations.history/2026/09/20260908T142956Z-1844f28fe2c0.json.gz,1
fda.citations.history,firm:2411192,2011-07-05,2026-09-08T14:29:56Z,cfr_part,211,part,fda.citations.history,raw/fda.citations.history/2026/09/20260908T142956Z-1844f28fe2c0.json.gz,1
fda.citations.history,firm:2411192,2011-07-05,2026-09-08T14:29:56Z,citation,1,count,fda.citations.history,raw/fda.citations.history/2026/09/20260908T142956Z-1844f28fe2c0.json.gz,1
fda.citations.history,firm:2411192,2011-07-05,2026-09-08T14:29:56Z,citation_topic,Microbiological Contamination Exam,,fda.citations.history,raw/fda.citations.history/2026/09/20260908T142956Z-1844f28fe2c0.json.gz,1
fda.citations.history,firm:2411192,2011-07-05,2026-09-08T14:29:56Z,citation_topic,Sample size - test intervals,,fda.citations.history,raw/fda.citations.history/2026/09/20260908T142956Z-1844f28fe2c0.json.gz,1
fda.citations.history,firm:2411192,2011-07-05,2026-09-08T14:29:56Z,firm_key,PROFESSIONAL DISPOSABLES,,fda.citations.history,raw/fda.citations.history/2026/09/20260908T142956Z-1844f28fe2c0.json.gz,1
fda.citations.history,firm:2411192,2011-07-05,2026-09-08T14:29:56Z,is_gmp,1,bool,fda.citations.history,raw/fda.citations.history/2026/09/20260908T142956Z-1844f28fe2c0.json.gz,1
fda.citations.history,firm:2411192,2011-07-05,2026-09-08T14:29:56Z,label,"Professional Disposables International, Inc.",,fda.citations.history,raw/fda.citations.history/2026/09/20260908T142956Z-1844f28fe2c0.json.gz,1
fda.citations.history,firm:2517100,2011-07-05,2026-09-08T14:29:56Z,cfr,21 CFR 211.192,,fda.citations.history,raw/fda.citations.history/2026/09/20260908T142956Z-1844f28fe2c0.json.gz,1
fda.citations.history,firm:2517100,2011-07-05,2026-09-08T14:29:56Z,cfr_part,211,part,fda.citations.history,raw/fda.citations.history/2026/09/20260908T142956Z-1844f28fe2c0.json.gz,1
fda.citations.history,firm:2517100,2011-07-05,2026-09-08T14:29:56Z,citation,1,count,fda.citations.history,raw/fda.citations.history/2026/09/20260908T142956Z-1844f28fe2c0.json.gz,1
fda.citations.history,firm:2517100,2011-07-05,2026-09-08T14:29:56Z,citation_topic,"Investigations of discrepancies, failures",,fda.citations.history,raw/fda.citations.history/2026/09/20260908T142956Z-1844f28fe2c0.json.gz,1
fda.citations.history,firm:2517100,2011-07-05,2026-09-08T14:29:56Z,firm_key,ASTRAZENECA LP,,fda.citations.history,raw/fda.citations.history/2026/09/20260908T142956Z-1844f28fe2c0.json.gz,1
fda.citations.history,firm:2517100,2011-07-05,2026-09-08T14:29:56Z,is_gmp,1,bool,fda.citations.history,raw/fda.citations.history/2026/09/20260908T142956Z-1844f28fe2c0.json.gz,1
fda.citations.history,firm:2517100,2011-07-05,2026-09-08T14:29:56Z,label,"AstraZeneca Pharmaceuticals, LP",,fda.citations.history,raw/fda.citations.history/2026/09/20260908T142956Z-1844f28fe2c0.json.gz,1
fda.citations.history,firm:2522638,2011-07-26,2026-09-08T14:29:56Z,cfr,21 CFR 211.100(a),,fda.citations.history,raw/fda.citations.history/2026/09/20260908T142956Z-1844f28fe2c0.json.gz,1
fda.citations.history,firm:2522638,2011-07-26,2026-09-08T14:29:56Z,cfr,21 CFR 211.110(a),,fda.citations.history,raw/fda.citations.history/2026/09/20260908T142956Z-1844f28fe2c0.json.gz,1
fda.citations.history,firm:2522638,2011-07-26,2026-09-08T14:29:56Z,cfr,21 CFR 211.160(a),,fda.citations.history,raw/fda.citations.history/2026/09/20260908T142956Z-1844f28fe2c0.json.gz,1
fda.citations.history,firm:2522638,2011-07-26,2026-09-08T14:29:56Z,cfr,21 CFR 211.180(e),,fda.citations.history,raw/fda.citations.history/2026/09/20260908T142956Z-1844f28fe2c0.json.gz,1
fda.citations.history,firm:2522638,2011-07-26,2026-09-08T14:29:56Z,cfr,21 CFR 211.186(b)(9),,fda.citations.history,raw/fda.citations.history/2026/09/20260908T142956Z-1844f28fe2c0.json.gz,1
fda.citations.history,firm:2522638,2011-07-26,2026-09-08T14:29:56Z,cfr,21 CFR 211.188,,fda.citations.history,raw/fda.citations.history/2026/09/20260908T142956Z-1844f28fe2c0.json.gz,1
fda.citations.history,firm:2522638,2011-07-26,2026-09-08T14:29:56Z,cfr,21 CFR 211.192,,fda.citations.history,raw/fda.citations.history/2026/09/20260908T142956Z-1844f28fe2c0.json.gz,1
fda.citations.history,firm:2522638,2011-07-26,2026-09-08T14:29:56Z,cfr,21 CFR 211.198(b),,fda.citations.history,raw/fda.citations.history/2026/09/20260908T142956Z-1844f28fe2c0.json.gz,1
fda.citations.history,firm:2522638,2011-07-26,2026-09-08T14:29:56Z,cfr,21 CFR 211.22(a),,fda.citations.history,raw/fda.citations.history/2026/09/20260908T142956Z-1844f28fe2c0.json.gz,1
fda.citations.history,firm:2522638,2011-07-26,2026-09-08T14:29:56Z,cfr,21 CFR 211.22(d),,fda.citations.history,raw/fda.citations.history/2026/09/20260908T142956Z-1844f28fe2c0.json.gz,1
fda.citations.history,firm:2522638,2011-07-26,2026-09-08T14:29:56Z,cfr,21 CFR 211.46(b),,fda.citations.history,raw/fda.citations.history/2026/09/20260908T142956Z-1844f28fe2c0.json.gz,1
fda.citations.history,firm:2522638,2011-07-26,2026-09-08T14:29:56Z,cfr,21 CFR 211.67(b),,fda.citations.history,raw/fda.citations.history/2026/09/20260908T142956Z-1844f28fe2c0.json.gz,1
fda.citations.history,firm:2522638,2011-07-26,2026-09-08T14:29:56Z,cfr,21 CFR 211.68(a),,fda.citations.history,raw/fda.citations.history/2026/09/20260908T142956Z-1844f28fe2c0.json.gz,1
fda.citations.history,firm:2522638,2011-07-26,2026-09-08T14:29:56Z,cfr_part,211,part,fda.citations.history,raw/fda.citations.history/2026/09/20260908T142956Z-1844f28fe2c0.json.gz,1
fda.citations.history,firm:2522638,2011-07-26,2026-09-08T14:29:56Z,citation,1,count,fda.citations.history,raw/fda.citations.history/2026/09/20260908T142956Z-1844f28fe2c0.json.gz,1
fda.citations.history,firm:2522638,2011-07-26,2026-09-08T14:29:56Z,citation_topic,Approval and review of procedures,,fda.citations.history,raw/fda.citations.history/2026/09/20260908T142956Z-1844f28fe2c0.json.gz,1
fda.citations.history,firm:2522638,2011-07-26,2026-09-08T14:29:56Z,citation_topic,"Authority lacking to review records, investigate errors",,fda.citations.history,raw/fda.citations.history/2026/09/20260908T142956Z-1844f28fe2c0.json.gz,1
fda.citations.history,firm:2522638,2011-07-26,2026-09-08T14:29:56Z,citation_topic,Calibration/Inspection/Checking not done,,fda.citations.history,raw/fda.citations.history/2026/09/20260908T142956Z-1844f28fe2c0.json.gz,1
fda.citations.history,firm:2522638,2011-07-26,2026-09-08T14:29:56Z,citation_topic,"Complete instructions, procedures, specifications et. al.",,fda.citations.history,raw/fda.citations.history/2026/09/20260908T142956Z-1844f28fe2c0.json.gz,1
fda.citations.history,firm:2522638,2011-07-26,2026-09-08T14:29:56Z,citation_topic,Control procedures to monitor and validate performance,,fda.citations.history,raw/fda.citations.history/2026/09/20260908T142956Z-1844f28fe2c0.json.gz,1
fda.citations.history,firm:2522638,2011-07-26,2026-09-08T14:29:56Z,citation_topic,Equipment for Environmental Control,,fda.citations.history,raw/fda.citations.history/2026/09/20260908T142956Z-1844f28fe2c0.json.gz,1
fda.citations.history,firm:2522638,2011-07-26,2026-09-08T14:29:56Z,citation_topic,"Extent of discrepancy, failure  investigations",,fda.citations.history,raw/fda.citations.history/2026/09/20260908T142956Z-1844f28fe2c0.json.gz,1
fda.citations.history,firm:2522638,2011-07-26,2026-09-08T14:29:56Z,citation_topic,"Lab controls established, including changes",,fda.citations.history,raw/fda.citations.history/2026/09/20260908T142956Z-1844f28fe2c0.json.gz,1
fda.citations.history,firm:2522638,2011-07-26,2026-09-08T14:29:56Z,citation_topic,"Prepared for each batch, include complete information",,fda.citations.history,raw/fda.citations.history/2026/09/20260908T142956Z-1844f28fe2c0.json.gz,1
fda.citations.history,firm:2522638,2011-07-26,2026-09-08T14:29:56Z,citation_topic,"Procedures not  in writing, fully followed",,fda.citations.history,raw/fda.citations.history/2026/09/20260908T142956Z-1844f28fe2c0.json.gz,1
fda.citations.history,firm:2522638,2011-07-26,2026-09-08T14:29:56Z,citation_topic,Records reviewed annually,,fda.citations.history,raw/fda.citations.history/2026/09/20260908T142956Z-1844f28fe2c0.json.gz,1
fda.citations.history,firm:2522638,2011-07-26,2026-09-08T14:29:56Z,citation_topic,Written complaint record  to be maintained at facility,,fda.citations.history,raw/fda.citations.history/2026/09/20260908T142956Z-1844f28fe2c0.json.gz,1
fda.citations.history,firm:2522638,2011-07-26,2026-09-08T14:29:56Z,citation_topic,Written procedures fail to include,,fda.citations.history,raw/fda.citations.history/2026/09/20260908T142956Z-1844f28fe2c0.json.gz,1
fda.citations.history,firm:2522638,2011-07-26,2026-09-08T14:29:56Z,firm_key,HERCON,,fda.citations.history,raw/fda.citations.history/2026/09/20260908T142956Z-1844f28fe2c0.json.gz,1
fda.citations.history,firm:2522638,2011-07-26,2026-09-08T14:29:56Z,is_gmp,1,bool,fda.citations.history,raw/fda.citations.history/2026/09/20260908T142956Z-1844f28fe2c0.json.gz,1
fda.citations.history,firm:2522638,2011-07-26,2026-09-08T14:29:56Z,label,"Hercon Pharmaceuticals, LLC",,fda.citations.history,raw/fda.citations.history/2026/09/20260908T142956Z-1844f28fe2c0.json.gz,1
fda.citations.history,firm:2619635,2011-07-29,2026-09-08T14:29:56Z,cfr,21 CFR 211.110(a),,fda.citations.history,raw/fda.citations.history/2026/09/20260908T142956Z-1844f28fe2c0.json.gz,1
fda.citations.history,firm:2619635,2011-07-29,2026-09-08T14:29:56Z,cfr,21 CFR 211.160(b),,fda.citations.history,raw/fda.citations.history/2026/09/20260908T142956Z-1844f28fe2c0.json.gz,1
fda.citations.history,firm:2619635,2011-07-29,2026-09-08T14:29:56Z,cfr,21 CFR 211.166(a),,fda.citations.history,raw/fda.citations.history/2026/09/20260908T142956Z-1844f28fe2c0.json.gz,1
fda.citations.history,firm:2619635,2011-07-29,2026-09-08T14:29:56Z,cfr,21 CFR 211.192,,fda.citations.history,raw/fda.citations.history/2026/09/20260908T142956Z-1844f28fe2c0.json.gz,1
fda.citations.history,firm:2619635,2011-07-29,2026-09-08T14:29:56Z,cfr,21 CFR 211.22(d),,fda.citations.history,raw/fda.citations.history/2026/09/20260908T142956Z-1844f28fe2c0.json.gz,1
fda.citations.history,firm:2619635,2011-07-29,2026-09-08T14:29:56Z,cfr_part,211,part,fda.citations.history,raw/fda.citations.history/2026/09/20260908T142956Z-1844f28fe2c0.json.gz,1
fda.citations.history,firm:2619635,2011-07-29,2026-09-08T14:29:56Z,citation,1,count,fda.citations.history,raw/fda.citations.history/2026/09/20260908T142956Z-1844f28fe2c0.json.gz,1
fda.citations.history,firm:2619635,2011-07-29,2026-09-08T14:29:56Z,citation_topic,Control procedures to monitor and validate performance,,fda.citations.history,raw/fda.citations.history/2026/09/20260908T142956Z-1844f28fe2c0.json.gz,1
fda.citations.history,firm:2619635,2011-07-29,2026-09-08T14:29:56Z,citation_topic,"Investigations of discrepancies, failures",,fda.citations.history,raw/fda.citations.history/2026/09/20260908T142956Z-1844f28fe2c0.json.gz,1
fda.citations.history,firm:2619635,2011-07-29,2026-09-08T14:29:56Z,citation_topic,"Procedures not  in writing, fully followed",,fda.citations.history,raw/fda.citations.history/2026/09/20260908T142956Z-1844f28fe2c0.json.gz,1
fda.citations.history,firm:2619635,2011-07-29,2026-09-08T14:29:56Z,citation_topic,"Results not used for expiration dates, storage cond.",,fda.citations.history,raw/fda.citations.history/2026/09/20260908T142956Z-1844f28fe2c0.json.gz,1
fda.citations.history,firm:2619635,2011-07-29,2026-09-08T14:29:56Z,citation_topic,Scientifically sound laboratory controls,,fda.citations.history,raw/fda.citations.history/2026/09/20260908T142956Z-1844f28fe2c0.json.gz,1
fda.citations.history,firm:2619635,2011-07-29,2026-09-08T14:29:56Z,firm_key,TEVA PUERTO RICO,,fda.citations.history,raw/fda.citations.history/2026/09/20260908T142956Z-1844f28fe2c0.json.gz,1
fda.citations.history,firm:2619635,2011-07-29,2026-09-08T14:29:56Z,is_gmp,1,bool,fda.citations.history,raw/fda.citations.history/2026/09/20260908T142956Z-1844f28fe2c0.json.gz,1
fda.citations.history,firm:2619635,2011-07-29,2026-09-08T14:29:56Z,label,Teva Puerto Rico LLC,,fda.citations.history,raw/fda.citations.history/2026/09/20260908T142956Z-1844f28fe2c0.json.gz,1
fda.citations.history,firm:2650166,2011-07-12,2026-09-08T14:29:56Z,cfr,21 CFR 211.198(b)(3),,fda.citations.history,raw/fda.citations.history/2026/09/20260908T142956Z-1844f28fe2c0.json.gz,1
fda.citations.history,firm:2650166,2011-07-12,2026-09-08T14:29:56Z,cfr,21 CFR 314.81(b)(1)(ii),,fda.citations.history,raw/fda.citations.history/2026/09/20260908T142956Z-1844f28fe2c0.json.gz,1
fda.citations.history,firm:2650166,2011-07-12,2026-09-08T14:29:56Z,cfr_part,211,part,fda.citations.history,raw/fda.citations.history/2026/09/20260908T142956Z-1844f28fe2c0.json.gz,1
fda.citations.history,firm:2650166,2011-07-12,2026-09-08T14:29:56Z,cfr_part,314,part,fda.citations.history,raw/fda.citations.history/2026/09/20260908T142956Z-1844f28fe2c0.json.gz,1
fda.citations.history,firm:2650166,2011-07-12,2026-09-08T14:29:56Z,citation,1,count,fda.citations.history,raw/fda.citations.history/2026/09/20260908T142956Z-1844f28fe2c0.json.gz,1
fda.citations.history,firm:2650166,2011-07-12,2026-09-08T14:29:56Z,citation_topic,Determination not to conduct investigation of complaint,,fda.citations.history,raw/fda.citations.history/2026/09/20260908T142956Z-1844f28fe2c0.json.gz,1
fda.citations.history,firm:2650166,2011-07-12,2026-09-08T14:29:56Z,citation_topic,Failure to meet specifications,,fda.citations.history,raw/fda.citations.history/2026/09/20260908T142956Z-1844f28fe2c0.json.gz,1
fda.citations.history,firm:2650166,2011-07-12,2026-09-08T14:29:56Z,firm_key,KNOLL,,fda.citations.history,raw/fda.citations.history/2026/09/20260908T142956Z-1844f28fe2c0.json.gz,1
fda.citations.history,firm:2650166,2011-07-12,2026-09-08T14:29:56Z,is_gmp,0,bool,fda.citations.history,raw/fda.citations.history/2026/09/20260908T142956Z-1844f28fe2c0.json.gz,1
fda.citations.history,firm:2650166,2011-07-12,2026-09-08T14:29:56Z,is_gmp,1,bool,fda.citations.history,raw/fda.citations.history/2026/09/20260908T142956Z-1844f28fe2c0.json.gz,1
fda.citations.history,firm:2650166,2011-07-12,2026-09-08T14:29:56Z,label,Knoll LLC,,fda.citations.history,raw/fda.citations.history/2026/09/20260908T142956Z-1844f28fe2c0.json.gz,1
fda.citations.history,firm:2937960,2011-07-29,2026-09-08T14:29:56Z,cfr,21 CFR 211.100(a),,fda.citations.history,raw/fda.citations.history/2026/09/20260908T142956Z-1844f28fe2c0.json.gz,1
fda.citations.history,firm:2937960,2011-07-29,2026-09-08T14:29:56Z,cfr,21 CFR 211.150,,fda.citations.history,raw/fda.citations.history/2026/09/20260908T142956Z-1844f28fe2c0.json.gz,1
fda.citations.history,firm:2937960,2011-07-29,2026-09-08T14:29:56Z,cfr,21 CFR 211.160(a),,fda.citations.history,raw/fda.citations.history/2026/09/20260908T142956Z-1844f28fe2c0.json.gz,1
fda.citations.history,firm:2937960,2011-07-29,2026-09-08T14:29:56Z,cfr,21 CFR 211.186(b)(9),,fda.citations.history,raw/fda.citations.history/2026/09/20260908T142956Z-1844f28fe2c0.json.gz,1
fda.citations.history,firm:2937960,2011-07-29,2026-09-08T14:29:56Z,cfr,21 CFR 211.192,,fda.citations.history,raw/fda.citations.history/2026/09/20260908T142956Z-1844f28fe2c0.json.gz,1
fda.citations.history,firm:2937960,2011-07-29,2026-09-08T14:29:56Z,cfr,21 CFR 211.22(d),,fda.citations.history,raw/fda.citations.history/2026/09/20260908T142956Z-1844f28fe2c0.json.gz,1
fda.citations.history,firm:2937960,2011-07-29,2026-09-08T14:29:56Z,cfr_part,211,part,fda.citations.history,raw/fda.citations.history/2026/09/20260908T142956Z-1844f28fe2c0.json.gz,1
fda.citations.history,firm:2937960,2011-07-29,2026-09-08T14:29:56Z,citation,1,count,fda.citations.history,raw/fda.citations.history/2026/09/20260908T142956Z-1844f28fe2c0.json.gz,1
fda.citations.history,firm:2937960,2011-07-29,2026-09-08T14:29:56Z,citation_topic,Absence of Written Procedures,,fda.citations.history,raw/fda.citations.history/2026/09/20260908T142956Z-1844f28fe2c0.json.gz,1
fda.citations.history,firm:2937960,2011-07-29,2026-09-08T14:29:56Z,citation_topic,"Investigations of discrepancies, failures",,fda.citations.history,raw/fda.citations.history/2026/09/20260908T142956Z-1844f28fe2c0.json.gz,1
fda.citations.history,firm:2937960,2011-07-29,2026-09-08T14:29:56Z,citation_topic,"Lab controls established, including changes",,fda.citations.history,raw/fda.citations.history/2026/09/20260908T142956Z-1844f28fe2c0.json.gz,1
fda.citations.history,firm:2937960,2011-07-29,2026-09-08T14:29:56Z,citation_topic,Manufacturing Instructions and Specifications,,fda.citations.history,raw/fda.citations.history/2026/09/20260908T142956Z-1844f28fe2c0.json.gz,1
fda.citations.history,firm:2937960,2011-07-29,2026-09-08T14:29:56Z,citation_topic,"Procedures not  in writing, fully followed",,fda.citations.history,raw/fda.citations.history/2026/09/20260908T142956Z-1844f28fe2c0.json.gz,1
fda.citations.history,firm:2937960,2011-07-29,2026-09-08T14:29:56Z,citation_topic,Written distribution procedure,,fda.citations.history,raw/fda.citations.history/2026/09/20260908T142956Z-1844f28fe2c0.json.gz,1
fda.citations.history,firm:2937960,2011-07-29,2026-09-08T14:29:56Z,firm_key,FORMULATION TECHNOLOGY,,fda.citations.history,raw/fda.citations.history/2026/09/20260908T142956Z-1844f28fe2c0.json.gz,1
fda.citations.history,firm:2937960,2011-07-29,2026-09-08T14:29:56Z,is_gmp,1,bool,fda.citations.history,raw/fda.citations.history/2026/09/20260908T142956Z-1844f28fe2c0.json.gz,1
fda.citations.history,firm:2937960,2011-07-29,2026-09-08T14:29:56Z,label,Formulation Technology LLC,,fda.citations.history,raw/fda.citations.history/2026/09/20260908T142956Z-1844f28fe2c0.json.gz,1
fda.citations.history,firm:3000719791,2011-07-21,2026-09-08T14:29:56Z,cfr,21 CFR 211.198(a),,fda.citations.history,raw/fda.citations.history/2026/09/20260908T142956Z-1844f28fe2c0.json.gz,1
fda.citations.history,firm:3000719791,2011-07-21,2026-09-08T14:29:56Z,cfr_part,211,part,fda.citations.history,raw/fda.citations.history/2026/09/20260908T142956Z-1844f28fe2c0.json.gz,1
fda.citations.history,firm:3000719791,2011-07-21,2026-09-08T14:29:56Z,citation,1,count,fda.citations.history,raw/fda.citations.history/2026/09/20260908T142956Z-1844f28fe2c0.json.gz,1
fda.citations.history,firm:3000719791,2011-07-21,2026-09-08T14:29:56Z,citation_topic,Quality Control Review,,fda.citations.history,raw/fda.citations.history/2026/09/20260908T142956Z-1844f28fe2c0.json.gz,1
fda.citations.history,firm:3000719791,2011-07-21,2026-09-08T14:29:56Z,firm_key,ROGERS PHARMACY,,fda.citations.history,raw/fda.citations.history/2026/09/20260908T142956Z-1844f28fe2c0.json.gz,1
fda.citations.history,firm:3000719791,2011-07-21,2026-09-08T14:29:56Z,is_gmp,1,bool,fda.citations.history,raw/fda.citations.history/2026/09/20260908T142956Z-1844f28fe2c0.json.gz,1
fda.citations.history,firm:3000719791,2011-07-21,2026-09-08T14:29:56Z,label,Rogers Pharmacy,,fda.citations.history,raw/fda.citations.history/2026/09/20260908T142956Z-1844f28fe2c0.json.gz,1
fda.citations.history,firm:3001236555,2011-07-19,2026-09-08T14:29:56Z,cfr,21 CFR 211.110(c),,fda.citations.history,raw/fda.citations.history/2026/09/20260908T142956Z-1844f28fe2c0.json.gz,1
fda.citations.history,firm:3001236555,2011-07-19,2026-09-08T14:29:56Z,cfr,21 CFR 211.130(b),,fda.citations.history,raw/fda.citations.history/2026/09/20260908T142956Z-1844f28fe2c0.json.gz,1
fda.citations.history,firm:3001236555,2011-07-19,2026-09-08T14:29:56Z,cfr,21 CFR 211.130(d),,fda.citations.history,raw/fda.citations.history/2026/09/20260908T142956Z-1844f28fe2c0.json.gz,1
fda.citations.history,firm:3001236555,2011-07-19,2026-09-08T14:29:56Z,cfr,21 CFR 211.160(b),,fda.citations.history,raw/fda.citations.history/2026/09/20260908T142956Z-1844f28fe2c0.json.gz,1
fda.citations.history,firm:3001236555,2011-07-19,2026-09-08T14:29:56Z,cfr,21 CFR 211.165(a),,fda.citations.history,raw/fda.citations.history/2026/09/20260908T142956Z-1844f28fe2c0.json.gz,1
fda.citations.history,firm:3001236555,2011-07-19,2026-09-08T14:29:56Z,cfr,21 CFR 211.184(c),,fda.citations.history,raw/fda.citations.history/2026/09/20260908T142956Z-1844f28fe2c0.json.gz,1
fda.citations.history,firm:3001236555,2011-07-19,2026-09-08T14:29:56Z,cfr,21 CFR 211.188,,fda.citations.history,raw/fda.citations.history/2026/09/20260908T142956Z-1844f28fe2c0.json.gz,1
fda.citations.history,firm:3001236555,2011-07-19,2026-09-08T14:29:56Z,cfr,21 CFR 211.198(b),,fda.citations.history,raw/fda.citations.history/2026/09/20260908T142956Z-1844f28fe2c0.json.gz,1
fda.citations.history,firm:3001236555,2011-07-19,2026-09-08T14:29:56Z,cfr,21 CFR 211.56(a),,fda.citations.history,raw/fda.citations.history/2026/09/20260908T142956Z-1844f28fe2c0.json.gz,1
fda.citations.history,firm:3001236555,2011-07-19,2026-09-08T14:29:56Z,cfr,21 CFR 211.56(b),,fda.citations.history,raw/fda.citations.history/2026/09/20260908T142956Z-1844f28fe2c0.json.gz,1
fda.citations.history,firm:3001236555,2011-07-19,2026-09-08T14:29:56Z,cfr,21 CFR 211.67(c),,fda.citations.history,raw/fda.citations.history/2026/09/20260908T142956Z-1844f28fe2c0.json.gz,1
fda.citations.history,firm:3001236555,2011-07-19,2026-09-08T14:29:56Z,cfr,21 CFR 211.84(a),,fda.citations.history,raw/fda.citations.history/2026/09/20260908T142956Z-1844f28fe2c0.json.gz,1
fda.citations.history,firm:3001236555,2011-07-19,2026-09-08T14:29:56Z,cfr,21 CFR 211.84(e),,fda.citations.history,raw/fda.citations.history/2026/09/20260908T142956Z-1844f28fe2c0.json.gz,1
fda.citations.history,firm:3001236555,2011-07-19,2026-09-08T14:29:56Z,cfr_part,211,part,fda.citations.history,raw/fda.citations.history/2026/09/20260908T142956Z-1844f28fe2c0.json.gz,1
fda.citations.history,firm:3001236555,2011-07-19,2026-09-08T14:29:56Z,citation,1,count,fda.citations.history,raw/fda.citations.history/2026/09/20260908T142956Z-1844f28fe2c0.json.gz,1
fda.citations.history,firm:3001236555,2011-07-19,2026-09-08T14:29:56Z,citation_topic,Cleaning/maintenance records not kept,,fda.citations.history,raw/fda.citations.history/2026/09/20260908T142956Z-1844f28fe2c0.json.gz,1
fda.citations.history,firm:3001236555,2011-07-19,2026-09-08T14:29:56Z,citation_topic,Complaint File Location,,fda.citations.history,raw/fda.citations.history/2026/09/20260908T142956Z-1844f28fe2c0.json.gz,1
fda.citations.history,firm:3001236555,2011-07-19,2026-09-08T14:29:56Z,citation_topic,Components withheld from use pending release,,fda.citations.history,raw/fda.citations.history/2026/09/20260908T142956Z-1844f28fe2c0.json.gz,1
fda.citations.history,firm:3001236555,2011-07-19,2026-09-08T14:29:56Z,citation_topic,Examination of packaging and labeling,,fda.citations.history,raw/fda.citations.history/2026/09/20260908T142956Z-1844f28fe2c0.json.gz,1
fda.citations.history,firm:3001236555,2011-07-19,2026-09-08T14:29:56Z,citation_topic,In-process materials characteristics testing,,fda.citations.history,raw/fda.citations.history/2026/09/20260908T142956Z-1844f28fe2c0.json.gz,1
fda.citations.history,firm:3001236555,2011-07-19,2026-09-08T14:29:56Z,citation_topic,Individual inventory record,,fda.citations.history,raw/fda.citations.history/2026/09/20260908T142956Z-1844f28fe2c0.json.gz,1
fda.citations.history,firm:3001236555,2011-07-19,2026-09-08T14:29:56Z,citation_topic,"Prepared for each batch, include complete information",,fda.citations.history,raw/fda.citations.history/2026/09/20260908T142956Z-1844f28fe2c0.json.gz,1
fda.citations.history,firm:3001236555,2011-07-19,2026-09-08T14:29:56Z,citation_topic,Rejecting  When Specifications Not Met,,fda.citations.history,raw/fda.citations.history/2026/09/20260908T142956Z-1844f28fe2c0.json.gz,1
fda.citations.history,firm:3001236555,2011-07-19,2026-09-08T14:29:56Z,citation_topic,"Sanitation--buildings not clean, free of infestation",,fda.citations.history,raw/fda.citations.history/2026/09/20260908T142956Z-1844f28fe2c0.json.gz,1
fda.citations.history,firm:3001236555,2011-07-19,2026-09-08T14:29:56Z,citation_topic,Scientifically sound laboratory controls,,fda.citations.history,raw/fda.citations.history/2026/09/20260908T142956Z-1844f28fe2c0.json.gz,1
fda.citations.history,firm:3001236555,2011-07-19,2026-09-08T14:29:56Z,citation_topic,Testing and release for distribution,,fda.citations.history,raw/fda.citations.history/2026/09/20260908T142956Z-1844f28fe2c0.json.gz,1
fda.citations.history,firm:3001236555,2011-07-19,2026-09-08T14:29:56Z,citation_topic,Unlabeled filled containers controls,,fda.citations.history,raw/fda.citations.history/2026/09/20260908T142956Z-1844f28fe2c0.json.gz,1
fda.citations.history,firm:3001236555,2011-07-19,2026-09-08T14:29:56Z,citation_topic,Written sanitation procedures not followed,,fda.citations.history,raw/fda.citations.history/2026/09/20260908T142956Z-1844f28fe2c0.json.gz,1
fda.citations.history,firm:3001236555,2011-07-19,2026-09-08T14:29:56Z,firm_key,JE RICH,,fda.citations.history,raw/fda.citations.history/2026/09/20260908T142956Z-1844f28fe2c0.json.gz,1
fda.citations.history,firm:3001236555,2011-07-19,2026-09-08T14:29:56Z,is_gmp,1,bool,fda.citations.history,raw/fda.citations.history/2026/09/20260908T142956Z-1844f28fe2c0.json.gz,1
fda.citations.history,firm:3001236555,2011-07-19,2026-09-08T14:29:56Z,label,JE Rich Company,,fda.citations.history,raw/fda.citations.history/2026/09/20260908T142956Z-1844f28fe2c0.json.gz,1
fda.citations.history,firm:3002829723,2011-07-25,2026-09-08T14:29:56Z,cfr,21 CFR 211.113(b),,fda.citations.history,raw/fda.citations.history/2026/09/20260908T142956Z-1844f28fe2c0.json.gz,1
fda.citations.history,firm:3002829723,2011-07-25,2026-09-08T14:29:56Z,cfr,21 CFR 211.165(e),,fda.citations.history,raw/fda.citations.history/2026/09/20260908T142956Z-1844f28fe2c0.json.gz,1
fda.citations.history,firm:3002829723,2011-07-25,2026-09-08T14:29:56Z,cfr,21 CFR 211.188(b)(5),,fda.citations.history,raw/fda.citations.history/2026/09/20260908T142956Z-1844f28fe2c0.json.gz,1
fda.citations.history,firm:3002829723,2011-07-25,2026-09-08T14:29:56Z,cfr,21 CFR 211.192,,fda.citations.history,raw/fda.citations.history/2026/09/20260908T142956Z-1844f28fe2c0.json.gz,1
fda.citations.history,firm:3002829723,2011-07-25,2026-09-08T14:29:56Z,cfr,21 CFR 211.42(b),,fda.citations.history,raw/fda.citations.history/2026/09/20260908T142956Z-1844f28fe2c0.json.gz,1
fda.citations.history,firm:3002829723,2011-07-25,2026-09-08T14:29:56Z,cfr,21 CFR 211.42(c)(10)(iv),,fda.citations.history,raw/fda.citations.history/2026/09/20260908T142956Z-1844f28fe2c0.json.gz,1
fda.citations.history,firm:3002829723,2011-07-25,2026-09-08T14:29:56Z,cfr,21 CFR 211.42(c)(10)(v),,fda.citations.history,raw/fda.citations.history/2026/09/20260908T142956Z-1844f28fe2c0.json.gz,1
fda.citations.history,firm:3002829723,2011-07-25,2026-09-08T14:29:56Z,cfr,21 CFR 211.42(c)(10)(vi),,fda.citations.history,raw/fda.citations.history/2026/09/20260908T142956Z-1844f28fe2c0.json.gz,1
fda.citations.history,firm:3002829723,2011-07-25,2026-09-08T14:29:56Z,cfr,21 CFR 211.67(a),,fda.citations.history,raw/fda.citations.history/2026/09/20260908T142956Z-1844f28fe2c0.json.gz,1
fda.citations.history,firm:3002829723,2011-07-25,2026-09-08T14:29:56Z,cfr,21 CFR 314.81(b)(1)(ii),,fda.citations.history,raw/fda.citations.history/2026/09/20260908T142956Z-1844f28fe2c0.json.gz,1
fda.citations.history,firm:3002829723,2011-07-25,2026-09-08T14:29:56Z,cfr_part,211,part,fda.citations.history,raw/fda.citations.history/2026/09/20260908T142956Z-1844f28fe2c0.json.gz,1
fda.citations.history,firm:3002829723,2011-07-25,2026-09-08T14:29:56Z,cfr_part,314,part,fda.citations.history,raw/fda.citations.history/2026/09/20260908T142956Z-1844f28fe2c0.json.gz,1
fda.citations.history,firm:3002829723,2011-07-25,2026-09-08T14:29:56Z,citation,1,count,fda.citations.history,raw/fda.citations.history/2026/09/20260908T142956Z-1844f28fe2c0.json.gz,1
fda.citations.history,firm:3002829723,2011-07-25,2026-09-08T14:29:56Z,citation_topic,Cleaning / Sanitizing / Maintenance,,fda.citations.history,raw/fda.citations.history/2026/09/20260908T142956Z-1844f28fe2c0.json.gz,1
fda.citations.history,firm:3002829723,2011-07-25,2026-09-08T14:29:56Z,citation_topic,Cleaning System,,fda.citations.history,raw/fda.citations.history/2026/09/20260908T142956Z-1844f28fe2c0.json.gz,1
fda.citations.history,firm:3002829723,2011-07-25,2026-09-08T14:29:56Z,citation_topic,"Contamination, chemical or physical change, deterioration",,fda.citations.history,raw/fda.citations.history/2026/09/20260908T142956Z-1844f28fe2c0.json.gz,1
fda.citations.history,firm:3002829723,2011-07-25,2026-09-08T14:29:56Z,citation_topic,Environmental Monitoring System,,fda.citations.history,raw/fda.citations.history/2026/09/20260908T142956Z-1844f28fe2c0.json.gz,1
fda.citations.history,firm:3002829723,2011-07-25,2026-09-08T14:29:56Z,citation_topic,Equipment to control conditions,,fda.citations.history,raw/fda.citations.history/2026/09/20260908T142956Z-1844f28fe2c0.json.gz,1
fda.citations.history,firm:3002829723,2011-07-25,2026-09-08T14:29:56Z,citation_topic,In-process and laboratory control results,,fda.citations.history,raw/fda.citations.history/2026/09/20260908T142956Z-1844f28fe2c0.json.gz,1
fda.citations.history,firm:3002829723,2011-07-25,2026-09-08T14:29:56Z,citation_topic,Procedures for sterile drug products,,fda.citations.history,raw/fda.citations.history/2026/09/20260908T142956Z-1844f28fe2c0.json.gz,1
fda.citations.history,firm:3002829723,2011-07-25,2026-09-08T14:29:56Z,citation_topic,Product flow through building is inadequate,,fda.citations.history,raw/fda.citations.history/2026/09/20260908T142956Z-1844f28fe2c0.json.gz,1
fda.citations.history,firm:3002829723,2011-07-25,2026-09-08T14:29:56Z,citation_topic,Test methods,,fda.citations.history,raw/fda.citations.history/2026/09/20260908T142956Z-1844f28fe2c0.json.gz,1
fda.citations.history,firm:3002829723,2011-07-25,2026-09-08T14:29:56Z,citation_topic,Validation lacking for sterile drug products,,fda.citations.history,raw/fda.citations.history/2026/09/20260908T142956Z-1844f28fe2c0.json.gz,1
fda.citations.history,firm:3002829723,2011-07-25,2026-09-08T14:29:56Z,citation_topic,Written record of investigation incomplete,,fda.citations.history,raw/fda.citations.history/2026/09/20260908T142956Z-1844f28fe2c0.json.gz,1
fda.citations.history,firm:3002829723,2011-07-25,2026-09-08T14:29:56Z,firm_key,FAREVA UNTERACH,,fda.citations.history,raw/fda.citations.history/2026/09/20260908T142956Z-1844f28fe2c0.json.gz,1
fda.citations.history,firm:3002829723,2011-07-25,2026-09-08T14:29:56Z,is_gmp,0,bool,fda.citations.history,raw/fda.citations.history/2026/09/20260908T142956Z-1844f28fe2c0.json.gz,1
fda.citations.history,firm:3002829723,2011-07-25,2026-09-08T14:29:56Z,is_gmp,1,bool,fda.citations.history,raw/fda.citations.history/2026/09/20260908T142956Z-1844f28fe2c0.json.gz,1
fda.citations.history,firm:3002829723,2011-07-25,2026-09-08T14:29:56Z,label,Fareva Unterach GmbH,,fda.citations.history,raw/fda.citations.history/2026/09/20260908T142956Z-1844f28fe2c0.json.gz,1
fda.citations.history,firm:3002868859,2011-07-12,2026-09-08T14:29:56Z,cfr,21 CFR 211.130,,fda.citations.history,raw/fda.citations.history/2026/09/20260908T142956Z-1844f28fe2c0.json.gz,1
fda.citations.history,firm:3002868859,2011-07-12,2026-09-08T14:29:56Z,cfr,21 CFR 211.137(a),,fda.citations.history,raw/fda.citations.history/2026/09/20260908T142956Z-1844f28fe2c0.json.gz,1
fda.citations.history,firm:3002868859,2011-07-12,2026-09-08T14:29:56Z,cfr,21 CFR 211.160(b),,fda.citations.history,raw/fda.citations.history/2026/09/20260908T142956Z-1844f28fe2c0.json.gz,1
fda.citations.history,firm:3002868859,2011-07-12,2026-09-08T14:29:56Z,cfr,21 CFR 211.188,,fda.citations.history,raw/fda.citations.history/2026/09/20260908T142956Z-1844f28fe2c0.json.gz,1
fda.citations.history,firm:3002868859,2011-07-12,2026-09-08T14:29:56Z,cfr,21 CFR 211.22(a),,fda.citations.history,raw/fda.citations.history/2026/09/20260908T142956Z-1844f28fe2c0.json.gz,1
fda.citations.history,firm:3002868859,2011-07-12,2026-09-08T14:29:56Z,cfr_part,211,part,fda.citations.history,raw/fda.citations.history/2026/09/20260908T142956Z-1844f28fe2c0.json.gz,1
fda.citations.history,firm:3002868859,2011-07-12,2026-09-08T14:29:56Z,citation,1,count,fda.citations.history,raw/fda.citations.history/2026/09/20260908T142956Z-1844f28fe2c0.json.gz,1
fda.citations.history,firm:3002868859,2011-07-12,2026-09-08T14:29:56Z,citation_topic,Expiration date lacking,,fda.citations.history,raw/fda.citations.history/2026/09/20260908T142956Z-1844f28fe2c0.json.gz,1
fda.citations.history,firm:3002868859,2011-07-12,2026-09-08T14:29:56Z,citation_topic,Lack of quality control unit,,fda.citations.history,raw/fda.citations.history/2026/09/20260908T142956Z-1844f28fe2c0.json.gz,1
fda.citations.history,firm:3002868859,2011-07-12,2026-09-08T14:29:56Z,citation_topic,"Prepared for each batch, include complete information",,fda.citations.history,raw/fda.citations.history/2026/09/20260908T142956Z-1844f28fe2c0.json.gz,1
fda.citations.history,firm:3002868859,2011-07-12,2026-09-08T14:29:56Z,citation_topic,"Procedures are written, and followed",,fda.citations.history,raw/fda.citations.history/2026/09/20260908T142956Z-1844f28fe2c0.json.gz,1
fda.citations.history,firm:3002868859,2011-07-12,2026-09-08T14:29:56Z,citation_topic,Scientifically sound laboratory controls,,fda.citations.history,raw/fda.citations.history/2026/09/20260908T142956Z-1844f28fe2c0.json.gz,1
fda.citations.history,firm:3002868859,2011-07-12,2026-09-08T14:29:56Z,firm_key,ANA TECH FA,,fda.citations.history,raw/fda.citations.history/2026/09/20260908T142956Z-1844f28fe2c0.json.gz,1
fda.citations.history,firm:3002868859,2011-07-12,2026-09-08T14:29:56Z,is_gmp,1,bool,fda.citations.history,raw/fda.citations.history/2026/09/20260908T142956Z-1844f28fe2c0.json.gz,1
fda.citations.history,firm:3002868859,2011-07-12,2026-09-08T14:29:56Z,label,Ana - Tech FA  LLC,,fda.citations.history,raw/fda.citations.history/2026/09/20260908T142956Z-1844f28fe2c0.json.gz,1
fda.citations.history,firm:3002972157,2011-07-11,2026-09-08T14:29:56Z,cfr,21 CFR 211.160(b),,fda.citations.history,raw/fda.citations.history/2026/09/20260908T142956Z-1844f28fe2c0.json.gz,1
fda.citations.history,firm:3002972157,2011-07-11,2026-09-08T14:29:56Z,cfr,21 CFR 211.192,,fda.citations.history,raw/fda.citations.history/2026/09/20260908T142956Z-1844f28fe2c0.json.gz,1
fda.citations.history,firm:3002972157,2011-07-11,2026-09-08T14:29:56Z,cfr,21 CFR 211.22(d),,fda.citations.history,raw/fda.citations.history/2026/09/20260908T142956Z-1844f28fe2c0.json.gz,1
fda.citations.history,firm:3002972157,2011-07-11,2026-09-08T14:29:56Z,cfr,21 CFR 211.67(a),,fda.citations.history,raw/fda.citations.history/2026/09/20260908T142956Z-1844f28fe2c0.json.gz,1
fda.citations.history,firm:3002972157,2011-07-11,2026-09-08T14:29:56Z,cfr_part,211,part,fda.citations.history,raw/fda.citations.history/2026/09/20260908T142956Z-1844f28fe2c0.json.gz,1
fda.citations.history,firm:3002972157,2011-07-11,2026-09-08T14:29:56Z,citation,1,count,fda.citations.history,raw/fda.citations.history/2026/09/20260908T142956Z-1844f28fe2c0.json.gz,1
fda.citations.history,firm:3002972157,2011-07-11,2026-09-08T14:29:56Z,citation_topic,Cleaning / Sanitizing / Maintenance,,fda.citations.history,raw/fda.citations.history/2026/09/20260908T142956Z-1844f28fe2c0.json.gz,1
fda.citations.history,firm:3002972157,2011-07-11,2026-09-08T14:29:56Z,citation_topic,"Investigations of discrepancies, failures",,fda.citations.history,raw/fda.citations.history/2026/09/20260908T142956Z-1844f28fe2c0.json.gz,1
fda.citations.history,firm:3002972157,2011-07-11,2026-09-08T14:29:56Z,citation_topic,"Procedures not  in writing, fully followed",,fda.citations.history,raw/fda.citations.history/2026/09/20260908T142956Z-1844f28fe2c0.json.gz,1
fda.citations.history,firm:3002972157,2011-07-11,2026-09-08T14:29:56Z,citation_topic,Scientifically sound laboratory controls,,fda.citations.history,raw/fda.citations.history/2026/09/20260908T142956Z-1844f28fe2c0.json.gz,1
fda.citations.history,firm:3002972157,2011-07-11,2026-09-08T14:29:56Z,firm_key,AMERICAN BLENDING FILLING,,fda.citations.history,raw/fda.citations.history/2026/09/20260908T142956Z-1844f28fe2c0.json.gz,1
fda.citations.history,firm:3002972157,2011-07-11,2026-09-08T14:29:56Z,is_gmp,1,bool,fda.citations.history,raw/fda.citations.history/2026/09/20260908T142956Z-1844f28fe2c0.json.gz,1
fda.citations.history,firm:3002972157,2011-07-11,2026-09-08T14:29:56Z,label,"American Blending & Filling Company, Inc.",,fda.citations.history,raw/fda.citations.history/2026/09/20260908T142956Z-1844f28fe2c0.json.gz,1
fda.citations.history,firm:3003053677,2011-07-21,2026-09-08T14:29:56Z,cfr,21 CFR 211.122(d),,fda.citations.history,raw/fda.citations.history/2026/09/20260908T142956Z-1844f28fe2c0.json.gz,1
fda.citations.history,firm:3003053677,2011-07-21,2026-09-08T14:29:56Z,cfr,21 CFR 211.166(a),,fda.citations.history,raw/fda.citations.history/2026/09/20260908T142956Z-1844f28fe2c0.json.gz,1
fda.citations.history,firm:3003053677,2011-07-21,2026-09-08T14:29:56Z,cfr,21 CFR 211.192,,fda.citations.history,raw/fda.citations.history/2026/09/20260908T142956Z-1844f28fe2c0.json.gz,1
fda.citations.history,firm:3003053677,2011-07-21,2026-09-08T14:29:56Z,cfr_part,211,part,fda.citations.history,raw/fda.citations.history/2026/09/20260908T142956Z-1844f28fe2c0.json.gz,1
fda.citations.history,firm:3003053677,2011-07-21,2026-09-08T14:29:56Z,citation,1,count,fda.citations.history,raw/fda.citations.history/2026/09/20260908T142956Z-1844f28fe2c0.json.gz,1
fda.citations.history,firm:3003053677,2011-07-21,2026-09-08T14:29:56Z,citation_topic,Label storage access limited to authorized personnel,,fda.citations.history,raw/fda.citations.history/2026/09/20260908T142956Z-1844f28fe2c0.json.gz,1
fda.citations.history,firm:3003053677,2011-07-21,2026-09-08T14:29:56Z,citation_topic,Lack of written stability program,,fda.citations.history,raw/fda.citations.history/2026/09/20260908T142956Z-1844f28fe2c0.json.gz,1
fda.citations.history,firm:3003053677,2011-07-21,2026-09-08T14:29:56Z,citation_topic,No written record of investigation,,fda.citations.history,raw/fda.citations.history/2026/09/20260908T142956Z-1844f28fe2c0.json.gz,1
fda.citations.history,firm:3003053677,2011-07-21,2026-09-08T14:29:56Z,firm_key,SWABPLUS L P,,fda.citations.history,raw/fda.citations.history/2026/09/20260908T142956Z-1844f28fe2c0.json.gz,1
fda.citations.history,firm:3003053677,2011-07-21,2026-09-08T14:29:56Z,is_gmp,1,bool,fda.citations.history,raw/fda.citations.history/2026/09/20260908T142956Z-1844f28fe2c0.json.gz,1
fda.citations.history,firm:3003053677,2011-07-21,2026-09-08T14:29:56Z,label,"Swabplus, L.P.",,fda.citations.history,raw/fda.citations.history/2026/09/20260908T142956Z-1844f28fe2c0.json.gz,1
fda.citations.history,firm:3003184440,2011-07-22,2026-09-08T14:29:56Z,cfr,21 CFR 211.113(a),,fda.citations.history,raw/fda.citations.history/2026/09/20260908T142956Z-1844f28fe2c0.json.gz,1
fda.citations.history,firm:3003184440,2011-07-22,2026-09-08T14:29:56Z,cfr,21 CFR 211.160(b),,fda.citations.history,raw/fda.citations.history/2026/09/20260908T142956Z-1844f28fe2c0.json.gz,1
fda.citations.history,firm:3003184440,2011-07-22,2026-09-08T14:29:56Z,cfr,21 CFR 211.165(f),,fda.citations.history,raw/fda.citations.history/2026/09/20260908T142956Z-1844f28fe2c0.json.gz,1
fda.citations.history,firm:3003184440,2011-07-22,2026-09-08T14:29:56Z,cfr,21 CFR 211.192,,fda.citations.history,raw/fda.citations.history/2026/09/20260908T142956Z-1844f28fe2c0.json.gz,1
fda.citations.history,firm:3003184440,2011-07-22,2026-09-08T14:29:56Z,cfr,21 CFR 211.194(a),,fda.citations.history,raw/fda.citations.history/2026/09/20260908T142956Z-1844f28fe2c0.json.gz,1
fda.citations.history,firm:3003184440,2011-07-22,2026-09-08T14:29:56Z,cfr,21 CFR 211.22(d),,fda.citations.history,raw/fda.citations.history/2026/09/20260908T142956Z-1844f28fe2c0.json.gz,1
fda.citations.history,firm:3003184440,2011-07-22,2026-09-08T14:29:56Z,cfr,21 CFR 211.63,,fda.citations.history,raw/fda.citations.history/2026/09/20260908T142956Z-1844f28fe2c0.json.gz,1
fda.citations.history,firm:3003184440,2011-07-22,2026-09-08T14:29:56Z,cfr_part,211,part,fda.citations.history,raw/fda.citations.history/2026/09/20260908T142956Z-1844f28fe2c0.json.gz,1
fda.citations.history,firm:3003184440,2011-07-22,2026-09-08T14:29:56Z,citation,1,count,fda.citations.history,raw/fda.citations.history/2026/09/20260908T142956Z-1844f28fe2c0.json.gz,1
fda.citations.history,firm:3003184440,2011-07-22,2026-09-08T14:29:56Z,citation_topic,Complete test data included in records,,fda.citations.history,raw/fda.citations.history/2026/09/20260908T142956Z-1844f28fe2c0.json.gz,1
fda.citations.history,firm:3003184440,2011-07-22,2026-09-08T14:29:56Z,citation_topic,"Equipment Design, Size and Location",,fda.citations.history,raw/fda.citations.history/2026/09/20260908T142956Z-1844f28fe2c0.json.gz,1
fda.citations.history,firm:3003184440,2011-07-22,2026-09-08T14:29:56Z,citation_topic,Failing drug products not rejected,,fda.citations.history,raw/fda.citations.history/2026/09/20260908T142956Z-1844f28fe2c0.json.gz,1
fda.citations.history,firm:3003184440,2011-07-22,2026-09-08T14:29:56Z,citation_topic,"Investigations of discrepancies, failures",,fda.citations.history,raw/fda.citations.history/2026/09/20260908T142956Z-1844f28fe2c0.json.gz,1
fda.citations.history,firm:3003184440,2011-07-22,2026-09-08T14:29:56Z,citation_topic,Procedures for non-sterile drug products,,fda.citations.history,raw/fda.citations.history/2026/09/20260908T142956Z-1844f28fe2c0.json.gz,1
fda.citations.history,firm:3003184440,2011-07-22,2026-09-08T14:29:56Z,citation_topic,"Procedures not  in writing, fully followed",,fda.citations.history,raw/fda.citations.history/2026/09/20260908T142956Z-1844f28fe2c0.json.gz,1
fda.citations.history,firm:3003184440,2011-07-22,2026-09-08T14:29:56Z,citation_topic,Scientifically sound laboratory controls,,fda.citations.history,raw/fda.citations.history/2026/09/20260908T142956Z-1844f28fe2c0.json.gz,1
fda.citations.history,firm:3003184440,2011-07-22,2026-09-08T14:29:56Z,firm_key,TEDEC MEIJI FARMA S A,,fda.citations.history,raw/fda.citations.history/2026/09/20260908T142956Z-1844f28fe2c0.json.gz,1
fda.citations.history,firm:3003184440,2011-07-22,2026-09-08T14:29:56Z,is_gmp,1,bool,fda.citations.history,raw/fda.citations.history/2026/09/20260908T142956Z-1844f28fe2c0.json.gz,1
fda.citations.history,firm:3003184440,2011-07-22,2026-09-08T14:29:56Z,label,"Tedec-Meiji Farma, S.A.",,fda.citations.history,raw/fda.citations.history/2026/09/20260908T142956Z-1844f28fe2c0.json.gz,1
fda.citations.history,firm:3003350319,2011-07-22,2026-09-08T14:29:56Z,cfr,21 CFR 211.100(a),,fda.citations.history,raw/fda.citations.history/2026/09/20260908T142956Z-1844f28fe2c0.json.gz,1
fda.citations.history,firm:3003350319,2011-07-22,2026-09-08T14:29:56Z,cfr,21 CFR 211.113(a),,fda.citations.history,raw/fda.citations.history/2026/09/20260908T142956Z-1844f28fe2c0.json.gz,1
fda.citations.history,firm:3003350319,2011-07-22,2026-09-08T14:29:56Z,cfr,21 CFR 211.122(a),,fda.citations.history,raw/fda.citations.history/2026/09/20260908T142956Z-1844f28fe2c0.json.gz,1
fda.citations.history,firm:3003350319,2011-07-22,2026-09-08T14:29:56Z,cfr,21 CFR 211.122(f),,fda.citations.history,raw/fda.citations.history/2026/09/20260908T142956Z-1844f28fe2c0.json.gz,1
fda.citations.history,firm:3003350319,2011-07-22,2026-09-08T14:29:56Z,cfr,21 CFR 211.125(a),,fda.citations.history,raw/fda.citations.history/2026/09/20260908T142956Z-1844f28fe2c0.json.gz,1
fda.citations.history,firm:3003350319,2011-07-22,2026-09-08T14:29:56Z,cfr,21 CFR 211.150,,fda.citations.history,raw/fda.citations.history/2026/09/20260908T142956Z-1844f28fe2c0.json.gz,1
fda.citations.history,firm:3003350319,2011-07-22,2026-09-08T14:29:56Z,cfr,21 CFR 211.160(b)(4),,fda.citations.history,raw/fda.citations.history/2026/09/20260908T142956Z-1844f28fe2c0.json.gz,1
fda.citations.history,firm:3003350319,2011-07-22,2026-09-08T14:29:56Z,cfr,21 CFR 211.165(a),,fda.citations.history,raw/fda.citations.history/2026/09/20260908T142956Z-1844f28fe2c0.json.gz,1
fda.citations.history,firm:3003350319,2011-07-22,2026-09-08T14:29:56Z,cfr,21 CFR 211.166(a),,fda.citations.history,raw/fda.citations.history/2026/09/20260908T142956Z-1844f28fe2c0.json.gz,1
fda.citations.history,firm:3003350319,2011-07-22,2026-09-08T14:29:56Z,cfr,21 CFR 211.186(b)(8),,fda.citations.history,raw/fda.citations.history/2026/09/20260908T142956Z-1844f28fe2c0.json.gz,1
fda.citations.history,firm:3003350319,2011-07-22,2026-09-08T14:29:56Z,cfr,21 CFR 211.188(b)(8),,fda.citations.history,raw/fda.citations.history/2026/09/20260908T142956Z-1844f28fe2c0.json.gz,1
fda.citations.history,firm:3003350319,2011-07-22,2026-09-08T14:29:56Z,cfr,21 CFR 211.192,,fda.citations.history,raw/fda.citations.history/2026/09/20260908T142956Z-1844f28fe2c0.json.gz,1
fda.citations.history,firm:3003350319,2011-07-22,2026-09-08T14:29:56Z,cfr,21 CFR 211.22(c),,fda.citations.history,raw/fda.citations.history/2026/09/20260908T142956Z-1844f28fe2c0.json.gz,1
fda.citations.history,firm:3003350319,2011-07-22,2026-09-08T14:29:56Z,cfr,21 CFR 211.25(a),,fda.citations.history,raw/fda.citations.history/2026/09/20260908T142956Z-1844f28fe2c0.json.gz,1
fda.citations.history,firm:3003350319,2011-07-22,2026-09-08T14:29:56Z,cfr,21 CFR 211.67(b),,fda.citations.history,raw/fda.citations.history/2026/09/20260908T142956Z-1844f28fe2c0.json.gz,1
fda.citations.history,firm:3003350319,2011-07-22,2026-09-08T14:29:56Z,cfr,21 CFR 211.67(c),,fda.citations.history,raw/fda.citations.history/2026/09/20260908T142956Z-1844f28fe2c0.json.gz,1
fda.citations.history,firm:3003350319,2011-07-22,2026-09-08T14:29:56Z,cfr,21 CFR 211.80(a),,fda.citations.history,raw/fda.citations.history/2026/09/20260908T142956Z-1844f28fe2c0.json.gz,1
fda.citations.history,firm:3003350319,2011-07-22,2026-09-08T14:29:56Z,cfr,21 CFR 211.84(a),,fda.citations.history,raw/fda.citations.history/2026/09/20260908T142956Z-1844f28fe2c0.json.gz,1
fda.citations.history,firm:3003350319,2011-07-22,2026-09-08T14:29:56Z,cfr,21 CFR 211.84(d)(1),,fda.citations.history,raw/fda.citations.history/2026/09/20260908T142956Z-1844f28fe2c0.json.gz,1
fda.citations.history,firm:3003350319,2011-07-22,2026-09-08T14:29:56Z,cfr,21 CFR 211.84(d)(2),,fda.citations.history,raw/fda.citations.history/2026/09/20260908T142956Z-1844f28fe2c0.json.gz,1
fda.citations.history,firm:3003350319,2011-07-22,2026-09-08T14:29:56Z,cfr_part,211,part,fda.citations.history,raw/fda.citations.history/2026/09/20260908T142956Z-1844f28fe2c0.json.gz,1
fda.citations.history,firm:3003350319,2011-07-22,2026-09-08T14:29:56Z,citation,1,count,fda.citations.history,raw/fda.citations.history/2026/09/20260908T142956Z-1844f28fe2c0.json.gz,1
fda.citations.history,firm:3003350319,2011-07-22,2026-09-08T14:29:56Z,citation_topic,Absence of Written Procedures,,fda.citations.history,raw/fda.citations.history/2026/09/20260908T142956Z-1844f28fe2c0.json.gz,1
fda.citations.history,firm:3003350319,2011-07-22,2026-09-08T14:29:56Z,citation_topic,Approve or reject procedures or specs,,fda.citations.history,raw/fda.citations.history/2026/09/20260908T142956Z-1844f28fe2c0.json.gz,1
fda.citations.history,firm:3003350319,2011-07-22,2026-09-08T14:29:56Z,citation_topic,"Calibration - at intervals, written program, remedial action",,fda.citations.history,raw/fda.citations.history/2026/09/20260908T142956Z-1844f28fe2c0.json.gz,1
fda.citations.history,firm:3003350319,2011-07-22,2026-09-08T14:29:56Z,citation_topic,Cleaning/maintenance records not kept,,fda.citations.history,raw/fda.citations.history/2026/09/20260908T142956Z-1844f28fe2c0.json.gz,1
fda.citations.history,firm:3003350319,2011-07-22,2026-09-08T14:29:56Z,citation_topic,Components withheld from use pending release,,fda.citations.history,raw/fda.citations.history/2026/09/20260908T142956Z-1844f28fe2c0.json.gz,1
fda.citations.history,firm:3003350319,2011-07-22,2026-09-08T14:29:56Z,citation_topic,"Description of containers, labels, et. al.",,fda.citations.history,raw/fda.citations.history/2026/09/20260908T142956Z-1844f28fe2c0.json.gz,1
fda.citations.history,firm:3003350319,2011-07-22,2026-09-08T14:29:56Z,citation_topic,GMP Training Frequency,,fda.citations.history,raw/fda.citations.history/2026/09/20260908T142956Z-1844f28fe2c0.json.gz,1
fda.citations.history,firm:3003350319,2011-07-22,2026-09-08T14:29:56Z,citation_topic,Gang printed labeling,,fda.citations.history,raw/fda.citations.history/2026/09/20260908T142956Z-1844f28fe2c0.json.gz,1
fda.citations.history,firm:3003350319,2011-07-22,2026-09-08T14:29:56Z,citation_topic,Identity Testing of Each Component,,fda.citations.history,raw/fda.citations.history/2026/09/20260908T142956Z-1844f28fe2c0.json.gz,1
fda.citations.history,firm:3003350319,2011-07-22,2026-09-08T14:29:56Z,citation_topic,Labeling control records including specimens or copies,,fda.citations.history,raw/fda.citations.history/2026/09/20260908T142956Z-1844f28fe2c0.json.gz,1
fda.citations.history,firm:3003350319,2011-07-22,2026-09-08T14:29:56Z,citation_topic,Lack of written stability program,,fda.citations.history,raw/fda.citations.history/2026/09/20260908T142956Z-1844f28fe2c0.json.gz,1
fda.citations.history,firm:3003350319,2011-07-22,2026-09-08T14:29:56Z,citation_topic,Procedures To Be in Writing,,fda.citations.history,raw/fda.citations.history/2026/09/20260908T142956Z-1844f28fe2c0.json.gz,1
fda.citations.history,firm:3003350319,2011-07-22,2026-09-08T14:29:56Z,citation_topic,Procedures for non-sterile drug products,,fda.citations.history,raw/fda.citations.history/2026/09/20260908T142956Z-1844f28fe2c0.json.gz,1
fda.citations.history,firm:3003350319,2011-07-22,2026-09-08T14:29:56Z,citation_topic,Quality control unit review of records,,fda.citations.history,raw/fda.citations.history/2026/09/20260908T142956Z-1844f28fe2c0.json.gz,1
fda.citations.history,firm:3003350319,2011-07-22,2026-09-08T14:29:56Z,citation_topic,Reports of Analysis (Components),,fda.citations.history,raw/fda.citations.history/2026/09/20260908T142956Z-1844f28fe2c0.json.gz,1
fda.citations.history,firm:3003350319,2011-07-22,2026-09-08T14:29:56Z,citation_topic,Strict control not exercised over labeling issued,,fda.citations.history,raw/fda.citations.history/2026/09/20260908T142956Z-1844f28fe2c0.json.gz,1
fda.citations.history,firm:3003350319,2011-07-22,2026-09-08T14:29:56Z,citation_topic,Testing and release for distribution,,fda.citations.history,raw/fda.citations.history/2026/09/20260908T142956Z-1844f28fe2c0.json.gz,1
fda.citations.history,firm:3003350319,2011-07-22,2026-09-08T14:29:56Z,citation_topic,Written distribution procedure,,fda.citations.history,raw/fda.citations.history/2026/09/20260908T142956Z-1844f28fe2c0.json.gz,1
fda.citations.history,firm:3003350319,2011-07-22,2026-09-08T14:29:56Z,citation_topic,Written procedures describing in detail,,fda.citations.history,raw/fda.citations.history/2026/09/20260908T142956Z-1844f28fe2c0.json.gz,1
fda.citations.history,firm:3003350319,2011-07-22,2026-09-08T14:29:56Z,citation_topic,Written procedures not established/followed,,fda.citations.history,raw/fda.citations.history/2026/09/20260908T142956Z-1844f28fe2c0.json.gz,1
fda.citations.history,firm:3003350319,2011-07-22,2026-09-08T14:29:56Z,firm_key,RADNOSTIX,,fda.citations.history,raw/fda.citations.history/2026/09/20260908T142956Z-1844f28fe2c0.json.gz,1
fda.citations.history,firm:3003350319,2011-07-22,2026-09-08T14:29:56Z,is_gmp,1,bool,fda.citations.history,raw/fda.citations.history/2026/09/20260908T142956Z-1844f28fe2c0.json.gz,1
fda.citations.history,firm:3003350319,2011-07-22,2026-09-08T14:29:56Z,label,Radnostix,,fda.citations.history,raw/fda.citations.history/2026/09/20260908T142956Z-1844f28fe2c0.json.gz,1
fda.citations.history,firm:3003498827,2011-07-21,2026-09-08T14:29:56Z,cfr,21 CFR 314.80(b),,fda.citations.history,raw/fda.citations.history/2026/09/20260908T142956Z-1844f28fe2c0.json.gz,1
fda.citations.history,firm:3003498827,2011-07-21,2026-09-08T14:29:56Z,cfr_part,314,part,fda.citations.history,raw/fda.citations.history/2026/09/20260908T142956Z-1844f28fe2c0.json.gz,1
fda.citations.history,firm:3003498827,2011-07-21,2026-09-08T14:29:56Z,citation,1,count,fda.citations.history,raw/fda.citations.history/2026/09/20260908T142956Z-1844f28fe2c0.json.gz,1
fda.citations.history,firm:3003498827,2011-07-21,2026-09-08T14:29:56Z,citation_topic,Failure to develop written procedures,,fda.citations.history,raw/fda.citations.history/2026/09/20260908T142956Z-1844f28fe2c0.json.gz,1
fda.citations.history,firm:3003498827,2011-07-21,2026-09-08T14:29:56Z,firm_key,JANSSEN DBA ACTELION,,fda.citations.history,raw/fda.citations.history/2026/09/20260908T142956Z-1844f28fe2c0.json.gz,1
fda.citations.history,firm:3003498827,2011-07-21,2026-09-08T14:29:56Z,is_gmp,0,bool,fda.citations.history,raw/fda.citations.history/2026/09/20260908T142956Z-1844f28fe2c0.json.gz,1
fda.citations.history,firm:3003498827,2011-07-21,2026-09-08T14:29:56Z,label,"Janssen Pharmaceuticals, dba Actelion Pharmaceutical",,fda.citations.history,raw/fda.citations.history/2026/09/20260908T142956Z-1844f28fe2c0.json.gz,1
fda.citations.history,firm:3003511617,2011-07-01,2026-09-08T14:29:56Z,cfr,21 CFR 211.100(a),,fda.citations.history,raw/fda.citations.history/2026/09/20260908T142956Z-1844f28fe2c0.json.gz,1
fda.citations.history,firm:3003511617,2011-07-01,2026-09-08T14:29:56Z,cfr,21 CFR 211.113(a),,fda.citations.history,raw/fda.citations.history/2026/09/20260908T142956Z-1844f28fe2c0.json.gz,1
fda.citations.history,firm:3003511617,2011-07-01,2026-09-08T14:29:56Z,cfr,21 CFR 211.134(c),,fda.citations.history,raw/fda.citations.history/2026/09/20260908T142956Z-1844f28fe2c0.json.gz,1
fda.citations.history,firm:3003511617,2011-07-01,2026-09-08T14:29:56Z,cfr,21 CFR 211.182,,fda.citations.history,raw/fda.citations.history/2026/09/20260908T142956Z-1844f28fe2c0.json.gz,1
fda.citations.history,firm:3003511617,2011-07-01,2026-09-08T14:29:56Z,cfr,21 CFR 211.22(a),,fda.citations.history,raw/fda.citations.history/2026/09/20260908T142956Z-1844f28fe2c0.json.gz,1
fda.citations.history,firm:3003511617,2011-07-01,2026-09-08T14:29:56Z,cfr,21 CFR 211.25(a),,fda.citations.history,raw/fda.citations.history/2026/09/20260908T142956Z-1844f28fe2c0.json.gz,1
fda.citations.history,firm:3003511617,2011-07-01,2026-09-08T14:29:56Z,cfr,21 CFR 211.28(b),,fda.citations.history,raw/fda.citations.history/2026/09/20260908T142956Z-1844f28fe2c0.json.gz,1
fda.citations.history,firm:3003511617,2011-07-01,2026-09-08T14:29:56Z,cfr,21 CFR 211.67(c),,fda.citations.history,raw/fda.citations.history/2026/09/20260908T142956Z-1844f28fe2c0.json.gz,1
fda.citations.history,firm:3003511617,2011-07-01,2026-09-08T14:29:56Z,cfr,21 CFR 211.84(a),,fda.citations.history,raw/fda.citations.history/2026/09/20260908T142956Z-1844f28fe2c0.json.gz,1
fda.citations.history,firm:3003511617,2011-07-01,2026-09-08T14:29:56Z,cfr_part,211,part,fda.citations.history,raw/fda.citations.history/2026/09/20260908T142956Z-1844f28fe2c0.json.gz,1
fda.citations.history,firm:3003511617,2011-07-01,2026-09-08T14:29:56Z,citation,1,count,fda.citations.history,raw/fda.citations.history/2026/09/20260908T142956Z-1844f28fe2c0.json.gz,1
fda.citations.history,firm:3003511617,2011-07-01,2026-09-08T14:29:56Z,citation_topic,Absence of Written Procedures,,fda.citations.history,raw/fda.citations.history/2026/09/20260908T142956Z-1844f28fe2c0.json.gz,1
fda.citations.history,firm:3003511617,2011-07-01,2026-09-08T14:29:56Z,citation_topic,Cleaning/maintenance records not kept,,fda.citations.history,raw/fda.citations.history/2026/09/20260908T142956Z-1844f28fe2c0.json.gz,1
fda.citations.history,firm:3003511617,2011-07-01,2026-09-08T14:29:56Z,citation_topic,Components withheld from use pending release,,fda.citations.history,raw/fda.citations.history/2026/09/20260908T142956Z-1844f28fe2c0.json.gz,1
fda.citations.history,firm:3003511617,2011-07-01,2026-09-08T14:29:56Z,citation_topic,Examinations documented,,fda.citations.history,raw/fda.citations.history/2026/09/20260908T142956Z-1844f28fe2c0.json.gz,1
fda.citations.history,firm:3003511617,2011-07-01,2026-09-08T14:29:56Z,citation_topic,Habits of good sanitation & health,,fda.citations.history,raw/fda.citations.history/2026/09/20260908T142956Z-1844f28fe2c0.json.gz,1
fda.citations.history,firm:3003511617,2011-07-01,2026-09-08T14:29:56Z,citation_topic,Lack of quality control unit,,fda.citations.history,raw/fda.citations.history/2026/09/20260908T142956Z-1844f28fe2c0.json.gz,1
fda.citations.history,firm:3003511617,2011-07-01,2026-09-08T14:29:56Z,citation_topic,Personnel  dating/signing equipment log,,fda.citations.history,raw/fda.citations.history/2026/09/20260908T142956Z-1844f28fe2c0.json.gz,1
fda.citations.history,firm:3003511617,2011-07-01,2026-09-08T14:29:56Z,citation_topic,Procedures for non-sterile drug products,,fda.citations.history,raw/fda.citations.history/2026/09/20260908T142956Z-1844f28fe2c0.json.gz,1
fda.citations.history,firm:3003511617,2011-07-01,2026-09-08T14:29:56Z,citation_topic,"Training--operations, GMPs, written procedures",,fda.citations.history,raw/fda.citations.history/2026/09/20260908T142956Z-1844f28fe2c0.json.gz,1
fda.citations.history,firm:3003511617,2011-07-01,2026-09-08T14:29:56Z,firm_key,A I G TECHNOLOGIES,,fda.citations.history,raw/fda.citations.history/2026/09/20260908T142956Z-1844f28fe2c0.json.gz,1
fda.citations.history,firm:3003511617,2011-07-01,2026-09-08T14:29:56Z,is_gmp,1,bool,fda.citations.history,raw/fda.citations.history/2026/09/20260908T142956Z-1844f28fe2c0.json.gz,1
fda.citations.history,firm:3003511617,2011-07-01,2026-09-08T14:29:56Z,label,A.I.G Technologies Inc.,,fda.citations.history,raw/fda.citations.history/2026/09/20260908T142956Z-1844f28fe2c0.json.gz,1
fda.citations.history,firm:3004262443,2011-07-21,2026-09-08T14:29:56Z,cfr,21 CFR 211.22(d),,fda.citations.history,raw/fda.citations.history/2026/09/20260908T142956Z-1844f28fe2c0.json.gz,1
fda.citations.history,firm:3004262443,2011-07-21,2026-09-08T14:29:56Z,cfr,21 CFR 211.25(a),,fda.citations.history,raw/fda.citations.history/2026/09/20260908T142956Z-1844f28fe2c0.json.gz,1
fda.citations.history,firm:3004262443,2011-07-21,2026-09-08T14:29:56Z,cfr_part,211,part,fda.citations.history,raw/fda.citations.history/2026/09/20260908T142956Z-1844f28fe2c0.json.gz,1
fda.citations.history,firm:3004262443,2011-07-21,2026-09-08T14:29:56Z,citation,1,count,fda.citations.history,raw/fda.citations.history/2026/09/20260908T142956Z-1844f28fe2c0.json.gz,1
fda.citations.history,firm:3004262443,2011-07-21,2026-09-08T14:29:56Z,citation_topic,GMP Training Frequency,,fda.citations.history,raw/fda.citations.history/2026/09/20260908T142956Z-1844f28fe2c0.json.gz,1
fda.citations.history,firm:3004262443,2011-07-21,2026-09-08T14:29:56Z,citation_topic,"Procedures not  in writing, fully followed",,fda.citations.history,raw/fda.citations.history/2026/09/20260908T142956Z-1844f28fe2c0.json.gz,1
fda.citations.history,firm:3004262443,2011-07-21,2026-09-08T14:29:56Z,firm_key,ARCET EQUIPMENT,,fda.citations.history,raw/fda.citations.history/2026/09/20260908T142956Z-1844f28fe2c0.json.gz,1
fda.citations.history,firm:3004262443,2011-07-21,2026-09-08T14:29:56Z,is_gmp,1,bool,fda.citations.history,raw/fda.citations.history/2026/09/20260908T142956Z-1844f28fe2c0.json.gz,1
fda.citations.history,firm:3004262443,2011-07-21,2026-09-08T14:29:56Z,label,Arcet Equipment Company,,fda.citations.history,raw/fda.citations.history/2026/09/20260908T142956Z-1844f28fe2c0.json.gz,1
fda.citations.history,firm:3005425422,2011-07-13,2026-09-08T14:29:56Z,cfr,21 CFR 211.100(a),,fda.citations.history,raw/fda.citations.history/2026/09/20260908T142956Z-1844f28fe2c0.json.gz,1
fda.citations.history,firm:3005425422,2011-07-13,2026-09-08T14:29:56Z,cfr,21 CFR 211.111,,fda.citations.history,raw/fda.citations.history/2026/09/20260908T142956Z-1844f28fe2c0.json.gz,1
fda.citations.history,firm:3005425422,2011-07-13,2026-09-08T14:29:56Z,cfr,21 CFR 211.142(b),,fda.citations.history,raw/fda.citations.history/2026/09/20260908T142956Z-1844f28fe2c0.json.gz,1
fda.citations.history,firm:3005425422,2011-07-13,2026-09-08T14:29:56Z,cfr,21 CFR 211.150(b),,fda.citations.history,raw/fda.citations.history/2026/09/20260908T142956Z-1844f28fe2c0.json.gz,1
fda.citations.history,firm:3005425422,2011-07-13,2026-09-08T14:29:56Z,cfr,21 CFR 211.160(b)(4),,fda.citations.history,raw/fda.citations.history/2026/09/20260908T142956Z-1844f28fe2c0.json.gz,1
fda.citations.history,firm:3005425422,2011-07-13,2026-09-08T14:29:56Z,cfr,21 CFR 211.165(a),,fda.citations.history,raw/fda.citations.history/2026/09/20260908T142956Z-1844f28fe2c0.json.gz,1
fda.citations.history,firm:3005425422,2011-07-13,2026-09-08T14:29:56Z,cfr,21 CFR 211.166(b),,fda.citations.history,raw/fda.citations.history/2026/09/20260908T142956Z-1844f28fe2c0.json.gz,1
fda.citations.history,firm:3005425422,2011-07-13,2026-09-08T14:29:56Z,cfr,21 CFR 211.170(b)(1),,fda.citations.history,raw/fda.citations.history/2026/09/20260908T142956Z-1844f28fe2c0.json.gz,1
fda.citations.history,firm:3005425422,2011-07-13,2026-09-08T14:29:56Z,cfr,21 CFR 211.188,,fda.citations.history,raw/fda.citations.history/2026/09/20260908T142956Z-1844f28fe2c0.json.gz,1
fda.citations.history,firm:3005425422,2011-07-13,2026-09-08T14:29:56Z,cfr,21 CFR 211.25(a),,fda.citations.history,raw/fda.citations.history/2026/09/20260908T142956Z-1844f28fe2c0.json.gz,1
fda.citations.history,firm:3005425422,2011-07-13,2026-09-08T14:29:56Z,cfr,21 CFR 211.63,,fda.citations.history,raw/fda.citations.history/2026/09/20260908T142956Z-1844f28fe2c0.json.gz,1
fda.citations.history,firm:3005425422,2011-07-13,2026-09-08T14:29:56Z,cfr,21 CFR 211.84(d)(1),,fda.citations.history,raw/fda.citations.history/2026/09/20260908T142956Z-1844f28fe2c0.json.gz,1
fda.citations.history,firm:3005425422,2011-07-13,2026-09-08T14:29:56Z,cfr_part,211,part,fda.citations.history,raw/fda.citations.history/2026/09/20260908T142956Z-1844f28fe2c0.json.gz,1
fda.citations.history,firm:3005425422,2011-07-13,2026-09-08T14:29:56Z,citation,1,count,fda.citations.history,raw/fda.citations.history/2026/09/20260908T142956Z-1844f28fe2c0.json.gz,1
fda.citations.history,firm:3005425422,2011-07-13,2026-09-08T14:29:56Z,citation_topic,Absence of Written Procedures,,fda.citations.history,raw/fda.citations.history/2026/09/20260908T142956Z-1844f28fe2c0.json.gz,1
fda.citations.history,firm:3005425422,2011-07-13,2026-09-08T14:29:56Z,citation_topic,Adequate number of batches on stability,,fda.citations.history,raw/fda.citations.history/2026/09/20260908T142956Z-1844f28fe2c0.json.gz,1
fda.citations.history,firm:3005425422,2011-07-13,2026-09-08T14:29:56Z,citation_topic,"Calibration - at intervals, written program, remedial action",,fda.citations.history,raw/fda.citations.history/2026/09/20260908T142956Z-1844f28fe2c0.json.gz,1
fda.citations.history,firm:3005425422,2011-07-13,2026-09-08T14:29:56Z,citation_topic,"Equipment Design, Size and Location",,fda.citations.history,raw/fda.citations.history/2026/09/20260908T142956Z-1844f28fe2c0.json.gz,1
fda.citations.history,firm:3005425422,2011-07-13,2026-09-08T14:29:56Z,citation_topic,Establishment of time limitations,,fda.citations.history,raw/fda.citations.history/2026/09/20260908T142956Z-1844f28fe2c0.json.gz,1
fda.citations.history,firm:3005425422,2011-07-13,2026-09-08T14:29:56Z,citation_topic,Identity Testing of Each Component,,fda.citations.history,raw/fda.citations.history/2026/09/20260908T142956Z-1844f28fe2c0.json.gz,1
fda.citations.history,firm:3005425422,2011-07-13,2026-09-08T14:29:56Z,citation_topic,"Prepared for each batch, include complete information",,fda.citations.history,raw/fda.citations.history/2026/09/20260908T142956Z-1844f28fe2c0.json.gz,1
fda.citations.history,firm:3005425422,2011-07-13,2026-09-08T14:29:56Z,citation_topic,Recall facilitation,,fda.citations.history,raw/fda.citations.history/2026/09/20260908T142956Z-1844f28fe2c0.json.gz,1
fda.citations.history,firm:3005425422,2011-07-13,2026-09-08T14:29:56Z,citation_topic,"Retention time of reserve samples, in general",,fda.citations.history,raw/fda.citations.history/2026/09/20260908T142956Z-1844f28fe2c0.json.gz,1
fda.citations.history,firm:3005425422,2011-07-13,2026-09-08T14:29:56Z,citation_topic,Storage under appropriate conditions,,fda.citations.history,raw/fda.citations.history/2026/09/20260908T142956Z-1844f28fe2c0.json.gz,1
fda.citations.history,firm:3005425422,2011-07-13,2026-09-08T14:29:56Z,citation_topic,Testing and release for distribution,,fda.citations.history,raw/fda.citations.history/2026/09/20260908T142956Z-1844f28fe2c0.json.gz,1
fda.citations.history,firm:3005425422,2011-07-13,2026-09-08T14:29:56Z,citation_topic,"Training--operations, GMPs, written procedures",,fda.citations.history,raw/fda.citations.history/2026/09/20260908T142956Z-1844f28fe2c0.json.gz,1
fda.citations.history,firm:3005425422,2011-07-13,2026-09-08T14:29:56Z,firm_key,PURE CHEM,,fda.citations.history,raw/fda.citations.history/2026/09/20260908T142956Z-1844f28fe2c0.json.gz,1
fda.citations.history,firm:3005425422,2011-07-13,2026-09-08T14:29:56Z,is_gmp,1,bool,fda.citations.history,raw/fda.citations.history/2026/09/20260908T142956Z-1844f28fe2c0.json.gz,1
fda.citations.history,firm:3005425422,2011-07-13,2026-09-08T14:29:56Z,label,Pure Chem Inc,,fda.citations.history,raw/fda.citations.history/2026/09/20260908T142956Z-1844f28fe2c0.json.gz,1
fda.citations.history,firm:3005584379,2011-07-29,2026-09-08T14:29:56Z,cfr,21 CFR 211.100(b),,fda.citations.history,raw/fda.citations.history/2026/09/20260908T142956Z-1844f28fe2c0.json.gz,1
fda.citations.history,firm:3005584379,2011-07-29,2026-09-08T14:29:56Z,cfr,21 CFR 211.165(a),,fda.citations.history,raw/fda.citations.history/2026/09/20260908T142956Z-1844f28fe2c0.json.gz,1
fda.citations.history,firm:3005584379,2011-07-29,2026-09-08T14:29:56Z,cfr_part,211,part,fda.citations.history,raw/fda.citations.history/2026/09/20260908T142956Z-1844f28fe2c0.json.gz,1
fda.citations.history,firm:3005584379,2011-07-29,2026-09-08T14:29:56Z,citation,1,count,fda.citations.history,raw/fda.citations.history/2026/09/20260908T142956Z-1844f28fe2c0.json.gz,1
fda.citations.history,firm:3005584379,2011-07-29,2026-09-08T14:29:56Z,citation_topic,SOPs not followed / documented,,fda.citations.history,raw/fda.citations.history/2026/09/20260908T142956Z-1844f28fe2c0.json.gz,1
fda.citations.history,firm:3005584379,2011-07-29,2026-09-08T14:29:56Z,citation_topic,Testing and release for distribution,,fda.citations.history,raw/fda.citations.history/2026/09/20260908T142956Z-1844f28fe2c0.json.gz,1
fda.citations.history,firm:3005584379,2011-07-29,2026-09-08T14:29:56Z,firm_key,NEUMANN S HOME MEDICAL EQUIPMENT,,fda.citations.history,raw/fda.citations.history/2026/09/20260908T142956Z-1844f28fe2c0.json.gz,1
fda.citations.history,firm:3005584379,2011-07-29,2026-09-08T14:29:56Z,is_gmp,1,bool,fda.citations.history,raw/fda.citations.history/2026/09/20260908T142956Z-1844f28fe2c0.json.gz,1
fda.citations.history,firm:3005584379,2011-07-29,2026-09-08T14:29:56Z,label,"Neumann's Home Medical Equipment, Inc.",,fda.citations.history,raw/fda.citations.history/2026/09/20260908T142956Z-1844f28fe2c0.json.gz,1
fda.citations.history,firm:3007057734,2011-07-12,2026-09-08T14:29:56Z,cfr,21 CFR 211.100(b),,fda.citations.history,raw/fda.citations.history/2026/09/20260908T142956Z-1844f28fe2c0.json.gz,1
fda.citations.history,firm:3007057734,2011-07-12,2026-09-08T14:29:56Z,cfr_part,211,part,fda.citations.history,raw/fda.citations.history/2026/09/20260908T142956Z-1844f28fe2c0.json.gz,1
fda.citations.history,firm:3007057734,2011-07-12,2026-09-08T14:29:56Z,citation,1,count,fda.citations.history,raw/fda.citations.history/2026/09/20260908T142956Z-1844f28fe2c0.json.gz,1
fda.citations.history,firm:3007057734,2011-07-12,2026-09-08T14:29:56Z,citation_topic,SOPs not followed / documented,,fda.citations.history,raw/fda.citations.history/2026/09/20260908T142956Z-1844f28fe2c0.json.gz,1
fda.citations.history,firm:3007057734,2011-07-12,2026-09-08T14:29:56Z,firm_key,UPSTATE NEW YORK TRANSPLANT SERVICES,,fda.citations.history,raw/fda.citations.history/2026/09/20260908T142956Z-1844f28fe2c0.json.gz,1
fda.citations.history,firm:3007057734,2011-07-12,2026-09-08T14:29:56Z,is_gmp,1,bool,fda.citations.history,raw/fda.citations.history/2026/09/20260908T142956Z-1844f28fe2c0.json.gz,1
fda.citations.history,firm:3007057734,2011-07-12,2026-09-08T14:29:56Z,label,"Upstate New York Transplant Services, Inc.",,fda.citations.history,raw/fda.citations.history/2026/09/20260908T142956Z-1844f28fe2c0.json.gz,1
fda.citations.history,firm:3008294267,2011-07-07,2026-09-08T14:29:56Z,cfr,21 CFR 211.194(d),,fda.citations.history,raw/fda.citations.history/2026/09/20260908T142956Z-1844f28fe2c0.json.gz,1
fda.citations.history,firm:3008294267,2011-07-07,2026-09-08T14:29:56Z,cfr_part,211,part,fda.citations.history,raw/fda.citations.history/2026/09/20260908T142956Z-1844f28fe2c0.json.gz,1
fda.citations.history,firm:3008294267,2011-07-07,2026-09-08T14:29:56Z,citation,1,count,fda.citations.history,raw/fda.citations.history/2026/09/20260908T142956Z-1844f28fe2c0.json.gz,1
fda.citations.history,firm:3008294267,2011-07-07,2026-09-08T14:29:56Z,citation_topic,Laboratory equipment calibration records,,fda.citations.history,raw/fda.citations.history/2026/09/20260908T142956Z-1844f28fe2c0.json.gz,1
fda.citations.history,firm:3008294267,2011-07-07,2026-09-08T14:29:56Z,firm_key,AIRGAS USA,,fda.citations.history,raw/fda.citations.history/2026/09/20260908T142956Z-1844f28fe2c0.json.gz,1
fda.citations.history,firm:3008294267,2011-07-07,2026-09-08T14:29:56Z,is_gmp,1,bool,fda.citations.history,raw/fda.citations.history/2026/09/20260908T142956Z-1844f28fe2c0.json.gz,1
fda.citations.history,firm:3008294267,2011-07-07,2026-09-08T14:29:56Z,label,"Airgas USA, LLC",,fda.citations.history,raw/fda.citations.history/2026/09/20260908T142956Z-1844f28fe2c0.json.gz,1
fda.citations.history,firm:3008349307,2011-07-07,2026-09-08T14:29:56Z,cfr,21 CFR 211.113(b),,fda.citations.history,raw/fda.citations.history/2026/09/20260908T142956Z-1844f28fe2c0.json.gz,1
fda.citations.history,firm:3008349307,2011-07-07,2026-09-08T14:29:56Z,cfr,21 CFR 211.160(b),,fda.citations.history,raw/fda.citations.history/2026/09/20260908T142956Z-1844f28fe2c0.json.gz,1
fda.citations.history,firm:3008349307,2011-07-07,2026-09-08T14:29:56Z,cfr,21 CFR 211.192,,fda.citations.history,raw/fda.citations.history/2026/09/20260908T142956Z-1844f28fe2c0.json.gz,1
fda.citations.history,firm:3008349307,2011-07-07,2026-09-08T14:29:56Z,cfr,21 CFR 211.63,,fda.citations.history,raw/fda.citations.history/2026/09/20260908T142956Z-1844f28fe2c0.json.gz,1
fda.citations.history,firm:3008349307,2011-07-07,2026-09-08T14:29:56Z,cfr,21 CFR 211.67(a),,fda.citations.history,raw/fda.citations.history/2026/09/20260908T142956Z-1844f28fe2c0.json.gz,1
fda.citations.history,firm:3008349307,2011-07-07,2026-09-08T14:29:56Z,cfr_part,211,part,fda.citations.history,raw/fda.citations.history/2026/09/20260908T142956Z-1844f28fe2c0.json.gz,1
fda.citations.history,firm:3008349307,2011-07-07,2026-09-08T14:29:56Z,citation,1,count,fda.citations.history,raw/fda.citations.history/2026/09/20260908T142956Z-1844f28fe2c0.json.gz,1
fda.citations.history,firm:3008349307,2011-07-07,2026-09-08T14:29:56Z,citation_topic,Cleaning / Sanitizing / Maintenance,,fda.citations.history,raw/fda.citations.history/2026/09/20260908T142956Z-1844f28fe2c0.json.gz,1
fda.citations.history,firm:3008349307,2011-07-07,2026-09-08T14:29:56Z,citation_topic,"Equipment Design, Size and Location",,fda.citations.history,raw/fda.citations.history/2026/09/20260908T142956Z-1844f28fe2c0.json.gz,1
fda.citations.history,firm:3008349307,2011-07-07,2026-09-08T14:29:56Z,citation_topic,Scientifically sound laboratory controls,,fda.citations.history,raw/fda.citations.history/2026/09/20260908T142956Z-1844f28fe2c0.json.gz,1
fda.citations.history,firm:3008349307,2011-07-07,2026-09-08T14:29:56Z,citation_topic,Validation lacking for sterile drug products,,fda.citations.history,raw/fda.citations.history/2026/09/20260908T142956Z-1844f28fe2c0.json.gz,1
fda.citations.history,firm:3008349307,2011-07-07,2026-09-08T14:29:56Z,citation_topic,Written record of investigation incomplete,,fda.citations.history,raw/fda.citations.history/2026/09/20260908T142956Z-1844f28fe2c0.json.gz,1
fda.citations.history,firm:3008349307,2011-07-07,2026-09-08T14:29:56Z,firm_key,DELPHARM TOURS,,fda.citations.history,raw/fda.citations.history/2026/09/20260908T142956Z-1844f28fe2c0.json.gz,1
fda.citations.history,firm:3008349307,2011-07-07,2026-09-08T14:29:56Z,is_gmp,1,bool,fda.citations.history,raw/fda.citations.history/2026/09/20260908T142956Z-1844f28fe2c0.json.gz,1
fda.citations.history,firm:3008349307,2011-07-07,2026-09-08T14:29:56Z,label,Delpharm Tours,,fda.citations.history,raw/fda.citations.history/2026/09/20260908T142956Z-1844f28fe2c0.json.gz,1
fda.citations.history,firm:3008460374,2011-07-29,2026-09-08T14:29:56Z,cfr,21 CFR 211.22(d),,fda.citations.history,raw/fda.citations.history/2026/09/20260908T142956Z-1844f28fe2c0.json.gz,1
fda.citations.history,firm:3008460374,2011-07-29,2026-09-08T14:29:56Z,cfr,21 CFR 314.80(b),,fda.citations.history,raw/fda.citations.history/2026/09/20260908T142956Z-1844f28fe2c0.json.gz,1
fda.citations.history,firm:3008460374,2011-07-29,2026-09-08T14:29:56Z,cfr,21 CFR 314.80(c)(1)(i),,fda.citations.history,raw/fda.citations.history/2026/09/20260908T142956Z-1844f28fe2c0.json.gz,1
fda.citations.history,firm:3008460374,2011-07-29,2026-09-08T14:29:56Z,cfr,21 CFR 314.80(c)(1)(ii),,fda.citations.history,raw/fda.citations.history/2026/09/20260908T142956Z-1844f28fe2c0.json.gz,1
fda.citations.history,firm:3008460374,2011-07-29,2026-09-08T14:29:56Z,cfr,21 CFR 314.81(b)(1)(ii),,fda.citations.history,raw/fda.citations.history/2026/09/20260908T142956Z-1844f28fe2c0.json.gz,1
fda.citations.history,firm:3008460374,2011-07-29,2026-09-08T14:29:56Z,cfr_part,211,part,fda.citations.history,raw/fda.citations.history/2026/09/20260908T142956Z-1844f28fe2c0.json.gz,1
fda.citations.history,firm:3008460374,2011-07-29,2026-09-08T14:29:56Z,cfr_part,314,part,fda.citations.history,raw/fda.citations.history/2026/09/20260908T142956Z-1844f28fe2c0.json.gz,1
fda.citations.history,firm:3008460374,2011-07-29,2026-09-08T14:29:56Z,citation,1,count,fda.citations.history,raw/fda.citations.history/2026/09/20260908T142956Z-1844f28fe2c0.json.gz,1
fda.citations.history,firm:3008460374,2011-07-29,2026-09-08T14:29:56Z,citation_topic,"Contamination, chemical or physical change, deterioration",,fda.citations.history,raw/fda.citations.history/2026/09/20260908T142956Z-1844f28fe2c0.json.gz,1
fda.citations.history,firm:3008460374,2011-07-29,2026-09-08T14:29:56Z,citation_topic,Failure to develop written procedures,,fda.citations.history,raw/fda.citations.history/2026/09/20260908T142956Z-1844f28fe2c0.json.gz,1
fda.citations.history,firm:3008460374,2011-07-29,2026-09-08T14:29:56Z,citation_topic,Failure to review ADE information,,fda.citations.history,raw/fda.citations.history/2026/09/20260908T142956Z-1844f28fe2c0.json.gz,1
fda.citations.history,firm:3008460374,2011-07-29,2026-09-08T14:29:56Z,citation_topic,Late submission of 15-day report,,fda.citations.history,raw/fda.citations.history/2026/09/20260908T142956Z-1844f28fe2c0.json.gz,1
fda.citations.history,firm:3008460374,2011-07-29,2026-09-08T14:29:56Z,citation_topic,"Procedures not  in writing, fully followed",,fda.citations.history,raw/fda.citations.history/2026/09/20260908T142956Z-1844f28fe2c0.json.gz,1
fda.citations.history,firm:3008460374,2011-07-29,2026-09-08T14:29:56Z,citation_topic,Submission of report follow-up,,fda.citations.history,raw/fda.citations.history/2026/09/20260908T142956Z-1844f28fe2c0.json.gz,1
fda.citations.history,firm:3008460374,2011-07-29,2026-09-08T14:29:56Z,firm_key,AUROBINDO USA,,fda.citations.history,raw/fda.citations.history/2026/09/20260908T142956Z-1844f28fe2c0.json.gz,1
fda.citations.history,firm:3008460374,2011-07-29,2026-09-08T14:29:56Z,is_gmp,0,bool,fda.citations.history,raw/fda.citations.history/2026/09/20260908T142956Z-1844f28fe2c0.json.gz,1
fda.citations.history,firm:3008460374,2011-07-29,2026-09-08T14:29:56Z,is_gmp,1,bool,fda.citations.history,raw/fda.citations.history/2026/09/20260908T142956Z-1844f28fe2c0.json.gz,1
fda.citations.history,firm:3008460374,2011-07-29,2026-09-08T14:29:56Z,label,Aurobindo Pharma USA Inc,,fda.citations.history,raw/fda.citations.history/2026/09/20260908T142956Z-1844f28fe2c0.json.gz,1
fda.citations.history,firm:3008903511,2011-07-20,2026-09-08T14:29:56Z,cfr,21 CFR 314.81(b)(1)(i),,fda.citations.history,raw/fda.citations.history/2026/09/20260908T142956Z-1844f28fe2c0.json.gz,1
fda.citations.history,firm:3008903511,2011-07-20,2026-09-08T14:29:56Z,cfr_part,314,part,fda.citations.history,raw/fda.citations.history/2026/09/20260908T142956Z-1844f28fe2c0.json.gz,1
fda.citations.history,firm:3008903511,2011-07-20,2026-09-08T14:29:56Z,citation,1,count,fda.citations.history,raw/fda.citations.history/2026/09/20260908T142956Z-1844f28fe2c0.json.gz,1
fda.citations.history,firm:3008903511,2011-07-20,2026-09-08T14:29:56Z,citation_topic,Mix-up,,fda.citations.history,raw/fda.citations.history/2026/09/20260908T142956Z-1844f28fe2c0.json.gz,1
fda.citations.history,firm:3008903511,2011-07-20,2026-09-08T14:29:56Z,firm_key,HETERO USA,,fda.citations.history,raw/fda.citations.history/2026/09/20260908T142956Z-1844f28fe2c0.json.gz,1
fda.citations.history,firm:3008903511,2011-07-20,2026-09-08T14:29:56Z,is_gmp,0,bool,fda.citations.history,raw/fda.citations.history/2026/09/20260908T142956Z-1844f28fe2c0.json.gz,1
fda.citations.history,firm:3008903511,2011-07-20,2026-09-08T14:29:56Z,label,Hetero USA Inc,,fda.citations.history,raw/fda.citations.history/2026/09/20260908T142956Z-1844f28fe2c0.json.gz,1
fda.citations.history,firm:3014704316,2011-07-27,2026-09-08T14:29:56Z,cfr,21 CFR 211.160(b),,fda.citations.history,raw/fda.citations.history/2026/09/20260908T142956Z-1844f28fe2c0.json.gz,1
fda.citations.history,firm:3014704316,2011-07-27,2026-09-08T14:29:56Z,cfr,21 CFR 211.182,,fda.citations.history,raw/fda.citations.history/2026/09/20260908T142956Z-1844f28fe2c0.json.gz,1
fda.citations.history,firm:3014704316,2011-07-27,2026-09-08T14:29:56Z,cfr,21 CFR 211.194(a),,fda.citations.history,raw/fda.citations.history/2026/09/20260908T142956Z-1844f28fe2c0.json.gz,1
fda.citations.history,firm:3014704316,2011-07-27,2026-09-08T14:29:56Z,cfr,21 CFR 211.194(a)(7),,fda.citations.history,raw/fda.citations.history/2026/09/20260908T142956Z-1844f28fe2c0.json.gz,1
fda.citations.history,firm:3014704316,2011-07-27,2026-09-08T14:29:56Z,cfr,21 CFR 211.68(a),,fda.citations.history,raw/fda.citations.history/2026/09/20260908T142956Z-1844f28fe2c0.json.gz,1
fda.citations.history,firm:3014704316,2011-07-27,2026-09-08T14:29:56Z,cfr_part,211,part,fda.citations.history,raw/fda.citations.history/2026/09/20260908T142956Z-1844f28fe2c0.json.gz,1
fda.citations.history,firm:3014704316,2011-07-27,2026-09-08T14:29:56Z,citation,1,count,fda.citations.history,raw/fda.citations.history/2026/09/20260908T142956Z-1844f28fe2c0.json.gz,1
fda.citations.history,firm:3014704316,2011-07-27,2026-09-08T14:29:56Z,citation_topic,Calibration/Inspection/Checking not done,,fda.citations.history,raw/fda.citations.history/2026/09/20260908T142956Z-1844f28fe2c0.json.gz,1
fda.citations.history,firm:3014704316,2011-07-27,2026-09-08T14:29:56Z,citation_topic,Complete test data included in records,,fda.citations.history,raw/fda.citations.history/2026/09/20260908T142956Z-1844f28fe2c0.json.gz,1
fda.citations.history,firm:3014704316,2011-07-27,2026-09-08T14:29:56Z,citation_topic,Scientifically sound laboratory controls,,fda.citations.history,raw/fda.citations.history/2026/09/20260908T142956Z-1844f28fe2c0.json.gz,1
fda.citations.history,firm:3014704316,2011-07-27,2026-09-08T14:29:56Z,citation_topic,Signatures and dates--person who performs test,,fda.citations.history,raw/fda.citations.history/2026/09/20260908T142956Z-1844f28fe2c0.json.gz,1
fda.citations.history,firm:3014704316,2011-07-27,2026-09-08T14:29:56Z,citation_topic,Written records kept in individual logs,,fda.citations.history,raw/fda.citations.history/2026/09/20260908T142956Z-1844f28fe2c0.json.gz,1
fda.citations.history,firm:3014704316,2011-07-27,2026-09-08T14:29:56Z,firm_key,EUROFINS SF ANALYTICAL,,fda.citations.history,raw/fda.citations.history/2026/09/20260908T142956Z-1844f28fe2c0.json.gz,1
fda.citations.history,firm:3014704316,2011-07-27,2026-09-08T14:29:56Z,is_gmp,1,bool,fda.citations.history,raw/fda.citations.history/2026/09/20260908T142956Z-1844f28fe2c0.json.gz,1
fda.citations.history,firm:3014704316,2011-07-27,2026-09-08T14:29:56Z,label,"Eurofins SF Analytical Laboratories, Inc.",,fda.citations.history,raw/fda.citations.history/2026/09/20260908T142956Z-1844f28fe2c0.json.gz,1
fda.complianceactions.drugs,firm:1000117586,2011-07-26,2026-09-07T21:01:42Z,action_taken,20110726,yyyymmdd,fda.complianceactions.drugs,raw/fda.complianceactions.drugs/2026/09/20260907T210142Z-90b93f350b34.json.gz,1
fda.complianceactions.drugs,firm:1000117586,2011-07-26,2026-09-07T21:01:42Z,action_warning_letter,1,count,fda.complianceactions.drugs,raw/fda.complianceactions.drugs/2026/09/20260907T210142Z-90b93f350b34.json.gz,1
fda.complianceactions.drugs,firm:1000117586,2011-07-26,2026-09-07T21:01:42Z,compliance_action,1,count,fda.complianceactions.drugs,raw/fda.complianceactions.drugs/2026/09/20260907T210142Z-90b93f350b34.json.gz,1
fda.complianceactions.drugs,firm:1000117586,2011-07-26,2026-09-07T21:01:42Z,firm_key,CETERO RESEARCH BA RESEARCH,,fda.complianceactions.drugs,raw/fda.complianceactions.drugs/2026/09/20260907T210142Z-90b93f350b34.json.gz,1
fda.complianceactions.drugs,firm:1000117586,2011-07-26,2026-09-07T21:01:42Z,is_foreign,0,bool,fda.complianceactions.drugs,raw/fda.complianceactions.drugs/2026/09/20260907T210142Z-90b93f350b34.json.gz,1
fda.complianceactions.drugs,firm:1000117586,2011-07-26,2026-09-07T21:01:42Z,label,Cetero Research / Ba Research,,fda.complianceactions.drugs,raw/fda.complianceactions.drugs/2026/09/20260907T210142Z-90b93f350b34.json.gz,1
fda.complianceactions.drugs,firm:2246448,2011-07-26,2026-09-07T21:01:42Z,action_taken,20110726,yyyymmdd,fda.complianceactions.drugs,raw/fda.complianceactions.drugs/2026/09/20260907T210142Z-90b93f350b34.json.gz,1
fda.complianceactions.drugs,firm:2246448,2011-07-26,2026-09-07T21:01:42Z,action_warning_letter,1,count,fda.complianceactions.drugs,raw/fda.complianceactions.drugs/2026/09/20260907T210142Z-90b93f350b34.json.gz,1
fda.complianceactions.drugs,firm:2246448,2011-07-26,2026-09-07T21:01:42Z,compliance_action,1,count,fda.complianceactions.drugs,raw/fda.complianceactions.drugs/2026/09/20260907T210142Z-90b93f350b34.json.gz,1
fda.complianceactions.drugs,firm:2246448,2011-07-26,2026-09-07T21:01:42Z,firm_key,ESSEX INSTITUTIONAL REVIEW BOARD,,fda.complianceactions.drugs,raw/fda.complianceactions.drugs/2026/09/20260907T210142Z-90b93f350b34.json.gz,1
fda.complianceactions.drugs,firm:2246448,2011-07-26,2026-09-07T21:01:42Z,is_foreign,0,bool,fda.complianceactions.drugs,raw/fda.complianceactions.drugs/2026/09/20260907T210142Z-90b93f350b34.json.gz,1
fda.complianceactions.drugs,firm:2246448,2011-07-26,2026-09-07T21:01:42Z,label,"Essex Institutional Review Board, Inc",,fda.complianceactions.drugs,raw/fda.complianceactions.drugs/2026/09/20260907T210142Z-90b93f350b34.json.gz,1
fda.complianceactions.drugs,firm:3003434767,2011-07-13,2026-09-07T21:01:42Z,action_taken,20110713,yyyymmdd,fda.complianceactions.drugs,raw/fda.complianceactions.drugs/2026/09/20260907T210142Z-90b93f350b34.json.gz,1
fda.complianceactions.drugs,firm:3003434767,2011-07-13,2026-09-07T21:01:42Z,action_warning_letter,1,count,fda.complianceactions.drugs,raw/fda.complianceactions.drugs/2026/09/20260907T210142Z-90b93f350b34.json.gz,1
fda.complianceactions.drugs,firm:3003434767,2011-07-13,2026-09-07T21:01:42Z,compliance_action,1,count,fda.complianceactions.drugs,raw/fda.complianceactions.drugs/2026/09/20260907T210142Z-90b93f350b34.json.gz,1
fda.complianceactions.drugs,firm:3003434767,2011-07-13,2026-09-07T21:01:42Z,firm_key,BAUSCH LOMB INCORPORATED,,fda.complianceactions.drugs,raw/fda.complianceactions.drugs/2026/09/20260907T210142Z-90b93f350b34.json.gz,1
fda.complianceactions.drugs,firm:3003434767,2011-07-13,2026-09-07T21:01:42Z,is_foreign,0,bool,fda.complianceactions.drugs,raw/fda.complianceactions.drugs/2026/09/20260907T210142Z-90b93f350b34.json.gz,1
fda.complianceactions.drugs,firm:3003434767,2011-07-13,2026-09-07T21:01:42Z,label,Bausch & Lomb Incorporated,,fda.complianceactions.drugs,raw/fda.complianceactions.drugs/2026/09/20260907T210142Z-90b93f350b34.json.gz,1
fda.complianceactions.drugs,firm:3003851100,2011-07-15,2026-09-07T21:01:42Z,action_taken,20110715,yyyymmdd,fda.complianceactions.drugs,raw/fda.complianceactions.drugs/2026/09/20260907T210142Z-90b93f350b34.json.gz,1
fda.complianceactions.drugs,firm:3003851100,2011-07-15,2026-09-07T21:01:42Z,action_warning_letter,1,count,fda.complianceactions.drugs,raw/fda.complianceactions.drugs/2026/09/20260907T210142Z-90b93f350b34.json.gz,1
fda.complianceactions.drugs,firm:3003851100,2011-07-15,2026-09-07T21:01:42Z,compliance_action,1,count,fda.complianceactions.drugs,raw/fda.complianceactions.drugs/2026/09/20260907T210142Z-90b93f350b34.json.gz,1
fda.complianceactions.drugs,firm:3003851100,2011-07-15,2026-09-07T21:01:42Z,firm_key,GENUS LIFESCIENCES,,fda.complianceactions.drugs,raw/fda.complianceactions.drugs/2026/09/20260907T210142Z-90b93f350b34.json.gz,1
fda.complianceactions.drugs,firm:3003851100,2011-07-15,2026-09-07T21:01:42Z,is_foreign,0,bool,fda.complianceactions.drugs,raw/fda.complianceactions.drugs/2026/09/20260907T210142Z-90b93f350b34.json.gz,1
fda.complianceactions.drugs,firm:3003851100,2011-07-15,2026-09-07T21:01:42Z,label,Genus Lifesciences Inc.,,fda.complianceactions.drugs,raw/fda.complianceactions.drugs/2026/09/20260907T210142Z-90b93f350b34.json.gz,1
fda.complianceactions.drugs,firm:3004680543,2011-07-14,2026-09-07T21:01:42Z,action_taken,20110714,yyyymmdd,fda.complianceactions.drugs,raw/fda.complianceactions.drugs/2026/09/20260907T210142Z-90b93f350b34.json.gz,1
fda.complianceactions.drugs,firm:3004680543,2011-07-14,2026-09-07T21:01:42Z,action_warning_letter,1,count,fda.complianceactions.drugs,raw/fda.complianceactions.drugs/2026/09/20260907T210142Z-90b93f350b34.json.gz,1
fda.complianceactions.drugs,firm:3004680543,2011-07-14,2026-09-07T21:01:42Z,compliance_action,1,count,fda.complianceactions.drugs,raw/fda.complianceactions.drugs/2026/09/20260907T210142Z-90b93f350b34.json.gz,1
fda.complianceactions.drugs,firm:3004680543,2011-07-14,2026-09-07T21:01:42Z,firm_key,PRZEDSIEBIORSTWO FARMACEUTYCZNE JELFA,,fda.complianceactions.drugs,raw/fda.complianceactions.drugs/2026/09/20260907T210142Z-90b93f350b34.json.gz,1
fda.complianceactions.drugs,firm:3004680543,2011-07-14,2026-09-07T21:01:42Z,is_foreign,1,bool,fda.complianceactions.drugs,raw/fda.complianceactions.drugs/2026/09/20260907T210142Z-90b93f350b34.json.gz,1
fda.complianceactions.drugs,firm:3004680543,2011-07-14,2026-09-07T21:01:42Z,label,Przedsiebiorstwo Farmaceutyczne Jelfa SA,,fda.complianceactions.drugs,raw/fda.complianceactions.drugs/2026/09/20260907T210142Z-90b93f350b34.json.gz,1
fda.complianceactions.drugs,firm:3006702880,2011-07-14,2026-09-07T21:01:42Z,action_taken,20110714,yyyymmdd,fda.complianceactions.drugs,raw/fda.complianceactions.drugs/2026/09/20260907T210142Z-90b93f350b34.json.gz,1
fda.complianceactions.drugs,firm:3006702880,2011-07-14,2026-09-07T21:01:42Z,action_warning_letter,1,count,fda.complianceactions.drugs,raw/fda.complianceactions.drugs/2026/09/20260907T210142Z-90b93f350b34.json.gz,1
fda.complianceactions.drugs,firm:3006702880,2011-07-14,2026-09-07T21:01:42Z,compliance_action,1,count,fda.complianceactions.drugs,raw/fda.complianceactions.drugs/2026/09/20260907T210142Z-90b93f350b34.json.gz,1
fda.complianceactions.drugs,firm:3006702880,2011-07-14,2026-09-07T21:01:42Z,firm_key,SHAPING BEAUTY,,fda.complianceactions.drugs,raw/fda.complianceactions.drugs/2026/09/20260907T210142Z-90b93f350b34.json.gz,1
fda.complianceactions.drugs,firm:3006702880,2011-07-14,2026-09-07T21:01:42Z,is_foreign,0,bool,fda.complianceactions.drugs,raw/fda.complianceactions.drugs/2026/09/20260907T210142Z-90b93f350b34.json.gz,1
fda.complianceactions.drugs,firm:3006702880,2011-07-14,2026-09-07T21:01:42Z,label,"Shaping Beauty, Inc.",,fda.complianceactions.drugs,raw/fda.complianceactions.drugs/2026/09/20260907T210142Z-90b93f350b34.json.gz,1
fda.complianceactions.drugs,firm:3008353013,2011-07-06,2026-09-07T21:01:42Z,action_taken,20110706,yyyymmdd,fda.complianceactions.drugs,raw/fda.complianceactions.drugs/2026/09/20260907T210142Z-90b93f350b34.json.gz,1
fda.complianceactions.drugs,firm:3008353013,2011-07-06,2026-09-07T21:01:42Z,action_warning_letter,1,count,fda.complianceactions.drugs,raw/fda.complianceactions.drugs/2026/09/20260907T210142Z-90b93f350b34.json.gz,1
fda.complianceactions.drugs,firm:3008353013,2011-07-06,2026-09-07T21:01:42Z,compliance_action,1,count,fda.complianceactions.drugs,raw/fda.complianceactions.drugs/2026/09/20260907T210142Z-90b93f350b34.json.gz,1
fda.complianceactions.drugs,firm:3008353013,2011-07-06,2026-09-07T21:01:42Z,firm_key,JOSEPH B MICHELSON MD,,fda.complianceactions.drugs,raw/fda.complianceactions.drugs/2026/09/20260907T210142Z-90b93f350b34.json.gz,1
fda.complianceactions.drugs,firm:3008353013,2011-07-06,2026-09-07T21:01:42Z,is_foreign,0,bool,fda.complianceactions.drugs,raw/fda.complianceactions.drugs/2026/09/20260907T210142Z-90b93f350b34.json.gz,1
fda.complianceactions.drugs,firm:3008353013,2011-07-06,2026-09-07T21:01:42Z,label,"Joseph B. Michelson, Md",,fda.complianceactions.drugs,raw/fda.complianceactions.drugs/2026/09/20260907T210142Z-90b93f350b34.json.gz,1
fda.complianceactions.drugs,firm:3008480759,2011-07-19,2026-09-07T21:01:42Z,action_taken,20110719,yyyymmdd,fda.complianceactions.drugs,raw/fda.complianceactions.drugs/2026/09/20260907T210142Z-90b93f350b34.json.gz,1
fda.complianceactions.drugs,firm:3008480759,2011-07-19,2026-09-07T21:01:42Z,action_warning_letter,1,count,fda.complianceactions.drugs,raw/fda.complianceactions.drugs/2026/09/20260907T210142Z-90b93f350b34.json.gz,1
fda.complianceactions.drugs,firm:3008480759,2011-07-19,2026-09-07T21:01:42Z,compliance_action,1,count,fda.complianceactions.drugs,raw/fda.complianceactions.drugs/2026/09/20260907T210142Z-90b93f350b34.json.gz,1
fda.complianceactions.drugs,firm:3008480759,2011-07-19,2026-09-07T21:01:42Z,firm_key,LINDA D BOSSERMAN,,fda.complianceactions.drugs,raw/fda.complianceactions.drugs/2026/09/20260907T210142Z-90b93f350b34.json.gz,1
fda.complianceactions.drugs,firm:3008480759,2011-07-19,2026-09-07T21:01:42Z,is_foreign,0,bool,fda.complianceactions.drugs,raw/fda.complianceactions.drugs/2026/09/20260907T210142Z-90b93f350b34.json.gz,1
fda.complianceactions.drugs,firm:3008480759,2011-07-19,2026-09-07T21:01:42Z,label,Linda D. Bosserman,,fda.complianceactions.drugs,raw/fda.complianceactions.drugs/2026/09/20260907T210142Z-90b93f350b34.json.gz,1
fda.complianceactions.drugs,firm:3008734284,2011-07-14,2026-09-07T21:01:42Z,action_taken,20110714,yyyymmdd,fda.complianceactions.drugs,raw/fda.complianceactions.drugs/2026/09/20260907T210142Z-90b93f350b34.json.gz,1
fda.complianceactions.drugs,firm:3008734284,2011-07-14,2026-09-07T21:01:42Z,action_warning_letter,1,count,fda.complianceactions.drugs,raw/fda.complianceactions.drugs/2026/09/20260907T210142Z-90b93f350b34.json.gz,1
fda.complianceactions.drugs,firm:3008734284,2011-07-14,2026-09-07T21:01:42Z,compliance_action,1,count,fda.complianceactions.drugs,raw/fda.complianceactions.drugs/2026/09/20260907T210142Z-90b93f350b34.json.gz,1
fda.complianceactions.drugs,firm:3008734284,2011-07-14,2026-09-07T21:01:42Z,firm_key,H S GMP FACTORY,,fda.complianceactions.drugs,raw/fda.complianceactions.drugs/2026/09/20260907T210142Z-90b93f350b34.json.gz,1
fda.complianceactions.drugs,firm:3008734284,2011-07-14,2026-09-07T21:01:42Z,is_foreign,1,bool,fda.complianceactions.drugs,raw/fda.complianceactions.drugs/2026/09/20260907T210142Z-90b93f350b34.json.gz,1
fda.complianceactions.drugs,firm:3008734284,2011-07-14,2026-09-07T21:01:42Z,label,H & S GMP Factory,,fda.complianceactions.drugs,raw/fda.complianceactions.drugs/2026/09/20260907T210142Z-90b93f350b34.json.gz,1
fda.inspections.history,firm:1000041224,2011-07-20,2026-09-08T14:33:29Z,classification,1,ordinal,fda.inspections.history,raw/fda.inspections.history/2026/09/20260908T143329Z-c06f5062ce8b.json.gz,1
fda.inspections.history,firm:1000041224,2011-07-20,2026-09-08T14:33:29Z,firm_key,METRO WELDING SUPPLY,,fda.inspections.history,raw/fda.inspections.history/2026/09/20260908T143329Z-c06f5062ce8b.json.gz,1
fda.inspections.history,firm:1000041224,2011-07-20,2026-09-08T14:33:29Z,inspected,1,count,fda.inspections.history,raw/fda.inspections.history/2026/09/20260908T143329Z-c06f5062ce8b.json.gz,1
fda.inspections.history,firm:1000041224,2011-07-20,2026-09-08T14:33:29Z,inspection_end,20110720,yyyymmdd,fda.inspections.history,raw/fda.inspections.history/2026/09/20260908T143329Z-c06f5062ce8b.json.gz,1
fda.inspections.history,firm:1000041224,2011-07-20,2026-09-08T14:33:29Z,is_foreign,0,bool,fda.inspections.history,raw/fda.inspections.history/2026/09/20260908T143329Z-c06f5062ce8b.json.gz,1
fda.inspections.history,firm:1000041224,2011-07-20,2026-09-08T14:33:29Z,is_oai,0,bool,fda.inspections.history,raw/fda.inspections.history/2026/09/20260908T143329Z-c06f5062ce8b.json.gz,1
fda.inspections.history,firm:1000041224,2011-07-20,2026-09-08T14:33:29Z,label,Metro Welding Supply Corporation,,fda.inspections.history,raw/fda.inspections.history/2026/09/20260908T143329Z-c06f5062ce8b.json.gz,1
fda.inspections.history,firm:1000115423,2011-07-29,2026-09-08T14:33:29Z,classification,1,ordinal,fda.inspections.history,raw/fda.inspections.history/2026/09/20260908T143329Z-c06f5062ce8b.json.gz,1
fda.inspections.history,firm:1000115423,2011-07-29,2026-09-08T14:33:29Z,firm_key,MARTIN EKWEALOR,,fda.inspections.history,raw/fda.inspections.history/2026/09/20260908T143329Z-c06f5062ce8b.json.gz,1
fda.inspections.history,firm:1000115423,2011-07-29,2026-09-08T14:33:29Z,inspected,1,count,fda.inspections.history,raw/fda.inspections.history/2026/09/20260908T143329Z-c06f5062ce8b.json.gz,1
fda.inspections.history,firm:1000115423,2011-07-29,2026-09-08T14:33:29Z,inspection_end,20110729,yyyymmdd,fda.inspections.history,raw/fda.inspections.history/2026/09/20260908T143329Z-c06f5062ce8b.json.gz,1
fda.inspections.history,firm:1000115423,2011-07-29,2026-09-08T14:33:29Z,is_foreign,0,bool,fda.inspections.history,raw/fda.inspections.history/2026/09/20260908T143329Z-c06f5062ce8b.json.gz,1
fda.inspections.history,firm:1000115423,2011-07-29,2026-09-08T14:33:29Z,is_oai,0,bool,fda.inspections.history,raw/fda.inspections.history/2026/09/20260908T143329Z-c06f5062ce8b.json.gz,1
fda.inspections.history,firm:1000115423,2011-07-29,2026-09-08T14:33:29Z,label,"Martin Ekwealor Pharmaceuticals, Inc.",,fda.inspections.history,raw/fda.inspections.history/2026/09/20260908T143329Z-c06f5062ce8b.json.gz,1
fda.inspections.history,firm:1000120300,2011-07-11,2026-09-08T14:33:29Z,classification,0,ordinal,fda.inspections.history,raw/fda.inspections.history/2026/09/20260908T143329Z-c06f5062ce8b.json.gz,1
fda.inspections.history,firm:1000120300,2011-07-11,2026-09-08T14:33:29Z,firm_key,DIAMOND CONTRACT MANUFACTURING,,fda.inspections.history,raw/fda.inspections.history/2026/09/20260908T143329Z-c06f5062ce8b.json.gz,1
fda.inspections.history,firm:1000120300,2011-07-11,2026-09-08T14:33:29Z,inspected,1,count,fda.inspections.history,raw/fda.inspections.history/2026/09/20260908T143329Z-c06f5062ce8b.json.gz,1
fda.inspections.history,firm:1000120300,2011-07-11,2026-09-08T14:33:29Z,inspection_end,20110711,yyyymmdd,fda.inspections.history,raw/fda.inspections.history/2026/09/20260908T143329Z-c06f5062ce8b.json.gz,1
fda.inspections.history,firm:1000120300,2011-07-11,2026-09-08T14:33:29Z,is_foreign,0,bool,fda.inspections.history,raw/fda.inspections.history/2026/09/20260908T143329Z-c06f5062ce8b.json.gz,1
fda.inspections.history,firm:1000120300,2011-07-11,2026-09-08T14:33:29Z,is_oai,0,bool,fda.inspections.history,raw/fda.inspections.history/2026/09/20260908T143329Z-c06f5062ce8b.json.gz,1
fda.inspections.history,firm:1000120300,2011-07-11,2026-09-08T14:33:29Z,label,"Diamond Contract Manufacturing, LLC",,fda.inspections.history,raw/fda.inspections.history/2026/09/20260908T143329Z-c06f5062ce8b.json.gz,1
fda.inspections.history,firm:1000121203,2011-07-06,2026-09-08T14:33:29Z,classification,1,ordinal,fda.inspections.history,raw/fda.inspections.history/2026/09/20260908T143329Z-c06f5062ce8b.json.gz,1
fda.inspections.history,firm:1000121203,2011-07-06,2026-09-08T14:33:29Z,firm_key,EAST BERLIN PHARMACY D B A CHOICE HEALTHCARE,,fda.inspections.history,raw/fda.inspections.history/2026/09/20260908T143329Z-c06f5062ce8b.json.gz,1
fda.inspections.history,firm:1000121203,2011-07-06,2026-09-08T14:33:29Z,inspected,1,count,fda.inspections.history,raw/fda.inspections.history/2026/09/20260908T143329Z-c06f5062ce8b.json.gz,1
fda.inspections.history,firm:1000121203,2011-07-06,2026-09-08T14:33:29Z,inspection_end,20110706,yyyymmdd,fda.inspections.history,raw/fda.inspections.history/2026/09/20260908T143329Z-c06f5062ce8b.json.gz,1
fda.inspections.history,firm:1000121203,2011-07-06,2026-09-08T14:33:29Z,is_foreign,0,bool,fda.inspections.history,raw/fda.inspections.history/2026/09/20260908T143329Z-c06f5062ce8b.json.gz,1
fda.inspections.history,firm:1000121203,2011-07-06,2026-09-08T14:33:29Z,is_oai,0,bool,fda.inspections.history,raw/fda.inspections.history/2026/09/20260908T143329Z-c06f5062ce8b.json.gz,1
fda.inspections.history,firm:1000121203,2011-07-06,2026-09-08T14:33:29Z,label,"East Berlin Pharmacy, Inc. d/b/a Choice Healthcare",,fda.inspections.history,raw/fda.inspections.history/2026/09/20260908T143329Z-c06f5062ce8b.json.gz,1
fda.inspections.history,firm:1000122564,2011-07-28,2026-09-08T14:33:29Z,classification,0,ordinal,fda.inspections.history,raw/fda.inspections.history/2026/09/20260908T143329Z-c06f5062ce8b.json.gz,1
fda.inspections.history,firm:1000122564,2011-07-28,2026-09-08T14:33:29Z,firm_key,LINCARE,,fda.inspections.history,raw/fda.inspections.history/2026/09/20260908T143329Z-c06f5062ce8b.json.gz,1
fda.inspections.history,firm:1000122564,2011-07-28,2026-09-08T14:33:29Z,inspected,1,count,fda.inspections.history,raw/fda.inspections.history/2026/09/20260908T143329Z-c06f5062ce8b.json.gz,1
fda.inspections.history,firm:1000122564,2011-07-28,2026-09-08T14:33:29Z,inspection_end,20110728,yyyymmdd,fda.inspections.history,raw/fda.inspections.history/2026/09/20260908T143329Z-c06f5062ce8b.json.gz,1
fda.inspections.history,firm:1000122564,2011-07-28,2026-09-08T14:33:29Z,is_foreign,0,bool,fda.inspections.history,raw/fda.inspections.history/2026/09/20260908T143329Z-c06f5062ce8b.json.gz,1
fda.inspections.history,firm:1000122564,2011-07-28,2026-09-08T14:33:29Z,is_oai,0,bool,fda.inspections.history,raw/fda.inspections.history/2026/09/20260908T143329Z-c06f5062ce8b.json.gz,1
fda.inspections.history,firm:1000122564,2011-07-28,2026-09-08T14:33:29Z,label,Lincare Holdings,,fda.inspections.history,raw/fda.inspections.history/2026/09/20260908T143329Z-c06f5062ce8b.json.gz,1
fda.inspections.history,firm:1000135215,2011-07-01,2026-09-08T14:33:29Z,classification,0,ordinal,fda.inspections.history,raw/fda.inspections.history/2026/09/20260908T143329Z-c06f5062ce8b.json.gz,1
fda.inspections.history,firm:1000135215,2011-07-01,2026-09-08T14:33:29Z,firm_key,DISPENSING SOLUTIONS,,fda.inspections.history,raw/fda.inspections.history/2026/09/20260908T143329Z-c06f5062ce8b.json.gz,1
fda.inspections.history,firm:1000135215,2011-07-01,2026-09-08T14:33:29Z,inspected,1,count,fda.inspections.history,raw/fda.inspections.history/2026/09/20260908T143329Z-c06f5062ce8b.json.gz,1
fda.inspections.history,firm:1000135215,2011-07-01,2026-09-08T14:33:29Z,inspection_end,20110701,yyyymmdd,fda.inspections.history,raw/fda.inspections.history/2026/09/20260908T143329Z-c06f5062ce8b.json.gz,1
fda.inspections.history,firm:1000135215,2011-07-01,2026-09-08T14:33:29Z,is_foreign,0,bool,fda.inspections.history,raw/fda.inspections.history/2026/09/20260908T143329Z-c06f5062ce8b.json.gz,1
fda.inspections.history,firm:1000135215,2011-07-01,2026-09-08T14:33:29Z,is_oai,0,bool,fda.inspections.history,raw/fda.inspections.history/2026/09/20260908T143329Z-c06f5062ce8b.json.gz,1
fda.inspections.history,firm:1000135215,2011-07-01,2026-09-08T14:33:29Z,label,"Dispensing Solutions, Inc",,fda.inspections.history,raw/fda.inspections.history/2026/09/20260908T143329Z-c06f5062ce8b.json.gz,1
fda.inspections.history,firm:1000158576,2011-07-01,2026-09-08T14:33:29Z,classification,0,ordinal,fda.inspections.history,raw/fda.inspections.history/2026/09/20260908T143329Z-c06f5062ce8b.json.gz,1
fda.inspections.history,firm:1000158576,2011-07-01,2026-09-08T14:33:29Z,firm_key,NOVO NORDISK INDUSTRIES LP,,fda.inspections.history,raw/fda.inspections.history/2026/09/20260908T143329Z-c06f5062ce8b.json.gz,1
fda.inspections.history,firm:1000158576,2011-07-01,2026-09-08T14:33:29Z,inspected,1,count,fda.inspections.history,raw/fda.inspections.history/2026/09/20260908T143329Z-c06f5062ce8b.json.gz,1
fda.inspections.history,firm:1000158576,2011-07-01,2026-09-08T14:33:29Z,inspection_end,20110701,yyyymmdd,fda.inspections.history,raw/fda.inspections.history/2026/09/20260908T143329Z-c06f5062ce8b.json.gz,1
fda.inspections.history,firm:1000158576,2011-07-01,2026-09-08T14:33:29Z,is_foreign,0,bool,fda.inspections.history,raw/fda.inspections.history/2026/09/20260908T143329Z-c06f5062ce8b.json.gz,1
fda.inspections.history,firm:1000158576,2011-07-01,2026-09-08T14:33:29Z,is_oai,0,bool,fda.inspections.history,raw/fda.inspections.history/2026/09/20260908T143329Z-c06f5062ce8b.json.gz,1
fda.inspections.history,firm:1000158576,2011-07-01,2026-09-08T14:33:29Z,label,Novo Nordisk Pharmaceutical Industries LP,,fda.inspections.history,raw/fda.inspections.history/2026/09/20260908T143329Z-c06f5062ce8b.json.gz,1
fda.inspections.history,firm:1000160563,2011-07-21,2026-09-08T14:33:29Z,classification,1,ordinal,fda.inspections.history,raw/fda.inspections.history/2026/09/20260908T143329Z-c06f5062ce8b.json.gz,1
fda.inspections.history,firm:1000160563,2011-07-21,2026-09-08T14:33:29Z,firm_key,FNC MEDICAL,,fda.inspections.history,raw/fda.inspections.history/2026/09/20260908T143329Z-c06f5062ce8b.json.gz,1
fda.inspections.history,firm:1000160563,2011-07-21,2026-09-08T14:33:29Z,inspected,1,count,fda.inspections.history,raw/fda.inspections.history/2026/09/20260908T143329Z-c06f5062ce8b.json.gz,1
fda.inspections.history,firm:1000160563,2011-07-21,2026-09-08T14:33:29Z,inspection_end,20110721,yyyymmdd,fda.inspections.history,raw/fda.inspections.history/2026/09/20260908T143329Z-c06f5062ce8b.json.gz,1
fda.inspections.history,firm:1000160563,2011-07-21,2026-09-08T14:33:29Z,is_foreign,0,bool,fda.inspections.history,raw/fda.inspections.history/2026/09/20260908T143329Z-c06f5062ce8b.json.gz,1
fda.inspections.history,firm:1000160563,2011-07-21,2026-09-08T14:33:29Z,is_oai,0,bool,fda.inspections.history,raw/fda.inspections.history/2026/09/20260908T143329Z-c06f5062ce8b.json.gz,1
fda.inspections.history,firm:1000160563,2011-07-21,2026-09-08T14:33:29Z,label,FNC Medical Corporation,,fda.inspections.history,raw/fda.inspections.history/2026/09/20260908T143329Z-c06f5062ce8b.json.gz,1
fda.inspections.history,firm:1000238384,2011-07-13,2026-09-08T14:33:29Z,classification,1,ordinal,fda.inspections.history,raw/fda.inspections.history/2026/09/20260908T143329Z-c06f5062ce8b.json.gz,1
fda.inspections.history,firm:1000238384,2011-07-13,2026-09-08T14:33:29Z,firm_key,SIMAFEX,,fda.inspections.history,raw/fda.inspections.history/2026/09/20260908T143329Z-c06f5062ce8b.json.gz,1
fda.inspections.history,firm:1000238384,2011-07-13,2026-09-08T14:33:29Z,inspected,1,count,fda.inspections.history,raw/fda.inspections.history/2026/09/20260908T143329Z-c06f5062ce8b.json.gz,1
fda.inspections.history,firm:1000238384,2011-07-13,2026-09-08T14:33:29Z,inspection_end,20110713,yyyymmdd,fda.inspections.history,raw/fda.inspections.history/2026/09/20260908T143329Z-c06f5062ce8b.json.gz,1
fda.inspections.history,firm:1000238384,2011-07-13,2026-09-08T14:33:29Z,is_foreign,1,bool,fda.inspections.history,raw/fda.inspections.history/2026/09/20260908T143329Z-c06f5062ce8b.json.gz,1
fda.inspections.history,firm:1000238384,2011-07-13,2026-09-08T14:33:29Z,is_oai,0,bool,fda.inspections.history,raw/fda.inspections.history/2026/09/20260908T143329Z-c06f5062ce8b.json.gz,1
fda.inspections.history,firm:1000238384,2011-07-13,2026-09-08T14:33:29Z,label,Simafex,,fda.inspections.history,raw/fda.inspections.history/2026/09/20260908T143329Z-c06f5062ce8b.json.gz,1
fda.inspections.history,firm:1000291122,2011-07-19,2026-09-08T14:33:29Z,classification,1,ordinal,fda.inspections.history,raw/fda.inspections.history/2026/09/20260908T143329Z-c06f5062ce8b.json.gz,1
fda.inspections.history,firm:1000291122,2011-07-19,2026-09-08T14:33:29Z,firm_key,RENTSCHLER BIOPHARMA SE,,fda.inspections.history,raw/fda.inspections.history/2026/09/20260908T143329Z-c06f5062ce8b.json.gz,1
fda.inspections.history,firm:1000291122,2011-07-19,2026-09-08T14:33:29Z,inspected,1,count,fda.inspections.history,raw/fda.inspections.history/2026/09/20260908T143329Z-c06f5062ce8b.json.gz,1
fda.inspections.history,firm:1000291122,2011-07-19,2026-09-08T14:33:29Z,inspection_end,20110719,yyyymmdd,fda.inspections.history,raw/fda.inspections.history/2026/09/20260908T143329Z-c06f5062ce8b.json.gz,1
fda.inspections.history,firm:1000291122,2011-07-19,2026-09-08T14:33:29Z,is_foreign,1,bool,fda.inspections.history,raw/fda.inspections.history/2026/09/20260908T143329Z-c06f5062ce8b.json.gz,1
fda.inspections.history,firm:1000291122,2011-07-19,2026-09-08T14:33:29Z,is_oai,0,bool,fda.inspections.history,raw/fda.inspections.history/2026/09/20260908T143329Z-c06f5062ce8b.json.gz,1
fda.inspections.history,firm:1000291122,2011-07-19,2026-09-08T14:33:29Z,label,Rentschler Biopharma SE,,fda.inspections.history,raw/fda.inspections.history/2026/09/20260908T143329Z-c06f5062ce8b.json.gz,1
fda.inspections.history,firm:1000307047,2011-07-05,2026-09-08T14:33:29Z,classification,0,ordinal,fda.inspections.history,raw/fda.inspections.history/2026/09/20260908T143329Z-c06f5062ce8b.json.gz,1
fda.inspections.history,firm:1000307047,2011-07-05,2026-09-08T14:33:29Z,firm_key,APTER INDUSTRIES,,fda.inspections.history,raw/fda.inspections.history/2026/09/20260908T143329Z-c06f5062ce8b.json.gz,1
fda.inspections.history,firm:1000307047,2011-07-05,2026-09-08T14:33:29Z,inspected,1,count,fda.inspections.history,raw/fda.inspections.history/2026/09/20260908T143329Z-c06f5062ce8b.json.gz,1
fda.inspections.history,firm:1000307047,2011-07-05,2026-09-08T14:33:29Z,inspection_end,20110705,yyyymmdd,fda.inspections.history,raw/fda.inspections.history/2026/09/20260908T143329Z-c06f5062ce8b.json.gz,1
fda.inspections.history,firm:1000307047,2011-07-05,2026-09-08T14:33:29Z,is_foreign,0,bool,fda.inspections.history,raw/fda.inspections.history/2026/09/20260908T143329Z-c06f5062ce8b.json.gz,1
fda.inspections.history,firm:1000307047,2011-07-05,2026-09-08T14:33:29Z,is_oai,0,bool,fda.inspections.history,raw/fda.inspections.history/2026/09/20260908T143329Z-c06f5062ce8b.json.gz,1
fda.inspections.history,firm:1000307047,2011-07-05,2026-09-08T14:33:29Z,label,"Apter Industries, Inc.",,fda.inspections.history,raw/fda.inspections.history/2026/09/20260908T143329Z-c06f5062ce8b.json.gz,1
fda.inspections.history,firm:1000307549,2011-07-27,2026-09-08T14:33:29Z,classification,0,ordinal,fda.inspections.history,raw/fda.inspections.history/2026/09/20260908T143329Z-c06f5062ce8b.json.gz,1
fda.inspections.history,firm:1000307549,2011-07-27,2026-09-08T14:33:29Z,firm_key,RESPIRATORY HOME CARE,,fda.inspections.history,raw/fda.inspections.history/2026/09/20260908T143329Z-c06f5062ce8b.json.gz,1
fda.inspections.history,firm:1000307549,2011-07-27,2026-09-08T14:33:29Z,inspected,1,count,fda.inspections.history,raw/fda.inspections.history/2026/09/20260908T143329Z-c06f5062ce8b.json.gz,1
fda.inspections.history,firm:1000307549,2011-07-27,2026-09-08T14:33:29Z,inspection_end,20110727,yyyymmdd,fda.inspections.history,raw/fda.inspections.history/2026/09/20260908T143329Z-c06f5062ce8b.json.gz,1
fda.inspections.history,firm:1000307549,2011-07-27,2026-09-08T14:33:29Z,is_foreign,0,bool,fda.inspections.history,raw/fda.inspections.history/2026/09/20260908T143329Z-c06f5062ce8b.json.gz,1
fda.inspections.history,firm:1000307549,2011-07-27,2026-09-08T14:33:29Z,is_oai,0,bool,fda.inspections.history,raw/fda.inspections.history/2026/09/20260908T143329Z-c06f5062ce8b.json.gz,1
fda.inspections.history,firm:1000307549,2011-07-27,2026-09-08T14:33:29Z,label,Respiratory Home Care Inc,,fda.inspections.history,raw/fda.inspections.history/2026/09/20260908T143329Z-c06f5062ce8b.json.gz,1
fda.inspections.history,firm:1000307800,2011-07-11,2026-09-08T14:33:29Z,classification,1,ordinal,fda.inspections.history,raw/fda.inspections.history/2026/09/20260908T143329Z-c06f5062ce8b.json.gz,1
fda.inspections.history,firm:1000307800,2011-07-11,2026-09-08T14:33:29Z,classification,2,ordinal,fda.inspections.history,raw/fda.inspections.history/2026/09/20260908T143329Z-c06f5062ce8b.json.gz,1
fda.inspections.history,firm:1000307800,2011-07-11,2026-09-08T14:33:29Z,firm_key,BRACCO DIAGNOSTICS,,fda.inspections.history,raw/fda.inspections.history/2026/09/20260908T143329Z-c06f5062ce8b.json.gz,1
fda.inspections.history,firm:1000307800,2011-07-11,2026-09-08T14:33:29Z,inspected,1,count,fda.inspections.history,raw/fda.inspections.history/2026/09/20260908T143329Z-c06f5062ce8b.json.gz,1
fda.inspections.history,firm:1000307800,2011-07-11,2026-09-08T14:33:29Z,inspection_end,20110711,yyyymmdd,fda.inspections.history,raw/fda.inspections.history/2026/09/20260908T143329Z-c06f5062ce8b.json.gz,1
fda.inspections.history,firm:1000307800,2011-07-11,2026-09-08T14:33:29Z,is_foreign,0,bool,fda.inspections.history,raw/fda.inspections.history/2026/09/20260908T143329Z-c06f5062ce8b.json.gz,1
fda.inspections.history,firm:1000307800,2011-07-11,2026-09-08T14:33:29Z,is_oai,0,bool,fda.inspections.history,raw/fda.inspections.history/2026/09/20260908T143329Z-c06f5062ce8b.json.gz,1
fda.inspections.history,firm:1000307800,2011-07-11,2026-09-08T14:33:29Z,is_oai,1,bool,fda.inspections.history,raw/fda.inspections.history/2026/09/20260908T143329Z-c06f5062ce8b.json.gz,1
fda.inspections.history,firm:1000307800,2011-07-11,2026-09-08T14:33:29Z,label,"Bracco Diagnostics, Inc.",,fda.inspections.history,raw/fda.inspections.history/2026/09/20260908T143329Z-c06f5062ce8b.json.gz,1
fda.inspections.history,firm:1000312133,2011-07-01,2026-09-08T14:33:29Z,classification,1,ordinal,fda.inspections.history,raw/fda.inspections.history/2026/09/20260908T143329Z-c06f5062ce8b.json.gz,1
fda.inspections.history,firm:1000312133,2011-07-01,2026-09-08T14:33:29Z,firm_key,SUANFARMA ITALIA S P A,,fda.inspections.history,raw/fda.inspections.history/2026/09/20260908T143329Z-c06f5062ce8b.json.gz,1
fda.inspections.history,firm:1000312133,2011-07-01,2026-09-08T14:33:29Z,inspected,1,count,fda.inspections.history,raw/fda.inspections.history/2026/09/20260908T143329Z-c06f5062ce8b.json.gz,1
fda.inspections.history,firm:1000312133,2011-07-01,2026-09-08T14:33:29Z,inspection_end,20110701,yyyymmdd,fda.inspections.history,raw/fda.inspections.history/2026/09/20260908T143329Z-c06f5062ce8b.json.gz,1
fda.inspections.history,firm:1000312133,2011-07-01,2026-09-08T14:33:29Z,is_foreign,1,bool,fda.inspections.history,raw/fda.inspections.history/2026/09/20260908T143329Z-c06f5062ce8b.json.gz,1
fda.inspections.history,firm:1000312133,2011-07-01,2026-09-08T14:33:29Z,is_oai,0,bool,fda.inspections.history,raw/fda.inspections.history/2026/09/20260908T143329Z-c06f5062ce8b.json.gz,1
fda.inspections.history,firm:1000312133,2011-07-01,2026-09-08T14:33:29Z,label,Suanfarma Italia S.p.A.,,fda.inspections.history,raw/fda.inspections.history/2026/09/20260908T143329Z-c06f5062ce8b.json.gz,1
fda.inspections.history,firm:1000512361,2011-07-22,2026-09-08T14:33:29Z,classification,1,ordinal,fda.inspections.history,raw/fda.inspections.history/2026/09/20260908T143329Z-c06f5062ce8b.json.gz,1
fda.inspections.history,firm:1000512361,2011-07-22,2026-09-08T14:33:29Z,firm_key,BORA INJECTABLES,,fda.inspections.history,raw/fda.inspections.history/2026/09/20260908T143329Z-c06f5062ce8b.json.gz,1
fda.inspections.history,firm:1000512361,2011-07-22,2026-09-08T14:33:29Z,inspected,1,count,fda.inspections.history,raw/fda.inspections.history/2026/09/20260908T143329Z-c06f5062ce8b.json.gz,1
fda.inspections.history,firm:1000512361,2011-07-22,2026-09-08T14:33:29Z,inspection_end,20110722,yyyymmdd,fda.inspections.history,raw/fda.inspections.history/2026/09/20260908T143329Z-c06f5062ce8b.json.gz,1
fda.inspections.history,firm:1000512361,2011-07-22,2026-09-08T14:33:29Z,is_foreign,0,bool,fda.inspections.history,raw/fda.inspections.history/2026/09/20260908T143329Z-c06f5062ce8b.json.gz,1
fda.inspections.history,firm:1000512361,2011-07-22,2026-09-08T14:33:29Z,is_oai,0,bool,fda.inspections.history,raw/fda.inspections.history/2026/09/20260908T143329Z-c06f5062ce8b.json.gz,1
fda.inspections.history,firm:1000512361,2011-07-22,2026-09-08T14:33:29Z,label,Bora Pharmaceuticals Injectables Inc,,fda.inspections.history,raw/fda.inspections.history/2026/09/20260908T143329Z-c06f5062ce8b.json.gz,1
fda.inspections.history,firm:1000514603,2011-07-29,2026-09-08T14:33:29Z,classification,0,ordinal,fda.inspections.history,raw/fda.inspections.history/2026/09/20260908T143329Z-c06f5062ce8b.json.gz,1
fda.inspections.history,firm:1000514603,2011-07-29,2026-09-08T14:33:29Z,firm_key,REGENERON,,fda.inspections.history,raw/fda.inspections.history/2026/09/20260908T143329Z-c06f5062ce8b.json.gz,1
fda.inspections.history,firm:1000514603,2011-07-29,2026-09-08T14:33:29Z,inspected,1,count,fda.inspections.history,raw/fda.inspections.history/2026/09/20260908T143329Z-c06f5062ce8b.json.gz,1
fda.inspections.history,firm:1000514603,2011-07-29,2026-09-08T14:33:29Z,inspection_end,20110729,yyyymmdd,fda.inspections.history,raw/fda.inspections.history/2026/09/20260908T143329Z-c06f5062ce8b.json.gz,1
fda.inspections.history,firm:1000514603,2011-07-29,2026-09-08T14:33:29Z,is_foreign,0,bool,fda.inspections.history,raw/fda.inspections.history/2026/09/20260908T143329Z-c06f5062ce8b.json.gz,1
fda.inspections.history,firm:1000514603,2011-07-29,2026-09-08T14:33:29Z,is_oai,0,bool,fda.inspections.history,raw/fda.inspections.history/2026/09/20260908T143329Z-c06f5062ce8b.json.gz,1
fda.inspections.history,firm:1000514603,2011-07-29,2026-09-08T14:33:29Z,label,Regeneron Pharmaceuticals Inc,,fda.inspections.history,raw/fda.inspections.history/2026/09/20260908T143329Z-c06f5062ce8b.json.gz,1
fda.inspections.history,firm:1000515347,2011-07-12,2026-09-08T14:33:29Z,classification,0,ordinal,fda.inspections.history,raw/fda.inspections.history/2026/09/20260908T143329Z-c06f5062ce8b.json.gz,1
fda.inspections.history,firm:1000515347,2011-07-12,2026-09-08T14:33:29Z,firm_key,AMERICAN HOME PATIENT,,fda.inspections.history,raw/fda.inspections.history/2026/09/20260908T143329Z-c06f5062ce8b.json.gz,1
fda.inspections.history,firm:1000515347,2011-07-12,2026-09-08T14:33:29Z,inspected,1,count,fda.inspections.history,raw/fda.inspections.history/2026/09/20260908T143329Z-c06f5062ce8b.json.gz,1
fda.inspections.history,firm:1000515347,2011-07-12,2026-09-08T14:33:29Z,inspection_end,20110712,yyyymmdd,fda.inspections.history,raw/fda.inspections.history/2026/09/20260908T143329Z-c06f5062ce8b.json.gz,1
fda.inspections.history,firm:1000515347,2011-07-12,2026-09-08T14:33:29Z,is_foreign,0,bool,fda.inspections.history,raw/fda.inspections.history/2026/09/20260908T143329Z-c06f5062ce8b.json.gz,1
fda.inspections.history,firm:1000515347,2011-07-12,2026-09-08T14:33:29Z,is_oai,0,bool,fda.inspections.history,raw/fda.inspections.history/2026/09/20260908T143329Z-c06f5062ce8b.json.gz,1
fda.inspections.history,firm:1000515347,2011-07-12,2026-09-08T14:33:29Z,label,American Home Patient Inc,,fda.inspections.history,raw/fda.inspections.history/2026/09/20260908T143329Z-c06f5062ce8b.json.gz,1
fda.inspections.history,firm:1000519239,2011-07-07,2026-09-08T14:33:29Z,classification,0,ordinal,fda.inspections.history,raw/fda.inspections.history/2026/09/20260908T143329Z-c06f5062ce8b.json.gz,1
fda.inspections.history,firm:1000519239,2011-07-07,2026-09-08T14:33:29Z,firm_key,POLYPEPTIDE,,fda.inspections.history,raw/fda.inspections.history/2026/09/20260908T143329Z-c06f5062ce8b.json.gz,1
fda.inspections.history,firm:1000519239,2011-07-07,2026-09-08T14:33:29Z,inspected,1,count,fda.inspections.history,raw/fda.inspections.history/2026/09/20260908T143329Z-c06f5062ce8b.json.gz,1
fda.inspections.history,firm:1000519239,2011-07-07,2026-09-08T14:33:29Z,inspection_end,20110707,yyyymmdd,fda.inspections.history,raw/fda.inspections.history/2026/09/20260908T143329Z-c06f5062ce8b.json.gz,1
fda.inspections.history,firm:1000519239,2011-07-07,2026-09-08T14:33:29Z,is_foreign,0,bool,fda.inspections.history,raw/fda.inspections.history/2026/09/20260908T143329Z-c06f5062ce8b.json.gz,1
fda.inspections.history,firm:1000519239,2011-07-07,2026-09-08T14:33:29Z,is_oai,0,bool,fda.inspections.history,raw/fda.inspections.history/2026/09/20260908T143329Z-c06f5062ce8b.json.gz,1
fda.inspections.history,firm:1000519239,2011-07-07,2026-09-08T14:33:29Z,label,"PolyPeptide Laboratories, Inc.",,fda.inspections.history,raw/fda.inspections.history/2026/09/20260908T143329Z-c06f5062ce8b.json.gz,1
fda.inspections.history,firm:1000521995,2011-07-29,2026-09-08T14:33:29Z,classification,0,ordinal,fda.inspections.history,raw/fda.inspections.history/2026/09/20260908T143329Z-c06f5062ce8b.json.gz,1
fda.inspections.history,firm:1000521995,2011-07-29,2026-09-08T14:33:29Z,firm_key,REGENERON,,fda.inspections.history,raw/fda.inspections.history/2026/09/20260908T143329Z-c06f5062ce8b.json.gz,1
fda.inspections.history,firm:1000521995,2011-07-29,2026-09-08T14:33:29Z,inspected,1,count,fda.inspections.history,raw/fda.inspections.history/2026/09/20260908T143329Z-c06f5062ce8b.json.gz,1
fda.inspections.history,firm:1000521995,2011-07-29,2026-09-08T14:33:29Z,inspection_end,20110729,yyyymmdd,fda.inspections.history,raw/fda.inspections.history/2026/09/20260908T143329Z-c06f5062ce8b.json.gz,1
fda.inspections.history,firm:1000521995,2011-07-29,2026-09-08T14:33:29Z,is_foreign,0,bool,fda.inspections.history,raw/fda.inspections.history/2026/09/20260908T143329Z-c06f5062ce8b.json.gz,1
fda.inspections.history,firm:1000521995,2011-07-29,2026-09-08T14:33:29Z,is_oai,0,bool,fda.inspections.history,raw/fda.inspections.history/2026/09/20260908T143329Z-c06f5062ce8b.json.gz,1
fda.inspections.history,firm:1000521995,2011-07-29,2026-09-08T14:33:29Z,label,Regeneron Pharmaceuticals Inc,,fda.inspections.history,raw/fda.inspections.history/2026/09/20260908T143329Z-c06f5062ce8b.json.gz,1
fda.inspections.history,firm:1000524645,2011-07-21,2026-09-08T14:33:29Z,classification,1,ordinal,fda.inspections.history,raw/fda.inspections.history/2026/09/20260908T143329Z-c06f5062ce8b.json.gz,1
fda.inspections.history,firm:1000524645,2011-07-21,2026-09-08T14:33:29Z,firm_key,NORTHWEST COSMETIC,,fda.inspections.history,raw/fda.inspections.history/2026/09/20260908T143329Z-c06f5062ce8b.json.gz,1
fda.inspections.history,firm:1000524645,2011-07-21,2026-09-08T14:33:29Z,inspected,1,count,fda.inspections.history,raw/fda.inspections.history/2026/09/20260908T143329Z-c06f5062ce8b.json.gz,1
fda.inspections.history,firm:1000524645,2011-07-21,2026-09-08T14:33:29Z,inspection_end,20110721,yyyymmdd,fda.inspections.history,raw/fda.inspections.history/2026/09/20260908T143329Z-c06f5062ce8b.json.gz,1
fda.inspections.history,firm:1000524645,2011-07-21,2026-09-08T14:33:29Z,is_foreign,0,bool,fda.inspections.history,raw/fda.inspections.history/2026/09/20260908T143329Z-c06f5062ce8b.json.gz,1
fda.inspections.history,firm:1000524645,2011-07-21,2026-09-08T14:33:29Z,is_oai,0,bool,fda.inspections.history,raw/fda.inspections.history/2026/09/20260908T143329Z-c06f5062ce8b.json.gz,1
fda.inspections.history,firm:1000524645,2011-07-21,2026-09-08T14:33:29Z,label,Northwest Cosmetic Laboratories LLC,,fda.inspections.history,raw/fda.inspections.history/2026/09/20260908T143329Z-c06f5062ce8b.json.gz,1
fda.inspections.history,firm:1000527006,2011-07-27,2026-09-08T14:33:29Z,classification,1,ordinal,fda.inspections.history,raw/fda.inspections.history/2026/09/20260908T143329Z-c06f5062ce8b.json.gz,1
fda.inspections.history,firm:1000527006,2011-07-27,2026-09-08T14:33:29Z,firm_key,BRISTOL MYERS SQUIBB,,fda.inspections.history,raw/fda.inspections.history/2026/09/20260908T143329Z-c06f5062ce8b.json.gz,1
fda.inspections.history,firm:1000527006,2011-07-27,2026-09-08T14:33:29Z,inspected,1,count,fda.inspections.history,raw/fda.inspections.history/2026/09/20260908T143329Z-c06f5062ce8b.json.gz,1
fda.inspections.history,firm:1000527006,2011-07-27,2026-09-08T14:33:29Z,inspection_end,20110727,yyyymmdd,fda.inspections.history,raw/fda.inspections.history/2026/09/20260908T143329Z-c06f5062ce8b.json.gz,1
fda.inspections.history,firm:1000527006,2011-07-27,2026-09-08T14:33:29Z,is_foreign,0,bool,fda.inspections.history,raw/fda.inspections.history/2026/09/20260908T143329Z-c06f5062ce8b.json.gz,1
fda.inspections.history,firm:1000527006,2011-07-27,2026-09-08T14:33:29Z,is_oai,0,bool,fda.inspections.history,raw/fda.inspections.history/2026/09/20260908T143329Z-c06f5062ce8b.json.gz,1
fda.inspections.history,firm:1000527006,2011-07-27,2026-09-08T14:33:29Z,label,Bristol Myers Squibb,,fda.inspections.history,raw/fda.inspections.history/2026/09/20260908T143329Z-c06f5062ce8b.json.gz,1
fda.inspections.history,firm:1000582314,2011-07-20,2026-09-08T14:33:29Z,classification,1,ordinal,fda.inspections.history,raw/fda.inspections.history/2026/09/20260908T143329Z-c06f5062ce8b.json.gz,1
fda.inspections.history,firm:1000582314,2011-07-20,2026-09-08T14:33:29Z,firm_key,DISCUS DENTAL,,fda.inspections.history,raw/fda.inspections.history/2026/09/20260908T143329Z-c06f5062ce8b.json.gz,1
fda.inspections.history,firm:1000582314,2011-07-20,2026-09-08T14:33:29Z,inspected,1,count,fda.inspections.history,raw/fda.inspections.history/2026/09/20260908T143329Z-c06f5062ce8b.json.gz,1
fda.inspections.history,firm:1000582314,2011-07-20,2026-09-08T14:33:29Z,inspection_end,20110720,yyyymmdd,fda.inspections.history,raw/fda.inspections.history/2026/09/20260908T143329Z-c06f5062ce8b.json.gz,1
fda.inspections.history,firm:1000582314,2011-07-20,2026-09-08T14:33:29Z,is_foreign,0,bool,fda.inspections.history,raw/fda.inspections.history/2026/09/20260908T143329Z-c06f5062ce8b.json.gz,1
fda.inspections.history,firm:1000582314,2011-07-20,2026-09-08T14:33:29Z,is_oai,0,bool,fda.inspections.history,raw/fda.inspections.history/2026/09/20260908T143329Z-c06f5062ce8b.json.gz,1
fda.inspections.history,firm:1000582314,2011-07-20,2026-09-08T14:33:29Z,label,Discus Dental LLC,,fda.inspections.history,raw/fda.inspections.history/2026/09/20260908T143329Z-c06f5062ce8b.json.gz,1
fda.inspections.history,firm:1019628,2011-07-08,2026-09-08T14:33:29Z,classification,1,ordinal,fda.inspections.history,raw/fda.inspections.history/2026/09/20260908T143329Z-c06f5062ce8b.json.gz,1
fda.inspections.history,firm:1019628,2011-07-08,2026-09-08T14:33:29Z,firm_key,J M CYLINDER GASES,,fda.inspections.history,raw/fda.inspections.history/2026/09/20260908T143329Z-c06f5062ce8b.json.gz,1
fda.inspections.history,firm:1019628,2011-07-08,2026-09-08T14:33:29Z,inspected,1,count,fda.inspections.history,raw/fda.inspections.history/2026/09/20260908T143329Z-c06f5062ce8b.json.gz,1
fda.inspections.history,firm:1019628,2011-07-08,2026-09-08T14:33:29Z,inspection_end,20110708,yyyymmdd,fda.inspections.history,raw/fda.inspections.history/2026/09/20260908T143329Z-c06f5062ce8b.json.gz,1
fda.inspections.history,firm:1019628,2011-07-08,2026-09-08T14:33:29Z,is_foreign,0,bool,fda.inspections.history,raw/fda.inspections.history/2026/09/20260908T143329Z-c06f5062ce8b.json.gz,1
fda.inspections.history,firm:1019628,2011-07-08,2026-09-08T14:33:29Z,is_oai,0,bool,fda.inspections.history,raw/fda.inspections.history/2026/09/20260908T143329Z-c06f5062ce8b.json.gz,1
fda.inspections.history,firm:1019628,2011-07-08,2026-09-08T14:33:29Z,label,J & M Cylinder Gases Inc,,fda.inspections.history,raw/fda.inspections.history/2026/09/20260908T143329Z-c06f5062ce8b.json.gz,1
fda.inspections.history,firm:1021320,2011-07-21,2026-09-08T14:33:29Z,classification,0,ordinal,fda.inspections.history,raw/fda.inspections.history/2026/09/20260908T143329Z-c06f5062ce8b.json.gz,1
fda.inspections.history,firm:1021320,2011-07-21,2026-09-08T14:33:29Z,firm_key,SPECGX,,fda.inspections.history,raw/fda.inspections.history/2026/09/20260908T143329Z-c06f5062ce8b.json.gz,1
fda.inspections.history,firm:1021320,2011-07-21,2026-09-08T14:33:29Z,inspected,1,count,fda.inspections.history,raw/fda.inspections.history/2026/09/20260908T143329Z-c06f5062ce8b.json.gz,1
fda.inspections.history,firm:1021320,2011-07-21,2026-09-08T14:33:29Z,inspection_end,20110721,yyyymmdd,fda.inspections.history,raw/fda.inspections.history/2026/09/20260908T143329Z-c06f5062ce8b.json.gz,1
fda.inspections.history,firm:1021320,2011-07-21,2026-09-08T14:33:29Z,is_foreign,0,bool,fda.inspections.history,raw/fda.inspections.history/2026/09/20260908T143329Z-c06f5062ce8b.json.gz,1
fda.inspections.history,firm:1021320,2011-07-21,2026-09-08T14:33:29Z,is_oai,0,bool,fda.inspections.history,raw/fda.inspections.history/2026/09/20260908T143329Z-c06f5062ce8b.json.gz,1
fda.inspections.history,firm:1021320,2011-07-21,2026-09-08T14:33:29Z,label,SpecGx LLC,,fda.inspections.history,raw/fda.inspections.history/2026/09/20260908T143329Z-c06f5062ce8b.json.gz,1
fda.inspections.history,firm:1022110,2011-07-20,2026-09-08T14:33:29Z,classification,1,ordinal,fda.inspections.history,raw/fda.inspections.history/2026/09/20260908T143329Z-c06f5062ce8b.json.gz,1
fda.inspections.history,firm:1022110,2011-07-20,2026-09-08T14:33:29Z,firm_key,MEDLINE INDUSTRIES,,fda.inspections.history,raw/fda.inspections.history/2026/09/20260908T143329Z-c06f5062ce8b.json.gz,1
fda.inspections.history,firm:1022110,2011-07-20,2026-09-08T14:33:29Z,inspected,1,count,fda.inspections.history,raw/fda.inspections.history/2026/09/20260908T143329Z-c06f5062ce8b.json.gz,1
fda.inspections.history,firm:1022110,2011-07-20,2026-09-08T14:33:29Z,inspection_end,20110720,yyyymmdd,fda.inspections.history,raw/fda.inspections.history/2026/09/20260908T143329Z-c06f5062ce8b.json.gz,1
fda.inspections.history,firm:1022110,2011-07-20,2026-09-08T14:33:29Z,is_foreign,0,bool,fda.inspections.history,raw/fda.inspections.history/2026/09/20260908T143329Z-c06f5062ce8b.json.gz,1
fda.inspections.history,firm:1022110,2011-07-20,2026-09-08T14:33:29Z,is_oai,0,bool,fda.inspections.history,raw/fda.inspections.history/2026/09/20260908T143329Z-c06f5062ce8b.json.gz,1
fda.inspections.history,firm:1022110,2011-07-20,2026-09-08T14:33:29Z,label,Medline Industries Inc,,fda.inspections.history,raw/fda.inspections.history/2026/09/20260908T143329Z-c06f5062ce8b.json.gz,1
fda.inspections.history,firm:1039259,2011-07-12,2026-09-08T14:33:29Z,classification,1,ordinal,fda.inspections.history,raw/fda.inspections.history/2026/09/20260908T143329Z-c06f5062ce8b.json.gz,1
fda.inspections.history,firm:1039259,2011-07-12,2026-09-08T14:33:29Z,firm_key,PERFECTO PRODUCTS MFG,,fda.inspections.history,raw/fda.inspections.history/2026/09/20260908T143329Z-c06f5062ce8b.json.gz,1
fda.inspections.history,firm:1039259,2011-07-12,2026-09-08T14:33:29Z,inspected,1,count,fda.inspections.history,raw/fda.inspections.history/2026/09/20260908T143329Z-c06f5062ce8b.json.gz,1
fda.inspections.history,firm:1039259,2011-07-12,2026-09-08T14:33:29Z,inspection_end,20110712,yyyymmdd,fda.inspections.history,raw/fda.inspections.history/2026/09/20260908T143329Z-c06f5062ce8b.json.gz,1
fda.inspections.history,firm:1039259,2011-07-12,2026-09-08T14:33:29Z,is_foreign,0,bool,fda.inspections.history,raw/fda.inspections.history/2026/09/20260908T143329Z-c06f5062ce8b.json.gz,1
fda.inspections.history,firm:1039259,2011-07-12,2026-09-08T14:33:29Z,is_oai,0,bool,fda.inspections.history,raw/fda.inspections.history/2026/09/20260908T143329Z-c06f5062ce8b.json.gz,1
fda.inspections.history,firm:1039259,2011-07-12,2026-09-08T14:33:29Z,label,Perfecto Products Mfg Inc,,fda.inspections.history,raw/fda.inspections.history/2026/09/20260908T143329Z-c06f5062ce8b.json.gz,1
fda.inspections.history,firm:1046505,2011-07-28,2026-09-08T14:33:29Z,classification,0,ordinal,fda.inspections.history,raw/fda.inspections.history/2026/09/20260908T143329Z-c06f5062ce8b.json.gz,1
fda.inspections.history,firm:1046505,2011-07-28,2026-09-08T14:33:29Z,firm_key,AIRGAS USA,,fda.inspections.history,raw/fda.inspections.history/2026/09/20260908T143329Z-c06f5062ce8b.json.gz,1
fda.inspections.history,firm:1046505,2011-07-28,2026-09-08T14:33:29Z,inspected,1,count,fda.inspections.history,raw/fda.inspections.history/2026/09/20260908T143329Z-c06f5062ce8b.json.gz,1
fda.inspections.history,firm:1046505,2011-07-28,2026-09-08T14:33:29Z,inspection_end,20110728,yyyymmdd,fda.inspections.history,raw/fda.inspections.history/2026/09/20260908T143329Z-c06f5062ce8b.json.gz,1
fda.inspections.history,firm:1046505,2011-07-28,2026-09-08T14:33:29Z,is_foreign,0,bool,fda.inspections.history,raw/fda.inspections.history/2026/09/20260908T143329Z-c06f5062ce8b.json.gz,1
fda.inspections.history,firm:1046505,2011-07-28,2026-09-08T14:33:29Z,is_oai,0,bool,fda.inspections.history,raw/fda.inspections.history/2026/09/20260908T143329Z-c06f5062ce8b.json.gz,1
fda.inspections.history,firm:1046505,2011-07-28,2026-09-08T14:33:29Z,label,"Airgas USA, LLC",,fda.inspections.history,raw/fda.inspections.history/2026/09/20260908T143329Z-c06f5062ce8b.json.gz,1
fda.inspections.history,firm:1046973,2011-07-14,2026-09-08T14:33:29Z,classification,0,ordinal,fda.inspections.history,raw/fda.inspections.history/2026/09/20260908T143329Z-c06f5062ce8b.json.gz,1
fda.inspections.history,firm:1046973,2011-07-14,2026-09-08T14:33:29Z,firm_key,AIRGAS USA,,fda.inspections.history,raw/fda.inspections.history/2026/09/20260908T143329Z-c06f5062ce8b.json.gz,1
fda.inspections.history,firm:1046973,2011-07-14,2026-09-08T14:33:29Z,inspected,1,count,fda.inspections.history,raw/fda.inspections.history/2026/09/20260908T143329Z-c06f5062ce8b.json.gz,1
fda.inspections.history,firm:1046973,2011-07-14,2026-09-08T14:33:29Z,inspection_end,20110714,yyyymmdd,fda.inspections.history,raw/fda.inspections.history/2026/09/20260908T143329Z-c06f5062ce8b.json.gz,1
fda.inspections.history,firm:1046973,2011-07-14,2026-09-08T14:33:29Z,is_foreign,0,bool,fda.inspections.history,raw/fda.inspections.history/2026/09/20260908T143329Z-c06f5062ce8b.json.gz,1
fda.inspections.history,firm:1046973,2011-07-14,2026-09-08T14:33:29Z,is_oai,0,bool,fda.inspections.history,raw/fda.inspections.history/2026/09/20260908T143329Z-c06f5062ce8b.json.gz,1
fda.inspections.history,firm:1046973,2011-07-14,2026-09-08T14:33:29Z,label,"Airgas USA, LLC",,fda.inspections.history,raw/fda.inspections.history/2026/09/20260908T143329Z-c06f5062ce8b.json.gz,1
fda.inspections.history,firm:1110315,2011-07-28,2026-09-08T14:33:29Z,classification,0,ordinal,fda.inspections.history,raw/fda.inspections.history/2026/09/20260908T143329Z-c06f5062ce8b.json.gz,1
fda.inspections.history,firm:1110315,2011-07-28,2026-09-08T14:33:29Z,firm_key,MYLAN A VIATRIS,,fda.inspections.history,raw/fda.inspections.history/2026/09/20260908T143329Z-c06f5062ce8b.json.gz,1
fda.inspections.history,firm:1110315,2011-07-28,2026-09-08T14:33:29Z,inspected,1,count,fda.inspections.history,raw/fda.inspections.history/2026/09/20260908T143329Z-c06f5062ce8b.json.gz,1
fda.inspections.history,firm:1110315,2011-07-28,2026-09-08T14:33:29Z,inspection_end,20110728,yyyymmdd,fda.inspections.history,raw/fda.inspections.history/2026/09/20260908T143329Z-c06f5062ce8b.json.gz,1
fda.inspections.history,firm:1110315,2011-07-28,2026-09-08T14:33:29Z,is_foreign,0,bool,fda.inspections.history,raw/fda.inspections.history/2026/09/20260908T143329Z-c06f5062ce8b.json.gz,1
fda.inspections.history,firm:1110315,2011-07-28,2026-09-08T14:33:29Z,is_oai,0,bool,fda.inspections.history,raw/fda.inspections.history/2026/09/20260908T143329Z-c06f5062ce8b.json.gz,1
fda.inspections.history,firm:1110315,2011-07-28,2026-09-08T14:33:29Z,label,"Mylan Pharmaceuticals Inc, a Viatris Company",,fda.inspections.history,raw/fda.inspections.history/2026/09/20260908T143329Z-c06f5062ce8b.json.gz,1
fda.inspections.history,firm:1122637,2011-07-28,2026-09-08T14:33:29Z,classification,1,ordinal,fda.inspections.history,raw/fda.inspections.history/2026/09/20260908T143329Z-c06f5062ce8b.json.gz,1
fda.inspections.history,firm:1122637,2011-07-28,2026-09-08T14:33:29Z,firm_key,FRANKLIN RESPIRATORY AND MEDICAL,,fda.inspections.history,raw/fda.inspections.history/2026/09/20260908T143329Z-c06f5062ce8b.json.gz,1
fda.inspections.history,firm:1122637,2011-07-28,2026-09-08T14:33:29Z,inspected,1,count,fda.inspections.history,raw/fda.inspections.history/2026/09/20260908T143329Z-c06f5062ce8b.json.gz,1
fda.inspections.history,firm:1122637,2011-07-28,2026-09-08T14:33:29Z,inspection_end,20110728,yyyymmdd,fda.inspections.history,raw/fda.inspections.history/2026/09/20260908T143329Z-c06f5062ce8b.json.gz,1
fda.inspections.history,firm:1122637,2011-07-28,2026-09-08T14:33:29Z,is_foreign,0,bool,fda.inspections.history,raw/fda.inspections.history/2026/09/20260908T143329Z-c06f5062ce8b.json.gz,1
fda.inspections.history,firm:1122637,2011-07-28,2026-09-08T14:33:29Z,is_oai,0,bool,fda.inspections.history,raw/fda.inspections.history/2026/09/20260908T143329Z-c06f5062ce8b.json.gz,1
fda.inspections.history,firm:1122637,2011-07-28,2026-09-08T14:33:29Z,label,"Franklin Respiratory and Medical, Inc.",,fda.inspections.history,raw/fda.inspections.history/2026/09/20260908T143329Z-c06f5062ce8b.json.gz,1
fda.inspections.history,firm:1216602,2011-07-18,2026-09-08T14:33:29Z,classification,1,ordinal,fda.inspections.history,raw/fda.inspections.history/2026/09/20260908T143329Z-c06f5062ce8b.json.gz,1
fda.inspections.history,firm:1216602,2011-07-18,2026-09-08T14:33:29Z,firm_key,LANTHEUS MEDICAL IMAGING,,fda.inspections.history,raw/fda.inspections.history/2026/09/20260908T143329Z-c06f5062ce8b.json.gz,1
fda.inspections.history,firm:1216602,2011-07-18,2026-09-08T14:33:29Z,inspected,1,count,fda.inspections.history,raw/fda.inspections.history/2026/09/20260908T143329Z-c06f5062ce8b.json.gz,1
fda.inspections.history,firm:1216602,2011-07-18,2026-09-08T14:33:29Z,inspection_end,20110718,yyyymmdd,fda.inspections.history,raw/fda.inspections.history/2026/09/20260908T143329Z-c06f5062ce8b.json.gz,1
fda.inspections.history,firm:1216602,2011-07-18,2026-09-08T14:33:29Z,is_foreign,0,bool,fda.inspections.history,raw/fda.inspections.history/2026/09/20260908T143329Z-c06f5062ce8b.json.gz,1
fda.inspections.history,firm:1216602,2011-07-18,2026-09-08T14:33:29Z,is_oai,0,bool,fda.inspections.history,raw/fda.inspections.history/2026/09/20260908T143329Z-c06f5062ce8b.json.gz,1
fda.inspections.history,firm:1216602,2011-07-18,2026-09-08T14:33:29Z,label,"Lantheus Medical Imaging, Inc.",,fda.inspections.history,raw/fda.inspections.history/2026/09/20260908T143329Z-c06f5062ce8b.json.gz,1
fda.inspections.history,firm:1221967,2011-07-26,2026-09-08T14:33:29Z,classification,1,ordinal,fda.inspections.history,raw/fda.inspections.history/2026/09/20260908T143329Z-c06f5062ce8b.json.gz,1
fda.inspections.history,firm:1221967,2011-07-26,2026-09-08T14:33:29Z,firm_key,PLZ,,fda.inspections.history,raw/fda.inspections.history/2026/09/20260908T143329Z-c06f5062ce8b.json.gz,1
fda.inspections.history,firm:1221967,2011-07-26,2026-09-08T14:33:29Z,inspected,1,count,fda.inspections.history,raw/fda.inspections.history/2026/09/20260908T143329Z-c06f5062ce8b.json.gz,1
fda.inspections.history,firm:1221967,2011-07-26,2026-09-08T14:33:29Z,inspection_end,20110726,yyyymmdd,fda.inspections.history,raw/fda.inspections.history/2026/09/20260908T143329Z-c06f5062ce8b.json.gz,1
fda.inspections.history,firm:1221967,2011-07-26,2026-09-08T14:33:29Z,is_foreign,0,bool,fda.inspections.history,raw/fda.inspections.history/2026/09/20260908T143329Z-c06f5062ce8b.json.gz,1
fda.inspections.history,firm:1221967,2011-07-26,2026-09-08T14:33:29Z,is_oai,0,bool,fda.inspections.history,raw/fda.inspections.history/2026/09/20260908T143329Z-c06f5062ce8b.json.gz,1
fda.inspections.history,firm:1221967,2011-07-26,2026-09-08T14:33:29Z,label,PLZ Corp,,fda.inspections.history,raw/fda.inspections.history/2026/09/20260908T143329Z-c06f5062ce8b.json.gz,1
fda.inspections.history,firm:1310337,2011-07-21,2026-09-08T14:33:29Z,classification,0,ordinal,fda.inspections.history,raw/fda.inspections.history/2026/09/20260908T143329Z-c06f5062ce8b.json.gz,1
fda.inspections.history,firm:1310337,2011-07-21,2026-09-08T14:33:29Z,firm_key,WYETH A SUBSIDIARY OF PFIZER,,fda.inspections.history,raw/fda.inspections.history/2026/09/20260908T143329Z-c06f5062ce8b.json.gz,1
fda.inspections.history,firm:1310337,2011-07-21,2026-09-08T14:33:29Z,inspected,1,count,fda.inspections.history,raw/fda.inspections.history/2026/09/20260908T143329Z-c06f5062ce8b.json.gz,1
fda.inspections.history,firm:1310337,2011-07-21,2026-09-08T14:33:29Z,inspection_end,20110721,yyyymmdd,fda.inspections.history,raw/fda.inspections.history/2026/09/20260908T143329Z-c06f5062ce8b.json.gz,1
fda.inspections.history,firm:1310337,2011-07-21,2026-09-08T14:33:29Z,is_foreign,0,bool,fda.inspections.history,raw/fda.inspections.history/2026/09/20260908T143329Z-c06f5062ce8b.json.gz,1
fda.inspections.history,firm:1310337,2011-07-21,2026-09-08T14:33:29Z,is_oai,0,bool,fda.inspections.history,raw/fda.inspections.history/2026/09/20260908T143329Z-c06f5062ce8b.json.gz,1
fda.inspections.history,firm:1310337,2011-07-21,2026-09-08T14:33:29Z,label,"Wyeth Pharmaceuticals Inc., a subsidiary of Pfizer, Inc.",,fda.inspections.history,raw/fda.inspections.history/2026/09/20260908T143329Z-c06f5062ce8b.json.gz,1
fda.inspections.history,firm:1411365,2011-07-13,2026-09-08T14:33:29Z,classification,0,ordinal,fda.inspections.history,raw/fda.inspections.history/2026/09/20260908T143329Z-c06f5062ce8b.json.gz,1
fda.inspections.history,firm:1411365,2011-07-13,2026-09-08T14:33:29Z,firm_key,ABBVIE,,fda.inspections.history,raw/fda.inspections.history/2026/09/20260908T143329Z-c06f5062ce8b.json.gz,1
fda.inspections.history,firm:1411365,2011-07-13,2026-09-08T14:33:29Z,inspected,1,count,fda.inspections.history,raw/fda.inspections.history/2026/09/20260908T143329Z-c06f5062ce8b.json.gz,1
fda.inspections.history,firm:1411365,2011-07-13,2026-09-08T14:33:29Z,inspection_end,20110713,yyyymmdd,fda.inspections.history,raw/fda.inspections.history/2026/09/20260908T143329Z-c06f5062ce8b.json.gz,1
fda.inspections.history,firm:1411365,2011-07-13,2026-09-08T14:33:29Z,is_foreign,0,bool,fda.inspections.history,raw/fda.inspections.history/2026/09/20260908T143329Z-c06f5062ce8b.json.gz,1
fda.inspections.history,firm:1411365,2011-07-13,2026-09-08T14:33:29Z,is_oai,0,bool,fda.inspections.history,raw/fda.inspections.history/2026/09/20260908T143329Z-c06f5062ce8b.json.gz,1
fda.inspections.history,firm:1411365,2011-07-13,2026-09-08T14:33:29Z,label,AbbVie Inc.,,fda.inspections.history,raw/fda.inspections.history/2026/09/20260908T143329Z-c06f5062ce8b.json.gz,1
fda.inspections.history,firm:1415939,2011-07-15,2026-09-08T14:33:29Z,classification,1,ordinal,fda.inspections.history,raw/fda.inspections.history/2026/09/20260908T143329Z-c06f5062ce8b.json.gz,1
fda.inspections.history,firm:1415939,2011-07-15,2026-09-08T14:33:29Z,firm_key,ABBOTT,,fda.inspections.history,raw/fda.inspections.history/2026/09/20260908T143329Z-c06f5062ce8b.json.gz,1
fda.inspections.history,firm:1415939,2011-07-15,2026-09-08T14:33:29Z,inspected,1,count,fda.inspections.history,raw/fda.inspections.history/2026/09/20260908T143329Z-c06f5062ce8b.json.gz,1
fda.inspections.history,firm:1415939,2011-07-15,2026-09-08T14:33:29Z,inspection_end,20110715,yyyymmdd,fda.inspections.history,raw/fda.inspections.history/2026/09/20260908T143329Z-c06f5062ce8b.json.gz,1
fda.inspections.history,firm:1415939,2011-07-15,2026-09-08T14:33:29Z,is_foreign,0,bool,fda.inspections.history,raw/fda.inspections.history/2026/09/20260908T143329Z-c06f5062ce8b.json.gz,1
fda.inspections.history,firm:1415939,2011-07-15,2026-09-08T14:33:29Z,is_oai,0,bool,fda.inspections.history,raw/fda.inspections.history/2026/09/20260908T143329Z-c06f5062ce8b.json.gz,1
fda.inspections.history,firm:1415939,2011-07-15,2026-09-08T14:33:29Z,label,Abbott Laboratories,,fda.inspections.history,raw/fda.inspections.history/2026/09/20260908T143329Z-c06f5062ce8b.json.gz,1
fda.inspections.history,firm:1518957,2011-07-21,2026-09-08T14:33:29Z,classification,1,ordinal,fda.inspections.history,raw/fda.inspections.history/2026/09/20260908T143329Z-c06f5062ce8b.json.gz,1
fda.inspections.history,firm:1518957,2011-07-21,2026-09-08T14:33:29Z,firm_key,NOSTRUM,,fda.inspections.history,raw/fda.inspections.history/2026/09/20260908T143329Z-c06f5062ce8b.json.gz,1
fda.inspections.history,firm:1518957,2011-07-21,2026-09-08T14:33:29Z,inspected,1,count,fda.inspections.history,raw/fda.inspections.history/2026/09/20260908T143329Z-c06f5062ce8b.json.gz,1
fda.inspections.history,firm:1518957,2011-07-21,2026-09-08T14:33:29Z,inspection_end,20110721,yyyymmdd,fda.inspections.history,raw/fda.inspections.history/2026/09/20260908T143329Z-c06f5062ce8b.json.gz,1
fda.inspections.history,firm:1518957,2011-07-21,2026-09-08T14:33:29Z,is_foreign,0,bool,fda.inspections.history,raw/fda.inspections.history/2026/09/20260908T143329Z-c06f5062ce8b.json.gz,1
fda.inspections.history,firm:1518957,2011-07-21,2026-09-08T14:33:29Z,is_oai,0,bool,fda.inspections.history,raw/fda.inspections.history/2026/09/20260908T143329Z-c06f5062ce8b.json.gz,1
fda.inspections.history,firm:1518957,2011-07-21,2026-09-08T14:33:29Z,label,"Nostrum Laboratories, Inc.",,fda.inspections.history,raw/fda.inspections.history/2026/09/20260908T143329Z-c06f5062ce8b.json.gz,1
fda.inspections.history,firm:1911445,2011-07-08,2026-09-08T14:33:29Z,classification,1,ordinal,fda.inspections.history,raw/fda.inspections.history/2026/09/20260908T143329Z-c06f5062ce8b.json.gz,1
fda.inspections.history,firm:1911445,2011-07-08,2026-09-08T14:33:29Z,firm_key,HALEON US,,fda.inspections.history,raw/fda.inspections.history/2026/09/20260908T143329Z-c06f5062ce8b.json.gz,1
fda.inspections.history,firm:1911445,2011-07-08,2026-09-08T14:33:29Z,inspected,1,count,fda.inspections.history,raw/fda.inspections.history/2026/09/20260908T143329Z-c06f5062ce8b.json.gz,1
fda.inspections.history,firm:1911445,2011-07-08,2026-09-08T14:33:29Z,inspection_end,20110708,yyyymmdd,fda.inspections.history,raw/fda.inspections.history/2026/09/20260908T143329Z-c06f5062ce8b.json.gz,1
fda.inspections.history,firm:1911445,2011-07-08,2026-09-08T14:33:29Z,is_foreign,0,bool,fda.inspections.history,raw/fda.inspections.history/2026/09/20260908T143329Z-c06f5062ce8b.json.gz,1
fda.inspections.history,firm:1911445,2011-07-08,2026-09-08T14:33:29Z,is_oai,0,bool,fda.inspections.history,raw/fda.inspections.history/2026/09/20260908T143329Z-c06f5062ce8b.json.gz,1
fda.inspections.history,firm:1911445,2011-07-08,2026-09-08T14:33:29Z,label,Haleon US Inc.,,fda.inspections.history,raw/fda.inspections.history/2026/09/20260908T143329Z-c06f5062ce8b.json.gz,1
fda.inspections.history,firm:2000015828,2011-07-19,2026-09-08T14:33:29Z,classification,0,ordinal,fda.inspections.history,raw/fda.inspections.history/2026/09/20260908T143329Z-c06f5062ce8b.json.gz,1
fda.inspections.history,firm:2000015828,2011-07-19,2026-09-08T14:33:29Z,firm_key,DER,,fda.inspections.history,raw/fda.inspections.history/2026/09/20260908T143329Z-c06f5062ce8b.json.gz,1
fda.inspections.history,firm:2000015828,2011-07-19,2026-09-08T14:33:29Z,inspected,1,count,fda.inspections.history,raw/fda.inspections.history/2026/09/20260908T143329Z-c06f5062ce8b.json.gz,1
fda.inspections.history,firm:2000015828,2011-07-19,2026-09-08T14:33:29Z,inspection_end,20110719,yyyymmdd,fda.inspections.history,raw/fda.inspections.history/2026/09/20260908T143329Z-c06f5062ce8b.json.gz,1
fda.inspections.history,firm:2000015828,2011-07-19,2026-09-08T14:33:29Z,is_foreign,0,bool,fda.inspections.history,raw/fda.inspections.history/2026/09/20260908T143329Z-c06f5062ce8b.json.gz,1
fda.inspections.history,firm:2000015828,2011-07-19,2026-09-08T14:33:29Z,is_oai,0,bool,fda.inspections.history,raw/fda.inspections.history/2026/09/20260908T143329Z-c06f5062ce8b.json.gz,1
fda.inspections.history,firm:2000015828,2011-07-19,2026-09-08T14:33:29Z,label,"Der International, Inc.",,fda.inspections.history,raw/fda.inspections.history/2026/09/20260908T143329Z-c06f5062ce8b.json.gz,1
fda.inspections.history,firm:2022474,2011-07-13,2026-09-08T14:33:29Z,classification,1,ordinal,fda.inspections.history,raw/fda.inspections.history/2026/09/20260908T143329Z-c06f5062ce8b.json.gz,1
fda.inspections.history,firm:2022474,2011-07-13,2026-09-08T14:33:29Z,firm_key,LACLEDE,,fda.inspections.history,raw/fda.inspections.history/2026/09/20260908T143329Z-c06f5062ce8b.json.gz,1
fda.inspections.history,firm:2022474,2011-07-13,2026-09-08T14:33:29Z,inspected,1,count,fda.inspections.history,raw/fda.inspections.history/2026/09/20260908T143329Z-c06f5062ce8b.json.gz,1
fda.inspections.history,firm:2022474,2011-07-13,2026-09-08T14:33:29Z,inspection_end,20110713,yyyymmdd,fda.inspections.history,raw/fda.inspections.history/2026/09/20260908T143329Z-c06f5062ce8b.json.gz,1
fda.inspections.history,firm:2022474,2011-07-13,2026-09-08T14:33:29Z,is_foreign,0,bool,fda.inspections.history,raw/fda.inspections.history/2026/09/20260908T143329Z-c06f5062ce8b.json.gz,1
fda.inspections.history,firm:2022474,2011-07-13,2026-09-08T14:33:29Z,is_oai,0,bool,fda.inspections.history,raw/fda.inspections.history/2026/09/20260908T143329Z-c06f5062ce8b.json.gz,1
fda.inspections.history,firm:2022474,2011-07-13,2026-09-08T14:33:29Z,label,"Laclede, Inc.",,fda.inspections.history,raw/fda.inspections.history/2026/09/20260908T143329Z-c06f5062ce8b.json.gz,1
fda.inspections.history,firm:2027711,2011-07-07,2026-09-08T14:33:29Z,classification,1,ordinal,fda.inspections.history,raw/fda.inspections.history/2026/09/20260908T143329Z-c06f5062ce8b.json.gz,1
fda.inspections.history,firm:2027711,2011-07-07,2026-09-08T14:33:29Z,firm_key,SHINE PRETTY USA,,fda.inspections.history,raw/fda.inspections.history/2026/09/20260908T143329Z-c06f5062ce8b.json.gz,1
fda.inspections.history,firm:2027711,2011-07-07,2026-09-08T14:33:29Z,inspected,1,count,fda.inspections.history,raw/fda.inspections.history/2026/09/20260908T143329Z-c06f5062ce8b.json.gz,1
fda.inspections.history,firm:2027711,2011-07-07,2026-09-08T14:33:29Z,inspection_end,20110707,yyyymmdd,fda.inspections.history,raw/fda.inspections.history/2026/09/20260908T143329Z-c06f5062ce8b.json.gz,1
fda.inspections.history,firm:2027711,2011-07-07,2026-09-08T14:33:29Z,is_foreign,0,bool,fda.inspections.history,raw/fda.inspections.history/2026/09/20260908T143329Z-c06f5062ce8b.json.gz,1
fda.inspections.history,firm:2027711,2011-07-07,2026-09-08T14:33:29Z,is_oai,0,bool,fda.inspections.history,raw/fda.inspections.history/2026/09/20260908T143329Z-c06f5062ce8b.json.gz,1
fda.inspections.history,firm:2027711,2011-07-07,2026-09-08T14:33:29Z,label,"Shine & Pretty (USA), Corp.",,fda.inspections.history,raw/fda.inspections.history/2026/09/20260908T143329Z-c06f5062ce8b.json.gz,1
fda.inspections.history,firm:2128440,2011-07-19,2026-09-08T14:33:29Z,classification,1,ordinal,fda.inspections.history,raw/fda.inspections.history/2026/09/20260908T143329Z-c06f5062ce8b.json.gz,1
fda.inspections.history,firm:2128440,2011-07-19,2026-09-08T14:33:29Z,firm_key,MAYO CLINIC RDRC IRB,,fda.inspections.history,raw/fda.inspections.history/2026/09/20260908T143329Z-c06f5062ce8b.json.gz,1
fda.inspections.history,firm:2128440,2011-07-19,2026-09-08T14:33:29Z,inspected,1,count,fda.inspections.history,raw/fda.inspections.history/2026/09/20260908T143329Z-c06f5062ce8b.json.gz,1
fda.inspections.history,firm:2128440,2011-07-19,2026-09-08T14:33:29Z,inspection_end,20110719,yyyymmdd,fda.inspections.history,raw/fda.inspections.history/2026/09/20260908T143329Z-c06f5062ce8b.json.gz,1
fda.inspections.history,firm:2128440,2011-07-19,2026-09-08T14:33:29Z,is_foreign,0,bool,fda.inspections.history,raw/fda.inspections.history/2026/09/20260908T143329Z-c06f5062ce8b.json.gz,1
fda.inspections.history,firm:2128440,2011-07-19,2026-09-08T14:33:29Z,is_oai,0,bool,fda.inspections.history,raw/fda.inspections.history/2026/09/20260908T143329Z-c06f5062ce8b.json.gz,1
fda.inspections.history,firm:2128440,2011-07-19,2026-09-08T14:33:29Z,label,Mayo Clinic Rdrc IRB,,fda.inspections.history,raw/fda.inspections.history/2026/09/20260908T143329Z-c06f5062ce8b.json.gz,1
fda.inspections.history,firm:2129414,2011-07-05,2026-09-08T14:33:29Z,classification,1,ordinal,fda.inspections.history,raw/fda.inspections.history/2026/09/20260908T143329Z-c06f5062ce8b.json.gz,1
fda.inspections.history,firm:2129414,2011-07-05,2026-09-08T14:33:29Z,firm_key,KINGCHEM,,fda.inspections.history,raw/fda.inspections.history/2026/09/20260908T143329Z-c06f5062ce8b.json.gz,1
fda.inspections.history,firm:2129414,2011-07-05,2026-09-08T14:33:29Z,inspected,1,count,fda.inspections.history,raw/fda.inspections.history/2026/09/20260908T143329Z-c06f5062ce8b.json.gz,1
fda.inspections.history,firm:2129414,2011-07-05,2026-09-08T14:33:29Z,inspection_end,20110705,yyyymmdd,fda.inspections.history,raw/fda.inspections.history/2026/09/20260908T143329Z-c06f5062ce8b.json.gz,1
fda.inspections.history,firm:2129414,2011-07-05,2026-09-08T14:33:29Z,is_foreign,0,bool,fda.inspections.history,raw/fda.inspections.history/2026/09/20260908T143329Z-c06f5062ce8b.json.gz,1
fda.inspections.history,firm:2129414,2011-07-05,2026-09-08T14:33:29Z,is_oai,0,bool,fda.inspections.history,raw/fda.inspections.history/2026/09/20260908T143329Z-c06f5062ce8b.json.gz,1
fda.inspections.history,firm:2129414,2011-07-05,2026-09-08T14:33:29Z,label,Kingchem Laboratories Inc.,,fda.inspections.history,raw/fda.inspections.history/2026/09/20260908T143329Z-c06f5062ce8b.json.gz,1
fda.inspections.history,firm:2210844,2011-07-08,2026-09-08T14:33:29Z,classification,0,ordinal,fda.inspections.history,raw/fda.inspections.history/2026/09/20260908T143329Z-c06f5062ce8b.json.gz,1
fda.inspections.history,firm:2210844,2011-07-08,2026-09-08T14:33:29Z,firm_key,HOFFMANN LA ROCHE,,fda.inspections.history,raw/fda.inspections.history/2026/09/20260908T143329Z-c06f5062ce8b.json.gz,1
fda.inspections.history,firm:2210844,2011-07-08,2026-09-08T14:33:29Z,inspected,1,count,fda.inspections.history,raw/fda.inspections.history/2026/09/20260908T143329Z-c06f5062ce8b.json.gz,1
fda.inspections.history,firm:2210844,2011-07-08,2026-09-08T14:33:29Z,inspection_end,20110708,yyyymmdd,fda.inspections.history,raw/fda.inspections.history/2026/09/20260908T143329Z-c06f5062ce8b.json.gz,1
fda.inspections.history,firm:2210844,2011-07-08,2026-09-08T14:33:29Z,is_foreign,0,bool,fda.inspections.history,raw/fda.inspections.history/2026/09/20260908T143329Z-c06f5062ce8b.json.gz,1
fda.inspections.history,firm:2210844,2011-07-08,2026-09-08T14:33:29Z,is_oai,0,bool,fda.inspections.history,raw/fda.inspections.history/2026/09/20260908T143329Z-c06f5062ce8b.json.gz,1
fda.inspections.history,firm:2210844,2011-07-08,2026-09-08T14:33:29Z,label,Hoffmann La Roche Inc,,fda.inspections.history,raw/fda.inspections.history/2026/09/20260908T143329Z-c06f5062ce8b.json.gz,1
fda.inspections.history,firm:2210997,2011-07-21,2026-09-08T14:33:29Z,classification,0,ordinal,fda.inspections.history,raw/fda.inspections.history/2026/09/20260908T143329Z-c06f5062ce8b.json.gz,1
fda.inspections.history,firm:2210997,2011-07-21,2026-09-08T14:33:29Z,firm_key,FRUTAROM USA,,fda.inspections.history,raw/fda.inspections.history/2026/09/20260908T143329Z-c06f5062ce8b.json.gz,1
fda.inspections.history,firm:2210997,2011-07-21,2026-09-08T14:33:29Z,inspected,1,count,fda.inspections.history,raw/fda.inspections.history/2026/09/20260908T143329Z-c06f5062ce8b.json.gz,1
fda.inspections.history,firm:2210997,2011-07-21,2026-09-08T14:33:29Z,inspection_end,20110721,yyyymmdd,fda.inspections.history,raw/fda.inspections.history/2026/09/20260908T143329Z-c06f5062ce8b.json.gz,1
fda.inspections.history,firm:2210997,2011-07-21,2026-09-08T14:33:29Z,is_foreign,0,bool,fda.inspections.history,raw/fda.inspections.history/2026/09/20260908T143329Z-c06f5062ce8b.json.gz,1
fda.inspections.history,firm:2210997,2011-07-21,2026-09-08T14:33:29Z,is_oai,0,bool,fda.inspections.history,raw/fda.inspections.history/2026/09/20260908T143329Z-c06f5062ce8b.json.gz,1
fda.inspections.history,firm:2210997,2011-07-21,2026-09-08T14:33:29Z,label,Frutarom USA Inc.,,fda.inspections.history,raw/fda.inspections.history/2026/09/20260908T143329Z-c06f5062ce8b.json.gz,1
fda.inspections.history,firm:2211054,2011-07-29,2026-09-08T14:33:29Z,classification,1,ordinal,fda.inspections.history,raw/fda.inspections.history/2026/09/20260908T143329Z-c06f5062ce8b.json.gz,1
fda.inspections.history,firm:2211054,2011-07-29,2026-09-08T14:33:29Z,firm_key,NOVUS FINE CHEMICALS,,fda.inspections.history,raw/fda.inspections.history/2026/09/20260908T143329Z-c06f5062ce8b.json.gz,1
fda.inspections.history,firm:2211054,2011-07-29,2026-09-08T14:33:29Z,inspected,1,count,fda.inspections.history,raw/fda.inspections.history/2026/09/20260908T143329Z-c06f5062ce8b.json.gz,1
fda.inspections.history,firm:2211054,2011-07-29,2026-09-08T14:33:29Z,inspection_end,20110729,yyyymmdd,fda.inspections.history,raw/fda.inspections.history/2026/09/20260908T143329Z-c06f5062ce8b.json.gz,1
fda.inspections.history,firm:2211054,2011-07-29,2026-09-08T14:33:29Z,is_foreign,0,bool,fda.inspections.history,raw/fda.inspections.history/2026/09/20260908T143329Z-c06f5062ce8b.json.gz,1
fda.inspections.history,firm:2211054,2011-07-29,2026-09-08T14:33:29Z,is_oai,0,bool,fda.inspections.history,raw/fda.inspections.history/2026/09/20260908T143329Z-c06f5062ce8b.json.gz,1
fda.inspections.history,firm:2211054,2011-07-29,2026-09-08T14:33:29Z,label,Novus Fine Chemicals,,fda.inspections.history,raw/fda.inspections.history/2026/09/20260908T143329Z-c06f5062ce8b.json.gz,1
fda.inspections.history,firm:2211543,2011-07-28,2026-09-08T14:33:29Z,classification,0,ordinal,fda.inspections.history,raw/fda.inspections.history/2026/09/20260908T143329Z-c06f5062ce8b.json.gz,1
fda.inspections.history,firm:2211543,2011-07-28,2026-09-08T14:33:29Z,firm_key,EQUISTAR CHEMICALS LP,,fda.inspections.history,raw/fda.inspections.history/2026/09/20260908T143329Z-c06f5062ce8b.json.gz,1
fda.inspections.history,firm:2211543,2011-07-28,2026-09-08T14:33:29Z,inspected,1,count,fda.inspections.history,raw/fda.inspections.history/2026/09/20260908T143329Z-c06f5062ce8b.json.gz,1
fda.inspections.history,firm:2211543,2011-07-28,2026-09-08T14:33:29Z,inspection_end,20110728,yyyymmdd,fda.inspections.history,raw/fda.inspections.history/2026/09/20260908T143329Z-c06f5062ce8b.json.gz,1
fda.inspections.history,firm:2211543,2011-07-28,2026-09-08T14:33:29Z,is_foreign,0,bool,fda.inspections.history,raw/fda.inspections.history/2026/09/20260908T143329Z-c06f5062ce8b.json.gz,1
fda.inspections.history,firm:2211543,2011-07-28,2026-09-08T14:33:29Z,is_oai,0,bool,fda.inspections.history,raw/fda.inspections.history/2026/09/20260908T143329Z-c06f5062ce8b.json.gz,1
fda.inspections.history,firm:2211543,2011-07-28,2026-09-08T14:33:29Z,label,"Equistar Chemicals, LP",,fda.inspections.history,raw/fda.inspections.history/2026/09/20260908T143329Z-c06f5062ce8b.json.gz,1
fda.inspections.history,firm:2218633,2011-07-06,2026-09-08T14:33:29Z,classification,0,ordinal,fda.inspections.history,raw/fda.inspections.history/2026/09/20260908T143329Z-c06f5062ce8b.json.gz,1
fda.inspections.history,firm:2218633,2011-07-06,2026-09-08T14:33:29Z,firm_key,STEPAN,,fda.inspections.history,raw/fda.inspections.history/2026/09/20260908T143329Z-c06f5062ce8b.json.gz,1
fda.inspections.history,firm:2218633,2011-07-06,2026-09-08T14:33:29Z,inspected,1,count,fda.inspections.history,raw/fda.inspections.history/2026/09/20260908T143329Z-c06f5062ce8b.json.gz,1
fda.inspections.history,firm:2218633,2011-07-06,2026-09-08T14:33:29Z,inspection_end,20110706,yyyymmdd,fda.inspections.history,raw/fda.inspections.history/2026/09/20260908T143329Z-c06f5062ce8b.json.gz,1
fda.inspections.history,firm:2218633,2011-07-06,2026-09-08T14:33:29Z,is_foreign,0,bool,fda.inspections.history,raw/fda.inspections.history/2026/09/20260908T143329Z-c06f5062ce8b.json.gz,1
fda.inspections.history,firm:2218633,2011-07-06,2026-09-08T14:33:29Z,is_oai,0,bool,fda.inspections.history,raw/fda.inspections.history/2026/09/20260908T143329Z-c06f5062ce8b.json.gz,1
fda.inspections.history,firm:2218633,2011-07-06,2026-09-08T14:33:29Z,label,Stepan Company,,fda.inspections.history,raw/fda.inspections.history/2026/09/20260908T143329Z-c06f5062ce8b.json.gz,1
fda.inspections.history,firm:2219947,2011-07-14,2026-09-08T14:33:29Z,classification,0,ordinal,fda.inspections.history,raw/fda.inspections.history/2026/09/20260908T143329Z-c06f5062ce8b.json.gz,1
fda.inspections.history,firm:2219947,2011-07-14,2026-09-08T14:33:29Z,firm_key,NELSON FAIRFIELD,,fda.inspections.history,raw/fda.inspections.history/2026/09/20260908T143329Z-c06f5062ce8b.json.gz,1
fda.inspections.history,firm:2219947,2011-07-14,2026-09-08T14:33:29Z,inspected,1,count,fda.inspections.history,raw/fda.inspections.history/2026/09/20260908T143329Z-c06f5062ce8b.json.gz,1
fda.inspections.history,firm:2219947,2011-07-14,2026-09-08T14:33:29Z,inspection_end,20110714,yyyymmdd,fda.inspections.history,raw/fda.inspections.history/2026/09/20260908T143329Z-c06f5062ce8b.json.gz,1
fda.inspections.history,firm:2219947,2011-07-14,2026-09-08T14:33:29Z,is_foreign,0,bool,fda.inspections.history,raw/fda.inspections.history/2026/09/20260908T143329Z-c06f5062ce8b.json.gz,1
fda.inspections.history,firm:2219947,2011-07-14,2026-09-08T14:33:29Z,is_oai,0,bool,fda.inspections.history,raw/fda.inspections.history/2026/09/20260908T143329Z-c06f5062ce8b.json.gz,1
fda.inspections.history,firm:2219947,2011-07-14,2026-09-08T14:33:29Z,label,"Nelson Laboratories Fairfield, Inc.",,fda.inspections.history,raw/fda.inspections.history/2026/09/20260908T143329Z-c06f5062ce8b.json.gz,1
fda.inspections.history,firm:2245539,2011-07-14,2026-09-08T14:33:29Z,classification,0,ordinal,fda.inspections.history,raw/fda.inspections.history/2026/09/20260908T143329Z-c06f5062ce8b.json.gz,1
fda.inspections.history,firm:2245539,2011-07-14,2026-09-08T14:33:29Z,firm_key,VLV ASSOCIATES,,fda.inspections.history,raw/fda.inspections.history/2026/09/20260908T143329Z-c06f5062ce8b.json.gz,1
fda.inspections.history,firm:2245539,2011-07-14,2026-09-08T14:33:29Z,inspected,1,count,fda.inspections.history,raw/fda.inspections.history/2026/09/20260908T143329Z-c06f5062ce8b.json.gz,1
fda.inspections.history,firm:2245539,2011-07-14,2026-09-08T14:33:29Z,inspection_end,20110714,yyyymmdd,fda.inspections.history,raw/fda.inspections.history/2026/09/20260908T143329Z-c06f5062ce8b.json.gz,1
fda.inspections.history,firm:2245539,2011-07-14,2026-09-08T14:33:29Z,is_foreign,0,bool,fda.inspections.history,raw/fda.inspections.history/2026/09/20260908T143329Z-c06f5062ce8b.json.gz,1
fda.inspections.history,firm:2245539,2011-07-14,2026-09-08T14:33:29Z,is_oai,0,bool,fda.inspections.history,raw/fda.inspections.history/2026/09/20260908T143329Z-c06f5062ce8b.json.gz,1
fda.inspections.history,firm:2245539,2011-07-14,2026-09-08T14:33:29Z,label,"VLV Associates, Inc.",,fda.inspections.history,raw/fda.inspections.history/2026/09/20260908T143329Z-c06f5062ce8b.json.gz,1
fda.inspections.history,firm:2245635,2011-07-18,2026-09-08T14:33:29Z,classification,0,ordinal,fda.inspections.history,raw/fda.inspections.history/2026/09/20260908T143329Z-c06f5062ce8b.json.gz,1
fda.inspections.history,firm:2245635,2011-07-18,2026-09-08T14:33:29Z,firm_key,SIGMA TAU,,fda.inspections.history,raw/fda.inspections.history/2026/09/20260908T143329Z-c06f5062ce8b.json.gz,1
fda.inspections.history,firm:2245635,2011-07-18,2026-09-08T14:33:29Z,inspected,1,count,fda.inspections.history,raw/fda.inspections.history/2026/09/20260908T143329Z-c06f5062ce8b.json.gz,1
fda.inspections.history,firm:2245635,2011-07-18,2026-09-08T14:33:29Z,inspection_end,20110718,yyyymmdd,fda.inspections.history,raw/fda.inspections.history/2026/09/20260908T143329Z-c06f5062ce8b.json.gz,1
fda.inspections.history,firm:2245635,2011-07-18,2026-09-08T14:33:29Z,is_foreign,0,bool,fda.inspections.history,raw/fda.inspections.history/2026/09/20260908T143329Z-c06f5062ce8b.json.gz,1
fda.inspections.history,firm:2245635,2011-07-18,2026-09-08T14:33:29Z,is_oai,0,bool,fda.inspections.history,raw/fda.inspections.history/2026/09/20260908T143329Z-c06f5062ce8b.json.gz,1
fda.inspections.history,firm:2245635,2011-07-18,2026-09-08T14:33:29Z,label,"Sigma-Tau Pharmaceuticals, Inc.",,fda.inspections.history,raw/fda.inspections.history/2026/09/20260908T143329Z-c06f5062ce8b.json.gz,1
fda.inspections.history,firm:2310314,2011-07-01,2026-09-08T14:33:29Z,classification,0,ordinal,fda.inspections.history,raw/fda.inspections.history/2026/09/20260908T143329Z-c06f5062ce8b.json.gz,1
fda.inspections.history,firm:2310314,2011-07-01,2026-09-08T14:33:29Z,firm_key,LOUISIANA STATE UNIVERSITY HEALTH SCIENCES CENTER SHREVEPORT IRB,,fda.inspections.history,raw/fda.inspections.history/2026/09/20260908T143329Z-c06f5062ce8b.json.gz,1
fda.inspections.history,firm:2310314,2011-07-01,2026-09-08T14:33:29Z,inspected,1,count,fda.inspections.history,raw/fda.inspections.history/2026/09/20260908T143329Z-c06f5062ce8b.json.gz,1
fda.inspections.history,firm:2310314,2011-07-01,2026-09-08T14:33:29Z,inspection_end,20110701,yyyymmdd,fda.inspections.history,raw/fda.inspections.history/2026/09/20260908T143329Z-c06f5062ce8b.json.gz,1
fda.inspections.history,firm:2310314,2011-07-01,2026-09-08T14:33:29Z,is_foreign,0,bool,fda.inspections.history,raw/fda.inspections.history/2026/09/20260908T143329Z-c06f5062ce8b.json.gz,1
fda.inspections.history,firm:2310314,2011-07-01,2026-09-08T14:33:29Z,is_oai,0,bool,fda.inspections.history,raw/fda.inspections.history/2026/09/20260908T143329Z-c06f5062ce8b.json.gz,1
fda.inspections.history,firm:2310314,2011-07-01,2026-09-08T14:33:29Z,label,Louisiana State University Health Sciences Center-Shreveport IRB,,fda.inspections.history,raw/fda.inspections.history/2026/09/20260908T143329Z-c06f5062ce8b.json.gz,1
fda.inspections.history,firm:2372029,2011-07-15,2026-09-08T14:33:29Z,classification,0,ordinal,fda.inspections.history,raw/fda.inspections.history/2026/09/20260908T143329Z-c06f5062ce8b.json.gz,1
fda.inspections.history,firm:2372029,2011-07-15,2026-09-08T14:33:29Z,firm_key,WILLIS KNIGHTON HEALTH SYSTEM IRB,,fda.inspections.history,raw/fda.inspections.history/2026/09/20260908T143329Z-c06f5062ce8b.json.gz,1
fda.inspections.history,firm:2372029,2011-07-15,2026-09-08T14:33:29Z,inspected,1,count,fda.inspections.history,raw/fda.inspections.history/2026/09/20260908T143329Z-c06f5062ce8b.json.gz,1
fda.inspections.history,firm:2372029,2011-07-15,2026-09-08T14:33:29Z,inspection_end,20110715,yyyymmdd,fda.inspections.history,raw/fda.inspections.history/2026/09/20260908T143329Z-c06f5062ce8b.json.gz,1
fda.inspections.history,firm:2372029,2011-07-15,2026-09-08T14:33:29Z,is_foreign,0,bool,fda.inspections.history,raw/fda.inspections.history/2026/09/20260908T143329Z-c06f5062ce8b.json.gz,1
fda.inspections.history,firm:2372029,2011-07-15,2026-09-08T14:33:29Z,is_oai,0,bool,fda.inspections.history,raw/fda.inspections.history/2026/09/20260908T143329Z-c06f5062ce8b.json.gz,1
fda.inspections.history,firm:2372029,2011-07-15,2026-09-08T14:33:29Z,label,Willis-Knighton Health System IRB,,fda.inspections.history,raw/fda.inspections.history/2026/09/20260908T143329Z-c06f5062ce8b.json.gz,1
fda.inspections.history,firm:2410853,2011-07-22,2026-09-08T14:33:29Z,classification,1,ordinal,fda.inspections.history,raw/fda.inspections.history/2026/09/20260908T143329Z-c06f5062ce8b.json.gz,1
fda.inspections.history,firm:2410853,2011-07-22,2026-09-08T14:33:29Z,firm_key,UNITED GUARDIAN,,fda.inspections.history,raw/fda.inspections.history/2026/09/20260908T143329Z-c06f5062ce8b.json.gz,1
fda.inspections.history,firm:2410853,2011-07-22,2026-09-08T14:33:29Z,inspected,1,count,fda.inspections.history,raw/fda.inspections.history/2026/09/20260908T143329Z-c06f5062ce8b.json.gz,1
fda.inspections.history,firm:2410853,2011-07-22,2026-09-08T14:33:29Z,inspection_end,20110722,yyyymmdd,fda.inspections.history,raw/fda.inspections.history/2026/09/20260908T143329Z-c06f5062ce8b.json.gz,1
fda.inspections.history,firm:2410853,2011-07-22,2026-09-08T14:33:29Z,is_foreign,0,bool,fda.inspections.history,raw/fda.inspections.history/2026/09/20260908T143329Z-c06f5062ce8b.json.gz,1
fda.inspections.history,firm:2410853,2011-07-22,2026-09-08T14:33:29Z,is_oai,0,bool,fda.inspections.history,raw/fda.inspections.history/2026/09/20260908T143329Z-c06f5062ce8b.json.gz,1
fda.inspections.history,firm:2410853,2011-07-22,2026-09-08T14:33:29Z,label,"United-Guardian, Inc.",,fda.inspections.history,raw/fda.inspections.history/2026/09/20260908T143329Z-c06f5062ce8b.json.gz,1
fda.inspections.history,firm:2411192,2011-07-05,2026-09-08T14:33:29Z,classification,1,ordinal,fda.inspections.history,raw/fda.inspections.history/2026/09/20260908T143329Z-c06f5062ce8b.json.gz,1
fda.inspections.history,firm:2411192,2011-07-05,2026-09-08T14:33:29Z,firm_key,PROFESSIONAL DISPOSABLES,,fda.inspections.history,raw/fda.inspections.history/2026/09/20260908T143329Z-c06f5062ce8b.json.gz,1
fda.inspections.history,firm:2411192,2011-07-05,2026-09-08T14:33:29Z,inspected,1,count,fda.inspections.history,raw/fda.inspections.history/2026/09/20260908T143329Z-c06f5062ce8b.json.gz,1
fda.inspections.history,firm:2411192,2011-07-05,2026-09-08T14:33:29Z,inspection_end,20110705,yyyymmdd,fda.inspections.history,raw/fda.inspections.history/2026/09/20260908T143329Z-c06f5062ce8b.json.gz,1
fda.inspections.history,firm:2411192,2011-07-05,2026-09-08T14:33:29Z,is_foreign,0,bool,fda.inspections.history,raw/fda.inspections.history/2026/09/20260908T143329Z-c06f5062ce8b.json.gz,1
fda.inspections.history,firm:2411192,2011-07-05,2026-09-08T14:33:29Z,is_oai,0,bool,fda.inspections.history,raw/fda.inspections.history/2026/09/20260908T143329Z-c06f5062ce8b.json.gz,1
fda.inspections.history,firm:2411192,2011-07-05,2026-09-08T14:33:29Z,label,"Professional Disposables International, Inc.",,fda.inspections.history,raw/fda.inspections.history/2026/09/20260908T143329Z-c06f5062ce8b.json.gz,1
fda.inspections.history,firm:2418731,2011-07-07,2026-09-08T14:33:29Z,classification,0,ordinal,fda.inspections.history,raw/fda.inspections.history/2026/09/20260908T143329Z-c06f5062ce8b.json.gz,1
fda.inspections.history,firm:2418731,2011-07-07,2026-09-08T14:33:29Z,firm_key,POLAROME,,fda.inspections.history,raw/fda.inspections.history/2026/09/20260908T143329Z-c06f5062ce8b.json.gz,1
fda.inspections.history,firm:2418731,2011-07-07,2026-09-08T14:33:29Z,inspected,1,count,fda.inspections.history,raw/fda.inspections.history/2026/09/20260908T143329Z-c06f5062ce8b.json.gz,1
fda.inspections.history,firm:2418731,2011-07-07,2026-09-08T14:33:29Z,inspection_end,20110707,yyyymmdd,fda.inspections.history,raw/fda.inspections.history/2026/09/20260908T143329Z-c06f5062ce8b.json.gz,1
fda.inspections.history,firm:2418731,2011-07-07,2026-09-08T14:33:29Z,is_foreign,0,bool,fda.inspections.history,raw/fda.inspections.history/2026/09/20260908T143329Z-c06f5062ce8b.json.gz,1
fda.inspections.history,firm:2418731,2011-07-07,2026-09-08T14:33:29Z,is_oai,0,bool,fda.inspections.history,raw/fda.inspections.history/2026/09/20260908T143329Z-c06f5062ce8b.json.gz,1
fda.inspections.history,firm:2418731,2011-07-07,2026-09-08T14:33:29Z,label,Polarome International,,fda.inspections.history,raw/fda.inspections.history/2026/09/20260908T143329Z-c06f5062ce8b.json.gz,1
fda.inspections.history,firm:2434097,2011-07-07,2026-09-08T14:33:29Z,classification,1,ordinal,fda.inspections.history,raw/fda.inspections.history/2026/09/20260908T143329Z-c06f5062ce8b.json.gz,1
fda.inspections.history,firm:2434097,2011-07-07,2026-09-08T14:33:29Z,firm_key,HOSPITAL FOR SPECIAL SURGERY IRB,,fda.inspections.history,raw/fda.inspections.history/2026/09/20260908T143329Z-c06f5062ce8b.json.gz,1
fda.inspections.history,firm:2434097,2011-07-07,2026-09-08T14:33:29Z,inspected,1,count,fda.inspections.history,raw/fda.inspections.history/2026/09/20260908T143329Z-c06f5062ce8b.json.gz,1
fda.inspections.history,firm:2434097,2011-07-07,2026-09-08T14:33:29Z,inspection_end,20110707,yyyymmdd,fda.inspections.history,raw/fda.inspections.history/2026/09/20260908T143329Z-c06f5062ce8b.json.gz,1
fda.inspections.history,firm:2434097,2011-07-07,2026-09-08T14:33:29Z,is_foreign,0,bool,fda.inspections.history,raw/fda.inspections.history/2026/09/20260908T143329Z-c06f5062ce8b.json.gz,1
fda.inspections.history,firm:2434097,2011-07-07,2026-09-08T14:33:29Z,is_oai,0,bool,fda.inspections.history,raw/fda.inspections.history/2026/09/20260908T143329Z-c06f5062ce8b.json.gz,1
fda.inspections.history,firm:2434097,2011-07-07,2026-09-08T14:33:29Z,label,Hospital for Special Surgery IRB,,fda.inspections.history,raw/fda.inspections.history/2026/09/20260908T143329Z-c06f5062ce8b.json.gz,1
fda.inspections.history,firm:2510692,2011-07-21,2026-09-08T14:33:29Z,classification,0,ordinal,fda.inspections.history,raw/fda.inspections.history/2026/09/20260908T143329Z-c06f5062ce8b.json.gz,1
fda.inspections.history,firm:2510692,2011-07-21,2026-09-08T14:33:29Z,firm_key,BAYER HEALTHCARE,,fda.inspections.history,raw/fda.inspections.history/2026/09/20260908T143329Z-c06f5062ce8b.json.gz,1
fda.inspections.history,firm:2510692,2011-07-21,2026-09-08T14:33:29Z,inspected,1,count,fda.inspections.history,raw/fda.inspections.history/2026/09/20260908T143329Z-c06f5062ce8b.json.gz,1
fda.inspections.history,firm:2510692,2011-07-21,2026-09-08T14:33:29Z,inspection_end,20110721,yyyymmdd,fda.inspections.history,raw/fda.inspections.history/2026/09/20260908T143329Z-c06f5062ce8b.json.gz,1
fda.inspections.history,firm:2510692,2011-07-21,2026-09-08T14:33:29Z,is_foreign,0,bool,fda.inspections.history,raw/fda.inspections.history/2026/09/20260908T143329Z-c06f5062ce8b.json.gz,1
fda.inspections.history,firm:2510692,2011-07-21,2026-09-08T14:33:29Z,is_oai,0,bool,fda.inspections.history,raw/fda.inspections.history/2026/09/20260908T143329Z-c06f5062ce8b.json.gz,1
fda.inspections.history,firm:2510692,2011-07-21,2026-09-08T14:33:29Z,label,Bayer HealthCare LLC,,fda.inspections.history,raw/fda.inspections.history/2026/09/20260908T143329Z-c06f5062ce8b.json.gz,1
fda.inspections.history,firm:2510770,2011-07-22,2026-09-08T14:33:29Z,classification,0,ordinal,fda.inspections.history,raw/fda.inspections.history/2026/09/20260908T143329Z-c06f5062ce8b.json.gz,1
fda.inspections.history,firm:2510770,2011-07-22,2026-09-08T14:33:29Z,firm_key,KENVUE BRANDS,,fda.inspections.history,raw/fda.inspections.history/2026/09/20260908T143329Z-c06f5062ce8b.json.gz,1
fda.inspections.history,firm:2510770,2011-07-22,2026-09-08T14:33:29Z,inspected,1,count,fda.inspections.history,raw/fda.inspections.history/2026/09/20260908T143329Z-c06f5062ce8b.json.gz,1
fda.inspections.history,firm:2510770,2011-07-22,2026-09-08T14:33:29Z,inspection_end,20110722,yyyymmdd,fda.inspections.history,raw/fda.inspections.history/2026/09/20260908T143329Z-c06f5062ce8b.json.gz,1
fda.inspections.history,firm:2510770,2011-07-22,2026-09-08T14:33:29Z,is_foreign,0,bool,fda.inspections.history,raw/fda.inspections.history/2026/09/20260908T143329Z-c06f5062ce8b.json.gz,1
fda.inspections.history,firm:2510770,2011-07-22,2026-09-08T14:33:29Z,is_oai,0,bool,fda.inspections.history,raw/fda.inspections.history/2026/09/20260908T143329Z-c06f5062ce8b.json.gz,1
fda.inspections.history,firm:2510770,2011-07-22,2026-09-08T14:33:29Z,label,Kenvue Brands LLC,,fda.inspections.history,raw/fda.inspections.history/2026/09/20260908T143329Z-c06f5062ce8b.json.gz,1
fda.inspections.history,firm:2513595,2011-07-13,2026-09-08T14:33:29Z,classification,0,ordinal,fda.inspections.history,raw/fda.inspections.history/2026/09/20260908T143329Z-c06f5062ce8b.json.gz,1
fda.inspections.history,firm:2513595,2011-07-13,2026-09-08T14:33:29Z,firm_key,MEDICAL PRODUCTS,,fda.inspections.history,raw/fda.inspections.history/2026/09/20260908T143329Z-c06f5062ce8b.json.gz,1
fda.inspections.history,firm:2513595,2011-07-13,2026-09-08T14:33:29Z,inspected,1,count,fda.inspections.history,raw/fda.inspections.history/2026/09/20260908T143329Z-c06f5062ce8b.json.gz,1
fda.inspections.history,firm:2513595,2011-07-13,2026-09-08T14:33:29Z,inspection_end,20110713,yyyymmdd,fda.inspections.history,raw/fda.inspections.history/2026/09/20260908T143329Z-c06f5062ce8b.json.gz,1
fda.inspections.history,firm:2513595,2011-07-13,2026-09-08T14:33:29Z,is_foreign,0,bool,fda.inspections.history,raw/fda.inspections.history/2026/09/20260908T143329Z-c06f5062ce8b.json.gz,1
fda.inspections.history,firm:2513595,2011-07-13,2026-09-08T14:33:29Z,is_oai,0,bool,fda.inspections.history,raw/fda.inspections.history/2026/09/20260908T143329Z-c06f5062ce8b.json.gz,1
fda.inspections.history,firm:2513595,2011-07-13,2026-09-08T14:33:29Z,label,"Medical Products Laboratories, Inc.",,fda.inspections.history,raw/fda.inspections.history/2026/09/20260908T143329Z-c06f5062ce8b.json.gz,1
fda.inspections.history,firm:2515238,2011-07-27,2026-09-08T14:33:29Z,classification,1,ordinal,fda.inspections.history,raw/fda.inspections.history/2026/09/20260908T143329Z-c06f5062ce8b.json.gz,1
fda.inspections.history,firm:2515238,2011-07-27,2026-09-08T14:33:29Z,firm_key,EUROFINS QC,,fda.inspections.history,raw/fda.inspections.history/2026/09/20260908T143329Z-c06f5062ce8b.json.gz,1
fda.inspections.history,firm:2515238,2011-07-27,2026-09-08T14:33:29Z,inspected,1,count,fda.inspections.history,raw/fda.inspections.history/2026/09/20260908T143329Z-c06f5062ce8b.json.gz,1
fda.inspections.history,firm:2515238,2011-07-27,2026-09-08T14:33:29Z,inspection_end,20110727,yyyymmdd,fda.inspections.history,raw/fda.inspections.history/2026/09/20260908T143329Z-c06f5062ce8b.json.gz,1
fda.inspections.history,firm:2515238,2011-07-27,2026-09-08T14:33:29Z,is_foreign,0,bool,fda.inspections.history,raw/fda.inspections.history/2026/09/20260908T143329Z-c06f5062ce8b.json.gz,1
fda.inspections.history,firm:2515238,2011-07-27,2026-09-08T14:33:29Z,is_oai,0,bool,fda.inspections.history,raw/fda.inspections.history/2026/09/20260908T143329Z-c06f5062ce8b.json.gz,1
fda.inspections.history,firm:2515238,2011-07-27,2026-09-08T14:33:29Z,label,"Eurofins QC, Inc.",,fda.inspections.history,raw/fda.inspections.history/2026/09/20260908T143329Z-c06f5062ce8b.json.gz,1
fda.inspections.history,firm:2516024,2011-07-15,2026-09-08T14:33:29Z,classification,0,ordinal,fda.inspections.history,raw/fda.inspections.history/2026/09/20260908T143329Z-c06f5062ce8b.json.gz,1
fda.inspections.history,firm:2516024,2011-07-15,2026-09-08T14:33:29Z,firm_key,KEYSTONE SALVE,,fda.inspections.history,raw/fda.inspections.history/2026/09/20260908T143329Z-c06f5062ce8b.json.gz,1
fda.inspections.history,firm:2516024,2011-07-15,2026-09-08T14:33:29Z,inspected,1,count,fda.inspections.history,raw/fda.inspections.history/2026/09/20260908T143329Z-c06f5062ce8b.json.gz,1
fda.inspections.history,firm:2516024,2011-07-15,2026-09-08T14:33:29Z,inspection_end,20110715,yyyymmdd,fda.inspections.history,raw/fda.inspections.history/2026/09/20260908T143329Z-c06f5062ce8b.json.gz,1
fda.inspections.history,firm:2516024,2011-07-15,2026-09-08T14:33:29Z,is_foreign,0,bool,fda.inspections.history,raw/fda.inspections.history/2026/09/20260908T143329Z-c06f5062ce8b.json.gz,1
fda.inspections.history,firm:2516024,2011-07-15,2026-09-08T14:33:29Z,is_oai,0,bool,fda.inspections.history,raw/fda.inspections.history/2026/09/20260908T143329Z-c06f5062ce8b.json.gz,1
fda.inspections.history,firm:2516024,2011-07-15,2026-09-08T14:33:29Z,label,Keystone Salve Co,,fda.inspections.history,raw/fda.inspections.history/2026/09/20260908T143329Z-c06f5062ce8b.json.gz,1
fda.inspections.history,firm:2516272,2011-07-28,2026-09-08T14:33:29Z,classification,0,ordinal,fda.inspections.history,raw/fda.inspections.history/2026/09/20260908T143329Z-c06f5062ce8b.json.gz,1
fda.inspections.history,firm:2516272,2011-07-28,2026-09-08T14:33:29Z,firm_key,HORSEHEAD,,fda.inspections.history,raw/fda.inspections.history/2026/09/20260908T143329Z-c06f5062ce8b.json.gz,1
fda.inspections.history,firm:2516272,2011-07-28,2026-09-08T14:33:29Z,inspected,1,count,fda.inspections.history,raw/fda.inspections.history/2026/09/20260908T143329Z-c06f5062ce8b.json.gz,1
fda.inspections.history,firm:2516272,2011-07-28,2026-09-08T14:33:29Z,inspection_end,20110728,yyyymmdd,fda.inspections.history,raw/fda.inspections.history/2026/09/20260908T143329Z-c06f5062ce8b.json.gz,1
fda.inspections.history,firm:2516272,2011-07-28,2026-09-08T14:33:29Z,is_foreign,0,bool,fda.inspections.history,raw/fda.inspections.history/2026/09/20260908T143329Z-c06f5062ce8b.json.gz,1
fda.inspections.history,firm:2516272,2011-07-28,2026-09-08T14:33:29Z,is_oai,0,bool,fda.inspections.history,raw/fda.inspections.history/2026/09/20260908T143329Z-c06f5062ce8b.json.gz,1
fda.inspections.history,firm:2516272,2011-07-28,2026-09-08T14:33:29Z,label,Horsehead Corporation,,fda.inspections.history,raw/fda.inspections.history/2026/09/20260908T143329Z-c06f5062ce8b.json.gz,1
fda.inspections.history,firm:2517100,2011-07-05,2026-09-08T14:33:29Z,classification,1,ordinal,fda.inspections.history,raw/fda.inspections.history/2026/09/20260908T143329Z-c06f5062ce8b.json.gz,1
fda.inspections.history,firm:2517100,2011-07-05,2026-09-08T14:33:29Z,firm_key,ASTRAZENECA LP,,fda.inspections.history,raw/fda.inspections.history/2026/09/20260908T143329Z-c06f5062ce8b.json.gz,1
fda.inspections.history,firm:2517100,2011-07-05,2026-09-08T14:33:29Z,inspected,1,count,fda.inspections.history,raw/fda.inspections.history/2026/09/20260908T143329Z-c06f5062ce8b.json.gz,1
fda.inspections.history,firm:2517100,2011-07-05,2026-09-08T14:33:29Z,inspection_end,20110705,yyyymmdd,fda.inspections.history,raw/fda.inspections.history/2026/09/20260908T143329Z-c06f5062ce8b.json.gz,1
fda.inspections.history,firm:2517100,2011-07-05,2026-09-08T14:33:29Z,is_foreign,0,bool,fda.inspections.history,raw/fda.inspections.history/2026/09/20260908T143329Z-c06f5062ce8b.json.gz,1
fda.inspections.history,firm:2517100,2011-07-05,2026-09-08T14:33:29Z,is_oai,0,bool,fda.inspections.history,raw/fda.inspections.history/2026/09/20260908T143329Z-c06f5062ce8b.json.gz,1
fda.inspections.history,firm:2517100,2011-07-05,2026-09-08T14:33:29Z,label,"AstraZeneca Pharmaceuticals, LP",,fda.inspections.history,raw/fda.inspections.history/2026/09/20260908T143329Z-c06f5062ce8b.json.gz,1
fda.inspections.history,firm:2517175,2011-07-26,2026-09-08T14:33:29Z,classification,1,ordinal,fda.inspections.history,raw/fda.inspections.history/2026/09/20260908T143329Z-c06f5062ce8b.json.gz,1
fda.inspections.history,firm:2517175,2011-07-26,2026-09-08T14:33:29Z,firm_key,PPL HEALTHCARE,,fda.inspections.history,raw/fda.inspections.history/2026/09/20260908T143329Z-c06f5062ce8b.json.gz,1
fda.inspections.history,firm:2517175,2011-07-26,2026-09-08T14:33:29Z,inspected,1,count,fda.inspections.history,raw/fda.inspections.history/2026/09/20260908T143329Z-c06f5062ce8b.json.gz,1
fda.inspections.history,firm:2517175,2011-07-26,2026-09-08T14:33:29Z,inspection_end,20110726,yyyymmdd,fda.inspections.history,raw/fda.inspections.history/2026/09/20260908T143329Z-c06f5062ce8b.json.gz,1
fda.inspections.history,firm:2517175,2011-07-26,2026-09-08T14:33:29Z,is_foreign,0,bool,fda.inspections.history,raw/fda.inspections.history/2026/09/20260908T143329Z-c06f5062ce8b.json.gz,1
fda.inspections.history,firm:2517175,2011-07-26,2026-09-08T14:33:29Z,is_oai,0,bool,fda.inspections.history,raw/fda.inspections.history/2026/09/20260908T143329Z-c06f5062ce8b.json.gz,1
fda.inspections.history,firm:2517175,2011-07-26,2026-09-08T14:33:29Z,label,PPL Healthcare LLC,,fda.inspections.history,raw/fda.inspections.history/2026/09/20260908T143329Z-c06f5062ce8b.json.gz,1
fda.inspections.history,firm:2522638,2011-07-26,2026-09-08T14:33:29Z,classification,1,ordinal,fda.inspections.history,raw/fda.inspections.history/2026/09/20260908T143329Z-c06f5062ce8b.json.gz,1
fda.inspections.history,firm:2522638,2011-07-26,2026-09-08T14:33:29Z,firm_key,HERCON,,fda.inspections.history,raw/fda.inspections.history/2026/09/20260908T143329Z-c06f5062ce8b.json.gz,1
fda.inspections.history,firm:2522638,2011-07-26,2026-09-08T14:33:29Z,inspected,1,count,fda.inspections.history,raw/fda.inspections.history/2026/09/20260908T143329Z-c06f5062ce8b.json.gz,1
fda.inspections.history,firm:2522638,2011-07-26,2026-09-08T14:33:29Z,inspection_end,20110726,yyyymmdd,fda.inspections.history,raw/fda.inspections.history/2026/09/20260908T143329Z-c06f5062ce8b.json.gz,1
fda.inspections.history,firm:2522638,2011-07-26,2026-09-08T14:33:29Z,is_foreign,0,bool,fda.inspections.history,raw/fda.inspections.history/2026/09/20260908T143329Z-c06f5062ce8b.json.gz,1
fda.inspections.history,firm:2522638,2011-07-26,2026-09-08T14:33:29Z,is_oai,0,bool,fda.inspections.history,raw/fda.inspections.history/2026/09/20260908T143329Z-c06f5062ce8b.json.gz,1
fda.inspections.history,firm:2522638,2011-07-26,2026-09-08T14:33:29Z,label,"Hercon Pharmaceuticals, LLC",,fda.inspections.history,raw/fda.inspections.history/2026/09/20260908T143329Z-c06f5062ce8b.json.gz,1
fda.inspections.history,firm:2528933,2011-07-29,2026-09-08T14:33:29Z,classification,0,ordinal,fda.inspections.history,raw/fda.inspections.history/2026/09/20260908T143329Z-c06f5062ce8b.json.gz,1
fda.inspections.history,firm:2528933,2011-07-29,2026-09-08T14:33:29Z,firm_key,ARX,,fda.inspections.history,raw/fda.inspections.history/2026/09/20260908T143329Z-c06f5062ce8b.json.gz,1
fda.inspections.history,firm:2528933,2011-07-29,2026-09-08T14:33:29Z,inspected,1,count,fda.inspections.history,raw/fda.inspections.history/2026/09/20260908T143329Z-c06f5062ce8b.json.gz,1
fda.inspections.history,firm:2528933,2011-07-29,2026-09-08T14:33:29Z,inspection_end,20110729,yyyymmdd,fda.inspections.history,raw/fda.inspections.history/2026/09/20260908T143329Z-c06f5062ce8b.json.gz,1
fda.inspections.history,firm:2528933,2011-07-29,2026-09-08T14:33:29Z,is_foreign,0,bool,fda.inspections.history,raw/fda.inspections.history/2026/09/20260908T143329Z-c06f5062ce8b.json.gz,1
fda.inspections.history,firm:2528933,2011-07-29,2026-09-08T14:33:29Z,is_oai,0,bool,fda.inspections.history,raw/fda.inspections.history/2026/09/20260908T143329Z-c06f5062ce8b.json.gz,1
fda.inspections.history,firm:2528933,2011-07-29,2026-09-08T14:33:29Z,label,ARx LLC,,fda.inspections.history,raw/fda.inspections.history/2026/09/20260908T143329Z-c06f5062ce8b.json.gz,1
fda.inspections.history,firm:2619635,2011-07-29,2026-09-08T14:33:29Z,classification,2,ordinal,fda.inspections.history,raw/fda.inspections.history/2026/09/20260908T143329Z-c06f5062ce8b.json.gz,1
fda.inspections.history,firm:2619635,2011-07-29,2026-09-08T14:33:29Z,firm_key,TEVA PUERTO RICO,,fda.inspections.history,raw/fda.inspections.history/2026/09/20260908T143329Z-c06f5062ce8b.json.gz,1
fda.inspections.history,firm:2619635,2011-07-29,2026-09-08T14:33:29Z,inspected,1,count,fda.inspections.history,raw/fda.inspections.history/2026/09/20260908T143329Z-c06f5062ce8b.json.gz,1
fda.inspections.history,firm:2619635,2011-07-29,2026-09-08T14:33:29Z,inspection_end,20110729,yyyymmdd,fda.inspections.history,raw/fda.inspections.history/2026/09/20260908T143329Z-c06f5062ce8b.json.gz,1
fda.inspections.history,firm:2619635,2011-07-29,2026-09-08T14:33:29Z,is_foreign,0,bool,fda.inspections.history,raw/fda.inspections.history/2026/09/20260908T143329Z-c06f5062ce8b.json.gz,1
fda.inspections.history,firm:2619635,2011-07-29,2026-09-08T14:33:29Z,is_oai,1,bool,fda.inspections.history,raw/fda.inspections.history/2026/09/20260908T143329Z-c06f5062ce8b.json.gz,1
fda.inspections.history,firm:2619635,2011-07-29,2026-09-08T14:33:29Z,label,Teva Puerto Rico LLC,,fda.inspections.history,raw/fda.inspections.history/2026/09/20260908T143329Z-c06f5062ce8b.json.gz,1
fda.inspections.history,firm:2648729,2011-07-28,2026-09-08T14:33:29Z,classification,0,ordinal,fda.inspections.history,raw/fda.inspections.history/2026/09/20260908T143329Z-c06f5062ce8b.json.gz,1
fda.inspections.history,firm:2648729,2011-07-28,2026-09-08T14:33:29Z,firm_key,BOSTON SCIENTIFIC,,fda.inspections.history,raw/fda.inspections.history/2026/09/20260908T143329Z-c06f5062ce8b.json.gz,1
fda.inspections.history,firm:2648729,2011-07-28,2026-09-08T14:33:29Z,inspected,1,count,fda.inspections.history,raw/fda.inspections.history/2026/09/20260908T143329Z-c06f5062ce8b.json.gz,1
fda.inspections.history,firm:2648729,2011-07-28,2026-09-08T14:33:29Z,inspection_end,20110728,yyyymmdd,fda.inspections.history,raw/fda.inspections.history/2026/09/20260908T143329Z-c06f5062ce8b.json.gz,1
fda.inspections.history,firm:2648729,2011-07-28,2026-09-08T14:33:29Z,is_foreign,0,bool,fda.inspections.history,raw/fda.inspections.history/2026/09/20260908T143329Z-c06f5062ce8b.json.gz,1
fda.inspections.history,firm:2648729,2011-07-28,2026-09-08T14:33:29Z,is_oai,0,bool,fda.inspections.history,raw/fda.inspections.history/2026/09/20260908T143329Z-c06f5062ce8b.json.gz,1
fda.inspections.history,firm:2648729,2011-07-28,2026-09-08T14:33:29Z,label,Boston Scientific Corporation,,fda.inspections.history,raw/fda.inspections.history/2026/09/20260908T143329Z-c06f5062ce8b.json.gz,1
fda.inspections.history,firm:2650166,2011-07-12,2026-09-08T14:33:29Z,classification,1,ordinal,fda.inspections.history,raw/fda.inspections.history/2026/09/20260908T143329Z-c06f5062ce8b.json.gz,1
fda.inspections.history,firm:2650166,2011-07-12,2026-09-08T14:33:29Z,firm_key,KNOLL,,fda.inspections.history,raw/fda.inspections.history/2026/09/20260908T143329Z-c06f5062ce8b.json.gz,1
fda.inspections.history,firm:2650166,2011-07-12,2026-09-08T14:33:29Z,inspected,1,count,fda.inspections.history,raw/fda.inspections.history/2026/09/20260908T143329Z-c06f5062ce8b.json.gz,1
fda.inspections.history,firm:2650166,2011-07-12,2026-09-08T14:33:29Z,inspection_end,20110712,yyyymmdd,fda.inspections.history,raw/fda.inspections.history/2026/09/20260908T143329Z-c06f5062ce8b.json.gz,1
fda.inspections.history,firm:2650166,2011-07-12,2026-09-08T14:33:29Z,is_foreign,0,bool,fda.inspections.history,raw/fda.inspections.history/2026/09/20260908T143329Z-c06f5062ce8b.json.gz,1
fda.inspections.history,firm:2650166,2011-07-12,2026-09-08T14:33:29Z,is_oai,0,bool,fda.inspections.history,raw/fda.inspections.history/2026/09/20260908T143329Z-c06f5062ce8b.json.gz,1
fda.inspections.history,firm:2650166,2011-07-12,2026-09-08T14:33:29Z,label,Knoll LLC,,fda.inspections.history,raw/fda.inspections.history/2026/09/20260908T143329Z-c06f5062ce8b.json.gz,1
fda.inspections.history,firm:2937960,2011-07-29,2026-09-08T14:33:29Z,classification,1,ordinal,fda.inspections.history,raw/fda.inspections.history/2026/09/20260908T143329Z-c06f5062ce8b.json.gz,1
fda.inspections.history,firm:2937960,2011-07-29,2026-09-08T14:33:29Z,firm_key,FORMULATION TECHNOLOGY,,fda.inspections.history,raw/fda.inspections.history/2026/09/20260908T143329Z-c06f5062ce8b.json.gz,1
fda.inspections.history,firm:2937960,2011-07-29,2026-09-08T14:33:29Z,inspected,1,count,fda.inspections.history,raw/fda.inspections.history/2026/09/20260908T143329Z-c06f5062ce8b.json.gz,1
fda.inspections.history,firm:2937960,2011-07-29,2026-09-08T14:33:29Z,inspection_end,20110729,yyyymmdd,fda.inspections.history,raw/fda.inspections.history/2026/09/20260908T143329Z-c06f5062ce8b.json.gz,1
fda.inspections.history,firm:2937960,2011-07-29,2026-09-08T14:33:29Z,is_foreign,0,bool,fda.inspections.history,raw/fda.inspections.history/2026/09/20260908T143329Z-c06f5062ce8b.json.gz,1
fda.inspections.history,firm:2937960,2011-07-29,2026-09-08T14:33:29Z,is_oai,0,bool,fda.inspections.history,raw/fda.inspections.history/2026/09/20260908T143329Z-c06f5062ce8b.json.gz,1
fda.inspections.history,firm:2937960,2011-07-29,2026-09-08T14:33:29Z,label,Formulation Technology LLC,,fda.inspections.history,raw/fda.inspections.history/2026/09/20260908T143329Z-c06f5062ce8b.json.gz,1
fda.inspections.history,firm:3000210255,2011-07-26,2026-09-08T14:33:29Z,classification,0,ordinal,fda.inspections.history,raw/fda.inspections.history/2026/09/20260908T143329Z-c06f5062ce8b.json.gz,1
fda.inspections.history,firm:3000210255,2011-07-26,2026-09-08T14:33:29Z,firm_key,ED MEDICAL INCORPORATED,,fda.inspections.history,raw/fda.inspections.history/2026/09/20260908T143329Z-c06f5062ce8b.json.gz,1
fda.inspections.history,firm:3000210255,2011-07-26,2026-09-08T14:33:29Z,inspected,1,count,fda.inspections.history,raw/fda.inspections.history/2026/09/20260908T143329Z-c06f5062ce8b.json.gz,1
fda.inspections.history,firm:3000210255,2011-07-26,2026-09-08T14:33:29Z,inspection_end,20110726,yyyymmdd,fda.inspections.history,raw/fda.inspections.history/2026/09/20260908T143329Z-c06f5062ce8b.json.gz,1
fda.inspections.history,firm:3000210255,2011-07-26,2026-09-08T14:33:29Z,is_foreign,0,bool,fda.inspections.history,raw/fda.inspections.history/2026/09/20260908T143329Z-c06f5062ce8b.json.gz,1
fda.inspections.history,firm:3000210255,2011-07-26,2026-09-08T14:33:29Z,is_oai,0,bool,fda.inspections.history,raw/fda.inspections.history/2026/09/20260908T143329Z-c06f5062ce8b.json.gz,1
fda.inspections.history,firm:3000210255,2011-07-26,2026-09-08T14:33:29Z,label,Ed Medical Incorporated,,fda.inspections.history,raw/fda.inspections.history/2026/09/20260908T143329Z-c06f5062ce8b.json.gz,1
fda.inspections.history,firm:3000210264,2011-07-01,2026-09-08T14:33:29Z,classification,1,ordinal,fda.inspections.history,raw/fda.inspections.history/2026/09/20260908T143329Z-c06f5062ce8b.json.gz,1
fda.inspections.history,firm:3000210264,2011-07-01,2026-09-08T14:33:29Z,firm_key,GALLATIN IRB,,fda.inspections.history,raw/fda.inspections.history/2026/09/20260908T143329Z-c06f5062ce8b.json.gz,1
fda.inspections.history,firm:3000210264,2011-07-01,2026-09-08T14:33:29Z,inspected,1,count,fda.inspections.history,raw/fda.inspections.history/2026/09/20260908T143329Z-c06f5062ce8b.json.gz,1
fda.inspections.history,firm:3000210264,2011-07-01,2026-09-08T14:33:29Z,inspection_end,20110701,yyyymmdd,fda.inspections.history,raw/fda.inspections.history/2026/09/20260908T143329Z-c06f5062ce8b.json.gz,1
fda.inspections.history,firm:3000210264,2011-07-01,2026-09-08T14:33:29Z,is_foreign,0,bool,fda.inspections.history,raw/fda.inspections.history/2026/09/20260908T143329Z-c06f5062ce8b.json.gz,1
fda.inspections.history,firm:3000210264,2011-07-01,2026-09-08T14:33:29Z,is_oai,0,bool,fda.inspections.history,raw/fda.inspections.history/2026/09/20260908T143329Z-c06f5062ce8b.json.gz,1
fda.inspections.history,firm:3000210264,2011-07-01,2026-09-08T14:33:29Z,label,Gallatin  IRB,,fda.inspections.history,raw/fda.inspections.history/2026/09/20260908T143329Z-c06f5062ce8b.json.gz,1
fda.inspections.history,firm:3000215618,2011-07-18,2026-09-08T14:33:29Z,classification,0,ordinal,fda.inspections.history,raw/fda.inspections.history/2026/09/20260908T143329Z-c06f5062ce8b.json.gz,1
fda.inspections.history,firm:3000215618,2011-07-18,2026-09-08T14:33:29Z,firm_key,NOVARTIS,,fda.inspections.history,raw/fda.inspections.history/2026/09/20260908T143329Z-c06f5062ce8b.json.gz,1
fda.inspections.history,firm:3000215618,2011-07-18,2026-09-08T14:33:29Z,inspected,1,count,fda.inspections.history,raw/fda.inspections.history/2026/09/20260908T143329Z-c06f5062ce8b.json.gz,1
fda.inspections.history,firm:3000215618,2011-07-18,2026-09-08T14:33:29Z,inspection_end,20110718,yyyymmdd,fda.inspections.history,raw/fda.inspections.history/2026/09/20260908T143329Z-c06f5062ce8b.json.gz,1
fda.inspections.history,firm:3000215618,2011-07-18,2026-09-08T14:33:29Z,is_foreign,0,bool,fda.inspections.history,raw/fda.inspections.history/2026/09/20260908T143329Z-c06f5062ce8b.json.gz,1
fda.inspections.history,firm:3000215618,2011-07-18,2026-09-08T14:33:29Z,is_oai,0,bool,fda.inspections.history,raw/fda.inspections.history/2026/09/20260908T143329Z-c06f5062ce8b.json.gz,1
fda.inspections.history,firm:3000215618,2011-07-18,2026-09-08T14:33:29Z,label,Novartis Pharmaceuticals Corporation,,fda.inspections.history,raw/fda.inspections.history/2026/09/20260908T143329Z-c06f5062ce8b.json.gz,1
fda.inspections.history,firm:3000241849,2011-07-22,2026-09-08T14:33:29Z,classification,0,ordinal,fda.inspections.history,raw/fda.inspections.history/2026/09/20260908T143329Z-c06f5062ce8b.json.gz,1
fda.inspections.history,firm:3000241849,2011-07-22,2026-09-08T14:33:29Z,firm_key,PILLAR5,,fda.inspections.history,raw/fda.inspections.history/2026/09/20260908T143329Z-c06f5062ce8b.json.gz,1
fda.inspections.history,firm:3000241849,2011-07-22,2026-09-08T14:33:29Z,inspected,1,count,fda.inspections.history,raw/fda.inspections.history/2026/09/20260908T143329Z-c06f5062ce8b.json.gz,1
fda.inspections.history,firm:3000241849,2011-07-22,2026-09-08T14:33:29Z,inspection_end,20110722,yyyymmdd,fda.inspections.history,raw/fda.inspections.history/2026/09/20260908T143329Z-c06f5062ce8b.json.gz,1
fda.inspections.history,firm:3000241849,2011-07-22,2026-09-08T14:33:29Z,is_foreign,1,bool,fda.inspections.history,raw/fda.inspections.history/2026/09/20260908T143329Z-c06f5062ce8b.json.gz,1
fda.inspections.history,firm:3000241849,2011-07-22,2026-09-08T14:33:29Z,is_oai,0,bool,fda.inspections.history,raw/fda.inspections.history/2026/09/20260908T143329Z-c06f5062ce8b.json.gz,1
fda.inspections.history,firm:3000241849,2011-07-22,2026-09-08T14:33:29Z,label,Pillar5 Pharma Inc.,,fda.inspections.history,raw/fda.inspections.history/2026/09/20260908T143329Z-c06f5062ce8b.json.gz,1
fda.inspections.history,firm:3000263405,2011-07-22,2026-09-08T14:33:29Z,classification,0,ordinal,fda.inspections.history,raw/fda.inspections.history/2026/09/20260908T143329Z-c06f5062ce8b.json.gz,1
fda.inspections.history,firm:3000263405,2011-07-22,2026-09-08T14:33:29Z,firm_key,EXEL D B A DHL SUPPLY CHAIN USA,,fda.inspections.history,raw/fda.inspections.history/2026/09/20260908T143329Z-c06f5062ce8b.json.gz,1
fda.inspections.history,firm:3000263405,2011-07-22,2026-09-08T14:33:29Z,inspected,1,count,fda.inspections.history,raw/fda.inspections.history/2026/09/20260908T143329Z-c06f5062ce8b.json.gz,1
fda.inspections.history,firm:3000263405,2011-07-22,2026-09-08T14:33:29Z,inspection_end,20110722,yyyymmdd,fda.inspections.history,raw/fda.inspections.history/2026/09/20260908T143329Z-c06f5062ce8b.json.gz,1
fda.inspections.history,firm:3000263405,2011-07-22,2026-09-08T14:33:29Z,is_foreign,0,bool,fda.inspections.history,raw/fda.inspections.history/2026/09/20260908T143329Z-c06f5062ce8b.json.gz,1
fda.inspections.history,firm:3000263405,2011-07-22,2026-09-08T14:33:29Z,is_oai,0,bool,fda.inspections.history,raw/fda.inspections.history/2026/09/20260908T143329Z-c06f5062ce8b.json.gz,1
fda.inspections.history,firm:3000263405,2011-07-22,2026-09-08T14:33:29Z,label,Exel Inc. d/b/a DHL Supply Chain (USA),,fda.inspections.history,raw/fda.inspections.history/2026/09/20260908T143329Z-c06f5062ce8b.json.gz,1
fda.inspections.history,firm:3000719791,2011-07-21,2026-09-08T14:33:29Z,classification,1,ordinal,fda.inspections.history,raw/fda.inspections.history/2026/09/20260908T143329Z-c06f5062ce8b.json.gz,1
fda.inspections.history,firm:3000719791,2011-07-21,2026-09-08T14:33:29Z,firm_key,ROGERS PHARMACY,,fda.inspections.history,raw/fda.inspections.history/2026/09/20260908T143329Z-c06f5062ce8b.json.gz,1
fda.inspections.history,firm:3000719791,2011-07-21,2026-09-08T14:33:29Z,inspected,1,count,fda.inspections.history,raw/fda.inspections.history/2026/09/20260908T143329Z-c06f5062ce8b.json.gz,1
fda.inspections.history,firm:3000719791,2011-07-21,2026-09-08T14:33:29Z,inspection_end,20110721,yyyymmdd,fda.inspections.history,raw/fda.inspections.history/2026/09/20260908T143329Z-c06f5062ce8b.json.gz,1
fda.inspections.history,firm:3000719791,2011-07-21,2026-09-08T14:33:29Z,is_foreign,0,bool,fda.inspections.history,raw/fda.inspections.history/2026/09/20260908T143329Z-c06f5062ce8b.json.gz,1
fda.inspections.history,firm:3000719791,2011-07-21,2026-09-08T14:33:29Z,is_oai,0,bool,fda.inspections.history,raw/fda.inspections.history/2026/09/20260908T143329Z-c06f5062ce8b.json.gz,1
fda.inspections.history,firm:3000719791,2011-07-21,2026-09-08T14:33:29Z,label,Rogers Pharmacy,,fda.inspections.history,raw/fda.inspections.history/2026/09/20260908T143329Z-c06f5062ce8b.json.gz,1
fda.inspections.history,firm:3001116953,2011-07-22,2026-09-08T14:33:29Z,classification,0,ordinal,fda.inspections.history,raw/fda.inspections.history/2026/09/20260908T143329Z-c06f5062ce8b.json.gz,1
fda.inspections.history,firm:3001116953,2011-07-22,2026-09-08T14:33:29Z,firm_key,ACTAVIS ITALY SPA A SOCIO UNICO,,fda.inspections.history,raw/fda.inspections.history/2026/09/20260908T143329Z-c06f5062ce8b.json.gz,1
fda.inspections.history,firm:3001116953,2011-07-22,2026-09-08T14:33:29Z,inspected,1,count,fda.inspections.history,raw/fda.inspections.history/2026/09/20260908T143329Z-c06f5062ce8b.json.gz,1
fda.inspections.history,firm:3001116953,2011-07-22,2026-09-08T14:33:29Z,inspection_end,20110722,yyyymmdd,fda.inspections.history,raw/fda.inspections.history/2026/09/20260908T143329Z-c06f5062ce8b.json.gz,1
fda.inspections.history,firm:3001116953,2011-07-22,2026-09-08T14:33:29Z,is_foreign,1,bool,fda.inspections.history,raw/fda.inspections.history/2026/09/20260908T143329Z-c06f5062ce8b.json.gz,1
fda.inspections.history,firm:3001116953,2011-07-22,2026-09-08T14:33:29Z,is_oai,0,bool,fda.inspections.history,raw/fda.inspections.history/2026/09/20260908T143329Z-c06f5062ce8b.json.gz,1
fda.inspections.history,firm:3001116953,2011-07-22,2026-09-08T14:33:29Z,label,Actavis Italy Spa A Socio Unico,,fda.inspections.history,raw/fda.inspections.history/2026/09/20260908T143329Z-c06f5062ce8b.json.gz,1
fda.inspections.history,firm:3001222996,2011-07-28,2026-09-08T14:33:29Z,classification,0,ordinal,fda.inspections.history,raw/fda.inspections.history/2026/09/20260908T143329Z-c06f5062ce8b.json.gz,1
fda.inspections.history,firm:3001222996,2011-07-28,2026-09-08T14:33:29Z,firm_key,BASF GRENZACH,,fda.inspections.history,raw/fda.inspections.history/2026/09/20260908T143329Z-c06f5062ce8b.json.gz,1
fda.inspections.history,firm:3001222996,2011-07-28,2026-09-08T14:33:29Z,inspected,1,count,fda.inspections.history,raw/fda.inspections.history/2026/09/20260908T143329Z-c06f5062ce8b.json.gz,1
fda.inspections.history,firm:3001222996,2011-07-28,2026-09-08T14:33:29Z,inspection_end,20110728,yyyymmdd,fda.inspections.history,raw/fda.inspections.history/2026/09/20260908T143329Z-c06f5062ce8b.json.gz,1
fda.inspections.history,firm:3001222996,2011-07-28,2026-09-08T14:33:29Z,is_foreign,1,bool,fda.inspections.history,raw/fda.inspections.history/2026/09/20260908T143329Z-c06f5062ce8b.json.gz,1
fda.inspections.history,firm:3001222996,2011-07-28,2026-09-08T14:33:29Z,is_oai,0,bool,fda.inspections.history,raw/fda.inspections.history/2026/09/20260908T143329Z-c06f5062ce8b.json.gz,1
fda.inspections.history,firm:3001222996,2011-07-28,2026-09-08T14:33:29Z,label,BASF Grenzach GmbH,,fda.inspections.history,raw/fda.inspections.history/2026/09/20260908T143329Z-c06f5062ce8b.json.gz,1
fda.inspections.history,firm:3001237674,2011-07-06,2026-09-08T14:33:29Z,classification,0,ordinal,fda.inspections.history,raw/fda.inspections.history/2026/09/20260908T143329Z-c06f5062ce8b.json.gz,1
fda.inspections.history,firm:3001237674,2011-07-06,2026-09-08T14:33:29Z,firm_key,LINDE,,fda.inspections.history,raw/fda.inspections.history/2026/09/20260908T143329Z-c06f5062ce8b.json.gz,1
fda.inspections.history,firm:3001237674,2011-07-06,2026-09-08T14:33:29Z,inspected,1,count,fda.inspections.history,raw/fda.inspections.history/2026/09/20260908T143329Z-c06f5062ce8b.json.gz,1
fda.inspections.history,firm:3001237674,2011-07-06,2026-09-08T14:33:29Z,inspection_end,20110706,yyyymmdd,fda.inspections.history,raw/fda.inspections.history/2026/09/20260908T143329Z-c06f5062ce8b.json.gz,1
fda.inspections.history,firm:3001237674,2011-07-06,2026-09-08T14:33:29Z,is_foreign,0,bool,fda.inspections.history,raw/fda.inspections.history/2026/09/20260908T143329Z-c06f5062ce8b.json.gz,1
fda.inspections.history,firm:3001237674,2011-07-06,2026-09-08T14:33:29Z,is_oai,0,bool,fda.inspections.history,raw/fda.inspections.history/2026/09/20260908T143329Z-c06f5062ce8b.json.gz,1
fda.inspections.history,firm:3001237674,2011-07-06,2026-09-08T14:33:29Z,label,Linde Inc,,fda.inspections.history,raw/fda.inspections.history/2026/09/20260908T143329Z-c06f5062ce8b.json.gz,1
fda.inspections.history,firm:3001237776,2011-07-27,2026-09-08T14:33:29Z,classification,0,ordinal,fda.inspections.history,raw/fda.inspections.history/2026/09/20260908T143329Z-c06f5062ce8b.json.gz,1
fda.inspections.history,firm:3001237776,2011-07-27,2026-09-08T14:33:29Z,firm_key,RAPIDES REGIONAL MEDICAL CENTER IRB,,fda.inspections.history,raw/fda.inspections.history/2026/09/20260908T143329Z-c06f5062ce8b.json.gz,1
fda.inspections.history,firm:3001237776,2011-07-27,2026-09-08T14:33:29Z,inspected,1,count,fda.inspections.history,raw/fda.inspections.history/2026/09/20260908T143329Z-c06f5062ce8b.json.gz,1
fda.inspections.history,firm:3001237776,2011-07-27,2026-09-08T14:33:29Z,inspection_end,20110727,yyyymmdd,fda.inspections.history,raw/fda.inspections.history/2026/09/20260908T143329Z-c06f5062ce8b.json.gz,1
fda.inspections.history,firm:3001237776,2011-07-27,2026-09-08T14:33:29Z,is_foreign,0,bool,fda.inspections.history,raw/fda.inspections.history/2026/09/20260908T143329Z-c06f5062ce8b.json.gz,1
fda.inspections.history,firm:3001237776,2011-07-27,2026-09-08T14:33:29Z,is_oai,0,bool,fda.inspections.history,raw/fda.inspections.history/2026/09/20260908T143329Z-c06f5062ce8b.json.gz,1
fda.inspections.history,firm:3001237776,2011-07-27,2026-09-08T14:33:29Z,label,Rapides Regional Medical Center IRB,,fda.inspections.history,raw/fda.inspections.history/2026/09/20260908T143329Z-c06f5062ce8b.json.gz,1
fda.inspections.history,firm:3001451809,2011-07-08,2026-09-08T14:33:29Z,classification,1,ordinal,fda.inspections.history,raw/fda.inspections.history/2026/09/20260908T143329Z-c06f5062ce8b.json.gz,1
fda.inspections.history,firm:3001451809,2011-07-08,2026-09-08T14:33:29Z,firm_key,COATS ALOE,,fda.inspections.history,raw/fda.inspections.history/2026/09/20260908T143329Z-c06f5062ce8b.json.gz,1
fda.inspections.history,firm:3001451809,2011-07-08,2026-09-08T14:33:29Z,inspected,1,count,fda.inspections.history,raw/fda.inspections.history/2026/09/20260908T143329Z-c06f5062ce8b.json.gz,1
fda.inspections.history,firm:3001451809,2011-07-08,2026-09-08T14:33:29Z,inspection_end,20110708,yyyymmdd,fda.inspections.history,raw/fda.inspections.history/2026/09/20260908T143329Z-c06f5062ce8b.json.gz,1
fda.inspections.history,firm:3001451809,2011-07-08,2026-09-08T14:33:29Z,is_foreign,0,bool,fda.inspections.history,raw/fda.inspections.history/2026/09/20260908T143329Z-c06f5062ce8b.json.gz,1
fda.inspections.history,firm:3001451809,2011-07-08,2026-09-08T14:33:29Z,is_oai,0,bool,fda.inspections.history,raw/fda.inspections.history/2026/09/20260908T143329Z-c06f5062ce8b.json.gz,1
fda.inspections.history,firm:3001451809,2011-07-08,2026-09-08T14:33:29Z,label,"Coats Aloe International, Inc.",,fda.inspections.history,raw/fda.inspections.history/2026/09/20260908T143329Z-c06f5062ce8b.json.gz,1
fda.inspections.history,firm:3001634532,2011-07-27,2026-09-08T14:33:29Z,classification,0,ordinal,fda.inspections.history,raw/fda.inspections.history/2026/09/20260908T143329Z-c06f5062ce8b.json.gz,1
fda.inspections.history,firm:3001634532,2011-07-27,2026-09-08T14:33:29Z,firm_key,FORMUALTION TECHNOLOGIES DBA PHARMAFORM,,fda.inspections.history,raw/fda.inspections.history/2026/09/20260908T143329Z-c06f5062ce8b.json.gz,1
fda.inspections.history,firm:3001634532,2011-07-27,2026-09-08T14:33:29Z,inspected,1,count,fda.inspections.history,raw/fda.inspections.history/2026/09/20260908T143329Z-c06f5062ce8b.json.gz,1
fda.inspections.history,firm:3001634532,2011-07-27,2026-09-08T14:33:29Z,inspection_end,20110727,yyyymmdd,fda.inspections.history,raw/fda.inspections.history/2026/09/20260908T143329Z-c06f5062ce8b.json.gz,1
fda.inspections.history,firm:3001634532,2011-07-27,2026-09-08T14:33:29Z,is_foreign,0,bool,fda.inspections.history,raw/fda.inspections.history/2026/09/20260908T143329Z-c06f5062ce8b.json.gz,1
fda.inspections.history,firm:3001634532,2011-07-27,2026-09-08T14:33:29Z,is_oai,0,bool,fda.inspections.history,raw/fda.inspections.history/2026/09/20260908T143329Z-c06f5062ce8b.json.gz,1
fda.inspections.history,firm:3001634532,2011-07-27,2026-09-08T14:33:29Z,label,Formualtion Technologies LLC DBA PharmaForm,,fda.inspections.history,raw/fda.inspections.history/2026/09/20260908T143329Z-c06f5062ce8b.json.gz,1
fda.inspections.history,firm:3001833549,2011-07-08,2026-09-08T14:33:29Z,classification,2,ordinal,fda.inspections.history,raw/fda.inspections.history/2026/09/20260908T143329Z-c06f5062ce8b.json.gz,1
fda.inspections.history,firm:3001833549,2011-07-08,2026-09-08T14:33:29Z,firm_key,FRESENIUS KABI USA,,fda.inspections.history,raw/fda.inspections.history/2026/09/20260908T143329Z-c06f5062ce8b.json.gz,1
fda.inspections.history,firm:3001833549,2011-07-08,2026-09-08T14:33:29Z,inspected,1,count,fda.inspections.history,raw/fda.inspections.history/2026/09/20260908T143329Z-c06f5062ce8b.json.gz,1
fda.inspections.history,firm:3001833549,2011-07-08,2026-09-08T14:33:29Z,inspection_end,20110708,yyyymmdd,fda.inspections.history,raw/fda.inspections.history/2026/09/20260908T143329Z-c06f5062ce8b.json.gz,1
fda.inspections.history,firm:3001833549,2011-07-08,2026-09-08T14:33:29Z,is_foreign,0,bool,fda.inspections.history,raw/fda.inspections.history/2026/09/20260908T143329Z-c06f5062ce8b.json.gz,1
fda.inspections.history,firm:3001833549,2011-07-08,2026-09-08T14:33:29Z,is_oai,1,bool,fda.inspections.history,raw/fda.inspections.history/2026/09/20260908T143329Z-c06f5062ce8b.json.gz,1
fda.inspections.history,firm:3001833549,2011-07-08,2026-09-08T14:33:29Z,label,"Fresenius Kabi USA, LLC",,fda.inspections.history,raw/fda.inspections.history/2026/09/20260908T143329Z-c06f5062ce8b.json.gz,1
fda.inspections.history,firm:3001905562,2011-07-15,2026-09-08T14:33:29Z,classification,1,ordinal,fda.inspections.history,raw/fda.inspections.history/2026/09/20260908T143329Z-c06f5062ce8b.json.gz,1
fda.inspections.history,firm:3001905562,2011-07-15,2026-09-08T14:33:29Z,firm_key,API,,fda.inspections.history,raw/fda.inspections.history/2026/09/20260908T143329Z-c06f5062ce8b.json.gz,1
fda.inspections.history,firm:3001905562,2011-07-15,2026-09-08T14:33:29Z,inspected,1,count,fda.inspections.history,raw/fda.inspections.history/2026/09/20260908T143329Z-c06f5062ce8b.json.gz,1
fda.inspections.history,firm:3001905562,2011-07-15,2026-09-08T14:33:29Z,inspection_end,20110715,yyyymmdd,fda.inspections.history,raw/fda.inspections.history/2026/09/20260908T143329Z-c06f5062ce8b.json.gz,1
fda.inspections.history,firm:3001905562,2011-07-15,2026-09-08T14:33:29Z,is_foreign,0,bool,fda.inspections.history,raw/fda.inspections.history/2026/09/20260908T143329Z-c06f5062ce8b.json.gz,1
fda.inspections.history,firm:3001905562,2011-07-15,2026-09-08T14:33:29Z,is_oai,0,bool,fda.inspections.history,raw/fda.inspections.history/2026/09/20260908T143329Z-c06f5062ce8b.json.gz,1
fda.inspections.history,firm:3001905562,2011-07-15,2026-09-08T14:33:29Z,label,"API, Inc.",,fda.inspections.history,raw/fda.inspections.history/2026/09/20260908T143329Z-c06f5062ce8b.json.gz,1
fda.inspections.history,firm:3002038337,2011-07-14,2026-09-08T14:33:29Z,classification,1,ordinal,fda.inspections.history,raw/fda.inspections.history/2026/09/20260908T143329Z-c06f5062ce8b.json.gz,1
fda.inspections.history,firm:3002038337,2011-07-14,2026-09-08T14:33:29Z,firm_key,MERCY HEALTH PARTNERS,,fda.inspections.history,raw/fda.inspections.history/2026/09/20260908T143329Z-c06f5062ce8b.json.gz,1
fda.inspections.history,firm:3002038337,2011-07-14,2026-09-08T14:33:29Z,inspected,1,count,fda.inspections.history,raw/fda.inspections.history/2026/09/20260908T143329Z-c06f5062ce8b.json.gz,1
fda.inspections.history,firm:3002038337,2011-07-14,2026-09-08T14:33:29Z,inspection_end,20110714,yyyymmdd,fda.inspections.history,raw/fda.inspections.history/2026/09/20260908T143329Z-c06f5062ce8b.json.gz,1
fda.inspections.history,firm:3002038337,2011-07-14,2026-09-08T14:33:29Z,is_foreign,0,bool,fda.inspections.history,raw/fda.inspections.history/2026/09/20260908T143329Z-c06f5062ce8b.json.gz,1
fda.inspections.history,firm:3002038337,2011-07-14,2026-09-08T14:33:29Z,is_oai,0,bool,fda.inspections.history,raw/fda.inspections.history/2026/09/20260908T143329Z-c06f5062ce8b.json.gz,1
fda.inspections.history,firm:3002038337,2011-07-14,2026-09-08T14:33:29Z,label,Mercy Health Partners,,fda.inspections.history,raw/fda.inspections.history/2026/09/20260908T143329Z-c06f5062ce8b.json.gz,1
fda.inspections.history,firm:3002344327,2011-07-05,2026-09-08T14:33:29Z,classification,0,ordinal,fda.inspections.history,raw/fda.inspections.history/2026/09/20260908T143329Z-c06f5062ce8b.json.gz,1
fda.inspections.history,firm:3002344327,2011-07-05,2026-09-08T14:33:29Z,firm_key,LEVY ROBYN MD,,fda.inspections.history,raw/fda.inspections.history/2026/09/20260908T143329Z-c06f5062ce8b.json.gz,1
fda.inspections.history,firm:3002344327,2011-07-05,2026-09-08T14:33:29Z,inspected,1,count,fda.inspections.history,raw/fda.inspections.history/2026/09/20260908T143329Z-c06f5062ce8b.json.gz,1
fda.inspections.history,firm:3002344327,2011-07-05,2026-09-08T14:33:29Z,inspection_end,20110705,yyyymmdd,fda.inspections.history,raw/fda.inspections.history/2026/09/20260908T143329Z-c06f5062ce8b.json.gz,1
fda.inspections.history,firm:3002344327,2011-07-05,2026-09-08T14:33:29Z,is_foreign,0,bool,fda.inspections.history,raw/fda.inspections.history/2026/09/20260908T143329Z-c06f5062ce8b.json.gz,1
fda.inspections.history,firm:3002344327,2011-07-05,2026-09-08T14:33:29Z,is_oai,0,bool,fda.inspections.history,raw/fda.inspections.history/2026/09/20260908T143329Z-c06f5062ce8b.json.gz,1
fda.inspections.history,firm:3002344327,2011-07-05,2026-09-08T14:33:29Z,label,"Levy, Robyn, MD",,fda.inspections.history,raw/fda.inspections.history/2026/09/20260908T143329Z-c06f5062ce8b.json.gz,1
fda.inspections.history,firm:3002514050,2011-07-15,2026-09-08T14:33:29Z,classification,0,ordinal,fda.inspections.history,raw/fda.inspections.history/2026/09/20260908T143329Z-c06f5062ce8b.json.gz,1
fda.inspections.history,firm:3002514050,2011-07-15,2026-09-08T14:33:29Z,firm_key,TLC MEDICAL OXYGEN HOSPITAL EQUIPMENT,,fda.inspections.history,raw/fda.inspections.history/2026/09/20260908T143329Z-c06f5062ce8b.json.gz,1
fda.inspections.history,firm:3002514050,2011-07-15,2026-09-08T14:33:29Z,inspected,1,count,fda.inspections.history,raw/fda.inspections.history/2026/09/20260908T143329Z-c06f5062ce8b.json.gz,1
fda.inspections.history,firm:3002514050,2011-07-15,2026-09-08T14:33:29Z,inspection_end,20110715,yyyymmdd,fda.inspections.history,raw/fda.inspections.history/2026/09/20260908T143329Z-c06f5062ce8b.json.gz,1
fda.inspections.history,firm:3002514050,2011-07-15,2026-09-08T14:33:29Z,is_foreign,0,bool,fda.inspections.history,raw/fda.inspections.history/2026/09/20260908T143329Z-c06f5062ce8b.json.gz,1
fda.inspections.history,firm:3002514050,2011-07-15,2026-09-08T14:33:29Z,is_oai,0,bool,fda.inspections.history,raw/fda.inspections.history/2026/09/20260908T143329Z-c06f5062ce8b.json.gz,1
fda.inspections.history,firm:3002514050,2011-07-15,2026-09-08T14:33:29Z,label,Tlc Medical Oxygen & Hospital Equipment Inc,,fda.inspections.history,raw/fda.inspections.history/2026/09/20260908T143329Z-c06f5062ce8b.json.gz,1
fda.inspections.history,firm:3002553230,2011-07-07,2026-09-08T14:33:29Z,classification,0,ordinal,fda.inspections.history,raw/fda.inspections.history/2026/09/20260908T143329Z-c06f5062ce8b.json.gz,1
fda.inspections.history,firm:3002553230,2011-07-07,2026-09-08T14:33:29Z,firm_key,CHEMCON,,fda.inspections.history,raw/fda.inspections.history/2026/09/20260908T143329Z-c06f5062ce8b.json.gz,1
fda.inspections.history,firm:3002553230,2011-07-07,2026-09-08T14:33:29Z,inspected,1,count,fda.inspections.history,raw/fda.inspections.history/2026/09/20260908T143329Z-c06f5062ce8b.json.gz,1
fda.inspections.history,firm:3002553230,2011-07-07,2026-09-08T14:33:29Z,inspection_end,20110707,yyyymmdd,fda.inspections.history,raw/fda.inspections.history/2026/09/20260908T143329Z-c06f5062ce8b.json.gz,1
fda.inspections.history,firm:3002553230,2011-07-07,2026-09-08T14:33:29Z,is_foreign,1,bool,fda.inspections.history,raw/fda.inspections.history/2026/09/20260908T143329Z-c06f5062ce8b.json.gz,1
fda.inspections.history,firm:3002553230,2011-07-07,2026-09-08T14:33:29Z,is_oai,0,bool,fda.inspections.history,raw/fda.inspections.history/2026/09/20260908T143329Z-c06f5062ce8b.json.gz,1
fda.inspections.history,firm:3002553230,2011-07-07,2026-09-08T14:33:29Z,label,Chemcon GmbH,,fda.inspections.history,raw/fda.inspections.history/2026/09/20260908T143329Z-c06f5062ce8b.json.gz,1
fda.inspections.history,firm:3002655802,2011-07-11,2026-09-08T14:33:29Z,classification,0,ordinal,fda.inspections.history,raw/fda.inspections.history/2026/09/20260908T143329Z-c06f5062ce8b.json.gz,1
fda.inspections.history,firm:3002655802,2011-07-11,2026-09-08T14:33:29Z,firm_key,OXY CARE,,fda.inspections.history,raw/fda.inspections.history/2026/09/20260908T143329Z-c06f5062ce8b.json.gz,1
fda.inspections.history,firm:3002655802,2011-07-11,2026-09-08T14:33:29Z,inspected,1,count,fda.inspections.history,raw/fda.inspections.history/2026/09/20260908T143329Z-c06f5062ce8b.json.gz,1
fda.inspections.history,firm:3002655802,2011-07-11,2026-09-08T14:33:29Z,inspection_end,20110711,yyyymmdd,fda.inspections.history,raw/fda.inspections.history/2026/09/20260908T143329Z-c06f5062ce8b.json.gz,1
fda.inspections.history,firm:3002655802,2011-07-11,2026-09-08T14:33:29Z,is_foreign,0,bool,fda.inspections.history,raw/fda.inspections.history/2026/09/20260908T143329Z-c06f5062ce8b.json.gz,1
fda.inspections.history,firm:3002655802,2011-07-11,2026-09-08T14:33:29Z,is_oai,0,bool,fda.inspections.history,raw/fda.inspections.history/2026/09/20260908T143329Z-c06f5062ce8b.json.gz,1
fda.inspections.history,firm:3002655802,2011-07-11,2026-09-08T14:33:29Z,label,"Oxy-care, Inc.",,fda.inspections.history,raw/fda.inspections.history/2026/09/20260908T143329Z-c06f5062ce8b.json.gz,1
fda.inspections.history,firm:3002657995,2011-07-13,2026-09-08T14:33:29Z,classification,0,ordinal,fda.inspections.history,raw/fda.inspections.history/2026/09/20260908T143329Z-c06f5062ce8b.json.gz,1
fda.inspections.history,firm:3002657995,2011-07-13,2026-09-08T14:33:29Z,firm_key,GRAM,,fda.inspections.history,raw/fda.inspections.history/2026/09/20260908T143329Z-c06f5062ce8b.json.gz,1
fda.inspections.history,firm:3002657995,2011-07-13,2026-09-08T14:33:29Z,inspected,1,count,fda.inspections.history,raw/fda.inspections.history/2026/09/20260908T143329Z-c06f5062ce8b.json.gz,1
fda.inspections.history,firm:3002657995,2011-07-13,2026-09-08T14:33:29Z,inspection_end,20110713,yyyymmdd,fda.inspections.history,raw/fda.inspections.history/2026/09/20260908T143329Z-c06f5062ce8b.json.gz,1
fda.inspections.history,firm:3002657995,2011-07-13,2026-09-08T14:33:29Z,is_foreign,0,bool,fda.inspections.history,raw/fda.inspections.history/2026/09/20260908T143329Z-c06f5062ce8b.json.gz,1
fda.inspections.history,firm:3002657995,2011-07-13,2026-09-08T14:33:29Z,is_oai,0,bool,fda.inspections.history,raw/fda.inspections.history/2026/09/20260908T143329Z-c06f5062ce8b.json.gz,1
fda.inspections.history,firm:3002657995,2011-07-13,2026-09-08T14:33:29Z,label,"GRAM Laboratories, Inc.",,fda.inspections.history,raw/fda.inspections.history/2026/09/20260908T143329Z-c06f5062ce8b.json.gz,1
fda.inspections.history,firm:3002661947,2011-07-07,2026-09-08T14:33:29Z,classification,0,ordinal,fda.inspections.history,raw/fda.inspections.history/2026/09/20260908T143329Z-c06f5062ce8b.json.gz,1
fda.inspections.history,firm:3002661947,2011-07-07,2026-09-08T14:33:29Z,firm_key,MINASCENT LEUNA PRODUCTION,,fda.inspections.history,raw/fda.inspections.history/2026/09/20260908T143329Z-c06f5062ce8b.json.gz,1
fda.inspections.history,firm:3002661947,2011-07-07,2026-09-08T14:33:29Z,inspected,1,count,fda.inspections.history,raw/fda.inspections.history/2026/09/20260908T143329Z-c06f5062ce8b.json.gz,1
fda.inspections.history,firm:3002661947,2011-07-07,2026-09-08T14:33:29Z,inspection_end,20110707,yyyymmdd,fda.inspections.history,raw/fda.inspections.history/2026/09/20260908T143329Z-c06f5062ce8b.json.gz,1
fda.inspections.history,firm:3002661947,2011-07-07,2026-09-08T14:33:29Z,is_foreign,1,bool,fda.inspections.history,raw/fda.inspections.history/2026/09/20260908T143329Z-c06f5062ce8b.json.gz,1
fda.inspections.history,firm:3002661947,2011-07-07,2026-09-08T14:33:29Z,is_oai,0,bool,fda.inspections.history,raw/fda.inspections.history/2026/09/20260908T143329Z-c06f5062ce8b.json.gz,1
fda.inspections.history,firm:3002661947,2011-07-07,2026-09-08T14:33:29Z,label,MinAscent Leuna Production GmbH,,fda.inspections.history,raw/fda.inspections.history/2026/09/20260908T143329Z-c06f5062ce8b.json.gz,1
fda.inspections.history,firm:3002781621,2011-07-19,2026-09-08T14:33:29Z,classification,1,ordinal,fda.inspections.history,raw/fda.inspections.history/2026/09/20260908T143329Z-c06f5062ce8b.json.gz,1
fda.inspections.history,firm:3002781621,2011-07-19,2026-09-08T14:33:29Z,firm_key,SEAGEN,,fda.inspections.history,raw/fda.inspections.history/2026/09/20260908T143329Z-c06f5062ce8b.json.gz,1
fda.inspections.history,firm:3002781621,2011-07-19,2026-09-08T14:33:29Z,inspected,1,count,fda.inspections.history,raw/fda.inspections.history/2026/09/20260908T143329Z-c06f5062ce8b.json.gz,1
fda.inspections.history,firm:3002781621,2011-07-19,2026-09-08T14:33:29Z,inspection_end,20110719,yyyymmdd,fda.inspections.history,raw/fda.inspections.history/2026/09/20260908T143329Z-c06f5062ce8b.json.gz,1
fda.inspections.history,firm:3002781621,2011-07-19,2026-09-08T14:33:29Z,is_foreign,0,bool,fda.inspections.history,raw/fda.inspections.history/2026/09/20260908T143329Z-c06f5062ce8b.json.gz,1
fda.inspections.history,firm:3002781621,2011-07-19,2026-09-08T14:33:29Z,is_oai,0,bool,fda.inspections.history,raw/fda.inspections.history/2026/09/20260908T143329Z-c06f5062ce8b.json.gz,1
fda.inspections.history,firm:3002781621,2011-07-19,2026-09-08T14:33:29Z,label,SEAGEN INC.,,fda.inspections.history,raw/fda.inspections.history/2026/09/20260908T143329Z-c06f5062ce8b.json.gz,1
fda.inspections.history,firm:3002806372,2011-07-21,2026-09-08T14:33:29Z,classification,0,ordinal,fda.inspections.history,raw/fda.inspections.history/2026/09/20260908T143329Z-c06f5062ce8b.json.gz,1
fda.inspections.history,firm:3002806372,2011-07-21,2026-09-08T14:33:29Z,firm_key,WACKER LEON SL,,fda.inspections.history,raw/fda.inspections.history/2026/09/20260908T143329Z-c06f5062ce8b.json.gz,1
fda.inspections.history,firm:3002806372,2011-07-21,2026-09-08T14:33:29Z,inspected,1,count,fda.inspections.history,raw/fda.inspections.history/2026/09/20260908T143329Z-c06f5062ce8b.json.gz,1
fda.inspections.history,firm:3002806372,2011-07-21,2026-09-08T14:33:29Z,inspection_end,20110721,yyyymmdd,fda.inspections.history,raw/fda.inspections.history/2026/09/20260908T143329Z-c06f5062ce8b.json.gz,1
fda.inspections.history,firm:3002806372,2011-07-21,2026-09-08T14:33:29Z,is_foreign,1,bool,fda.inspections.history,raw/fda.inspections.history/2026/09/20260908T143329Z-c06f5062ce8b.json.gz,1
fda.inspections.history,firm:3002806372,2011-07-21,2026-09-08T14:33:29Z,is_oai,0,bool,fda.inspections.history,raw/fda.inspections.history/2026/09/20260908T143329Z-c06f5062ce8b.json.gz,1
fda.inspections.history,firm:3002806372,2011-07-21,2026-09-08T14:33:29Z,label,Wacker Leon SL.,,fda.inspections.history,raw/fda.inspections.history/2026/09/20260908T143329Z-c06f5062ce8b.json.gz,1
fda.inspections.history,firm:3002806454,2011-07-21,2026-09-08T14:33:29Z,classification,1,ordinal,fda.inspections.history,raw/fda.inspections.history/2026/09/20260908T143329Z-c06f5062ce8b.json.gz,1
fda.inspections.history,firm:3002806454,2011-07-21,2026-09-08T14:33:29Z,firm_key,BAUSCH LOMB IRELAND,,fda.inspections.history,raw/fda.inspections.history/2026/09/20260908T143329Z-c06f5062ce8b.json.gz,1
fda.inspections.history,firm:3002806454,2011-07-21,2026-09-08T14:33:29Z,inspected,1,count,fda.inspections.history,raw/fda.inspections.history/2026/09/20260908T143329Z-c06f5062ce8b.json.gz,1
fda.inspections.history,firm:3002806454,2011-07-21,2026-09-08T14:33:29Z,inspection_end,20110721,yyyymmdd,fda.inspections.history,raw/fda.inspections.history/2026/09/20260908T143329Z-c06f5062ce8b.json.gz,1
fda.inspections.history,firm:3002806454,2011-07-21,2026-09-08T14:33:29Z,is_foreign,1,bool,fda.inspections.history,raw/fda.inspections.history/2026/09/20260908T143329Z-c06f5062ce8b.json.gz,1
fda.inspections.history,firm:3002806454,2011-07-21,2026-09-08T14:33:29Z,is_oai,0,bool,fda.inspections.history,raw/fda.inspections.history/2026/09/20260908T143329Z-c06f5062ce8b.json.gz,1
fda.inspections.history,firm:3002806454,2011-07-21,2026-09-08T14:33:29Z,label,Bausch & Lomb Ireland Limited,,fda.inspections.history,raw/fda.inspections.history/2026/09/20260908T143329Z-c06f5062ce8b.json.gz,1
fda.inspections.history,firm:3002806617,2011-07-01,2026-09-08T14:33:29Z,classification,0,ordinal,fda.inspections.history,raw/fda.inspections.history/2026/09/20260908T143329Z-c06f5062ce8b.json.gz,1
fda.inspections.history,firm:3002806617,2011-07-01,2026-09-08T14:33:29Z,firm_key,CURIUM NETHERLANDS B V,,fda.inspections.history,raw/fda.inspections.history/2026/09/20260908T143329Z-c06f5062ce8b.json.gz,1
fda.inspections.history,firm:3002806617,2011-07-01,2026-09-08T14:33:29Z,inspected,1,count,fda.inspections.history,raw/fda.inspections.history/2026/09/20260908T143329Z-c06f5062ce8b.json.gz,1
fda.inspections.history,firm:3002806617,2011-07-01,2026-09-08T14:33:29Z,inspection_end,20110701,yyyymmdd,fda.inspections.history,raw/fda.inspections.history/2026/09/20260908T143329Z-c06f5062ce8b.json.gz,1
fda.inspections.history,firm:3002806617,2011-07-01,2026-09-08T14:33:29Z,is_foreign,1,bool,fda.inspections.history,raw/fda.inspections.history/2026/09/20260908T143329Z-c06f5062ce8b.json.gz,1
fda.inspections.history,firm:3002806617,2011-07-01,2026-09-08T14:33:29Z,is_oai,0,bool,fda.inspections.history,raw/fda.inspections.history/2026/09/20260908T143329Z-c06f5062ce8b.json.gz,1
fda.inspections.history,firm:3002806617,2011-07-01,2026-09-08T14:33:29Z,label,Curium Netherlands B.V.,,fda.inspections.history,raw/fda.inspections.history/2026/09/20260908T143329Z-c06f5062ce8b.json.gz,1
fda.inspections.history,firm:3002806655,2011-07-08,2026-09-08T14:33:29Z,classification,1,ordinal,fda.inspections.history,raw/fda.inspections.history/2026/09/20260908T143329Z-c06f5062ce8b.json.gz,1
fda.inspections.history,firm:3002806655,2011-07-08,2026-09-08T14:33:29Z,firm_key,CHIESI FARMACEUTICI S P A,,fda.inspections.history,raw/fda.inspections.history/2026/09/20260908T143329Z-c06f5062ce8b.json.gz,1
fda.inspections.history,firm:3002806655,2011-07-08,2026-09-08T14:33:29Z,inspected,1,count,fda.inspections.history,raw/fda.inspections.history/2026/09/20260908T143329Z-c06f5062ce8b.json.gz,1
fda.inspections.history,firm:3002806655,2011-07-08,2026-09-08T14:33:29Z,inspection_end,20110708,yyyymmdd,fda.inspections.history,raw/fda.inspections.history/2026/09/20260908T143329Z-c06f5062ce8b.json.gz,1
fda.inspections.history,firm:3002806655,2011-07-08,2026-09-08T14:33:29Z,is_foreign,1,bool,fda.inspections.history,raw/fda.inspections.history/2026/09/20260908T143329Z-c06f5062ce8b.json.gz,1
fda.inspections.history,firm:3002806655,2011-07-08,2026-09-08T14:33:29Z,is_oai,0,bool,fda.inspections.history,raw/fda.inspections.history/2026/09/20260908T143329Z-c06f5062ce8b.json.gz,1
fda.inspections.history,firm:3002806655,2011-07-08,2026-09-08T14:33:29Z,label,Chiesi Farmaceutici S.p.A.,,fda.inspections.history,raw/fda.inspections.history/2026/09/20260908T143329Z-c06f5062ce8b.json.gz,1
fda.inspections.history,firm:3002806712,2011-07-15,2026-09-08T14:33:29Z,classification,0,ordinal,fda.inspections.history,raw/fda.inspections.history/2026/09/20260908T143329Z-c06f5062ce8b.json.gz,1
fda.inspections.history,firm:3002806712,2011-07-15,2026-09-08T14:33:29Z,firm_key,LABCORP EARLY DEVELOPMENT,,fda.inspections.history,raw/fda.inspections.history/2026/09/20260908T143329Z-c06f5062ce8b.json.gz,1
fda.inspections.history,firm:3002806712,2011-07-15,2026-09-08T14:33:29Z,inspected,1,count,fda.inspections.history,raw/fda.inspections.history/2026/09/20260908T143329Z-c06f5062ce8b.json.gz,1
fda.inspections.history,firm:3002806712,2011-07-15,2026-09-08T14:33:29Z,inspection_end,20110715,yyyymmdd,fda.inspections.history,raw/fda.inspections.history/2026/09/20260908T143329Z-c06f5062ce8b.json.gz,1
fda.inspections.history,firm:3002806712,2011-07-15,2026-09-08T14:33:29Z,is_foreign,1,bool,fda.inspections.history,raw/fda.inspections.history/2026/09/20260908T143329Z-c06f5062ce8b.json.gz,1
fda.inspections.history,firm:3002806712,2011-07-15,2026-09-08T14:33:29Z,is_oai,0,bool,fda.inspections.history,raw/fda.inspections.history/2026/09/20260908T143329Z-c06f5062ce8b.json.gz,1
fda.inspections.history,firm:3002806712,2011-07-15,2026-09-08T14:33:29Z,label,LabCorp Early Development Laboratories Limited.,,fda.inspections.history,raw/fda.inspections.history/2026/09/20260908T143329Z-c06f5062ce8b.json.gz,1
fda.inspections.history,firm:3002806761,2011-07-12,2026-09-08T14:33:29Z,classification,1,ordinal,fda.inspections.history,raw/fda.inspections.history/2026/09/20260908T143329Z-c06f5062ce8b.json.gz,1
fda.inspections.history,firm:3002806761,2011-07-12,2026-09-08T14:33:29Z,firm_key,GEDEON RICHTER NYRT,,fda.inspections.history,raw/fda.inspections.history/2026/09/20260908T143329Z-c06f5062ce8b.json.gz,1
fda.inspections.history,firm:3002806761,2011-07-12,2026-09-08T14:33:29Z,inspected,1,count,fda.inspections.history,raw/fda.inspections.history/2026/09/20260908T143329Z-c06f5062ce8b.json.gz,1
fda.inspections.history,firm:3002806761,2011-07-12,2026-09-08T14:33:29Z,inspection_end,20110712,yyyymmdd,fda.inspections.history,raw/fda.inspections.history/2026/09/20260908T143329Z-c06f5062ce8b.json.gz,1
fda.inspections.history,firm:3002806761,2011-07-12,2026-09-08T14:33:29Z,is_foreign,1,bool,fda.inspections.history,raw/fda.inspections.history/2026/09/20260908T143329Z-c06f5062ce8b.json.gz,1
fda.inspections.history,firm:3002806761,2011-07-12,2026-09-08T14:33:29Z,is_oai,0,bool,fda.inspections.history,raw/fda.inspections.history/2026/09/20260908T143329Z-c06f5062ce8b.json.gz,1
fda.inspections.history,firm:3002806761,2011-07-12,2026-09-08T14:33:29Z,label,Gedeon Richter Nyrt.,,fda.inspections.history,raw/fda.inspections.history/2026/09/20260908T143329Z-c06f5062ce8b.json.gz,1
fda.inspections.history,firm:3002806762,2011-07-12,2026-09-08T14:33:29Z,classification,1,ordinal,fda.inspections.history,raw/fda.inspections.history/2026/09/20260908T143329Z-c06f5062ce8b.json.gz,1
fda.inspections.history,firm:3002806762,2011-07-12,2026-09-08T14:33:29Z,firm_key,GEDEON RICHTER DOROG SITE,,fda.inspections.history,raw/fda.inspections.history/2026/09/20260908T143329Z-c06f5062ce8b.json.gz,1
fda.inspections.history,firm:3002806762,2011-07-12,2026-09-08T14:33:29Z,inspected,1,count,fda.inspections.history,raw/fda.inspections.history/2026/09/20260908T143329Z-c06f5062ce8b.json.gz,1
fda.inspections.history,firm:3002806762,2011-07-12,2026-09-08T14:33:29Z,inspection_end,20110712,yyyymmdd,fda.inspections.history,raw/fda.inspections.history/2026/09/20260908T143329Z-c06f5062ce8b.json.gz,1
fda.inspections.history,firm:3002806762,2011-07-12,2026-09-08T14:33:29Z,is_foreign,1,bool,fda.inspections.history,raw/fda.inspections.history/2026/09/20260908T143329Z-c06f5062ce8b.json.gz,1
fda.inspections.history,firm:3002806762,2011-07-12,2026-09-08T14:33:29Z,is_oai,0,bool,fda.inspections.history,raw/fda.inspections.history/2026/09/20260908T143329Z-c06f5062ce8b.json.gz,1
fda.inspections.history,firm:3002806762,2011-07-12,2026-09-08T14:33:29Z,label,"Gedeon Richter Plc., Dorog Site",,fda.inspections.history,raw/fda.inspections.history/2026/09/20260908T143329Z-c06f5062ce8b.json.gz,1
fda.inspections.history,firm:3002806781,2011-07-08,2026-09-08T14:33:29Z,classification,0,ordinal,fda.inspections.history,raw/fda.inspections.history/2026/09/20260908T143329Z-c06f5062ce8b.json.gz,1
fda.inspections.history,firm:3002806781,2011-07-08,2026-09-08T14:33:29Z,firm_key,DANIPHARM A S,,fda.inspections.history,raw/fda.inspections.history/2026/09/20260908T143329Z-c06f5062ce8b.json.gz,1
fda.inspections.history,firm:3002806781,2011-07-08,2026-09-08T14:33:29Z,inspected,1,count,fda.inspections.history,raw/fda.inspections.history/2026/09/20260908T143329Z-c06f5062ce8b.json.gz,1
fda.inspections.history,firm:3002806781,2011-07-08,2026-09-08T14:33:29Z,inspection_end,20110708,yyyymmdd,fda.inspections.history,raw/fda.inspections.history/2026/09/20260908T143329Z-c06f5062ce8b.json.gz,1
fda.inspections.history,firm:3002806781,2011-07-08,2026-09-08T14:33:29Z,is_foreign,1,bool,fda.inspections.history,raw/fda.inspections.history/2026/09/20260908T143329Z-c06f5062ce8b.json.gz,1
fda.inspections.history,firm:3002806781,2011-07-08,2026-09-08T14:33:29Z,is_oai,0,bool,fda.inspections.history,raw/fda.inspections.history/2026/09/20260908T143329Z-c06f5062ce8b.json.gz,1
fda.inspections.history,firm:3002806781,2011-07-08,2026-09-08T14:33:29Z,label,Danipharm A/S,,fda.inspections.history,raw/fda.inspections.history/2026/09/20260908T143329Z-c06f5062ce8b.json.gz,1
fda.inspections.history,firm:3002806792,2011-07-22,2026-09-08T14:33:29Z,classification,1,ordinal,fda.inspections.history,raw/fda.inspections.history/2026/09/20260908T143329Z-c06f5062ce8b.json.gz,1
fda.inspections.history,firm:3002806792,2011-07-22,2026-09-08T14:33:29Z,firm_key,EVONIK OPERATIONS,,fda.inspections.history,raw/fda.inspections.history/2026/09/20260908T143329Z-c06f5062ce8b.json.gz,1
fda.inspections.history,firm:3002806792,2011-07-22,2026-09-08T14:33:29Z,inspected,1,count,fda.inspections.history,raw/fda.inspections.history/2026/09/20260908T143329Z-c06f5062ce8b.json.gz,1
fda.inspections.history,firm:3002806792,2011-07-22,2026-09-08T14:33:29Z,inspection_end,20110722,yyyymmdd,fda.inspections.history,raw/fda.inspections.history/2026/09/20260908T143329Z-c06f5062ce8b.json.gz,1
fda.inspections.history,firm:3002806792,2011-07-22,2026-09-08T14:33:29Z,is_foreign,1,bool,fda.inspections.history,raw/fda.inspections.history/2026/09/20260908T143329Z-c06f5062ce8b.json.gz,1
fda.inspections.history,firm:3002806792,2011-07-22,2026-09-08T14:33:29Z,is_oai,0,bool,fda.inspections.history,raw/fda.inspections.history/2026/09/20260908T143329Z-c06f5062ce8b.json.gz,1
fda.inspections.history,firm:3002806792,2011-07-22,2026-09-08T14:33:29Z,label,Evonik Operations GmbH,,fda.inspections.history,raw/fda.inspections.history/2026/09/20260908T143329Z-c06f5062ce8b.json.gz,1
fda.inspections.history,firm:3002807000,2011-07-07,2026-09-08T14:33:29Z,classification,1,ordinal,fda.inspections.history,raw/fda.inspections.history/2026/09/20260908T143329Z-c06f5062ce8b.json.gz,1
fda.inspections.history,firm:3002807000,2011-07-07,2026-09-08T14:33:29Z,firm_key,FINE ORGANICS,,fda.inspections.history,raw/fda.inspections.history/2026/09/20260908T143329Z-c06f5062ce8b.json.gz,1
fda.inspections.history,firm:3002807000,2011-07-07,2026-09-08T14:33:29Z,inspected,1,count,fda.inspections.history,raw/fda.inspections.history/2026/09/20260908T143329Z-c06f5062ce8b.json.gz,1
fda.inspections.history,firm:3002807000,2011-07-07,2026-09-08T14:33:29Z,inspection_end,20110707,yyyymmdd,fda.inspections.history,raw/fda.inspections.history/2026/09/20260908T143329Z-c06f5062ce8b.json.gz,1
fda.inspections.history,firm:3002807000,2011-07-07,2026-09-08T14:33:29Z,is_foreign,1,bool,fda.inspections.history,raw/fda.inspections.history/2026/09/20260908T143329Z-c06f5062ce8b.json.gz,1
fda.inspections.history,firm:3002807000,2011-07-07,2026-09-08T14:33:29Z,is_oai,0,bool,fda.inspections.history,raw/fda.inspections.history/2026/09/20260908T143329Z-c06f5062ce8b.json.gz,1
fda.inspections.history,firm:3002807000,2011-07-07,2026-09-08T14:33:29Z,label,Fine Organics Limited,,fda.inspections.history,raw/fda.inspections.history/2026/09/20260908T143329Z-c06f5062ce8b.json.gz,1
fda.inspections.history,firm:3002807014,2011-07-29,2026-09-08T14:33:29Z,classification,1,ordinal,fda.inspections.history,raw/fda.inspections.history/2026/09/20260908T143329Z-c06f5062ce8b.json.gz,1
fda.inspections.history,firm:3002807014,2011-07-29,2026-09-08T14:33:29Z,firm_key,FRESENIUS KABI AUSTRIA,,fda.inspections.history,raw/fda.inspections.history/2026/09/20260908T143329Z-c06f5062ce8b.json.gz,1
fda.inspections.history,firm:3002807014,2011-07-29,2026-09-08T14:33:29Z,inspected,1,count,fda.inspections.history,raw/fda.inspections.history/2026/09/20260908T143329Z-c06f5062ce8b.json.gz,1
fda.inspections.history,firm:3002807014,2011-07-29,2026-09-08T14:33:29Z,inspection_end,20110729,yyyymmdd,fda.inspections.history,raw/fda.inspections.history/2026/09/20260908T143329Z-c06f5062ce8b.json.gz,1
fda.inspections.history,firm:3002807014,2011-07-29,2026-09-08T14:33:29Z,is_foreign,1,bool,fda.inspections.history,raw/fda.inspections.history/2026/09/20260908T143329Z-c06f5062ce8b.json.gz,1
fda.inspections.history,firm:3002807014,2011-07-29,2026-09-08T14:33:29Z,is_oai,0,bool,fda.inspections.history,raw/fda.inspections.history/2026/09/20260908T143329Z-c06f5062ce8b.json.gz,1
fda.inspections.history,firm:3002807014,2011-07-29,2026-09-08T14:33:29Z,label,Fresenius Kabi Austria Gmbh,,fda.inspections.history,raw/fda.inspections.history/2026/09/20260908T143329Z-c06f5062ce8b.json.gz,1
fda.inspections.history,firm:3002807084,2011-07-08,2026-09-08T14:33:29Z,classification,0,ordinal,fda.inspections.history,raw/fda.inspections.history/2026/09/20260908T143329Z-c06f5062ce8b.json.gz,1
fda.inspections.history,firm:3002807084,2011-07-08,2026-09-08T14:33:29Z,firm_key,ACS DOBFAR S P A,,fda.inspections.history,raw/fda.inspections.history/2026/09/20260908T143329Z-c06f5062ce8b.json.gz,1
fda.inspections.history,firm:3002807084,2011-07-08,2026-09-08T14:33:29Z,inspected,1,count,fda.inspections.history,raw/fda.inspections.history/2026/09/20260908T143329Z-c06f5062ce8b.json.gz,1
fda.inspections.history,firm:3002807084,2011-07-08,2026-09-08T14:33:29Z,inspection_end,20110708,yyyymmdd,fda.inspections.history,raw/fda.inspections.history/2026/09/20260908T143329Z-c06f5062ce8b.json.gz,1
fda.inspections.history,firm:3002807084,2011-07-08,2026-09-08T14:33:29Z,is_foreign,1,bool,fda.inspections.history,raw/fda.inspections.history/2026/09/20260908T143329Z-c06f5062ce8b.json.gz,1
fda.inspections.history,firm:3002807084,2011-07-08,2026-09-08T14:33:29Z,is_oai,0,bool,fda.inspections.history,raw/fda.inspections.history/2026/09/20260908T143329Z-c06f5062ce8b.json.gz,1
fda.inspections.history,firm:3002807084,2011-07-08,2026-09-08T14:33:29Z,label,ACS Dobfar S.p.A.,,fda.inspections.history,raw/fda.inspections.history/2026/09/20260908T143329Z-c06f5062ce8b.json.gz,1
fda.inspections.history,firm:3002807186,2011-07-28,2026-09-08T14:33:29Z,classification,1,ordinal,fda.inspections.history,raw/fda.inspections.history/2026/09/20260908T143329Z-c06f5062ce8b.json.gz,1
fda.inspections.history,firm:3002807186,2011-07-28,2026-09-08T14:33:29Z,firm_key,BAUSCH HEALTH COMPANIES,,fda.inspections.history,raw/fda.inspections.history/2026/09/20260908T143329Z-c06f5062ce8b.json.gz,1
fda.inspections.history,firm:3002807186,2011-07-28,2026-09-08T14:33:29Z,inspected,1,count,fda.inspections.history,raw/fda.inspections.history/2026/09/20260908T143329Z-c06f5062ce8b.json.gz,1
fda.inspections.history,firm:3002807186,2011-07-28,2026-09-08T14:33:29Z,inspection_end,20110728,yyyymmdd,fda.inspections.history,raw/fda.inspections.history/2026/09/20260908T143329Z-c06f5062ce8b.json.gz,1
fda.inspections.history,firm:3002807186,2011-07-28,2026-09-08T14:33:29Z,is_foreign,1,bool,fda.inspections.history,raw/fda.inspections.history/2026/09/20260908T143329Z-c06f5062ce8b.json.gz,1
fda.inspections.history,firm:3002807186,2011-07-28,2026-09-08T14:33:29Z,is_oai,0,bool,fda.inspections.history,raw/fda.inspections.history/2026/09/20260908T143329Z-c06f5062ce8b.json.gz,1
fda.inspections.history,firm:3002807186,2011-07-28,2026-09-08T14:33:29Z,label,Bausch Health Companies Inc.,,fda.inspections.history,raw/fda.inspections.history/2026/09/20260908T143329Z-c06f5062ce8b.json.gz,1
fda.inspections.history,firm:3002807252,2011-07-01,2026-09-08T14:33:29Z,classification,2,ordinal,fda.inspections.history,raw/fda.inspections.history/2026/09/20260908T143329Z-c06f5062ce8b.json.gz,1
fda.inspections.history,firm:3002807252,2011-07-01,2026-09-08T14:33:29Z,firm_key,MERCK SERONO S P A,,fda.inspections.history,raw/fda.inspections.history/2026/09/20260908T143329Z-c06f5062ce8b.json.gz,1
fda.inspections.history,firm:3002807252,2011-07-01,2026-09-08T14:33:29Z,inspected,1,count,fda.inspections.history,raw/fda.inspections.history/2026/09/20260908T143329Z-c06f5062ce8b.json.gz,1
fda.inspections.history,firm:3002807252,2011-07-01,2026-09-08T14:33:29Z,inspection_end,20110701,yyyymmdd,fda.inspections.history,raw/fda.inspections.history/2026/09/20260908T143329Z-c06f5062ce8b.json.gz,1
fda.inspections.history,firm:3002807252,2011-07-01,2026-09-08T14:33:29Z,is_foreign,1,bool,fda.inspections.history,raw/fda.inspections.history/2026/09/20260908T143329Z-c06f5062ce8b.json.gz,1
fda.inspections.history,firm:3002807252,2011-07-01,2026-09-08T14:33:29Z,is_oai,1,bool,fda.inspections.history,raw/fda.inspections.history/2026/09/20260908T143329Z-c06f5062ce8b.json.gz,1
fda.inspections.history,firm:3002807252,2011-07-01,2026-09-08T14:33:29Z,label,Merck Serono S.p.A.,,fda.inspections.history,raw/fda.inspections.history/2026/09/20260908T143329Z-c06f5062ce8b.json.gz,1
fda.inspections.history,firm:3002807312,2011-07-27,2026-09-08T14:33:29Z,classification,0,ordinal,fda.inspections.history,raw/fda.inspections.history/2026/09/20260908T143329Z-c06f5062ce8b.json.gz,1
fda.inspections.history,firm:3002807312,2011-07-27,2026-09-08T14:33:29Z,firm_key,PMC ISOCHEM,,fda.inspections.history,raw/fda.inspections.history/2026/09/20260908T143329Z-c06f5062ce8b.json.gz,1
fda.inspections.history,firm:3002807312,2011-07-27,2026-09-08T14:33:29Z,inspected,1,count,fda.inspections.history,raw/fda.inspections.history/2026/09/20260908T143329Z-c06f5062ce8b.json.gz,1
fda.inspections.history,firm:3002807312,2011-07-27,2026-09-08T14:33:29Z,inspection_end,20110727,yyyymmdd,fda.inspections.history,raw/fda.inspections.history/2026/09/20260908T143329Z-c06f5062ce8b.json.gz,1
fda.inspections.history,firm:3002807312,2011-07-27,2026-09-08T14:33:29Z,is_foreign,1,bool,fda.inspections.history,raw/fda.inspections.history/2026/09/20260908T143329Z-c06f5062ce8b.json.gz,1
fda.inspections.history,firm:3002807312,2011-07-27,2026-09-08T14:33:29Z,is_oai,0,bool,fda.inspections.history,raw/fda.inspections.history/2026/09/20260908T143329Z-c06f5062ce8b.json.gz,1
fda.inspections.history,firm:3002807312,2011-07-27,2026-09-08T14:33:29Z,label,PMC Isochem,,fda.inspections.history,raw/fda.inspections.history/2026/09/20260908T143329Z-c06f5062ce8b.json.gz,1
fda.inspections.history,firm:3002807366,2011-07-14,2026-09-08T14:33:29Z,classification,0,ordinal,fda.inspections.history,raw/fda.inspections.history/2026/09/20260908T143329Z-c06f5062ce8b.json.gz,1
fda.inspections.history,firm:3002807366,2011-07-14,2026-09-08T14:33:29Z,firm_key,JUSTESA IMAGEN SAU,,fda.inspections.history,raw/fda.inspections.history/2026/09/20260908T143329Z-c06f5062ce8b.json.gz,1
fda.inspections.history,firm:3002807366,2011-07-14,2026-09-08T14:33:29Z,inspected,1,count,fda.inspections.history,raw/fda.inspections.history/2026/09/20260908T143329Z-c06f5062ce8b.json.gz,1
fda.inspections.history,firm:3002807366,2011-07-14,2026-09-08T14:33:29Z,inspection_end,20110714,yyyymmdd,fda.inspections.history,raw/fda.inspections.history/2026/09/20260908T143329Z-c06f5062ce8b.json.gz,1
fda.inspections.history,firm:3002807366,2011-07-14,2026-09-08T14:33:29Z,is_foreign,1,bool,fda.inspections.history,raw/fda.inspections.history/2026/09/20260908T143329Z-c06f5062ce8b.json.gz,1
fda.inspections.history,firm:3002807366,2011-07-14,2026-09-08T14:33:29Z,is_oai,0,bool,fda.inspections.history,raw/fda.inspections.history/2026/09/20260908T143329Z-c06f5062ce8b.json.gz,1
fda.inspections.history,firm:3002807366,2011-07-14,2026-09-08T14:33:29Z,label,Justesa Imagen SAU,,fda.inspections.history,raw/fda.inspections.history/2026/09/20260908T143329Z-c06f5062ce8b.json.gz,1
fda.inspections.history,firm:3002807481,2011-07-21,2026-09-08T14:33:29Z,classification,2,ordinal,fda.inspections.history,raw/fda.inspections.history/2026/09/20260908T143329Z-c06f5062ce8b.json.gz,1
fda.inspections.history,firm:3002807481,2011-07-21,2026-09-08T14:33:29Z,firm_key,LABOR LS SE,,fda.inspections.history,raw/fda.inspections.history/2026/09/20260908T143329Z-c06f5062ce8b.json.gz,1
fda.inspections.history,firm:3002807481,2011-07-21,2026-09-08T14:33:29Z,inspected,1,count,fda.inspections.history,raw/fda.inspections.history/2026/09/20260908T143329Z-c06f5062ce8b.json.gz,1
fda.inspections.history,firm:3002807481,2011-07-21,2026-09-08T14:33:29Z,inspection_end,20110721,yyyymmdd,fda.inspections.history,raw/fda.inspections.history/2026/09/20260908T143329Z-c06f5062ce8b.json.gz,1
fda.inspections.history,firm:3002807481,2011-07-21,2026-09-08T14:33:29Z,is_foreign,1,bool,fda.inspections.history,raw/fda.inspections.history/2026/09/20260908T143329Z-c06f5062ce8b.json.gz,1
fda.inspections.history,firm:3002807481,2011-07-21,2026-09-08T14:33:29Z,is_oai,1,bool,fda.inspections.history,raw/fda.inspections.history/2026/09/20260908T143329Z-c06f5062ce8b.json.gz,1
fda.inspections.history,firm:3002807481,2011-07-21,2026-09-08T14:33:29Z,label,Labor LS SE & Co. KG,,fda.inspections.history,raw/fda.inspections.history/2026/09/20260908T143329Z-c06f5062ce8b.json.gz,1
fda.inspections.history,firm:3002807496,2011-07-15,2026-09-08T14:33:29Z,classification,1,ordinal,fda.inspections.history,raw/fda.inspections.history/2026/09/20260908T143329Z-c06f5062ce8b.json.gz,1
fda.inspections.history,firm:3002807496,2011-07-15,2026-09-08T14:33:29Z,firm_key,LEO A S,,fda.inspections.history,raw/fda.inspections.history/2026/09/20260908T143329Z-c06f5062ce8b.json.gz,1
fda.inspections.history,firm:3002807496,2011-07-15,2026-09-08T14:33:29Z,inspected,1,count,fda.inspections.history,raw/fda.inspections.history/2026/09/20260908T143329Z-c06f5062ce8b.json.gz,1
fda.inspections.history,firm:3002807496,2011-07-15,2026-09-08T14:33:29Z,inspection_end,20110715,yyyymmdd,fda.inspections.history,raw/fda.inspections.history/2026/09/20260908T143329Z-c06f5062ce8b.json.gz,1
fda.inspections.history,firm:3002807496,2011-07-15,2026-09-08T14:33:29Z,is_foreign,1,bool,fda.inspections.history,raw/fda.inspections.history/2026/09/20260908T143329Z-c06f5062ce8b.json.gz,1
fda.inspections.history,firm:3002807496,2011-07-15,2026-09-08T14:33:29Z,is_oai,0,bool,fda.inspections.history,raw/fda.inspections.history/2026/09/20260908T143329Z-c06f5062ce8b.json.gz,1
fda.inspections.history,firm:3002807496,2011-07-15,2026-09-08T14:33:29Z,label,Leo Pharma A/S,,fda.inspections.history,raw/fda.inspections.history/2026/09/20260908T143329Z-c06f5062ce8b.json.gz,1
fda.inspections.history,firm:3002807601,2011-07-13,2026-09-08T14:33:29Z,classification,1,ordinal,fda.inspections.history,raw/fda.inspections.history/2026/09/20260908T143329Z-c06f5062ce8b.json.gz,1
fda.inspections.history,firm:3002807601,2011-07-13,2026-09-08T14:33:29Z,firm_key,MICROCHEM,,fda.inspections.history,raw/fda.inspections.history/2026/09/20260908T143329Z-c06f5062ce8b.json.gz,1
fda.inspections.history,firm:3002807601,2011-07-13,2026-09-08T14:33:29Z,inspected,1,count,fda.inspections.history,raw/fda.inspections.history/2026/09/20260908T143329Z-c06f5062ce8b.json.gz,1
fda.inspections.history,firm:3002807601,2011-07-13,2026-09-08T14:33:29Z,inspection_end,20110713,yyyymmdd,fda.inspections.history,raw/fda.inspections.history/2026/09/20260908T143329Z-c06f5062ce8b.json.gz,1
fda.inspections.history,firm:3002807601,2011-07-13,2026-09-08T14:33:29Z,is_foreign,1,bool,fda.inspections.history,raw/fda.inspections.history/2026/09/20260908T143329Z-c06f5062ce8b.json.gz,1
fda.inspections.history,firm:3002807601,2011-07-13,2026-09-08T14:33:29Z,is_oai,0,bool,fda.inspections.history,raw/fda.inspections.history/2026/09/20260908T143329Z-c06f5062ce8b.json.gz,1
fda.inspections.history,firm:3002807601,2011-07-13,2026-09-08T14:33:29Z,label,Microchem Srl,,fda.inspections.history,raw/fda.inspections.history/2026/09/20260908T143329Z-c06f5062ce8b.json.gz,1
fda.inspections.history,firm:3002807911,2011-07-22,2026-09-08T14:33:29Z,classification,0,ordinal,fda.inspections.history,raw/fda.inspections.history/2026/09/20260908T143329Z-c06f5062ce8b.json.gz,1
fda.inspections.history,firm:3002807911,2011-07-22,2026-09-08T14:33:29Z,firm_key,ALBANY MOLECULAR RESEARCH UK,,fda.inspections.history,raw/fda.inspections.history/2026/09/20260908T143329Z-c06f5062ce8b.json.gz,1
fda.inspections.history,firm:3002807911,2011-07-22,2026-09-08T14:33:29Z,inspected,1,count,fda.inspections.history,raw/fda.inspections.history/2026/09/20260908T143329Z-c06f5062ce8b.json.gz,1
fda.inspections.history,firm:3002807911,2011-07-22,2026-09-08T14:33:29Z,inspection_end,20110722,yyyymmdd,fda.inspections.history,raw/fda.inspections.history/2026/09/20260908T143329Z-c06f5062ce8b.json.gz,1
fda.inspections.history,firm:3002807911,2011-07-22,2026-09-08T14:33:29Z,is_foreign,1,bool,fda.inspections.history,raw/fda.inspections.history/2026/09/20260908T143329Z-c06f5062ce8b.json.gz,1
fda.inspections.history,firm:3002807911,2011-07-22,2026-09-08T14:33:29Z,is_oai,0,bool,fda.inspections.history,raw/fda.inspections.history/2026/09/20260908T143329Z-c06f5062ce8b.json.gz,1
fda.inspections.history,firm:3002807911,2011-07-22,2026-09-08T14:33:29Z,label,Albany Molecular Research UK Ltd.,,fda.inspections.history,raw/fda.inspections.history/2026/09/20260908T143329Z-c06f5062ce8b.json.gz,1
fda.inspections.history,firm:3002808063,2011-07-14,2026-09-08T14:33:29Z,classification,0,ordinal,fda.inspections.history,raw/fda.inspections.history/2026/09/20260908T143329Z-c06f5062ce8b.json.gz,1
fda.inspections.history,firm:3002808063,2011-07-14,2026-09-08T14:33:29Z,firm_key,BAYER CHARLOTTENBERG PLANT,,fda.inspections.history,raw/fda.inspections.history/2026/09/20260908T143329Z-c06f5062ce8b.json.gz,1
fda.inspections.history,firm:3002808063,2011-07-14,2026-09-08T14:33:29Z,inspected,1,count,fda.inspections.history,raw/fda.inspections.history/2026/09/20260908T143329Z-c06f5062ce8b.json.gz,1
fda.inspections.history,firm:3002808063,2011-07-14,2026-09-08T14:33:29Z,inspection_end,20110714,yyyymmdd,fda.inspections.history,raw/fda.inspections.history/2026/09/20260908T143329Z-c06f5062ce8b.json.gz,1
fda.inspections.history,firm:3002808063,2011-07-14,2026-09-08T14:33:29Z,is_foreign,1,bool,fda.inspections.history,raw/fda.inspections.history/2026/09/20260908T143329Z-c06f5062ce8b.json.gz,1
fda.inspections.history,firm:3002808063,2011-07-14,2026-09-08T14:33:29Z,is_oai,0,bool,fda.inspections.history,raw/fda.inspections.history/2026/09/20260908T143329Z-c06f5062ce8b.json.gz,1
fda.inspections.history,firm:3002808063,2011-07-14,2026-09-08T14:33:29Z,label,Bayer AG Charlottenberg Plant,,fda.inspections.history,raw/fda.inspections.history/2026/09/20260908T143329Z-c06f5062ce8b.json.gz,1
fda.inspections.history,firm:3002808160,2011-07-14,2026-09-08T14:33:29Z,classification,0,ordinal,fda.inspections.history,raw/fda.inspections.history/2026/09/20260908T143329Z-c06f5062ce8b.json.gz,1
fda.inspections.history,firm:3002808160,2011-07-14,2026-09-08T14:33:29Z,firm_key,EIRCHEM SERVICES,,fda.inspections.history,raw/fda.inspections.history/2026/09/20260908T143329Z-c06f5062ce8b.json.gz,1
fda.inspections.history,firm:3002808160,2011-07-14,2026-09-08T14:33:29Z,inspected,1,count,fda.inspections.history,raw/fda.inspections.history/2026/09/20260908T143329Z-c06f5062ce8b.json.gz,1
fda.inspections.history,firm:3002808160,2011-07-14,2026-09-08T14:33:29Z,inspection_end,20110714,yyyymmdd,fda.inspections.history,raw/fda.inspections.history/2026/09/20260908T143329Z-c06f5062ce8b.json.gz,1
fda.inspections.history,firm:3002808160,2011-07-14,2026-09-08T14:33:29Z,is_foreign,1,bool,fda.inspections.history,raw/fda.inspections.history/2026/09/20260908T143329Z-c06f5062ce8b.json.gz,1
fda.inspections.history,firm:3002808160,2011-07-14,2026-09-08T14:33:29Z,is_oai,0,bool,fda.inspections.history,raw/fda.inspections.history/2026/09/20260908T143329Z-c06f5062ce8b.json.gz,1
fda.inspections.history,firm:3002808160,2011-07-14,2026-09-08T14:33:29Z,label,Eirchem Pharma Services Limited,,fda.inspections.history,raw/fda.inspections.history/2026/09/20260908T143329Z-c06f5062ce8b.json.gz,1
fda.inspections.history,firm:3002808377,2011-07-15,2026-09-08T14:33:29Z,classification,0,ordinal,fda.inspections.history,raw/fda.inspections.history/2026/09/20260908T143329Z-c06f5062ce8b.json.gz,1
fda.inspections.history,firm:3002808377,2011-07-15,2026-09-08T14:33:29Z,firm_key,PIRAMAL HEALTHCARE CANADA,,fda.inspections.history,raw/fda.inspections.history/2026/09/20260908T143329Z-c06f5062ce8b.json.gz,1
fda.inspections.history,firm:3002808377,2011-07-15,2026-09-08T14:33:29Z,inspected,1,count,fda.inspections.history,raw/fda.inspections.history/2026/09/20260908T143329Z-c06f5062ce8b.json.gz,1
fda.inspections.history,firm:3002808377,2011-07-15,2026-09-08T14:33:29Z,inspection_end,20110715,yyyymmdd,fda.inspections.history,raw/fda.inspections.history/2026/09/20260908T143329Z-c06f5062ce8b.json.gz,1
fda.inspections.history,firm:3002808377,2011-07-15,2026-09-08T14:33:29Z,is_foreign,1,bool,fda.inspections.history,raw/fda.inspections.history/2026/09/20260908T143329Z-c06f5062ce8b.json.gz,1
fda.inspections.history,firm:3002808377,2011-07-15,2026-09-08T14:33:29Z,is_oai,0,bool,fda.inspections.history,raw/fda.inspections.history/2026/09/20260908T143329Z-c06f5062ce8b.json.gz,1
fda.inspections.history,firm:3002808377,2011-07-15,2026-09-08T14:33:29Z,label,Piramal Healthcare (Canada) Ltd.,,fda.inspections.history,raw/fda.inspections.history/2026/09/20260908T143329Z-c06f5062ce8b.json.gz,1
fda.inspections.history,firm:3002829723,2011-07-25,2026-09-08T14:33:29Z,classification,1,ordinal,fda.inspections.history,raw/fda.inspections.history/2026/09/20260908T143329Z-c06f5062ce8b.json.gz,1
fda.inspections.history,firm:3002829723,2011-07-25,2026-09-08T14:33:29Z,firm_key,FAREVA UNTERACH,,fda.inspections.history,raw/fda.inspections.history/2026/09/20260908T143329Z-c06f5062ce8b.json.gz,1
fda.inspections.history,firm:3002829723,2011-07-25,2026-09-08T14:33:29Z,inspected,1,count,fda.inspections.history,raw/fda.inspections.history/2026/09/20260908T143329Z-c06f5062ce8b.json.gz,1
fda.inspections.history,firm:3002829723,2011-07-25,2026-09-08T14:33:29Z,inspection_end,20110725,yyyymmdd,fda.inspections.history,raw/fda.inspections.history/2026/09/20260908T143329Z-c06f5062ce8b.json.gz,1
fda.inspections.history,firm:3002829723,2011-07-25,2026-09-08T14:33:29Z,is_foreign,1,bool,fda.inspections.history,raw/fda.inspections.history/2026/09/20260908T143329Z-c06f5062ce8b.json.gz,1
fda.inspections.history,firm:3002829723,2011-07-25,2026-09-08T14:33:29Z,is_oai,0,bool,fda.inspections.history,raw/fda.inspections.history/2026/09/20260908T143329Z-c06f5062ce8b.json.gz,1
fda.inspections.history,firm:3002829723,2011-07-25,2026-09-08T14:33:29Z,label,Fareva Unterach GmbH,,fda.inspections.history,raw/fda.inspections.history/2026/09/20260908T143329Z-c06f5062ce8b.json.gz,1
fda.inspections.history,firm:3002864272,2011-07-07,2026-09-08T14:33:29Z,classification,0,ordinal,fda.inspections.history,raw/fda.inspections.history/2026/09/20260908T143329Z-c06f5062ce8b.json.gz,1
fda.inspections.history,firm:3002864272,2011-07-07,2026-09-08T14:33:29Z,firm_key,IBSA INSTITUT BIOCHIMIQUE,,fda.inspections.history,raw/fda.inspections.history/2026/09/20260908T143329Z-c06f5062ce8b.json.gz,1
fda.inspections.history,firm:3002864272,2011-07-07,2026-09-08T14:33:29Z,inspected,1,count,fda.inspections.history,raw/fda.inspections.history/2026/09/20260908T143329Z-c06f5062ce8b.json.gz,1
fda.inspections.history,firm:3002864272,2011-07-07,2026-09-08T14:33:29Z,inspection_end,20110707,yyyymmdd,fda.inspections.history,raw/fda.inspections.history/2026/09/20260908T143329Z-c06f5062ce8b.json.gz,1
fda.inspections.history,firm:3002864272,2011-07-07,2026-09-08T14:33:29Z,is_foreign,1,bool,fda.inspections.history,raw/fda.inspections.history/2026/09/20260908T143329Z-c06f5062ce8b.json.gz,1
fda.inspections.history,firm:3002864272,2011-07-07,2026-09-08T14:33:29Z,is_oai,0,bool,fda.inspections.history,raw/fda.inspections.history/2026/09/20260908T143329Z-c06f5062ce8b.json.gz,1
fda.inspections.history,firm:3002864272,2011-07-07,2026-09-08T14:33:29Z,label,IBSA Institut Biochimique SA,,fda.inspections.history,raw/fda.inspections.history/2026/09/20260908T143329Z-c06f5062ce8b.json.gz,1
fda.inspections.history,firm:3002937340,2011-07-22,2026-09-08T14:33:29Z,classification,0,ordinal,fda.inspections.history,raw/fda.inspections.history/2026/09/20260908T143329Z-c06f5062ce8b.json.gz,1
fda.inspections.history,firm:3002937340,2011-07-22,2026-09-08T14:33:29Z,firm_key,QUESTSPECIALTY,,fda.inspections.history,raw/fda.inspections.history/2026/09/20260908T143329Z-c06f5062ce8b.json.gz,1
fda.inspections.history,firm:3002937340,2011-07-22,2026-09-08T14:33:29Z,inspected,1,count,fda.inspections.history,raw/fda.inspections.history/2026/09/20260908T143329Z-c06f5062ce8b.json.gz,1
fda.inspections.history,firm:3002937340,2011-07-22,2026-09-08T14:33:29Z,inspection_end,20110722,yyyymmdd,fda.inspections.history,raw/fda.inspections.history/2026/09/20260908T143329Z-c06f5062ce8b.json.gz,1
fda.inspections.history,firm:3002937340,2011-07-22,2026-09-08T14:33:29Z,is_foreign,0,bool,fda.inspections.history,raw/fda.inspections.history/2026/09/20260908T143329Z-c06f5062ce8b.json.gz,1
fda.inspections.history,firm:3002937340,2011-07-22,2026-09-08T14:33:29Z,is_oai,0,bool,fda.inspections.history,raw/fda.inspections.history/2026/09/20260908T143329Z-c06f5062ce8b.json.gz,1
fda.inspections.history,firm:3002937340,2011-07-22,2026-09-08T14:33:29Z,label,QuestSpecialty Corporation,,fda.inspections.history,raw/fda.inspections.history/2026/09/20260908T143329Z-c06f5062ce8b.json.gz,1
fda.inspections.history,firm:3002951632,2011-07-25,2026-09-08T14:33:29Z,classification,0,ordinal,fda.inspections.history,raw/fda.inspections.history/2026/09/20260908T143329Z-c06f5062ce8b.json.gz,1
fda.inspections.history,firm:3002951632,2011-07-25,2026-09-08T14:33:29Z,firm_key,ROCKTENN CONVERTING,,fda.inspections.history,raw/fda.inspections.history/2026/09/20260908T143329Z-c06f5062ce8b.json.gz,1
fda.inspections.history,firm:3002951632,2011-07-25,2026-09-08T14:33:29Z,inspected,1,count,fda.inspections.history,raw/fda.inspections.history/2026/09/20260908T143329Z-c06f5062ce8b.json.gz,1
fda.inspections.history,firm:3002951632,2011-07-25,2026-09-08T14:33:29Z,inspection_end,20110725,yyyymmdd,fda.inspections.history,raw/fda.inspections.history/2026/09/20260908T143329Z-c06f5062ce8b.json.gz,1
fda.inspections.history,firm:3002951632,2011-07-25,2026-09-08T14:33:29Z,is_foreign,0,bool,fda.inspections.history,raw/fda.inspections.history/2026/09/20260908T143329Z-c06f5062ce8b.json.gz,1
fda.inspections.history,firm:3002951632,2011-07-25,2026-09-08T14:33:29Z,is_oai,0,bool,fda.inspections.history,raw/fda.inspections.history/2026/09/20260908T143329Z-c06f5062ce8b.json.gz,1
fda.inspections.history,firm:3002951632,2011-07-25,2026-09-08T14:33:29Z,label,RockTenn Converting Company,,fda.inspections.history,raw/fda.inspections.history/2026/09/20260908T143329Z-c06f5062ce8b.json.gz,1
fda.inspections.history,firm:3002972157,2011-07-11,2026-09-08T14:33:29Z,classification,1,ordinal,fda.inspections.history,raw/fda.inspections.history/2026/09/20260908T143329Z-c06f5062ce8b.json.gz,1
fda.inspections.history,firm:3002972157,2011-07-11,2026-09-08T14:33:29Z,firm_key,AMERICAN BLENDING FILLING,,fda.inspections.history,raw/fda.inspections.history/2026/09/20260908T143329Z-c06f5062ce8b.json.gz,1
fda.inspections.history,firm:3002972157,2011-07-11,2026-09-08T14:33:29Z,inspected,1,count,fda.inspections.history,raw/fda.inspections.history/2026/09/20260908T143329Z-c06f5062ce8b.json.gz,1
fda.inspections.history,firm:3002972157,2011-07-11,2026-09-08T14:33:29Z,inspection_end,20110711,yyyymmdd,fda.inspections.history,raw/fda.inspections.history/2026/09/20260908T143329Z-c06f5062ce8b.json.gz,1
fda.inspections.history,firm:3002972157,2011-07-11,2026-09-08T14:33:29Z,is_foreign,0,bool,fda.inspections.history,raw/fda.inspections.history/2026/09/20260908T143329Z-c06f5062ce8b.json.gz,1
fda.inspections.history,firm:3002972157,2011-07-11,2026-09-08T14:33:29Z,is_oai,0,bool,fda.inspections.history,raw/fda.inspections.history/2026/09/20260908T143329Z-c06f5062ce8b.json.gz,1
fda.inspections.history,firm:3002972157,2011-07-11,2026-09-08T14:33:29Z,label,"American Blending & Filling Company, Inc.",,fda.inspections.history,raw/fda.inspections.history/2026/09/20260908T143329Z-c06f5062ce8b.json.gz,1
fda.inspections.history,firm:3003015655,2011-07-28,2026-09-08T14:33:29Z,classification,1,ordinal,fda.inspections.history,raw/fda.inspections.history/2026/09/20260908T143329Z-c06f5062ce8b.json.gz,1
fda.inspections.history,firm:3003015655,2011-07-28,2026-09-08T14:33:29Z,firm_key,LIANYUNGANG RUNZHONG,,fda.inspections.history,raw/fda.inspections.history/2026/09/20260908T143329Z-c06f5062ce8b.json.gz,1
fda.inspections.history,firm:3003015655,2011-07-28,2026-09-08T14:33:29Z,inspected,1,count,fda.inspections.history,raw/fda.inspections.history/2026/09/20260908T143329Z-c06f5062ce8b.json.gz,1
fda.inspections.history,firm:3003015655,2011-07-28,2026-09-08T14:33:29Z,inspection_end,20110728,yyyymmdd,fda.inspections.history,raw/fda.inspections.history/2026/09/20260908T143329Z-c06f5062ce8b.json.gz,1
fda.inspections.history,firm:3003015655,2011-07-28,2026-09-08T14:33:29Z,is_foreign,1,bool,fda.inspections.history,raw/fda.inspections.history/2026/09/20260908T143329Z-c06f5062ce8b.json.gz,1
fda.inspections.history,firm:3003015655,2011-07-28,2026-09-08T14:33:29Z,is_oai,0,bool,fda.inspections.history,raw/fda.inspections.history/2026/09/20260908T143329Z-c06f5062ce8b.json.gz,1
fda.inspections.history,firm:3003015655,2011-07-28,2026-09-08T14:33:29Z,label,"Lianyungang Runzhong Pharmaceutical Co., Ltd.",,fda.inspections.history,raw/fda.inspections.history/2026/09/20260908T143329Z-c06f5062ce8b.json.gz,1
fda.inspections.history,firm:3003053677,2011-07-21,2026-09-08T14:33:29Z,classification,1,ordinal,fda.inspections.history,raw/fda.inspections.history/2026/09/20260908T143329Z-c06f5062ce8b.json.gz,1
fda.inspections.history,firm:3003053677,2011-07-21,2026-09-08T14:33:29Z,firm_key,SWABPLUS L P,,fda.inspections.history,raw/fda.inspections.history/2026/09/20260908T143329Z-c06f5062ce8b.json.gz,1
fda.inspections.history,firm:3003053677,2011-07-21,2026-09-08T14:33:29Z,inspected,1,count,fda.inspections.history,raw/fda.inspections.history/2026/09/20260908T143329Z-c06f5062ce8b.json.gz,1
fda.inspections.history,firm:3003053677,2011-07-21,2026-09-08T14:33:29Z,inspection_end,20110721,yyyymmdd,fda.inspections.history,raw/fda.inspections.history/2026/09/20260908T143329Z-c06f5062ce8b.json.gz,1
fda.inspections.history,firm:3003053677,2011-07-21,2026-09-08T14:33:29Z,is_foreign,0,bool,fda.inspections.history,raw/fda.inspections.history/2026/09/20260908T143329Z-c06f5062ce8b.json.gz,1
fda.inspections.history,firm:3003053677,2011-07-21,2026-09-08T14:33:29Z,is_oai,0,bool,fda.inspections.history,raw/fda.inspections.history/2026/09/20260908T143329Z-c06f5062ce8b.json.gz,1
fda.inspections.history,firm:3003053677,2011-07-21,2026-09-08T14:33:29Z,label,"Swabplus, L.P.",,fda.inspections.history,raw/fda.inspections.history/2026/09/20260908T143329Z-c06f5062ce8b.json.gz,1
fda.inspections.history,firm:3003131136,2011-07-30,2026-09-08T14:33:29Z,classification,1,ordinal,fda.inspections.history,raw/fda.inspections.history/2026/09/20260908T143329Z-c06f5062ce8b.json.gz,1
fda.inspections.history,firm:3003131136,2011-07-30,2026-09-08T14:33:29Z,firm_key,DIVI S UNIT 1,,fda.inspections.history,raw/fda.inspections.history/2026/09/20260908T143329Z-c06f5062ce8b.json.gz,1
fda.inspections.history,firm:3003131136,2011-07-30,2026-09-08T14:33:29Z,inspected,1,count,fda.inspections.history,raw/fda.inspections.history/2026/09/20260908T143329Z-c06f5062ce8b.json.gz,1
fda.inspections.history,firm:3003131136,2011-07-30,2026-09-08T14:33:29Z,inspection_end,20110730,yyyymmdd,fda.inspections.history,raw/fda.inspections.history/2026/09/20260908T143329Z-c06f5062ce8b.json.gz,1
fda.inspections.history,firm:3003131136,2011-07-30,2026-09-08T14:33:29Z,is_foreign,1,bool,fda.inspections.history,raw/fda.inspections.history/2026/09/20260908T143329Z-c06f5062ce8b.json.gz,1
fda.inspections.history,firm:3003131136,2011-07-30,2026-09-08T14:33:29Z,is_oai,0,bool,fda.inspections.history,raw/fda.inspections.history/2026/09/20260908T143329Z-c06f5062ce8b.json.gz,1
fda.inspections.history,firm:3003131136,2011-07-30,2026-09-08T14:33:29Z,label,"Divi's Laboratories Limited, Unit-1",,fda.inspections.history,raw/fda.inspections.history/2026/09/20260908T143329Z-c06f5062ce8b.json.gz,1
fda.inspections.history,firm:3003144208,2011-07-21,2026-09-08T14:33:29Z,classification,0,ordinal,fda.inspections.history,raw/fda.inspections.history/2026/09/20260908T143329Z-c06f5062ce8b.json.gz,1
fda.inspections.history,firm:3003144208,2011-07-21,2026-09-08T14:33:29Z,firm_key,SALUTAS,,fda.inspections.history,raw/fda.inspections.history/2026/09/20260908T143329Z-c06f5062ce8b.json.gz,1
fda.inspections.history,firm:3003144208,2011-07-21,2026-09-08T14:33:29Z,inspected,1,count,fda.inspections.history,raw/fda.inspections.history/2026/09/20260908T143329Z-c06f5062ce8b.json.gz,1
fda.inspections.history,firm:3003144208,2011-07-21,2026-09-08T14:33:29Z,inspection_end,20110721,yyyymmdd,fda.inspections.history,raw/fda.inspections.history/2026/09/20260908T143329Z-c06f5062ce8b.json.gz,1
fda.inspections.history,firm:3003144208,2011-07-21,2026-09-08T14:33:29Z,is_foreign,1,bool,fda.inspections.history,raw/fda.inspections.history/2026/09/20260908T143329Z-c06f5062ce8b.json.gz,1
fda.inspections.history,firm:3003144208,2011-07-21,2026-09-08T14:33:29Z,is_oai,0,bool,fda.inspections.history,raw/fda.inspections.history/2026/09/20260908T143329Z-c06f5062ce8b.json.gz,1
fda.inspections.history,firm:3003144208,2011-07-21,2026-09-08T14:33:29Z,label,Salutas Pharma GmbH,,fda.inspections.history,raw/fda.inspections.history/2026/09/20260908T143329Z-c06f5062ce8b.json.gz,1
fda.inspections.history,firm:3003184440,2011-07-22,2026-09-08T14:33:29Z,classification,2,ordinal,fda.inspections.history,raw/fda.inspections.history/2026/09/20260908T143329Z-c06f5062ce8b.json.gz,1
fda.inspections.history,firm:3003184440,2011-07-22,2026-09-08T14:33:29Z,firm_key,TEDEC MEIJI FARMA S A,,fda.inspections.history,raw/fda.inspections.history/2026/09/20260908T143329Z-c06f5062ce8b.json.gz,1
fda.inspections.history,firm:3003184440,2011-07-22,2026-09-08T14:33:29Z,inspected,1,count,fda.inspections.history,raw/fda.inspections.history/2026/09/20260908T143329Z-c06f5062ce8b.json.gz,1
fda.inspections.history,firm:3003184440,2011-07-22,2026-09-08T14:33:29Z,inspection_end,20110722,yyyymmdd,fda.inspections.history,raw/fda.inspections.history/2026/09/20260908T143329Z-c06f5062ce8b.json.gz,1
fda.inspections.history,firm:3003184440,2011-07-22,2026-09-08T14:33:29Z,is_foreign,1,bool,fda.inspections.history,raw/fda.inspections.history/2026/09/20260908T143329Z-c06f5062ce8b.json.gz,1
fda.inspections.history,firm:3003184440,2011-07-22,2026-09-08T14:33:29Z,is_oai,1,bool,fda.inspections.history,raw/fda.inspections.history/2026/09/20260908T143329Z-c06f5062ce8b.json.gz,1
fda.inspections.history,firm:3003184440,2011-07-22,2026-09-08T14:33:29Z,label,"Tedec-Meiji Farma, S.A.",,fda.inspections.history,raw/fda.inspections.history/2026/09/20260908T143329Z-c06f5062ce8b.json.gz,1
fda.inspections.history,firm:3003195501,2011-07-14,2026-09-08T14:33:29Z,classification,1,ordinal,fda.inspections.history,raw/fda.inspections.history/2026/09/20260908T143329Z-c06f5062ce8b.json.gz,1
fda.inspections.history,firm:3003195501,2011-07-14,2026-09-08T14:33:29Z,firm_key,SANOFI AVENTIS DEUTSCHLAND,,fda.inspections.history,raw/fda.inspections.history/2026/09/20260908T143329Z-c06f5062ce8b.json.gz,1
fda.inspections.history,firm:3003195501,2011-07-14,2026-09-08T14:33:29Z,inspected,1,count,fda.inspections.history,raw/fda.inspections.history/2026/09/20260908T143329Z-c06f5062ce8b.json.gz,1
fda.inspections.history,firm:3003195501,2011-07-14,2026-09-08T14:33:29Z,inspection_end,20110714,yyyymmdd,fda.inspections.history,raw/fda.inspections.history/2026/09/20260908T143329Z-c06f5062ce8b.json.gz,1
fda.inspections.history,firm:3003195501,2011-07-14,2026-09-08T14:33:29Z,is_foreign,1,bool,fda.inspections.history,raw/fda.inspections.history/2026/09/20260908T143329Z-c06f5062ce8b.json.gz,1
fda.inspections.history,firm:3003195501,2011-07-14,2026-09-08T14:33:29Z,is_oai,0,bool,fda.inspections.history,raw/fda.inspections.history/2026/09/20260908T143329Z-c06f5062ce8b.json.gz,1
fda.inspections.history,firm:3003195501,2011-07-14,2026-09-08T14:33:29Z,label,Sanofi-Aventis Deutschland GmbH,,fda.inspections.history,raw/fda.inspections.history/2026/09/20260908T143329Z-c06f5062ce8b.json.gz,1
fda.inspections.history,firm:3003287869,2011-07-15,2026-09-08T14:33:29Z,classification,1,ordinal,fda.inspections.history,raw/fda.inspections.history/2026/09/20260908T143329Z-c06f5062ce8b.json.gz,1
fda.inspections.history,firm:3003287869,2011-07-15,2026-09-08T14:33:29Z,firm_key,PURDUE,,fda.inspections.history,raw/fda.inspections.history/2026/09/20260908T143329Z-c06f5062ce8b.json.gz,1
fda.inspections.history,firm:3003287869,2011-07-15,2026-09-08T14:33:29Z,inspected,1,count,fda.inspections.history,raw/fda.inspections.history/2026/09/20260908T143329Z-c06f5062ce8b.json.gz,1
fda.inspections.history,firm:3003287869,2011-07-15,2026-09-08T14:33:29Z,inspection_end,20110715,yyyymmdd,fda.inspections.history,raw/fda.inspections.history/2026/09/20260908T143329Z-c06f5062ce8b.json.gz,1
fda.inspections.history,firm:3003287869,2011-07-15,2026-09-08T14:33:29Z,is_foreign,1,bool,fda.inspections.history,raw/fda.inspections.history/2026/09/20260908T143329Z-c06f5062ce8b.json.gz,1
fda.inspections.history,firm:3003287869,2011-07-15,2026-09-08T14:33:29Z,is_oai,0,bool,fda.inspections.history,raw/fda.inspections.history/2026/09/20260908T143329Z-c06f5062ce8b.json.gz,1
fda.inspections.history,firm:3003287869,2011-07-15,2026-09-08T14:33:29Z,label,Purdue Pharma,,fda.inspections.history,raw/fda.inspections.history/2026/09/20260908T143329Z-c06f5062ce8b.json.gz,1
fda.inspections.history,firm:3003342277,2011-07-29,2026-09-08T14:33:29Z,classification,0,ordinal,fda.inspections.history,raw/fda.inspections.history/2026/09/20260908T143329Z-c06f5062ce8b.json.gz,1
fda.inspections.history,firm:3003342277,2011-07-29,2026-09-08T14:33:29Z,firm_key,MICHAEL D BANOV MD,,fda.inspections.history,raw/fda.inspections.history/2026/09/20260908T143329Z-c06f5062ce8b.json.gz,1
fda.inspections.history,firm:3003342277,2011-07-29,2026-09-08T14:33:29Z,inspected,1,count,fda.inspections.history,raw/fda.inspections.history/2026/09/20260908T143329Z-c06f5062ce8b.json.gz,1
fda.inspections.history,firm:3003342277,2011-07-29,2026-09-08T14:33:29Z,inspection_end,20110729,yyyymmdd,fda.inspections.history,raw/fda.inspections.history/2026/09/20260908T143329Z-c06f5062ce8b.json.gz,1
fda.inspections.history,firm:3003342277,2011-07-29,2026-09-08T14:33:29Z,is_foreign,0,bool,fda.inspections.history,raw/fda.inspections.history/2026/09/20260908T143329Z-c06f5062ce8b.json.gz,1
fda.inspections.history,firm:3003342277,2011-07-29,2026-09-08T14:33:29Z,is_oai,0,bool,fda.inspections.history,raw/fda.inspections.history/2026/09/20260908T143329Z-c06f5062ce8b.json.gz,1
fda.inspections.history,firm:3003342277,2011-07-29,2026-09-08T14:33:29Z,label,"Michael D. Banov, MD",,fda.inspections.history,raw/fda.inspections.history/2026/09/20260908T143329Z-c06f5062ce8b.json.gz,1
fda.inspections.history,firm:3003347310,2011-07-15,2026-09-08T14:33:29Z,classification,0,ordinal,fda.inspections.history,raw/fda.inspections.history/2026/09/20260908T143329Z-c06f5062ce8b.json.gz,1
fda.inspections.history,firm:3003347310,2011-07-15,2026-09-08T14:33:29Z,firm_key,EUMEDICA INDUSTRIES SOCIEDAD LIMITADA,,fda.inspections.history,raw/fda.inspections.history/2026/09/20260908T143329Z-c06f5062ce8b.json.gz,1
fda.inspections.history,firm:3003347310,2011-07-15,2026-09-08T14:33:29Z,inspected,1,count,fda.inspections.history,raw/fda.inspections.history/2026/09/20260908T143329Z-c06f5062ce8b.json.gz,1
fda.inspections.history,firm:3003347310,2011-07-15,2026-09-08T14:33:29Z,inspection_end,20110715,yyyymmdd,fda.inspections.history,raw/fda.inspections.history/2026/09/20260908T143329Z-c06f5062ce8b.json.gz,1
fda.inspections.history,firm:3003347310,2011-07-15,2026-09-08T14:33:29Z,is_foreign,1,bool,fda.inspections.history,raw/fda.inspections.history/2026/09/20260908T143329Z-c06f5062ce8b.json.gz,1
fda.inspections.history,firm:3003347310,2011-07-15,2026-09-08T14:33:29Z,is_oai,0,bool,fda.inspections.history,raw/fda.inspections.history/2026/09/20260908T143329Z-c06f5062ce8b.json.gz,1
fda.inspections.history,firm:3003347310,2011-07-15,2026-09-08T14:33:29Z,label,EUMEDICA PHARMACEUTICALS INDUSTRIES SOCIEDAD LIMITADA,,fda.inspections.history,raw/fda.inspections.history/2026/09/20260908T143329Z-c06f5062ce8b.json.gz,1
fda.inspections.history,firm:3003350319,2011-07-22,2026-09-08T14:33:29Z,classification,2,ordinal,fda.inspections.history,raw/fda.inspections.history/2026/09/20260908T143329Z-c06f5062ce8b.json.gz,1
fda.inspections.history,firm:3003350319,2011-07-22,2026-09-08T14:33:29Z,firm_key,RADNOSTIX,,fda.inspections.history,raw/fda.inspections.history/2026/09/20260908T143329Z-c06f5062ce8b.json.gz,1
fda.inspections.history,firm:3003350319,2011-07-22,2026-09-08T14:33:29Z,inspected,1,count,fda.inspections.history,raw/fda.inspections.history/2026/09/20260908T143329Z-c06f5062ce8b.json.gz,1
fda.inspections.history,firm:3003350319,2011-07-22,2026-09-08T14:33:29Z,inspection_end,20110722,yyyymmdd,fda.inspections.history,raw/fda.inspections.history/2026/09/20260908T143329Z-c06f5062ce8b.json.gz,1
fda.inspections.history,firm:3003350319,2011-07-22,2026-09-08T14:33:29Z,is_foreign,0,bool,fda.inspections.history,raw/fda.inspections.history/2026/09/20260908T143329Z-c06f5062ce8b.json.gz,1
fda.inspections.history,firm:3003350319,2011-07-22,2026-09-08T14:33:29Z,is_oai,1,bool,fda.inspections.history,raw/fda.inspections.history/2026/09/20260908T143329Z-c06f5062ce8b.json.gz,1
fda.inspections.history,firm:3003350319,2011-07-22,2026-09-08T14:33:29Z,label,Radnostix,,fda.inspections.history,raw/fda.inspections.history/2026/09/20260908T143329Z-c06f5062ce8b.json.gz,1
fda.inspections.history,firm:3003490781,2011-07-26,2026-09-08T14:33:29Z,classification,1,ordinal,fda.inspections.history,raw/fda.inspections.history/2026/09/20260908T143329Z-c06f5062ce8b.json.gz,1
fda.inspections.history,firm:3003490781,2011-07-26,2026-09-08T14:33:29Z,firm_key,COSMOCEUTICAL RESEARCH CENTER,,fda.inspections.history,raw/fda.inspections.history/2026/09/20260908T143329Z-c06f5062ce8b.json.gz,1
fda.inspections.history,firm:3003490781,2011-07-26,2026-09-08T14:33:29Z,inspected,1,count,fda.inspections.history,raw/fda.inspections.history/2026/09/20260908T143329Z-c06f5062ce8b.json.gz,1
fda.inspections.history,firm:3003490781,2011-07-26,2026-09-08T14:33:29Z,inspection_end,20110726,yyyymmdd,fda.inspections.history,raw/fda.inspections.history/2026/09/20260908T143329Z-c06f5062ce8b.json.gz,1
fda.inspections.history,firm:3003490781,2011-07-26,2026-09-08T14:33:29Z,is_foreign,0,bool,fda.inspections.history,raw/fda.inspections.history/2026/09/20260908T143329Z-c06f5062ce8b.json.gz,1
fda.inspections.history,firm:3003490781,2011-07-26,2026-09-08T14:33:29Z,is_oai,0,bool,fda.inspections.history,raw/fda.inspections.history/2026/09/20260908T143329Z-c06f5062ce8b.json.gz,1
fda.inspections.history,firm:3003490781,2011-07-26,2026-09-08T14:33:29Z,label,"Cosmoceutical Research Center, Inc.",,fda.inspections.history,raw/fda.inspections.history/2026/09/20260908T143329Z-c06f5062ce8b.json.gz,1
fda.inspections.history,firm:3003498827,2011-07-21,2026-09-08T14:33:29Z,classification,1,ordinal,fda.inspections.history,raw/fda.inspections.history/2026/09/20260908T143329Z-c06f5062ce8b.json.gz,1
fda.inspections.history,firm:3003498827,2011-07-21,2026-09-08T14:33:29Z,firm_key,JANSSEN DBA ACTELION,,fda.inspections.history,raw/fda.inspections.history/2026/09/20260908T143329Z-c06f5062ce8b.json.gz,1
fda.inspections.history,firm:3003498827,2011-07-21,2026-09-08T14:33:29Z,inspected,1,count,fda.inspections.history,raw/fda.inspections.history/2026/09/20260908T143329Z-c06f5062ce8b.json.gz,1
fda.inspections.history,firm:3003498827,2011-07-21,2026-09-08T14:33:29Z,inspection_end,20110721,yyyymmdd,fda.inspections.history,raw/fda.inspections.history/2026/09/20260908T143329Z-c06f5062ce8b.json.gz,1
fda.inspections.history,firm:3003498827,2011-07-21,2026-09-08T14:33:29Z,is_foreign,0,bool,fda.inspections.history,raw/fda.inspections.history/2026/09/20260908T143329Z-c06f5062ce8b.json.gz,1
fda.inspections.history,firm:3003498827,2011-07-21,2026-09-08T14:33:29Z,is_oai,0,bool,fda.inspections.history,raw/fda.inspections.history/2026/09/20260908T143329Z-c06f5062ce8b.json.gz,1
fda.inspections.history,firm:3003498827,2011-07-21,2026-09-08T14:33:29Z,label,"Janssen Pharmaceuticals, dba Actelion Pharmaceutical",,fda.inspections.history,raw/fda.inspections.history/2026/09/20260908T143329Z-c06f5062ce8b.json.gz,1
fda.inspections.history,firm:3003511617,2011-07-01,2026-09-08T14:33:29Z,classification,1,ordinal,fda.inspections.history,raw/fda.inspections.history/2026/09/20260908T143329Z-c06f5062ce8b.json.gz,1
fda.inspections.history,firm:3003511617,2011-07-01,2026-09-08T14:33:29Z,firm_key,A I G TECHNOLOGIES,,fda.inspections.history,raw/fda.inspections.history/2026/09/20260908T143329Z-c06f5062ce8b.json.gz,1
fda.inspections.history,firm:3003511617,2011-07-01,2026-09-08T14:33:29Z,inspected,1,count,fda.inspections.history,raw/fda.inspections.history/2026/09/20260908T143329Z-c06f5062ce8b.json.gz,1
fda.inspections.history,firm:3003511617,2011-07-01,2026-09-08T14:33:29Z,inspection_end,20110701,yyyymmdd,fda.inspections.history,raw/fda.inspections.history/2026/09/20260908T143329Z-c06f5062ce8b.json.gz,1
fda.inspections.history,firm:3003511617,2011-07-01,2026-09-08T14:33:29Z,is_foreign,0,bool,fda.inspections.history,raw/fda.inspections.history/2026/09/20260908T143329Z-c06f5062ce8b.json.gz,1
fda.inspections.history,firm:3003511617,2011-07-01,2026-09-08T14:33:29Z,is_oai,0,bool,fda.inspections.history,raw/fda.inspections.history/2026/09/20260908T143329Z-c06f5062ce8b.json.gz,1
fda.inspections.history,firm:3003511617,2011-07-01,2026-09-08T14:33:29Z,label,A.I.G Technologies Inc.,,fda.inspections.history,raw/fda.inspections.history/2026/09/20260908T143329Z-c06f5062ce8b.json.gz,1
fda.inspections.history,firm:3003516812,2011-07-07,2026-09-08T14:33:29Z,classification,0,ordinal,fda.inspections.history,raw/fda.inspections.history/2026/09/20260908T143329Z-c06f5062ce8b.json.gz,1
fda.inspections.history,firm:3003516812,2011-07-07,2026-09-08T14:33:29Z,firm_key,PATHEON,,fda.inspections.history,raw/fda.inspections.history/2026/09/20260908T143329Z-c06f5062ce8b.json.gz,1
fda.inspections.history,firm:3003516812,2011-07-07,2026-09-08T14:33:29Z,inspected,1,count,fda.inspections.history,raw/fda.inspections.history/2026/09/20260908T143329Z-c06f5062ce8b.json.gz,1
fda.inspections.history,firm:3003516812,2011-07-07,2026-09-08T14:33:29Z,inspection_end,20110707,yyyymmdd,fda.inspections.history,raw/fda.inspections.history/2026/09/20260908T143329Z-c06f5062ce8b.json.gz,1
fda.inspections.history,firm:3003516812,2011-07-07,2026-09-08T14:33:29Z,is_foreign,1,bool,fda.inspections.history,raw/fda.inspections.history/2026/09/20260908T143329Z-c06f5062ce8b.json.gz,1
fda.inspections.history,firm:3003516812,2011-07-07,2026-09-08T14:33:29Z,is_oai,0,bool,fda.inspections.history,raw/fda.inspections.history/2026/09/20260908T143329Z-c06f5062ce8b.json.gz,1
fda.inspections.history,firm:3003516812,2011-07-07,2026-09-08T14:33:29Z,label,Patheon Inc.,,fda.inspections.history,raw/fda.inspections.history/2026/09/20260908T143329Z-c06f5062ce8b.json.gz,1
fda.inspections.history,firm:3003535240,2011-07-27,2026-09-08T14:33:29Z,classification,0,ordinal,fda.inspections.history,raw/fda.inspections.history/2026/09/20260908T143329Z-c06f5062ce8b.json.gz,1
fda.inspections.history,firm:3003535240,2011-07-27,2026-09-08T14:33:29Z,firm_key,WEST COAST COSMETICS,,fda.inspections.history,raw/fda.inspections.history/2026/09/20260908T143329Z-c06f5062ce8b.json.gz,1
fda.inspections.history,firm:3003535240,2011-07-27,2026-09-08T14:33:29Z,inspected,1,count,fda.inspections.history,raw/fda.inspections.history/2026/09/20260908T143329Z-c06f5062ce8b.json.gz,1
fda.inspections.history,firm:3003535240,2011-07-27,2026-09-08T14:33:29Z,inspection_end,20110727,yyyymmdd,fda.inspections.history,raw/fda.inspections.history/2026/09/20260908T143329Z-c06f5062ce8b.json.gz,1
fda.inspections.history,firm:3003535240,2011-07-27,2026-09-08T14:33:29Z,is_foreign,0,bool,fda.inspections.history,raw/fda.inspections.history/2026/09/20260908T143329Z-c06f5062ce8b.json.gz,1
fda.inspections.history,firm:3003535240,2011-07-27,2026-09-08T14:33:29Z,is_oai,0,bool,fda.inspections.history,raw/fda.inspections.history/2026/09/20260908T143329Z-c06f5062ce8b.json.gz,1
fda.inspections.history,firm:3003535240,2011-07-27,2026-09-08T14:33:29Z,label,West Coast Cosmetics Inc,,fda.inspections.history,raw/fda.inspections.history/2026/09/20260908T143329Z-c06f5062ce8b.json.gz,1
fda.inspections.history,firm:3003536877,2011-07-29,2026-09-08T14:33:29Z,classification,1,ordinal,fda.inspections.history,raw/fda.inspections.history/2026/09/20260908T143329Z-c06f5062ce8b.json.gz,1
fda.inspections.history,firm:3003536877,2011-07-29,2026-09-08T14:33:29Z,firm_key,REVELA FOODS LITCHFIELD,,fda.inspections.history,raw/fda.inspections.history/2026/09/20260908T143329Z-c06f5062ce8b.json.gz,1
fda.inspections.history,firm:3003536877,2011-07-29,2026-09-08T14:33:29Z,inspected,1,count,fda.inspections.history,raw/fda.inspections.history/2026/09/20260908T143329Z-c06f5062ce8b.json.gz,1
fda.inspections.history,firm:3003536877,2011-07-29,2026-09-08T14:33:29Z,inspection_end,20110729,yyyymmdd,fda.inspections.history,raw/fda.inspections.history/2026/09/20260908T143329Z-c06f5062ce8b.json.gz,1
fda.inspections.history,firm:3003536877,2011-07-29,2026-09-08T14:33:29Z,is_foreign,0,bool,fda.inspections.history,raw/fda.inspections.history/2026/09/20260908T143329Z-c06f5062ce8b.json.gz,1
fda.inspections.history,firm:3003536877,2011-07-29,2026-09-08T14:33:29Z,is_oai,0,bool,fda.inspections.history,raw/fda.inspections.history/2026/09/20260908T143329Z-c06f5062ce8b.json.gz,1
fda.inspections.history,firm:3003536877,2011-07-29,2026-09-08T14:33:29Z,label,"Revela Foods-Litchfield, LLC",,fda.inspections.history,raw/fda.inspections.history/2026/09/20260908T143329Z-c06f5062ce8b.json.gz,1
fda.inspections.history,firm:3003562118,2011-07-15,2026-09-08T14:33:29Z,classification,2,ordinal,fda.inspections.history,raw/fda.inspections.history/2026/09/20260908T143329Z-c06f5062ce8b.json.gz,1
fda.inspections.history,firm:3003562118,2011-07-15,2026-09-08T14:33:29Z,firm_key,ERCROS S A,,fda.inspections.history,raw/fda.inspections.history/2026/09/20260908T143329Z-c06f5062ce8b.json.gz,1
fda.inspections.history,firm:3003562118,2011-07-15,2026-09-08T14:33:29Z,inspected,1,count,fda.inspections.history,raw/fda.inspections.history/2026/09/20260908T143329Z-c06f5062ce8b.json.gz,1
fda.inspections.history,firm:3003562118,2011-07-15,2026-09-08T14:33:29Z,inspection_end,20110715,yyyymmdd,fda.inspections.history,raw/fda.inspections.history/2026/09/20260908T143329Z-c06f5062ce8b.json.gz,1
fda.inspections.history,firm:3003562118,2011-07-15,2026-09-08T14:33:29Z,is_foreign,1,bool,fda.inspections.history,raw/fda.inspections.history/2026/09/20260908T143329Z-c06f5062ce8b.json.gz,1
fda.inspections.history,firm:3003562118,2011-07-15,2026-09-08T14:33:29Z,is_oai,1,bool,fda.inspections.history,raw/fda.inspections.history/2026/09/20260908T143329Z-c06f5062ce8b.json.gz,1
fda.inspections.history,firm:3003562118,2011-07-15,2026-09-08T14:33:29Z,label,Ercros S.A.,,fda.inspections.history,raw/fda.inspections.history/2026/09/20260908T143329Z-c06f5062ce8b.json.gz,1
fda.inspections.history,firm:3003662818,2011-07-07,2026-09-08T14:33:29Z,classification,0,ordinal,fda.inspections.history,raw/fda.inspections.history/2026/09/20260908T143329Z-c06f5062ce8b.json.gz,1
fda.inspections.history,firm:3003662818,2011-07-07,2026-09-08T14:33:29Z,firm_key,CHANGZHOU SUNLIGHT,,fda.inspections.history,raw/fda.inspections.history/2026/09/20260908T143329Z-c06f5062ce8b.json.gz,1
fda.inspections.history,firm:3003662818,2011-07-07,2026-09-08T14:33:29Z,inspected,1,count,fda.inspections.history,raw/fda.inspections.history/2026/09/20260908T143329Z-c06f5062ce8b.json.gz,1
fda.inspections.history,firm:3003662818,2011-07-07,2026-09-08T14:33:29Z,inspection_end,20110707,yyyymmdd,fda.inspections.history,raw/fda.inspections.history/2026/09/20260908T143329Z-c06f5062ce8b.json.gz,1
fda.inspections.history,firm:3003662818,2011-07-07,2026-09-08T14:33:29Z,is_foreign,1,bool,fda.inspections.history,raw/fda.inspections.history/2026/09/20260908T143329Z-c06f5062ce8b.json.gz,1
fda.inspections.history,firm:3003662818,2011-07-07,2026-09-08T14:33:29Z,is_oai,0,bool,fda.inspections.history,raw/fda.inspections.history/2026/09/20260908T143329Z-c06f5062ce8b.json.gz,1
fda.inspections.history,firm:3003662818,2011-07-07,2026-09-08T14:33:29Z,label,"Changzhou Sunlight Pharmaceutical Co., Ltd.",,fda.inspections.history,raw/fda.inspections.history/2026/09/20260908T143329Z-c06f5062ce8b.json.gz,1
fda.inspections.history,firm:3003663256,2011-07-21,2026-09-08T14:33:29Z,classification,1,ordinal,fda.inspections.history,raw/fda.inspections.history/2026/09/20260908T143329Z-c06f5062ce8b.json.gz,1
fda.inspections.history,firm:3003663256,2011-07-21,2026-09-08T14:33:29Z,firm_key,ZHEJIANG XIANJU YANGFU API,,fda.inspections.history,raw/fda.inspections.history/2026/09/20260908T143329Z-c06f5062ce8b.json.gz,1
fda.inspections.history,firm:3003663256,2011-07-21,2026-09-08T14:33:29Z,inspected,1,count,fda.inspections.history,raw/fda.inspections.history/2026/09/20260908T143329Z-c06f5062ce8b.json.gz,1
fda.inspections.history,firm:3003663256,2011-07-21,2026-09-08T14:33:29Z,inspection_end,20110721,yyyymmdd,fda.inspections.history,raw/fda.inspections.history/2026/09/20260908T143329Z-c06f5062ce8b.json.gz,1
fda.inspections.history,firm:3003663256,2011-07-21,2026-09-08T14:33:29Z,is_foreign,1,bool,fda.inspections.history,raw/fda.inspections.history/2026/09/20260908T143329Z-c06f5062ce8b.json.gz,1
fda.inspections.history,firm:3003663256,2011-07-21,2026-09-08T14:33:29Z,is_oai,0,bool,fda.inspections.history,raw/fda.inspections.history/2026/09/20260908T143329Z-c06f5062ce8b.json.gz,1
fda.inspections.history,firm:3003663256,2011-07-21,2026-09-08T14:33:29Z,label,"Zhejiang Xianju Pharmaceutical Co., Ltd. (Yangfu API).",,fda.inspections.history,raw/fda.inspections.history/2026/09/20260908T143329Z-c06f5062ce8b.json.gz,1
fda.inspections.history,firm:3003688035,2011-07-28,2026-09-08T14:33:29Z,classification,1,ordinal,fda.inspections.history,raw/fda.inspections.history/2026/09/20260908T143329Z-c06f5062ce8b.json.gz,1
fda.inspections.history,firm:3003688035,2011-07-28,2026-09-08T14:33:29Z,firm_key,ROLABO OUTSOURCING SL,,fda.inspections.history,raw/fda.inspections.history/2026/09/20260908T143329Z-c06f5062ce8b.json.gz,1
fda.inspections.history,firm:3003688035,2011-07-28,2026-09-08T14:33:29Z,inspected,1,count,fda.inspections.history,raw/fda.inspections.history/2026/09/20260908T143329Z-c06f5062ce8b.json.gz,1
fda.inspections.history,firm:3003688035,2011-07-28,2026-09-08T14:33:29Z,inspection_end,20110728,yyyymmdd,fda.inspections.history,raw/fda.inspections.history/2026/09/20260908T143329Z-c06f5062ce8b.json.gz,1
fda.inspections.history,firm:3003688035,2011-07-28,2026-09-08T14:33:29Z,is_foreign,1,bool,fda.inspections.history,raw/fda.inspections.history/2026/09/20260908T143329Z-c06f5062ce8b.json.gz,1
fda.inspections.history,firm:3003688035,2011-07-28,2026-09-08T14:33:29Z,is_oai,0,bool,fda.inspections.history,raw/fda.inspections.history/2026/09/20260908T143329Z-c06f5062ce8b.json.gz,1
fda.inspections.history,firm:3003688035,2011-07-28,2026-09-08T14:33:29Z,label,Rolabo  Outsourcing SL,,fda.inspections.history,raw/fda.inspections.history/2026/09/20260908T143329Z-c06f5062ce8b.json.gz,1
fda.inspections.history,firm:3003693370,2011-07-08,2026-09-08T14:33:29Z,classification,0,ordinal,fda.inspections.history,raw/fda.inspections.history/2026/09/20260908T143329Z-c06f5062ce8b.json.gz,1
fda.inspections.history,firm:3003693370,2011-07-08,2026-09-08T14:33:29Z,firm_key,OAKWOOD,,fda.inspections.history,raw/fda.inspections.history/2026/09/20260908T143329Z-c06f5062ce8b.json.gz,1
fda.inspections.history,firm:3003693370,2011-07-08,2026-09-08T14:33:29Z,inspected,1,count,fda.inspections.history,raw/fda.inspections.history/2026/09/20260908T143329Z-c06f5062ce8b.json.gz,1
fda.inspections.history,firm:3003693370,2011-07-08,2026-09-08T14:33:29Z,inspection_end,20110708,yyyymmdd,fda.inspections.history,raw/fda.inspections.history/2026/09/20260908T143329Z-c06f5062ce8b.json.gz,1
fda.inspections.history,firm:3003693370,2011-07-08,2026-09-08T14:33:29Z,is_foreign,0,bool,fda.inspections.history,raw/fda.inspections.history/2026/09/20260908T143329Z-c06f5062ce8b.json.gz,1
fda.inspections.history,firm:3003693370,2011-07-08,2026-09-08T14:33:29Z,is_oai,0,bool,fda.inspections.history,raw/fda.inspections.history/2026/09/20260908T143329Z-c06f5062ce8b.json.gz,1
fda.inspections.history,firm:3003693370,2011-07-08,2026-09-08T14:33:29Z,label,Oakwood Laboratories LLC,,fda.inspections.history,raw/fda.inspections.history/2026/09/20260908T143329Z-c06f5062ce8b.json.gz,1
fda.inspections.history,firm:3003747592,2011-07-16,2026-09-08T14:33:29Z,classification,2,ordinal,fda.inspections.history,raw/fda.inspections.history/2026/09/20260908T143329Z-c06f5062ce8b.json.gz,1
fda.inspections.history,firm:3003747592,2011-07-16,2026-09-08T14:33:29Z,firm_key,XYLO CHEM INDUSTRIES,,fda.inspections.history,raw/fda.inspections.history/2026/09/20260908T143329Z-c06f5062ce8b.json.gz,1
fda.inspections.history,firm:3003747592,2011-07-16,2026-09-08T14:33:29Z,inspected,1,count,fda.inspections.history,raw/fda.inspections.history/2026/09/20260908T143329Z-c06f5062ce8b.json.gz,1
fda.inspections.history,firm:3003747592,2011-07-16,2026-09-08T14:33:29Z,inspection_end,20110716,yyyymmdd,fda.inspections.history,raw/fda.inspections.history/2026/09/20260908T143329Z-c06f5062ce8b.json.gz,1
fda.inspections.history,firm:3003747592,2011-07-16,2026-09-08T14:33:29Z,is_foreign,1,bool,fda.inspections.history,raw/fda.inspections.history/2026/09/20260908T143329Z-c06f5062ce8b.json.gz,1
fda.inspections.history,firm:3003747592,2011-07-16,2026-09-08T14:33:29Z,is_oai,1,bool,fda.inspections.history,raw/fda.inspections.history/2026/09/20260908T143329Z-c06f5062ce8b.json.gz,1
fda.inspections.history,firm:3003747592,2011-07-16,2026-09-08T14:33:29Z,label,Xylo Chem Industries,,fda.inspections.history,raw/fda.inspections.history/2026/09/20260908T143329Z-c06f5062ce8b.json.gz,1
fda.inspections.history,firm:3003909356,2011-07-01,2026-09-08T14:33:29Z,classification,0,ordinal,fda.inspections.history,raw/fda.inspections.history/2026/09/20260908T143329Z-c06f5062ce8b.json.gz,1
fda.inspections.history,firm:3003909356,2011-07-01,2026-09-08T14:33:29Z,firm_key,UCB S A,,fda.inspections.history,raw/fda.inspections.history/2026/09/20260908T143329Z-c06f5062ce8b.json.gz,1
fda.inspections.history,firm:3003909356,2011-07-01,2026-09-08T14:33:29Z,inspected,1,count,fda.inspections.history,raw/fda.inspections.history/2026/09/20260908T143329Z-c06f5062ce8b.json.gz,1
fda.inspections.history,firm:3003909356,2011-07-01,2026-09-08T14:33:29Z,inspection_end,20110701,yyyymmdd,fda.inspections.history,raw/fda.inspections.history/2026/09/20260908T143329Z-c06f5062ce8b.json.gz,1
fda.inspections.history,firm:3003909356,2011-07-01,2026-09-08T14:33:29Z,is_foreign,1,bool,fda.inspections.history,raw/fda.inspections.history/2026/09/20260908T143329Z-c06f5062ce8b.json.gz,1
fda.inspections.history,firm:3003909356,2011-07-01,2026-09-08T14:33:29Z,is_oai,0,bool,fda.inspections.history,raw/fda.inspections.history/2026/09/20260908T143329Z-c06f5062ce8b.json.gz,1
fda.inspections.history,firm:3003909356,2011-07-01,2026-09-08T14:33:29Z,label,UCB Pharma S.A.,,fda.inspections.history,raw/fda.inspections.history/2026/09/20260908T143329Z-c06f5062ce8b.json.gz,1
fda.inspections.history,firm:3003937576,2011-07-18,2026-09-08T14:33:29Z,classification,0,ordinal,fda.inspections.history,raw/fda.inspections.history/2026/09/20260908T143329Z-c06f5062ce8b.json.gz,1
fda.inspections.history,firm:3003937576,2011-07-18,2026-09-08T14:33:29Z,firm_key,HERBAL PROMISE,,fda.inspections.history,raw/fda.inspections.history/2026/09/20260908T143329Z-c06f5062ce8b.json.gz,1
fda.inspections.history,firm:3003937576,2011-07-18,2026-09-08T14:33:29Z,inspected,1,count,fda.inspections.history,raw/fda.inspections.history/2026/09/20260908T143329Z-c06f5062ce8b.json.gz,1
fda.inspections.history,firm:3003937576,2011-07-18,2026-09-08T14:33:29Z,inspection_end,20110718,yyyymmdd,fda.inspections.history,raw/fda.inspections.history/2026/09/20260908T143329Z-c06f5062ce8b.json.gz,1
fda.inspections.history,firm:3003937576,2011-07-18,2026-09-08T14:33:29Z,is_foreign,0,bool,fda.inspections.history,raw/fda.inspections.history/2026/09/20260908T143329Z-c06f5062ce8b.json.gz,1
fda.inspections.history,firm:3003937576,2011-07-18,2026-09-08T14:33:29Z,is_oai,0,bool,fda.inspections.history,raw/fda.inspections.history/2026/09/20260908T143329Z-c06f5062ce8b.json.gz,1
fda.inspections.history,firm:3003937576,2011-07-18,2026-09-08T14:33:29Z,label,Herbal Promise Llc,,fda.inspections.history,raw/fda.inspections.history/2026/09/20260908T143329Z-c06f5062ce8b.json.gz,1
fda.inspections.history,firm:3003955453,2011-07-21,2026-09-08T14:33:29Z,classification,0,ordinal,fda.inspections.history,raw/fda.inspections.history/2026/09/20260908T143329Z-c06f5062ce8b.json.gz,1
fda.inspections.history,firm:3003955453,2011-07-21,2026-09-08T14:33:29Z,firm_key,PMC ISOCHEM,,fda.inspections.history,raw/fda.inspections.history/2026/09/20260908T143329Z-c06f5062ce8b.json.gz,1
fda.inspections.history,firm:3003955453,2011-07-21,2026-09-08T14:33:29Z,inspected,1,count,fda.inspections.history,raw/fda.inspections.history/2026/09/20260908T143329Z-c06f5062ce8b.json.gz,1
fda.inspections.history,firm:3003955453,2011-07-21,2026-09-08T14:33:29Z,inspection_end,20110721,yyyymmdd,fda.inspections.history,raw/fda.inspections.history/2026/09/20260908T143329Z-c06f5062ce8b.json.gz,1
fda.inspections.history,firm:3003955453,2011-07-21,2026-09-08T14:33:29Z,is_foreign,1,bool,fda.inspections.history,raw/fda.inspections.history/2026/09/20260908T143329Z-c06f5062ce8b.json.gz,1
fda.inspections.history,firm:3003955453,2011-07-21,2026-09-08T14:33:29Z,is_oai,0,bool,fda.inspections.history,raw/fda.inspections.history/2026/09/20260908T143329Z-c06f5062ce8b.json.gz,1
fda.inspections.history,firm:3003955453,2011-07-21,2026-09-08T14:33:29Z,label,PMC Isochem,,fda.inspections.history,raw/fda.inspections.history/2026/09/20260908T143329Z-c06f5062ce8b.json.gz,1
fda.inspections.history,firm:3003973536,2011-07-29,2026-09-08T14:33:29Z,classification,0,ordinal,fda.inspections.history,raw/fda.inspections.history/2026/09/20260908T143329Z-c06f5062ce8b.json.gz,1
fda.inspections.history,firm:3003973536,2011-07-29,2026-09-08T14:33:29Z,firm_key,F HOFFMANN LA ROCHE,,fda.inspections.history,raw/fda.inspections.history/2026/09/20260908T143329Z-c06f5062ce8b.json.gz,1
fda.inspections.history,firm:3003973536,2011-07-29,2026-09-08T14:33:29Z,inspected,1,count,fda.inspections.history,raw/fda.inspections.history/2026/09/20260908T143329Z-c06f5062ce8b.json.gz,1
fda.inspections.history,firm:3003973536,2011-07-29,2026-09-08T14:33:29Z,inspection_end,20110729,yyyymmdd,fda.inspections.history,raw/fda.inspections.history/2026/09/20260908T143329Z-c06f5062ce8b.json.gz,1
fda.inspections.history,firm:3003973536,2011-07-29,2026-09-08T14:33:29Z,is_foreign,1,bool,fda.inspections.history,raw/fda.inspections.history/2026/09/20260908T143329Z-c06f5062ce8b.json.gz,1
fda.inspections.history,firm:3003973536,2011-07-29,2026-09-08T14:33:29Z,is_oai,0,bool,fda.inspections.history,raw/fda.inspections.history/2026/09/20260908T143329Z-c06f5062ce8b.json.gz,1
fda.inspections.history,firm:3003973536,2011-07-29,2026-09-08T14:33:29Z,label,F. Hoffmann - La Roche Ltd.,,fda.inspections.history,raw/fda.inspections.history/2026/09/20260908T143329Z-c06f5062ce8b.json.gz,1
fda.inspections.history,firm:3004110058,2011-07-21,2026-09-08T14:33:29Z,classification,0,ordinal,fda.inspections.history,raw/fda.inspections.history/2026/09/20260908T143329Z-c06f5062ce8b.json.gz,1
fda.inspections.history,firm:3004110058,2011-07-21,2026-09-08T14:33:29Z,firm_key,ALLOS THERAPEUTICS,,fda.inspections.history,raw/fda.inspections.history/2026/09/20260908T143329Z-c06f5062ce8b.json.gz,1
fda.inspections.history,firm:3004110058,2011-07-21,2026-09-08T14:33:29Z,inspected,1,count,fda.inspections.history,raw/fda.inspections.history/2026/09/20260908T143329Z-c06f5062ce8b.json.gz,1
fda.inspections.history,firm:3004110058,2011-07-21,2026-09-08T14:33:29Z,inspection_end,20110721,yyyymmdd,fda.inspections.history,raw/fda.inspections.history/2026/09/20260908T143329Z-c06f5062ce8b.json.gz,1
fda.inspections.history,firm:3004110058,2011-07-21,2026-09-08T14:33:29Z,is_foreign,0,bool,fda.inspections.history,raw/fda.inspections.history/2026/09/20260908T143329Z-c06f5062ce8b.json.gz,1
fda.inspections.history,firm:3004110058,2011-07-21,2026-09-08T14:33:29Z,is_oai,0,bool,fda.inspections.history,raw/fda.inspections.history/2026/09/20260908T143329Z-c06f5062ce8b.json.gz,1
fda.inspections.history,firm:3004110058,2011-07-21,2026-09-08T14:33:29Z,label,"Allos Therapeutics, Inc.",,fda.inspections.history,raw/fda.inspections.history/2026/09/20260908T143329Z-c06f5062ce8b.json.gz,1
fda.inspections.history,firm:3004261627,2011-07-01,2026-09-08T14:33:29Z,classification,0,ordinal,fda.inspections.history,raw/fda.inspections.history/2026/09/20260908T143329Z-c06f5062ce8b.json.gz,1
fda.inspections.history,firm:3004261627,2011-07-01,2026-09-08T14:33:29Z,firm_key,ANQIU LU AN,,fda.inspections.history,raw/fda.inspections.history/2026/09/20260908T143329Z-c06f5062ce8b.json.gz,1
fda.inspections.history,firm:3004261627,2011-07-01,2026-09-08T14:33:29Z,inspected,1,count,fda.inspections.history,raw/fda.inspections.history/2026/09/20260908T143329Z-c06f5062ce8b.json.gz,1
fda.inspections.history,firm:3004261627,2011-07-01,2026-09-08T14:33:29Z,inspection_end,20110701,yyyymmdd,fda.inspections.history,raw/fda.inspections.history/2026/09/20260908T143329Z-c06f5062ce8b.json.gz,1
fda.inspections.history,firm:3004261627,2011-07-01,2026-09-08T14:33:29Z,is_foreign,1,bool,fda.inspections.history,raw/fda.inspections.history/2026/09/20260908T143329Z-c06f5062ce8b.json.gz,1
fda.inspections.history,firm:3004261627,2011-07-01,2026-09-08T14:33:29Z,is_oai,0,bool,fda.inspections.history,raw/fda.inspections.history/2026/09/20260908T143329Z-c06f5062ce8b.json.gz,1
fda.inspections.history,firm:3004261627,2011-07-01,2026-09-08T14:33:29Z,label,"Anqiu Lu'an Pharmaceutical Co., Ltd.",,fda.inspections.history,raw/fda.inspections.history/2026/09/20260908T143329Z-c06f5062ce8b.json.gz,1
fda.inspections.history,firm:3004262443,2011-07-21,2026-09-08T14:33:29Z,classification,1,ordinal,fda.inspections.history,raw/fda.inspections.history/2026/09/20260908T143329Z-c06f5062ce8b.json.gz,1
fda.inspections.history,firm:3004262443,2011-07-21,2026-09-08T14:33:29Z,firm_key,ARCET EQUIPMENT,,fda.inspections.history,raw/fda.inspections.history/2026/09/20260908T143329Z-c06f5062ce8b.json.gz,1
fda.inspections.history,firm:3004262443,2011-07-21,2026-09-08T14:33:29Z,inspected,1,count,fda.inspections.history,raw/fda.inspections.history/2026/09/20260908T143329Z-c06f5062ce8b.json.gz,1
fda.inspections.history,firm:3004262443,2011-07-21,2026-09-08T14:33:29Z,inspection_end,20110721,yyyymmdd,fda.inspections.history,raw/fda.inspections.history/2026/09/20260908T143329Z-c06f5062ce8b.json.gz,1
fda.inspections.history,firm:3004262443,2011-07-21,2026-09-08T14:33:29Z,is_foreign,0,bool,fda.inspections.history,raw/fda.inspections.history/2026/09/20260908T143329Z-c06f5062ce8b.json.gz,1
fda.inspections.history,firm:3004262443,2011-07-21,2026-09-08T14:33:29Z,is_oai,0,bool,fda.inspections.history,raw/fda.inspections.history/2026/09/20260908T143329Z-c06f5062ce8b.json.gz,1
fda.inspections.history,firm:3004262443,2011-07-21,2026-09-08T14:33:29Z,label,Arcet Equipment Company,,fda.inspections.history,raw/fda.inspections.history/2026/09/20260908T143329Z-c06f5062ce8b.json.gz,1
fda.inspections.history,firm:3004319268,2011-07-20,2026-09-08T14:33:29Z,classification,0,ordinal,fda.inspections.history,raw/fda.inspections.history/2026/09/20260908T143329Z-c06f5062ce8b.json.gz,1
fda.inspections.history,firm:3004319268,2011-07-20,2026-09-08T14:33:29Z,firm_key,IMCD PUERTO RICO,,fda.inspections.history,raw/fda.inspections.history/2026/09/20260908T143329Z-c06f5062ce8b.json.gz,1
fda.inspections.history,firm:3004319268,2011-07-20,2026-09-08T14:33:29Z,inspected,1,count,fda.inspections.history,raw/fda.inspections.history/2026/09/20260908T143329Z-c06f5062ce8b.json.gz,1
fda.inspections.history,firm:3004319268,2011-07-20,2026-09-08T14:33:29Z,inspection_end,20110720,yyyymmdd,fda.inspections.history,raw/fda.inspections.history/2026/09/20260908T143329Z-c06f5062ce8b.json.gz,1
fda.inspections.history,firm:3004319268,2011-07-20,2026-09-08T14:33:29Z,is_foreign,0,bool,fda.inspections.history,raw/fda.inspections.history/2026/09/20260908T143329Z-c06f5062ce8b.json.gz,1
fda.inspections.history,firm:3004319268,2011-07-20,2026-09-08T14:33:29Z,is_oai,0,bool,fda.inspections.history,raw/fda.inspections.history/2026/09/20260908T143329Z-c06f5062ce8b.json.gz,1
fda.inspections.history,firm:3004319268,2011-07-20,2026-09-08T14:33:29Z,label,"IMCD Puerto Rico, Inc.",,fda.inspections.history,raw/fda.inspections.history/2026/09/20260908T143329Z-c06f5062ce8b.json.gz,1
fda.inspections.history,firm:3004369363,2011-07-27,2026-09-08T14:33:29Z,classification,0,ordinal,fda.inspections.history,raw/fda.inspections.history/2026/09/20260908T143329Z-c06f5062ce8b.json.gz,1
fda.inspections.history,firm:3004369363,2011-07-27,2026-09-08T14:33:29Z,firm_key,MERCK CIE,,fda.inspections.history,raw/fda.inspections.history/2026/09/20260908T143329Z-c06f5062ce8b.json.gz,1
fda.inspections.history,firm:3004369363,2011-07-27,2026-09-08T14:33:29Z,inspected,1,count,fda.inspections.history,raw/fda.inspections.history/2026/09/20260908T143329Z-c06f5062ce8b.json.gz,1
fda.inspections.history,firm:3004369363,2011-07-27,2026-09-08T14:33:29Z,inspection_end,20110727,yyyymmdd,fda.inspections.history,raw/fda.inspections.history/2026/09/20260908T143329Z-c06f5062ce8b.json.gz,1
fda.inspections.history,firm:3004369363,2011-07-27,2026-09-08T14:33:29Z,is_foreign,1,bool,fda.inspections.history,raw/fda.inspections.history/2026/09/20260908T143329Z-c06f5062ce8b.json.gz,1
fda.inspections.history,firm:3004369363,2011-07-27,2026-09-08T14:33:29Z,is_oai,0,bool,fda.inspections.history,raw/fda.inspections.history/2026/09/20260908T143329Z-c06f5062ce8b.json.gz,1
fda.inspections.history,firm:3004369363,2011-07-27,2026-09-08T14:33:29Z,label,Merck & Cie,,fda.inspections.history,raw/fda.inspections.history/2026/09/20260908T143329Z-c06f5062ce8b.json.gz,1
fda.inspections.history,firm:3004499992,2011-07-21,2026-09-08T14:33:29Z,classification,1,ordinal,fda.inspections.history,raw/fda.inspections.history/2026/09/20260908T143329Z-c06f5062ce8b.json.gz,1
fda.inspections.history,firm:3004499992,2011-07-21,2026-09-08T14:33:29Z,firm_key,DECHRA,,fda.inspections.history,raw/fda.inspections.history/2026/09/20260908T143329Z-c06f5062ce8b.json.gz,1
fda.inspections.history,firm:3004499992,2011-07-21,2026-09-08T14:33:29Z,inspected,1,count,fda.inspections.history,raw/fda.inspections.history/2026/09/20260908T143329Z-c06f5062ce8b.json.gz,1
fda.inspections.history,firm:3004499992,2011-07-21,2026-09-08T14:33:29Z,inspection_end,20110721,yyyymmdd,fda.inspections.history,raw/fda.inspections.history/2026/09/20260908T143329Z-c06f5062ce8b.json.gz,1
fda.inspections.history,firm:3004499992,2011-07-21,2026-09-08T14:33:29Z,is_foreign,1,bool,fda.inspections.history,raw/fda.inspections.history/2026/09/20260908T143329Z-c06f5062ce8b.json.gz,1
fda.inspections.history,firm:3004499992,2011-07-21,2026-09-08T14:33:29Z,is_oai,0,bool,fda.inspections.history,raw/fda.inspections.history/2026/09/20260908T143329Z-c06f5062ce8b.json.gz,1
fda.inspections.history,firm:3004499992,2011-07-21,2026-09-08T14:33:29Z,label,Dechra Ltd,,fda.inspections.history,raw/fda.inspections.history/2026/09/20260908T143329Z-c06f5062ce8b.json.gz,1
fda.inspections.history,firm:3004554612,2011-07-22,2026-09-08T14:33:29Z,classification,0,ordinal,fda.inspections.history,raw/fda.inspections.history/2026/09/20260908T143329Z-c06f5062ce8b.json.gz,1
fda.inspections.history,firm:3004554612,2011-07-22,2026-09-08T14:33:29Z,firm_key,STRIDES SCIENCE,,fda.inspections.history,raw/fda.inspections.history/2026/09/20260908T143329Z-c06f5062ce8b.json.gz,1
fda.inspections.history,firm:3004554612,2011-07-22,2026-09-08T14:33:29Z,inspected,1,count,fda.inspections.history,raw/fda.inspections.history/2026/09/20260908T143329Z-c06f5062ce8b.json.gz,1
fda.inspections.history,firm:3004554612,2011-07-22,2026-09-08T14:33:29Z,inspection_end,20110722,yyyymmdd,fda.inspections.history,raw/fda.inspections.history/2026/09/20260908T143329Z-c06f5062ce8b.json.gz,1
fda.inspections.history,firm:3004554612,2011-07-22,2026-09-08T14:33:29Z,is_foreign,1,bool,fda.inspections.history,raw/fda.inspections.history/2026/09/20260908T143329Z-c06f5062ce8b.json.gz,1
fda.inspections.history,firm:3004554612,2011-07-22,2026-09-08T14:33:29Z,is_oai,0,bool,fda.inspections.history,raw/fda.inspections.history/2026/09/20260908T143329Z-c06f5062ce8b.json.gz,1
fda.inspections.history,firm:3004554612,2011-07-22,2026-09-08T14:33:29Z,label,Strides Pharma Science Limited,,fda.inspections.history,raw/fda.inspections.history/2026/09/20260908T143329Z-c06f5062ce8b.json.gz,1
fda.inspections.history,firm:3004680376,2011-07-13,2026-09-08T14:33:29Z,classification,0,ordinal,fda.inspections.history,raw/fda.inspections.history/2026/09/20260908T143329Z-c06f5062ce8b.json.gz,1
fda.inspections.history,firm:3004680376,2011-07-13,2026-09-08T14:33:29Z,firm_key,MAINE OXY SPEC AIR,,fda.inspections.history,raw/fda.inspections.history/2026/09/20260908T143329Z-c06f5062ce8b.json.gz,1
fda.inspections.history,firm:3004680376,2011-07-13,2026-09-08T14:33:29Z,inspected,1,count,fda.inspections.history,raw/fda.inspections.history/2026/09/20260908T143329Z-c06f5062ce8b.json.gz,1
fda.inspections.history,firm:3004680376,2011-07-13,2026-09-08T14:33:29Z,inspection_end,20110713,yyyymmdd,fda.inspections.history,raw/fda.inspections.history/2026/09/20260908T143329Z-c06f5062ce8b.json.gz,1
fda.inspections.history,firm:3004680376,2011-07-13,2026-09-08T14:33:29Z,is_foreign,0,bool,fda.inspections.history,raw/fda.inspections.history/2026/09/20260908T143329Z-c06f5062ce8b.json.gz,1
fda.inspections.history,firm:3004680376,2011-07-13,2026-09-08T14:33:29Z,is_oai,0,bool,fda.inspections.history,raw/fda.inspections.history/2026/09/20260908T143329Z-c06f5062ce8b.json.gz,1
fda.inspections.history,firm:3004680376,2011-07-13,2026-09-08T14:33:29Z,label,Maine Oxy Spec-Air,,fda.inspections.history,raw/fda.inspections.history/2026/09/20260908T143329Z-c06f5062ce8b.json.gz,1
fda.inspections.history,firm:3004699486,2011-07-11,2026-09-08T14:33:29Z,classification,0,ordinal,fda.inspections.history,raw/fda.inspections.history/2026/09/20260908T143329Z-c06f5062ce8b.json.gz,1
fda.inspections.history,firm:3004699486,2011-07-11,2026-09-08T14:33:29Z,firm_key,MIDDLESEX GASES TECHNOLOGIES,,fda.inspections.history,raw/fda.inspections.history/2026/09/20260908T143329Z-c06f5062ce8b.json.gz,1
fda.inspections.history,firm:3004699486,2011-07-11,2026-09-08T14:33:29Z,inspected,1,count,fda.inspections.history,raw/fda.inspections.history/2026/09/20260908T143329Z-c06f5062ce8b.json.gz,1
fda.inspections.history,firm:3004699486,2011-07-11,2026-09-08T14:33:29Z,inspection_end,20110711,yyyymmdd,fda.inspections.history,raw/fda.inspections.history/2026/09/20260908T143329Z-c06f5062ce8b.json.gz,1
fda.inspections.history,firm:3004699486,2011-07-11,2026-09-08T14:33:29Z,is_foreign,0,bool,fda.inspections.history,raw/fda.inspections.history/2026/09/20260908T143329Z-c06f5062ce8b.json.gz,1
fda.inspections.history,firm:3004699486,2011-07-11,2026-09-08T14:33:29Z,is_oai,0,bool,fda.inspections.history,raw/fda.inspections.history/2026/09/20260908T143329Z-c06f5062ce8b.json.gz,1
fda.inspections.history,firm:3004699486,2011-07-11,2026-09-08T14:33:29Z,label,Middlesex Gases & Technologies Inc,,fda.inspections.history,raw/fda.inspections.history/2026/09/20260908T143329Z-c06f5062ce8b.json.gz,1
fda.inspections.history,firm:3004713397,2011-07-29,2026-09-08T14:33:29Z,classification,0,ordinal,fda.inspections.history,raw/fda.inspections.history/2026/09/20260908T143329Z-c06f5062ce8b.json.gz,1
fda.inspections.history,firm:3004713397,2011-07-29,2026-09-08T14:33:29Z,firm_key,MATRIX PHARMACORP,,fda.inspections.history,raw/fda.inspections.history/2026/09/20260908T143329Z-c06f5062ce8b.json.gz,1
fda.inspections.history,firm:3004713397,2011-07-29,2026-09-08T14:33:29Z,inspected,1,count,fda.inspections.history,raw/fda.inspections.history/2026/09/20260908T143329Z-c06f5062ce8b.json.gz,1
fda.inspections.history,firm:3004713397,2011-07-29,2026-09-08T14:33:29Z,inspection_end,20110729,yyyymmdd,fda.inspections.history,raw/fda.inspections.history/2026/09/20260908T143329Z-c06f5062ce8b.json.gz,1
fda.inspections.history,firm:3004713397,2011-07-29,2026-09-08T14:33:29Z,is_foreign,1,bool,fda.inspections.history,raw/fda.inspections.history/2026/09/20260908T143329Z-c06f5062ce8b.json.gz,1
fda.inspections.history,firm:3004713397,2011-07-29,2026-09-08T14:33:29Z,is_oai,0,bool,fda.inspections.history,raw/fda.inspections.history/2026/09/20260908T143329Z-c06f5062ce8b.json.gz,1
fda.inspections.history,firm:3004713397,2011-07-29,2026-09-08T14:33:29Z,label,Matrix Pharmacorp Private Limited,,fda.inspections.history,raw/fda.inspections.history/2026/09/20260908T143329Z-c06f5062ce8b.json.gz,1
fda.inspections.history,firm:3004752030,2011-07-28,2026-09-08T14:33:29Z,classification,0,ordinal,fda.inspections.history,raw/fda.inspections.history/2026/09/20260908T143329Z-c06f5062ce8b.json.gz,1
fda.inspections.history,firm:3004752030,2011-07-28,2026-09-08T14:33:29Z,firm_key,MANUFACTURING RESEARCH SERVICES,,fda.inspections.history,raw/fda.inspections.history/2026/09/20260908T143329Z-c06f5062ce8b.json.gz,1
fda.inspections.history,firm:3004752030,2011-07-28,2026-09-08T14:33:29Z,inspected,1,count,fda.inspections.history,raw/fda.inspections.history/2026/09/20260908T143329Z-c06f5062ce8b.json.gz,1
fda.inspections.history,firm:3004752030,2011-07-28,2026-09-08T14:33:29Z,inspection_end,20110728,yyyymmdd,fda.inspections.history,raw/fda.inspections.history/2026/09/20260908T143329Z-c06f5062ce8b.json.gz,1
fda.inspections.history,firm:3004752030,2011-07-28,2026-09-08T14:33:29Z,is_foreign,0,bool,fda.inspections.history,raw/fda.inspections.history/2026/09/20260908T143329Z-c06f5062ce8b.json.gz,1
fda.inspections.history,firm:3004752030,2011-07-28,2026-09-08T14:33:29Z,is_oai,0,bool,fda.inspections.history,raw/fda.inspections.history/2026/09/20260908T143329Z-c06f5062ce8b.json.gz,1
fda.inspections.history,firm:3004752030,2011-07-28,2026-09-08T14:33:29Z,label,"Pharmaceutical Manufacturing Research Services, Inc",,fda.inspections.history,raw/fda.inspections.history/2026/09/20260908T143329Z-c06f5062ce8b.json.gz,1
fda.inspections.history,firm:3004876794,2011-07-07,2026-09-08T14:33:29Z,classification,0,ordinal,fda.inspections.history,raw/fda.inspections.history/2026/09/20260908T143329Z-c06f5062ce8b.json.gz,1
fda.inspections.history,firm:3004876794,2011-07-07,2026-09-08T14:33:29Z,firm_key,ACCU BIO CHEM,,fda.inspections.history,raw/fda.inspections.history/2026/09/20260908T143329Z-c06f5062ce8b.json.gz,1
fda.inspections.history,firm:3004876794,2011-07-07,2026-09-08T14:33:29Z,inspected,1,count,fda.inspections.history,raw/fda.inspections.history/2026/09/20260908T143329Z-c06f5062ce8b.json.gz,1
fda.inspections.history,firm:3004876794,2011-07-07,2026-09-08T14:33:29Z,inspection_end,20110707,yyyymmdd,fda.inspections.history,raw/fda.inspections.history/2026/09/20260908T143329Z-c06f5062ce8b.json.gz,1
fda.inspections.history,firm:3004876794,2011-07-07,2026-09-08T14:33:29Z,is_foreign,0,bool,fda.inspections.history,raw/fda.inspections.history/2026/09/20260908T143329Z-c06f5062ce8b.json.gz,1
fda.inspections.history,firm:3004876794,2011-07-07,2026-09-08T14:33:29Z,is_oai,0,bool,fda.inspections.history,raw/fda.inspections.history/2026/09/20260908T143329Z-c06f5062ce8b.json.gz,1
fda.inspections.history,firm:3004876794,2011-07-07,2026-09-08T14:33:29Z,label,Accu Bio-Chem Laboratories LLC,,fda.inspections.history,raw/fda.inspections.history/2026/09/20260908T143329Z-c06f5062ce8b.json.gz,1
fda.inspections.history,firm:3004896339,2011-07-02,2026-09-08T14:33:29Z,classification,2,ordinal,fda.inspections.history,raw/fda.inspections.history/2026/09/20260908T143329Z-c06f5062ce8b.json.gz,1
fda.inspections.history,firm:3004896339,2011-07-02,2026-09-08T14:33:29Z,firm_key,YAG MAG,,fda.inspections.history,raw/fda.inspections.history/2026/09/20260908T143329Z-c06f5062ce8b.json.gz,1
fda.inspections.history,firm:3004896339,2011-07-02,2026-09-08T14:33:29Z,inspected,1,count,fda.inspections.history,raw/fda.inspections.history/2026/09/20260908T143329Z-c06f5062ce8b.json.gz,1
fda.inspections.history,firm:3004896339,2011-07-02,2026-09-08T14:33:29Z,inspection_end,20110702,yyyymmdd,fda.inspections.history,raw/fda.inspections.history/2026/09/20260908T143329Z-c06f5062ce8b.json.gz,1
fda.inspections.history,firm:3004896339,2011-07-02,2026-09-08T14:33:29Z,is_foreign,1,bool,fda.inspections.history,raw/fda.inspections.history/2026/09/20260908T143329Z-c06f5062ce8b.json.gz,1
fda.inspections.history,firm:3004896339,2011-07-02,2026-09-08T14:33:29Z,is_oai,1,bool,fda.inspections.history,raw/fda.inspections.history/2026/09/20260908T143329Z-c06f5062ce8b.json.gz,1
fda.inspections.history,firm:3004896339,2011-07-02,2026-09-08T14:33:29Z,label,Yag Mag Labs Private Limited,,fda.inspections.history,raw/fda.inspections.history/2026/09/20260908T143329Z-c06f5062ce8b.json.gz,1
fda.inspections.history,firm:3005010996,2011-07-22,2026-09-08T14:33:29Z,classification,0,ordinal,fda.inspections.history,raw/fda.inspections.history/2026/09/20260908T143329Z-c06f5062ce8b.json.gz,1
fda.inspections.history,firm:3005010996,2011-07-22,2026-09-08T14:33:29Z,firm_key,EXEL D B A DHL SUPPLY CHAIN USA,,fda.inspections.history,raw/fda.inspections.history/2026/09/20260908T143329Z-c06f5062ce8b.json.gz,1
fda.inspections.history,firm:3005010996,2011-07-22,2026-09-08T14:33:29Z,inspected,1,count,fda.inspections.history,raw/fda.inspections.history/2026/09/20260908T143329Z-c06f5062ce8b.json.gz,1
fda.inspections.history,firm:3005010996,2011-07-22,2026-09-08T14:33:29Z,inspection_end,20110722,yyyymmdd,fda.inspections.history,raw/fda.inspections.history/2026/09/20260908T143329Z-c06f5062ce8b.json.gz,1
fda.inspections.history,firm:3005010996,2011-07-22,2026-09-08T14:33:29Z,is_foreign,0,bool,fda.inspections.history,raw/fda.inspections.history/2026/09/20260908T143329Z-c06f5062ce8b.json.gz,1
fda.inspections.history,firm:3005010996,2011-07-22,2026-09-08T14:33:29Z,is_oai,0,bool,fda.inspections.history,raw/fda.inspections.history/2026/09/20260908T143329Z-c06f5062ce8b.json.gz,1
fda.inspections.history,firm:3005010996,2011-07-22,2026-09-08T14:33:29Z,label,Exel Inc. D/B/A DHL Supply Chain (USA),,fda.inspections.history,raw/fda.inspections.history/2026/09/20260908T143329Z-c06f5062ce8b.json.gz,1
fda.inspections.history,firm:3005073265,2011-07-08,2026-09-08T14:33:29Z,classification,0,ordinal,fda.inspections.history,raw/fda.inspections.history/2026/09/20260908T143329Z-c06f5062ce8b.json.gz,1
fda.inspections.history,firm:3005073265,2011-07-08,2026-09-08T14:33:29Z,firm_key,UNIVERSAL PACKAGING SYSTEMS,,fda.inspections.history,raw/fda.inspections.history/2026/09/20260908T143329Z-c06f5062ce8b.json.gz,1
fda.inspections.history,firm:3005073265,2011-07-08,2026-09-08T14:33:29Z,inspected,1,count,fda.inspections.history,raw/fda.inspections.history/2026/09/20260908T143329Z-c06f5062ce8b.json.gz,1
fda.inspections.history,firm:3005073265,2011-07-08,2026-09-08T14:33:29Z,inspection_end,20110708,yyyymmdd,fda.inspections.history,raw/fda.inspections.history/2026/09/20260908T143329Z-c06f5062ce8b.json.gz,1
fda.inspections.history,firm:3005073265,2011-07-08,2026-09-08T14:33:29Z,is_foreign,0,bool,fda.inspections.history,raw/fda.inspections.history/2026/09/20260908T143329Z-c06f5062ce8b.json.gz,1
fda.inspections.history,firm:3005073265,2011-07-08,2026-09-08T14:33:29Z,is_oai,0,bool,fda.inspections.history,raw/fda.inspections.history/2026/09/20260908T143329Z-c06f5062ce8b.json.gz,1
fda.inspections.history,firm:3005073265,2011-07-08,2026-09-08T14:33:29Z,label,"Universal Packaging Systems, Inc.",,fda.inspections.history,raw/fda.inspections.history/2026/09/20260908T143329Z-c06f5062ce8b.json.gz,1
fda.inspections.history,firm:3005178749,2011-07-16,2026-09-08T14:33:29Z,classification,1,ordinal,fda.inspections.history,raw/fda.inspections.history/2026/09/20260908T143329Z-c06f5062ce8b.json.gz,1
fda.inspections.history,firm:3005178749,2011-07-16,2026-09-08T14:33:29Z,firm_key,HUBEI HAOSUN,,fda.inspections.history,raw/fda.inspections.history/2026/09/20260908T143329Z-c06f5062ce8b.json.gz,1
fda.inspections.history,firm:3005178749,2011-07-16,2026-09-08T14:33:29Z,inspected,1,count,fda.inspections.history,raw/fda.inspections.history/2026/09/20260908T143329Z-c06f5062ce8b.json.gz,1
fda.inspections.history,firm:3005178749,2011-07-16,2026-09-08T14:33:29Z,inspection_end,20110716,yyyymmdd,fda.inspections.history,raw/fda.inspections.history/2026/09/20260908T143329Z-c06f5062ce8b.json.gz,1
fda.inspections.history,firm:3005178749,2011-07-16,2026-09-08T14:33:29Z,is_foreign,1,bool,fda.inspections.history,raw/fda.inspections.history/2026/09/20260908T143329Z-c06f5062ce8b.json.gz,1
fda.inspections.history,firm:3005178749,2011-07-16,2026-09-08T14:33:29Z,is_oai,0,bool,fda.inspections.history,raw/fda.inspections.history/2026/09/20260908T143329Z-c06f5062ce8b.json.gz,1
fda.inspections.history,firm:3005178749,2011-07-16,2026-09-08T14:33:29Z,label,"Hubei Haosun Pharmaceutical Co., Ltd.",,fda.inspections.history,raw/fda.inspections.history/2026/09/20260908T143329Z-c06f5062ce8b.json.gz,1
fda.inspections.history,firm:3005187155,2011-07-08,2026-09-08T14:33:29Z,classification,1,ordinal,fda.inspections.history,raw/fda.inspections.history/2026/09/20260908T143329Z-c06f5062ce8b.json.gz,1
fda.inspections.history,firm:3005187155,2011-07-08,2026-09-08T14:33:29Z,firm_key,SWISSCO SERVICES,,fda.inspections.history,raw/fda.inspections.history/2026/09/20260908T143329Z-c06f5062ce8b.json.gz,1
fda.inspections.history,firm:3005187155,2011-07-08,2026-09-08T14:33:29Z,inspected,1,count,fda.inspections.history,raw/fda.inspections.history/2026/09/20260908T143329Z-c06f5062ce8b.json.gz,1
fda.inspections.history,firm:3005187155,2011-07-08,2026-09-08T14:33:29Z,inspection_end,20110708,yyyymmdd,fda.inspections.history,raw/fda.inspections.history/2026/09/20260908T143329Z-c06f5062ce8b.json.gz,1
fda.inspections.history,firm:3005187155,2011-07-08,2026-09-08T14:33:29Z,is_foreign,1,bool,fda.inspections.history,raw/fda.inspections.history/2026/09/20260908T143329Z-c06f5062ce8b.json.gz,1
fda.inspections.history,firm:3005187155,2011-07-08,2026-09-08T14:33:29Z,is_oai,0,bool,fda.inspections.history,raw/fda.inspections.history/2026/09/20260908T143329Z-c06f5062ce8b.json.gz,1
fda.inspections.history,firm:3005187155,2011-07-08,2026-09-08T14:33:29Z,label,SwissCo Services AG,,fda.inspections.history,raw/fda.inspections.history/2026/09/20260908T143329Z-c06f5062ce8b.json.gz,1
fda.inspections.history,firm:3005256542,2011-07-07,2026-09-08T14:33:29Z,classification,0,ordinal,fda.inspections.history,raw/fda.inspections.history/2026/09/20260908T143329Z-c06f5062ce8b.json.gz,1
fda.inspections.history,firm:3005256542,2011-07-07,2026-09-08T14:33:29Z,firm_key,CHONGQING CARELIFE,,fda.inspections.history,raw/fda.inspections.history/2026/09/20260908T143329Z-c06f5062ce8b.json.gz,1
fda.inspections.history,firm:3005256542,2011-07-07,2026-09-08T14:33:29Z,inspected,1,count,fda.inspections.history,raw/fda.inspections.history/2026/09/20260908T143329Z-c06f5062ce8b.json.gz,1
fda.inspections.history,firm:3005256542,2011-07-07,2026-09-08T14:33:29Z,inspection_end,20110707,yyyymmdd,fda.inspections.history,raw/fda.inspections.history/2026/09/20260908T143329Z-c06f5062ce8b.json.gz,1
fda.inspections.history,firm:3005256542,2011-07-07,2026-09-08T14:33:29Z,is_foreign,1,bool,fda.inspections.history,raw/fda.inspections.history/2026/09/20260908T143329Z-c06f5062ce8b.json.gz,1
fda.inspections.history,firm:3005256542,2011-07-07,2026-09-08T14:33:29Z,is_oai,0,bool,fda.inspections.history,raw/fda.inspections.history/2026/09/20260908T143329Z-c06f5062ce8b.json.gz,1
fda.inspections.history,firm:3005256542,2011-07-07,2026-09-08T14:33:29Z,label,"Chongqing Carelife Pharmaceutical Co., Ltd.",,fda.inspections.history,raw/fda.inspections.history/2026/09/20260908T143329Z-c06f5062ce8b.json.gz,1
fda.inspections.history,firm:3005343934,2011-07-25,2026-09-08T14:33:29Z,classification,1,ordinal,fda.inspections.history,raw/fda.inspections.history/2026/09/20260908T143329Z-c06f5062ce8b.json.gz,1
fda.inspections.history,firm:3005343934,2011-07-25,2026-09-08T14:33:29Z,firm_key,BIORELIANCE,,fda.inspections.history,raw/fda.inspections.history/2026/09/20260908T143329Z-c06f5062ce8b.json.gz,1
fda.inspections.history,firm:3005343934,2011-07-25,2026-09-08T14:33:29Z,inspected,1,count,fda.inspections.history,raw/fda.inspections.history/2026/09/20260908T143329Z-c06f5062ce8b.json.gz,1
fda.inspections.history,firm:3005343934,2011-07-25,2026-09-08T14:33:29Z,inspection_end,20110725,yyyymmdd,fda.inspections.history,raw/fda.inspections.history/2026/09/20260908T143329Z-c06f5062ce8b.json.gz,1
fda.inspections.history,firm:3005343934,2011-07-25,2026-09-08T14:33:29Z,is_foreign,1,bool,fda.inspections.history,raw/fda.inspections.history/2026/09/20260908T143329Z-c06f5062ce8b.json.gz,1
fda.inspections.history,firm:3005343934,2011-07-25,2026-09-08T14:33:29Z,is_oai,0,bool,fda.inspections.history,raw/fda.inspections.history/2026/09/20260908T143329Z-c06f5062ce8b.json.gz,1
fda.inspections.history,firm:3005343934,2011-07-25,2026-09-08T14:33:29Z,label,Bioreliance Ltd.,,fda.inspections.history,raw/fda.inspections.history/2026/09/20260908T143329Z-c06f5062ce8b.json.gz,1
fda.inspections.history,firm:3005425422,2011-07-13,2026-09-08T14:33:29Z,classification,1,ordinal,fda.inspections.history,raw/fda.inspections.history/2026/09/20260908T143329Z-c06f5062ce8b.json.gz,1
fda.inspections.history,firm:3005425422,2011-07-13,2026-09-08T14:33:29Z,firm_key,PURE CHEM,,fda.inspections.history,raw/fda.inspections.history/2026/09/20260908T143329Z-c06f5062ce8b.json.gz,1
fda.inspections.history,firm:3005425422,2011-07-13,2026-09-08T14:33:29Z,inspected,1,count,fda.inspections.history,raw/fda.inspections.history/2026/09/20260908T143329Z-c06f5062ce8b.json.gz,1
fda.inspections.history,firm:3005425422,2011-07-13,2026-09-08T14:33:29Z,inspection_end,20110713,yyyymmdd,fda.inspections.history,raw/fda.inspections.history/2026/09/20260908T143329Z-c06f5062ce8b.json.gz,1
fda.inspections.history,firm:3005425422,2011-07-13,2026-09-08T14:33:29Z,is_foreign,0,bool,fda.inspections.history,raw/fda.inspections.history/2026/09/20260908T143329Z-c06f5062ce8b.json.gz,1
fda.inspections.history,firm:3005425422,2011-07-13,2026-09-08T14:33:29Z,is_oai,0,bool,fda.inspections.history,raw/fda.inspections.history/2026/09/20260908T143329Z-c06f5062ce8b.json.gz,1
fda.inspections.history,firm:3005425422,2011-07-13,2026-09-08T14:33:29Z,label,Pure Chem Inc,,fda.inspections.history,raw/fda.inspections.history/2026/09/20260908T143329Z-c06f5062ce8b.json.gz,1
fda.inspections.history,firm:3005548067,2011-07-20,2026-09-08T14:33:29Z,classification,0,ordinal,fda.inspections.history,raw/fda.inspections.history/2026/09/20260908T143329Z-c06f5062ce8b.json.gz,1
fda.inspections.history,firm:3005548067,2011-07-20,2026-09-08T14:33:29Z,firm_key,XGEN DJB,,fda.inspections.history,raw/fda.inspections.history/2026/09/20260908T143329Z-c06f5062ce8b.json.gz,1
fda.inspections.history,firm:3005548067,2011-07-20,2026-09-08T14:33:29Z,inspected,1,count,fda.inspections.history,raw/fda.inspections.history/2026/09/20260908T143329Z-c06f5062ce8b.json.gz,1
fda.inspections.history,firm:3005548067,2011-07-20,2026-09-08T14:33:29Z,inspection_end,20110720,yyyymmdd,fda.inspections.history,raw/fda.inspections.history/2026/09/20260908T143329Z-c06f5062ce8b.json.gz,1
fda.inspections.history,firm:3005548067,2011-07-20,2026-09-08T14:33:29Z,is_foreign,0,bool,fda.inspections.history,raw/fda.inspections.history/2026/09/20260908T143329Z-c06f5062ce8b.json.gz,1
fda.inspections.history,firm:3005548067,2011-07-20,2026-09-08T14:33:29Z,is_oai,0,bool,fda.inspections.history,raw/fda.inspections.history/2026/09/20260908T143329Z-c06f5062ce8b.json.gz,1
fda.inspections.history,firm:3005548067,2011-07-20,2026-09-08T14:33:29Z,label,"XGen Pharmaceuticals DJB, Inc.",,fda.inspections.history,raw/fda.inspections.history/2026/09/20260908T143329Z-c06f5062ce8b.json.gz,1
fda.inspections.history,firm:3005584379,2011-07-29,2026-09-08T14:33:29Z,classification,1,ordinal,fda.inspections.history,raw/fda.inspections.history/2026/09/20260908T143329Z-c06f5062ce8b.json.gz,1
fda.inspections.history,firm:3005584379,2011-07-29,2026-09-08T14:33:29Z,firm_key,NEUMANN S HOME MEDICAL EQUIPMENT,,fda.inspections.history,raw/fda.inspections.history/2026/09/20260908T143329Z-c06f5062ce8b.json.gz,1
fda.inspections.history,firm:3005584379,2011-07-29,2026-09-08T14:33:29Z,inspected,1,count,fda.inspections.history,raw/fda.inspections.history/2026/09/20260908T143329Z-c06f5062ce8b.json.gz,1
fda.inspections.history,firm:3005584379,2011-07-29,2026-09-08T14:33:29Z,inspection_end,20110729,yyyymmdd,fda.inspections.history,raw/fda.inspections.history/2026/09/20260908T143329Z-c06f5062ce8b.json.gz,1
fda.inspections.history,firm:3005584379,2011-07-29,2026-09-08T14:33:29Z,is_foreign,0,bool,fda.inspections.history,raw/fda.inspections.history/2026/09/20260908T143329Z-c06f5062ce8b.json.gz,1
fda.inspections.history,firm:3005584379,2011-07-29,2026-09-08T14:33:29Z,is_oai,0,bool,fda.inspections.history,raw/fda.inspections.history/2026/09/20260908T143329Z-c06f5062ce8b.json.gz,1
fda.inspections.history,firm:3005584379,2011-07-29,2026-09-08T14:33:29Z,label,"Neumann's Home Medical Equipment, Inc.",,fda.inspections.history,raw/fda.inspections.history/2026/09/20260908T143329Z-c06f5062ce8b.json.gz,1
fda.inspections.history,firm:3005619549,2011-07-25,2026-09-08T14:33:29Z,classification,1,ordinal,fda.inspections.history,raw/fda.inspections.history/2026/09/20260908T143329Z-c06f5062ce8b.json.gz,1
fda.inspections.history,firm:3005619549,2011-07-25,2026-09-08T14:33:29Z,firm_key,BIORELIANCE,,fda.inspections.history,raw/fda.inspections.history/2026/09/20260908T143329Z-c06f5062ce8b.json.gz,1
fda.inspections.history,firm:3005619549,2011-07-25,2026-09-08T14:33:29Z,inspected,1,count,fda.inspections.history,raw/fda.inspections.history/2026/09/20260908T143329Z-c06f5062ce8b.json.gz,1
fda.inspections.history,firm:3005619549,2011-07-25,2026-09-08T14:33:29Z,inspection_end,20110725,yyyymmdd,fda.inspections.history,raw/fda.inspections.history/2026/09/20260908T143329Z-c06f5062ce8b.json.gz,1
fda.inspections.history,firm:3005619549,2011-07-25,2026-09-08T14:33:29Z,is_foreign,1,bool,fda.inspections.history,raw/fda.inspections.history/2026/09/20260908T143329Z-c06f5062ce8b.json.gz,1
fda.inspections.history,firm:3005619549,2011-07-25,2026-09-08T14:33:29Z,is_oai,0,bool,fda.inspections.history,raw/fda.inspections.history/2026/09/20260908T143329Z-c06f5062ce8b.json.gz,1
fda.inspections.history,firm:3005619549,2011-07-25,2026-09-08T14:33:29Z,label,Bioreliance Ltd.,,fda.inspections.history,raw/fda.inspections.history/2026/09/20260908T143329Z-c06f5062ce8b.json.gz,1
fda.inspections.history,firm:3005987780,2011-07-13,2026-09-08T14:33:29Z,classification,1,ordinal,fda.inspections.history,raw/fda.inspections.history/2026/09/20260908T143329Z-c06f5062ce8b.json.gz,1
fda.inspections.history,firm:3005987780,2011-07-13,2026-09-08T14:33:29Z,firm_key,PRC TICINUM S R L,,fda.inspections.history,raw/fda.inspections.history/2026/09/20260908T143329Z-c06f5062ce8b.json.gz,1
fda.inspections.history,firm:3005987780,2011-07-13,2026-09-08T14:33:29Z,inspected,1,count,fda.inspections.history,raw/fda.inspections.history/2026/09/20260908T143329Z-c06f5062ce8b.json.gz,1
fda.inspections.history,firm:3005987780,2011-07-13,2026-09-08T14:33:29Z,inspection_end,20110713,yyyymmdd,fda.inspections.history,raw/fda.inspections.history/2026/09/20260908T143329Z-c06f5062ce8b.json.gz,1
fda.inspections.history,firm:3005987780,2011-07-13,2026-09-08T14:33:29Z,is_foreign,1,bool,fda.inspections.history,raw/fda.inspections.history/2026/09/20260908T143329Z-c06f5062ce8b.json.gz,1
fda.inspections.history,firm:3005987780,2011-07-13,2026-09-08T14:33:29Z,is_oai,0,bool,fda.inspections.history,raw/fda.inspections.history/2026/09/20260908T143329Z-c06f5062ce8b.json.gz,1
fda.inspections.history,firm:3005987780,2011-07-13,2026-09-08T14:33:29Z,label,"PRC Ticinum Lab, S.R.L.",,fda.inspections.history,raw/fda.inspections.history/2026/09/20260908T143329Z-c06f5062ce8b.json.gz,1
fda.inspections.history,firm:3006171430,2011-07-22,2026-09-08T14:33:29Z,classification,1,ordinal,fda.inspections.history,raw/fda.inspections.history/2026/09/20260908T143329Z-c06f5062ce8b.json.gz,1
fda.inspections.history,firm:3006171430,2011-07-22,2026-09-08T14:33:29Z,firm_key,CARGILL SLU,,fda.inspections.history,raw/fda.inspections.history/2026/09/20260908T143329Z-c06f5062ce8b.json.gz,1
fda.inspections.history,firm:3006171430,2011-07-22,2026-09-08T14:33:29Z,inspected,1,count,fda.inspections.history,raw/fda.inspections.history/2026/09/20260908T143329Z-c06f5062ce8b.json.gz,1
fda.inspections.history,firm:3006171430,2011-07-22,2026-09-08T14:33:29Z,inspection_end,20110722,yyyymmdd,fda.inspections.history,raw/fda.inspections.history/2026/09/20260908T143329Z-c06f5062ce8b.json.gz,1
fda.inspections.history,firm:3006171430,2011-07-22,2026-09-08T14:33:29Z,is_foreign,1,bool,fda.inspections.history,raw/fda.inspections.history/2026/09/20260908T143329Z-c06f5062ce8b.json.gz,1
fda.inspections.history,firm:3006171430,2011-07-22,2026-09-08T14:33:29Z,is_oai,0,bool,fda.inspections.history,raw/fda.inspections.history/2026/09/20260908T143329Z-c06f5062ce8b.json.gz,1
fda.inspections.history,firm:3006171430,2011-07-22,2026-09-08T14:33:29Z,label,Cargill SLU,,fda.inspections.history,raw/fda.inspections.history/2026/09/20260908T143329Z-c06f5062ce8b.json.gz,1
fda.inspections.history,firm:3006315257,2011-07-20,2026-09-08T14:33:29Z,classification,0,ordinal,fda.inspections.history,raw/fda.inspections.history/2026/09/20260908T143329Z-c06f5062ce8b.json.gz,1
fda.inspections.history,firm:3006315257,2011-07-20,2026-09-08T14:33:29Z,firm_key,MARC NMI HERTZMAN M D,,fda.inspections.history,raw/fda.inspections.history/2026/09/20260908T143329Z-c06f5062ce8b.json.gz,1
fda.inspections.history,firm:3006315257,2011-07-20,2026-09-08T14:33:29Z,inspected,1,count,fda.inspections.history,raw/fda.inspections.history/2026/09/20260908T143329Z-c06f5062ce8b.json.gz,1
fda.inspections.history,firm:3006315257,2011-07-20,2026-09-08T14:33:29Z,inspection_end,20110720,yyyymmdd,fda.inspections.history,raw/fda.inspections.history/2026/09/20260908T143329Z-c06f5062ce8b.json.gz,1
fda.inspections.history,firm:3006315257,2011-07-20,2026-09-08T14:33:29Z,is_foreign,0,bool,fda.inspections.history,raw/fda.inspections.history/2026/09/20260908T143329Z-c06f5062ce8b.json.gz,1
fda.inspections.history,firm:3006315257,2011-07-20,2026-09-08T14:33:29Z,is_oai,0,bool,fda.inspections.history,raw/fda.inspections.history/2026/09/20260908T143329Z-c06f5062ce8b.json.gz,1
fda.inspections.history,firm:3006315257,2011-07-20,2026-09-08T14:33:29Z,label,"Marc (NMI) Hertzman, M.D.",,fda.inspections.history,raw/fda.inspections.history/2026/09/20260908T143329Z-c06f5062ce8b.json.gz,1
fda.inspections.history,firm:3006370451,2011-07-23,2026-09-08T14:33:29Z,classification,1,ordinal,fda.inspections.history,raw/fda.inspections.history/2026/09/20260908T143329Z-c06f5062ce8b.json.gz,1
fda.inspections.history,firm:3006370451,2011-07-23,2026-09-08T14:33:29Z,firm_key,MEDICAP,,fda.inspections.history,raw/fda.inspections.history/2026/09/20260908T143329Z-c06f5062ce8b.json.gz,1
fda.inspections.history,firm:3006370451,2011-07-23,2026-09-08T14:33:29Z,inspected,1,count,fda.inspections.history,raw/fda.inspections.history/2026/09/20260908T143329Z-c06f5062ce8b.json.gz,1
fda.inspections.history,firm:3006370451,2011-07-23,2026-09-08T14:33:29Z,inspection_end,20110723,yyyymmdd,fda.inspections.history,raw/fda.inspections.history/2026/09/20260908T143329Z-c06f5062ce8b.json.gz,1
fda.inspections.history,firm:3006370451,2011-07-23,2026-09-08T14:33:29Z,is_foreign,1,bool,fda.inspections.history,raw/fda.inspections.history/2026/09/20260908T143329Z-c06f5062ce8b.json.gz,1
fda.inspections.history,firm:3006370451,2011-07-23,2026-09-08T14:33:29Z,is_oai,0,bool,fda.inspections.history,raw/fda.inspections.history/2026/09/20260908T143329Z-c06f5062ce8b.json.gz,1
fda.inspections.history,firm:3006370451,2011-07-23,2026-09-08T14:33:29Z,label,Medicap Laboratories,,fda.inspections.history,raw/fda.inspections.history/2026/09/20260908T143329Z-c06f5062ce8b.json.gz,1
fda.inspections.history,firm:3006451772,2011-07-08,2026-09-08T14:33:29Z,classification,1,ordinal,fda.inspections.history,raw/fda.inspections.history/2026/09/20260908T143329Z-c06f5062ce8b.json.gz,1
fda.inspections.history,firm:3006451772,2011-07-08,2026-09-08T14:33:29Z,firm_key,EDWARD S MOSTEL M D,,fda.inspections.history,raw/fda.inspections.history/2026/09/20260908T143329Z-c06f5062ce8b.json.gz,1
fda.inspections.history,firm:3006451772,2011-07-08,2026-09-08T14:33:29Z,inspected,1,count,fda.inspections.history,raw/fda.inspections.history/2026/09/20260908T143329Z-c06f5062ce8b.json.gz,1
fda.inspections.history,firm:3006451772,2011-07-08,2026-09-08T14:33:29Z,inspection_end,20110708,yyyymmdd,fda.inspections.history,raw/fda.inspections.history/2026/09/20260908T143329Z-c06f5062ce8b.json.gz,1
fda.inspections.history,firm:3006451772,2011-07-08,2026-09-08T14:33:29Z,is_foreign,0,bool,fda.inspections.history,raw/fda.inspections.history/2026/09/20260908T143329Z-c06f5062ce8b.json.gz,1
fda.inspections.history,firm:3006451772,2011-07-08,2026-09-08T14:33:29Z,is_oai,0,bool,fda.inspections.history,raw/fda.inspections.history/2026/09/20260908T143329Z-c06f5062ce8b.json.gz,1
fda.inspections.history,firm:3006451772,2011-07-08,2026-09-08T14:33:29Z,label,"Edward S. Mostel, M.D.",,fda.inspections.history,raw/fda.inspections.history/2026/09/20260908T143329Z-c06f5062ce8b.json.gz,1
fda.inspections.history,firm:3006636678,2011-07-08,2026-09-08T14:33:29Z,classification,1,ordinal,fda.inspections.history,raw/fda.inspections.history/2026/09/20260908T143329Z-c06f5062ce8b.json.gz,1
fda.inspections.history,firm:3006636678,2011-07-08,2026-09-08T14:33:29Z,firm_key,GLOBE ALL WELLNESS,,fda.inspections.history,raw/fda.inspections.history/2026/09/20260908T143329Z-c06f5062ce8b.json.gz,1
fda.inspections.history,firm:3006636678,2011-07-08,2026-09-08T14:33:29Z,inspected,1,count,fda.inspections.history,raw/fda.inspections.history/2026/09/20260908T143329Z-c06f5062ce8b.json.gz,1
fda.inspections.history,firm:3006636678,2011-07-08,2026-09-08T14:33:29Z,inspection_end,20110708,yyyymmdd,fda.inspections.history,raw/fda.inspections.history/2026/09/20260908T143329Z-c06f5062ce8b.json.gz,1
fda.inspections.history,firm:3006636678,2011-07-08,2026-09-08T14:33:29Z,is_foreign,0,bool,fda.inspections.history,raw/fda.inspections.history/2026/09/20260908T143329Z-c06f5062ce8b.json.gz,1
fda.inspections.history,firm:3006636678,2011-07-08,2026-09-08T14:33:29Z,is_oai,0,bool,fda.inspections.history,raw/fda.inspections.history/2026/09/20260908T143329Z-c06f5062ce8b.json.gz,1
fda.inspections.history,firm:3006636678,2011-07-08,2026-09-08T14:33:29Z,label,"Globe All Wellness, LLC",,fda.inspections.history,raw/fda.inspections.history/2026/09/20260908T143329Z-c06f5062ce8b.json.gz,1
fda.inspections.history,firm:3006776574,2011-07-19,2026-09-08T14:33:29Z,classification,1,ordinal,fda.inspections.history,raw/fda.inspections.history/2026/09/20260908T143329Z-c06f5062ce8b.json.gz,1
fda.inspections.history,firm:3006776574,2011-07-19,2026-09-08T14:33:29Z,firm_key,BEWTRA DR AGAINDRA K,,fda.inspections.history,raw/fda.inspections.history/2026/09/20260908T143329Z-c06f5062ce8b.json.gz,1
fda.inspections.history,firm:3006776574,2011-07-19,2026-09-08T14:33:29Z,inspected,1,count,fda.inspections.history,raw/fda.inspections.history/2026/09/20260908T143329Z-c06f5062ce8b.json.gz,1
fda.inspections.history,firm:3006776574,2011-07-19,2026-09-08T14:33:29Z,inspection_end,20110719,yyyymmdd,fda.inspections.history,raw/fda.inspections.history/2026/09/20260908T143329Z-c06f5062ce8b.json.gz,1
fda.inspections.history,firm:3006776574,2011-07-19,2026-09-08T14:33:29Z,is_foreign,0,bool,fda.inspections.history,raw/fda.inspections.history/2026/09/20260908T143329Z-c06f5062ce8b.json.gz,1
fda.inspections.history,firm:3006776574,2011-07-19,2026-09-08T14:33:29Z,is_oai,0,bool,fda.inspections.history,raw/fda.inspections.history/2026/09/20260908T143329Z-c06f5062ce8b.json.gz,1
fda.inspections.history,firm:3006776574,2011-07-19,2026-09-08T14:33:29Z,label,"Bewtra, Dr Againdra K",,fda.inspections.history,raw/fda.inspections.history/2026/09/20260908T143329Z-c06f5062ce8b.json.gz,1
fda.inspections.history,firm:3006803926,2011-07-08,2026-09-08T14:33:29Z,classification,1,ordinal,fda.inspections.history,raw/fda.inspections.history/2026/09/20260908T143329Z-c06f5062ce8b.json.gz,1
fda.inspections.history,firm:3006803926,2011-07-08,2026-09-08T14:33:29Z,firm_key,BENE PHARMACHEM,,fda.inspections.history,raw/fda.inspections.history/2026/09/20260908T143329Z-c06f5062ce8b.json.gz,1
fda.inspections.history,firm:3006803926,2011-07-08,2026-09-08T14:33:29Z,inspected,1,count,fda.inspections.history,raw/fda.inspections.history/2026/09/20260908T143329Z-c06f5062ce8b.json.gz,1
fda.inspections.history,firm:3006803926,2011-07-08,2026-09-08T14:33:29Z,inspection_end,20110708,yyyymmdd,fda.inspections.history,raw/fda.inspections.history/2026/09/20260908T143329Z-c06f5062ce8b.json.gz,1
fda.inspections.history,firm:3006803926,2011-07-08,2026-09-08T14:33:29Z,is_foreign,1,bool,fda.inspections.history,raw/fda.inspections.history/2026/09/20260908T143329Z-c06f5062ce8b.json.gz,1
fda.inspections.history,firm:3006803926,2011-07-08,2026-09-08T14:33:29Z,is_oai,0,bool,fda.inspections.history,raw/fda.inspections.history/2026/09/20260908T143329Z-c06f5062ce8b.json.gz,1
fda.inspections.history,firm:3006803926,2011-07-08,2026-09-08T14:33:29Z,label,bene PharmaChem GmbH Co.KG,,fda.inspections.history,raw/fda.inspections.history/2026/09/20260908T143329Z-c06f5062ce8b.json.gz,1
fda.inspections.history,firm:3007135543,2011-07-07,2026-09-08T14:33:29Z,classification,0,ordinal,fda.inspections.history,raw/fda.inspections.history/2026/09/20260908T143329Z-c06f5062ce8b.json.gz,1
fda.inspections.history,firm:3007135543,2011-07-07,2026-09-08T14:33:29Z,firm_key,MENASHA PACKAGING,,fda.inspections.history,raw/fda.inspections.history/2026/09/20260908T143329Z-c06f5062ce8b.json.gz,1
fda.inspections.history,firm:3007135543,2011-07-07,2026-09-08T14:33:29Z,inspected,1,count,fda.inspections.history,raw/fda.inspections.history/2026/09/20260908T143329Z-c06f5062ce8b.json.gz,1
fda.inspections.history,firm:3007135543,2011-07-07,2026-09-08T14:33:29Z,inspection_end,20110707,yyyymmdd,fda.inspections.history,raw/fda.inspections.history/2026/09/20260908T143329Z-c06f5062ce8b.json.gz,1
fda.inspections.history,firm:3007135543,2011-07-07,2026-09-08T14:33:29Z,is_foreign,0,bool,fda.inspections.history,raw/fda.inspections.history/2026/09/20260908T143329Z-c06f5062ce8b.json.gz,1
fda.inspections.history,firm:3007135543,2011-07-07,2026-09-08T14:33:29Z,is_oai,0,bool,fda.inspections.history,raw/fda.inspections.history/2026/09/20260908T143329Z-c06f5062ce8b.json.gz,1
fda.inspections.history,firm:3007135543,2011-07-07,2026-09-08T14:33:29Z,label,"Menasha Packaging Company, LLC",,fda.inspections.history,raw/fda.inspections.history/2026/09/20260908T143329Z-c06f5062ce8b.json.gz,1
fda.inspections.history,firm:3007157928,2011-07-20,2026-09-08T14:33:29Z,classification,0,ordinal,fda.inspections.history,raw/fda.inspections.history/2026/09/20260908T143329Z-c06f5062ce8b.json.gz,1
fda.inspections.history,firm:3007157928,2011-07-20,2026-09-08T14:33:29Z,firm_key,CAMBER,,fda.inspections.history,raw/fda.inspections.history/2026/09/20260908T143329Z-c06f5062ce8b.json.gz,1
fda.inspections.history,firm:3007157928,2011-07-20,2026-09-08T14:33:29Z,inspected,1,count,fda.inspections.history,raw/fda.inspections.history/2026/09/20260908T143329Z-c06f5062ce8b.json.gz,1
fda.inspections.history,firm:3007157928,2011-07-20,2026-09-08T14:33:29Z,inspection_end,20110720,yyyymmdd,fda.inspections.history,raw/fda.inspections.history/2026/09/20260908T143329Z-c06f5062ce8b.json.gz,1
fda.inspections.history,firm:3007157928,2011-07-20,2026-09-08T14:33:29Z,is_foreign,0,bool,fda.inspections.history,raw/fda.inspections.history/2026/09/20260908T143329Z-c06f5062ce8b.json.gz,1
fda.inspections.history,firm:3007157928,2011-07-20,2026-09-08T14:33:29Z,is_oai,0,bool,fda.inspections.history,raw/fda.inspections.history/2026/09/20260908T143329Z-c06f5062ce8b.json.gz,1
fda.inspections.history,firm:3007157928,2011-07-20,2026-09-08T14:33:29Z,label,"Camber Pharmaceuticals, Inc",,fda.inspections.history,raw/fda.inspections.history/2026/09/20260908T143329Z-c06f5062ce8b.json.gz,1
fda.inspections.history,firm:3007265276,2011-07-08,2026-09-08T14:33:29Z,classification,1,ordinal,fda.inspections.history,raw/fda.inspections.history/2026/09/20260908T143329Z-c06f5062ce8b.json.gz,1
fda.inspections.history,firm:3007265276,2011-07-08,2026-09-08T14:33:29Z,firm_key,KARL G HEINE MD,,fda.inspections.history,raw/fda.inspections.history/2026/09/20260908T143329Z-c06f5062ce8b.json.gz,1
fda.inspections.history,firm:3007265276,2011-07-08,2026-09-08T14:33:29Z,inspected,1,count,fda.inspections.history,raw/fda.inspections.history/2026/09/20260908T143329Z-c06f5062ce8b.json.gz,1
fda.inspections.history,firm:3007265276,2011-07-08,2026-09-08T14:33:29Z,inspection_end,20110708,yyyymmdd,fda.inspections.history,raw/fda.inspections.history/2026/09/20260908T143329Z-c06f5062ce8b.json.gz,1
fda.inspections.history,firm:3007265276,2011-07-08,2026-09-08T14:33:29Z,is_foreign,0,bool,fda.inspections.history,raw/fda.inspections.history/2026/09/20260908T143329Z-c06f5062ce8b.json.gz,1
fda.inspections.history,firm:3007265276,2011-07-08,2026-09-08T14:33:29Z,is_oai,0,bool,fda.inspections.history,raw/fda.inspections.history/2026/09/20260908T143329Z-c06f5062ce8b.json.gz,1
fda.inspections.history,firm:3007265276,2011-07-08,2026-09-08T14:33:29Z,label,"Karl G. Heine, MD.",,fda.inspections.history,raw/fda.inspections.history/2026/09/20260908T143329Z-c06f5062ce8b.json.gz,1
fda.inspections.history,firm:3007602692,2011-07-29,2026-09-08T14:33:29Z,classification,1,ordinal,fda.inspections.history,raw/fda.inspections.history/2026/09/20260908T143329Z-c06f5062ce8b.json.gz,1
fda.inspections.history,firm:3007602692,2011-07-29,2026-09-08T14:33:29Z,firm_key,AGILA ESPECIALIDADES FARMACEUTICAS LTDA,,fda.inspections.history,raw/fda.inspections.history/2026/09/20260908T143329Z-c06f5062ce8b.json.gz,1
fda.inspections.history,firm:3007602692,2011-07-29,2026-09-08T14:33:29Z,inspected,1,count,fda.inspections.history,raw/fda.inspections.history/2026/09/20260908T143329Z-c06f5062ce8b.json.gz,1
fda.inspections.history,firm:3007602692,2011-07-29,2026-09-08T14:33:29Z,inspection_end,20110729,yyyymmdd,fda.inspections.history,raw/fda.inspections.history/2026/09/20260908T143329Z-c06f5062ce8b.json.gz,1
fda.inspections.history,firm:3007602692,2011-07-29,2026-09-08T14:33:29Z,is_foreign,1,bool,fda.inspections.history,raw/fda.inspections.history/2026/09/20260908T143329Z-c06f5062ce8b.json.gz,1
fda.inspections.history,firm:3007602692,2011-07-29,2026-09-08T14:33:29Z,is_oai,0,bool,fda.inspections.history,raw/fda.inspections.history/2026/09/20260908T143329Z-c06f5062ce8b.json.gz,1
fda.inspections.history,firm:3007602692,2011-07-29,2026-09-08T14:33:29Z,label,Agila Especialidades Farmaceuticas Ltda,,fda.inspections.history,raw/fda.inspections.history/2026/09/20260908T143329Z-c06f5062ce8b.json.gz,1
fda.inspections.history,firm:3007829884,2011-07-11,2026-09-08T14:33:29Z,classification,0,ordinal,fda.inspections.history,raw/fda.inspections.history/2026/09/20260908T143329Z-c06f5062ce8b.json.gz,1
fda.inspections.history,firm:3007829884,2011-07-11,2026-09-08T14:33:29Z,firm_key,ENDLESS FUN,,fda.inspections.history,raw/fda.inspections.history/2026/09/20260908T143329Z-c06f5062ce8b.json.gz,1
fda.inspections.history,firm:3007829884,2011-07-11,2026-09-08T14:33:29Z,inspected,1,count,fda.inspections.history,raw/fda.inspections.history/2026/09/20260908T143329Z-c06f5062ce8b.json.gz,1
fda.inspections.history,firm:3007829884,2011-07-11,2026-09-08T14:33:29Z,inspection_end,20110711,yyyymmdd,fda.inspections.history,raw/fda.inspections.history/2026/09/20260908T143329Z-c06f5062ce8b.json.gz,1
fda.inspections.history,firm:3007829884,2011-07-11,2026-09-08T14:33:29Z,is_foreign,0,bool,fda.inspections.history,raw/fda.inspections.history/2026/09/20260908T143329Z-c06f5062ce8b.json.gz,1
fda.inspections.history,firm:3007829884,2011-07-11,2026-09-08T14:33:29Z,is_oai,0,bool,fda.inspections.history,raw/fda.inspections.history/2026/09/20260908T143329Z-c06f5062ce8b.json.gz,1
fda.inspections.history,firm:3007829884,2011-07-11,2026-09-08T14:33:29Z,label,"Endless Fun, LLC",,fda.inspections.history,raw/fda.inspections.history/2026/09/20260908T143329Z-c06f5062ce8b.json.gz,1
fda.inspections.history,firm:3007995835,2011-07-13,2026-09-08T14:33:29Z,classification,0,ordinal,fda.inspections.history,raw/fda.inspections.history/2026/09/20260908T143329Z-c06f5062ce8b.json.gz,1
fda.inspections.history,firm:3007995835,2011-07-13,2026-09-08T14:33:29Z,firm_key,MAX S BREATHE EASY GASES SUPPLIES,,fda.inspections.history,raw/fda.inspections.history/2026/09/20260908T143329Z-c06f5062ce8b.json.gz,1
fda.inspections.history,firm:3007995835,2011-07-13,2026-09-08T14:33:29Z,inspected,1,count,fda.inspections.history,raw/fda.inspections.history/2026/09/20260908T143329Z-c06f5062ce8b.json.gz,1
fda.inspections.history,firm:3007995835,2011-07-13,2026-09-08T14:33:29Z,inspection_end,20110713,yyyymmdd,fda.inspections.history,raw/fda.inspections.history/2026/09/20260908T143329Z-c06f5062ce8b.json.gz,1
fda.inspections.history,firm:3007995835,2011-07-13,2026-09-08T14:33:29Z,is_foreign,0,bool,fda.inspections.history,raw/fda.inspections.history/2026/09/20260908T143329Z-c06f5062ce8b.json.gz,1
fda.inspections.history,firm:3007995835,2011-07-13,2026-09-08T14:33:29Z,is_oai,0,bool,fda.inspections.history,raw/fda.inspections.history/2026/09/20260908T143329Z-c06f5062ce8b.json.gz,1
fda.inspections.history,firm:3007995835,2011-07-13,2026-09-08T14:33:29Z,label,"Max's Breathe Easy Gases & Supplies, Inc.",,fda.inspections.history,raw/fda.inspections.history/2026/09/20260908T143329Z-c06f5062ce8b.json.gz,1
fda.inspections.history,firm:3008135758,2011-07-28,2026-09-08T14:33:29Z,classification,1,ordinal,fda.inspections.history,raw/fda.inspections.history/2026/09/20260908T143329Z-c06f5062ce8b.json.gz,1
fda.inspections.history,firm:3008135758,2011-07-28,2026-09-08T14:33:29Z,firm_key,CURTIS L BROWN M D,,fda.inspections.history,raw/fda.inspections.history/2026/09/20260908T143329Z-c06f5062ce8b.json.gz,1
fda.inspections.history,firm:3008135758,2011-07-28,2026-09-08T14:33:29Z,inspected,1,count,fda.inspections.history,raw/fda.inspections.history/2026/09/20260908T143329Z-c06f5062ce8b.json.gz,1
fda.inspections.history,firm:3008135758,2011-07-28,2026-09-08T14:33:29Z,inspection_end,20110728,yyyymmdd,fda.inspections.history,raw/fda.inspections.history/2026/09/20260908T143329Z-c06f5062ce8b.json.gz,1
fda.inspections.history,firm:3008135758,2011-07-28,2026-09-08T14:33:29Z,is_foreign,0,bool,fda.inspections.history,raw/fda.inspections.history/2026/09/20260908T143329Z-c06f5062ce8b.json.gz,1
fda.inspections.history,firm:3008135758,2011-07-28,2026-09-08T14:33:29Z,is_oai,0,bool,fda.inspections.history,raw/fda.inspections.history/2026/09/20260908T143329Z-c06f5062ce8b.json.gz,1
fda.inspections.history,firm:3008135758,2011-07-28,2026-09-08T14:33:29Z,label,"Curtis L. Brown, M.D.",,fda.inspections.history,raw/fda.inspections.history/2026/09/20260908T143329Z-c06f5062ce8b.json.gz,1
fda.inspections.history,firm:3008294267,2011-07-07,2026-09-08T14:33:29Z,classification,1,ordinal,fda.inspections.history,raw/fda.inspections.history/2026/09/20260908T143329Z-c06f5062ce8b.json.gz,1
fda.inspections.history,firm:3008294267,2011-07-07,2026-09-08T14:33:29Z,firm_key,AIRGAS USA,,fda.inspections.history,raw/fda.inspections.history/2026/09/20260908T143329Z-c06f5062ce8b.json.gz,1
fda.inspections.history,firm:3008294267,2011-07-07,2026-09-08T14:33:29Z,inspected,1,count,fda.inspections.history,raw/fda.inspections.history/2026/09/20260908T143329Z-c06f5062ce8b.json.gz,1
fda.inspections.history,firm:3008294267,2011-07-07,2026-09-08T14:33:29Z,inspection_end,20110707,yyyymmdd,fda.inspections.history,raw/fda.inspections.history/2026/09/20260908T143329Z-c06f5062ce8b.json.gz,1
fda.inspections.history,firm:3008294267,2011-07-07,2026-09-08T14:33:29Z,is_foreign,0,bool,fda.inspections.history,raw/fda.inspections.history/2026/09/20260908T143329Z-c06f5062ce8b.json.gz,1
fda.inspections.history,firm:3008294267,2011-07-07,2026-09-08T14:33:29Z,is_oai,0,bool,fda.inspections.history,raw/fda.inspections.history/2026/09/20260908T143329Z-c06f5062ce8b.json.gz,1
fda.inspections.history,firm:3008294267,2011-07-07,2026-09-08T14:33:29Z,label,"Airgas USA, LLC",,fda.inspections.history,raw/fda.inspections.history/2026/09/20260908T143329Z-c06f5062ce8b.json.gz,1
fda.inspections.history,firm:3008349307,2011-07-07,2026-09-08T14:33:29Z,classification,1,ordinal,fda.inspections.history,raw/fda.inspections.history/2026/09/20260908T143329Z-c06f5062ce8b.json.gz,1
fda.inspections.history,firm:3008349307,2011-07-07,2026-09-08T14:33:29Z,firm_key,DELPHARM TOURS,,fda.inspections.history,raw/fda.inspections.history/2026/09/20260908T143329Z-c06f5062ce8b.json.gz,1
fda.inspections.history,firm:3008349307,2011-07-07,2026-09-08T14:33:29Z,inspected,1,count,fda.inspections.history,raw/fda.inspections.history/2026/09/20260908T143329Z-c06f5062ce8b.json.gz,1
fda.inspections.history,firm:3008349307,2011-07-07,2026-09-08T14:33:29Z,inspection_end,20110707,yyyymmdd,fda.inspections.history,raw/fda.inspections.history/2026/09/20260908T143329Z-c06f5062ce8b.json.gz,1
fda.inspections.history,firm:3008349307,2011-07-07,2026-09-08T14:33:29Z,is_foreign,1,bool,fda.inspections.history,raw/fda.inspections.history/2026/09/20260908T143329Z-c06f5062ce8b.json.gz,1
fda.inspections.history,firm:3008349307,2011-07-07,2026-09-08T14:33:29Z,is_oai,0,bool,fda.inspections.history,raw/fda.inspections.history/2026/09/20260908T143329Z-c06f5062ce8b.json.gz,1
fda.inspections.history,firm:3008349307,2011-07-07,2026-09-08T14:33:29Z,label,Delpharm Tours,,fda.inspections.history,raw/fda.inspections.history/2026/09/20260908T143329Z-c06f5062ce8b.json.gz,1
fda.inspections.history,firm:3008436464,2011-07-18,2026-09-08T14:33:29Z,classification,1,ordinal,fda.inspections.history,raw/fda.inspections.history/2026/09/20260908T143329Z-c06f5062ce8b.json.gz,1
fda.inspections.history,firm:3008436464,2011-07-18,2026-09-08T14:33:29Z,firm_key,XTTRIUM,,fda.inspections.history,raw/fda.inspections.history/2026/09/20260908T143329Z-c06f5062ce8b.json.gz,1
fda.inspections.history,firm:3008436464,2011-07-18,2026-09-08T14:33:29Z,inspected,1,count,fda.inspections.history,raw/fda.inspections.history/2026/09/20260908T143329Z-c06f5062ce8b.json.gz,1
fda.inspections.history,firm:3008436464,2011-07-18,2026-09-08T14:33:29Z,inspection_end,20110718,yyyymmdd,fda.inspections.history,raw/fda.inspections.history/2026/09/20260908T143329Z-c06f5062ce8b.json.gz,1
fda.inspections.history,firm:3008436464,2011-07-18,2026-09-08T14:33:29Z,is_foreign,0,bool,fda.inspections.history,raw/fda.inspections.history/2026/09/20260908T143329Z-c06f5062ce8b.json.gz,1
fda.inspections.history,firm:3008436464,2011-07-18,2026-09-08T14:33:29Z,is_oai,0,bool,fda.inspections.history,raw/fda.inspections.history/2026/09/20260908T143329Z-c06f5062ce8b.json.gz,1
fda.inspections.history,firm:3008436464,2011-07-18,2026-09-08T14:33:29Z,label,"Xttrium Laboratories, Inc.",,fda.inspections.history,raw/fda.inspections.history/2026/09/20260908T143329Z-c06f5062ce8b.json.gz,1
fda.inspections.history,firm:3008460374,2011-07-29,2026-09-08T14:33:29Z,classification,1,ordinal,fda.inspections.history,raw/fda.inspections.history/2026/09/20260908T143329Z-c06f5062ce8b.json.gz,1
fda.inspections.history,firm:3008460374,2011-07-29,2026-09-08T14:33:29Z,firm_key,AUROBINDO USA,,fda.inspections.history,raw/fda.inspections.history/2026/09/20260908T143329Z-c06f5062ce8b.json.gz,1
fda.inspections.history,firm:3008460374,2011-07-29,2026-09-08T14:33:29Z,inspected,1,count,fda.inspections.history,raw/fda.inspections.history/2026/09/20260908T143329Z-c06f5062ce8b.json.gz,1
fda.inspections.history,firm:3008460374,2011-07-29,2026-09-08T14:33:29Z,inspection_end,20110729,yyyymmdd,fda.inspections.history,raw/fda.inspections.history/2026/09/20260908T143329Z-c06f5062ce8b.json.gz,1
fda.inspections.history,firm:3008460374,2011-07-29,2026-09-08T14:33:29Z,is_foreign,0,bool,fda.inspections.history,raw/fda.inspections.history/2026/09/20260908T143329Z-c06f5062ce8b.json.gz,1
fda.inspections.history,firm:3008460374,2011-07-29,2026-09-08T14:33:29Z,is_oai,0,bool,fda.inspections.history,raw/fda.inspections.history/2026/09/20260908T143329Z-c06f5062ce8b.json.gz,1
fda.inspections.history,firm:3008460374,2011-07-29,2026-09-08T14:33:29Z,label,Aurobindo Pharma USA Inc,,fda.inspections.history,raw/fda.inspections.history/2026/09/20260908T143329Z-c06f5062ce8b.json.gz,1
fda.inspections.history,firm:3008571223,2011-07-28,2026-09-08T14:33:29Z,classification,0,ordinal,fda.inspections.history,raw/fda.inspections.history/2026/09/20260908T143329Z-c06f5062ce8b.json.gz,1
fda.inspections.history,firm:3008571223,2011-07-28,2026-09-08T14:33:29Z,firm_key,ADVANCED SPECIALITY PHARMACY OF TAMPA,,fda.inspections.history,raw/fda.inspections.history/2026/09/20260908T143329Z-c06f5062ce8b.json.gz,1
fda.inspections.history,firm:3008571223,2011-07-28,2026-09-08T14:33:29Z,inspected,1,count,fda.inspections.history,raw/fda.inspections.history/2026/09/20260908T143329Z-c06f5062ce8b.json.gz,1
fda.inspections.history,firm:3008571223,2011-07-28,2026-09-08T14:33:29Z,inspection_end,20110728,yyyymmdd,fda.inspections.history,raw/fda.inspections.history/2026/09/20260908T143329Z-c06f5062ce8b.json.gz,1
fda.inspections.history,firm:3008571223,2011-07-28,2026-09-08T14:33:29Z,is_foreign,0,bool,fda.inspections.history,raw/fda.inspections.history/2026/09/20260908T143329Z-c06f5062ce8b.json.gz,1
fda.inspections.history,firm:3008571223,2011-07-28,2026-09-08T14:33:29Z,is_oai,0,bool,fda.inspections.history,raw/fda.inspections.history/2026/09/20260908T143329Z-c06f5062ce8b.json.gz,1
fda.inspections.history,firm:3008571223,2011-07-28,2026-09-08T14:33:29Z,label,"Advanced Speciality Pharmacy of Tampa, LLC",,fda.inspections.history,raw/fda.inspections.history/2026/09/20260908T143329Z-c06f5062ce8b.json.gz,1
fda.inspections.history,firm:3008586208,2011-07-27,2026-09-08T14:33:29Z,classification,0,ordinal,fda.inspections.history,raw/fda.inspections.history/2026/09/20260908T143329Z-c06f5062ce8b.json.gz,1
fda.inspections.history,firm:3008586208,2011-07-27,2026-09-08T14:33:29Z,firm_key,SOUTHWESTERN REGIONAL MEDICAL CENTER IRB,,fda.inspections.history,raw/fda.inspections.history/2026/09/20260908T143329Z-c06f5062ce8b.json.gz,1
fda.inspections.history,firm:3008586208,2011-07-27,2026-09-08T14:33:29Z,inspected,1,count,fda.inspections.history,raw/fda.inspections.history/2026/09/20260908T143329Z-c06f5062ce8b.json.gz,1
fda.inspections.history,firm:3008586208,2011-07-27,2026-09-08T14:33:29Z,inspection_end,20110727,yyyymmdd,fda.inspections.history,raw/fda.inspections.history/2026/09/20260908T143329Z-c06f5062ce8b.json.gz,1
fda.inspections.history,firm:3008586208,2011-07-27,2026-09-08T14:33:29Z,is_foreign,0,bool,fda.inspections.history,raw/fda.inspections.history/2026/09/20260908T143329Z-c06f5062ce8b.json.gz,1
fda.inspections.history,firm:3008586208,2011-07-27,2026-09-08T14:33:29Z,is_oai,0,bool,fda.inspections.history,raw/fda.inspections.history/2026/09/20260908T143329Z-c06f5062ce8b.json.gz,1
fda.inspections.history,firm:3008586208,2011-07-27,2026-09-08T14:33:29Z,label,Southwestern Regional Medical Center IRB,,fda.inspections.history,raw/fda.inspections.history/2026/09/20260908T143329Z-c06f5062ce8b.json.gz,1
fda.inspections.history,firm:3008609321,2011-07-26,2026-09-08T14:33:29Z,classification,0,ordinal,fda.inspections.history,raw/fda.inspections.history/2026/09/20260908T143329Z-c06f5062ce8b.json.gz,1
fda.inspections.history,firm:3008609321,2011-07-26,2026-09-08T14:33:29Z,firm_key,CVS CAREMARK,,fda.inspections.history,raw/fda.inspections.history/2026/09/20260908T143329Z-c06f5062ce8b.json.gz,1
fda.inspections.history,firm:3008609321,2011-07-26,2026-09-08T14:33:29Z,inspected,1,count,fda.inspections.history,raw/fda.inspections.history/2026/09/20260908T143329Z-c06f5062ce8b.json.gz,1
fda.inspections.history,firm:3008609321,2011-07-26,2026-09-08T14:33:29Z,inspection_end,20110726,yyyymmdd,fda.inspections.history,raw/fda.inspections.history/2026/09/20260908T143329Z-c06f5062ce8b.json.gz,1
fda.inspections.history,firm:3008609321,2011-07-26,2026-09-08T14:33:29Z,is_foreign,0,bool,fda.inspections.history,raw/fda.inspections.history/2026/09/20260908T143329Z-c06f5062ce8b.json.gz,1
fda.inspections.history,firm:3008609321,2011-07-26,2026-09-08T14:33:29Z,is_oai,0,bool,fda.inspections.history,raw/fda.inspections.history/2026/09/20260908T143329Z-c06f5062ce8b.json.gz,1
fda.inspections.history,firm:3008609321,2011-07-26,2026-09-08T14:33:29Z,label,Cvs Caremark,,fda.inspections.history,raw/fda.inspections.history/2026/09/20260908T143329Z-c06f5062ce8b.json.gz,1
fda.inspections.history,firm:3008814202,2011-07-29,2026-09-08T14:33:29Z,classification,2,ordinal,fda.inspections.history,raw/fda.inspections.history/2026/09/20260908T143329Z-c06f5062ce8b.json.gz,1
fda.inspections.history,firm:3008814202,2011-07-29,2026-09-08T14:33:29Z,firm_key,EVOL NUTRITION ASSOCIATES,,fda.inspections.history,raw/fda.inspections.history/2026/09/20260908T143329Z-c06f5062ce8b.json.gz,1
fda.inspections.history,firm:3008814202,2011-07-29,2026-09-08T14:33:29Z,inspected,1,count,fda.inspections.history,raw/fda.inspections.history/2026/09/20260908T143329Z-c06f5062ce8b.json.gz,1
fda.inspections.history,firm:3008814202,2011-07-29,2026-09-08T14:33:29Z,inspection_end,20110729,yyyymmdd,fda.inspections.history,raw/fda.inspections.history/2026/09/20260908T143329Z-c06f5062ce8b.json.gz,1
fda.inspections.history,firm:3008814202,2011-07-29,2026-09-08T14:33:29Z,is_foreign,0,bool,fda.inspections.history,raw/fda.inspections.history/2026/09/20260908T143329Z-c06f5062ce8b.json.gz,1
fda.inspections.history,firm:3008814202,2011-07-29,2026-09-08T14:33:29Z,is_oai,1,bool,fda.inspections.history,raw/fda.inspections.history/2026/09/20260908T143329Z-c06f5062ce8b.json.gz,1
fda.inspections.history,firm:3008814202,2011-07-29,2026-09-08T14:33:29Z,label,"Evol Nutrition Associates, Inc.",,fda.inspections.history,raw/fda.inspections.history/2026/09/20260908T143329Z-c06f5062ce8b.json.gz,1
fda.inspections.history,firm:3008814204,2011-07-08,2026-09-08T14:33:29Z,classification,2,ordinal,fda.inspections.history,raw/fda.inspections.history/2026/09/20260908T143329Z-c06f5062ce8b.json.gz,1
fda.inspections.history,firm:3008814204,2011-07-08,2026-09-08T14:33:29Z,firm_key,CENTER FOR THE IMPROVEMENT OF HUMAN FUNCTIONING INTL IRB,,fda.inspections.history,raw/fda.inspections.history/2026/09/20260908T143329Z-c06f5062ce8b.json.gz,1
fda.inspections.history,firm:3008814204,2011-07-08,2026-09-08T14:33:29Z,inspected,1,count,fda.inspections.history,raw/fda.inspections.history/2026/09/20260908T143329Z-c06f5062ce8b.json.gz,1
fda.inspections.history,firm:3008814204,2011-07-08,2026-09-08T14:33:29Z,inspection_end,20110708,yyyymmdd,fda.inspections.history,raw/fda.inspections.history/2026/09/20260908T143329Z-c06f5062ce8b.json.gz,1
fda.inspections.history,firm:3008814204,2011-07-08,2026-09-08T14:33:29Z,is_foreign,0,bool,fda.inspections.history,raw/fda.inspections.history/2026/09/20260908T143329Z-c06f5062ce8b.json.gz,1
fda.inspections.history,firm:3008814204,2011-07-08,2026-09-08T14:33:29Z,is_oai,1,bool,fda.inspections.history,raw/fda.inspections.history/2026/09/20260908T143329Z-c06f5062ce8b.json.gz,1
fda.inspections.history,firm:3008814204,2011-07-08,2026-09-08T14:33:29Z,label,Center for the Improvement of Human Functioning Intl IRB,,fda.inspections.history,raw/fda.inspections.history/2026/09/20260908T143329Z-c06f5062ce8b.json.gz,1
fda.inspections.history,firm:3008870022,2011-07-14,2026-09-08T14:33:29Z,classification,0,ordinal,fda.inspections.history,raw/fda.inspections.history/2026/09/20260908T143329Z-c06f5062ce8b.json.gz,1
fda.inspections.history,firm:3008870022,2011-07-14,2026-09-08T14:33:29Z,firm_key,KETTERING HEALTH NETWORK IRB,,fda.inspections.history,raw/fda.inspections.history/2026/09/20260908T143329Z-c06f5062ce8b.json.gz,1
fda.inspections.history,firm:3008870022,2011-07-14,2026-09-08T14:33:29Z,inspected,1,count,fda.inspections.history,raw/fda.inspections.history/2026/09/20260908T143329Z-c06f5062ce8b.json.gz,1
fda.inspections.history,firm:3008870022,2011-07-14,2026-09-08T14:33:29Z,inspection_end,20110714,yyyymmdd,fda.inspections.history,raw/fda.inspections.history/2026/09/20260908T143329Z-c06f5062ce8b.json.gz,1
fda.inspections.history,firm:3008870022,2011-07-14,2026-09-08T14:33:29Z,is_foreign,0,bool,fda.inspections.history,raw/fda.inspections.history/2026/09/20260908T143329Z-c06f5062ce8b.json.gz,1
fda.inspections.history,firm:3008870022,2011-07-14,2026-09-08T14:33:29Z,is_oai,0,bool,fda.inspections.history,raw/fda.inspections.history/2026/09/20260908T143329Z-c06f5062ce8b.json.gz,1
fda.inspections.history,firm:3008870022,2011-07-14,2026-09-08T14:33:29Z,label,Kettering Health Network (IRB),,fda.inspections.history,raw/fda.inspections.history/2026/09/20260908T143329Z-c06f5062ce8b.json.gz,1
fda.inspections.history,firm:3008889513,2011-07-15,2026-09-08T14:33:29Z,classification,1,ordinal,fda.inspections.history,raw/fda.inspections.history/2026/09/20260908T143329Z-c06f5062ce8b.json.gz,1
fda.inspections.history,firm:3008889513,2011-07-15,2026-09-08T14:33:29Z,firm_key,SAMI L BAHNA MD,,fda.inspections.history,raw/fda.inspections.history/2026/09/20260908T143329Z-c06f5062ce8b.json.gz,1
fda.inspections.history,firm:3008889513,2011-07-15,2026-09-08T14:33:29Z,inspected,1,count,fda.inspections.history,raw/fda.inspections.history/2026/09/20260908T143329Z-c06f5062ce8b.json.gz,1
fda.inspections.history,firm:3008889513,2011-07-15,2026-09-08T14:33:29Z,inspection_end,20110715,yyyymmdd,fda.inspections.history,raw/fda.inspections.history/2026/09/20260908T143329Z-c06f5062ce8b.json.gz,1
fda.inspections.history,firm:3008889513,2011-07-15,2026-09-08T14:33:29Z,is_foreign,0,bool,fda.inspections.history,raw/fda.inspections.history/2026/09/20260908T143329Z-c06f5062ce8b.json.gz,1
fda.inspections.history,firm:3008889513,2011-07-15,2026-09-08T14:33:29Z,is_oai,0,bool,fda.inspections.history,raw/fda.inspections.history/2026/09/20260908T143329Z-c06f5062ce8b.json.gz,1
fda.inspections.history,firm:3008889513,2011-07-15,2026-09-08T14:33:29Z,label,Sami L Bahna MD,,fda.inspections.history,raw/fda.inspections.history/2026/09/20260908T143329Z-c06f5062ce8b.json.gz,1
fda.inspections.history,firm:3008903511,2011-07-20,2026-09-08T14:33:29Z,classification,1,ordinal,fda.inspections.history,raw/fda.inspections.history/2026/09/20260908T143329Z-c06f5062ce8b.json.gz,1
fda.inspections.history,firm:3008903511,2011-07-20,2026-09-08T14:33:29Z,firm_key,HETERO USA,,fda.inspections.history,raw/fda.inspections.history/2026/09/20260908T143329Z-c06f5062ce8b.json.gz,1
fda.inspections.history,firm:3008903511,2011-07-20,2026-09-08T14:33:29Z,inspected,1,count,fda.inspections.history,raw/fda.inspections.history/2026/09/20260908T143329Z-c06f5062ce8b.json.gz,1
fda.inspections.history,firm:3008903511,2011-07-20,2026-09-08T14:33:29Z,inspection_end,20110720,yyyymmdd,fda.inspections.history,raw/fda.inspections.history/2026/09/20260908T143329Z-c06f5062ce8b.json.gz,1
fda.inspections.history,firm:3008903511,2011-07-20,2026-09-08T14:33:29Z,is_foreign,0,bool,fda.inspections.history,raw/fda.inspections.history/2026/09/20260908T143329Z-c06f5062ce8b.json.gz,1
fda.inspections.history,firm:3008903511,2011-07-20,2026-09-08T14:33:29Z,is_oai,0,bool,fda.inspections.history,raw/fda.inspections.history/2026/09/20260908T143329Z-c06f5062ce8b.json.gz,1
fda.inspections.history,firm:3008903511,2011-07-20,2026-09-08T14:33:29Z,label,Hetero USA Inc,,fda.inspections.history,raw/fda.inspections.history/2026/09/20260908T143329Z-c06f5062ce8b.json.gz,1
fda.inspections.history,firm:3008925028,2011-07-08,2026-09-08T14:33:29Z,classification,0,ordinal,fda.inspections.history,raw/fda.inspections.history/2026/09/20260908T143329Z-c06f5062ce8b.json.gz,1
fda.inspections.history,firm:3008925028,2011-07-08,2026-09-08T14:33:29Z,firm_key,DR JULIUS SHERWINTER MD,,fda.inspections.history,raw/fda.inspections.history/2026/09/20260908T143329Z-c06f5062ce8b.json.gz,1
fda.inspections.history,firm:3008925028,2011-07-08,2026-09-08T14:33:29Z,inspected,1,count,fda.inspections.history,raw/fda.inspections.history/2026/09/20260908T143329Z-c06f5062ce8b.json.gz,1
fda.inspections.history,firm:3008925028,2011-07-08,2026-09-08T14:33:29Z,inspection_end,20110708,yyyymmdd,fda.inspections.history,raw/fda.inspections.history/2026/09/20260908T143329Z-c06f5062ce8b.json.gz,1
fda.inspections.history,firm:3008925028,2011-07-08,2026-09-08T14:33:29Z,is_foreign,0,bool,fda.inspections.history,raw/fda.inspections.history/2026/09/20260908T143329Z-c06f5062ce8b.json.gz,1
fda.inspections.history,firm:3008925028,2011-07-08,2026-09-08T14:33:29Z,is_oai,0,bool,fda.inspections.history,raw/fda.inspections.history/2026/09/20260908T143329Z-c06f5062ce8b.json.gz,1
fda.inspections.history,firm:3008925028,2011-07-08,2026-09-08T14:33:29Z,label,"Dr. Julius Sherwinter, MD",,fda.inspections.history,raw/fda.inspections.history/2026/09/20260908T143329Z-c06f5062ce8b.json.gz,1
fda.inspections.history,firm:3008925267,2011-07-12,2026-09-08T14:33:29Z,classification,0,ordinal,fda.inspections.history,raw/fda.inspections.history/2026/09/20260908T143329Z-c06f5062ce8b.json.gz,1
fda.inspections.history,firm:3008925267,2011-07-12,2026-09-08T14:33:29Z,firm_key,TINA RAINE BENNETT M D,,fda.inspections.history,raw/fda.inspections.history/2026/09/20260908T143329Z-c06f5062ce8b.json.gz,1
fda.inspections.history,firm:3008925267,2011-07-12,2026-09-08T14:33:29Z,inspected,1,count,fda.inspections.history,raw/fda.inspections.history/2026/09/20260908T143329Z-c06f5062ce8b.json.gz,1
fda.inspections.history,firm:3008925267,2011-07-12,2026-09-08T14:33:29Z,inspection_end,20110712,yyyymmdd,fda.inspections.history,raw/fda.inspections.history/2026/09/20260908T143329Z-c06f5062ce8b.json.gz,1
fda.inspections.history,firm:3008925267,2011-07-12,2026-09-08T14:33:29Z,is_foreign,0,bool,fda.inspections.history,raw/fda.inspections.history/2026/09/20260908T143329Z-c06f5062ce8b.json.gz,1
fda.inspections.history,firm:3008925267,2011-07-12,2026-09-08T14:33:29Z,is_oai,0,bool,fda.inspections.history,raw/fda.inspections.history/2026/09/20260908T143329Z-c06f5062ce8b.json.gz,1
fda.inspections.history,firm:3008925267,2011-07-12,2026-09-08T14:33:29Z,label,"Tina Raine-Bennett, M.D.",,fda.inspections.history,raw/fda.inspections.history/2026/09/20260908T143329Z-c06f5062ce8b.json.gz,1
fda.inspections.history,firm:3008939687,2011-07-08,2026-09-08T14:33:29Z,classification,1,ordinal,fda.inspections.history,raw/fda.inspections.history/2026/09/20260908T143329Z-c06f5062ce8b.json.gz,1
fda.inspections.history,firm:3008939687,2011-07-08,2026-09-08T14:33:29Z,firm_key,JDJMM ENTERPRISES,,fda.inspections.history,raw/fda.inspections.history/2026/09/20260908T143329Z-c06f5062ce8b.json.gz,1
fda.inspections.history,firm:3008939687,2011-07-08,2026-09-08T14:33:29Z,inspected,1,count,fda.inspections.history,raw/fda.inspections.history/2026/09/20260908T143329Z-c06f5062ce8b.json.gz,1
fda.inspections.history,firm:3008939687,2011-07-08,2026-09-08T14:33:29Z,inspection_end,20110708,yyyymmdd,fda.inspections.history,raw/fda.inspections.history/2026/09/20260908T143329Z-c06f5062ce8b.json.gz,1
fda.inspections.history,firm:3008939687,2011-07-08,2026-09-08T14:33:29Z,is_foreign,0,bool,fda.inspections.history,raw/fda.inspections.history/2026/09/20260908T143329Z-c06f5062ce8b.json.gz,1
fda.inspections.history,firm:3008939687,2011-07-08,2026-09-08T14:33:29Z,is_oai,0,bool,fda.inspections.history,raw/fda.inspections.history/2026/09/20260908T143329Z-c06f5062ce8b.json.gz,1
fda.inspections.history,firm:3008939687,2011-07-08,2026-09-08T14:33:29Z,label,JDJMM Enterprises,,fda.inspections.history,raw/fda.inspections.history/2026/09/20260908T143329Z-c06f5062ce8b.json.gz,1
fda.inspections.history,firm:3008956470,2011-07-25,2026-09-08T14:33:29Z,classification,1,ordinal,fda.inspections.history,raw/fda.inspections.history/2026/09/20260908T143329Z-c06f5062ce8b.json.gz,1
fda.inspections.history,firm:3008956470,2011-07-25,2026-09-08T14:33:29Z,firm_key,ROBERT C STOLER M D,,fda.inspections.history,raw/fda.inspections.history/2026/09/20260908T143329Z-c06f5062ce8b.json.gz,1
fda.inspections.history,firm:3008956470,2011-07-25,2026-09-08T14:33:29Z,inspected,1,count,fda.inspections.history,raw/fda.inspections.history/2026/09/20260908T143329Z-c06f5062ce8b.json.gz,1
fda.inspections.history,firm:3008956470,2011-07-25,2026-09-08T14:33:29Z,inspection_end,20110725,yyyymmdd,fda.inspections.history,raw/fda.inspections.history/2026/09/20260908T143329Z-c06f5062ce8b.json.gz,1
fda.inspections.history,firm:3008956470,2011-07-25,2026-09-08T14:33:29Z,is_foreign,0,bool,fda.inspections.history,raw/fda.inspections.history/2026/09/20260908T143329Z-c06f5062ce8b.json.gz,1
fda.inspections.history,firm:3008956470,2011-07-25,2026-09-08T14:33:29Z,is_oai,0,bool,fda.inspections.history,raw/fda.inspections.history/2026/09/20260908T143329Z-c06f5062ce8b.json.gz,1
fda.inspections.history,firm:3008956470,2011-07-25,2026-09-08T14:33:29Z,label,"Robert C. Stoler, M.D.",,fda.inspections.history,raw/fda.inspections.history/2026/09/20260908T143329Z-c06f5062ce8b.json.gz,1
fda.inspections.history,firm:3008962338,2011-07-14,2026-09-08T14:33:29Z,classification,1,ordinal,fda.inspections.history,raw/fda.inspections.history/2026/09/20260908T143329Z-c06f5062ce8b.json.gz,1
fda.inspections.history,firm:3008962338,2011-07-14,2026-09-08T14:33:29Z,firm_key,PINKUS GOLDBERG M D,,fda.inspections.history,raw/fda.inspections.history/2026/09/20260908T143329Z-c06f5062ce8b.json.gz,1
fda.inspections.history,firm:3008962338,2011-07-14,2026-09-08T14:33:29Z,inspected,1,count,fda.inspections.history,raw/fda.inspections.history/2026/09/20260908T143329Z-c06f5062ce8b.json.gz,1
fda.inspections.history,firm:3008962338,2011-07-14,2026-09-08T14:33:29Z,inspection_end,20110714,yyyymmdd,fda.inspections.history,raw/fda.inspections.history/2026/09/20260908T143329Z-c06f5062ce8b.json.gz,1
fda.inspections.history,firm:3008962338,2011-07-14,2026-09-08T14:33:29Z,is_foreign,0,bool,fda.inspections.history,raw/fda.inspections.history/2026/09/20260908T143329Z-c06f5062ce8b.json.gz,1
fda.inspections.history,firm:3008962338,2011-07-14,2026-09-08T14:33:29Z,is_oai,0,bool,fda.inspections.history,raw/fda.inspections.history/2026/09/20260908T143329Z-c06f5062ce8b.json.gz,1
fda.inspections.history,firm:3008962338,2011-07-14,2026-09-08T14:33:29Z,label,"Pinkus Goldberg, M.D.",,fda.inspections.history,raw/fda.inspections.history/2026/09/20260908T143329Z-c06f5062ce8b.json.gz,1
fda.inspections.history,firm:3008966123,2011-07-30,2026-09-08T14:33:29Z,classification,1,ordinal,fda.inspections.history,raw/fda.inspections.history/2026/09/20260908T143329Z-c06f5062ce8b.json.gz,1
fda.inspections.history,firm:3008966123,2011-07-30,2026-09-08T14:33:29Z,firm_key,DR FENGYUN LOU,,fda.inspections.history,raw/fda.inspections.history/2026/09/20260908T143329Z-c06f5062ce8b.json.gz,1
fda.inspections.history,firm:3008966123,2011-07-30,2026-09-08T14:33:29Z,inspected,1,count,fda.inspections.history,raw/fda.inspections.history/2026/09/20260908T143329Z-c06f5062ce8b.json.gz,1
fda.inspections.history,firm:3008966123,2011-07-30,2026-09-08T14:33:29Z,inspection_end,20110730,yyyymmdd,fda.inspections.history,raw/fda.inspections.history/2026/09/20260908T143329Z-c06f5062ce8b.json.gz,1
fda.inspections.history,firm:3008966123,2011-07-30,2026-09-08T14:33:29Z,is_foreign,1,bool,fda.inspections.history,raw/fda.inspections.history/2026/09/20260908T143329Z-c06f5062ce8b.json.gz,1
fda.inspections.history,firm:3008966123,2011-07-30,2026-09-08T14:33:29Z,is_oai,0,bool,fda.inspections.history,raw/fda.inspections.history/2026/09/20260908T143329Z-c06f5062ce8b.json.gz,1
fda.inspections.history,firm:3008966123,2011-07-30,2026-09-08T14:33:29Z,label,Dr. Fengyun Lou,,fda.inspections.history,raw/fda.inspections.history/2026/09/20260908T143329Z-c06f5062ce8b.json.gz,1
fda.inspections.history,firm:3008970547,2011-07-20,2026-09-08T14:33:29Z,classification,0,ordinal,fda.inspections.history,raw/fda.inspections.history/2026/09/20260908T143329Z-c06f5062ce8b.json.gz,1
fda.inspections.history,firm:3008970547,2011-07-20,2026-09-08T14:33:29Z,firm_key,SUSAN GREENBLOOM M D,,fda.inspections.history,raw/fda.inspections.history/2026/09/20260908T143329Z-c06f5062ce8b.json.gz,1
fda.inspections.history,firm:3008970547,2011-07-20,2026-09-08T14:33:29Z,inspected,1,count,fda.inspections.history,raw/fda.inspections.history/2026/09/20260908T143329Z-c06f5062ce8b.json.gz,1
fda.inspections.history,firm:3008970547,2011-07-20,2026-09-08T14:33:29Z,inspection_end,20110720,yyyymmdd,fda.inspections.history,raw/fda.inspections.history/2026/09/20260908T143329Z-c06f5062ce8b.json.gz,1
fda.inspections.history,firm:3008970547,2011-07-20,2026-09-08T14:33:29Z,is_foreign,1,bool,fda.inspections.history,raw/fda.inspections.history/2026/09/20260908T143329Z-c06f5062ce8b.json.gz,1
fda.inspections.history,firm:3008970547,2011-07-20,2026-09-08T14:33:29Z,is_oai,0,bool,fda.inspections.history,raw/fda.inspections.history/2026/09/20260908T143329Z-c06f5062ce8b.json.gz,1
fda.inspections.history,firm:3008970547,2011-07-20,2026-09-08T14:33:29Z,label,"Susan Greenbloom, M.D.",,fda.inspections.history,raw/fda.inspections.history/2026/09/20260908T143329Z-c06f5062ce8b.json.gz,1
fda.inspections.history,firm:3008986255,2011-07-27,2026-09-08T14:33:29Z,classification,0,ordinal,fda.inspections.history,raw/fda.inspections.history/2026/09/20260908T143329Z-c06f5062ce8b.json.gz,1
fda.inspections.history,firm:3008986255,2011-07-27,2026-09-08T14:33:29Z,firm_key,CAROLE B MILLER M D,,fda.inspections.history,raw/fda.inspections.history/2026/09/20260908T143329Z-c06f5062ce8b.json.gz,1
fda.inspections.history,firm:3008986255,2011-07-27,2026-09-08T14:33:29Z,inspected,1,count,fda.inspections.history,raw/fda.inspections.history/2026/09/20260908T143329Z-c06f5062ce8b.json.gz,1
fda.inspections.history,firm:3008986255,2011-07-27,2026-09-08T14:33:29Z,inspection_end,20110727,yyyymmdd,fda.inspections.history,raw/fda.inspections.history/2026/09/20260908T143329Z-c06f5062ce8b.json.gz,1
fda.inspections.history,firm:3008986255,2011-07-27,2026-09-08T14:33:29Z,is_foreign,0,bool,fda.inspections.history,raw/fda.inspections.history/2026/09/20260908T143329Z-c06f5062ce8b.json.gz,1
fda.inspections.history,firm:3008986255,2011-07-27,2026-09-08T14:33:29Z,is_oai,0,bool,fda.inspections.history,raw/fda.inspections.history/2026/09/20260908T143329Z-c06f5062ce8b.json.gz,1
fda.inspections.history,firm:3008986255,2011-07-27,2026-09-08T14:33:29Z,label,"Carole B. Miller, M.D.",,fda.inspections.history,raw/fda.inspections.history/2026/09/20260908T143329Z-c06f5062ce8b.json.gz,1
fda.inspections.history,firm:3008990396,2011-07-15,2026-09-08T14:33:29Z,classification,1,ordinal,fda.inspections.history,raw/fda.inspections.history/2026/09/20260908T143329Z-c06f5062ce8b.json.gz,1
fda.inspections.history,firm:3008990396,2011-07-15,2026-09-08T14:33:29Z,firm_key,DR ALESSANDRO TESTORI,,fda.inspections.history,raw/fda.inspections.history/2026/09/20260908T143329Z-c06f5062ce8b.json.gz,1
fda.inspections.history,firm:3008990396,2011-07-15,2026-09-08T14:33:29Z,inspected,1,count,fda.inspections.history,raw/fda.inspections.history/2026/09/20260908T143329Z-c06f5062ce8b.json.gz,1
fda.inspections.history,firm:3008990396,2011-07-15,2026-09-08T14:33:29Z,inspection_end,20110715,yyyymmdd,fda.inspections.history,raw/fda.inspections.history/2026/09/20260908T143329Z-c06f5062ce8b.json.gz,1
fda.inspections.history,firm:3008990396,2011-07-15,2026-09-08T14:33:29Z,is_foreign,1,bool,fda.inspections.history,raw/fda.inspections.history/2026/09/20260908T143329Z-c06f5062ce8b.json.gz,1
fda.inspections.history,firm:3008990396,2011-07-15,2026-09-08T14:33:29Z,is_oai,0,bool,fda.inspections.history,raw/fda.inspections.history/2026/09/20260908T143329Z-c06f5062ce8b.json.gz,1
fda.inspections.history,firm:3008990396,2011-07-15,2026-09-08T14:33:29Z,label,Dr. Alessandro Testori,,fda.inspections.history,raw/fda.inspections.history/2026/09/20260908T143329Z-c06f5062ce8b.json.gz,1
fda.inspections.history,firm:3008990415,2011-07-21,2026-09-08T14:33:29Z,classification,1,ordinal,fda.inspections.history,raw/fda.inspections.history/2026/09/20260908T143329Z-c06f5062ce8b.json.gz,1
fda.inspections.history,firm:3008990415,2011-07-21,2026-09-08T14:33:29Z,firm_key,DR CARMEN LOQUAI,,fda.inspections.history,raw/fda.inspections.history/2026/09/20260908T143329Z-c06f5062ce8b.json.gz,1
fda.inspections.history,firm:3008990415,2011-07-21,2026-09-08T14:33:29Z,inspected,1,count,fda.inspections.history,raw/fda.inspections.history/2026/09/20260908T143329Z-c06f5062ce8b.json.gz,1
fda.inspections.history,firm:3008990415,2011-07-21,2026-09-08T14:33:29Z,inspection_end,20110721,yyyymmdd,fda.inspections.history,raw/fda.inspections.history/2026/09/20260908T143329Z-c06f5062ce8b.json.gz,1
fda.inspections.history,firm:3008990415,2011-07-21,2026-09-08T14:33:29Z,is_foreign,1,bool,fda.inspections.history,raw/fda.inspections.history/2026/09/20260908T143329Z-c06f5062ce8b.json.gz,1
fda.inspections.history,firm:3008990415,2011-07-21,2026-09-08T14:33:29Z,is_oai,0,bool,fda.inspections.history,raw/fda.inspections.history/2026/09/20260908T143329Z-c06f5062ce8b.json.gz,1
fda.inspections.history,firm:3008990415,2011-07-21,2026-09-08T14:33:29Z,label,Dr. Carmen Loquai,,fda.inspections.history,raw/fda.inspections.history/2026/09/20260908T143329Z-c06f5062ce8b.json.gz,1
fda.inspections.history,firm:3008991457,2011-07-18,2026-09-08T14:33:29Z,classification,1,ordinal,fda.inspections.history,raw/fda.inspections.history/2026/09/20260908T143329Z-c06f5062ce8b.json.gz,1
fda.inspections.history,firm:3008991457,2011-07-18,2026-09-08T14:33:29Z,firm_key,MAUREEN COOPER,,fda.inspections.history,raw/fda.inspections.history/2026/09/20260908T143329Z-c06f5062ce8b.json.gz,1
fda.inspections.history,firm:3008991457,2011-07-18,2026-09-08T14:33:29Z,inspected,1,count,fda.inspections.history,raw/fda.inspections.history/2026/09/20260908T143329Z-c06f5062ce8b.json.gz,1
fda.inspections.history,firm:3008991457,2011-07-18,2026-09-08T14:33:29Z,inspection_end,20110718,yyyymmdd,fda.inspections.history,raw/fda.inspections.history/2026/09/20260908T143329Z-c06f5062ce8b.json.gz,1
fda.inspections.history,firm:3008991457,2011-07-18,2026-09-08T14:33:29Z,is_foreign,0,bool,fda.inspections.history,raw/fda.inspections.history/2026/09/20260908T143329Z-c06f5062ce8b.json.gz,1
fda.inspections.history,firm:3008991457,2011-07-18,2026-09-08T14:33:29Z,is_oai,0,bool,fda.inspections.history,raw/fda.inspections.history/2026/09/20260908T143329Z-c06f5062ce8b.json.gz,1
fda.inspections.history,firm:3008991457,2011-07-18,2026-09-08T14:33:29Z,label,Maureen Cooper,,fda.inspections.history,raw/fda.inspections.history/2026/09/20260908T143329Z-c06f5062ce8b.json.gz,1
fda.inspections.history,firm:3008992719,2011-07-29,2026-09-08T14:33:29Z,classification,0,ordinal,fda.inspections.history,raw/fda.inspections.history/2026/09/20260908T143329Z-c06f5062ce8b.json.gz,1
fda.inspections.history,firm:3008992719,2011-07-29,2026-09-08T14:33:29Z,firm_key,KATHERINE R SHEPHERD,,fda.inspections.history,raw/fda.inspections.history/2026/09/20260908T143329Z-c06f5062ce8b.json.gz,1
fda.inspections.history,firm:3008992719,2011-07-29,2026-09-08T14:33:29Z,inspected,1,count,fda.inspections.history,raw/fda.inspections.history/2026/09/20260908T143329Z-c06f5062ce8b.json.gz,1
fda.inspections.history,firm:3008992719,2011-07-29,2026-09-08T14:33:29Z,inspection_end,20110729,yyyymmdd,fda.inspections.history,raw/fda.inspections.history/2026/09/20260908T143329Z-c06f5062ce8b.json.gz,1
fda.inspections.history,firm:3008992719,2011-07-29,2026-09-08T14:33:29Z,is_foreign,0,bool,fda.inspections.history,raw/fda.inspections.history/2026/09/20260908T143329Z-c06f5062ce8b.json.gz,1
fda.inspections.history,firm:3008992719,2011-07-29,2026-09-08T14:33:29Z,is_oai,0,bool,fda.inspections.history,raw/fda.inspections.history/2026/09/20260908T143329Z-c06f5062ce8b.json.gz,1
fda.inspections.history,firm:3008992719,2011-07-29,2026-09-08T14:33:29Z,label,Katherine R Shepherd,,fda.inspections.history,raw/fda.inspections.history/2026/09/20260908T143329Z-c06f5062ce8b.json.gz,1
fda.inspections.history,firm:3008992726,2011-07-28,2026-09-08T14:33:29Z,classification,0,ordinal,fda.inspections.history,raw/fda.inspections.history/2026/09/20260908T143329Z-c06f5062ce8b.json.gz,1
fda.inspections.history,firm:3008992726,2011-07-28,2026-09-08T14:33:29Z,firm_key,PATTI J PERRY,,fda.inspections.history,raw/fda.inspections.history/2026/09/20260908T143329Z-c06f5062ce8b.json.gz,1
fda.inspections.history,firm:3008992726,2011-07-28,2026-09-08T14:33:29Z,inspected,1,count,fda.inspections.history,raw/fda.inspections.history/2026/09/20260908T143329Z-c06f5062ce8b.json.gz,1
fda.inspections.history,firm:3008992726,2011-07-28,2026-09-08T14:33:29Z,inspection_end,20110728,yyyymmdd,fda.inspections.history,raw/fda.inspections.history/2026/09/20260908T143329Z-c06f5062ce8b.json.gz,1
fda.inspections.history,firm:3008992726,2011-07-28,2026-09-08T14:33:29Z,is_foreign,0,bool,fda.inspections.history,raw/fda.inspections.history/2026/09/20260908T143329Z-c06f5062ce8b.json.gz,1
fda.inspections.history,firm:3008992726,2011-07-28,2026-09-08T14:33:29Z,is_oai,0,bool,fda.inspections.history,raw/fda.inspections.history/2026/09/20260908T143329Z-c06f5062ce8b.json.gz,1
fda.inspections.history,firm:3008992726,2011-07-28,2026-09-08T14:33:29Z,label,Patti J. Perry,,fda.inspections.history,raw/fda.inspections.history/2026/09/20260908T143329Z-c06f5062ce8b.json.gz,1
fda.inspections.history,firm:3008996610,2011-07-20,2026-09-08T14:33:29Z,classification,0,ordinal,fda.inspections.history,raw/fda.inspections.history/2026/09/20260908T143329Z-c06f5062ce8b.json.gz,1
fda.inspections.history,firm:3008996610,2011-07-20,2026-09-08T14:33:29Z,firm_key,JOHN O BRIEN MD,,fda.inspections.history,raw/fda.inspections.history/2026/09/20260908T143329Z-c06f5062ce8b.json.gz,1
fda.inspections.history,firm:3008996610,2011-07-20,2026-09-08T14:33:29Z,inspected,1,count,fda.inspections.history,raw/fda.inspections.history/2026/09/20260908T143329Z-c06f5062ce8b.json.gz,1
fda.inspections.history,firm:3008996610,2011-07-20,2026-09-08T14:33:29Z,inspection_end,20110720,yyyymmdd,fda.inspections.history,raw/fda.inspections.history/2026/09/20260908T143329Z-c06f5062ce8b.json.gz,1
fda.inspections.history,firm:3008996610,2011-07-20,2026-09-08T14:33:29Z,is_foreign,0,bool,fda.inspections.history,raw/fda.inspections.history/2026/09/20260908T143329Z-c06f5062ce8b.json.gz,1
fda.inspections.history,firm:3008996610,2011-07-20,2026-09-08T14:33:29Z,is_oai,0,bool,fda.inspections.history,raw/fda.inspections.history/2026/09/20260908T143329Z-c06f5062ce8b.json.gz,1
fda.inspections.history,firm:3008996610,2011-07-20,2026-09-08T14:33:29Z,label,John O'Brien MD,,fda.inspections.history,raw/fda.inspections.history/2026/09/20260908T143329Z-c06f5062ce8b.json.gz,1
fda.inspections.history,firm:3009025687,2011-07-22,2026-09-08T14:33:29Z,classification,0,ordinal,fda.inspections.history,raw/fda.inspections.history/2026/09/20260908T143329Z-c06f5062ce8b.json.gz,1
fda.inspections.history,firm:3009025687,2011-07-22,2026-09-08T14:33:29Z,firm_key,DR MAREK SPACZYNSKI,,fda.inspections.history,raw/fda.inspections.history/2026/09/20260908T143329Z-c06f5062ce8b.json.gz,1
fda.inspections.history,firm:3009025687,2011-07-22,2026-09-08T14:33:29Z,inspected,1,count,fda.inspections.history,raw/fda.inspections.history/2026/09/20260908T143329Z-c06f5062ce8b.json.gz,1
fda.inspections.history,firm:3009025687,2011-07-22,2026-09-08T14:33:29Z,inspection_end,20110722,yyyymmdd,fda.inspections.history,raw/fda.inspections.history/2026/09/20260908T143329Z-c06f5062ce8b.json.gz,1
fda.inspections.history,firm:3009025687,2011-07-22,2026-09-08T14:33:29Z,is_foreign,1,bool,fda.inspections.history,raw/fda.inspections.history/2026/09/20260908T143329Z-c06f5062ce8b.json.gz,1
fda.inspections.history,firm:3009025687,2011-07-22,2026-09-08T14:33:29Z,is_oai,0,bool,fda.inspections.history,raw/fda.inspections.history/2026/09/20260908T143329Z-c06f5062ce8b.json.gz,1
fda.inspections.history,firm:3009025687,2011-07-22,2026-09-08T14:33:29Z,label,Dr. Marek Spaczynski,,fda.inspections.history,raw/fda.inspections.history/2026/09/20260908T143329Z-c06f5062ce8b.json.gz,1
fda.inspections.history,firm:3009025714,2011-07-29,2026-09-08T14:33:29Z,classification,0,ordinal,fda.inspections.history,raw/fda.inspections.history/2026/09/20260908T143329Z-c06f5062ce8b.json.gz,1
fda.inspections.history,firm:3009025714,2011-07-29,2026-09-08T14:33:29Z,firm_key,KRZYSZTOF DYNOWSKI MD,,fda.inspections.history,raw/fda.inspections.history/2026/09/20260908T143329Z-c06f5062ce8b.json.gz,1
fda.inspections.history,firm:3009025714,2011-07-29,2026-09-08T14:33:29Z,inspected,1,count,fda.inspections.history,raw/fda.inspections.history/2026/09/20260908T143329Z-c06f5062ce8b.json.gz,1
fda.inspections.history,firm:3009025714,2011-07-29,2026-09-08T14:33:29Z,inspection_end,20110729,yyyymmdd,fda.inspections.history,raw/fda.inspections.history/2026/09/20260908T143329Z-c06f5062ce8b.json.gz,1
fda.inspections.history,firm:3009025714,2011-07-29,2026-09-08T14:33:29Z,is_foreign,1,bool,fda.inspections.history,raw/fda.inspections.history/2026/09/20260908T143329Z-c06f5062ce8b.json.gz,1
fda.inspections.history,firm:3009025714,2011-07-29,2026-09-08T14:33:29Z,is_oai,0,bool,fda.inspections.history,raw/fda.inspections.history/2026/09/20260908T143329Z-c06f5062ce8b.json.gz,1
fda.inspections.history,firm:3009025714,2011-07-29,2026-09-08T14:33:29Z,label,"Krzysztof Dynowski, MD",,fda.inspections.history,raw/fda.inspections.history/2026/09/20260908T143329Z-c06f5062ce8b.json.gz,1
fda.inspections.history,firm:3009025884,2011-07-26,2026-09-08T14:33:29Z,classification,0,ordinal,fda.inspections.history,raw/fda.inspections.history/2026/09/20260908T143329Z-c06f5062ce8b.json.gz,1
fda.inspections.history,firm:3009025884,2011-07-26,2026-09-08T14:33:29Z,firm_key,VERONIQUE BAUDOUIN MD,,fda.inspections.history,raw/fda.inspections.history/2026/09/20260908T143329Z-c06f5062ce8b.json.gz,1
fda.inspections.history,firm:3009025884,2011-07-26,2026-09-08T14:33:29Z,inspected,1,count,fda.inspections.history,raw/fda.inspections.history/2026/09/20260908T143329Z-c06f5062ce8b.json.gz,1
fda.inspections.history,firm:3009025884,2011-07-26,2026-09-08T14:33:29Z,inspection_end,20110726,yyyymmdd,fda.inspections.history,raw/fda.inspections.history/2026/09/20260908T143329Z-c06f5062ce8b.json.gz,1
fda.inspections.history,firm:3009025884,2011-07-26,2026-09-08T14:33:29Z,is_foreign,1,bool,fda.inspections.history,raw/fda.inspections.history/2026/09/20260908T143329Z-c06f5062ce8b.json.gz,1
fda.inspections.history,firm:3009025884,2011-07-26,2026-09-08T14:33:29Z,is_oai,0,bool,fda.inspections.history,raw/fda.inspections.history/2026/09/20260908T143329Z-c06f5062ce8b.json.gz,1
fda.inspections.history,firm:3009025884,2011-07-26,2026-09-08T14:33:29Z,label,"Veronique Baudouin, MD",,fda.inspections.history,raw/fda.inspections.history/2026/09/20260908T143329Z-c06f5062ce8b.json.gz,1
fda.inspections.history,firm:3009026010,2011-07-28,2026-09-08T14:33:29Z,classification,0,ordinal,fda.inspections.history,raw/fda.inspections.history/2026/09/20260908T143329Z-c06f5062ce8b.json.gz,1
fda.inspections.history,firm:3009026010,2011-07-28,2026-09-08T14:33:29Z,firm_key,MARY ALICE MACHER MD,,fda.inspections.history,raw/fda.inspections.history/2026/09/20260908T143329Z-c06f5062ce8b.json.gz,1
fda.inspections.history,firm:3009026010,2011-07-28,2026-09-08T14:33:29Z,inspected,1,count,fda.inspections.history,raw/fda.inspections.history/2026/09/20260908T143329Z-c06f5062ce8b.json.gz,1
fda.inspections.history,firm:3009026010,2011-07-28,2026-09-08T14:33:29Z,inspection_end,20110728,yyyymmdd,fda.inspections.history,raw/fda.inspections.history/2026/09/20260908T143329Z-c06f5062ce8b.json.gz,1
fda.inspections.history,firm:3009026010,2011-07-28,2026-09-08T14:33:29Z,is_foreign,1,bool,fda.inspections.history,raw/fda.inspections.history/2026/09/20260908T143329Z-c06f5062ce8b.json.gz,1
fda.inspections.history,firm:3009026010,2011-07-28,2026-09-08T14:33:29Z,is_oai,0,bool,fda.inspections.history,raw/fda.inspections.history/2026/09/20260908T143329Z-c06f5062ce8b.json.gz,1
fda.inspections.history,firm:3009026010,2011-07-28,2026-09-08T14:33:29Z,label,"Mary-Alice Macher, MD",,fda.inspections.history,raw/fda.inspections.history/2026/09/20260908T143329Z-c06f5062ce8b.json.gz,1
fda.inspections.history,firm:3009026072,2011-07-22,2026-09-08T14:33:29Z,classification,0,ordinal,fda.inspections.history,raw/fda.inspections.history/2026/09/20260908T143329Z-c06f5062ce8b.json.gz,1
fda.inspections.history,firm:3009026072,2011-07-22,2026-09-08T14:33:29Z,firm_key,PROFESSEUR CHRISTOPHE LEGENDRE MD,,fda.inspections.history,raw/fda.inspections.history/2026/09/20260908T143329Z-c06f5062ce8b.json.gz,1
fda.inspections.history,firm:3009026072,2011-07-22,2026-09-08T14:33:29Z,inspected,1,count,fda.inspections.history,raw/fda.inspections.history/2026/09/20260908T143329Z-c06f5062ce8b.json.gz,1
fda.inspections.history,firm:3009026072,2011-07-22,2026-09-08T14:33:29Z,inspection_end,20110722,yyyymmdd,fda.inspections.history,raw/fda.inspections.history/2026/09/20260908T143329Z-c06f5062ce8b.json.gz,1
fda.inspections.history,firm:3009026072,2011-07-22,2026-09-08T14:33:29Z,is_foreign,1,bool,fda.inspections.history,raw/fda.inspections.history/2026/09/20260908T143329Z-c06f5062ce8b.json.gz,1
fda.inspections.history,firm:3009026072,2011-07-22,2026-09-08T14:33:29Z,is_oai,0,bool,fda.inspections.history,raw/fda.inspections.history/2026/09/20260908T143329Z-c06f5062ce8b.json.gz,1
fda.inspections.history,firm:3009026072,2011-07-22,2026-09-08T14:33:29Z,label,"Professeur Christophe Legendre, MD",,fda.inspections.history,raw/fda.inspections.history/2026/09/20260908T143329Z-c06f5062ce8b.json.gz,1
fda.inspections.history,firm:3009036781,2011-07-29,2026-09-08T14:33:29Z,classification,1,ordinal,fda.inspections.history,raw/fda.inspections.history/2026/09/20260908T143329Z-c06f5062ce8b.json.gz,1
fda.inspections.history,firm:3009036781,2011-07-29,2026-09-08T14:33:29Z,firm_key,SUCAMPO,,fda.inspections.history,raw/fda.inspections.history/2026/09/20260908T143329Z-c06f5062ce8b.json.gz,1
fda.inspections.history,firm:3009036781,2011-07-29,2026-09-08T14:33:29Z,inspected,1,count,fda.inspections.history,raw/fda.inspections.history/2026/09/20260908T143329Z-c06f5062ce8b.json.gz,1
fda.inspections.history,firm:3009036781,2011-07-29,2026-09-08T14:33:29Z,inspection_end,20110729,yyyymmdd,fda.inspections.history,raw/fda.inspections.history/2026/09/20260908T143329Z-c06f5062ce8b.json.gz,1
fda.inspections.history,firm:3009036781,2011-07-29,2026-09-08T14:33:29Z,is_foreign,1,bool,fda.inspections.history,raw/fda.inspections.history/2026/09/20260908T143329Z-c06f5062ce8b.json.gz,1
fda.inspections.history,firm:3009036781,2011-07-29,2026-09-08T14:33:29Z,is_oai,0,bool,fda.inspections.history,raw/fda.inspections.history/2026/09/20260908T143329Z-c06f5062ce8b.json.gz,1
fda.inspections.history,firm:3009036781,2011-07-29,2026-09-08T14:33:29Z,label,"Sucampo Pharma, LLC",,fda.inspections.history,raw/fda.inspections.history/2026/09/20260908T143329Z-c06f5062ce8b.json.gz,1
fda.inspections.history,firm:3009340644,2011-07-08,2026-09-08T14:33:29Z,classification,1,ordinal,fda.inspections.history,raw/fda.inspections.history/2026/09/20260908T143329Z-c06f5062ce8b.json.gz,1
fda.inspections.history,firm:3009340644,2011-07-08,2026-09-08T14:33:29Z,firm_key,SHIRE HUMAN GENETIC THERAPIES,,fda.inspections.history,raw/fda.inspections.history/2026/09/20260908T143329Z-c06f5062ce8b.json.gz,1
fda.inspections.history,firm:3009340644,2011-07-08,2026-09-08T14:33:29Z,inspected,1,count,fda.inspections.history,raw/fda.inspections.history/2026/09/20260908T143329Z-c06f5062ce8b.json.gz,1
fda.inspections.history,firm:3009340644,2011-07-08,2026-09-08T14:33:29Z,inspection_end,20110708,yyyymmdd,fda.inspections.history,raw/fda.inspections.history/2026/09/20260908T143329Z-c06f5062ce8b.json.gz,1
fda.inspections.history,firm:3009340644,2011-07-08,2026-09-08T14:33:29Z,is_foreign,0,bool,fda.inspections.history,raw/fda.inspections.history/2026/09/20260908T143329Z-c06f5062ce8b.json.gz,1
fda.inspections.history,firm:3009340644,2011-07-08,2026-09-08T14:33:29Z,is_oai,0,bool,fda.inspections.history,raw/fda.inspections.history/2026/09/20260908T143329Z-c06f5062ce8b.json.gz,1
fda.inspections.history,firm:3009340644,2011-07-08,2026-09-08T14:33:29Z,label,"Shire Human Genetic Therapies, Inc.",,fda.inspections.history,raw/fda.inspections.history/2026/09/20260908T143329Z-c06f5062ce8b.json.gz,1
fda.inspections.history,firm:3009481791,2011-07-20,2026-09-08T14:33:29Z,classification,1,ordinal,fda.inspections.history,raw/fda.inspections.history/2026/09/20260908T143329Z-c06f5062ce8b.json.gz,1
fda.inspections.history,firm:3009481791,2011-07-20,2026-09-08T14:33:29Z,firm_key,MIYOSHI AMERICA,,fda.inspections.history,raw/fda.inspections.history/2026/09/20260908T143329Z-c06f5062ce8b.json.gz,1
fda.inspections.history,firm:3009481791,2011-07-20,2026-09-08T14:33:29Z,inspected,1,count,fda.inspections.history,raw/fda.inspections.history/2026/09/20260908T143329Z-c06f5062ce8b.json.gz,1
fda.inspections.history,firm:3009481791,2011-07-20,2026-09-08T14:33:29Z,inspection_end,20110720,yyyymmdd,fda.inspections.history,raw/fda.inspections.history/2026/09/20260908T143329Z-c06f5062ce8b.json.gz,1
fda.inspections.history,firm:3009481791,2011-07-20,2026-09-08T14:33:29Z,is_foreign,0,bool,fda.inspections.history,raw/fda.inspections.history/2026/09/20260908T143329Z-c06f5062ce8b.json.gz,1
fda.inspections.history,firm:3009481791,2011-07-20,2026-09-08T14:33:29Z,is_oai,0,bool,fda.inspections.history,raw/fda.inspections.history/2026/09/20260908T143329Z-c06f5062ce8b.json.gz,1
fda.inspections.history,firm:3009481791,2011-07-20,2026-09-08T14:33:29Z,label,"Miyoshi America, Inc",,fda.inspections.history,raw/fda.inspections.history/2026/09/20260908T143329Z-c06f5062ce8b.json.gz,1
fda.inspections.history,firm:3010635868,2011-07-05,2026-09-08T14:33:29Z,classification,1,ordinal,fda.inspections.history,raw/fda.inspections.history/2026/09/20260908T143329Z-c06f5062ce8b.json.gz,1
fda.inspections.history,firm:3010635868,2011-07-05,2026-09-08T14:33:29Z,firm_key,MARQUEZ FARID,,fda.inspections.history,raw/fda.inspections.history/2026/09/20260908T143329Z-c06f5062ce8b.json.gz,1
fda.inspections.history,firm:3010635868,2011-07-05,2026-09-08T14:33:29Z,inspected,1,count,fda.inspections.history,raw/fda.inspections.history/2026/09/20260908T143329Z-c06f5062ce8b.json.gz,1
fda.inspections.history,firm:3010635868,2011-07-05,2026-09-08T14:33:29Z,inspection_end,20110705,yyyymmdd,fda.inspections.history,raw/fda.inspections.history/2026/09/20260908T143329Z-c06f5062ce8b.json.gz,1
fda.inspections.history,firm:3010635868,2011-07-05,2026-09-08T14:33:29Z,is_foreign,0,bool,fda.inspections.history,raw/fda.inspections.history/2026/09/20260908T143329Z-c06f5062ce8b.json.gz,1
fda.inspections.history,firm:3010635868,2011-07-05,2026-09-08T14:33:29Z,is_oai,0,bool,fda.inspections.history,raw/fda.inspections.history/2026/09/20260908T143329Z-c06f5062ce8b.json.gz,1
fda.inspections.history,firm:3010635868,2011-07-05,2026-09-08T14:33:29Z,label,"Marquez, Farid",,fda.inspections.history,raw/fda.inspections.history/2026/09/20260908T143329Z-c06f5062ce8b.json.gz,1
fda.inspections.history,firm:3012653281,2011-07-15,2026-09-08T14:33:29Z,classification,1,ordinal,fda.inspections.history,raw/fda.inspections.history/2026/09/20260908T143329Z-c06f5062ce8b.json.gz,1
fda.inspections.history,firm:3012653281,2011-07-15,2026-09-08T14:33:29Z,firm_key,EISAI,,fda.inspections.history,raw/fda.inspections.history/2026/09/20260908T143329Z-c06f5062ce8b.json.gz,1
fda.inspections.history,firm:3012653281,2011-07-15,2026-09-08T14:33:29Z,inspected,1,count,fda.inspections.history,raw/fda.inspections.history/2026/09/20260908T143329Z-c06f5062ce8b.json.gz,1
fda.inspections.history,firm:3012653281,2011-07-15,2026-09-08T14:33:29Z,inspection_end,20110715,yyyymmdd,fda.inspections.history,raw/fda.inspections.history/2026/09/20260908T143329Z-c06f5062ce8b.json.gz,1
fda.inspections.history,firm:3012653281,2011-07-15,2026-09-08T14:33:29Z,is_foreign,0,bool,fda.inspections.history,raw/fda.inspections.history/2026/09/20260908T143329Z-c06f5062ce8b.json.gz,1
fda.inspections.history,firm:3012653281,2011-07-15,2026-09-08T14:33:29Z,is_oai,0,bool,fda.inspections.history,raw/fda.inspections.history/2026/09/20260908T143329Z-c06f5062ce8b.json.gz,1
fda.inspections.history,firm:3012653281,2011-07-15,2026-09-08T14:33:29Z,label,EISAI INC,,fda.inspections.history,raw/fda.inspections.history/2026/09/20260908T143329Z-c06f5062ce8b.json.gz,1
fda.inspections.history,firm:3014704316,2011-07-27,2026-09-08T14:33:29Z,classification,1,ordinal,fda.inspections.history,raw/fda.inspections.history/2026/09/20260908T143329Z-c06f5062ce8b.json.gz,1
fda.inspections.history,firm:3014704316,2011-07-27,2026-09-08T14:33:29Z,firm_key,EUROFINS SF ANALYTICAL,,fda.inspections.history,raw/fda.inspections.history/2026/09/20260908T143329Z-c06f5062ce8b.json.gz,1
fda.inspections.history,firm:3014704316,2011-07-27,2026-09-08T14:33:29Z,inspected,1,count,fda.inspections.history,raw/fda.inspections.history/2026/09/20260908T143329Z-c06f5062ce8b.json.gz,1
fda.inspections.history,firm:3014704316,2011-07-27,2026-09-08T14:33:29Z,inspection_end,20110727,yyyymmdd,fda.inspections.history,raw/fda.inspections.history/2026/09/20260908T143329Z-c06f5062ce8b.json.gz,1
fda.inspections.history,firm:3014704316,2011-07-27,2026-09-08T14:33:29Z,is_foreign,0,bool,fda.inspections.history,raw/fda.inspections.history/2026/09/20260908T143329Z-c06f5062ce8b.json.gz,1
fda.inspections.history,firm:3014704316,2011-07-27,2026-09-08T14:33:29Z,is_oai,0,bool,fda.inspections.history,raw/fda.inspections.history/2026/09/20260908T143329Z-c06f5062ce8b.json.gz,1
fda.inspections.history,firm:3014704316,2011-07-27,2026-09-08T14:33:29Z,label,"Eurofins SF Analytical Laboratories, Inc.",,fda.inspections.history,raw/fda.inspections.history/2026/09/20260908T143329Z-c06f5062ce8b.json.gz,1
fda.refusals.backfill,firm:1000131395,2011-07-28,2026-09-09T17:04:42Z,firm_key,YVES SAINT LAURENT,,fda.refusals.backfill,raw/fda.refusals.backfill/2026/09/20260909T170442Z-79ba49e93d02.json.gz,1
fda.refusals.backfill,firm:1000131395,2011-07-28,2026-09-09T17:04:42Z,import_refusal,1,count,fda.refusals.backfill,raw/fda.refusals.backfill/2026/09/20260909T170442Z-79ba49e93d02.json.gz,1
fda.refusals.backfill,firm:1000131395,2011-07-28,2026-09-09T17:04:42Z,is_drug_or_biologic,1,bool,fda.refusals.backfill,raw/fda.refusals.backfill/2026/09/20260909T170442Z-79ba49e93d02.json.gz,1
fda.refusals.backfill,firm:1000131395,2011-07-28,2026-09-09T17:04:42Z,is_foreign,1,bool,fda.refusals.backfill,raw/fda.refusals.backfill/2026/09/20260909T170442Z-79ba49e93d02.json.gz,1
fda.refusals.backfill,firm:1000131395,2011-07-28,2026-09-09T17:04:42Z,is_human_drug,1,bool,fda.refusals.backfill,raw/fda.refusals.backfill/2026/09/20260909T170442Z-79ba49e93d02.json.gz,1
fda.refusals.backfill,firm:1000131395,2011-07-28,2026-09-09T17:04:42Z,label,Yves Saint Laurent,,fda.refusals.backfill,raw/fda.refusals.backfill/2026/09/20260909T170442Z-79ba49e93d02.json.gz,1
fda.refusals.backfill,firm:1000131395,2011-07-28,2026-09-09T17:04:42Z,refused_at,20110728,yyyymmdd,fda.refusals.backfill,raw/fda.refusals.backfill/2026/09/20260909T170442Z-79ba49e93d02.json.gz,1
fda.refusals.backfill,firm:1000164629,2011-07-25,2026-09-09T17:04:42Z,firm_key,NEW STETIC LTDA,,fda.refusals.backfill,raw/fda.refusals.backfill/2026/09/20260909T170442Z-79ba49e93d02.json.gz,1
fda.refusals.backfill,firm:1000164629,2011-07-25,2026-09-09T17:04:42Z,import_refusal,1,count,fda.refusals.backfill,raw/fda.refusals.backfill/2026/09/20260909T170442Z-79ba49e93d02.json.gz,1
fda.refusals.backfill,firm:1000164629,2011-07-25,2026-09-09T17:04:42Z,is_drug_or_biologic,1,bool,fda.refusals.backfill,raw/fda.refusals.backfill/2026/09/20260909T170442Z-79ba49e93d02.json.gz,1
fda.refusals.backfill,firm:1000164629,2011-07-25,2026-09-09T17:04:42Z,is_foreign,1,bool,fda.refusals.backfill,raw/fda.refusals.backfill/2026/09/20260909T170442Z-79ba49e93d02.json.gz,1
fda.refusals.backfill,firm:1000164629,2011-07-25,2026-09-09T17:04:42Z,is_human_drug,1,bool,fda.refusals.backfill,raw/fda.refusals.backfill/2026/09/20260909T170442Z-79ba49e93d02.json.gz,1
fda.refusals.backfill,firm:1000164629,2011-07-25,2026-09-09T17:04:42Z,label,New Stetic Ltda.,,fda.refusals.backfill,raw/fda.refusals.backfill/2026/09/20260909T170442Z-79ba49e93d02.json.gz,1
fda.refusals.backfill,firm:1000164629,2011-07-25,2026-09-09T17:04:42Z,refused_at,20110725,yyyymmdd,fda.refusals.backfill,raw/fda.refusals.backfill/2026/09/20260909T170442Z-79ba49e93d02.json.gz,1
fda.refusals.backfill,firm:1000251162,2011-07-15,2026-09-09T17:04:42Z,firm_key,VOYANT BEAUTY,,fda.refusals.backfill,raw/fda.refusals.backfill/2026/09/20260909T170442Z-79ba49e93d02.json.gz,1
fda.refusals.backfill,firm:1000251162,2011-07-15,2026-09-09T17:04:42Z,import_refusal,1,count,fda.refusals.backfill,raw/fda.refusals.backfill/2026/09/20260909T170442Z-79ba49e93d02.json.gz,1
fda.refusals.backfill,firm:1000251162,2011-07-15,2026-09-09T17:04:42Z,is_drug_or_biologic,1,bool,fda.refusals.backfill,raw/fda.refusals.backfill/2026/09/20260909T170442Z-79ba49e93d02.json.gz,1
fda.refusals.backfill,firm:1000251162,2011-07-15,2026-09-09T17:04:42Z,is_foreign,1,bool,fda.refusals.backfill,raw/fda.refusals.backfill/2026/09/20260909T170442Z-79ba49e93d02.json.gz,1
fda.refusals.backfill,firm:1000251162,2011-07-15,2026-09-09T17:04:42Z,is_human_drug,1,bool,fda.refusals.backfill,raw/fda.refusals.backfill/2026/09/20260909T170442Z-79ba49e93d02.json.gz,1
fda.refusals.backfill,firm:1000251162,2011-07-15,2026-09-09T17:04:42Z,label,"Voyant Beauty, Inc.",,fda.refusals.backfill,raw/fda.refusals.backfill/2026/09/20260909T170442Z-79ba49e93d02.json.gz,1
fda.refusals.backfill,firm:1000251162,2011-07-15,2026-09-09T17:04:42Z,refused_at,20110715,yyyymmdd,fda.refusals.backfill,raw/fda.refusals.backfill/2026/09/20260909T170442Z-79ba49e93d02.json.gz,1
fda.refusals.backfill,firm:1000434570,2011-07-01,2026-09-09T17:04:42Z,firm_key,LABORATORIOS COSMETICOS LAMARVI,,fda.refusals.backfill,raw/fda.refusals.backfill/2026/09/20260909T170442Z-79ba49e93d02.json.gz,1
fda.refusals.backfill,firm:1000434570,2011-07-01,2026-09-09T17:04:42Z,import_refusal,1,count,fda.refusals.backfill,raw/fda.refusals.backfill/2026/09/20260909T170442Z-79ba49e93d02.json.gz,1
fda.refusals.backfill,firm:1000434570,2011-07-01,2026-09-09T17:04:42Z,is_drug_or_biologic,1,bool,fda.refusals.backfill,raw/fda.refusals.backfill/2026/09/20260909T170442Z-79ba49e93d02.json.gz,1
fda.refusals.backfill,firm:1000434570,2011-07-01,2026-09-09T17:04:42Z,is_foreign,1,bool,fda.refusals.backfill,raw/fda.refusals.backfill/2026/09/20260909T170442Z-79ba49e93d02.json.gz,1
fda.refusals.backfill,firm:1000434570,2011-07-01,2026-09-09T17:04:42Z,is_human_drug,1,bool,fda.refusals.backfill,raw/fda.refusals.backfill/2026/09/20260909T170442Z-79ba49e93d02.json.gz,1
fda.refusals.backfill,firm:1000434570,2011-07-01,2026-09-09T17:04:42Z,label,"Laboratorios Cosmeticos Lamarvi, SA",,fda.refusals.backfill,raw/fda.refusals.backfill/2026/09/20260909T170442Z-79ba49e93d02.json.gz,1
fda.refusals.backfill,firm:1000434570,2011-07-01,2026-09-09T17:04:42Z,refused_at,20110701,yyyymmdd,fda.refusals.backfill,raw/fda.refusals.backfill/2026/09/20260909T170442Z-79ba49e93d02.json.gz,1
fda.refusals.backfill,firm:2000017378,2011-07-26,2026-09-09T17:04:42Z,firm_key,ACTIVA SARL,,fda.refusals.backfill,raw/fda.refusals.backfill/2026/09/20260909T170442Z-79ba49e93d02.json.gz,1
fda.refusals.backfill,firm:2000017378,2011-07-26,2026-09-09T17:04:42Z,import_refusal,1,count,fda.refusals.backfill,raw/fda.refusals.backfill/2026/09/20260909T170442Z-79ba49e93d02.json.gz,1
fda.refusals.backfill,firm:2000017378,2011-07-26,2026-09-09T17:04:42Z,is_drug_or_biologic,1,bool,fda.refusals.backfill,raw/fda.refusals.backfill/2026/09/20260909T170442Z-79ba49e93d02.json.gz,1
fda.refusals.backfill,firm:2000017378,2011-07-26,2026-09-09T17:04:42Z,is_foreign,1,bool,fda.refusals.backfill,raw/fda.refusals.backfill/2026/09/20260909T170442Z-79ba49e93d02.json.gz,1
fda.refusals.backfill,firm:2000017378,2011-07-26,2026-09-09T17:04:42Z,is_human_drug,1,bool,fda.refusals.backfill,raw/fda.refusals.backfill/2026/09/20260909T170442Z-79ba49e93d02.json.gz,1
fda.refusals.backfill,firm:2000017378,2011-07-26,2026-09-09T17:04:42Z,label,Activa SARL,,fda.refusals.backfill,raw/fda.refusals.backfill/2026/09/20260909T170442Z-79ba49e93d02.json.gz,1
fda.refusals.backfill,firm:2000017378,2011-07-26,2026-09-09T17:04:42Z,refused_at,20110726,yyyymmdd,fda.refusals.backfill,raw/fda.refusals.backfill/2026/09/20260909T170442Z-79ba49e93d02.json.gz,1
fda.refusals.backfill,firm:3001119986,2011-07-05,2026-09-09T17:04:42Z,firm_key,MISSION HILLS S A DE C V,,fda.refusals.backfill,raw/fda.refusals.backfill/2026/09/20260909T170442Z-79ba49e93d02.json.gz,1
fda.refusals.backfill,firm:3001119986,2011-07-05,2026-09-09T17:04:42Z,import_refusal,1,count,fda.refusals.backfill,raw/fda.refusals.backfill/2026/09/20260909T170442Z-79ba49e93d02.json.gz,1
fda.refusals.backfill,firm:3001119986,2011-07-05,2026-09-09T17:04:42Z,is_drug_or_biologic,1,bool,fda.refusals.backfill,raw/fda.refusals.backfill/2026/09/20260909T170442Z-79ba49e93d02.json.gz,1
fda.refusals.backfill,firm:3001119986,2011-07-05,2026-09-09T17:04:42Z,is_foreign,1,bool,fda.refusals.backfill,raw/fda.refusals.backfill/2026/09/20260909T170442Z-79ba49e93d02.json.gz,1
fda.refusals.backfill,firm:3001119986,2011-07-05,2026-09-09T17:04:42Z,is_human_drug,1,bool,fda.refusals.backfill,raw/fda.refusals.backfill/2026/09/20260909T170442Z-79ba49e93d02.json.gz,1
fda.refusals.backfill,firm:3001119986,2011-07-05,2026-09-09T17:04:42Z,label,"Mission Hills, S.A. de C.V.",,fda.refusals.backfill,raw/fda.refusals.backfill/2026/09/20260909T170442Z-79ba49e93d02.json.gz,1
fda.refusals.backfill,firm:3001119986,2011-07-05,2026-09-09T17:04:42Z,refused_at,20110705,yyyymmdd,fda.refusals.backfill,raw/fda.refusals.backfill/2026/09/20260909T170442Z-79ba49e93d02.json.gz,1
fda.refusals.backfill,firm:3001119986,2011-07-06,2026-09-09T17:04:42Z,firm_key,MISSION HILLS S A DE C V,,fda.refusals.backfill,raw/fda.refusals.backfill/2026/09/20260909T170442Z-79ba49e93d02.json.gz,1
fda.refusals.backfill,firm:3001119986,2011-07-06,2026-09-09T17:04:42Z,import_refusal,1,count,fda.refusals.backfill,raw/fda.refusals.backfill/2026/09/20260909T170442Z-79ba49e93d02.json.gz,1
fda.refusals.backfill,firm:3001119986,2011-07-06,2026-09-09T17:04:42Z,is_drug_or_biologic,1,bool,fda.refusals.backfill,raw/fda.refusals.backfill/2026/09/20260909T170442Z-79ba49e93d02.json.gz,1
fda.refusals.backfill,firm:3001119986,2011-07-06,2026-09-09T17:04:42Z,is_foreign,1,bool,fda.refusals.backfill,raw/fda.refusals.backfill/2026/09/20260909T170442Z-79ba49e93d02.json.gz,1
fda.refusals.backfill,firm:3001119986,2011-07-06,2026-09-09T17:04:42Z,is_human_drug,1,bool,fda.refusals.backfill,raw/fda.refusals.backfill/2026/09/20260909T170442Z-79ba49e93d02.json.gz,1
fda.refusals.backfill,firm:3001119986,2011-07-06,2026-09-09T17:04:42Z,label,"Mission Hills, S.A. de C.V.",,fda.refusals.backfill,raw/fda.refusals.backfill/2026/09/20260909T170442Z-79ba49e93d02.json.gz,1
fda.refusals.backfill,firm:3001119986,2011-07-06,2026-09-09T17:04:42Z,refused_at,20110706,yyyymmdd,fda.refusals.backfill,raw/fda.refusals.backfill/2026/09/20260909T170442Z-79ba49e93d02.json.gz,1
fda.refusals.backfill,firm:3001119986,2011-07-07,2026-09-09T17:04:42Z,firm_key,MISSION HILLS S A DE C V,,fda.refusals.backfill,raw/fda.refusals.backfill/2026/09/20260909T170442Z-79ba49e93d02.json.gz,1
fda.refusals.backfill,firm:3001119986,2011-07-07,2026-09-09T17:04:42Z,import_refusal,1,count,fda.refusals.backfill,raw/fda.refusals.backfill/2026/09/20260909T170442Z-79ba49e93d02.json.gz,1
fda.refusals.backfill,firm:3001119986,2011-07-07,2026-09-09T17:04:42Z,is_drug_or_biologic,1,bool,fda.refusals.backfill,raw/fda.refusals.backfill/2026/09/20260909T170442Z-79ba49e93d02.json.gz,1
fda.refusals.backfill,firm:3001119986,2011-07-07,2026-09-09T17:04:42Z,is_foreign,1,bool,fda.refusals.backfill,raw/fda.refusals.backfill/2026/09/20260909T170442Z-79ba49e93d02.json.gz,1
fda.refusals.backfill,firm:3001119986,2011-07-07,2026-09-09T17:04:42Z,is_human_drug,1,bool,fda.refusals.backfill,raw/fda.refusals.backfill/2026/09/20260909T170442Z-79ba49e93d02.json.gz,1
fda.refusals.backfill,firm:3001119986,2011-07-07,2026-09-09T17:04:42Z,label,"Mission Hills, S.A. de C.V.",,fda.refusals.backfill,raw/fda.refusals.backfill/2026/09/20260909T170442Z-79ba49e93d02.json.gz,1
fda.refusals.backfill,firm:3001119986,2011-07-07,2026-09-09T17:04:42Z,refused_at,20110707,yyyymmdd,fda.refusals.backfill,raw/fda.refusals.backfill/2026/09/20260909T170442Z-79ba49e93d02.json.gz,1
fda.refusals.backfill,firm:3001549937,2011-07-08,2026-09-09T17:04:42Z,firm_key,ELIXIVE FORMULABS,,fda.refusals.backfill,raw/fda.refusals.backfill/2026/09/20260909T170442Z-79ba49e93d02.json.gz,1
fda.refusals.backfill,firm:3001549937,2011-07-08,2026-09-09T17:04:42Z,import_refusal,1,count,fda.refusals.backfill,raw/fda.refusals.backfill/2026/09/20260909T170442Z-79ba49e93d02.json.gz,1
fda.refusals.backfill,firm:3001549937,2011-07-08,2026-09-09T17:04:42Z,is_drug_or_biologic,1,bool,fda.refusals.backfill,raw/fda.refusals.backfill/2026/09/20260909T170442Z-79ba49e93d02.json.gz,1
fda.refusals.backfill,firm:3001549937,2011-07-08,2026-09-09T17:04:42Z,is_foreign,1,bool,fda.refusals.backfill,raw/fda.refusals.backfill/2026/09/20260909T170442Z-79ba49e93d02.json.gz,1
fda.refusals.backfill,firm:3001549937,2011-07-08,2026-09-09T17:04:42Z,is_human_drug,1,bool,fda.refusals.backfill,raw/fda.refusals.backfill/2026/09/20260909T170442Z-79ba49e93d02.json.gz,1
fda.refusals.backfill,firm:3001549937,2011-07-08,2026-09-09T17:04:42Z,label,ELIXIVE FORMULABS INC.,,fda.refusals.backfill,raw/fda.refusals.backfill/2026/09/20260909T170442Z-79ba49e93d02.json.gz,1
fda.refusals.backfill,firm:3001549937,2011-07-08,2026-09-09T17:04:42Z,refused_at,20110708,yyyymmdd,fda.refusals.backfill,raw/fda.refusals.backfill/2026/09/20260909T170442Z-79ba49e93d02.json.gz,1
fda.refusals.backfill,firm:3001701282,2011-07-20,2026-09-09T17:04:42Z,firm_key,NIHON KOLMAR,,fda.refusals.backfill,raw/fda.refusals.backfill/2026/09/20260909T170442Z-79ba49e93d02.json.gz,1
fda.refusals.backfill,firm:3001701282,2011-07-20,2026-09-09T17:04:42Z,import_refusal,1,count,fda.refusals.backfill,raw/fda.refusals.backfill/2026/09/20260909T170442Z-79ba49e93d02.json.gz,1
fda.refusals.backfill,firm:3001701282,2011-07-20,2026-09-09T17:04:42Z,is_drug_or_biologic,1,bool,fda.refusals.backfill,raw/fda.refusals.backfill/2026/09/20260909T170442Z-79ba49e93d02.json.gz,1
fda.refusals.backfill,firm:3001701282,2011-07-20,2026-09-09T17:04:42Z,is_foreign,1,bool,fda.refusals.backfill,raw/fda.refusals.backfill/2026/09/20260909T170442Z-79ba49e93d02.json.gz,1
fda.refusals.backfill,firm:3001701282,2011-07-20,2026-09-09T17:04:42Z,is_human_drug,1,bool,fda.refusals.backfill,raw/fda.refusals.backfill/2026/09/20260909T170442Z-79ba49e93d02.json.gz,1
fda.refusals.backfill,firm:3001701282,2011-07-20,2026-09-09T17:04:42Z,label,"Nihon Kolmar Co., LTD.",,fda.refusals.backfill,raw/fda.refusals.backfill/2026/09/20260909T170442Z-79ba49e93d02.json.gz,1
fda.refusals.backfill,firm:3001701282,2011-07-20,2026-09-09T17:04:42Z,refused_at,20110720,yyyymmdd,fda.refusals.backfill,raw/fda.refusals.backfill/2026/09/20260909T170442Z-79ba49e93d02.json.gz,1
fda.refusals.backfill,firm:3002806411,2011-07-22,2026-09-09T17:04:42Z,firm_key,ASTRAZENECA,,fda.refusals.backfill,raw/fda.refusals.backfill/2026/09/20260909T170442Z-79ba49e93d02.json.gz,1
fda.refusals.backfill,firm:3002806411,2011-07-22,2026-09-09T17:04:42Z,import_refusal,1,count,fda.refusals.backfill,raw/fda.refusals.backfill/2026/09/20260909T170442Z-79ba49e93d02.json.gz,1
fda.refusals.backfill,firm:3002806411,2011-07-22,2026-09-09T17:04:42Z,is_drug_or_biologic,1,bool,fda.refusals.backfill,raw/fda.refusals.backfill/2026/09/20260909T170442Z-79ba49e93d02.json.gz,1
fda.refusals.backfill,firm:3002806411,2011-07-22,2026-09-09T17:04:42Z,is_foreign,1,bool,fda.refusals.backfill,raw/fda.refusals.backfill/2026/09/20260909T170442Z-79ba49e93d02.json.gz,1
fda.refusals.backfill,firm:3002806411,2011-07-22,2026-09-09T17:04:42Z,is_human_drug,1,bool,fda.refusals.backfill,raw/fda.refusals.backfill/2026/09/20260909T170442Z-79ba49e93d02.json.gz,1
fda.refusals.backfill,firm:3002806411,2011-07-22,2026-09-09T17:04:42Z,label,AstraZeneca AB,,fda.refusals.backfill,raw/fda.refusals.backfill/2026/09/20260909T170442Z-79ba49e93d02.json.gz,1
fda.refusals.backfill,firm:3002806411,2011-07-22,2026-09-09T17:04:42Z,refused_at,20110722,yyyymmdd,fda.refusals.backfill,raw/fda.refusals.backfill/2026/09/20260909T170442Z-79ba49e93d02.json.gz,1
fda.refusals.backfill,firm:3002806965,2011-07-27,2026-09-09T17:04:42Z,firm_key,FARMABIOS S P A,,fda.refusals.backfill,raw/fda.refusals.backfill/2026/09/20260909T170442Z-79ba49e93d02.json.gz,1
fda.refusals.backfill,firm:3002806965,2011-07-27,2026-09-09T17:04:42Z,import_refusal,1,count,fda.refusals.backfill,raw/fda.refusals.backfill/2026/09/20260909T170442Z-79ba49e93d02.json.gz,1
fda.refusals.backfill,firm:3002806965,2011-07-27,2026-09-09T17:04:42Z,is_drug_or_biologic,1,bool,fda.refusals.backfill,raw/fda.refusals.backfill/2026/09/20260909T170442Z-79ba49e93d02.json.gz,1
fda.refusals.backfill,firm:3002806965,2011-07-27,2026-09-09T17:04:42Z,is_foreign,1,bool,fda.refusals.backfill,raw/fda.refusals.backfill/2026/09/20260909T170442Z-79ba49e93d02.json.gz,1
fda.refusals.backfill,firm:3002806965,2011-07-27,2026-09-09T17:04:42Z,is_human_drug,1,bool,fda.refusals.backfill,raw/fda.refusals.backfill/2026/09/20260909T170442Z-79ba49e93d02.json.gz,1
fda.refusals.backfill,firm:3002806965,2011-07-27,2026-09-09T17:04:42Z,label,"Farmabios, S.p.A.",,fda.refusals.backfill,raw/fda.refusals.backfill/2026/09/20260909T170442Z-79ba49e93d02.json.gz,1
fda.refusals.backfill,firm:3002806965,2011-07-27,2026-09-09T17:04:42Z,refused_at,20110727,yyyymmdd,fda.refusals.backfill,raw/fda.refusals.backfill/2026/09/20260909T170442Z-79ba49e93d02.json.gz,1
fda.refusals.backfill,firm:3002807014,2011-07-22,2026-09-09T17:04:42Z,firm_key,FRESENIUS KABI AUSTRIA,,fda.refusals.backfill,raw/fda.refusals.backfill/2026/09/20260909T170442Z-79ba49e93d02.json.gz,1
fda.refusals.backfill,firm:3002807014,2011-07-22,2026-09-09T17:04:42Z,import_refusal,1,count,fda.refusals.backfill,raw/fda.refusals.backfill/2026/09/20260909T170442Z-79ba49e93d02.json.gz,1
fda.refusals.backfill,firm:3002807014,2011-07-22,2026-09-09T17:04:42Z,is_drug_or_biologic,1,bool,fda.refusals.backfill,raw/fda.refusals.backfill/2026/09/20260909T170442Z-79ba49e93d02.json.gz,1
fda.refusals.backfill,firm:3002807014,2011-07-22,2026-09-09T17:04:42Z,is_foreign,1,bool,fda.refusals.backfill,raw/fda.refusals.backfill/2026/09/20260909T170442Z-79ba49e93d02.json.gz,1
fda.refusals.backfill,firm:3002807014,2011-07-22,2026-09-09T17:04:42Z,is_human_drug,1,bool,fda.refusals.backfill,raw/fda.refusals.backfill/2026/09/20260909T170442Z-79ba49e93d02.json.gz,1
fda.refusals.backfill,firm:3002807014,2011-07-22,2026-09-09T17:04:42Z,label,Fresenius Kabi Austria Gmbh,,fda.refusals.backfill,raw/fda.refusals.backfill/2026/09/20260909T170442Z-79ba49e93d02.json.gz,1
fda.refusals.backfill,firm:3002807014,2011-07-22,2026-09-09T17:04:42Z,refused_at,20110722,yyyymmdd,fda.refusals.backfill,raw/fda.refusals.backfill/2026/09/20260909T170442Z-79ba49e93d02.json.gz,1
fda.refusals.backfill,firm:3002807565,2011-07-27,2026-09-09T17:04:42Z,firm_key,MERCK FROSST CANADA,,fda.refusals.backfill,raw/fda.refusals.backfill/2026/09/20260909T170442Z-79ba49e93d02.json.gz,1
fda.refusals.backfill,firm:3002807565,2011-07-27,2026-09-09T17:04:42Z,import_refusal,1,count,fda.refusals.backfill,raw/fda.refusals.backfill/2026/09/20260909T170442Z-79ba49e93d02.json.gz,1
fda.refusals.backfill,firm:3002807565,2011-07-27,2026-09-09T17:04:42Z,is_drug_or_biologic,1,bool,fda.refusals.backfill,raw/fda.refusals.backfill/2026/09/20260909T170442Z-79ba49e93d02.json.gz,1
fda.refusals.backfill,firm:3002807565,2011-07-27,2026-09-09T17:04:42Z,is_foreign,1,bool,fda.refusals.backfill,raw/fda.refusals.backfill/2026/09/20260909T170442Z-79ba49e93d02.json.gz,1
fda.refusals.backfill,firm:3002807565,2011-07-27,2026-09-09T17:04:42Z,is_human_drug,1,bool,fda.refusals.backfill,raw/fda.refusals.backfill/2026/09/20260909T170442Z-79ba49e93d02.json.gz,1
fda.refusals.backfill,firm:3002807565,2011-07-27,2026-09-09T17:04:42Z,label,"Merck Frosst Canada, Ltd.",,fda.refusals.backfill,raw/fda.refusals.backfill/2026/09/20260909T170442Z-79ba49e93d02.json.gz,1
fda.refusals.backfill,firm:3002807565,2011-07-27,2026-09-09T17:04:42Z,refused_at,20110727,yyyymmdd,fda.refusals.backfill,raw/fda.refusals.backfill/2026/09/20260909T170442Z-79ba49e93d02.json.gz,1
fda.refusals.backfill,firm:3002808153,2011-07-27,2026-09-09T17:04:42Z,firm_key,SHANDONG XINHUA FIRST PLANT,,fda.refusals.backfill,raw/fda.refusals.backfill/2026/09/20260909T170442Z-79ba49e93d02.json.gz,1
fda.refusals.backfill,firm:3002808153,2011-07-27,2026-09-09T17:04:42Z,import_refusal,1,count,fda.refusals.backfill,raw/fda.refusals.backfill/2026/09/20260909T170442Z-79ba49e93d02.json.gz,1
fda.refusals.backfill,firm:3002808153,2011-07-27,2026-09-09T17:04:42Z,is_drug_or_biologic,1,bool,fda.refusals.backfill,raw/fda.refusals.backfill/2026/09/20260909T170442Z-79ba49e93d02.json.gz,1
fda.refusals.backfill,firm:3002808153,2011-07-27,2026-09-09T17:04:42Z,is_foreign,1,bool,fda.refusals.backfill,raw/fda.refusals.backfill/2026/09/20260909T170442Z-79ba49e93d02.json.gz,1
fda.refusals.backfill,firm:3002808153,2011-07-27,2026-09-09T17:04:42Z,is_human_drug,1,bool,fda.refusals.backfill,raw/fda.refusals.backfill/2026/09/20260909T170442Z-79ba49e93d02.json.gz,1
fda.refusals.backfill,firm:3002808153,2011-07-27,2026-09-09T17:04:42Z,label,"Shandong Xinhua Pharmaceutical Co., Ltd. First Plant",,fda.refusals.backfill,raw/fda.refusals.backfill/2026/09/20260909T170442Z-79ba49e93d02.json.gz,1
fda.refusals.backfill,firm:3002808153,2011-07-27,2026-09-09T17:04:42Z,refused_at,20110727,yyyymmdd,fda.refusals.backfill,raw/fda.refusals.backfill/2026/09/20260909T170442Z-79ba49e93d02.json.gz,1
fda.refusals.backfill,firm:3002809485,2011-07-19,2026-09-09T17:04:42Z,firm_key,INTERVET MEXICO S A DE C V MSD ANIMAL HEALTH,,fda.refusals.backfill,raw/fda.refusals.backfill/2026/09/20260909T170442Z-79ba49e93d02.json.gz,1
fda.refusals.backfill,firm:3002809485,2011-07-19,2026-09-09T17:04:42Z,import_refusal,1,count,fda.refusals.backfill,raw/fda.refusals.backfill/2026/09/20260909T170442Z-79ba49e93d02.json.gz,1
fda.refusals.backfill,firm:3002809485,2011-07-19,2026-09-09T17:04:42Z,is_drug_or_biologic,1,bool,fda.refusals.backfill,raw/fda.refusals.backfill/2026/09/20260909T170442Z-79ba49e93d02.json.gz,1
fda.refusals.backfill,firm:3002809485,2011-07-19,2026-09-09T17:04:42Z,is_foreign,1,bool,fda.refusals.backfill,raw/fda.refusals.backfill/2026/09/20260909T170442Z-79ba49e93d02.json.gz,1
fda.refusals.backfill,firm:3002809485,2011-07-19,2026-09-09T17:04:42Z,is_human_drug,1,bool,fda.refusals.backfill,raw/fda.refusals.backfill/2026/09/20260909T170442Z-79ba49e93d02.json.gz,1
fda.refusals.backfill,firm:3002809485,2011-07-19,2026-09-09T17:04:42Z,label,Intervet Mexico S.A. de C.V. - MSD Animal Health,,fda.refusals.backfill,raw/fda.refusals.backfill/2026/09/20260909T170442Z-79ba49e93d02.json.gz,1
fda.refusals.backfill,firm:3002809485,2011-07-19,2026-09-09T17:04:42Z,refused_at,20110719,yyyymmdd,fda.refusals.backfill,raw/fda.refusals.backfill/2026/09/20260909T170442Z-79ba49e93d02.json.gz,1
fda.refusals.backfill,firm:3002894227,2011-07-06,2026-09-09T17:04:42Z,firm_key,LAVERANA GMGH,,fda.refusals.backfill,raw/fda.refusals.backfill/2026/09/20260909T170442Z-79ba49e93d02.json.gz,1
fda.refusals.backfill,firm:3002894227,2011-07-06,2026-09-09T17:04:42Z,import_refusal,1,count,fda.refusals.backfill,raw/fda.refusals.backfill/2026/09/20260909T170442Z-79ba49e93d02.json.gz,1
fda.refusals.backfill,firm:3002894227,2011-07-06,2026-09-09T17:04:42Z,is_drug_or_biologic,1,bool,fda.refusals.backfill,raw/fda.refusals.backfill/2026/09/20260909T170442Z-79ba49e93d02.json.gz,1
fda.refusals.backfill,firm:3002894227,2011-07-06,2026-09-09T17:04:42Z,is_foreign,1,bool,fda.refusals.backfill,raw/fda.refusals.backfill/2026/09/20260909T170442Z-79ba49e93d02.json.gz,1
fda.refusals.backfill,firm:3002894227,2011-07-06,2026-09-09T17:04:42Z,is_human_drug,1,bool,fda.refusals.backfill,raw/fda.refusals.backfill/2026/09/20260909T170442Z-79ba49e93d02.json.gz,1
fda.refusals.backfill,firm:3002894227,2011-07-06,2026-09-09T17:04:42Z,label,Laverana Gmgh,,fda.refusals.backfill,raw/fda.refusals.backfill/2026/09/20260909T170442Z-79ba49e93d02.json.gz,1
fda.refusals.backfill,firm:3002894227,2011-07-06,2026-09-09T17:04:42Z,refused_at,20110706,yyyymmdd,fda.refusals.backfill,raw/fda.refusals.backfill/2026/09/20260909T170442Z-79ba49e93d02.json.gz,1
fda.refusals.backfill,firm:3002903906,2011-07-27,2026-09-09T17:04:42Z,firm_key,BASF SE,,fda.refusals.backfill,raw/fda.refusals.backfill/2026/09/20260909T170442Z-79ba49e93d02.json.gz,1
fda.refusals.backfill,firm:3002903906,2011-07-27,2026-09-09T17:04:42Z,import_refusal,1,count,fda.refusals.backfill,raw/fda.refusals.backfill/2026/09/20260909T170442Z-79ba49e93d02.json.gz,1
fda.refusals.backfill,firm:3002903906,2011-07-27,2026-09-09T17:04:42Z,is_drug_or_biologic,1,bool,fda.refusals.backfill,raw/fda.refusals.backfill/2026/09/20260909T170442Z-79ba49e93d02.json.gz,1
fda.refusals.backfill,firm:3002903906,2011-07-27,2026-09-09T17:04:42Z,is_foreign,1,bool,fda.refusals.backfill,raw/fda.refusals.backfill/2026/09/20260909T170442Z-79ba49e93d02.json.gz,1
fda.refusals.backfill,firm:3002903906,2011-07-27,2026-09-09T17:04:42Z,is_human_drug,1,bool,fda.refusals.backfill,raw/fda.refusals.backfill/2026/09/20260909T170442Z-79ba49e93d02.json.gz,1
fda.refusals.backfill,firm:3002903906,2011-07-27,2026-09-09T17:04:42Z,label,BASF SE,,fda.refusals.backfill,raw/fda.refusals.backfill/2026/09/20260909T170442Z-79ba49e93d02.json.gz,1
fda.refusals.backfill,firm:3002903906,2011-07-27,2026-09-09T17:04:42Z,refused_at,20110727,yyyymmdd,fda.refusals.backfill,raw/fda.refusals.backfill/2026/09/20260909T170442Z-79ba49e93d02.json.gz,1
fda.refusals.backfill,firm:3002906944,2011-07-07,2026-09-09T17:04:42Z,firm_key,APOTEX,,fda.refusals.backfill,raw/fda.refusals.backfill/2026/09/20260909T170442Z-79ba49e93d02.json.gz,1
fda.refusals.backfill,firm:3002906944,2011-07-07,2026-09-09T17:04:42Z,import_refusal,1,count,fda.refusals.backfill,raw/fda.refusals.backfill/2026/09/20260909T170442Z-79ba49e93d02.json.gz,1
fda.refusals.backfill,firm:3002906944,2011-07-07,2026-09-09T17:04:42Z,is_drug_or_biologic,1,bool,fda.refusals.backfill,raw/fda.refusals.backfill/2026/09/20260909T170442Z-79ba49e93d02.json.gz,1
fda.refusals.backfill,firm:3002906944,2011-07-07,2026-09-09T17:04:42Z,is_foreign,1,bool,fda.refusals.backfill,raw/fda.refusals.backfill/2026/09/20260909T170442Z-79ba49e93d02.json.gz,1
fda.refusals.backfill,firm:3002906944,2011-07-07,2026-09-09T17:04:42Z,is_human_drug,1,bool,fda.refusals.backfill,raw/fda.refusals.backfill/2026/09/20260909T170442Z-79ba49e93d02.json.gz,1
fda.refusals.backfill,firm:3002906944,2011-07-07,2026-09-09T17:04:42Z,label,Apotex Inc.,,fda.refusals.backfill,raw/fda.refusals.backfill/2026/09/20260909T170442Z-79ba49e93d02.json.gz,1
fda.refusals.backfill,firm:3002906944,2011-07-07,2026-09-09T17:04:42Z,refused_at,20110707,yyyymmdd,fda.refusals.backfill,raw/fda.refusals.backfill/2026/09/20260909T170442Z-79ba49e93d02.json.gz,1
fda.refusals.backfill,firm:3002945792,2011-07-06,2026-09-09T17:04:42Z,firm_key,INTERPHIL,,fda.refusals.backfill,raw/fda.refusals.backfill/2026/09/20260909T170442Z-79ba49e93d02.json.gz,1
fda.refusals.backfill,firm:3002945792,2011-07-06,2026-09-09T17:04:42Z,import_refusal,1,count,fda.refusals.backfill,raw/fda.refusals.backfill/2026/09/20260909T170442Z-79ba49e93d02.json.gz,1
fda.refusals.backfill,firm:3002945792,2011-07-06,2026-09-09T17:04:42Z,is_drug_or_biologic,1,bool,fda.refusals.backfill,raw/fda.refusals.backfill/2026/09/20260909T170442Z-79ba49e93d02.json.gz,1
fda.refusals.backfill,firm:3002945792,2011-07-06,2026-09-09T17:04:42Z,is_foreign,1,bool,fda.refusals.backfill,raw/fda.refusals.backfill/2026/09/20260909T170442Z-79ba49e93d02.json.gz,1
fda.refusals.backfill,firm:3002945792,2011-07-06,2026-09-09T17:04:42Z,is_human_drug,0,bool,fda.refusals.backfill,raw/fda.refusals.backfill/2026/09/20260909T170442Z-79ba49e93d02.json.gz,1
fda.refusals.backfill,firm:3002945792,2011-07-06,2026-09-09T17:04:42Z,label,Interphil Lab Inc,,fda.refusals.backfill,raw/fda.refusals.backfill/2026/09/20260909T170442Z-79ba49e93d02.json.gz,1
fda.refusals.backfill,firm:3002945792,2011-07-06,2026-09-09T17:04:42Z,refused_at,20110706,yyyymmdd,fda.refusals.backfill,raw/fda.refusals.backfill/2026/09/20260909T170442Z-79ba49e93d02.json.gz,1
fda.refusals.backfill,firm:3003245034,2011-07-11,2026-09-09T17:04:42Z,firm_key,PARNELL MANUFACTURING PTY,,fda.refusals.backfill,raw/fda.refusals.backfill/2026/09/20260909T170442Z-79ba49e93d02.json.gz,1
fda.refusals.backfill,firm:3003245034,2011-07-11,2026-09-09T17:04:42Z,import_refusal,1,count,fda.refusals.backfill,raw/fda.refusals.backfill/2026/09/20260909T170442Z-79ba49e93d02.json.gz,1
fda.refusals.backfill,firm:3003245034,2011-07-11,2026-09-09T17:04:42Z,is_drug_or_biologic,1,bool,fda.refusals.backfill,raw/fda.refusals.backfill/2026/09/20260909T170442Z-79ba49e93d02.json.gz,1
fda.refusals.backfill,firm:3003245034,2011-07-11,2026-09-09T17:04:42Z,is_foreign,1,bool,fda.refusals.backfill,raw/fda.refusals.backfill/2026/09/20260909T170442Z-79ba49e93d02.json.gz,1
fda.refusals.backfill,firm:3003245034,2011-07-11,2026-09-09T17:04:42Z,is_human_drug,1,bool,fda.refusals.backfill,raw/fda.refusals.backfill/2026/09/20260909T170442Z-79ba49e93d02.json.gz,1
fda.refusals.backfill,firm:3003245034,2011-07-11,2026-09-09T17:04:42Z,label,"Parnell Manufacturing Pty, Ltd.",,fda.refusals.backfill,raw/fda.refusals.backfill/2026/09/20260909T170442Z-79ba49e93d02.json.gz,1
fda.refusals.backfill,firm:3003245034,2011-07-11,2026-09-09T17:04:42Z,refused_at,20110711,yyyymmdd,fda.refusals.backfill,raw/fda.refusals.backfill/2026/09/20260909T170442Z-79ba49e93d02.json.gz,1
fda.refusals.backfill,firm:3003246001,2011-07-11,2026-09-09T17:04:42Z,firm_key,HEAVYWEIGHT,,fda.refusals.backfill,raw/fda.refusals.backfill/2026/09/20260909T170442Z-79ba49e93d02.json.gz,1
fda.refusals.backfill,firm:3003246001,2011-07-11,2026-09-09T17:04:42Z,import_refusal,1,count,fda.refusals.backfill,raw/fda.refusals.backfill/2026/09/20260909T170442Z-79ba49e93d02.json.gz,1
fda.refusals.backfill,firm:3003246001,2011-07-11,2026-09-09T17:04:42Z,is_drug_or_biologic,1,bool,fda.refusals.backfill,raw/fda.refusals.backfill/2026/09/20260909T170442Z-79ba49e93d02.json.gz,1
fda.refusals.backfill,firm:3003246001,2011-07-11,2026-09-09T17:04:42Z,is_foreign,1,bool,fda.refusals.backfill,raw/fda.refusals.backfill/2026/09/20260909T170442Z-79ba49e93d02.json.gz,1
fda.refusals.backfill,firm:3003246001,2011-07-11,2026-09-09T17:04:42Z,is_human_drug,1,bool,fda.refusals.backfill,raw/fda.refusals.backfill/2026/09/20260909T170442Z-79ba49e93d02.json.gz,1
fda.refusals.backfill,firm:3003246001,2011-07-11,2026-09-09T17:04:42Z,label,Heavyweight,,fda.refusals.backfill,raw/fda.refusals.backfill/2026/09/20260909T170442Z-79ba49e93d02.json.gz,1
fda.refusals.backfill,firm:3003246001,2011-07-11,2026-09-09T17:04:42Z,refused_at,20110711,yyyymmdd,fda.refusals.backfill,raw/fda.refusals.backfill/2026/09/20260909T170442Z-79ba49e93d02.json.gz,1
fda.refusals.backfill,firm:3003510514,2011-07-18,2026-09-09T17:04:42Z,firm_key,HETERO DRUGS,,fda.refusals.backfill,raw/fda.refusals.backfill/2026/09/20260909T170442Z-79ba49e93d02.json.gz,1
fda.refusals.backfill,firm:3003510514,2011-07-18,2026-09-09T17:04:42Z,import_refusal,1,count,fda.refusals.backfill,raw/fda.refusals.backfill/2026/09/20260909T170442Z-79ba49e93d02.json.gz,1
fda.refusals.backfill,firm:3003510514,2011-07-18,2026-09-09T17:04:42Z,is_drug_or_biologic,1,bool,fda.refusals.backfill,raw/fda.refusals.backfill/2026/09/20260909T170442Z-79ba49e93d02.json.gz,1
fda.refusals.backfill,firm:3003510514,2011-07-18,2026-09-09T17:04:42Z,is_foreign,1,bool,fda.refusals.backfill,raw/fda.refusals.backfill/2026/09/20260909T170442Z-79ba49e93d02.json.gz,1
fda.refusals.backfill,firm:3003510514,2011-07-18,2026-09-09T17:04:42Z,is_human_drug,1,bool,fda.refusals.backfill,raw/fda.refusals.backfill/2026/09/20260909T170442Z-79ba49e93d02.json.gz,1
fda.refusals.backfill,firm:3003510514,2011-07-18,2026-09-09T17:04:42Z,label,Hetero Drugs Limited,,fda.refusals.backfill,raw/fda.refusals.backfill/2026/09/20260909T170442Z-79ba49e93d02.json.gz,1
fda.refusals.backfill,firm:3003510514,2011-07-18,2026-09-09T17:04:42Z,refused_at,20110718,yyyymmdd,fda.refusals.backfill,raw/fda.refusals.backfill/2026/09/20260909T170442Z-79ba49e93d02.json.gz,1
fda.refusals.backfill,firm:3003647459,2011-07-09,2026-09-09T17:04:42Z,firm_key,UNIQUE A DIV OF JB CHEMICALS,,fda.refusals.backfill,raw/fda.refusals.backfill/2026/09/20260909T170442Z-79ba49e93d02.json.gz,1
fda.refusals.backfill,firm:3003647459,2011-07-09,2026-09-09T17:04:42Z,import_refusal,1,count,fda.refusals.backfill,raw/fda.refusals.backfill/2026/09/20260909T170442Z-79ba49e93d02.json.gz,1
fda.refusals.backfill,firm:3003647459,2011-07-09,2026-09-09T17:04:42Z,is_drug_or_biologic,1,bool,fda.refusals.backfill,raw/fda.refusals.backfill/2026/09/20260909T170442Z-79ba49e93d02.json.gz,1
fda.refusals.backfill,firm:3003647459,2011-07-09,2026-09-09T17:04:42Z,is_foreign,1,bool,fda.refusals.backfill,raw/fda.refusals.backfill/2026/09/20260909T170442Z-79ba49e93d02.json.gz,1
fda.refusals.backfill,firm:3003647459,2011-07-09,2026-09-09T17:04:42Z,is_human_drug,1,bool,fda.refusals.backfill,raw/fda.refusals.backfill/2026/09/20260909T170442Z-79ba49e93d02.json.gz,1
fda.refusals.backfill,firm:3003647459,2011-07-09,2026-09-09T17:04:42Z,label,Unique Pharmaceutical Laboratories (A Div. of JB Chemicals & Pharmaceuticals Ltd),,fda.refusals.backfill,raw/fda.refusals.backfill/2026/09/20260909T170442Z-79ba49e93d02.json.gz,1
fda.refusals.backfill,firm:3003647459,2011-07-09,2026-09-09T17:04:42Z,refused_at,20110709,yyyymmdd,fda.refusals.backfill,raw/fda.refusals.backfill/2026/09/20260909T170442Z-79ba49e93d02.json.gz,1
fda.refusals.backfill,firm:3003700234,2011-07-19,2026-09-09T17:04:42Z,firm_key,HOLISTIC SKIN CARE,,fda.refusals.backfill,raw/fda.refusals.backfill/2026/09/20260909T170442Z-79ba49e93d02.json.gz,1
fda.refusals.backfill,firm:3003700234,2011-07-19,2026-09-09T17:04:42Z,import_refusal,1,count,fda.refusals.backfill,raw/fda.refusals.backfill/2026/09/20260909T170442Z-79ba49e93d02.json.gz,1
fda.refusals.backfill,firm:3003700234,2011-07-19,2026-09-09T17:04:42Z,is_drug_or_biologic,1,bool,fda.refusals.backfill,raw/fda.refusals.backfill/2026/09/20260909T170442Z-79ba49e93d02.json.gz,1
fda.refusals.backfill,firm:3003700234,2011-07-19,2026-09-09T17:04:42Z,is_foreign,1,bool,fda.refusals.backfill,raw/fda.refusals.backfill/2026/09/20260909T170442Z-79ba49e93d02.json.gz,1
fda.refusals.backfill,firm:3003700234,2011-07-19,2026-09-09T17:04:42Z,is_human_drug,1,bool,fda.refusals.backfill,raw/fda.refusals.backfill/2026/09/20260909T170442Z-79ba49e93d02.json.gz,1
fda.refusals.backfill,firm:3003700234,2011-07-19,2026-09-09T17:04:42Z,label,Holistic Skin Care,,fda.refusals.backfill,raw/fda.refusals.backfill/2026/09/20260909T170442Z-79ba49e93d02.json.gz,1
fda.refusals.backfill,firm:3003700234,2011-07-19,2026-09-09T17:04:42Z,refused_at,20110719,yyyymmdd,fda.refusals.backfill,raw/fda.refusals.backfill/2026/09/20260909T170442Z-79ba49e93d02.json.gz,1
fda.refusals.backfill,firm:3003708554,2011-07-27,2026-09-09T17:04:42Z,firm_key,FRESENIUS KABI AUSTRIA,,fda.refusals.backfill,raw/fda.refusals.backfill/2026/09/20260909T170442Z-79ba49e93d02.json.gz,1
fda.refusals.backfill,firm:3003708554,2011-07-27,2026-09-09T17:04:42Z,import_refusal,1,count,fda.refusals.backfill,raw/fda.refusals.backfill/2026/09/20260909T170442Z-79ba49e93d02.json.gz,1
fda.refusals.backfill,firm:3003708554,2011-07-27,2026-09-09T17:04:42Z,is_drug_or_biologic,1,bool,fda.refusals.backfill,raw/fda.refusals.backfill/2026/09/20260909T170442Z-79ba49e93d02.json.gz,1
fda.refusals.backfill,firm:3003708554,2011-07-27,2026-09-09T17:04:42Z,is_foreign,1,bool,fda.refusals.backfill,raw/fda.refusals.backfill/2026/09/20260909T170442Z-79ba49e93d02.json.gz,1
fda.refusals.backfill,firm:3003708554,2011-07-27,2026-09-09T17:04:42Z,is_human_drug,1,bool,fda.refusals.backfill,raw/fda.refusals.backfill/2026/09/20260909T170442Z-79ba49e93d02.json.gz,1
fda.refusals.backfill,firm:3003708554,2011-07-27,2026-09-09T17:04:42Z,label,Fresenius Kabi Austria GMBH,,fda.refusals.backfill,raw/fda.refusals.backfill/2026/09/20260909T170442Z-79ba49e93d02.json.gz,1
fda.refusals.backfill,firm:3003708554,2011-07-27,2026-09-09T17:04:42Z,refused_at,20110727,yyyymmdd,fda.refusals.backfill,raw/fda.refusals.backfill/2026/09/20260909T170442Z-79ba49e93d02.json.gz,1
fda.refusals.backfill,firm:3003745489,2011-07-07,2026-09-09T17:04:42Z,firm_key,PANKAJ EXPORTS,,fda.refusals.backfill,raw/fda.refusals.backfill/2026/09/20260909T170442Z-79ba49e93d02.json.gz,1
fda.refusals.backfill,firm:3003745489,2011-07-07,2026-09-09T17:04:42Z,import_refusal,1,count,fda.refusals.backfill,raw/fda.refusals.backfill/2026/09/20260909T170442Z-79ba49e93d02.json.gz,1
fda.refusals.backfill,firm:3003745489,2011-07-07,2026-09-09T17:04:42Z,is_drug_or_biologic,1,bool,fda.refusals.backfill,raw/fda.refusals.backfill/2026/09/20260909T170442Z-79ba49e93d02.json.gz,1
fda.refusals.backfill,firm:3003745489,2011-07-07,2026-09-09T17:04:42Z,is_foreign,1,bool,fda.refusals.backfill,raw/fda.refusals.backfill/2026/09/20260909T170442Z-79ba49e93d02.json.gz,1
fda.refusals.backfill,firm:3003745489,2011-07-07,2026-09-09T17:04:42Z,is_human_drug,1,bool,fda.refusals.backfill,raw/fda.refusals.backfill/2026/09/20260909T170442Z-79ba49e93d02.json.gz,1
fda.refusals.backfill,firm:3003745489,2011-07-07,2026-09-09T17:04:42Z,label,Pankaj Exports,,fda.refusals.backfill,raw/fda.refusals.backfill/2026/09/20260909T170442Z-79ba49e93d02.json.gz,1
fda.refusals.backfill,firm:3003745489,2011-07-07,2026-09-09T17:04:42Z,refused_at,20110707,yyyymmdd,fda.refusals.backfill,raw/fda.refusals.backfill/2026/09/20260909T170442Z-79ba49e93d02.json.gz,1
fda.refusals.backfill,firm:3003773810,2011-07-15,2026-09-09T17:04:42Z,firm_key,GROUPE PARIMA,,fda.refusals.backfill,raw/fda.refusals.backfill/2026/09/20260909T170442Z-79ba49e93d02.json.gz,1
fda.refusals.backfill,firm:3003773810,2011-07-15,2026-09-09T17:04:42Z,import_refusal,1,count,fda.refusals.backfill,raw/fda.refusals.backfill/2026/09/20260909T170442Z-79ba49e93d02.json.gz,1
fda.refusals.backfill,firm:3003773810,2011-07-15,2026-09-09T17:04:42Z,is_drug_or_biologic,1,bool,fda.refusals.backfill,raw/fda.refusals.backfill/2026/09/20260909T170442Z-79ba49e93d02.json.gz,1
fda.refusals.backfill,firm:3003773810,2011-07-15,2026-09-09T17:04:42Z,is_foreign,1,bool,fda.refusals.backfill,raw/fda.refusals.backfill/2026/09/20260909T170442Z-79ba49e93d02.json.gz,1
fda.refusals.backfill,firm:3003773810,2011-07-15,2026-09-09T17:04:42Z,is_human_drug,1,bool,fda.refusals.backfill,raw/fda.refusals.backfill/2026/09/20260909T170442Z-79ba49e93d02.json.gz,1
fda.refusals.backfill,firm:3003773810,2011-07-15,2026-09-09T17:04:42Z,label,Groupe Parima Inc.,,fda.refusals.backfill,raw/fda.refusals.backfill/2026/09/20260909T170442Z-79ba49e93d02.json.gz,1
fda.refusals.backfill,firm:3003773810,2011-07-15,2026-09-09T17:04:42Z,refused_at,20110715,yyyymmdd,fda.refusals.backfill,raw/fda.refusals.backfill/2026/09/20260909T170442Z-79ba49e93d02.json.gz,1
fda.refusals.backfill,firm:3003773810,2011-07-27,2026-09-09T17:04:42Z,firm_key,GROUPE PARIMA,,fda.refusals.backfill,raw/fda.refusals.backfill/2026/09/20260909T170442Z-79ba49e93d02.json.gz,1
fda.refusals.backfill,firm:3003773810,2011-07-27,2026-09-09T17:04:42Z,import_refusal,1,count,fda.refusals.backfill,raw/fda.refusals.backfill/2026/09/20260909T170442Z-79ba49e93d02.json.gz,1
fda.refusals.backfill,firm:3003773810,2011-07-27,2026-09-09T17:04:42Z,is_drug_or_biologic,1,bool,fda.refusals.backfill,raw/fda.refusals.backfill/2026/09/20260909T170442Z-79ba49e93d02.json.gz,1
fda.refusals.backfill,firm:3003773810,2011-07-27,2026-09-09T17:04:42Z,is_foreign,1,bool,fda.refusals.backfill,raw/fda.refusals.backfill/2026/09/20260909T170442Z-79ba49e93d02.json.gz,1
fda.refusals.backfill,firm:3003773810,2011-07-27,2026-09-09T17:04:42Z,is_human_drug,1,bool,fda.refusals.backfill,raw/fda.refusals.backfill/2026/09/20260909T170442Z-79ba49e93d02.json.gz,1
fda.refusals.backfill,firm:3003773810,2011-07-27,2026-09-09T17:04:42Z,label,Groupe Parima Inc.,,fda.refusals.backfill,raw/fda.refusals.backfill/2026/09/20260909T170442Z-79ba49e93d02.json.gz,1
fda.refusals.backfill,firm:3003773810,2011-07-27,2026-09-09T17:04:42Z,refused_at,20110727,yyyymmdd,fda.refusals.backfill,raw/fda.refusals.backfill/2026/09/20260909T170442Z-79ba49e93d02.json.gz,1
fda.refusals.backfill,firm:3003813570,2011-07-22,2026-09-09T17:04:42Z,firm_key,SPIMACO AL QASSIM PHARMACETICAL PLANT,,fda.refusals.backfill,raw/fda.refusals.backfill/2026/09/20260909T170442Z-79ba49e93d02.json.gz,1
fda.refusals.backfill,firm:3003813570,2011-07-22,2026-09-09T17:04:42Z,import_refusal,1,count,fda.refusals.backfill,raw/fda.refusals.backfill/2026/09/20260909T170442Z-79ba49e93d02.json.gz,1
fda.refusals.backfill,firm:3003813570,2011-07-22,2026-09-09T17:04:42Z,is_drug_or_biologic,1,bool,fda.refusals.backfill,raw/fda.refusals.backfill/2026/09/20260909T170442Z-79ba49e93d02.json.gz,1
fda.refusals.backfill,firm:3003813570,2011-07-22,2026-09-09T17:04:42Z,is_foreign,1,bool,fda.refusals.backfill,raw/fda.refusals.backfill/2026/09/20260909T170442Z-79ba49e93d02.json.gz,1
fda.refusals.backfill,firm:3003813570,2011-07-22,2026-09-09T17:04:42Z,is_human_drug,1,bool,fda.refusals.backfill,raw/fda.refusals.backfill/2026/09/20260909T170442Z-79ba49e93d02.json.gz,1
fda.refusals.backfill,firm:3003813570,2011-07-22,2026-09-09T17:04:42Z,label,SPIMACO Al-Qassim Pharmacetical Plant,,fda.refusals.backfill,raw/fda.refusals.backfill/2026/09/20260909T170442Z-79ba49e93d02.json.gz,1
fda.refusals.backfill,firm:3003813570,2011-07-22,2026-09-09T17:04:42Z,refused_at,20110722,yyyymmdd,fda.refusals.backfill,raw/fda.refusals.backfill/2026/09/20260909T170442Z-79ba49e93d02.json.gz,1
fda.refusals.backfill,firm:3003818446,2011-07-06,2026-09-09T17:04:42Z,firm_key,COSMETIQUE ACTIVE PRODUCTION,,fda.refusals.backfill,raw/fda.refusals.backfill/2026/09/20260909T170442Z-79ba49e93d02.json.gz,1
fda.refusals.backfill,firm:3003818446,2011-07-06,2026-09-09T17:04:42Z,import_refusal,1,count,fda.refusals.backfill,raw/fda.refusals.backfill/2026/09/20260909T170442Z-79ba49e93d02.json.gz,1
fda.refusals.backfill,firm:3003818446,2011-07-06,2026-09-09T17:04:42Z,is_drug_or_biologic,1,bool,fda.refusals.backfill,raw/fda.refusals.backfill/2026/09/20260909T170442Z-79ba49e93d02.json.gz,1
fda.refusals.backfill,firm:3003818446,2011-07-06,2026-09-09T17:04:42Z,is_foreign,1,bool,fda.refusals.backfill,raw/fda.refusals.backfill/2026/09/20260909T170442Z-79ba49e93d02.json.gz,1
fda.refusals.backfill,firm:3003818446,2011-07-06,2026-09-09T17:04:42Z,is_human_drug,1,bool,fda.refusals.backfill,raw/fda.refusals.backfill/2026/09/20260909T170442Z-79ba49e93d02.json.gz,1
fda.refusals.backfill,firm:3003818446,2011-07-06,2026-09-09T17:04:42Z,label,Cosmetique Active Production,,fda.refusals.backfill,raw/fda.refusals.backfill/2026/09/20260909T170442Z-79ba49e93d02.json.gz,1
fda.refusals.backfill,firm:3003818446,2011-07-06,2026-09-09T17:04:42Z,refused_at,20110706,yyyymmdd,fda.refusals.backfill,raw/fda.refusals.backfill/2026/09/20260909T170442Z-79ba49e93d02.json.gz,1
fda.refusals.backfill,firm:3004075481,2011-07-26,2026-09-09T17:04:42Z,firm_key,RATIOPHARM,,fda.refusals.backfill,raw/fda.refusals.backfill/2026/09/20260909T170442Z-79ba49e93d02.json.gz,1
fda.refusals.backfill,firm:3004075481,2011-07-26,2026-09-09T17:04:42Z,import_refusal,1,count,fda.refusals.backfill,raw/fda.refusals.backfill/2026/09/20260909T170442Z-79ba49e93d02.json.gz,1
fda.refusals.backfill,firm:3004075481,2011-07-26,2026-09-09T17:04:42Z,is_drug_or_biologic,1,bool,fda.refusals.backfill,raw/fda.refusals.backfill/2026/09/20260909T170442Z-79ba49e93d02.json.gz,1
fda.refusals.backfill,firm:3004075481,2011-07-26,2026-09-09T17:04:42Z,is_foreign,1,bool,fda.refusals.backfill,raw/fda.refusals.backfill/2026/09/20260909T170442Z-79ba49e93d02.json.gz,1
fda.refusals.backfill,firm:3004075481,2011-07-26,2026-09-09T17:04:42Z,is_human_drug,1,bool,fda.refusals.backfill,raw/fda.refusals.backfill/2026/09/20260909T170442Z-79ba49e93d02.json.gz,1
fda.refusals.backfill,firm:3004075481,2011-07-26,2026-09-09T17:04:42Z,label,Ratiopharm,,fda.refusals.backfill,raw/fda.refusals.backfill/2026/09/20260909T170442Z-79ba49e93d02.json.gz,1
fda.refusals.backfill,firm:3004075481,2011-07-26,2026-09-09T17:04:42Z,refused_at,20110726,yyyymmdd,fda.refusals.backfill,raw/fda.refusals.backfill/2026/09/20260909T170442Z-79ba49e93d02.json.gz,1
fda.refusals.backfill,firm:3004096041,2011-07-07,2026-09-09T17:04:42Z,firm_key,SPLASH,,fda.refusals.backfill,raw/fda.refusals.backfill/2026/09/20260909T170442Z-79ba49e93d02.json.gz,1
fda.refusals.backfill,firm:3004096041,2011-07-07,2026-09-09T17:04:42Z,import_refusal,1,count,fda.refusals.backfill,raw/fda.refusals.backfill/2026/09/20260909T170442Z-79ba49e93d02.json.gz,1
fda.refusals.backfill,firm:3004096041,2011-07-07,2026-09-09T17:04:42Z,is_drug_or_biologic,1,bool,fda.refusals.backfill,raw/fda.refusals.backfill/2026/09/20260909T170442Z-79ba49e93d02.json.gz,1
fda.refusals.backfill,firm:3004096041,2011-07-07,2026-09-09T17:04:42Z,is_foreign,1,bool,fda.refusals.backfill,raw/fda.refusals.backfill/2026/09/20260909T170442Z-79ba49e93d02.json.gz,1
fda.refusals.backfill,firm:3004096041,2011-07-07,2026-09-09T17:04:42Z,is_human_drug,1,bool,fda.refusals.backfill,raw/fda.refusals.backfill/2026/09/20260909T170442Z-79ba49e93d02.json.gz,1
fda.refusals.backfill,firm:3004096041,2011-07-07,2026-09-09T17:04:42Z,label,Splash Corporation,,fda.refusals.backfill,raw/fda.refusals.backfill/2026/09/20260909T170442Z-79ba49e93d02.json.gz,1
fda.refusals.backfill,firm:3004096041,2011-07-07,2026-09-09T17:04:42Z,refused_at,20110707,yyyymmdd,fda.refusals.backfill,raw/fda.refusals.backfill/2026/09/20260909T170442Z-79ba49e93d02.json.gz,1
fda.refusals.backfill,firm:3004098218,2011-07-09,2026-09-09T17:04:42Z,firm_key,RIA PANDA,,fda.refusals.backfill,raw/fda.refusals.backfill/2026/09/20260909T170442Z-79ba49e93d02.json.gz,1
fda.refusals.backfill,firm:3004098218,2011-07-09,2026-09-09T17:04:42Z,import_refusal,1,count,fda.refusals.backfill,raw/fda.refusals.backfill/2026/09/20260909T170442Z-79ba49e93d02.json.gz,1
fda.refusals.backfill,firm:3004098218,2011-07-09,2026-09-09T17:04:42Z,is_drug_or_biologic,1,bool,fda.refusals.backfill,raw/fda.refusals.backfill/2026/09/20260909T170442Z-79ba49e93d02.json.gz,1
fda.refusals.backfill,firm:3004098218,2011-07-09,2026-09-09T17:04:42Z,is_foreign,1,bool,fda.refusals.backfill,raw/fda.refusals.backfill/2026/09/20260909T170442Z-79ba49e93d02.json.gz,1
fda.refusals.backfill,firm:3004098218,2011-07-09,2026-09-09T17:04:42Z,is_human_drug,1,bool,fda.refusals.backfill,raw/fda.refusals.backfill/2026/09/20260909T170442Z-79ba49e93d02.json.gz,1
fda.refusals.backfill,firm:3004098218,2011-07-09,2026-09-09T17:04:42Z,label,Ria Panda,,fda.refusals.backfill,raw/fda.refusals.backfill/2026/09/20260909T170442Z-79ba49e93d02.json.gz,1
fda.refusals.backfill,firm:3004098218,2011-07-09,2026-09-09T17:04:42Z,refused_at,20110709,yyyymmdd,fda.refusals.backfill,raw/fda.refusals.backfill/2026/09/20260909T170442Z-79ba49e93d02.json.gz,1
fda.refusals.backfill,firm:3004263576,2011-07-22,2026-09-09T17:04:42Z,firm_key,MAQUILADORA GANA S A DE C V,,fda.refusals.backfill,raw/fda.refusals.backfill/2026/09/20260909T170442Z-79ba49e93d02.json.gz,1
fda.refusals.backfill,firm:3004263576,2011-07-22,2026-09-09T17:04:42Z,import_refusal,1,count,fda.refusals.backfill,raw/fda.refusals.backfill/2026/09/20260909T170442Z-79ba49e93d02.json.gz,1
fda.refusals.backfill,firm:3004263576,2011-07-22,2026-09-09T17:04:42Z,is_drug_or_biologic,1,bool,fda.refusals.backfill,raw/fda.refusals.backfill/2026/09/20260909T170442Z-79ba49e93d02.json.gz,1
fda.refusals.backfill,firm:3004263576,2011-07-22,2026-09-09T17:04:42Z,is_foreign,1,bool,fda.refusals.backfill,raw/fda.refusals.backfill/2026/09/20260909T170442Z-79ba49e93d02.json.gz,1
fda.refusals.backfill,firm:3004263576,2011-07-22,2026-09-09T17:04:42Z,is_human_drug,1,bool,fda.refusals.backfill,raw/fda.refusals.backfill/2026/09/20260909T170442Z-79ba49e93d02.json.gz,1
fda.refusals.backfill,firm:3004263576,2011-07-22,2026-09-09T17:04:42Z,label,"Maquiladora Gana, S.A. de C.V.",,fda.refusals.backfill,raw/fda.refusals.backfill/2026/09/20260909T170442Z-79ba49e93d02.json.gz,1
fda.refusals.backfill,firm:3004263576,2011-07-22,2026-09-09T17:04:42Z,refused_at,20110722,yyyymmdd,fda.refusals.backfill,raw/fda.refusals.backfill/2026/09/20260909T170442Z-79ba49e93d02.json.gz,1
fda.refusals.backfill,firm:3004341688,2011-07-18,2026-09-09T17:04:42Z,firm_key,P A BENJAMIN MANUFACTURING,,fda.refusals.backfill,raw/fda.refusals.backfill/2026/09/20260909T170442Z-79ba49e93d02.json.gz,1
fda.refusals.backfill,firm:3004341688,2011-07-18,2026-09-09T17:04:42Z,import_refusal,1,count,fda.refusals.backfill,raw/fda.refusals.backfill/2026/09/20260909T170442Z-79ba49e93d02.json.gz,1
fda.refusals.backfill,firm:3004341688,2011-07-18,2026-09-09T17:04:42Z,is_drug_or_biologic,1,bool,fda.refusals.backfill,raw/fda.refusals.backfill/2026/09/20260909T170442Z-79ba49e93d02.json.gz,1
fda.refusals.backfill,firm:3004341688,2011-07-18,2026-09-09T17:04:42Z,is_foreign,1,bool,fda.refusals.backfill,raw/fda.refusals.backfill/2026/09/20260909T170442Z-79ba49e93d02.json.gz,1
fda.refusals.backfill,firm:3004341688,2011-07-18,2026-09-09T17:04:42Z,is_human_drug,0,bool,fda.refusals.backfill,raw/fda.refusals.backfill/2026/09/20260909T170442Z-79ba49e93d02.json.gz,1
fda.refusals.backfill,firm:3004341688,2011-07-18,2026-09-09T17:04:42Z,label,P.A. Benjamin Manufacturing Company Limited,,fda.refusals.backfill,raw/fda.refusals.backfill/2026/09/20260909T170442Z-79ba49e93d02.json.gz,1
fda.refusals.backfill,firm:3004341688,2011-07-18,2026-09-09T17:04:42Z,refused_at,20110718,yyyymmdd,fda.refusals.backfill,raw/fda.refusals.backfill/2026/09/20260909T170442Z-79ba49e93d02.json.gz,1
fda.refusals.backfill,firm:3004348364,2011-07-13,2026-09-09T17:04:42Z,firm_key,PJ EXPORTS,,fda.refusals.backfill,raw/fda.refusals.backfill/2026/09/20260909T170442Z-79ba49e93d02.json.gz,1
fda.refusals.backfill,firm:3004348364,2011-07-13,2026-09-09T17:04:42Z,import_refusal,1,count,fda.refusals.backfill,raw/fda.refusals.backfill/2026/09/20260909T170442Z-79ba49e93d02.json.gz,1
fda.refusals.backfill,firm:3004348364,2011-07-13,2026-09-09T17:04:42Z,is_drug_or_biologic,1,bool,fda.refusals.backfill,raw/fda.refusals.backfill/2026/09/20260909T170442Z-79ba49e93d02.json.gz,1
fda.refusals.backfill,firm:3004348364,2011-07-13,2026-09-09T17:04:42Z,is_foreign,1,bool,fda.refusals.backfill,raw/fda.refusals.backfill/2026/09/20260909T170442Z-79ba49e93d02.json.gz,1
fda.refusals.backfill,firm:3004348364,2011-07-13,2026-09-09T17:04:42Z,is_human_drug,1,bool,fda.refusals.backfill,raw/fda.refusals.backfill/2026/09/20260909T170442Z-79ba49e93d02.json.gz,1
fda.refusals.backfill,firm:3004348364,2011-07-13,2026-09-09T17:04:42Z,label,PJ Exports,,fda.refusals.backfill,raw/fda.refusals.backfill/2026/09/20260909T170442Z-79ba49e93d02.json.gz,1
fda.refusals.backfill,firm:3004348364,2011-07-13,2026-09-09T17:04:42Z,refused_at,20110713,yyyymmdd,fda.refusals.backfill,raw/fda.refusals.backfill/2026/09/20260909T170442Z-79ba49e93d02.json.gz,1
fda.refusals.backfill,firm:3004406246,2011-07-13,2026-09-09T17:04:42Z,firm_key,AGROPEC TRADING,,fda.refusals.backfill,raw/fda.refusals.backfill/2026/09/20260909T170442Z-79ba49e93d02.json.gz,1
fda.refusals.backfill,firm:3004406246,2011-07-13,2026-09-09T17:04:42Z,import_refusal,1,count,fda.refusals.backfill,raw/fda.refusals.backfill/2026/09/20260909T170442Z-79ba49e93d02.json.gz,1
fda.refusals.backfill,firm:3004406246,2011-07-13,2026-09-09T17:04:42Z,is_drug_or_biologic,1,bool,fda.refusals.backfill,raw/fda.refusals.backfill/2026/09/20260909T170442Z-79ba49e93d02.json.gz,1
fda.refusals.backfill,firm:3004406246,2011-07-13,2026-09-09T17:04:42Z,is_foreign,0,bool,fda.refusals.backfill,raw/fda.refusals.backfill/2026/09/20260909T170442Z-79ba49e93d02.json.gz,1
fda.refusals.backfill,firm:3004406246,2011-07-13,2026-09-09T17:04:42Z,is_human_drug,1,bool,fda.refusals.backfill,raw/fda.refusals.backfill/2026/09/20260909T170442Z-79ba49e93d02.json.gz,1
fda.refusals.backfill,firm:3004406246,2011-07-13,2026-09-09T17:04:42Z,label,"Agropec Trading, LLC",,fda.refusals.backfill,raw/fda.refusals.backfill/2026/09/20260909T170442Z-79ba49e93d02.json.gz,1
fda.refusals.backfill,firm:3004406246,2011-07-13,2026-09-09T17:04:42Z,refused_at,20110713,yyyymmdd,fda.refusals.backfill,raw/fda.refusals.backfill/2026/09/20260909T170442Z-79ba49e93d02.json.gz,1
fda.refusals.backfill,firm:3004424986,2011-07-25,2026-09-09T17:04:42Z,firm_key,ROPSOHN THERAPEUTICS LTDA,,fda.refusals.backfill,raw/fda.refusals.backfill/2026/09/20260909T170442Z-79ba49e93d02.json.gz,1
fda.refusals.backfill,firm:3004424986,2011-07-25,2026-09-09T17:04:42Z,import_refusal,1,count,fda.refusals.backfill,raw/fda.refusals.backfill/2026/09/20260909T170442Z-79ba49e93d02.json.gz,1
fda.refusals.backfill,firm:3004424986,2011-07-25,2026-09-09T17:04:42Z,is_drug_or_biologic,1,bool,fda.refusals.backfill,raw/fda.refusals.backfill/2026/09/20260909T170442Z-79ba49e93d02.json.gz,1
fda.refusals.backfill,firm:3004424986,2011-07-25,2026-09-09T17:04:42Z,is_foreign,1,bool,fda.refusals.backfill,raw/fda.refusals.backfill/2026/09/20260909T170442Z-79ba49e93d02.json.gz,1
fda.refusals.backfill,firm:3004424986,2011-07-25,2026-09-09T17:04:42Z,is_human_drug,1,bool,fda.refusals.backfill,raw/fda.refusals.backfill/2026/09/20260909T170442Z-79ba49e93d02.json.gz,1
fda.refusals.backfill,firm:3004424986,2011-07-25,2026-09-09T17:04:42Z,label,Ropsohn Therapeutics Ltda,,fda.refusals.backfill,raw/fda.refusals.backfill/2026/09/20260909T170442Z-79ba49e93d02.json.gz,1
fda.refusals.backfill,firm:3004424986,2011-07-25,2026-09-09T17:04:42Z,refused_at,20110725,yyyymmdd,fda.refusals.backfill,raw/fda.refusals.backfill/2026/09/20260909T170442Z-79ba49e93d02.json.gz,1
fda.refusals.backfill,firm:3004850451,2011-07-12,2026-09-09T17:04:42Z,firm_key,WENDT CHEMIE VERTRIEBSGES MBH,,fda.refusals.backfill,raw/fda.refusals.backfill/2026/09/20260909T170442Z-79ba49e93d02.json.gz,1
fda.refusals.backfill,firm:3004850451,2011-07-12,2026-09-09T17:04:42Z,import_refusal,1,count,fda.refusals.backfill,raw/fda.refusals.backfill/2026/09/20260909T170442Z-79ba49e93d02.json.gz,1
fda.refusals.backfill,firm:3004850451,2011-07-12,2026-09-09T17:04:42Z,is_drug_or_biologic,1,bool,fda.refusals.backfill,raw/fda.refusals.backfill/2026/09/20260909T170442Z-79ba49e93d02.json.gz,1
fda.refusals.backfill,firm:3004850451,2011-07-12,2026-09-09T17:04:42Z,is_foreign,1,bool,fda.refusals.backfill,raw/fda.refusals.backfill/2026/09/20260909T170442Z-79ba49e93d02.json.gz,1
fda.refusals.backfill,firm:3004850451,2011-07-12,2026-09-09T17:04:42Z,is_human_drug,1,bool,fda.refusals.backfill,raw/fda.refusals.backfill/2026/09/20260909T170442Z-79ba49e93d02.json.gz,1
fda.refusals.backfill,firm:3004850451,2011-07-12,2026-09-09T17:04:42Z,label,Wendt-Chemie Vertriebsges Mbh & Co.,,fda.refusals.backfill,raw/fda.refusals.backfill/2026/09/20260909T170442Z-79ba49e93d02.json.gz,1
fda.refusals.backfill,firm:3004850451,2011-07-12,2026-09-09T17:04:42Z,refused_at,20110712,yyyymmdd,fda.refusals.backfill,raw/fda.refusals.backfill/2026/09/20260909T170442Z-79ba49e93d02.json.gz,1
fda.refusals.backfill,firm:3005072567,2011-07-27,2026-09-09T17:04:42Z,firm_key,APOTEX,,fda.refusals.backfill,raw/fda.refusals.backfill/2026/09/20260909T170442Z-79ba49e93d02.json.gz,1
fda.refusals.backfill,firm:3005072567,2011-07-27,2026-09-09T17:04:42Z,import_refusal,1,count,fda.refusals.backfill,raw/fda.refusals.backfill/2026/09/20260909T170442Z-79ba49e93d02.json.gz,1
fda.refusals.backfill,firm:3005072567,2011-07-27,2026-09-09T17:04:42Z,is_drug_or_biologic,1,bool,fda.refusals.backfill,raw/fda.refusals.backfill/2026/09/20260909T170442Z-79ba49e93d02.json.gz,1
fda.refusals.backfill,firm:3005072567,2011-07-27,2026-09-09T17:04:42Z,is_foreign,1,bool,fda.refusals.backfill,raw/fda.refusals.backfill/2026/09/20260909T170442Z-79ba49e93d02.json.gz,1
fda.refusals.backfill,firm:3005072567,2011-07-27,2026-09-09T17:04:42Z,is_human_drug,1,bool,fda.refusals.backfill,raw/fda.refusals.backfill/2026/09/20260909T170442Z-79ba49e93d02.json.gz,1
fda.refusals.backfill,firm:3005072567,2011-07-27,2026-09-09T17:04:42Z,label,Apotex Inc.,,fda.refusals.backfill,raw/fda.refusals.backfill/2026/09/20260909T170442Z-79ba49e93d02.json.gz,1
fda.refusals.backfill,firm:3005072567,2011-07-27,2026-09-09T17:04:42Z,refused_at,20110727,yyyymmdd,fda.refusals.backfill,raw/fda.refusals.backfill/2026/09/20260909T170442Z-79ba49e93d02.json.gz,1
fda.refusals.backfill,firm:3005102443,2011-07-28,2026-09-09T17:04:42Z,firm_key,GFR,,fda.refusals.backfill,raw/fda.refusals.backfill/2026/09/20260909T170442Z-79ba49e93d02.json.gz,1
fda.refusals.backfill,firm:3005102443,2011-07-28,2026-09-09T17:04:42Z,import_refusal,1,count,fda.refusals.backfill,raw/fda.refusals.backfill/2026/09/20260909T170442Z-79ba49e93d02.json.gz,1
fda.refusals.backfill,firm:3005102443,2011-07-28,2026-09-09T17:04:42Z,is_drug_or_biologic,1,bool,fda.refusals.backfill,raw/fda.refusals.backfill/2026/09/20260909T170442Z-79ba49e93d02.json.gz,1
fda.refusals.backfill,firm:3005102443,2011-07-28,2026-09-09T17:04:42Z,is_foreign,1,bool,fda.refusals.backfill,raw/fda.refusals.backfill/2026/09/20260909T170442Z-79ba49e93d02.json.gz,1
fda.refusals.backfill,firm:3005102443,2011-07-28,2026-09-09T17:04:42Z,is_human_drug,1,bool,fda.refusals.backfill,raw/fda.refusals.backfill/2026/09/20260909T170442Z-79ba49e93d02.json.gz,1
fda.refusals.backfill,firm:3005102443,2011-07-28,2026-09-09T17:04:42Z,label,GFR Pharma Ltd.,,fda.refusals.backfill,raw/fda.refusals.backfill/2026/09/20260909T170442Z-79ba49e93d02.json.gz,1
fda.refusals.backfill,firm:3005102443,2011-07-28,2026-09-09T17:04:42Z,refused_at,20110728,yyyymmdd,fda.refusals.backfill,raw/fda.refusals.backfill/2026/09/20260909T170442Z-79ba49e93d02.json.gz,1
fda.refusals.backfill,firm:3005142788,2011-07-25,2026-09-09T17:04:42Z,firm_key,ROUX OCEFA S A,,fda.refusals.backfill,raw/fda.refusals.backfill/2026/09/20260909T170442Z-79ba49e93d02.json.gz,1
fda.refusals.backfill,firm:3005142788,2011-07-25,2026-09-09T17:04:42Z,import_refusal,1,count,fda.refusals.backfill,raw/fda.refusals.backfill/2026/09/20260909T170442Z-79ba49e93d02.json.gz,1
fda.refusals.backfill,firm:3005142788,2011-07-25,2026-09-09T17:04:42Z,is_drug_or_biologic,1,bool,fda.refusals.backfill,raw/fda.refusals.backfill/2026/09/20260909T170442Z-79ba49e93d02.json.gz,1
fda.refusals.backfill,firm:3005142788,2011-07-25,2026-09-09T17:04:42Z,is_foreign,1,bool,fda.refusals.backfill,raw/fda.refusals.backfill/2026/09/20260909T170442Z-79ba49e93d02.json.gz,1
fda.refusals.backfill,firm:3005142788,2011-07-25,2026-09-09T17:04:42Z,is_human_drug,1,bool,fda.refusals.backfill,raw/fda.refusals.backfill/2026/09/20260909T170442Z-79ba49e93d02.json.gz,1
fda.refusals.backfill,firm:3005142788,2011-07-25,2026-09-09T17:04:42Z,label,Lab Roux-Ocefa S.A,,fda.refusals.backfill,raw/fda.refusals.backfill/2026/09/20260909T170442Z-79ba49e93d02.json.gz,1
fda.refusals.backfill,firm:3005142788,2011-07-25,2026-09-09T17:04:42Z,refused_at,20110725,yyyymmdd,fda.refusals.backfill,raw/fda.refusals.backfill/2026/09/20260909T170442Z-79ba49e93d02.json.gz,1
fda.refusals.backfill,firm:3005259207,2011-07-14,2026-09-09T17:04:42Z,firm_key,PIRAMAL,,fda.refusals.backfill,raw/fda.refusals.backfill/2026/09/20260909T170442Z-79ba49e93d02.json.gz,1
fda.refusals.backfill,firm:3005259207,2011-07-14,2026-09-09T17:04:42Z,import_refusal,1,count,fda.refusals.backfill,raw/fda.refusals.backfill/2026/09/20260909T170442Z-79ba49e93d02.json.gz,1
fda.refusals.backfill,firm:3005259207,2011-07-14,2026-09-09T17:04:42Z,is_drug_or_biologic,1,bool,fda.refusals.backfill,raw/fda.refusals.backfill/2026/09/20260909T170442Z-79ba49e93d02.json.gz,1
fda.refusals.backfill,firm:3005259207,2011-07-14,2026-09-09T17:04:42Z,is_foreign,1,bool,fda.refusals.backfill,raw/fda.refusals.backfill/2026/09/20260909T170442Z-79ba49e93d02.json.gz,1
fda.refusals.backfill,firm:3005259207,2011-07-14,2026-09-09T17:04:42Z,is_human_drug,1,bool,fda.refusals.backfill,raw/fda.refusals.backfill/2026/09/20260909T170442Z-79ba49e93d02.json.gz,1
fda.refusals.backfill,firm:3005259207,2011-07-14,2026-09-09T17:04:42Z,label,Piramal Pharma Limited,,fda.refusals.backfill,raw/fda.refusals.backfill/2026/09/20260909T170442Z-79ba49e93d02.json.gz,1
fda.refusals.backfill,firm:3005259207,2011-07-14,2026-09-09T17:04:42Z,refused_at,20110714,yyyymmdd,fda.refusals.backfill,raw/fda.refusals.backfill/2026/09/20260909T170442Z-79ba49e93d02.json.gz,1
fda.refusals.backfill,firm:3005485263,2011-07-15,2026-09-09T17:04:42Z,firm_key,BENTLEY AND REMINGTON,,fda.refusals.backfill,raw/fda.refusals.backfill/2026/09/20260909T170442Z-79ba49e93d02.json.gz,1
fda.refusals.backfill,firm:3005485263,2011-07-15,2026-09-09T17:04:42Z,import_refusal,1,count,fda.refusals.backfill,raw/fda.refusals.backfill/2026/09/20260909T170442Z-79ba49e93d02.json.gz,1
fda.refusals.backfill,firm:3005485263,2011-07-15,2026-09-09T17:04:42Z,is_drug_or_biologic,1,bool,fda.refusals.backfill,raw/fda.refusals.backfill/2026/09/20260909T170442Z-79ba49e93d02.json.gz,1
fda.refusals.backfill,firm:3005485263,2011-07-15,2026-09-09T17:04:42Z,is_foreign,1,bool,fda.refusals.backfill,raw/fda.refusals.backfill/2026/09/20260909T170442Z-79ba49e93d02.json.gz,1
fda.refusals.backfill,firm:3005485263,2011-07-15,2026-09-09T17:04:42Z,is_human_drug,0,bool,fda.refusals.backfill,raw/fda.refusals.backfill/2026/09/20260909T170442Z-79ba49e93d02.json.gz,1
fda.refusals.backfill,firm:3005485263,2011-07-15,2026-09-09T17:04:42Z,label,Bentley and Remington Pvt Limited,,fda.refusals.backfill,raw/fda.refusals.backfill/2026/09/20260909T170442Z-79ba49e93d02.json.gz,1
fda.refusals.backfill,firm:3005485263,2011-07-15,2026-09-09T17:04:42Z,refused_at,20110715,yyyymmdd,fda.refusals.backfill,raw/fda.refusals.backfill/2026/09/20260909T170442Z-79ba49e93d02.json.gz,1
fda.refusals.backfill,firm:3005848539,2011-07-11,2026-09-09T17:04:42Z,firm_key,GEROLYMATOS,,fda.refusals.backfill,raw/fda.refusals.backfill/2026/09/20260909T170442Z-79ba49e93d02.json.gz,1
fda.refusals.backfill,firm:3005848539,2011-07-11,2026-09-09T17:04:42Z,import_refusal,1,count,fda.refusals.backfill,raw/fda.refusals.backfill/2026/09/20260909T170442Z-79ba49e93d02.json.gz,1
fda.refusals.backfill,firm:3005848539,2011-07-11,2026-09-09T17:04:42Z,is_drug_or_biologic,1,bool,fda.refusals.backfill,raw/fda.refusals.backfill/2026/09/20260909T170442Z-79ba49e93d02.json.gz,1
fda.refusals.backfill,firm:3005848539,2011-07-11,2026-09-09T17:04:42Z,is_foreign,1,bool,fda.refusals.backfill,raw/fda.refusals.backfill/2026/09/20260909T170442Z-79ba49e93d02.json.gz,1
fda.refusals.backfill,firm:3005848539,2011-07-11,2026-09-09T17:04:42Z,is_human_drug,1,bool,fda.refusals.backfill,raw/fda.refusals.backfill/2026/09/20260909T170442Z-79ba49e93d02.json.gz,1
fda.refusals.backfill,firm:3005848539,2011-07-11,2026-09-09T17:04:42Z,label,Gerolymatos International SA,,fda.refusals.backfill,raw/fda.refusals.backfill/2026/09/20260909T170442Z-79ba49e93d02.json.gz,1
fda.refusals.backfill,firm:3005848539,2011-07-11,2026-09-09T17:04:42Z,refused_at,20110711,yyyymmdd,fda.refusals.backfill,raw/fda.refusals.backfill/2026/09/20260909T170442Z-79ba49e93d02.json.gz,1
fda.refusals.backfill,firm:3005964713,2011-07-15,2026-09-09T17:04:42Z,firm_key,BELLE MUD AND SALT DEAD SEA,,fda.refusals.backfill,raw/fda.refusals.backfill/2026/09/20260909T170442Z-79ba49e93d02.json.gz,1
fda.refusals.backfill,firm:3005964713,2011-07-15,2026-09-09T17:04:42Z,import_refusal,1,count,fda.refusals.backfill,raw/fda.refusals.backfill/2026/09/20260909T170442Z-79ba49e93d02.json.gz,1
fda.refusals.backfill,firm:3005964713,2011-07-15,2026-09-09T17:04:42Z,is_drug_or_biologic,1,bool,fda.refusals.backfill,raw/fda.refusals.backfill/2026/09/20260909T170442Z-79ba49e93d02.json.gz,1
fda.refusals.backfill,firm:3005964713,2011-07-15,2026-09-09T17:04:42Z,is_foreign,1,bool,fda.refusals.backfill,raw/fda.refusals.backfill/2026/09/20260909T170442Z-79ba49e93d02.json.gz,1
fda.refusals.backfill,firm:3005964713,2011-07-15,2026-09-09T17:04:42Z,is_human_drug,1,bool,fda.refusals.backfill,raw/fda.refusals.backfill/2026/09/20260909T170442Z-79ba49e93d02.json.gz,1
fda.refusals.backfill,firm:3005964713,2011-07-15,2026-09-09T17:04:42Z,label,Belle Mud And Salt Dead Sea,,fda.refusals.backfill,raw/fda.refusals.backfill/2026/09/20260909T170442Z-79ba49e93d02.json.gz,1
fda.refusals.backfill,firm:3005964713,2011-07-15,2026-09-09T17:04:42Z,refused_at,20110715,yyyymmdd,fda.refusals.backfill,raw/fda.refusals.backfill/2026/09/20260909T170442Z-79ba49e93d02.json.gz,1
fda.refusals.backfill,firm:3005969962,2011-07-09,2026-09-09T17:04:42Z,firm_key,MEDISORB,,fda.refusals.backfill,raw/fda.refusals.backfill/2026/09/20260909T170442Z-79ba49e93d02.json.gz,1
fda.refusals.backfill,firm:3005969962,2011-07-09,2026-09-09T17:04:42Z,import_refusal,1,count,fda.refusals.backfill,raw/fda.refusals.backfill/2026/09/20260909T170442Z-79ba49e93d02.json.gz,1
fda.refusals.backfill,firm:3005969962,2011-07-09,2026-09-09T17:04:42Z,is_drug_or_biologic,1,bool,fda.refusals.backfill,raw/fda.refusals.backfill/2026/09/20260909T170442Z-79ba49e93d02.json.gz,1
fda.refusals.backfill,firm:3005969962,2011-07-09,2026-09-09T17:04:42Z,is_foreign,1,bool,fda.refusals.backfill,raw/fda.refusals.backfill/2026/09/20260909T170442Z-79ba49e93d02.json.gz,1
fda.refusals.backfill,firm:3005969962,2011-07-09,2026-09-09T17:04:42Z,is_human_drug,1,bool,fda.refusals.backfill,raw/fda.refusals.backfill/2026/09/20260909T170442Z-79ba49e93d02.json.gz,1
fda.refusals.backfill,firm:3005969962,2011-07-09,2026-09-09T17:04:42Z,label,Medisorb,,fda.refusals.backfill,raw/fda.refusals.backfill/2026/09/20260909T170442Z-79ba49e93d02.json.gz,1
fda.refusals.backfill,firm:3005969962,2011-07-09,2026-09-09T17:04:42Z,refused_at,20110709,yyyymmdd,fda.refusals.backfill,raw/fda.refusals.backfill/2026/09/20260909T170442Z-79ba49e93d02.json.gz,1
fda.refusals.backfill,firm:3006041827,2011-07-22,2026-09-09T17:04:42Z,firm_key,ELSA QUINGCO,,fda.refusals.backfill,raw/fda.refusals.backfill/2026/09/20260909T170442Z-79ba49e93d02.json.gz,1
fda.refusals.backfill,firm:3006041827,2011-07-22,2026-09-09T17:04:42Z,import_refusal,1,count,fda.refusals.backfill,raw/fda.refusals.backfill/2026/09/20260909T170442Z-79ba49e93d02.json.gz,1
fda.refusals.backfill,firm:3006041827,2011-07-22,2026-09-09T17:04:42Z,is_drug_or_biologic,1,bool,fda.refusals.backfill,raw/fda.refusals.backfill/2026/09/20260909T170442Z-79ba49e93d02.json.gz,1
fda.refusals.backfill,firm:3006041827,2011-07-22,2026-09-09T17:04:42Z,is_foreign,1,bool,fda.refusals.backfill,raw/fda.refusals.backfill/2026/09/20260909T170442Z-79ba49e93d02.json.gz,1
fda.refusals.backfill,firm:3006041827,2011-07-22,2026-09-09T17:04:42Z,is_human_drug,1,bool,fda.refusals.backfill,raw/fda.refusals.backfill/2026/09/20260909T170442Z-79ba49e93d02.json.gz,1
fda.refusals.backfill,firm:3006041827,2011-07-22,2026-09-09T17:04:42Z,label,Elsa Quingco,,fda.refusals.backfill,raw/fda.refusals.backfill/2026/09/20260909T170442Z-79ba49e93d02.json.gz,1
fda.refusals.backfill,firm:3006041827,2011-07-22,2026-09-09T17:04:42Z,refused_at,20110722,yyyymmdd,fda.refusals.backfill,raw/fda.refusals.backfill/2026/09/20260909T170442Z-79ba49e93d02.json.gz,1
fda.refusals.backfill,firm:3006092629,2011-07-28,2026-09-09T17:04:42Z,firm_key,NOVARTIS DE COLUMBIA,,fda.refusals.backfill,raw/fda.refusals.backfill/2026/09/20260909T170442Z-79ba49e93d02.json.gz,1
fda.refusals.backfill,firm:3006092629,2011-07-28,2026-09-09T17:04:42Z,import_refusal,1,count,fda.refusals.backfill,raw/fda.refusals.backfill/2026/09/20260909T170442Z-79ba49e93d02.json.gz,1
fda.refusals.backfill,firm:3006092629,2011-07-28,2026-09-09T17:04:42Z,is_drug_or_biologic,1,bool,fda.refusals.backfill,raw/fda.refusals.backfill/2026/09/20260909T170442Z-79ba49e93d02.json.gz,1
fda.refusals.backfill,firm:3006092629,2011-07-28,2026-09-09T17:04:42Z,is_foreign,1,bool,fda.refusals.backfill,raw/fda.refusals.backfill/2026/09/20260909T170442Z-79ba49e93d02.json.gz,1
fda.refusals.backfill,firm:3006092629,2011-07-28,2026-09-09T17:04:42Z,is_human_drug,1,bool,fda.refusals.backfill,raw/fda.refusals.backfill/2026/09/20260909T170442Z-79ba49e93d02.json.gz,1
fda.refusals.backfill,firm:3006092629,2011-07-28,2026-09-09T17:04:42Z,label,Novartis De Columbia Sa,,fda.refusals.backfill,raw/fda.refusals.backfill/2026/09/20260909T170442Z-79ba49e93d02.json.gz,1
fda.refusals.backfill,firm:3006092629,2011-07-28,2026-09-09T17:04:42Z,refused_at,20110728,yyyymmdd,fda.refusals.backfill,raw/fda.refusals.backfill/2026/09/20260909T170442Z-79ba49e93d02.json.gz,1
fda.refusals.backfill,firm:3006094247,2011-07-11,2026-09-09T17:04:42Z,firm_key,RESEARCH,,fda.refusals.backfill,raw/fda.refusals.backfill/2026/09/20260909T170442Z-79ba49e93d02.json.gz,1
fda.refusals.backfill,firm:3006094247,2011-07-11,2026-09-09T17:04:42Z,import_refusal,1,count,fda.refusals.backfill,raw/fda.refusals.backfill/2026/09/20260909T170442Z-79ba49e93d02.json.gz,1
fda.refusals.backfill,firm:3006094247,2011-07-11,2026-09-09T17:04:42Z,is_drug_or_biologic,1,bool,fda.refusals.backfill,raw/fda.refusals.backfill/2026/09/20260909T170442Z-79ba49e93d02.json.gz,1
fda.refusals.backfill,firm:3006094247,2011-07-11,2026-09-09T17:04:42Z,is_foreign,1,bool,fda.refusals.backfill,raw/fda.refusals.backfill/2026/09/20260909T170442Z-79ba49e93d02.json.gz,1
fda.refusals.backfill,firm:3006094247,2011-07-11,2026-09-09T17:04:42Z,is_human_drug,1,bool,fda.refusals.backfill,raw/fda.refusals.backfill/2026/09/20260909T170442Z-79ba49e93d02.json.gz,1
fda.refusals.backfill,firm:3006094247,2011-07-11,2026-09-09T17:04:42Z,label,Research Pharmaceutical Co Ltd,,fda.refusals.backfill,raw/fda.refusals.backfill/2026/09/20260909T170442Z-79ba49e93d02.json.gz,1
fda.refusals.backfill,firm:3006094247,2011-07-11,2026-09-09T17:04:42Z,refused_at,20110711,yyyymmdd,fda.refusals.backfill,raw/fda.refusals.backfill/2026/09/20260909T170442Z-79ba49e93d02.json.gz,1
fda.refusals.backfill,firm:3006268488,2011-07-07,2026-09-09T17:04:42Z,firm_key,ST CLARENCE MARKETING,,fda.refusals.backfill,raw/fda.refusals.backfill/2026/09/20260909T170442Z-79ba49e93d02.json.gz,1
fda.refusals.backfill,firm:3006268488,2011-07-07,2026-09-09T17:04:42Z,import_refusal,1,count,fda.refusals.backfill,raw/fda.refusals.backfill/2026/09/20260909T170442Z-79ba49e93d02.json.gz,1
fda.refusals.backfill,firm:3006268488,2011-07-07,2026-09-09T17:04:42Z,is_drug_or_biologic,1,bool,fda.refusals.backfill,raw/fda.refusals.backfill/2026/09/20260909T170442Z-79ba49e93d02.json.gz,1
fda.refusals.backfill,firm:3006268488,2011-07-07,2026-09-09T17:04:42Z,is_foreign,1,bool,fda.refusals.backfill,raw/fda.refusals.backfill/2026/09/20260909T170442Z-79ba49e93d02.json.gz,1
fda.refusals.backfill,firm:3006268488,2011-07-07,2026-09-09T17:04:42Z,is_human_drug,1,bool,fda.refusals.backfill,raw/fda.refusals.backfill/2026/09/20260909T170442Z-79ba49e93d02.json.gz,1
fda.refusals.backfill,firm:3006268488,2011-07-07,2026-09-09T17:04:42Z,label,St. Clarence Marketing,,fda.refusals.backfill,raw/fda.refusals.backfill/2026/09/20260909T170442Z-79ba49e93d02.json.gz,1
fda.refusals.backfill,firm:3006268488,2011-07-07,2026-09-09T17:04:42Z,refused_at,20110707,yyyymmdd,fda.refusals.backfill,raw/fda.refusals.backfill/2026/09/20260909T170442Z-79ba49e93d02.json.gz,1
fda.refusals.backfill,firm:3006403682,2011-07-26,2026-09-09T17:04:42Z,firm_key,JIANERKANG MEDICAL,,fda.refusals.backfill,raw/fda.refusals.backfill/2026/09/20260909T170442Z-79ba49e93d02.json.gz,1
fda.refusals.backfill,firm:3006403682,2011-07-26,2026-09-09T17:04:42Z,import_refusal,1,count,fda.refusals.backfill,raw/fda.refusals.backfill/2026/09/20260909T170442Z-79ba49e93d02.json.gz,1
fda.refusals.backfill,firm:3006403682,2011-07-26,2026-09-09T17:04:42Z,is_drug_or_biologic,1,bool,fda.refusals.backfill,raw/fda.refusals.backfill/2026/09/20260909T170442Z-79ba49e93d02.json.gz,1
fda.refusals.backfill,firm:3006403682,2011-07-26,2026-09-09T17:04:42Z,is_foreign,1,bool,fda.refusals.backfill,raw/fda.refusals.backfill/2026/09/20260909T170442Z-79ba49e93d02.json.gz,1
fda.refusals.backfill,firm:3006403682,2011-07-26,2026-09-09T17:04:42Z,is_human_drug,1,bool,fda.refusals.backfill,raw/fda.refusals.backfill/2026/09/20260909T170442Z-79ba49e93d02.json.gz,1
fda.refusals.backfill,firm:3006403682,2011-07-26,2026-09-09T17:04:42Z,label,"Jianerkang Medical Co., Ltd",,fda.refusals.backfill,raw/fda.refusals.backfill/2026/09/20260909T170442Z-79ba49e93d02.json.gz,1
fda.refusals.backfill,firm:3006403682,2011-07-26,2026-09-09T17:04:42Z,refused_at,20110726,yyyymmdd,fda.refusals.backfill,raw/fda.refusals.backfill/2026/09/20260909T170442Z-79ba49e93d02.json.gz,1
fda.refusals.backfill,firm:3006544921,2011-07-07,2026-09-09T17:04:42Z,firm_key,MANISHA PLAST P,,fda.refusals.backfill,raw/fda.refusals.backfill/2026/09/20260909T170442Z-79ba49e93d02.json.gz,1
fda.refusals.backfill,firm:3006544921,2011-07-07,2026-09-09T17:04:42Z,import_refusal,1,count,fda.refusals.backfill,raw/fda.refusals.backfill/2026/09/20260909T170442Z-79ba49e93d02.json.gz,1
fda.refusals.backfill,firm:3006544921,2011-07-07,2026-09-09T17:04:42Z,is_drug_or_biologic,1,bool,fda.refusals.backfill,raw/fda.refusals.backfill/2026/09/20260909T170442Z-79ba49e93d02.json.gz,1
fda.refusals.backfill,firm:3006544921,2011-07-07,2026-09-09T17:04:42Z,is_foreign,1,bool,fda.refusals.backfill,raw/fda.refusals.backfill/2026/09/20260909T170442Z-79ba49e93d02.json.gz,1
fda.refusals.backfill,firm:3006544921,2011-07-07,2026-09-09T17:04:42Z,is_human_drug,1,bool,fda.refusals.backfill,raw/fda.refusals.backfill/2026/09/20260909T170442Z-79ba49e93d02.json.gz,1
fda.refusals.backfill,firm:3006544921,2011-07-07,2026-09-09T17:04:42Z,label,Manisha Pharma Plast P. Ltd,,fda.refusals.backfill,raw/fda.refusals.backfill/2026/09/20260909T170442Z-79ba49e93d02.json.gz,1
fda.refusals.backfill,firm:3006544921,2011-07-07,2026-09-09T17:04:42Z,refused_at,20110707,yyyymmdd,fda.refusals.backfill,raw/fda.refusals.backfill/2026/09/20260909T170442Z-79ba49e93d02.json.gz,1
fda.refusals.backfill,firm:3006575886,2011-07-06,2026-09-09T17:04:42Z,firm_key,DERMATOLOGIQUES DUCRAY,,fda.refusals.backfill,raw/fda.refusals.backfill/2026/09/20260909T170442Z-79ba49e93d02.json.gz,1
fda.refusals.backfill,firm:3006575886,2011-07-06,2026-09-09T17:04:42Z,import_refusal,1,count,fda.refusals.backfill,raw/fda.refusals.backfill/2026/09/20260909T170442Z-79ba49e93d02.json.gz,1
fda.refusals.backfill,firm:3006575886,2011-07-06,2026-09-09T17:04:42Z,is_drug_or_biologic,1,bool,fda.refusals.backfill,raw/fda.refusals.backfill/2026/09/20260909T170442Z-79ba49e93d02.json.gz,1
fda.refusals.backfill,firm:3006575886,2011-07-06,2026-09-09T17:04:42Z,is_foreign,1,bool,fda.refusals.backfill,raw/fda.refusals.backfill/2026/09/20260909T170442Z-79ba49e93d02.json.gz,1
fda.refusals.backfill,firm:3006575886,2011-07-06,2026-09-09T17:04:42Z,is_human_drug,1,bool,fda.refusals.backfill,raw/fda.refusals.backfill/2026/09/20260909T170442Z-79ba49e93d02.json.gz,1
fda.refusals.backfill,firm:3006575886,2011-07-06,2026-09-09T17:04:42Z,label,Laboratories Dermatologiques Ducray,,fda.refusals.backfill,raw/fda.refusals.backfill/2026/09/20260909T170442Z-79ba49e93d02.json.gz,1
fda.refusals.backfill,firm:3006575886,2011-07-06,2026-09-09T17:04:42Z,refused_at,20110706,yyyymmdd,fda.refusals.backfill,raw/fda.refusals.backfill/2026/09/20260909T170442Z-79ba49e93d02.json.gz,1
fda.refusals.backfill,firm:3006974359,2011-07-14,2026-09-09T17:04:42Z,firm_key,ALCON INDIA,,fda.refusals.backfill,raw/fda.refusals.backfill/2026/09/20260909T170442Z-79ba49e93d02.json.gz,1
fda.refusals.backfill,firm:3006974359,2011-07-14,2026-09-09T17:04:42Z,import_refusal,1,count,fda.refusals.backfill,raw/fda.refusals.backfill/2026/09/20260909T170442Z-79ba49e93d02.json.gz,1
fda.refusals.backfill,firm:3006974359,2011-07-14,2026-09-09T17:04:42Z,is_drug_or_biologic,1,bool,fda.refusals.backfill,raw/fda.refusals.backfill/2026/09/20260909T170442Z-79ba49e93d02.json.gz,1
fda.refusals.backfill,firm:3006974359,2011-07-14,2026-09-09T17:04:42Z,is_foreign,1,bool,fda.refusals.backfill,raw/fda.refusals.backfill/2026/09/20260909T170442Z-79ba49e93d02.json.gz,1
fda.refusals.backfill,firm:3006974359,2011-07-14,2026-09-09T17:04:42Z,is_human_drug,0,bool,fda.refusals.backfill,raw/fda.refusals.backfill/2026/09/20260909T170442Z-79ba49e93d02.json.gz,1
fda.refusals.backfill,firm:3006974359,2011-07-14,2026-09-09T17:04:42Z,label,Alcon Laboratories India Pvt Ltd,,fda.refusals.backfill,raw/fda.refusals.backfill/2026/09/20260909T170442Z-79ba49e93d02.json.gz,1
fda.refusals.backfill,firm:3006974359,2011-07-14,2026-09-09T17:04:42Z,refused_at,20110714,yyyymmdd,fda.refusals.backfill,raw/fda.refusals.backfill/2026/09/20260909T170442Z-79ba49e93d02.json.gz,1
fda.refusals.backfill,firm:3007078558,2011-07-27,2026-09-09T17:04:42Z,firm_key,THOMTON ROSS,,fda.refusals.backfill,raw/fda.refusals.backfill/2026/09/20260909T170442Z-79ba49e93d02.json.gz,1
fda.refusals.backfill,firm:3007078558,2011-07-27,2026-09-09T17:04:42Z,import_refusal,1,count,fda.refusals.backfill,raw/fda.refusals.backfill/2026/09/20260909T170442Z-79ba49e93d02.json.gz,1
fda.refusals.backfill,firm:3007078558,2011-07-27,2026-09-09T17:04:42Z,is_drug_or_biologic,1,bool,fda.refusals.backfill,raw/fda.refusals.backfill/2026/09/20260909T170442Z-79ba49e93d02.json.gz,1
fda.refusals.backfill,firm:3007078558,2011-07-27,2026-09-09T17:04:42Z,is_foreign,1,bool,fda.refusals.backfill,raw/fda.refusals.backfill/2026/09/20260909T170442Z-79ba49e93d02.json.gz,1
fda.refusals.backfill,firm:3007078558,2011-07-27,2026-09-09T17:04:42Z,is_human_drug,1,bool,fda.refusals.backfill,raw/fda.refusals.backfill/2026/09/20260909T170442Z-79ba49e93d02.json.gz,1
fda.refusals.backfill,firm:3007078558,2011-07-27,2026-09-09T17:04:42Z,label,Thomton & Ross Ltd,,fda.refusals.backfill,raw/fda.refusals.backfill/2026/09/20260909T170442Z-79ba49e93d02.json.gz,1
fda.refusals.backfill,firm:3007078558,2011-07-27,2026-09-09T17:04:42Z,refused_at,20110727,yyyymmdd,fda.refusals.backfill,raw/fda.refusals.backfill/2026/09/20260909T170442Z-79ba49e93d02.json.gz,1
fda.refusals.backfill,firm:3007557370,2011-07-26,2026-09-09T17:04:42Z,firm_key,WILDLIFE PTY,,fda.refusals.backfill,raw/fda.refusals.backfill/2026/09/20260909T170442Z-79ba49e93d02.json.gz,1
fda.refusals.backfill,firm:3007557370,2011-07-26,2026-09-09T17:04:42Z,import_refusal,1,count,fda.refusals.backfill,raw/fda.refusals.backfill/2026/09/20260909T170442Z-79ba49e93d02.json.gz,1
fda.refusals.backfill,firm:3007557370,2011-07-26,2026-09-09T17:04:42Z,is_drug_or_biologic,1,bool,fda.refusals.backfill,raw/fda.refusals.backfill/2026/09/20260909T170442Z-79ba49e93d02.json.gz,1
fda.refusals.backfill,firm:3007557370,2011-07-26,2026-09-09T17:04:42Z,is_foreign,1,bool,fda.refusals.backfill,raw/fda.refusals.backfill/2026/09/20260909T170442Z-79ba49e93d02.json.gz,1
fda.refusals.backfill,firm:3007557370,2011-07-26,2026-09-09T17:04:42Z,is_human_drug,1,bool,fda.refusals.backfill,raw/fda.refusals.backfill/2026/09/20260909T170442Z-79ba49e93d02.json.gz,1
fda.refusals.backfill,firm:3007557370,2011-07-26,2026-09-09T17:04:42Z,label,Wildlife Pharmaceuticals Pty Ltd.,,fda.refusals.backfill,raw/fda.refusals.backfill/2026/09/20260909T170442Z-79ba49e93d02.json.gz,1
fda.refusals.backfill,firm:3007557370,2011-07-26,2026-09-09T17:04:42Z,refused_at,20110726,yyyymmdd,fda.refusals.backfill,raw/fda.refusals.backfill/2026/09/20260909T170442Z-79ba49e93d02.json.gz,1
fda.refusals.backfill,firm:3007706752,2011-07-07,2026-09-09T17:04:42Z,firm_key,BEST PHARM,,fda.refusals.backfill,raw/fda.refusals.backfill/2026/09/20260909T170442Z-79ba49e93d02.json.gz,1
fda.refusals.backfill,firm:3007706752,2011-07-07,2026-09-09T17:04:42Z,import_refusal,1,count,fda.refusals.backfill,raw/fda.refusals.backfill/2026/09/20260909T170442Z-79ba49e93d02.json.gz,1
fda.refusals.backfill,firm:3007706752,2011-07-07,2026-09-09T17:04:42Z,is_drug_or_biologic,1,bool,fda.refusals.backfill,raw/fda.refusals.backfill/2026/09/20260909T170442Z-79ba49e93d02.json.gz,1
fda.refusals.backfill,firm:3007706752,2011-07-07,2026-09-09T17:04:42Z,is_foreign,1,bool,fda.refusals.backfill,raw/fda.refusals.backfill/2026/09/20260909T170442Z-79ba49e93d02.json.gz,1
fda.refusals.backfill,firm:3007706752,2011-07-07,2026-09-09T17:04:42Z,is_human_drug,1,bool,fda.refusals.backfill,raw/fda.refusals.backfill/2026/09/20260909T170442Z-79ba49e93d02.json.gz,1
fda.refusals.backfill,firm:3007706752,2011-07-07,2026-09-09T17:04:42Z,label,Best Pharm,,fda.refusals.backfill,raw/fda.refusals.backfill/2026/09/20260909T170442Z-79ba49e93d02.json.gz,1
fda.refusals.backfill,firm:3007706752,2011-07-07,2026-09-09T17:04:42Z,refused_at,20110707,yyyymmdd,fda.refusals.backfill,raw/fda.refusals.backfill/2026/09/20260909T170442Z-79ba49e93d02.json.gz,1
fda.refusals.backfill,firm:3007770022,2011-07-05,2026-09-09T17:04:42Z,firm_key,RIEMSER,,fda.refusals.backfill,raw/fda.refusals.backfill/2026/09/20260909T170442Z-79ba49e93d02.json.gz,1
fda.refusals.backfill,firm:3007770022,2011-07-05,2026-09-09T17:04:42Z,import_refusal,1,count,fda.refusals.backfill,raw/fda.refusals.backfill/2026/09/20260909T170442Z-79ba49e93d02.json.gz,1
fda.refusals.backfill,firm:3007770022,2011-07-05,2026-09-09T17:04:42Z,is_drug_or_biologic,1,bool,fda.refusals.backfill,raw/fda.refusals.backfill/2026/09/20260909T170442Z-79ba49e93d02.json.gz,1
fda.refusals.backfill,firm:3007770022,2011-07-05,2026-09-09T17:04:42Z,is_foreign,1,bool,fda.refusals.backfill,raw/fda.refusals.backfill/2026/09/20260909T170442Z-79ba49e93d02.json.gz,1
fda.refusals.backfill,firm:3007770022,2011-07-05,2026-09-09T17:04:42Z,is_human_drug,1,bool,fda.refusals.backfill,raw/fda.refusals.backfill/2026/09/20260909T170442Z-79ba49e93d02.json.gz,1
fda.refusals.backfill,firm:3007770022,2011-07-05,2026-09-09T17:04:42Z,label,RIEMSER AG,,fda.refusals.backfill,raw/fda.refusals.backfill/2026/09/20260909T170442Z-79ba49e93d02.json.gz,1
fda.refusals.backfill,firm:3007770022,2011-07-05,2026-09-09T17:04:42Z,refused_at,20110705,yyyymmdd,fda.refusals.backfill,raw/fda.refusals.backfill/2026/09/20260909T170442Z-79ba49e93d02.json.gz,1
fda.refusals.backfill,firm:3007830356,2011-07-25,2026-09-09T17:04:42Z,firm_key,MARTIN ANTONIO,,fda.refusals.backfill,raw/fda.refusals.backfill/2026/09/20260909T170442Z-79ba49e93d02.json.gz,1
fda.refusals.backfill,firm:3007830356,2011-07-25,2026-09-09T17:04:42Z,import_refusal,1,count,fda.refusals.backfill,raw/fda.refusals.backfill/2026/09/20260909T170442Z-79ba49e93d02.json.gz,1
fda.refusals.backfill,firm:3007830356,2011-07-25,2026-09-09T17:04:42Z,is_drug_or_biologic,1,bool,fda.refusals.backfill,raw/fda.refusals.backfill/2026/09/20260909T170442Z-79ba49e93d02.json.gz,1
fda.refusals.backfill,firm:3007830356,2011-07-25,2026-09-09T17:04:42Z,is_foreign,1,bool,fda.refusals.backfill,raw/fda.refusals.backfill/2026/09/20260909T170442Z-79ba49e93d02.json.gz,1
fda.refusals.backfill,firm:3007830356,2011-07-25,2026-09-09T17:04:42Z,is_human_drug,1,bool,fda.refusals.backfill,raw/fda.refusals.backfill/2026/09/20260909T170442Z-79ba49e93d02.json.gz,1
fda.refusals.backfill,firm:3007830356,2011-07-25,2026-09-09T17:04:42Z,label,Martin Antonio,,fda.refusals.backfill,raw/fda.refusals.backfill/2026/09/20260909T170442Z-79ba49e93d02.json.gz,1
fda.refusals.backfill,firm:3007830356,2011-07-25,2026-09-09T17:04:42Z,refused_at,20110725,yyyymmdd,fda.refusals.backfill,raw/fda.refusals.backfill/2026/09/20260909T170442Z-79ba49e93d02.json.gz,1
fda.refusals.backfill,firm:3007914336,2011-07-18,2026-09-09T17:04:42Z,firm_key,NINGBO DOT,,fda.refusals.backfill,raw/fda.refusals.backfill/2026/09/20260909T170442Z-79ba49e93d02.json.gz,1
fda.refusals.backfill,firm:3007914336,2011-07-18,2026-09-09T17:04:42Z,import_refusal,1,count,fda.refusals.backfill,raw/fda.refusals.backfill/2026/09/20260909T170442Z-79ba49e93d02.json.gz,1
fda.refusals.backfill,firm:3007914336,2011-07-18,2026-09-09T17:04:42Z,is_drug_or_biologic,1,bool,fda.refusals.backfill,raw/fda.refusals.backfill/2026/09/20260909T170442Z-79ba49e93d02.json.gz,1
fda.refusals.backfill,firm:3007914336,2011-07-18,2026-09-09T17:04:42Z,is_foreign,1,bool,fda.refusals.backfill,raw/fda.refusals.backfill/2026/09/20260909T170442Z-79ba49e93d02.json.gz,1
fda.refusals.backfill,firm:3007914336,2011-07-18,2026-09-09T17:04:42Z,is_human_drug,1,bool,fda.refusals.backfill,raw/fda.refusals.backfill/2026/09/20260909T170442Z-79ba49e93d02.json.gz,1
fda.refusals.backfill,firm:3007914336,2011-07-18,2026-09-09T17:04:42Z,label,Ningbo Dot Inc,,fda.refusals.backfill,raw/fda.refusals.backfill/2026/09/20260909T170442Z-79ba49e93d02.json.gz,1
fda.refusals.backfill,firm:3007914336,2011-07-18,2026-09-09T17:04:42Z,refused_at,20110718,yyyymmdd,fda.refusals.backfill,raw/fda.refusals.backfill/2026/09/20260909T170442Z-79ba49e93d02.json.gz,1
fda.refusals.backfill,firm:3008026044,2011-07-07,2026-09-09T17:04:42Z,firm_key,R S RESEARCH,,fda.refusals.backfill,raw/fda.refusals.backfill/2026/09/20260909T170442Z-79ba49e93d02.json.gz,1
fda.refusals.backfill,firm:3008026044,2011-07-07,2026-09-09T17:04:42Z,import_refusal,1,count,fda.refusals.backfill,raw/fda.refusals.backfill/2026/09/20260909T170442Z-79ba49e93d02.json.gz,1
fda.refusals.backfill,firm:3008026044,2011-07-07,2026-09-09T17:04:42Z,is_drug_or_biologic,1,bool,fda.refusals.backfill,raw/fda.refusals.backfill/2026/09/20260909T170442Z-79ba49e93d02.json.gz,1
fda.refusals.backfill,firm:3008026044,2011-07-07,2026-09-09T17:04:42Z,is_foreign,0,bool,fda.refusals.backfill,raw/fda.refusals.backfill/2026/09/20260909T170442Z-79ba49e93d02.json.gz,1
fda.refusals.backfill,firm:3008026044,2011-07-07,2026-09-09T17:04:42Z,is_human_drug,1,bool,fda.refusals.backfill,raw/fda.refusals.backfill/2026/09/20260909T170442Z-79ba49e93d02.json.gz,1
fda.refusals.backfill,firm:3008026044,2011-07-07,2026-09-09T17:04:42Z,label,R&S Research Inc,,fda.refusals.backfill,raw/fda.refusals.backfill/2026/09/20260909T170442Z-79ba49e93d02.json.gz,1
fda.refusals.backfill,firm:3008026044,2011-07-07,2026-09-09T17:04:42Z,refused_at,20110707,yyyymmdd,fda.refusals.backfill,raw/fda.refusals.backfill/2026/09/20260909T170442Z-79ba49e93d02.json.gz,1
fda.refusals.backfill,firm:3008044169,2011-07-21,2026-09-09T17:04:42Z,firm_key,BEIJING ZIZHU HEALTH PRODUCTS,,fda.refusals.backfill,raw/fda.refusals.backfill/2026/09/20260909T170442Z-79ba49e93d02.json.gz,1
fda.refusals.backfill,firm:3008044169,2011-07-21,2026-09-09T17:04:42Z,import_refusal,1,count,fda.refusals.backfill,raw/fda.refusals.backfill/2026/09/20260909T170442Z-79ba49e93d02.json.gz,1
fda.refusals.backfill,firm:3008044169,2011-07-21,2026-09-09T17:04:42Z,is_drug_or_biologic,1,bool,fda.refusals.backfill,raw/fda.refusals.backfill/2026/09/20260909T170442Z-79ba49e93d02.json.gz,1
fda.refusals.backfill,firm:3008044169,2011-07-21,2026-09-09T17:04:42Z,is_foreign,1,bool,fda.refusals.backfill,raw/fda.refusals.backfill/2026/09/20260909T170442Z-79ba49e93d02.json.gz,1
fda.refusals.backfill,firm:3008044169,2011-07-21,2026-09-09T17:04:42Z,is_human_drug,1,bool,fda.refusals.backfill,raw/fda.refusals.backfill/2026/09/20260909T170442Z-79ba49e93d02.json.gz,1
fda.refusals.backfill,firm:3008044169,2011-07-21,2026-09-09T17:04:42Z,label,"Beijing Zizhu Health Products Co., Ltd.",,fda.refusals.backfill,raw/fda.refusals.backfill/2026/09/20260909T170442Z-79ba49e93d02.json.gz,1
fda.refusals.backfill,firm:3008044169,2011-07-21,2026-09-09T17:04:42Z,refused_at,20110721,yyyymmdd,fda.refusals.backfill,raw/fda.refusals.backfill/2026/09/20260909T170442Z-79ba49e93d02.json.gz,1
fda.refusals.backfill,firm:3008221523,2011-07-27,2026-09-09T17:04:42Z,firm_key,MOOGOO,,fda.refusals.backfill,raw/fda.refusals.backfill/2026/09/20260909T170442Z-79ba49e93d02.json.gz,1
fda.refusals.backfill,firm:3008221523,2011-07-27,2026-09-09T17:04:42Z,import_refusal,1,count,fda.refusals.backfill,raw/fda.refusals.backfill/2026/09/20260909T170442Z-79ba49e93d02.json.gz,1
fda.refusals.backfill,firm:3008221523,2011-07-27,2026-09-09T17:04:42Z,is_drug_or_biologic,1,bool,fda.refusals.backfill,raw/fda.refusals.backfill/2026/09/20260909T170442Z-79ba49e93d02.json.gz,1
fda.refusals.backfill,firm:3008221523,2011-07-27,2026-09-09T17:04:42Z,is_foreign,1,bool,fda.refusals.backfill,raw/fda.refusals.backfill/2026/09/20260909T170442Z-79ba49e93d02.json.gz,1
fda.refusals.backfill,firm:3008221523,2011-07-27,2026-09-09T17:04:42Z,is_human_drug,1,bool,fda.refusals.backfill,raw/fda.refusals.backfill/2026/09/20260909T170442Z-79ba49e93d02.json.gz,1
fda.refusals.backfill,firm:3008221523,2011-07-27,2026-09-09T17:04:42Z,label,Moogoo,,fda.refusals.backfill,raw/fda.refusals.backfill/2026/09/20260909T170442Z-79ba49e93d02.json.gz,1
fda.refusals.backfill,firm:3008221523,2011-07-27,2026-09-09T17:04:42Z,refused_at,20110727,yyyymmdd,fda.refusals.backfill,raw/fda.refusals.backfill/2026/09/20260909T170442Z-79ba49e93d02.json.gz,1
fda.refusals.backfill,firm:3008251350,2011-07-06,2026-09-09T17:04:42Z,firm_key,SUZHOU LIXIN,,fda.refusals.backfill,raw/fda.refusals.backfill/2026/09/20260909T170442Z-79ba49e93d02.json.gz,1
fda.refusals.backfill,firm:3008251350,2011-07-06,2026-09-09T17:04:42Z,import_refusal,1,count,fda.refusals.backfill,raw/fda.refusals.backfill/2026/09/20260909T170442Z-79ba49e93d02.json.gz,1
fda.refusals.backfill,firm:3008251350,2011-07-06,2026-09-09T17:04:42Z,is_drug_or_biologic,1,bool,fda.refusals.backfill,raw/fda.refusals.backfill/2026/09/20260909T170442Z-79ba49e93d02.json.gz,1
fda.refusals.backfill,firm:3008251350,2011-07-06,2026-09-09T17:04:42Z,is_foreign,1,bool,fda.refusals.backfill,raw/fda.refusals.backfill/2026/09/20260909T170442Z-79ba49e93d02.json.gz,1
fda.refusals.backfill,firm:3008251350,2011-07-06,2026-09-09T17:04:42Z,is_human_drug,1,bool,fda.refusals.backfill,raw/fda.refusals.backfill/2026/09/20260909T170442Z-79ba49e93d02.json.gz,1
fda.refusals.backfill,firm:3008251350,2011-07-06,2026-09-09T17:04:42Z,label,Suzhou Lixin Pharmaceutical Co. Ltd.,,fda.refusals.backfill,raw/fda.refusals.backfill/2026/09/20260909T170442Z-79ba49e93d02.json.gz,1
fda.refusals.backfill,firm:3008251350,2011-07-06,2026-09-09T17:04:42Z,refused_at,20110706,yyyymmdd,fda.refusals.backfill,raw/fda.refusals.backfill/2026/09/20260909T170442Z-79ba49e93d02.json.gz,1
fda.refusals.backfill,firm:3008413531,2011-07-26,2026-09-09T17:04:42Z,firm_key,DR REDDY S,,fda.refusals.backfill,raw/fda.refusals.backfill/2026/09/20260909T170442Z-79ba49e93d02.json.gz,1
fda.refusals.backfill,firm:3008413531,2011-07-26,2026-09-09T17:04:42Z,import_refusal,1,count,fda.refusals.backfill,raw/fda.refusals.backfill/2026/09/20260909T170442Z-79ba49e93d02.json.gz,1
fda.refusals.backfill,firm:3008413531,2011-07-26,2026-09-09T17:04:42Z,is_drug_or_biologic,1,bool,fda.refusals.backfill,raw/fda.refusals.backfill/2026/09/20260909T170442Z-79ba49e93d02.json.gz,1
fda.refusals.backfill,firm:3008413531,2011-07-26,2026-09-09T17:04:42Z,is_foreign,1,bool,fda.refusals.backfill,raw/fda.refusals.backfill/2026/09/20260909T170442Z-79ba49e93d02.json.gz,1
fda.refusals.backfill,firm:3008413531,2011-07-26,2026-09-09T17:04:42Z,is_human_drug,1,bool,fda.refusals.backfill,raw/fda.refusals.backfill/2026/09/20260909T170442Z-79ba49e93d02.json.gz,1
fda.refusals.backfill,firm:3008413531,2011-07-26,2026-09-09T17:04:42Z,label,Dr Reddy's Laboratories Ltd,,fda.refusals.backfill,raw/fda.refusals.backfill/2026/09/20260909T170442Z-79ba49e93d02.json.gz,1
fda.refusals.backfill,firm:3008413531,2011-07-26,2026-09-09T17:04:42Z,refused_at,20110726,yyyymmdd,fda.refusals.backfill,raw/fda.refusals.backfill/2026/09/20260909T170442Z-79ba49e93d02.json.gz,1
fda.refusals.backfill,firm:3008422785,2011-07-22,2026-09-09T17:04:42Z,firm_key,EVYAP DIS TICARET A S,,fda.refusals.backfill,raw/fda.refusals.backfill/2026/09/20260909T170442Z-79ba49e93d02.json.gz,1
fda.refusals.backfill,firm:3008422785,2011-07-22,2026-09-09T17:04:42Z,import_refusal,1,count,fda.refusals.backfill,raw/fda.refusals.backfill/2026/09/20260909T170442Z-79ba49e93d02.json.gz,1
fda.refusals.backfill,firm:3008422785,2011-07-22,2026-09-09T17:04:42Z,is_drug_or_biologic,1,bool,fda.refusals.backfill,raw/fda.refusals.backfill/2026/09/20260909T170442Z-79ba49e93d02.json.gz,1
fda.refusals.backfill,firm:3008422785,2011-07-22,2026-09-09T17:04:42Z,is_foreign,1,bool,fda.refusals.backfill,raw/fda.refusals.backfill/2026/09/20260909T170442Z-79ba49e93d02.json.gz,1
fda.refusals.backfill,firm:3008422785,2011-07-22,2026-09-09T17:04:42Z,is_human_drug,1,bool,fda.refusals.backfill,raw/fda.refusals.backfill/2026/09/20260909T170442Z-79ba49e93d02.json.gz,1
fda.refusals.backfill,firm:3008422785,2011-07-22,2026-09-09T17:04:42Z,label,Evyap International Dis Ticaret A.S.,,fda.refusals.backfill,raw/fda.refusals.backfill/2026/09/20260909T170442Z-79ba49e93d02.json.gz,1
fda.refusals.backfill,firm:3008422785,2011-07-22,2026-09-09T17:04:42Z,refused_at,20110722,yyyymmdd,fda.refusals.backfill,raw/fda.refusals.backfill/2026/09/20260909T170442Z-79ba49e93d02.json.gz,1
fda.refusals.backfill,firm:3008439921,2011-07-19,2026-09-09T17:04:42Z,firm_key,ZOHAR COSMETICS,,fda.refusals.backfill,raw/fda.refusals.backfill/2026/09/20260909T170442Z-79ba49e93d02.json.gz,1
fda.refusals.backfill,firm:3008439921,2011-07-19,2026-09-09T17:04:42Z,import_refusal,1,count,fda.refusals.backfill,raw/fda.refusals.backfill/2026/09/20260909T170442Z-79ba49e93d02.json.gz,1
fda.refusals.backfill,firm:3008439921,2011-07-19,2026-09-09T17:04:42Z,is_drug_or_biologic,1,bool,fda.refusals.backfill,raw/fda.refusals.backfill/2026/09/20260909T170442Z-79ba49e93d02.json.gz,1
fda.refusals.backfill,firm:3008439921,2011-07-19,2026-09-09T17:04:42Z,is_foreign,1,bool,fda.refusals.backfill,raw/fda.refusals.backfill/2026/09/20260909T170442Z-79ba49e93d02.json.gz,1
fda.refusals.backfill,firm:3008439921,2011-07-19,2026-09-09T17:04:42Z,is_human_drug,1,bool,fda.refusals.backfill,raw/fda.refusals.backfill/2026/09/20260909T170442Z-79ba49e93d02.json.gz,1
fda.refusals.backfill,firm:3008439921,2011-07-19,2026-09-09T17:04:42Z,label,Zohar Cosmetics Ltd,,fda.refusals.backfill,raw/fda.refusals.backfill/2026/09/20260909T170442Z-79ba49e93d02.json.gz,1
fda.refusals.backfill,firm:3008439921,2011-07-19,2026-09-09T17:04:42Z,refused_at,20110719,yyyymmdd,fda.refusals.backfill,raw/fda.refusals.backfill/2026/09/20260909T170442Z-79ba49e93d02.json.gz,1
fda.refusals.backfill,firm:3008468427,2011-07-22,2026-09-09T17:04:42Z,firm_key,WF,,fda.refusals.backfill,raw/fda.refusals.backfill/2026/09/20260909T170442Z-79ba49e93d02.json.gz,1
fda.refusals.backfill,firm:3008468427,2011-07-22,2026-09-09T17:04:42Z,import_refusal,1,count,fda.refusals.backfill,raw/fda.refusals.backfill/2026/09/20260909T170442Z-79ba49e93d02.json.gz,1
fda.refusals.backfill,firm:3008468427,2011-07-22,2026-09-09T17:04:42Z,is_drug_or_biologic,1,bool,fda.refusals.backfill,raw/fda.refusals.backfill/2026/09/20260909T170442Z-79ba49e93d02.json.gz,1
fda.refusals.backfill,firm:3008468427,2011-07-22,2026-09-09T17:04:42Z,is_foreign,1,bool,fda.refusals.backfill,raw/fda.refusals.backfill/2026/09/20260909T170442Z-79ba49e93d02.json.gz,1
fda.refusals.backfill,firm:3008468427,2011-07-22,2026-09-09T17:04:42Z,is_human_drug,1,bool,fda.refusals.backfill,raw/fda.refusals.backfill/2026/09/20260909T170442Z-79ba49e93d02.json.gz,1
fda.refusals.backfill,firm:3008468427,2011-07-22,2026-09-09T17:04:42Z,label,Wf Limited,,fda.refusals.backfill,raw/fda.refusals.backfill/2026/09/20260909T170442Z-79ba49e93d02.json.gz,1
fda.refusals.backfill,firm:3008468427,2011-07-22,2026-09-09T17:04:42Z,refused_at,20110722,yyyymmdd,fda.refusals.backfill,raw/fda.refusals.backfill/2026/09/20260909T170442Z-79ba49e93d02.json.gz,1
fda.refusals.backfill,firm:3008548670,2011-07-07,2026-09-09T17:04:42Z,firm_key,XINGCHEN HEALTH PRODUCT SHOP,,fda.refusals.backfill,raw/fda.refusals.backfill/2026/09/20260909T170442Z-79ba49e93d02.json.gz,1
fda.refusals.backfill,firm:3008548670,2011-07-07,2026-09-09T17:04:42Z,import_refusal,1,count,fda.refusals.backfill,raw/fda.refusals.backfill/2026/09/20260909T170442Z-79ba49e93d02.json.gz,1
fda.refusals.backfill,firm:3008548670,2011-07-07,2026-09-09T17:04:42Z,is_drug_or_biologic,1,bool,fda.refusals.backfill,raw/fda.refusals.backfill/2026/09/20260909T170442Z-79ba49e93d02.json.gz,1
fda.refusals.backfill,firm:3008548670,2011-07-07,2026-09-09T17:04:42Z,is_foreign,1,bool,fda.refusals.backfill,raw/fda.refusals.backfill/2026/09/20260909T170442Z-79ba49e93d02.json.gz,1
fda.refusals.backfill,firm:3008548670,2011-07-07,2026-09-09T17:04:42Z,is_human_drug,1,bool,fda.refusals.backfill,raw/fda.refusals.backfill/2026/09/20260909T170442Z-79ba49e93d02.json.gz,1
fda.refusals.backfill,firm:3008548670,2011-07-07,2026-09-09T17:04:42Z,label,Xingchen Health Product Shop,,fda.refusals.backfill,raw/fda.refusals.backfill/2026/09/20260909T170442Z-79ba49e93d02.json.gz,1
fda.refusals.backfill,firm:3008548670,2011-07-07,2026-09-09T17:04:42Z,refused_at,20110707,yyyymmdd,fda.refusals.backfill,raw/fda.refusals.backfill/2026/09/20260909T170442Z-79ba49e93d02.json.gz,1
fda.refusals.backfill,firm:3008709168,2011-07-06,2026-09-09T17:04:42Z,firm_key,YAG MAG,,fda.refusals.backfill,raw/fda.refusals.backfill/2026/09/20260909T170442Z-79ba49e93d02.json.gz,1
fda.refusals.backfill,firm:3008709168,2011-07-06,2026-09-09T17:04:42Z,import_refusal,1,count,fda.refusals.backfill,raw/fda.refusals.backfill/2026/09/20260909T170442Z-79ba49e93d02.json.gz,1
fda.refusals.backfill,firm:3008709168,2011-07-06,2026-09-09T17:04:42Z,is_drug_or_biologic,1,bool,fda.refusals.backfill,raw/fda.refusals.backfill/2026/09/20260909T170442Z-79ba49e93d02.json.gz,1
fda.refusals.backfill,firm:3008709168,2011-07-06,2026-09-09T17:04:42Z,is_foreign,1,bool,fda.refusals.backfill,raw/fda.refusals.backfill/2026/09/20260909T170442Z-79ba49e93d02.json.gz,1
fda.refusals.backfill,firm:3008709168,2011-07-06,2026-09-09T17:04:42Z,is_human_drug,1,bool,fda.refusals.backfill,raw/fda.refusals.backfill/2026/09/20260909T170442Z-79ba49e93d02.json.gz,1
fda.refusals.backfill,firm:3008709168,2011-07-06,2026-09-09T17:04:42Z,label,Yag Mag Labs Pvt Ltd,,fda.refusals.backfill,raw/fda.refusals.backfill/2026/09/20260909T170442Z-79ba49e93d02.json.gz,1
fda.refusals.backfill,firm:3008709168,2011-07-06,2026-09-09T17:04:42Z,refused_at,20110706,yyyymmdd,fda.refusals.backfill,raw/fda.refusals.backfill/2026/09/20260909T170442Z-79ba49e93d02.json.gz,1
fda.refusals.backfill,firm:3008732151,2011-07-06,2026-09-09T17:04:42Z,firm_key,OESTERREICHISCHE POST,,fda.refusals.backfill,raw/fda.refusals.backfill/2026/09/20260909T170442Z-79ba49e93d02.json.gz,1
fda.refusals.backfill,firm:3008732151,2011-07-06,2026-09-09T17:04:42Z,import_refusal,1,count,fda.refusals.backfill,raw/fda.refusals.backfill/2026/09/20260909T170442Z-79ba49e93d02.json.gz,1
fda.refusals.backfill,firm:3008732151,2011-07-06,2026-09-09T17:04:42Z,is_drug_or_biologic,1,bool,fda.refusals.backfill,raw/fda.refusals.backfill/2026/09/20260909T170442Z-79ba49e93d02.json.gz,1
fda.refusals.backfill,firm:3008732151,2011-07-06,2026-09-09T17:04:42Z,is_foreign,1,bool,fda.refusals.backfill,raw/fda.refusals.backfill/2026/09/20260909T170442Z-79ba49e93d02.json.gz,1
fda.refusals.backfill,firm:3008732151,2011-07-06,2026-09-09T17:04:42Z,is_human_drug,1,bool,fda.refusals.backfill,raw/fda.refusals.backfill/2026/09/20260909T170442Z-79ba49e93d02.json.gz,1
fda.refusals.backfill,firm:3008732151,2011-07-06,2026-09-09T17:04:42Z,label,Oesterreichische Post Ag,,fda.refusals.backfill,raw/fda.refusals.backfill/2026/09/20260909T170442Z-79ba49e93d02.json.gz,1
fda.refusals.backfill,firm:3008732151,2011-07-06,2026-09-09T17:04:42Z,refused_at,20110706,yyyymmdd,fda.refusals.backfill,raw/fda.refusals.backfill/2026/09/20260909T170442Z-79ba49e93d02.json.gz,1
fda.refusals.backfill,firm:3008753212,2011-07-05,2026-09-09T17:04:42Z,firm_key,COSONIC ELECTRONIC,,fda.refusals.backfill,raw/fda.refusals.backfill/2026/09/20260909T170442Z-79ba49e93d02.json.gz,1
fda.refusals.backfill,firm:3008753212,2011-07-05,2026-09-09T17:04:42Z,import_refusal,1,count,fda.refusals.backfill,raw/fda.refusals.backfill/2026/09/20260909T170442Z-79ba49e93d02.json.gz,1
fda.refusals.backfill,firm:3008753212,2011-07-05,2026-09-09T17:04:42Z,is_drug_or_biologic,1,bool,fda.refusals.backfill,raw/fda.refusals.backfill/2026/09/20260909T170442Z-79ba49e93d02.json.gz,1
fda.refusals.backfill,firm:3008753212,2011-07-05,2026-09-09T17:04:42Z,is_foreign,1,bool,fda.refusals.backfill,raw/fda.refusals.backfill/2026/09/20260909T170442Z-79ba49e93d02.json.gz,1
fda.refusals.backfill,firm:3008753212,2011-07-05,2026-09-09T17:04:42Z,is_human_drug,0,bool,fda.refusals.backfill,raw/fda.refusals.backfill/2026/09/20260909T170442Z-79ba49e93d02.json.gz,1
fda.refusals.backfill,firm:3008753212,2011-07-05,2026-09-09T17:04:42Z,label,Cosonic Electronic,,fda.refusals.backfill,raw/fda.refusals.backfill/2026/09/20260909T170442Z-79ba49e93d02.json.gz,1
fda.refusals.backfill,firm:3008753212,2011-07-05,2026-09-09T17:04:42Z,refused_at,20110705,yyyymmdd,fda.refusals.backfill,raw/fda.refusals.backfill/2026/09/20260909T170442Z-79ba49e93d02.json.gz,1
fda.refusals.backfill,firm:3008769424,2011-07-20,2026-09-09T17:04:42Z,firm_key,CIGAR CLEAN ESPANA SL,,fda.refusals.backfill,raw/fda.refusals.backfill/2026/09/20260909T170442Z-79ba49e93d02.json.gz,1
fda.refusals.backfill,firm:3008769424,2011-07-20,2026-09-09T17:04:42Z,import_refusal,1,count,fda.refusals.backfill,raw/fda.refusals.backfill/2026/09/20260909T170442Z-79ba49e93d02.json.gz,1
fda.refusals.backfill,firm:3008769424,2011-07-20,2026-09-09T17:04:42Z,is_drug_or_biologic,1,bool,fda.refusals.backfill,raw/fda.refusals.backfill/2026/09/20260909T170442Z-79ba49e93d02.json.gz,1
fda.refusals.backfill,firm:3008769424,2011-07-20,2026-09-09T17:04:42Z,is_foreign,1,bool,fda.refusals.backfill,raw/fda.refusals.backfill/2026/09/20260909T170442Z-79ba49e93d02.json.gz,1
fda.refusals.backfill,firm:3008769424,2011-07-20,2026-09-09T17:04:42Z,is_human_drug,1,bool,fda.refusals.backfill,raw/fda.refusals.backfill/2026/09/20260909T170442Z-79ba49e93d02.json.gz,1
fda.refusals.backfill,firm:3008769424,2011-07-20,2026-09-09T17:04:42Z,label,Cigar Clean Espana Sl,,fda.refusals.backfill,raw/fda.refusals.backfill/2026/09/20260909T170442Z-79ba49e93d02.json.gz,1
fda.refusals.backfill,firm:3008769424,2011-07-20,2026-09-09T17:04:42Z,refused_at,20110720,yyyymmdd,fda.refusals.backfill,raw/fda.refusals.backfill/2026/09/20260909T170442Z-79ba49e93d02.json.gz,1
fda.refusals.backfill,firm:3008805782,2011-07-13,2026-09-09T17:04:42Z,firm_key,TRANSOCEAN MARITIME AGENCIES,,fda.refusals.backfill,raw/fda.refusals.backfill/2026/09/20260909T170442Z-79ba49e93d02.json.gz,1
fda.refusals.backfill,firm:3008805782,2011-07-13,2026-09-09T17:04:42Z,import_refusal,1,count,fda.refusals.backfill,raw/fda.refusals.backfill/2026/09/20260909T170442Z-79ba49e93d02.json.gz,1
fda.refusals.backfill,firm:3008805782,2011-07-13,2026-09-09T17:04:42Z,is_drug_or_biologic,1,bool,fda.refusals.backfill,raw/fda.refusals.backfill/2026/09/20260909T170442Z-79ba49e93d02.json.gz,1
fda.refusals.backfill,firm:3008805782,2011-07-13,2026-09-09T17:04:42Z,is_foreign,1,bool,fda.refusals.backfill,raw/fda.refusals.backfill/2026/09/20260909T170442Z-79ba49e93d02.json.gz,1
fda.refusals.backfill,firm:3008805782,2011-07-13,2026-09-09T17:04:42Z,is_human_drug,1,bool,fda.refusals.backfill,raw/fda.refusals.backfill/2026/09/20260909T170442Z-79ba49e93d02.json.gz,1
fda.refusals.backfill,firm:3008805782,2011-07-13,2026-09-09T17:04:42Z,label,Transocean Maritime Agencies,,fda.refusals.backfill,raw/fda.refusals.backfill/2026/09/20260909T170442Z-79ba49e93d02.json.gz,1
fda.refusals.backfill,firm:3008805782,2011-07-13,2026-09-09T17:04:42Z,refused_at,20110713,yyyymmdd,fda.refusals.backfill,raw/fda.refusals.backfill/2026/09/20260909T170442Z-79ba49e93d02.json.gz,1
fda.refusals.backfill,firm:3008813242,2011-07-13,2026-09-09T17:04:42Z,firm_key,J THIRUMURGHAN,,fda.refusals.backfill,raw/fda.refusals.backfill/2026/09/20260909T170442Z-79ba49e93d02.json.gz,1
fda.refusals.backfill,firm:3008813242,2011-07-13,2026-09-09T17:04:42Z,import_refusal,1,count,fda.refusals.backfill,raw/fda.refusals.backfill/2026/09/20260909T170442Z-79ba49e93d02.json.gz,1
fda.refusals.backfill,firm:3008813242,2011-07-13,2026-09-09T17:04:42Z,is_drug_or_biologic,1,bool,fda.refusals.backfill,raw/fda.refusals.backfill/2026/09/20260909T170442Z-79ba49e93d02.json.gz,1
fda.refusals.backfill,firm:3008813242,2011-07-13,2026-09-09T17:04:42Z,is_foreign,1,bool,fda.refusals.backfill,raw/fda.refusals.backfill/2026/09/20260909T170442Z-79ba49e93d02.json.gz,1
fda.refusals.backfill,firm:3008813242,2011-07-13,2026-09-09T17:04:42Z,is_human_drug,1,bool,fda.refusals.backfill,raw/fda.refusals.backfill/2026/09/20260909T170442Z-79ba49e93d02.json.gz,1
fda.refusals.backfill,firm:3008813242,2011-07-13,2026-09-09T17:04:42Z,label,J Thirumurghan,,fda.refusals.backfill,raw/fda.refusals.backfill/2026/09/20260909T170442Z-79ba49e93d02.json.gz,1
fda.refusals.backfill,firm:3008813242,2011-07-13,2026-09-09T17:04:42Z,refused_at,20110713,yyyymmdd,fda.refusals.backfill,raw/fda.refusals.backfill/2026/09/20260909T170442Z-79ba49e93d02.json.gz,1
fda.refusals.backfill,firm:3008814124,2011-07-28,2026-09-09T17:04:42Z,firm_key,NONI BIOTHECH,,fda.refusals.backfill,raw/fda.refusals.backfill/2026/09/20260909T170442Z-79ba49e93d02.json.gz,1
fda.refusals.backfill,firm:3008814124,2011-07-28,2026-09-09T17:04:42Z,import_refusal,1,count,fda.refusals.backfill,raw/fda.refusals.backfill/2026/09/20260909T170442Z-79ba49e93d02.json.gz,1
fda.refusals.backfill,firm:3008814124,2011-07-28,2026-09-09T17:04:42Z,is_drug_or_biologic,1,bool,fda.refusals.backfill,raw/fda.refusals.backfill/2026/09/20260909T170442Z-79ba49e93d02.json.gz,1
fda.refusals.backfill,firm:3008814124,2011-07-28,2026-09-09T17:04:42Z,is_foreign,1,bool,fda.refusals.backfill,raw/fda.refusals.backfill/2026/09/20260909T170442Z-79ba49e93d02.json.gz,1
fda.refusals.backfill,firm:3008814124,2011-07-28,2026-09-09T17:04:42Z,is_human_drug,1,bool,fda.refusals.backfill,raw/fda.refusals.backfill/2026/09/20260909T170442Z-79ba49e93d02.json.gz,1
fda.refusals.backfill,firm:3008814124,2011-07-28,2026-09-09T17:04:42Z,label,Noni Biothech Private Limited,,fda.refusals.backfill,raw/fda.refusals.backfill/2026/09/20260909T170442Z-79ba49e93d02.json.gz,1
fda.refusals.backfill,firm:3008814124,2011-07-28,2026-09-09T17:04:42Z,refused_at,20110728,yyyymmdd,fda.refusals.backfill,raw/fda.refusals.backfill/2026/09/20260909T170442Z-79ba49e93d02.json.gz,1
fda.refusals.backfill,firm:3008841146,2011-07-19,2026-09-09T17:04:42Z,firm_key,SHAVIT IMPORT EXPORT,,fda.refusals.backfill,raw/fda.refusals.backfill/2026/09/20260909T170442Z-79ba49e93d02.json.gz,1
fda.refusals.backfill,firm:3008841146,2011-07-19,2026-09-09T17:04:42Z,import_refusal,1,count,fda.refusals.backfill,raw/fda.refusals.backfill/2026/09/20260909T170442Z-79ba49e93d02.json.gz,1
fda.refusals.backfill,firm:3008841146,2011-07-19,2026-09-09T17:04:42Z,is_drug_or_biologic,1,bool,fda.refusals.backfill,raw/fda.refusals.backfill/2026/09/20260909T170442Z-79ba49e93d02.json.gz,1
fda.refusals.backfill,firm:3008841146,2011-07-19,2026-09-09T17:04:42Z,is_foreign,1,bool,fda.refusals.backfill,raw/fda.refusals.backfill/2026/09/20260909T170442Z-79ba49e93d02.json.gz,1
fda.refusals.backfill,firm:3008841146,2011-07-19,2026-09-09T17:04:42Z,is_human_drug,1,bool,fda.refusals.backfill,raw/fda.refusals.backfill/2026/09/20260909T170442Z-79ba49e93d02.json.gz,1
fda.refusals.backfill,firm:3008841146,2011-07-19,2026-09-09T17:04:42Z,label,Shavit Import & Export,,fda.refusals.backfill,raw/fda.refusals.backfill/2026/09/20260909T170442Z-79ba49e93d02.json.gz,1
fda.refusals.backfill,firm:3008841146,2011-07-19,2026-09-09T17:04:42Z,refused_at,20110719,yyyymmdd,fda.refusals.backfill,raw/fda.refusals.backfill/2026/09/20260909T170442Z-79ba49e93d02.json.gz,1
fda.refusals.backfill,firm:3008862962,2011-07-13,2026-09-09T17:04:42Z,firm_key,BGLI,,fda.refusals.backfill,raw/fda.refusals.backfill/2026/09/20260909T170442Z-79ba49e93d02.json.gz,1
fda.refusals.backfill,firm:3008862962,2011-07-13,2026-09-09T17:04:42Z,import_refusal,1,count,fda.refusals.backfill,raw/fda.refusals.backfill/2026/09/20260909T170442Z-79ba49e93d02.json.gz,1
fda.refusals.backfill,firm:3008862962,2011-07-13,2026-09-09T17:04:42Z,is_drug_or_biologic,1,bool,fda.refusals.backfill,raw/fda.refusals.backfill/2026/09/20260909T170442Z-79ba49e93d02.json.gz,1
fda.refusals.backfill,firm:3008862962,2011-07-13,2026-09-09T17:04:42Z,is_foreign,1,bool,fda.refusals.backfill,raw/fda.refusals.backfill/2026/09/20260909T170442Z-79ba49e93d02.json.gz,1
fda.refusals.backfill,firm:3008862962,2011-07-13,2026-09-09T17:04:42Z,is_human_drug,1,bool,fda.refusals.backfill,raw/fda.refusals.backfill/2026/09/20260909T170442Z-79ba49e93d02.json.gz,1
fda.refusals.backfill,firm:3008862962,2011-07-13,2026-09-09T17:04:42Z,label,Bgli,,fda.refusals.backfill,raw/fda.refusals.backfill/2026/09/20260909T170442Z-79ba49e93d02.json.gz,1
fda.refusals.backfill,firm:3008862962,2011-07-13,2026-09-09T17:04:42Z,refused_at,20110713,yyyymmdd,fda.refusals.backfill,raw/fda.refusals.backfill/2026/09/20260909T170442Z-79ba49e93d02.json.gz,1
fda.refusals.backfill,firm:3008872359,2011-07-05,2026-09-09T17:04:42Z,firm_key,OBSON,,fda.refusals.backfill,raw/fda.refusals.backfill/2026/09/20260909T170442Z-79ba49e93d02.json.gz,1
fda.refusals.backfill,firm:3008872359,2011-07-05,2026-09-09T17:04:42Z,import_refusal,1,count,fda.refusals.backfill,raw/fda.refusals.backfill/2026/09/20260909T170442Z-79ba49e93d02.json.gz,1
fda.refusals.backfill,firm:3008872359,2011-07-05,2026-09-09T17:04:42Z,is_drug_or_biologic,1,bool,fda.refusals.backfill,raw/fda.refusals.backfill/2026/09/20260909T170442Z-79ba49e93d02.json.gz,1
fda.refusals.backfill,firm:3008872359,2011-07-05,2026-09-09T17:04:42Z,is_foreign,1,bool,fda.refusals.backfill,raw/fda.refusals.backfill/2026/09/20260909T170442Z-79ba49e93d02.json.gz,1
fda.refusals.backfill,firm:3008872359,2011-07-05,2026-09-09T17:04:42Z,is_human_drug,1,bool,fda.refusals.backfill,raw/fda.refusals.backfill/2026/09/20260909T170442Z-79ba49e93d02.json.gz,1
fda.refusals.backfill,firm:3008872359,2011-07-05,2026-09-09T17:04:42Z,label,Obson International Pvt. Ltd.,,fda.refusals.backfill,raw/fda.refusals.backfill/2026/09/20260909T170442Z-79ba49e93d02.json.gz,1
fda.refusals.backfill,firm:3008872359,2011-07-05,2026-09-09T17:04:42Z,refused_at,20110705,yyyymmdd,fda.refusals.backfill,raw/fda.refusals.backfill/2026/09/20260909T170442Z-79ba49e93d02.json.gz,1
fda.refusals.backfill,firm:3008922582,2011-07-07,2026-09-09T17:04:42Z,firm_key,PRINTEMPS HAUSSMANN,,fda.refusals.backfill,raw/fda.refusals.backfill/2026/09/20260909T170442Z-79ba49e93d02.json.gz,1
fda.refusals.backfill,firm:3008922582,2011-07-07,2026-09-09T17:04:42Z,import_refusal,1,count,fda.refusals.backfill,raw/fda.refusals.backfill/2026/09/20260909T170442Z-79ba49e93d02.json.gz,1
fda.refusals.backfill,firm:3008922582,2011-07-07,2026-09-09T17:04:42Z,is_drug_or_biologic,1,bool,fda.refusals.backfill,raw/fda.refusals.backfill/2026/09/20260909T170442Z-79ba49e93d02.json.gz,1
fda.refusals.backfill,firm:3008922582,2011-07-07,2026-09-09T17:04:42Z,is_foreign,1,bool,fda.refusals.backfill,raw/fda.refusals.backfill/2026/09/20260909T170442Z-79ba49e93d02.json.gz,1
fda.refusals.backfill,firm:3008922582,2011-07-07,2026-09-09T17:04:42Z,is_human_drug,1,bool,fda.refusals.backfill,raw/fda.refusals.backfill/2026/09/20260909T170442Z-79ba49e93d02.json.gz,1
fda.refusals.backfill,firm:3008922582,2011-07-07,2026-09-09T17:04:42Z,label,Printemps Haussmann,,fda.refusals.backfill,raw/fda.refusals.backfill/2026/09/20260909T170442Z-79ba49e93d02.json.gz,1
fda.refusals.backfill,firm:3008922582,2011-07-07,2026-09-09T17:04:42Z,refused_at,20110707,yyyymmdd,fda.refusals.backfill,raw/fda.refusals.backfill/2026/09/20260909T170442Z-79ba49e93d02.json.gz,1
fda.refusals.backfill,firm:3008933231,2011-07-11,2026-09-09T17:04:42Z,firm_key,PORUS UNIT I,,fda.refusals.backfill,raw/fda.refusals.backfill/2026/09/20260909T170442Z-79ba49e93d02.json.gz,1
fda.refusals.backfill,firm:3008933231,2011-07-11,2026-09-09T17:04:42Z,import_refusal,1,count,fda.refusals.backfill,raw/fda.refusals.backfill/2026/09/20260909T170442Z-79ba49e93d02.json.gz,1
fda.refusals.backfill,firm:3008933231,2011-07-11,2026-09-09T17:04:42Z,is_drug_or_biologic,1,bool,fda.refusals.backfill,raw/fda.refusals.backfill/2026/09/20260909T170442Z-79ba49e93d02.json.gz,1
fda.refusals.backfill,firm:3008933231,2011-07-11,2026-09-09T17:04:42Z,is_foreign,1,bool,fda.refusals.backfill,raw/fda.refusals.backfill/2026/09/20260909T170442Z-79ba49e93d02.json.gz,1
fda.refusals.backfill,firm:3008933231,2011-07-11,2026-09-09T17:04:42Z,is_human_drug,1,bool,fda.refusals.backfill,raw/fda.refusals.backfill/2026/09/20260909T170442Z-79ba49e93d02.json.gz,1
fda.refusals.backfill,firm:3008933231,2011-07-11,2026-09-09T17:04:42Z,label,Porus Laboratories Pvt. Ltd- Unit I,,fda.refusals.backfill,raw/fda.refusals.backfill/2026/09/20260909T170442Z-79ba49e93d02.json.gz,1
fda.refusals.backfill,firm:3008933231,2011-07-11,2026-09-09T17:04:42Z,refused_at,20110711,yyyymmdd,fda.refusals.backfill,raw/fda.refusals.backfill/2026/09/20260909T170442Z-79ba49e93d02.json.gz,1
fda.refusals.backfill,firm:3008934162,2011-07-05,2026-09-09T17:04:42Z,firm_key,SHENZHEN SAILE BAO TECHNOLOGY,,fda.refusals.backfill,raw/fda.refusals.backfill/2026/09/20260909T170442Z-79ba49e93d02.json.gz,1
fda.refusals.backfill,firm:3008934162,2011-07-05,2026-09-09T17:04:42Z,import_refusal,1,count,fda.refusals.backfill,raw/fda.refusals.backfill/2026/09/20260909T170442Z-79ba49e93d02.json.gz,1
fda.refusals.backfill,firm:3008934162,2011-07-05,2026-09-09T17:04:42Z,is_drug_or_biologic,1,bool,fda.refusals.backfill,raw/fda.refusals.backfill/2026/09/20260909T170442Z-79ba49e93d02.json.gz,1
fda.refusals.backfill,firm:3008934162,2011-07-05,2026-09-09T17:04:42Z,is_foreign,1,bool,fda.refusals.backfill,raw/fda.refusals.backfill/2026/09/20260909T170442Z-79ba49e93d02.json.gz,1
fda.refusals.backfill,firm:3008934162,2011-07-05,2026-09-09T17:04:42Z,is_human_drug,1,bool,fda.refusals.backfill,raw/fda.refusals.backfill/2026/09/20260909T170442Z-79ba49e93d02.json.gz,1
fda.refusals.backfill,firm:3008934162,2011-07-05,2026-09-09T17:04:42Z,label,Shenzhen Saile Bao Technology Limited,,fda.refusals.backfill,raw/fda.refusals.backfill/2026/09/20260909T170442Z-79ba49e93d02.json.gz,1
fda.refusals.backfill,firm:3008934162,2011-07-05,2026-09-09T17:04:42Z,refused_at,20110705,yyyymmdd,fda.refusals.backfill,raw/fda.refusals.backfill/2026/09/20260909T170442Z-79ba49e93d02.json.gz,1
fda.refusals.backfill,firm:3008937185,2011-07-01,2026-09-09T17:04:42Z,firm_key,SILVANA POLIMENI,,fda.refusals.backfill,raw/fda.refusals.backfill/2026/09/20260909T170442Z-79ba49e93d02.json.gz,1
fda.refusals.backfill,firm:3008937185,2011-07-01,2026-09-09T17:04:42Z,import_refusal,1,count,fda.refusals.backfill,raw/fda.refusals.backfill/2026/09/20260909T170442Z-79ba49e93d02.json.gz,1
fda.refusals.backfill,firm:3008937185,2011-07-01,2026-09-09T17:04:42Z,is_drug_or_biologic,1,bool,fda.refusals.backfill,raw/fda.refusals.backfill/2026/09/20260909T170442Z-79ba49e93d02.json.gz,1
fda.refusals.backfill,firm:3008937185,2011-07-01,2026-09-09T17:04:42Z,is_foreign,1,bool,fda.refusals.backfill,raw/fda.refusals.backfill/2026/09/20260909T170442Z-79ba49e93d02.json.gz,1
fda.refusals.backfill,firm:3008937185,2011-07-01,2026-09-09T17:04:42Z,is_human_drug,1,bool,fda.refusals.backfill,raw/fda.refusals.backfill/2026/09/20260909T170442Z-79ba49e93d02.json.gz,1
fda.refusals.backfill,firm:3008937185,2011-07-01,2026-09-09T17:04:42Z,label,Silvana Polimeni,,fda.refusals.backfill,raw/fda.refusals.backfill/2026/09/20260909T170442Z-79ba49e93d02.json.gz,1
fda.refusals.backfill,firm:3008937185,2011-07-01,2026-09-09T17:04:42Z,refused_at,20110701,yyyymmdd,fda.refusals.backfill,raw/fda.refusals.backfill/2026/09/20260909T170442Z-79ba49e93d02.json.gz,1
fda.refusals.backfill,firm:3008943738,2011-07-01,2026-09-09T17:04:42Z,firm_key,SUBRAMANYAM REDDY,,fda.refusals.backfill,raw/fda.refusals.backfill/2026/09/20260909T170442Z-79ba49e93d02.json.gz,1
fda.refusals.backfill,firm:3008943738,2011-07-01,2026-09-09T17:04:42Z,import_refusal,1,count,fda.refusals.backfill,raw/fda.refusals.backfill/2026/09/20260909T170442Z-79ba49e93d02.json.gz,1
fda.refusals.backfill,firm:3008943738,2011-07-01,2026-09-09T17:04:42Z,is_drug_or_biologic,1,bool,fda.refusals.backfill,raw/fda.refusals.backfill/2026/09/20260909T170442Z-79ba49e93d02.json.gz,1
fda.refusals.backfill,firm:3008943738,2011-07-01,2026-09-09T17:04:42Z,is_foreign,1,bool,fda.refusals.backfill,raw/fda.refusals.backfill/2026/09/20260909T170442Z-79ba49e93d02.json.gz,1
fda.refusals.backfill,firm:3008943738,2011-07-01,2026-09-09T17:04:42Z,is_human_drug,1,bool,fda.refusals.backfill,raw/fda.refusals.backfill/2026/09/20260909T170442Z-79ba49e93d02.json.gz,1
fda.refusals.backfill,firm:3008943738,2011-07-01,2026-09-09T17:04:42Z,label,Subramanyam Reddy,,fda.refusals.backfill,raw/fda.refusals.backfill/2026/09/20260909T170442Z-79ba49e93d02.json.gz,1
fda.refusals.backfill,firm:3008943738,2011-07-01,2026-09-09T17:04:42Z,refused_at,20110701,yyyymmdd,fda.refusals.backfill,raw/fda.refusals.backfill/2026/09/20260909T170442Z-79ba49e93d02.json.gz,1
fda.refusals.backfill,firm:3008945794,2011-07-01,2026-09-09T17:04:42Z,firm_key,PHARMACIE LA ROTONDE MYBEAUTYSANTE,,fda.refusals.backfill,raw/fda.refusals.backfill/2026/09/20260909T170442Z-79ba49e93d02.json.gz,1
fda.refusals.backfill,firm:3008945794,2011-07-01,2026-09-09T17:04:42Z,import_refusal,1,count,fda.refusals.backfill,raw/fda.refusals.backfill/2026/09/20260909T170442Z-79ba49e93d02.json.gz,1
fda.refusals.backfill,firm:3008945794,2011-07-01,2026-09-09T17:04:42Z,is_drug_or_biologic,1,bool,fda.refusals.backfill,raw/fda.refusals.backfill/2026/09/20260909T170442Z-79ba49e93d02.json.gz,1
fda.refusals.backfill,firm:3008945794,2011-07-01,2026-09-09T17:04:42Z,is_foreign,1,bool,fda.refusals.backfill,raw/fda.refusals.backfill/2026/09/20260909T170442Z-79ba49e93d02.json.gz,1
fda.refusals.backfill,firm:3008945794,2011-07-01,2026-09-09T17:04:42Z,is_human_drug,1,bool,fda.refusals.backfill,raw/fda.refusals.backfill/2026/09/20260909T170442Z-79ba49e93d02.json.gz,1
fda.refusals.backfill,firm:3008945794,2011-07-01,2026-09-09T17:04:42Z,label,Pharmacie La Rotonde-Mybeautysante,,fda.refusals.backfill,raw/fda.refusals.backfill/2026/09/20260909T170442Z-79ba49e93d02.json.gz,1
fda.refusals.backfill,firm:3008945794,2011-07-01,2026-09-09T17:04:42Z,refused_at,20110701,yyyymmdd,fda.refusals.backfill,raw/fda.refusals.backfill/2026/09/20260909T170442Z-79ba49e93d02.json.gz,1
fda.refusals.backfill,firm:3008948061,2011-07-13,2026-09-09T17:04:42Z,firm_key,SARL ID SENS,,fda.refusals.backfill,raw/fda.refusals.backfill/2026/09/20260909T170442Z-79ba49e93d02.json.gz,1
fda.refusals.backfill,firm:3008948061,2011-07-13,2026-09-09T17:04:42Z,import_refusal,1,count,fda.refusals.backfill,raw/fda.refusals.backfill/2026/09/20260909T170442Z-79ba49e93d02.json.gz,1
fda.refusals.backfill,firm:3008948061,2011-07-13,2026-09-09T17:04:42Z,is_drug_or_biologic,1,bool,fda.refusals.backfill,raw/fda.refusals.backfill/2026/09/20260909T170442Z-79ba49e93d02.json.gz,1
fda.refusals.backfill,firm:3008948061,2011-07-13,2026-09-09T17:04:42Z,is_foreign,1,bool,fda.refusals.backfill,raw/fda.refusals.backfill/2026/09/20260909T170442Z-79ba49e93d02.json.gz,1
fda.refusals.backfill,firm:3008948061,2011-07-13,2026-09-09T17:04:42Z,is_human_drug,1,bool,fda.refusals.backfill,raw/fda.refusals.backfill/2026/09/20260909T170442Z-79ba49e93d02.json.gz,1
fda.refusals.backfill,firm:3008948061,2011-07-13,2026-09-09T17:04:42Z,label,Sarl Id Sens,,fda.refusals.backfill,raw/fda.refusals.backfill/2026/09/20260909T170442Z-79ba49e93d02.json.gz,1
fda.refusals.backfill,firm:3008948061,2011-07-13,2026-09-09T17:04:42Z,refused_at,20110713,yyyymmdd,fda.refusals.backfill,raw/fda.refusals.backfill/2026/09/20260909T170442Z-79ba49e93d02.json.gz,1
fda.refusals.backfill,firm:3008948062,2011-07-13,2026-09-09T17:04:42Z,firm_key,NR RELE,,fda.refusals.backfill,raw/fda.refusals.backfill/2026/09/20260909T170442Z-79ba49e93d02.json.gz,1
fda.refusals.backfill,firm:3008948062,2011-07-13,2026-09-09T17:04:42Z,import_refusal,1,count,fda.refusals.backfill,raw/fda.refusals.backfill/2026/09/20260909T170442Z-79ba49e93d02.json.gz,1
fda.refusals.backfill,firm:3008948062,2011-07-13,2026-09-09T17:04:42Z,is_drug_or_biologic,1,bool,fda.refusals.backfill,raw/fda.refusals.backfill/2026/09/20260909T170442Z-79ba49e93d02.json.gz,1
fda.refusals.backfill,firm:3008948062,2011-07-13,2026-09-09T17:04:42Z,is_foreign,1,bool,fda.refusals.backfill,raw/fda.refusals.backfill/2026/09/20260909T170442Z-79ba49e93d02.json.gz,1
fda.refusals.backfill,firm:3008948062,2011-07-13,2026-09-09T17:04:42Z,is_human_drug,0,bool,fda.refusals.backfill,raw/fda.refusals.backfill/2026/09/20260909T170442Z-79ba49e93d02.json.gz,1
fda.refusals.backfill,firm:3008948062,2011-07-13,2026-09-09T17:04:42Z,is_human_drug,1,bool,fda.refusals.backfill,raw/fda.refusals.backfill/2026/09/20260909T170442Z-79ba49e93d02.json.gz,1
fda.refusals.backfill,firm:3008948062,2011-07-13,2026-09-09T17:04:42Z,label,Nr Rele,,fda.refusals.backfill,raw/fda.refusals.backfill/2026/09/20260909T170442Z-79ba49e93d02.json.gz,1
fda.refusals.backfill,firm:3008948062,2011-07-13,2026-09-09T17:04:42Z,refused_at,20110713,yyyymmdd,fda.refusals.backfill,raw/fda.refusals.backfill/2026/09/20260909T170442Z-79ba49e93d02.json.gz,1
fda.refusals.backfill,firm:3008948405,2011-07-06,2026-09-09T17:04:42Z,firm_key,BOEHRINGER INGELHEIM,,fda.refusals.backfill,raw/fda.refusals.backfill/2026/09/20260909T170442Z-79ba49e93d02.json.gz,1
fda.refusals.backfill,firm:3008948405,2011-07-06,2026-09-09T17:04:42Z,import_refusal,1,count,fda.refusals.backfill,raw/fda.refusals.backfill/2026/09/20260909T170442Z-79ba49e93d02.json.gz,1
fda.refusals.backfill,firm:3008948405,2011-07-06,2026-09-09T17:04:42Z,is_drug_or_biologic,1,bool,fda.refusals.backfill,raw/fda.refusals.backfill/2026/09/20260909T170442Z-79ba49e93d02.json.gz,1
fda.refusals.backfill,firm:3008948405,2011-07-06,2026-09-09T17:04:42Z,is_foreign,1,bool,fda.refusals.backfill,raw/fda.refusals.backfill/2026/09/20260909T170442Z-79ba49e93d02.json.gz,1
fda.refusals.backfill,firm:3008948405,2011-07-06,2026-09-09T17:04:42Z,is_human_drug,1,bool,fda.refusals.backfill,raw/fda.refusals.backfill/2026/09/20260909T170442Z-79ba49e93d02.json.gz,1
fda.refusals.backfill,firm:3008948405,2011-07-06,2026-09-09T17:04:42Z,label,Boehringer Ingelheim,,fda.refusals.backfill,raw/fda.refusals.backfill/2026/09/20260909T170442Z-79ba49e93d02.json.gz,1
fda.refusals.backfill,firm:3008948405,2011-07-06,2026-09-09T17:04:42Z,refused_at,20110706,yyyymmdd,fda.refusals.backfill,raw/fda.refusals.backfill/2026/09/20260909T170442Z-79ba49e93d02.json.gz,1
fda.refusals.backfill,firm:3008951266,2011-07-01,2026-09-09T17:04:42Z,firm_key,VETRIVEL,,fda.refusals.backfill,raw/fda.refusals.backfill/2026/09/20260909T170442Z-79ba49e93d02.json.gz,1
fda.refusals.backfill,firm:3008951266,2011-07-01,2026-09-09T17:04:42Z,import_refusal,1,count,fda.refusals.backfill,raw/fda.refusals.backfill/2026/09/20260909T170442Z-79ba49e93d02.json.gz,1
fda.refusals.backfill,firm:3008951266,2011-07-01,2026-09-09T17:04:42Z,is_drug_or_biologic,1,bool,fda.refusals.backfill,raw/fda.refusals.backfill/2026/09/20260909T170442Z-79ba49e93d02.json.gz,1
fda.refusals.backfill,firm:3008951266,2011-07-01,2026-09-09T17:04:42Z,is_foreign,1,bool,fda.refusals.backfill,raw/fda.refusals.backfill/2026/09/20260909T170442Z-79ba49e93d02.json.gz,1
fda.refusals.backfill,firm:3008951266,2011-07-01,2026-09-09T17:04:42Z,is_human_drug,1,bool,fda.refusals.backfill,raw/fda.refusals.backfill/2026/09/20260909T170442Z-79ba49e93d02.json.gz,1
fda.refusals.backfill,firm:3008951266,2011-07-01,2026-09-09T17:04:42Z,label,Vetrivel,,fda.refusals.backfill,raw/fda.refusals.backfill/2026/09/20260909T170442Z-79ba49e93d02.json.gz,1
fda.refusals.backfill,firm:3008951266,2011-07-01,2026-09-09T17:04:42Z,refused_at,20110701,yyyymmdd,fda.refusals.backfill,raw/fda.refusals.backfill/2026/09/20260909T170442Z-79ba49e93d02.json.gz,1
fda.refusals.backfill,firm:3008951785,2011-07-07,2026-09-09T17:04:42Z,firm_key,ABEL ASSOCIATE CONSULTING,,fda.refusals.backfill,raw/fda.refusals.backfill/2026/09/20260909T170442Z-79ba49e93d02.json.gz,1
fda.refusals.backfill,firm:3008951785,2011-07-07,2026-09-09T17:04:42Z,import_refusal,1,count,fda.refusals.backfill,raw/fda.refusals.backfill/2026/09/20260909T170442Z-79ba49e93d02.json.gz,1
fda.refusals.backfill,firm:3008951785,2011-07-07,2026-09-09T17:04:42Z,is_drug_or_biologic,1,bool,fda.refusals.backfill,raw/fda.refusals.backfill/2026/09/20260909T170442Z-79ba49e93d02.json.gz,1
fda.refusals.backfill,firm:3008951785,2011-07-07,2026-09-09T17:04:42Z,is_foreign,1,bool,fda.refusals.backfill,raw/fda.refusals.backfill/2026/09/20260909T170442Z-79ba49e93d02.json.gz,1
fda.refusals.backfill,firm:3008951785,2011-07-07,2026-09-09T17:04:42Z,is_human_drug,1,bool,fda.refusals.backfill,raw/fda.refusals.backfill/2026/09/20260909T170442Z-79ba49e93d02.json.gz,1
fda.refusals.backfill,firm:3008951785,2011-07-07,2026-09-09T17:04:42Z,label,Abel  Associate Consulting,,fda.refusals.backfill,raw/fda.refusals.backfill/2026/09/20260909T170442Z-79ba49e93d02.json.gz,1
fda.refusals.backfill,firm:3008951785,2011-07-07,2026-09-09T17:04:42Z,refused_at,20110707,yyyymmdd,fda.refusals.backfill,raw/fda.refusals.backfill/2026/09/20260909T170442Z-79ba49e93d02.json.gz,1
fda.refusals.backfill,firm:3008959231,2011-07-06,2026-09-09T17:04:42Z,firm_key,ERIC ROTHBART,,fda.refusals.backfill,raw/fda.refusals.backfill/2026/09/20260909T170442Z-79ba49e93d02.json.gz,1
fda.refusals.backfill,firm:3008959231,2011-07-06,2026-09-09T17:04:42Z,import_refusal,1,count,fda.refusals.backfill,raw/fda.refusals.backfill/2026/09/20260909T170442Z-79ba49e93d02.json.gz,1
fda.refusals.backfill,firm:3008959231,2011-07-06,2026-09-09T17:04:42Z,is_drug_or_biologic,1,bool,fda.refusals.backfill,raw/fda.refusals.backfill/2026/09/20260909T170442Z-79ba49e93d02.json.gz,1
fda.refusals.backfill,firm:3008959231,2011-07-06,2026-09-09T17:04:42Z,is_foreign,1,bool,fda.refusals.backfill,raw/fda.refusals.backfill/2026/09/20260909T170442Z-79ba49e93d02.json.gz,1
fda.refusals.backfill,firm:3008959231,2011-07-06,2026-09-09T17:04:42Z,is_human_drug,1,bool,fda.refusals.backfill,raw/fda.refusals.backfill/2026/09/20260909T170442Z-79ba49e93d02.json.gz,1
fda.refusals.backfill,firm:3008959231,2011-07-06,2026-09-09T17:04:42Z,label,Eric Rothbart,,fda.refusals.backfill,raw/fda.refusals.backfill/2026/09/20260909T170442Z-79ba49e93d02.json.gz,1
fda.refusals.backfill,firm:3008959231,2011-07-06,2026-09-09T17:04:42Z,refused_at,20110706,yyyymmdd,fda.refusals.backfill,raw/fda.refusals.backfill/2026/09/20260909T170442Z-79ba49e93d02.json.gz,1
fda.refusals.backfill,firm:3008959581,2011-07-20,2026-09-09T17:04:42Z,firm_key,FOOD ENTERPRISES,,fda.refusals.backfill,raw/fda.refusals.backfill/2026/09/20260909T170442Z-79ba49e93d02.json.gz,1
fda.refusals.backfill,firm:3008959581,2011-07-20,2026-09-09T17:04:42Z,import_refusal,1,count,fda.refusals.backfill,raw/fda.refusals.backfill/2026/09/20260909T170442Z-79ba49e93d02.json.gz,1
fda.refusals.backfill,firm:3008959581,2011-07-20,2026-09-09T17:04:42Z,is_drug_or_biologic,1,bool,fda.refusals.backfill,raw/fda.refusals.backfill/2026/09/20260909T170442Z-79ba49e93d02.json.gz,1
fda.refusals.backfill,firm:3008959581,2011-07-20,2026-09-09T17:04:42Z,is_foreign,1,bool,fda.refusals.backfill,raw/fda.refusals.backfill/2026/09/20260909T170442Z-79ba49e93d02.json.gz,1
fda.refusals.backfill,firm:3008959581,2011-07-20,2026-09-09T17:04:42Z,is_human_drug,1,bool,fda.refusals.backfill,raw/fda.refusals.backfill/2026/09/20260909T170442Z-79ba49e93d02.json.gz,1
fda.refusals.backfill,firm:3008959581,2011-07-20,2026-09-09T17:04:42Z,label,Food Enterprises,,fda.refusals.backfill,raw/fda.refusals.backfill/2026/09/20260909T170442Z-79ba49e93d02.json.gz,1
fda.refusals.backfill,firm:3008959581,2011-07-20,2026-09-09T17:04:42Z,refused_at,20110720,yyyymmdd,fda.refusals.backfill,raw/fda.refusals.backfill/2026/09/20260909T170442Z-79ba49e93d02.json.gz,1
fda.refusals.backfill,firm:3008961985,2011-07-22,2026-09-09T17:04:42Z,firm_key,SANSHO SINGAPORE,,fda.refusals.backfill,raw/fda.refusals.backfill/2026/09/20260909T170442Z-79ba49e93d02.json.gz,1
fda.refusals.backfill,firm:3008961985,2011-07-22,2026-09-09T17:04:42Z,import_refusal,1,count,fda.refusals.backfill,raw/fda.refusals.backfill/2026/09/20260909T170442Z-79ba49e93d02.json.gz,1
fda.refusals.backfill,firm:3008961985,2011-07-22,2026-09-09T17:04:42Z,is_drug_or_biologic,1,bool,fda.refusals.backfill,raw/fda.refusals.backfill/2026/09/20260909T170442Z-79ba49e93d02.json.gz,1
fda.refusals.backfill,firm:3008961985,2011-07-22,2026-09-09T17:04:42Z,is_foreign,1,bool,fda.refusals.backfill,raw/fda.refusals.backfill/2026/09/20260909T170442Z-79ba49e93d02.json.gz,1
fda.refusals.backfill,firm:3008961985,2011-07-22,2026-09-09T17:04:42Z,is_human_drug,1,bool,fda.refusals.backfill,raw/fda.refusals.backfill/2026/09/20260909T170442Z-79ba49e93d02.json.gz,1
fda.refusals.backfill,firm:3008961985,2011-07-22,2026-09-09T17:04:42Z,label,Sansho Corporation Singapore,,fda.refusals.backfill,raw/fda.refusals.backfill/2026/09/20260909T170442Z-79ba49e93d02.json.gz,1
fda.refusals.backfill,firm:3008961985,2011-07-22,2026-09-09T17:04:42Z,refused_at,20110722,yyyymmdd,fda.refusals.backfill,raw/fda.refusals.backfill/2026/09/20260909T170442Z-79ba49e93d02.json.gz,1
fda.refusals.backfill,firm:3008971156,2011-07-13,2026-09-09T17:04:42Z,firm_key,SANJEEVA RATHUAPALA,,fda.refusals.backfill,raw/fda.refusals.backfill/2026/09/20260909T170442Z-79ba49e93d02.json.gz,1
fda.refusals.backfill,firm:3008971156,2011-07-13,2026-09-09T17:04:42Z,import_refusal,1,count,fda.refusals.backfill,raw/fda.refusals.backfill/2026/09/20260909T170442Z-79ba49e93d02.json.gz,1
fda.refusals.backfill,firm:3008971156,2011-07-13,2026-09-09T17:04:42Z,is_drug_or_biologic,1,bool,fda.refusals.backfill,raw/fda.refusals.backfill/2026/09/20260909T170442Z-79ba49e93d02.json.gz,1
fda.refusals.backfill,firm:3008971156,2011-07-13,2026-09-09T17:04:42Z,is_foreign,1,bool,fda.refusals.backfill,raw/fda.refusals.backfill/2026/09/20260909T170442Z-79ba49e93d02.json.gz,1
fda.refusals.backfill,firm:3008971156,2011-07-13,2026-09-09T17:04:42Z,is_human_drug,1,bool,fda.refusals.backfill,raw/fda.refusals.backfill/2026/09/20260909T170442Z-79ba49e93d02.json.gz,1
fda.refusals.backfill,firm:3008971156,2011-07-13,2026-09-09T17:04:42Z,label,Sanjeeva Rathuapala,,fda.refusals.backfill,raw/fda.refusals.backfill/2026/09/20260909T170442Z-79ba49e93d02.json.gz,1
fda.refusals.backfill,firm:3008971156,2011-07-13,2026-09-09T17:04:42Z,refused_at,20110713,yyyymmdd,fda.refusals.backfill,raw/fda.refusals.backfill/2026/09/20260909T170442Z-79ba49e93d02.json.gz,1
fda.refusals.backfill,firm:3008979513,2011-07-13,2026-09-09T17:04:42Z,firm_key,JOSUE DAVID TOBAR MARTINEZ,,fda.refusals.backfill,raw/fda.refusals.backfill/2026/09/20260909T170442Z-79ba49e93d02.json.gz,1
fda.refusals.backfill,firm:3008979513,2011-07-13,2026-09-09T17:04:42Z,import_refusal,1,count,fda.refusals.backfill,raw/fda.refusals.backfill/2026/09/20260909T170442Z-79ba49e93d02.json.gz,1
fda.refusals.backfill,firm:3008979513,2011-07-13,2026-09-09T17:04:42Z,is_drug_or_biologic,1,bool,fda.refusals.backfill,raw/fda.refusals.backfill/2026/09/20260909T170442Z-79ba49e93d02.json.gz,1
fda.refusals.backfill,firm:3008979513,2011-07-13,2026-09-09T17:04:42Z,is_foreign,1,bool,fda.refusals.backfill,raw/fda.refusals.backfill/2026/09/20260909T170442Z-79ba49e93d02.json.gz,1
fda.refusals.backfill,firm:3008979513,2011-07-13,2026-09-09T17:04:42Z,is_human_drug,1,bool,fda.refusals.backfill,raw/fda.refusals.backfill/2026/09/20260909T170442Z-79ba49e93d02.json.gz,1
fda.refusals.backfill,firm:3008979513,2011-07-13,2026-09-09T17:04:42Z,label,Josue David Tobar Martinez,,fda.refusals.backfill,raw/fda.refusals.backfill/2026/09/20260909T170442Z-79ba49e93d02.json.gz,1
fda.refusals.backfill,firm:3008979513,2011-07-13,2026-09-09T17:04:42Z,refused_at,20110713,yyyymmdd,fda.refusals.backfill,raw/fda.refusals.backfill/2026/09/20260909T170442Z-79ba49e93d02.json.gz,1
fda.refusals.backfill,firm:3008983621,2011-07-28,2026-09-09T17:04:42Z,firm_key,LABORATORY DELFO,,fda.refusals.backfill,raw/fda.refusals.backfill/2026/09/20260909T170442Z-79ba49e93d02.json.gz,1
fda.refusals.backfill,firm:3008983621,2011-07-28,2026-09-09T17:04:42Z,import_refusal,1,count,fda.refusals.backfill,raw/fda.refusals.backfill/2026/09/20260909T170442Z-79ba49e93d02.json.gz,1
fda.refusals.backfill,firm:3008983621,2011-07-28,2026-09-09T17:04:42Z,is_drug_or_biologic,1,bool,fda.refusals.backfill,raw/fda.refusals.backfill/2026/09/20260909T170442Z-79ba49e93d02.json.gz,1
fda.refusals.backfill,firm:3008983621,2011-07-28,2026-09-09T17:04:42Z,is_foreign,1,bool,fda.refusals.backfill,raw/fda.refusals.backfill/2026/09/20260909T170442Z-79ba49e93d02.json.gz,1
fda.refusals.backfill,firm:3008983621,2011-07-28,2026-09-09T17:04:42Z,is_human_drug,1,bool,fda.refusals.backfill,raw/fda.refusals.backfill/2026/09/20260909T170442Z-79ba49e93d02.json.gz,1
fda.refusals.backfill,firm:3008983621,2011-07-28,2026-09-09T17:04:42Z,label,Laboratory Delfo,,fda.refusals.backfill,raw/fda.refusals.backfill/2026/09/20260909T170442Z-79ba49e93d02.json.gz,1
fda.refusals.backfill,firm:3008983621,2011-07-28,2026-09-09T17:04:42Z,refused_at,20110728,yyyymmdd,fda.refusals.backfill,raw/fda.refusals.backfill/2026/09/20260909T170442Z-79ba49e93d02.json.gz,1
fda.refusals.backfill,firm:3008983624,2011-07-28,2026-09-09T17:04:42Z,firm_key,LABORATORY HEEL COLOMBIA,,fda.refusals.backfill,raw/fda.refusals.backfill/2026/09/20260909T170442Z-79ba49e93d02.json.gz,1
fda.refusals.backfill,firm:3008983624,2011-07-28,2026-09-09T17:04:42Z,import_refusal,1,count,fda.refusals.backfill,raw/fda.refusals.backfill/2026/09/20260909T170442Z-79ba49e93d02.json.gz,1
fda.refusals.backfill,firm:3008983624,2011-07-28,2026-09-09T17:04:42Z,is_drug_or_biologic,1,bool,fda.refusals.backfill,raw/fda.refusals.backfill/2026/09/20260909T170442Z-79ba49e93d02.json.gz,1
fda.refusals.backfill,firm:3008983624,2011-07-28,2026-09-09T17:04:42Z,is_foreign,1,bool,fda.refusals.backfill,raw/fda.refusals.backfill/2026/09/20260909T170442Z-79ba49e93d02.json.gz,1
fda.refusals.backfill,firm:3008983624,2011-07-28,2026-09-09T17:04:42Z,is_human_drug,1,bool,fda.refusals.backfill,raw/fda.refusals.backfill/2026/09/20260909T170442Z-79ba49e93d02.json.gz,1
fda.refusals.backfill,firm:3008983624,2011-07-28,2026-09-09T17:04:42Z,label,Laboratory Heel Colombia,,fda.refusals.backfill,raw/fda.refusals.backfill/2026/09/20260909T170442Z-79ba49e93d02.json.gz,1
fda.refusals.backfill,firm:3008983624,2011-07-28,2026-09-09T17:04:42Z,refused_at,20110728,yyyymmdd,fda.refusals.backfill,raw/fda.refusals.backfill/2026/09/20260909T170442Z-79ba49e93d02.json.gz,1
fda.refusals.backfill,firm:3008983625,2011-07-28,2026-09-09T17:04:42Z,firm_key,FAJATE,,fda.refusals.backfill,raw/fda.refusals.backfill/2026/09/20260909T170442Z-79ba49e93d02.json.gz,1
fda.refusals.backfill,firm:3008983625,2011-07-28,2026-09-09T17:04:42Z,import_refusal,1,count,fda.refusals.backfill,raw/fda.refusals.backfill/2026/09/20260909T170442Z-79ba49e93d02.json.gz,1
fda.refusals.backfill,firm:3008983625,2011-07-28,2026-09-09T17:04:42Z,is_drug_or_biologic,1,bool,fda.refusals.backfill,raw/fda.refusals.backfill/2026/09/20260909T170442Z-79ba49e93d02.json.gz,1
fda.refusals.backfill,firm:3008983625,2011-07-28,2026-09-09T17:04:42Z,is_foreign,1,bool,fda.refusals.backfill,raw/fda.refusals.backfill/2026/09/20260909T170442Z-79ba49e93d02.json.gz,1
fda.refusals.backfill,firm:3008983625,2011-07-28,2026-09-09T17:04:42Z,is_human_drug,1,bool,fda.refusals.backfill,raw/fda.refusals.backfill/2026/09/20260909T170442Z-79ba49e93d02.json.gz,1
fda.refusals.backfill,firm:3008983625,2011-07-28,2026-09-09T17:04:42Z,label,Fajate,,fda.refusals.backfill,raw/fda.refusals.backfill/2026/09/20260909T170442Z-79ba49e93d02.json.gz,1
fda.refusals.backfill,firm:3008983625,2011-07-28,2026-09-09T17:04:42Z,refused_at,20110728,yyyymmdd,fda.refusals.backfill,raw/fda.refusals.backfill/2026/09/20260909T170442Z-79ba49e93d02.json.gz,1
fda.refusals.backfill,firm:3008991969,2011-07-11,2026-09-09T17:04:42Z,firm_key,LIANYUNGANG RUIDONG,,fda.refusals.backfill,raw/fda.refusals.backfill/2026/09/20260909T170442Z-79ba49e93d02.json.gz,1
fda.refusals.backfill,firm:3008991969,2011-07-11,2026-09-09T17:04:42Z,import_refusal,1,count,fda.refusals.backfill,raw/fda.refusals.backfill/2026/09/20260909T170442Z-79ba49e93d02.json.gz,1
fda.refusals.backfill,firm:3008991969,2011-07-11,2026-09-09T17:04:42Z,is_drug_or_biologic,1,bool,fda.refusals.backfill,raw/fda.refusals.backfill/2026/09/20260909T170442Z-79ba49e93d02.json.gz,1
fda.refusals.backfill,firm:3008991969,2011-07-11,2026-09-09T17:04:42Z,is_foreign,1,bool,fda.refusals.backfill,raw/fda.refusals.backfill/2026/09/20260909T170442Z-79ba49e93d02.json.gz,1
fda.refusals.backfill,firm:3008991969,2011-07-11,2026-09-09T17:04:42Z,is_human_drug,1,bool,fda.refusals.backfill,raw/fda.refusals.backfill/2026/09/20260909T170442Z-79ba49e93d02.json.gz,1
fda.refusals.backfill,firm:3008991969,2011-07-11,2026-09-09T17:04:42Z,label,Lianyungang Ruidong International Co. Ltd,,fda.refusals.backfill,raw/fda.refusals.backfill/2026/09/20260909T170442Z-79ba49e93d02.json.gz,1
fda.refusals.backfill,firm:3008991969,2011-07-11,2026-09-09T17:04:42Z,refused_at,20110711,yyyymmdd,fda.refusals.backfill,raw/fda.refusals.backfill/2026/09/20260909T170442Z-79ba49e93d02.json.gz,1
fda.refusals.backfill,firm:3008992769,2011-07-27,2026-09-09T17:04:42Z,firm_key,INCYTE,,fda.refusals.backfill,raw/fda.refusals.backfill/2026/09/20260909T170442Z-79ba49e93d02.json.gz,1
fda.refusals.backfill,firm:3008992769,2011-07-27,2026-09-09T17:04:42Z,import_refusal,1,count,fda.refusals.backfill,raw/fda.refusals.backfill/2026/09/20260909T170442Z-79ba49e93d02.json.gz,1
fda.refusals.backfill,firm:3008992769,2011-07-27,2026-09-09T17:04:42Z,is_drug_or_biologic,1,bool,fda.refusals.backfill,raw/fda.refusals.backfill/2026/09/20260909T170442Z-79ba49e93d02.json.gz,1
fda.refusals.backfill,firm:3008992769,2011-07-27,2026-09-09T17:04:42Z,is_foreign,0,bool,fda.refusals.backfill,raw/fda.refusals.backfill/2026/09/20260909T170442Z-79ba49e93d02.json.gz,1
fda.refusals.backfill,firm:3008992769,2011-07-27,2026-09-09T17:04:42Z,is_human_drug,1,bool,fda.refusals.backfill,raw/fda.refusals.backfill/2026/09/20260909T170442Z-79ba49e93d02.json.gz,1
fda.refusals.backfill,firm:3008992769,2011-07-27,2026-09-09T17:04:42Z,label,Incyte Corporation,,fda.refusals.backfill,raw/fda.refusals.backfill/2026/09/20260909T170442Z-79ba49e93d02.json.gz,1
fda.refusals.backfill,firm:3008992769,2011-07-27,2026-09-09T17:04:42Z,refused_at,20110727,yyyymmdd,fda.refusals.backfill,raw/fda.refusals.backfill/2026/09/20260909T170442Z-79ba49e93d02.json.gz,1
fda.refusals.backfill,firm:3008994020,2011-07-20,2026-09-09T17:04:42Z,firm_key,JOHN THOMAS,,fda.refusals.backfill,raw/fda.refusals.backfill/2026/09/20260909T170442Z-79ba49e93d02.json.gz,1
fda.refusals.backfill,firm:3008994020,2011-07-20,2026-09-09T17:04:42Z,import_refusal,1,count,fda.refusals.backfill,raw/fda.refusals.backfill/2026/09/20260909T170442Z-79ba49e93d02.json.gz,1
fda.refusals.backfill,firm:3008994020,2011-07-20,2026-09-09T17:04:42Z,is_drug_or_biologic,1,bool,fda.refusals.backfill,raw/fda.refusals.backfill/2026/09/20260909T170442Z-79ba49e93d02.json.gz,1
fda.refusals.backfill,firm:3008994020,2011-07-20,2026-09-09T17:04:42Z,is_foreign,1,bool,fda.refusals.backfill,raw/fda.refusals.backfill/2026/09/20260909T170442Z-79ba49e93d02.json.gz,1
fda.refusals.backfill,firm:3008994020,2011-07-20,2026-09-09T17:04:42Z,is_human_drug,1,bool,fda.refusals.backfill,raw/fda.refusals.backfill/2026/09/20260909T170442Z-79ba49e93d02.json.gz,1
fda.refusals.backfill,firm:3008994020,2011-07-20,2026-09-09T17:04:42Z,label,John Thomas,,fda.refusals.backfill,raw/fda.refusals.backfill/2026/09/20260909T170442Z-79ba49e93d02.json.gz,1
fda.refusals.backfill,firm:3008994020,2011-07-20,2026-09-09T17:04:42Z,refused_at,20110720,yyyymmdd,fda.refusals.backfill,raw/fda.refusals.backfill/2026/09/20260909T170442Z-79ba49e93d02.json.gz,1
fda.refusals.backfill,firm:3008998798,2011-07-20,2026-09-09T17:04:42Z,firm_key,RECHEM,,fda.refusals.backfill,raw/fda.refusals.backfill/2026/09/20260909T170442Z-79ba49e93d02.json.gz,1
fda.refusals.backfill,firm:3008998798,2011-07-20,2026-09-09T17:04:42Z,import_refusal,1,count,fda.refusals.backfill,raw/fda.refusals.backfill/2026/09/20260909T170442Z-79ba49e93d02.json.gz,1
fda.refusals.backfill,firm:3008998798,2011-07-20,2026-09-09T17:04:42Z,is_drug_or_biologic,1,bool,fda.refusals.backfill,raw/fda.refusals.backfill/2026/09/20260909T170442Z-79ba49e93d02.json.gz,1
fda.refusals.backfill,firm:3008998798,2011-07-20,2026-09-09T17:04:42Z,is_foreign,1,bool,fda.refusals.backfill,raw/fda.refusals.backfill/2026/09/20260909T170442Z-79ba49e93d02.json.gz,1
fda.refusals.backfill,firm:3008998798,2011-07-20,2026-09-09T17:04:42Z,is_human_drug,1,bool,fda.refusals.backfill,raw/fda.refusals.backfill/2026/09/20260909T170442Z-79ba49e93d02.json.gz,1
fda.refusals.backfill,firm:3008998798,2011-07-20,2026-09-09T17:04:42Z,label,Rechem Labs,,fda.refusals.backfill,raw/fda.refusals.backfill/2026/09/20260909T170442Z-79ba49e93d02.json.gz,1
fda.refusals.backfill,firm:3008998798,2011-07-20,2026-09-09T17:04:42Z,refused_at,20110720,yyyymmdd,fda.refusals.backfill,raw/fda.refusals.backfill/2026/09/20260909T170442Z-79ba49e93d02.json.gz,1
fda.refusals.backfill,firm:3008999097,2011-07-20,2026-09-09T17:04:42Z,firm_key,LINDA ROTHBERG,,fda.refusals.backfill,raw/fda.refusals.backfill/2026/09/20260909T170442Z-79ba49e93d02.json.gz,1
fda.refusals.backfill,firm:3008999097,2011-07-20,2026-09-09T17:04:42Z,import_refusal,1,count,fda.refusals.backfill,raw/fda.refusals.backfill/2026/09/20260909T170442Z-79ba49e93d02.json.gz,1
fda.refusals.backfill,firm:3008999097,2011-07-20,2026-09-09T17:04:42Z,is_drug_or_biologic,1,bool,fda.refusals.backfill,raw/fda.refusals.backfill/2026/09/20260909T170442Z-79ba49e93d02.json.gz,1
fda.refusals.backfill,firm:3008999097,2011-07-20,2026-09-09T17:04:42Z,is_foreign,1,bool,fda.refusals.backfill,raw/fda.refusals.backfill/2026/09/20260909T170442Z-79ba49e93d02.json.gz,1
fda.refusals.backfill,firm:3008999097,2011-07-20,2026-09-09T17:04:42Z,is_human_drug,1,bool,fda.refusals.backfill,raw/fda.refusals.backfill/2026/09/20260909T170442Z-79ba49e93d02.json.gz,1
fda.refusals.backfill,firm:3008999097,2011-07-20,2026-09-09T17:04:42Z,label,Linda Rothberg,,fda.refusals.backfill,raw/fda.refusals.backfill/2026/09/20260909T170442Z-79ba49e93d02.json.gz,1
fda.refusals.backfill,firm:3008999097,2011-07-20,2026-09-09T17:04:42Z,refused_at,20110720,yyyymmdd,fda.refusals.backfill,raw/fda.refusals.backfill/2026/09/20260909T170442Z-79ba49e93d02.json.gz,1
fda.refusals.backfill,firm:3009006654,2011-07-28,2026-09-09T17:04:42Z,firm_key,MONICA VILLARREAL,,fda.refusals.backfill,raw/fda.refusals.backfill/2026/09/20260909T170442Z-79ba49e93d02.json.gz,1
fda.refusals.backfill,firm:3009006654,2011-07-28,2026-09-09T17:04:42Z,import_refusal,1,count,fda.refusals.backfill,raw/fda.refusals.backfill/2026/09/20260909T170442Z-79ba49e93d02.json.gz,1
fda.refusals.backfill,firm:3009006654,2011-07-28,2026-09-09T17:04:42Z,is_drug_or_biologic,1,bool,fda.refusals.backfill,raw/fda.refusals.backfill/2026/09/20260909T170442Z-79ba49e93d02.json.gz,1
fda.refusals.backfill,firm:3009006654,2011-07-28,2026-09-09T17:04:42Z,is_foreign,1,bool,fda.refusals.backfill,raw/fda.refusals.backfill/2026/09/20260909T170442Z-79ba49e93d02.json.gz,1
fda.refusals.backfill,firm:3009006654,2011-07-28,2026-09-09T17:04:42Z,is_human_drug,1,bool,fda.refusals.backfill,raw/fda.refusals.backfill/2026/09/20260909T170442Z-79ba49e93d02.json.gz,1
fda.refusals.backfill,firm:3009006654,2011-07-28,2026-09-09T17:04:42Z,label,Monica Villarreal,,fda.refusals.backfill,raw/fda.refusals.backfill/2026/09/20260909T170442Z-79ba49e93d02.json.gz,1
fda.refusals.backfill,firm:3009006654,2011-07-28,2026-09-09T17:04:42Z,refused_at,20110728,yyyymmdd,fda.refusals.backfill,raw/fda.refusals.backfill/2026/09/20260909T170442Z-79ba49e93d02.json.gz,1
fda.refusals.backfill,firm:3009018473,2011-07-20,2026-09-09T17:04:42Z,firm_key,BIOCELL ULTRAVITAL 24 KT CMBH,,fda.refusals.backfill,raw/fda.refusals.backfill/2026/09/20260909T170442Z-79ba49e93d02.json.gz,1
fda.refusals.backfill,firm:3009018473,2011-07-20,2026-09-09T17:04:42Z,import_refusal,1,count,fda.refusals.backfill,raw/fda.refusals.backfill/2026/09/20260909T170442Z-79ba49e93d02.json.gz,1
fda.refusals.backfill,firm:3009018473,2011-07-20,2026-09-09T17:04:42Z,is_drug_or_biologic,1,bool,fda.refusals.backfill,raw/fda.refusals.backfill/2026/09/20260909T170442Z-79ba49e93d02.json.gz,1
fda.refusals.backfill,firm:3009018473,2011-07-20,2026-09-09T17:04:42Z,is_foreign,1,bool,fda.refusals.backfill,raw/fda.refusals.backfill/2026/09/20260909T170442Z-79ba49e93d02.json.gz,1
fda.refusals.backfill,firm:3009018473,2011-07-20,2026-09-09T17:04:42Z,is_human_drug,1,bool,fda.refusals.backfill,raw/fda.refusals.backfill/2026/09/20260909T170442Z-79ba49e93d02.json.gz,1
fda.refusals.backfill,firm:3009018473,2011-07-20,2026-09-09T17:04:42Z,label,Biocell Ultravital 24 Kt Cmbh,,fda.refusals.backfill,raw/fda.refusals.backfill/2026/09/20260909T170442Z-79ba49e93d02.json.gz,1
fda.refusals.backfill,firm:3009018473,2011-07-20,2026-09-09T17:04:42Z,refused_at,20110720,yyyymmdd,fda.refusals.backfill,raw/fda.refusals.backfill/2026/09/20260909T170442Z-79ba49e93d02.json.gz,1
fda.refusals.backfill,firm:3009032877,2011-07-28,2026-09-09T17:04:42Z,firm_key,WILLIAM JAMES,,fda.refusals.backfill,raw/fda.refusals.backfill/2026/09/20260909T170442Z-79ba49e93d02.json.gz,1
fda.refusals.backfill,firm:3009032877,2011-07-28,2026-09-09T17:04:42Z,import_refusal,1,count,fda.refusals.backfill,raw/fda.refusals.backfill/2026/09/20260909T170442Z-79ba49e93d02.json.gz,1
fda.refusals.backfill,firm:3009032877,2011-07-28,2026-09-09T17:04:42Z,is_drug_or_biologic,1,bool,fda.refusals.backfill,raw/fda.refusals.backfill/2026/09/20260909T170442Z-79ba49e93d02.json.gz,1
fda.refusals.backfill,firm:3009032877,2011-07-28,2026-09-09T17:04:42Z,is_foreign,1,bool,fda.refusals.backfill,raw/fda.refusals.backfill/2026/09/20260909T170442Z-79ba49e93d02.json.gz,1
fda.refusals.backfill,firm:3009032877,2011-07-28,2026-09-09T17:04:42Z,is_human_drug,1,bool,fda.refusals.backfill,raw/fda.refusals.backfill/2026/09/20260909T170442Z-79ba49e93d02.json.gz,1
fda.refusals.backfill,firm:3009032877,2011-07-28,2026-09-09T17:04:42Z,label,William James,,fda.refusals.backfill,raw/fda.refusals.backfill/2026/09/20260909T170442Z-79ba49e93d02.json.gz,1
fda.refusals.backfill,firm:3009032877,2011-07-28,2026-09-09T17:04:42Z,refused_at,20110728,yyyymmdd,fda.refusals.backfill,raw/fda.refusals.backfill/2026/09/20260909T170442Z-79ba49e93d02.json.gz,1
fda.refusals.backfill,firm:3009036456,2011-07-28,2026-09-09T17:04:42Z,firm_key,3LAB,,fda.refusals.backfill,raw/fda.refusals.backfill/2026/09/20260909T170442Z-79ba49e93d02.json.gz,1
fda.refusals.backfill,firm:3009036456,2011-07-28,2026-09-09T17:04:42Z,import_refusal,1,count,fda.refusals.backfill,raw/fda.refusals.backfill/2026/09/20260909T170442Z-79ba49e93d02.json.gz,1
fda.refusals.backfill,firm:3009036456,2011-07-28,2026-09-09T17:04:42Z,is_drug_or_biologic,1,bool,fda.refusals.backfill,raw/fda.refusals.backfill/2026/09/20260909T170442Z-79ba49e93d02.json.gz,1
fda.refusals.backfill,firm:3009036456,2011-07-28,2026-09-09T17:04:42Z,is_foreign,0,bool,fda.refusals.backfill,raw/fda.refusals.backfill/2026/09/20260909T170442Z-79ba49e93d02.json.gz,1
fda.refusals.backfill,firm:3009036456,2011-07-28,2026-09-09T17:04:42Z,is_human_drug,1,bool,fda.refusals.backfill,raw/fda.refusals.backfill/2026/09/20260909T170442Z-79ba49e93d02.json.gz,1
fda.refusals.backfill,firm:3009036456,2011-07-28,2026-09-09T17:04:42Z,label,"3lab, Inc",,fda.refusals.backfill,raw/fda.refusals.backfill/2026/09/20260909T170442Z-79ba49e93d02.json.gz,1
fda.refusals.backfill,firm:3009036456,2011-07-28,2026-09-09T17:04:42Z,refused_at,20110728,yyyymmdd,fda.refusals.backfill,raw/fda.refusals.backfill/2026/09/20260909T170442Z-79ba49e93d02.json.gz,1
fda.refusals.backfill,firm:3010144484,2011-07-28,2026-09-09T17:04:42Z,firm_key,FAPAGAU,,fda.refusals.backfill,raw/fda.refusals.backfill/2026/09/20260909T170442Z-79ba49e93d02.json.gz,1
fda.refusals.backfill,firm:3010144484,2011-07-28,2026-09-09T17:04:42Z,import_refusal,1,count,fda.refusals.backfill,raw/fda.refusals.backfill/2026/09/20260909T170442Z-79ba49e93d02.json.gz,1
fda.refusals.backfill,firm:3010144484,2011-07-28,2026-09-09T17:04:42Z,is_drug_or_biologic,1,bool,fda.refusals.backfill,raw/fda.refusals.backfill/2026/09/20260909T170442Z-79ba49e93d02.json.gz,1
fda.refusals.backfill,firm:3010144484,2011-07-28,2026-09-09T17:04:42Z,is_foreign,1,bool,fda.refusals.backfill,raw/fda.refusals.backfill/2026/09/20260909T170442Z-79ba49e93d02.json.gz,1
fda.refusals.backfill,firm:3010144484,2011-07-28,2026-09-09T17:04:42Z,is_human_drug,1,bool,fda.refusals.backfill,raw/fda.refusals.backfill/2026/09/20260909T170442Z-79ba49e93d02.json.gz,1
fda.refusals.backfill,firm:3010144484,2011-07-28,2026-09-09T17:04:42Z,label,FAPAGAU,,fda.refusals.backfill,raw/fda.refusals.backfill/2026/09/20260909T170442Z-79ba49e93d02.json.gz,1
fda.refusals.backfill,firm:3010144484,2011-07-28,2026-09-09T17:04:42Z,refused_at,20110728,yyyymmdd,fda.refusals.backfill,raw/fda.refusals.backfill/2026/09/20260909T170442Z-79ba49e93d02.json.gz,1
fda.refusals.backfill,firm:3010165609,2011-07-18,2026-09-09T17:04:42Z,firm_key,INEL COSMETICS,,fda.refusals.backfill,raw/fda.refusals.backfill/2026/09/20260909T170442Z-79ba49e93d02.json.gz,1
fda.refusals.backfill,firm:3010165609,2011-07-18,2026-09-09T17:04:42Z,import_refusal,1,count,fda.refusals.backfill,raw/fda.refusals.backfill/2026/09/20260909T170442Z-79ba49e93d02.json.gz,1
fda.refusals.backfill,firm:3010165609,2011-07-18,2026-09-09T17:04:42Z,is_drug_or_biologic,1,bool,fda.refusals.backfill,raw/fda.refusals.backfill/2026/09/20260909T170442Z-79ba49e93d02.json.gz,1
fda.refusals.backfill,firm:3010165609,2011-07-18,2026-09-09T17:04:42Z,is_foreign,1,bool,fda.refusals.backfill,raw/fda.refusals.backfill/2026/09/20260909T170442Z-79ba49e93d02.json.gz,1
fda.refusals.backfill,firm:3010165609,2011-07-18,2026-09-09T17:04:42Z,is_human_drug,1,bool,fda.refusals.backfill,raw/fda.refusals.backfill/2026/09/20260909T170442Z-79ba49e93d02.json.gz,1
fda.refusals.backfill,firm:3010165609,2011-07-18,2026-09-09T17:04:42Z,label,"Inel Cosmetics Co., Ltd.",,fda.refusals.backfill,raw/fda.refusals.backfill/2026/09/20260909T170442Z-79ba49e93d02.json.gz,1
fda.refusals.backfill,firm:3010165609,2011-07-18,2026-09-09T17:04:42Z,refused_at,20110718,yyyymmdd,fda.refusals.backfill,raw/fda.refusals.backfill/2026/09/20260909T170442Z-79ba49e93d02.json.gz,1
fda.refusals.backfill,firm:3010166995,2011-07-14,2026-09-09T17:04:42Z,firm_key,TS TRILLION,,fda.refusals.backfill,raw/fda.refusals.backfill/2026/09/20260909T170442Z-79ba49e93d02.json.gz,1
fda.refusals.backfill,firm:3010166995,2011-07-14,2026-09-09T17:04:42Z,import_refusal,1,count,fda.refusals.backfill,raw/fda.refusals.backfill/2026/09/20260909T170442Z-79ba49e93d02.json.gz,1
fda.refusals.backfill,firm:3010166995,2011-07-14,2026-09-09T17:04:42Z,is_drug_or_biologic,1,bool,fda.refusals.backfill,raw/fda.refusals.backfill/2026/09/20260909T170442Z-79ba49e93d02.json.gz,1
fda.refusals.backfill,firm:3010166995,2011-07-14,2026-09-09T17:04:42Z,is_foreign,1,bool,fda.refusals.backfill,raw/fda.refusals.backfill/2026/09/20260909T170442Z-79ba49e93d02.json.gz,1
fda.refusals.backfill,firm:3010166995,2011-07-14,2026-09-09T17:04:42Z,is_human_drug,1,bool,fda.refusals.backfill,raw/fda.refusals.backfill/2026/09/20260909T170442Z-79ba49e93d02.json.gz,1
fda.refusals.backfill,firm:3010166995,2011-07-14,2026-09-09T17:04:42Z,label,"TS Trillion Co., Ltd.",,fda.refusals.backfill,raw/fda.refusals.backfill/2026/09/20260909T170442Z-79ba49e93d02.json.gz,1
fda.refusals.backfill,firm:3010166995,2011-07-14,2026-09-09T17:04:42Z,refused_at,20110714,yyyymmdd,fda.refusals.backfill,raw/fda.refusals.backfill/2026/09/20260909T170442Z-79ba49e93d02.json.gz,1
fda.refusals.backfill,firm:3010355868,2011-07-20,2026-09-09T17:04:42Z,firm_key,COLGATE PALMOLIVE THAILAND,,fda.refusals.backfill,raw/fda.refusals.backfill/2026/09/20260909T170442Z-79ba49e93d02.json.gz,1
fda.refusals.backfill,firm:3010355868,2011-07-20,2026-09-09T17:04:42Z,import_refusal,1,count,fda.refusals.backfill,raw/fda.refusals.backfill/2026/09/20260909T170442Z-79ba49e93d02.json.gz,1
fda.refusals.backfill,firm:3010355868,2011-07-20,2026-09-09T17:04:42Z,is_drug_or_biologic,1,bool,fda.refusals.backfill,raw/fda.refusals.backfill/2026/09/20260909T170442Z-79ba49e93d02.json.gz,1
fda.refusals.backfill,firm:3010355868,2011-07-20,2026-09-09T17:04:42Z,is_foreign,1,bool,fda.refusals.backfill,raw/fda.refusals.backfill/2026/09/20260909T170442Z-79ba49e93d02.json.gz,1
fda.refusals.backfill,firm:3010355868,2011-07-20,2026-09-09T17:04:42Z,is_human_drug,1,bool,fda.refusals.backfill,raw/fda.refusals.backfill/2026/09/20260909T170442Z-79ba49e93d02.json.gz,1
fda.refusals.backfill,firm:3010355868,2011-07-20,2026-09-09T17:04:42Z,label,Colgate Palmolive Thailand Ltd,,fda.refusals.backfill,raw/fda.refusals.backfill/2026/09/20260909T170442Z-79ba49e93d02.json.gz,1
fda.refusals.backfill,firm:3010355868,2011-07-20,2026-09-09T17:04:42Z,refused_at,20110720,yyyymmdd,fda.refusals.backfill,raw/fda.refusals.backfill/2026/09/20260909T170442Z-79ba49e93d02.json.gz,1
fda.refusals.backfill,firm:3010603068,2011-07-22,2026-09-09T17:04:42Z,firm_key,BILJANA DD,,fda.refusals.backfill,raw/fda.refusals.backfill/2026/09/20260909T170442Z-79ba49e93d02.json.gz,1
fda.refusals.backfill,firm:3010603068,2011-07-22,2026-09-09T17:04:42Z,import_refusal,1,count,fda.refusals.backfill,raw/fda.refusals.backfill/2026/09/20260909T170442Z-79ba49e93d02.json.gz,1
fda.refusals.backfill,firm:3010603068,2011-07-22,2026-09-09T17:04:42Z,is_drug_or_biologic,1,bool,fda.refusals.backfill,raw/fda.refusals.backfill/2026/09/20260909T170442Z-79ba49e93d02.json.gz,1
fda.refusals.backfill,firm:3010603068,2011-07-22,2026-09-09T17:04:42Z,is_foreign,1,bool,fda.refusals.backfill,raw/fda.refusals.backfill/2026/09/20260909T170442Z-79ba49e93d02.json.gz,1
fda.refusals.backfill,firm:3010603068,2011-07-22,2026-09-09T17:04:42Z,is_human_drug,1,bool,fda.refusals.backfill,raw/fda.refusals.backfill/2026/09/20260909T170442Z-79ba49e93d02.json.gz,1
fda.refusals.backfill,firm:3010603068,2011-07-22,2026-09-09T17:04:42Z,label,biljana dd,,fda.refusals.backfill,raw/fda.refusals.backfill/2026/09/20260909T170442Z-79ba49e93d02.json.gz,1
fda.refusals.backfill,firm:3010603068,2011-07-22,2026-09-09T17:04:42Z,refused_at,20110722,yyyymmdd,fda.refusals.backfill,raw/fda.refusals.backfill/2026/09/20260909T170442Z-79ba49e93d02.json.gz,1
fda.refusals.backfill,firm:3012598251,2011-07-14,2026-09-09T17:04:42Z,firm_key,FARM INVEST,,fda.refusals.backfill,raw/fda.refusals.backfill/2026/09/20260909T170442Z-79ba49e93d02.json.gz,1
fda.refusals.backfill,firm:3012598251,2011-07-14,2026-09-09T17:04:42Z,import_refusal,1,count,fda.refusals.backfill,raw/fda.refusals.backfill/2026/09/20260909T170442Z-79ba49e93d02.json.gz,1
fda.refusals.backfill,firm:3012598251,2011-07-14,2026-09-09T17:04:42Z,is_drug_or_biologic,1,bool,fda.refusals.backfill,raw/fda.refusals.backfill/2026/09/20260909T170442Z-79ba49e93d02.json.gz,1
fda.refusals.backfill,firm:3012598251,2011-07-14,2026-09-09T17:04:42Z,is_foreign,1,bool,fda.refusals.backfill,raw/fda.refusals.backfill/2026/09/20260909T170442Z-79ba49e93d02.json.gz,1
fda.refusals.backfill,firm:3012598251,2011-07-14,2026-09-09T17:04:42Z,is_human_drug,1,bool,fda.refusals.backfill,raw/fda.refusals.backfill/2026/09/20260909T170442Z-79ba49e93d02.json.gz,1
fda.refusals.backfill,firm:3012598251,2011-07-14,2026-09-09T17:04:42Z,label,Farm Invest,,fda.refusals.backfill,raw/fda.refusals.backfill/2026/09/20260909T170442Z-79ba49e93d02.json.gz,1
fda.refusals.backfill,firm:3012598251,2011-07-14,2026-09-09T17:04:42Z,refused_at,20110714,yyyymmdd,fda.refusals.backfill,raw/fda.refusals.backfill/2026/09/20260909T170442Z-79ba49e93d02.json.gz,1
fda.refusals.backfill,firm:3013409304,2011-07-06,2026-09-09T17:04:42Z,firm_key,CHANGSHA HUIR BIOLOGICAL TECH,,fda.refusals.backfill,raw/fda.refusals.backfill/2026/09/20260909T170442Z-79ba49e93d02.json.gz,1
fda.refusals.backfill,firm:3013409304,2011-07-06,2026-09-09T17:04:42Z,import_refusal,1,count,fda.refusals.backfill,raw/fda.refusals.backfill/2026/09/20260909T170442Z-79ba49e93d02.json.gz,1
fda.refusals.backfill,firm:3013409304,2011-07-06,2026-09-09T17:04:42Z,is_drug_or_biologic,1,bool,fda.refusals.backfill,raw/fda.refusals.backfill/2026/09/20260909T170442Z-79ba49e93d02.json.gz,1
fda.refusals.backfill,firm:3013409304,2011-07-06,2026-09-09T17:04:42Z,is_foreign,1,bool,fda.refusals.backfill,raw/fda.refusals.backfill/2026/09/20260909T170442Z-79ba49e93d02.json.gz,1
fda.refusals.backfill,firm:3013409304,2011-07-06,2026-09-09T17:04:42Z,is_human_drug,1,bool,fda.refusals.backfill,raw/fda.refusals.backfill/2026/09/20260909T170442Z-79ba49e93d02.json.gz,1
fda.refusals.backfill,firm:3013409304,2011-07-06,2026-09-09T17:04:42Z,label,"Changsha Huir Biological-Tech Co., Ltd",,fda.refusals.backfill,raw/fda.refusals.backfill/2026/09/20260909T170442Z-79ba49e93d02.json.gz,1
fda.refusals.backfill,firm:3013409304,2011-07-06,2026-09-09T17:04:42Z,refused_at,20110706,yyyymmdd,fda.refusals.backfill,raw/fda.refusals.backfill/2026/09/20260909T170442Z-79ba49e93d02.json.gz,1
