series_id,entity_id,observed_at,captured_at,metric,value,unit,source_id,raw_ref,parser_version
fda.citations.history,firm:1000117684,2014-04-25,2026-09-08T14:30:57Z,cfr,21 CFR 211.122(a),,fda.citations.history,raw/fda.citations.history/2026/09/20260908T143057Z-0264adc9308f.json.gz,1
fda.citations.history,firm:1000117684,2014-04-25,2026-09-08T14:30:57Z,cfr,21 CFR 211.122(d),,fda.citations.history,raw/fda.citations.history/2026/09/20260908T143057Z-0264adc9308f.json.gz,1
fda.citations.history,firm:1000117684,2014-04-25,2026-09-08T14:30:57Z,cfr,21 CFR 211.160(b),,fda.citations.history,raw/fda.citations.history/2026/09/20260908T143057Z-0264adc9308f.json.gz,1
fda.citations.history,firm:1000117684,2014-04-25,2026-09-08T14:30:57Z,cfr,21 CFR 211.192,,fda.citations.history,raw/fda.citations.history/2026/09/20260908T143057Z-0264adc9308f.json.gz,1
fda.citations.history,firm:1000117684,2014-04-25,2026-09-08T14:30:57Z,cfr,21 CFR 211.194(a),,fda.citations.history,raw/fda.citations.history/2026/09/20260908T143057Z-0264adc9308f.json.gz,1
fda.citations.history,firm:1000117684,2014-04-25,2026-09-08T14:30:57Z,cfr,21 CFR 211.28(a),,fda.citations.history,raw/fda.citations.history/2026/09/20260908T143057Z-0264adc9308f.json.gz,1
fda.citations.history,firm:1000117684,2014-04-25,2026-09-08T14:30:57Z,cfr_part,211,part,fda.citations.history,raw/fda.citations.history/2026/09/20260908T143057Z-0264adc9308f.json.gz,1
fda.citations.history,firm:1000117684,2014-04-25,2026-09-08T14:30:57Z,citation,1,count,fda.citations.history,raw/fda.citations.history/2026/09/20260908T143057Z-0264adc9308f.json.gz,1
fda.citations.history,firm:1000117684,2014-04-25,2026-09-08T14:30:57Z,citation_topic,Complete test data included in records,,fda.citations.history,raw/fda.citations.history/2026/09/20260908T143057Z-0264adc9308f.json.gz,1
fda.citations.history,firm:1000117684,2014-04-25,2026-09-08T14:30:57Z,citation_topic,Label storage access limited to authorized personnel,,fda.citations.history,raw/fda.citations.history/2026/09/20260908T143057Z-0264adc9308f.json.gz,1
fda.citations.history,firm:1000117684,2014-04-25,2026-09-08T14:30:57Z,citation_topic,No written record of investigation,,fda.citations.history,raw/fda.citations.history/2026/09/20260908T143057Z-0264adc9308f.json.gz,1
fda.citations.history,firm:1000117684,2014-04-25,2026-09-08T14:30:57Z,citation_topic,Protective Apparel Not Worn,,fda.citations.history,raw/fda.citations.history/2026/09/20260908T143057Z-0264adc9308f.json.gz,1
fda.citations.history,firm:1000117684,2014-04-25,2026-09-08T14:30:57Z,citation_topic,Scientifically sound laboratory controls,,fda.citations.history,raw/fda.citations.history/2026/09/20260908T143057Z-0264adc9308f.json.gz,1
fda.citations.history,firm:1000117684,2014-04-25,2026-09-08T14:30:57Z,citation_topic,Written procedures describing in detail,,fda.citations.history,raw/fda.citations.history/2026/09/20260908T143057Z-0264adc9308f.json.gz,1
fda.citations.history,firm:1000117684,2014-04-25,2026-09-08T14:30:57Z,citation_topic,Written procedures not followed,,fda.citations.history,raw/fda.citations.history/2026/09/20260908T143057Z-0264adc9308f.json.gz,1
fda.citations.history,firm:1000117684,2014-04-25,2026-09-08T14:30:57Z,firm_key,DPT,,fda.citations.history,raw/fda.citations.history/2026/09/20260908T143057Z-0264adc9308f.json.gz,1
fda.citations.history,firm:1000117684,2014-04-25,2026-09-08T14:30:57Z,is_gmp,1,bool,fda.citations.history,raw/fda.citations.history/2026/09/20260908T143057Z-0264adc9308f.json.gz,1
fda.citations.history,firm:1000117684,2014-04-25,2026-09-08T14:30:57Z,label,DPT Laboratories Ltd,,fda.citations.history,raw/fda.citations.history/2026/09/20260908T143057Z-0264adc9308f.json.gz,1
fda.citations.history,firm:1000123236,2014-04-25,2026-09-08T14:30:57Z,cfr,21 CFR 211.42(c)(10)(iii),,fda.citations.history,raw/fda.citations.history/2026/09/20260908T143057Z-0264adc9308f.json.gz,1
fda.citations.history,firm:1000123236,2014-04-25,2026-09-08T14:30:57Z,cfr_part,211,part,fda.citations.history,raw/fda.citations.history/2026/09/20260908T143057Z-0264adc9308f.json.gz,1
fda.citations.history,firm:1000123236,2014-04-25,2026-09-08T14:30:57Z,citation,1,count,fda.citations.history,raw/fda.citations.history/2026/09/20260908T143057Z-0264adc9308f.json.gz,1
fda.citations.history,firm:1000123236,2014-04-25,2026-09-08T14:30:57Z,citation_topic,Air Supply,,fda.citations.history,raw/fda.citations.history/2026/09/20260908T143057Z-0264adc9308f.json.gz,1
fda.citations.history,firm:1000123236,2014-04-25,2026-09-08T14:30:57Z,firm_key,AFTON SCIENTIFIC,,fda.citations.history,raw/fda.citations.history/2026/09/20260908T143057Z-0264adc9308f.json.gz,1
fda.citations.history,firm:1000123236,2014-04-25,2026-09-08T14:30:57Z,is_gmp,1,bool,fda.citations.history,raw/fda.citations.history/2026/09/20260908T143057Z-0264adc9308f.json.gz,1
fda.citations.history,firm:1000123236,2014-04-25,2026-09-08T14:30:57Z,label,"Afton Scientific, LLC",,fda.citations.history,raw/fda.citations.history/2026/09/20260908T143057Z-0264adc9308f.json.gz,1
fda.citations.history,firm:1000160562,2014-04-03,2026-09-08T14:30:57Z,cfr,21 CFR 211.160(b),,fda.citations.history,raw/fda.citations.history/2026/09/20260908T143057Z-0264adc9308f.json.gz,1
fda.citations.history,firm:1000160562,2014-04-03,2026-09-08T14:30:57Z,cfr,21 CFR 211.165(a),,fda.citations.history,raw/fda.citations.history/2026/09/20260908T143057Z-0264adc9308f.json.gz,1
fda.citations.history,firm:1000160562,2014-04-03,2026-09-08T14:30:57Z,cfr,21 CFR 211.165(d),,fda.citations.history,raw/fda.citations.history/2026/09/20260908T143057Z-0264adc9308f.json.gz,1
fda.citations.history,firm:1000160562,2014-04-03,2026-09-08T14:30:57Z,cfr,21 CFR 211.194(a)(4),,fda.citations.history,raw/fda.citations.history/2026/09/20260908T143057Z-0264adc9308f.json.gz,1
fda.citations.history,firm:1000160562,2014-04-03,2026-09-08T14:30:57Z,cfr,21 CFR 211.56(a),,fda.citations.history,raw/fda.citations.history/2026/09/20260908T143057Z-0264adc9308f.json.gz,1
fda.citations.history,firm:1000160562,2014-04-03,2026-09-08T14:30:57Z,cfr_part,211,part,fda.citations.history,raw/fda.citations.history/2026/09/20260908T143057Z-0264adc9308f.json.gz,1
fda.citations.history,firm:1000160562,2014-04-03,2026-09-08T14:30:57Z,citation,1,count,fda.citations.history,raw/fda.citations.history/2026/09/20260908T143057Z-0264adc9308f.json.gz,1
fda.citations.history,firm:1000160562,2014-04-03,2026-09-08T14:30:57Z,citation_topic,Acceptance criteria for sampling & testing,,fda.citations.history,raw/fda.citations.history/2026/09/20260908T143057Z-0264adc9308f.json.gz,1
fda.citations.history,firm:1000160562,2014-04-03,2026-09-08T14:30:57Z,citation_topic,Data secured in course of each test,,fda.citations.history,raw/fda.citations.history/2026/09/20260908T143057Z-0264adc9308f.json.gz,1
fda.citations.history,firm:1000160562,2014-04-03,2026-09-08T14:30:57Z,citation_topic,"Sanitation--buildings not clean, free of infestation",,fda.citations.history,raw/fda.citations.history/2026/09/20260908T143057Z-0264adc9308f.json.gz,1
fda.citations.history,firm:1000160562,2014-04-03,2026-09-08T14:30:57Z,citation_topic,Scientifically sound laboratory controls,,fda.citations.history,raw/fda.citations.history/2026/09/20260908T143057Z-0264adc9308f.json.gz,1
fda.citations.history,firm:1000160562,2014-04-03,2026-09-08T14:30:57Z,citation_topic,Testing and release for distribution,,fda.citations.history,raw/fda.citations.history/2026/09/20260908T143057Z-0264adc9308f.json.gz,1
fda.citations.history,firm:1000160562,2014-04-03,2026-09-08T14:30:57Z,firm_key,P L DEVELOPMENTS,,fda.citations.history,raw/fda.citations.history/2026/09/20260908T143057Z-0264adc9308f.json.gz,1
fda.citations.history,firm:1000160562,2014-04-03,2026-09-08T14:30:57Z,is_gmp,1,bool,fda.citations.history,raw/fda.citations.history/2026/09/20260908T143057Z-0264adc9308f.json.gz,1
fda.citations.history,firm:1000160562,2014-04-03,2026-09-08T14:30:57Z,label,"P&L Developments, LLC",,fda.citations.history,raw/fda.citations.history/2026/09/20260908T143057Z-0264adc9308f.json.gz,1
fda.citations.history,firm:1000266995,2014-04-11,2026-09-08T14:30:57Z,cfr,21 CFR 211.101(d),,fda.citations.history,raw/fda.citations.history/2026/09/20260908T143057Z-0264adc9308f.json.gz,1
fda.citations.history,firm:1000266995,2014-04-11,2026-09-08T14:30:57Z,cfr,21 CFR 211.182,,fda.citations.history,raw/fda.citations.history/2026/09/20260908T143057Z-0264adc9308f.json.gz,1
fda.citations.history,firm:1000266995,2014-04-11,2026-09-08T14:30:57Z,cfr,21 CFR 211.186(a),,fda.citations.history,raw/fda.citations.history/2026/09/20260908T143057Z-0264adc9308f.json.gz,1
fda.citations.history,firm:1000266995,2014-04-11,2026-09-08T14:30:57Z,cfr,21 CFR 211.188(b)(3),,fda.citations.history,raw/fda.citations.history/2026/09/20260908T143057Z-0264adc9308f.json.gz,1
fda.citations.history,firm:1000266995,2014-04-11,2026-09-08T14:30:57Z,cfr,21 CFR 211.22(d),,fda.citations.history,raw/fda.citations.history/2026/09/20260908T143057Z-0264adc9308f.json.gz,1
fda.citations.history,firm:1000266995,2014-04-11,2026-09-08T14:30:57Z,cfr_part,211,part,fda.citations.history,raw/fda.citations.history/2026/09/20260908T143057Z-0264adc9308f.json.gz,1
fda.citations.history,firm:1000266995,2014-04-11,2026-09-08T14:30:57Z,citation,1,count,fda.citations.history,raw/fda.citations.history/2026/09/20260908T143057Z-0264adc9308f.json.gz,1
fda.citations.history,firm:1000266995,2014-04-11,2026-09-08T14:30:57Z,citation_topic,Component addition checked by 2nd person,,fda.citations.history,raw/fda.citations.history/2026/09/20260908T143057Z-0264adc9308f.json.gz,1
fda.citations.history,firm:1000266995,2014-04-11,2026-09-08T14:30:57Z,citation_topic,Identification of each  component or in-process material,,fda.citations.history,raw/fda.citations.history/2026/09/20260908T143057Z-0264adc9308f.json.gz,1
fda.citations.history,firm:1000266995,2014-04-11,2026-09-08T14:30:57Z,citation_topic,"Procedures not  in writing, fully followed",,fda.citations.history,raw/fda.citations.history/2026/09/20260908T143057Z-0264adc9308f.json.gz,1
fda.citations.history,firm:1000266995,2014-04-11,2026-09-08T14:30:57Z,citation_topic,Signature and checking of records -- 2 persons,,fda.citations.history,raw/fda.citations.history/2026/09/20260908T143057Z-0264adc9308f.json.gz,1
fda.citations.history,firm:1000266995,2014-04-11,2026-09-08T14:30:57Z,citation_topic,Written records kept in individual logs,,fda.citations.history,raw/fda.citations.history/2026/09/20260908T143057Z-0264adc9308f.json.gz,1
fda.citations.history,firm:1000266995,2014-04-11,2026-09-08T14:30:57Z,firm_key,HISAMITSU,,fda.citations.history,raw/fda.citations.history/2026/09/20260908T143057Z-0264adc9308f.json.gz,1
fda.citations.history,firm:1000266995,2014-04-11,2026-09-08T14:30:57Z,is_gmp,1,bool,fda.citations.history,raw/fda.citations.history/2026/09/20260908T143057Z-0264adc9308f.json.gz,1
fda.citations.history,firm:1000266995,2014-04-11,2026-09-08T14:30:57Z,label,"Hisamitsu Pharmaceutical Co., Inc.",,fda.citations.history,raw/fda.citations.history/2026/09/20260908T143057Z-0264adc9308f.json.gz,1
fda.citations.history,firm:1000307689,2014-04-11,2026-09-08T14:30:57Z,cfr,21 CFR 211.100(b),,fda.citations.history,raw/fda.citations.history/2026/09/20260908T143057Z-0264adc9308f.json.gz,1
fda.citations.history,firm:1000307689,2014-04-11,2026-09-08T14:30:57Z,cfr,21 CFR 211.130,,fda.citations.history,raw/fda.citations.history/2026/09/20260908T143057Z-0264adc9308f.json.gz,1
fda.citations.history,firm:1000307689,2014-04-11,2026-09-08T14:30:57Z,cfr,21 CFR 211.160(b)(4),,fda.citations.history,raw/fda.citations.history/2026/09/20260908T143057Z-0264adc9308f.json.gz,1
fda.citations.history,firm:1000307689,2014-04-11,2026-09-08T14:30:57Z,cfr,21 CFR 211.180(e)(2),,fda.citations.history,raw/fda.citations.history/2026/09/20260908T143057Z-0264adc9308f.json.gz,1
fda.citations.history,firm:1000307689,2014-04-11,2026-09-08T14:30:57Z,cfr,21 CFR 211.25(a),,fda.citations.history,raw/fda.citations.history/2026/09/20260908T143057Z-0264adc9308f.json.gz,1
fda.citations.history,firm:1000307689,2014-04-11,2026-09-08T14:30:57Z,cfr,21 CFR 211.67(b),,fda.citations.history,raw/fda.citations.history/2026/09/20260908T143057Z-0264adc9308f.json.gz,1
fda.citations.history,firm:1000307689,2014-04-11,2026-09-08T14:30:57Z,cfr,21 CFR 211.68(b),,fda.citations.history,raw/fda.citations.history/2026/09/20260908T143057Z-0264adc9308f.json.gz,1
fda.citations.history,firm:1000307689,2014-04-11,2026-09-08T14:30:57Z,cfr_part,211,part,fda.citations.history,raw/fda.citations.history/2026/09/20260908T143057Z-0264adc9308f.json.gz,1
fda.citations.history,firm:1000307689,2014-04-11,2026-09-08T14:30:57Z,citation,1,count,fda.citations.history,raw/fda.citations.history/2026/09/20260908T143057Z-0264adc9308f.json.gz,1
fda.citations.history,firm:1000307689,2014-04-11,2026-09-08T14:30:57Z,citation_topic,"Calibration - at intervals, written program, remedial action",,fda.citations.history,raw/fda.citations.history/2026/09/20260908T143057Z-0264adc9308f.json.gz,1
fda.citations.history,firm:1000307689,2014-04-11,2026-09-08T14:30:57Z,citation_topic,Computer control of master formula records,,fda.citations.history,raw/fda.citations.history/2026/09/20260908T143057Z-0264adc9308f.json.gz,1
fda.citations.history,firm:1000307689,2014-04-11,2026-09-08T14:30:57Z,citation_topic,Items to cover on annual reviews,,fda.citations.history,raw/fda.citations.history/2026/09/20260908T143057Z-0264adc9308f.json.gz,1
fda.citations.history,firm:1000307689,2014-04-11,2026-09-08T14:30:57Z,citation_topic,Procedure Deviations Recorded and Justified,,fda.citations.history,raw/fda.citations.history/2026/09/20260908T143057Z-0264adc9308f.json.gz,1
fda.citations.history,firm:1000307689,2014-04-11,2026-09-08T14:30:57Z,citation_topic,"Procedures are written, and followed",,fda.citations.history,raw/fda.citations.history/2026/09/20260908T143057Z-0264adc9308f.json.gz,1
fda.citations.history,firm:1000307689,2014-04-11,2026-09-08T14:30:57Z,citation_topic,"Training , Education , Experience overall",,fda.citations.history,raw/fda.citations.history/2026/09/20260908T143057Z-0264adc9308f.json.gz,1
fda.citations.history,firm:1000307689,2014-04-11,2026-09-08T14:30:57Z,citation_topic,Written procedures not established/followed,,fda.citations.history,raw/fda.citations.history/2026/09/20260908T143057Z-0264adc9308f.json.gz,1
fda.citations.history,firm:1000307689,2014-04-11,2026-09-08T14:30:57Z,firm_key,AVEVA DRUG DELIVERY SYSTEMS,,fda.citations.history,raw/fda.citations.history/2026/09/20260908T143057Z-0264adc9308f.json.gz,1
fda.citations.history,firm:1000307689,2014-04-11,2026-09-08T14:30:57Z,is_gmp,1,bool,fda.citations.history,raw/fda.citations.history/2026/09/20260908T143057Z-0264adc9308f.json.gz,1
fda.citations.history,firm:1000307689,2014-04-11,2026-09-08T14:30:57Z,label,"AVEVA Drug Delivery Systems, Inc.",,fda.citations.history,raw/fda.citations.history/2026/09/20260908T143057Z-0264adc9308f.json.gz,1
fda.citations.history,firm:1000512361,2014-04-09,2026-09-08T14:30:57Z,cfr,21 CFR 211.100(a),,fda.citations.history,raw/fda.citations.history/2026/09/20260908T143057Z-0264adc9308f.json.gz,1
fda.citations.history,firm:1000512361,2014-04-09,2026-09-08T14:30:57Z,cfr_part,211,part,fda.citations.history,raw/fda.citations.history/2026/09/20260908T143057Z-0264adc9308f.json.gz,1
fda.citations.history,firm:1000512361,2014-04-09,2026-09-08T14:30:57Z,citation,1,count,fda.citations.history,raw/fda.citations.history/2026/09/20260908T143057Z-0264adc9308f.json.gz,1
fda.citations.history,firm:1000512361,2014-04-09,2026-09-08T14:30:57Z,citation_topic,Absence of Written Procedures,,fda.citations.history,raw/fda.citations.history/2026/09/20260908T143057Z-0264adc9308f.json.gz,1
fda.citations.history,firm:1000512361,2014-04-09,2026-09-08T14:30:57Z,firm_key,BORA INJECTABLES,,fda.citations.history,raw/fda.citations.history/2026/09/20260908T143057Z-0264adc9308f.json.gz,1
fda.citations.history,firm:1000512361,2014-04-09,2026-09-08T14:30:57Z,is_gmp,1,bool,fda.citations.history,raw/fda.citations.history/2026/09/20260908T143057Z-0264adc9308f.json.gz,1
fda.citations.history,firm:1000512361,2014-04-09,2026-09-08T14:30:57Z,label,Bora Pharmaceuticals Injectables Inc,,fda.citations.history,raw/fda.citations.history/2026/09/20260908T143057Z-0264adc9308f.json.gz,1
fda.citations.history,firm:1050280,2014-04-25,2026-09-08T14:30:57Z,cfr,21 CFR 211.80(a),,fda.citations.history,raw/fda.citations.history/2026/09/20260908T143057Z-0264adc9308f.json.gz,1
fda.citations.history,firm:1050280,2014-04-25,2026-09-08T14:30:57Z,cfr_part,211,part,fda.citations.history,raw/fda.citations.history/2026/09/20260908T143057Z-0264adc9308f.json.gz,1
fda.citations.history,firm:1050280,2014-04-25,2026-09-08T14:30:57Z,citation,1,count,fda.citations.history,raw/fda.citations.history/2026/09/20260908T143057Z-0264adc9308f.json.gz,1
fda.citations.history,firm:1050280,2014-04-25,2026-09-08T14:30:57Z,citation_topic,Written Procedures Not Followed,,fda.citations.history,raw/fda.citations.history/2026/09/20260908T143057Z-0264adc9308f.json.gz,1
fda.citations.history,firm:1050280,2014-04-25,2026-09-08T14:30:57Z,firm_key,BALASSA,,fda.citations.history,raw/fda.citations.history/2026/09/20260908T143057Z-0264adc9308f.json.gz,1
fda.citations.history,firm:1050280,2014-04-25,2026-09-08T14:30:57Z,is_gmp,1,bool,fda.citations.history,raw/fda.citations.history/2026/09/20260908T143057Z-0264adc9308f.json.gz,1
fda.citations.history,firm:1050280,2014-04-25,2026-09-08T14:30:57Z,label,"Balassa Laboratories, Inc",,fda.citations.history,raw/fda.citations.history/2026/09/20260908T143057Z-0264adc9308f.json.gz,1
fda.citations.history,firm:1221967,2014-04-24,2026-09-08T14:30:57Z,cfr,21 CFR 211.165(a),,fda.citations.history,raw/fda.citations.history/2026/09/20260908T143057Z-0264adc9308f.json.gz,1
fda.citations.history,firm:1221967,2014-04-24,2026-09-08T14:30:57Z,cfr,21 CFR 211.180(e),,fda.citations.history,raw/fda.citations.history/2026/09/20260908T143057Z-0264adc9308f.json.gz,1
fda.citations.history,firm:1221967,2014-04-24,2026-09-08T14:30:57Z,cfr,21 CFR 211.182,,fda.citations.history,raw/fda.citations.history/2026/09/20260908T143057Z-0264adc9308f.json.gz,1
fda.citations.history,firm:1221967,2014-04-24,2026-09-08T14:30:57Z,cfr,21 CFR 211.184(b),,fda.citations.history,raw/fda.citations.history/2026/09/20260908T143057Z-0264adc9308f.json.gz,1
fda.citations.history,firm:1221967,2014-04-24,2026-09-08T14:30:57Z,cfr,21 CFR 211.192,,fda.citations.history,raw/fda.citations.history/2026/09/20260908T143057Z-0264adc9308f.json.gz,1
fda.citations.history,firm:1221967,2014-04-24,2026-09-08T14:30:57Z,cfr,21 CFR 211.22(d),,fda.citations.history,raw/fda.citations.history/2026/09/20260908T143057Z-0264adc9308f.json.gz,1
fda.citations.history,firm:1221967,2014-04-24,2026-09-08T14:30:57Z,cfr,21 CFR 211.67(a),,fda.citations.history,raw/fda.citations.history/2026/09/20260908T143057Z-0264adc9308f.json.gz,1
fda.citations.history,firm:1221967,2014-04-24,2026-09-08T14:30:57Z,cfr,21 CFR 211.84(d)(2),,fda.citations.history,raw/fda.citations.history/2026/09/20260908T143057Z-0264adc9308f.json.gz,1
fda.citations.history,firm:1221967,2014-04-24,2026-09-08T14:30:57Z,cfr_part,211,part,fda.citations.history,raw/fda.citations.history/2026/09/20260908T143057Z-0264adc9308f.json.gz,1
fda.citations.history,firm:1221967,2014-04-24,2026-09-08T14:30:57Z,citation,1,count,fda.citations.history,raw/fda.citations.history/2026/09/20260908T143057Z-0264adc9308f.json.gz,1
fda.citations.history,firm:1221967,2014-04-24,2026-09-08T14:30:57Z,citation_topic,Cleaning / Sanitizing / Maintenance,,fda.citations.history,raw/fda.citations.history/2026/09/20260908T143057Z-0264adc9308f.json.gz,1
fda.citations.history,firm:1221967,2014-04-24,2026-09-08T14:30:57Z,citation_topic,Component Test Records,,fda.citations.history,raw/fda.citations.history/2026/09/20260908T143057Z-0264adc9308f.json.gz,1
fda.citations.history,firm:1221967,2014-04-24,2026-09-08T14:30:57Z,citation_topic,"Extent of discrepancy, failure  investigations",,fda.citations.history,raw/fda.citations.history/2026/09/20260908T143057Z-0264adc9308f.json.gz,1
fda.citations.history,firm:1221967,2014-04-24,2026-09-08T14:30:57Z,citation_topic,"Procedures not  in writing, fully followed",,fda.citations.history,raw/fda.citations.history/2026/09/20260908T143057Z-0264adc9308f.json.gz,1
fda.citations.history,firm:1221967,2014-04-24,2026-09-08T14:30:57Z,citation_topic,Records reviewed annually,,fda.citations.history,raw/fda.citations.history/2026/09/20260908T143057Z-0264adc9308f.json.gz,1
fda.citations.history,firm:1221967,2014-04-24,2026-09-08T14:30:57Z,citation_topic,Reports of Analysis (Components),,fda.citations.history,raw/fda.citations.history/2026/09/20260908T143057Z-0264adc9308f.json.gz,1
fda.citations.history,firm:1221967,2014-04-24,2026-09-08T14:30:57Z,citation_topic,Testing and release for distribution,,fda.citations.history,raw/fda.citations.history/2026/09/20260908T143057Z-0264adc9308f.json.gz,1
fda.citations.history,firm:1221967,2014-04-24,2026-09-08T14:30:57Z,citation_topic,Written records kept in individual logs,,fda.citations.history,raw/fda.citations.history/2026/09/20260908T143057Z-0264adc9308f.json.gz,1
fda.citations.history,firm:1221967,2014-04-24,2026-09-08T14:30:57Z,firm_key,PLZ,,fda.citations.history,raw/fda.citations.history/2026/09/20260908T143057Z-0264adc9308f.json.gz,1
fda.citations.history,firm:1221967,2014-04-24,2026-09-08T14:30:57Z,is_gmp,1,bool,fda.citations.history,raw/fda.citations.history/2026/09/20260908T143057Z-0264adc9308f.json.gz,1
fda.citations.history,firm:1221967,2014-04-24,2026-09-08T14:30:57Z,label,PLZ Corp,,fda.citations.history,raw/fda.citations.history/2026/09/20260908T143057Z-0264adc9308f.json.gz,1
fda.citations.history,firm:1721199,2014-04-30,2026-09-08T14:30:57Z,cfr,21 CFR 211.150(b),,fda.citations.history,raw/fda.citations.history/2026/09/20260908T143057Z-0264adc9308f.json.gz,1
fda.citations.history,firm:1721199,2014-04-30,2026-09-08T14:30:57Z,cfr,21 CFR 211.22(d),,fda.citations.history,raw/fda.citations.history/2026/09/20260908T143057Z-0264adc9308f.json.gz,1
fda.citations.history,firm:1721199,2014-04-30,2026-09-08T14:30:57Z,cfr,21 CFR 211.25(a),,fda.citations.history,raw/fda.citations.history/2026/09/20260908T143057Z-0264adc9308f.json.gz,1
fda.citations.history,firm:1721199,2014-04-30,2026-09-08T14:30:57Z,cfr_part,211,part,fda.citations.history,raw/fda.citations.history/2026/09/20260908T143057Z-0264adc9308f.json.gz,1
fda.citations.history,firm:1721199,2014-04-30,2026-09-08T14:30:57Z,citation,1,count,fda.citations.history,raw/fda.citations.history/2026/09/20260908T143057Z-0264adc9308f.json.gz,1
fda.citations.history,firm:1721199,2014-04-30,2026-09-08T14:30:57Z,citation_topic,"Procedures not  in writing, fully followed",,fda.citations.history,raw/fda.citations.history/2026/09/20260908T143057Z-0264adc9308f.json.gz,1
fda.citations.history,firm:1721199,2014-04-30,2026-09-08T14:30:57Z,citation_topic,Recall facilitation,,fda.citations.history,raw/fda.citations.history/2026/09/20260908T143057Z-0264adc9308f.json.gz,1
fda.citations.history,firm:1721199,2014-04-30,2026-09-08T14:30:57Z,citation_topic,"Training , Education , Experience overall",,fda.citations.history,raw/fda.citations.history/2026/09/20260908T143057Z-0264adc9308f.json.gz,1
fda.citations.history,firm:1721199,2014-04-30,2026-09-08T14:30:57Z,firm_key,WILDLIFE,,fda.citations.history,raw/fda.citations.history/2026/09/20260908T143057Z-0264adc9308f.json.gz,1
fda.citations.history,firm:1721199,2014-04-30,2026-09-08T14:30:57Z,is_gmp,1,bool,fda.citations.history,raw/fda.citations.history/2026/09/20260908T143057Z-0264adc9308f.json.gz,1
fda.citations.history,firm:1721199,2014-04-30,2026-09-08T14:30:57Z,label,"Wildlife Pharmaceuticals, Inc",,fda.citations.history,raw/fda.citations.history/2026/09/20260908T143057Z-0264adc9308f.json.gz,1
fda.citations.history,firm:1928499,2014-04-02,2026-09-08T14:30:57Z,cfr,21 CFR 211.142,,fda.citations.history,raw/fda.citations.history/2026/09/20260908T143057Z-0264adc9308f.json.gz,1
fda.citations.history,firm:1928499,2014-04-02,2026-09-08T14:30:57Z,cfr,21 CFR 211.142(b),,fda.citations.history,raw/fda.citations.history/2026/09/20260908T143057Z-0264adc9308f.json.gz,1
fda.citations.history,firm:1928499,2014-04-02,2026-09-08T14:30:57Z,cfr,21 CFR 211.150(a),,fda.citations.history,raw/fda.citations.history/2026/09/20260908T143057Z-0264adc9308f.json.gz,1
fda.citations.history,firm:1928499,2014-04-02,2026-09-08T14:30:57Z,cfr,21 CFR 211.204,,fda.citations.history,raw/fda.citations.history/2026/09/20260908T143057Z-0264adc9308f.json.gz,1
fda.citations.history,firm:1928499,2014-04-02,2026-09-08T14:30:57Z,cfr,21 CFR 211.22(a),,fda.citations.history,raw/fda.citations.history/2026/09/20260908T143057Z-0264adc9308f.json.gz,1
fda.citations.history,firm:1928499,2014-04-02,2026-09-08T14:30:57Z,cfr,21 CFR 211.25(c),,fda.citations.history,raw/fda.citations.history/2026/09/20260908T143057Z-0264adc9308f.json.gz,1
fda.citations.history,firm:1928499,2014-04-02,2026-09-08T14:30:57Z,cfr,21 CFR 211.44,,fda.citations.history,raw/fda.citations.history/2026/09/20260908T143057Z-0264adc9308f.json.gz,1
fda.citations.history,firm:1928499,2014-04-02,2026-09-08T14:30:57Z,cfr,21 CFR 211.67(b),,fda.citations.history,raw/fda.citations.history/2026/09/20260908T143057Z-0264adc9308f.json.gz,1
fda.citations.history,firm:1928499,2014-04-02,2026-09-08T14:30:57Z,cfr,21 CFR 211.68(a),,fda.citations.history,raw/fda.citations.history/2026/09/20260908T143057Z-0264adc9308f.json.gz,1
fda.citations.history,firm:1928499,2014-04-02,2026-09-08T14:30:57Z,cfr,21 CFR 211.68(b),,fda.citations.history,raw/fda.citations.history/2026/09/20260908T143057Z-0264adc9308f.json.gz,1
fda.citations.history,firm:1928499,2014-04-02,2026-09-08T14:30:57Z,cfr_part,211,part,fda.citations.history,raw/fda.citations.history/2026/09/20260908T143057Z-0264adc9308f.json.gz,1
fda.citations.history,firm:1928499,2014-04-02,2026-09-08T14:30:57Z,citation,1,count,fda.citations.history,raw/fda.citations.history/2026/09/20260908T143057Z-0264adc9308f.json.gz,1
fda.citations.history,firm:1928499,2014-04-02,2026-09-08T14:30:57Z,citation_topic,Adequate lighting not provided,,fda.citations.history,raw/fda.citations.history/2026/09/20260908T143057Z-0264adc9308f.json.gz,1
fda.citations.history,firm:1928499,2014-04-02,2026-09-08T14:30:57Z,citation_topic,Backup file not maintained,,fda.citations.history,raw/fda.citations.history/2026/09/20260908T143057Z-0264adc9308f.json.gz,1
fda.citations.history,firm:1928499,2014-04-02,2026-09-08T14:30:57Z,citation_topic,Calibration/Inspection/Checking not done,,fda.citations.history,raw/fda.citations.history/2026/09/20260908T143057Z-0264adc9308f.json.gz,1
fda.citations.history,firm:1928499,2014-04-02,2026-09-08T14:30:57Z,citation_topic,Distribution of oldest stock first,,fda.citations.history,raw/fda.citations.history/2026/09/20260908T143057Z-0264adc9308f.json.gz,1
fda.citations.history,firm:1928499,2014-04-02,2026-09-08T14:30:57Z,citation_topic,Inadequate number of  personnel,,fda.citations.history,raw/fda.citations.history/2026/09/20260908T143057Z-0264adc9308f.json.gz,1
fda.citations.history,firm:1928499,2014-04-02,2026-09-08T14:30:57Z,citation_topic,Lack of quality control unit,,fda.citations.history,raw/fda.citations.history/2026/09/20260908T143057Z-0264adc9308f.json.gz,1
fda.citations.history,firm:1928499,2014-04-02,2026-09-08T14:30:57Z,citation_topic,Returned drug procedures in writing and followed,,fda.citations.history,raw/fda.citations.history/2026/09/20260908T143057Z-0264adc9308f.json.gz,1
fda.citations.history,firm:1928499,2014-04-02,2026-09-08T14:30:57Z,citation_topic,Storage under appropriate conditions,,fda.citations.history,raw/fda.citations.history/2026/09/20260908T143057Z-0264adc9308f.json.gz,1
fda.citations.history,firm:1928499,2014-04-02,2026-09-08T14:30:57Z,citation_topic,Written procedures not established/followed,,fda.citations.history,raw/fda.citations.history/2026/09/20260908T143057Z-0264adc9308f.json.gz,1
fda.citations.history,firm:1928499,2014-04-02,2026-09-08T14:30:57Z,citation_topic,Written warehousing procedures established/followed,,fda.citations.history,raw/fda.citations.history/2026/09/20260908T143057Z-0264adc9308f.json.gz,1
fda.citations.history,firm:1928499,2014-04-02,2026-09-08T14:30:57Z,firm_key,INTERSTATE UNDERGROUND WAREHOUSE AND INDUSTRIAL PARK,,fda.citations.history,raw/fda.citations.history/2026/09/20260908T143057Z-0264adc9308f.json.gz,1
fda.citations.history,firm:1928499,2014-04-02,2026-09-08T14:30:57Z,is_gmp,1,bool,fda.citations.history,raw/fda.citations.history/2026/09/20260908T143057Z-0264adc9308f.json.gz,1
fda.citations.history,firm:1928499,2014-04-02,2026-09-08T14:30:57Z,label,Interstate Underground Warehouse and Industrial Park Inc,,fda.citations.history,raw/fda.citations.history/2026/09/20260908T143057Z-0264adc9308f.json.gz,1
fda.citations.history,firm:2000009210,2014-04-23,2026-09-08T14:30:57Z,cfr,21 CFR 211.194(a)(5),,fda.citations.history,raw/fda.citations.history/2026/09/20260908T143057Z-0264adc9308f.json.gz,1
fda.citations.history,firm:2000009210,2014-04-23,2026-09-08T14:30:57Z,cfr,21 CFR 211.25(a),,fda.citations.history,raw/fda.citations.history/2026/09/20260908T143057Z-0264adc9308f.json.gz,1
fda.citations.history,firm:2000009210,2014-04-23,2026-09-08T14:30:57Z,cfr,21 CFR 211.42(c),,fda.citations.history,raw/fda.citations.history/2026/09/20260908T143057Z-0264adc9308f.json.gz,1
fda.citations.history,firm:2000009210,2014-04-23,2026-09-08T14:30:57Z,cfr,21 CFR 211.67(b),,fda.citations.history,raw/fda.citations.history/2026/09/20260908T143057Z-0264adc9308f.json.gz,1
fda.citations.history,firm:2000009210,2014-04-23,2026-09-08T14:30:57Z,cfr_part,211,part,fda.citations.history,raw/fda.citations.history/2026/09/20260908T143057Z-0264adc9308f.json.gz,1
fda.citations.history,firm:2000009210,2014-04-23,2026-09-08T14:30:57Z,citation,1,count,fda.citations.history,raw/fda.citations.history/2026/09/20260908T143057Z-0264adc9308f.json.gz,1
fda.citations.history,firm:2000009210,2014-04-23,2026-09-08T14:30:57Z,citation_topic,Defined areas of adequate size for operations,,fda.citations.history,raw/fda.citations.history/2026/09/20260908T143057Z-0264adc9308f.json.gz,1
fda.citations.history,firm:2000009210,2014-04-23,2026-09-08T14:30:57Z,citation_topic,Testing Calculations,,fda.citations.history,raw/fda.citations.history/2026/09/20260908T143057Z-0264adc9308f.json.gz,1
fda.citations.history,firm:2000009210,2014-04-23,2026-09-08T14:30:57Z,citation_topic,"Training--operations, GMPs, written procedures",,fda.citations.history,raw/fda.citations.history/2026/09/20260908T143057Z-0264adc9308f.json.gz,1
fda.citations.history,firm:2000009210,2014-04-23,2026-09-08T14:30:57Z,citation_topic,Written procedures fail to include,,fda.citations.history,raw/fda.citations.history/2026/09/20260908T143057Z-0264adc9308f.json.gz,1
fda.citations.history,firm:2000009210,2014-04-23,2026-09-08T14:30:57Z,citation_topic,Written procedures not established/followed,,fda.citations.history,raw/fda.citations.history/2026/09/20260908T143057Z-0264adc9308f.json.gz,1
fda.citations.history,firm:2000009210,2014-04-23,2026-09-08T14:30:57Z,firm_key,PLD ACQUISITIONS,,fda.citations.history,raw/fda.citations.history/2026/09/20260908T143057Z-0264adc9308f.json.gz,1
fda.citations.history,firm:2000009210,2014-04-23,2026-09-08T14:30:57Z,is_gmp,1,bool,fda.citations.history,raw/fda.citations.history/2026/09/20260908T143057Z-0264adc9308f.json.gz,1
fda.citations.history,firm:2000009210,2014-04-23,2026-09-08T14:30:57Z,label,PLD Acquisitions LLC,,fda.citations.history,raw/fda.citations.history/2026/09/20260908T143057Z-0264adc9308f.json.gz,1
fda.citations.history,firm:2024830,2014-04-21,2026-09-08T14:30:57Z,cfr,21 CFR 211.160(b),,fda.citations.history,raw/fda.citations.history/2026/09/20260908T143057Z-0264adc9308f.json.gz,1
fda.citations.history,firm:2024830,2014-04-21,2026-09-08T14:30:57Z,cfr,21 CFR 211.165(e),,fda.citations.history,raw/fda.citations.history/2026/09/20260908T143057Z-0264adc9308f.json.gz,1
fda.citations.history,firm:2024830,2014-04-21,2026-09-08T14:30:57Z,cfr,21 CFR 211.192,,fda.citations.history,raw/fda.citations.history/2026/09/20260908T143057Z-0264adc9308f.json.gz,1
fda.citations.history,firm:2024830,2014-04-21,2026-09-08T14:30:57Z,cfr_part,211,part,fda.citations.history,raw/fda.citations.history/2026/09/20260908T143057Z-0264adc9308f.json.gz,1
fda.citations.history,firm:2024830,2014-04-21,2026-09-08T14:30:57Z,citation,1,count,fda.citations.history,raw/fda.citations.history/2026/09/20260908T143057Z-0264adc9308f.json.gz,1
fda.citations.history,firm:2024830,2014-04-21,2026-09-08T14:30:57Z,citation_topic,"Investigations of discrepancies, failures",,fda.citations.history,raw/fda.citations.history/2026/09/20260908T143057Z-0264adc9308f.json.gz,1
fda.citations.history,firm:2024830,2014-04-21,2026-09-08T14:30:57Z,citation_topic,Scientifically sound laboratory controls,,fda.citations.history,raw/fda.citations.history/2026/09/20260908T143057Z-0264adc9308f.json.gz,1
fda.citations.history,firm:2024830,2014-04-21,2026-09-08T14:30:57Z,citation_topic,Test methods,,fda.citations.history,raw/fda.citations.history/2026/09/20260908T143057Z-0264adc9308f.json.gz,1
fda.citations.history,firm:2024830,2014-04-21,2026-09-08T14:30:57Z,firm_key,WATSON,,fda.citations.history,raw/fda.citations.history/2026/09/20260908T143057Z-0264adc9308f.json.gz,1
fda.citations.history,firm:2024830,2014-04-21,2026-09-08T14:30:57Z,is_gmp,1,bool,fda.citations.history,raw/fda.citations.history/2026/09/20260908T143057Z-0264adc9308f.json.gz,1
fda.citations.history,firm:2024830,2014-04-21,2026-09-08T14:30:57Z,label,Watson Laboratories Inc,,fda.citations.history,raw/fda.citations.history/2026/09/20260908T143057Z-0264adc9308f.json.gz,1
fda.citations.history,firm:2225311,2014-04-23,2026-09-08T14:30:57Z,cfr,21 CFR 211.68(a),,fda.citations.history,raw/fda.citations.history/2026/09/20260908T143057Z-0264adc9308f.json.gz,1
fda.citations.history,firm:2225311,2014-04-23,2026-09-08T14:30:57Z,cfr_part,211,part,fda.citations.history,raw/fda.citations.history/2026/09/20260908T143057Z-0264adc9308f.json.gz,1
fda.citations.history,firm:2225311,2014-04-23,2026-09-08T14:30:57Z,citation,1,count,fda.citations.history,raw/fda.citations.history/2026/09/20260908T143057Z-0264adc9308f.json.gz,1
fda.citations.history,firm:2225311,2014-04-23,2026-09-08T14:30:57Z,citation_topic,Calibration/Inspection/Checking not done,,fda.citations.history,raw/fda.citations.history/2026/09/20260908T143057Z-0264adc9308f.json.gz,1
fda.citations.history,firm:2225311,2014-04-23,2026-09-08T14:30:57Z,firm_key,MADA MEDICAL PRODUCTS,,fda.citations.history,raw/fda.citations.history/2026/09/20260908T143057Z-0264adc9308f.json.gz,1
fda.citations.history,firm:2225311,2014-04-23,2026-09-08T14:30:57Z,is_gmp,1,bool,fda.citations.history,raw/fda.citations.history/2026/09/20260908T143057Z-0264adc9308f.json.gz,1
fda.citations.history,firm:2225311,2014-04-23,2026-09-08T14:30:57Z,label,"Mada Medical Products, Inc.",,fda.citations.history,raw/fda.citations.history/2026/09/20260908T143057Z-0264adc9308f.json.gz,1
fda.citations.history,firm:3000717899,2014-04-08,2026-09-08T14:30:57Z,cfr,21 CFR 211.100(a),,fda.citations.history,raw/fda.citations.history/2026/09/20260908T143057Z-0264adc9308f.json.gz,1
fda.citations.history,firm:3000717899,2014-04-08,2026-09-08T14:30:57Z,cfr,21 CFR 211.166(a),,fda.citations.history,raw/fda.citations.history/2026/09/20260908T143057Z-0264adc9308f.json.gz,1
fda.citations.history,firm:3000717899,2014-04-08,2026-09-08T14:30:57Z,cfr,21 CFR 211.22(a),,fda.citations.history,raw/fda.citations.history/2026/09/20260908T143057Z-0264adc9308f.json.gz,1
fda.citations.history,firm:3000717899,2014-04-08,2026-09-08T14:30:57Z,cfr,21 CFR 211.22(c),,fda.citations.history,raw/fda.citations.history/2026/09/20260908T143057Z-0264adc9308f.json.gz,1
fda.citations.history,firm:3000717899,2014-04-08,2026-09-08T14:30:57Z,cfr_part,211,part,fda.citations.history,raw/fda.citations.history/2026/09/20260908T143057Z-0264adc9308f.json.gz,1
fda.citations.history,firm:3000717899,2014-04-08,2026-09-08T14:30:57Z,citation,1,count,fda.citations.history,raw/fda.citations.history/2026/09/20260908T143057Z-0264adc9308f.json.gz,1
fda.citations.history,firm:3000717899,2014-04-08,2026-09-08T14:30:57Z,citation_topic,Absence of Written Procedures,,fda.citations.history,raw/fda.citations.history/2026/09/20260908T143057Z-0264adc9308f.json.gz,1
fda.citations.history,firm:3000717899,2014-04-08,2026-09-08T14:30:57Z,citation_topic,Approve or reject procedures or specs,,fda.citations.history,raw/fda.citations.history/2026/09/20260908T143057Z-0264adc9308f.json.gz,1
fda.citations.history,firm:3000717899,2014-04-08,2026-09-08T14:30:57Z,citation_topic,Contract drug products--lack of responsibility,,fda.citations.history,raw/fda.citations.history/2026/09/20260908T143057Z-0264adc9308f.json.gz,1
fda.citations.history,firm:3000717899,2014-04-08,2026-09-08T14:30:57Z,citation_topic,Lack of written stability program,,fda.citations.history,raw/fda.citations.history/2026/09/20260908T143057Z-0264adc9308f.json.gz,1
fda.citations.history,firm:3000717899,2014-04-08,2026-09-08T14:30:57Z,firm_key,GREENCO INDUSTRIES,,fda.citations.history,raw/fda.citations.history/2026/09/20260908T143057Z-0264adc9308f.json.gz,1
fda.citations.history,firm:3000717899,2014-04-08,2026-09-08T14:30:57Z,is_gmp,1,bool,fda.citations.history,raw/fda.citations.history/2026/09/20260908T143057Z-0264adc9308f.json.gz,1
fda.citations.history,firm:3000717899,2014-04-08,2026-09-08T14:30:57Z,label,"Greenco Industries, Inc.",,fda.citations.history,raw/fda.citations.history/2026/09/20260908T143057Z-0264adc9308f.json.gz,1
fda.citations.history,firm:3002486140,2014-04-17,2026-09-08T14:30:57Z,cfr,21 CFR 211.134(a),,fda.citations.history,raw/fda.citations.history/2026/09/20260908T143057Z-0264adc9308f.json.gz,1
fda.citations.history,firm:3002486140,2014-04-17,2026-09-08T14:30:57Z,cfr,21 CFR 211.188,,fda.citations.history,raw/fda.citations.history/2026/09/20260908T143057Z-0264adc9308f.json.gz,1
fda.citations.history,firm:3002486140,2014-04-17,2026-09-08T14:30:57Z,cfr_part,211,part,fda.citations.history,raw/fda.citations.history/2026/09/20260908T143057Z-0264adc9308f.json.gz,1
fda.citations.history,firm:3002486140,2014-04-17,2026-09-08T14:30:57Z,citation,1,count,fda.citations.history,raw/fda.citations.history/2026/09/20260908T143057Z-0264adc9308f.json.gz,1
fda.citations.history,firm:3002486140,2014-04-17,2026-09-08T14:30:57Z,citation_topic,Correct labels during finishing operations,,fda.citations.history,raw/fda.citations.history/2026/09/20260908T143057Z-0264adc9308f.json.gz,1
fda.citations.history,firm:3002486140,2014-04-17,2026-09-08T14:30:57Z,citation_topic,"Prepared for each batch, include complete information",,fda.citations.history,raw/fda.citations.history/2026/09/20260908T143057Z-0264adc9308f.json.gz,1
fda.citations.history,firm:3002486140,2014-04-17,2026-09-08T14:30:57Z,firm_key,LINDE,,fda.citations.history,raw/fda.citations.history/2026/09/20260908T143057Z-0264adc9308f.json.gz,1
fda.citations.history,firm:3002486140,2014-04-17,2026-09-08T14:30:57Z,is_gmp,1,bool,fda.citations.history,raw/fda.citations.history/2026/09/20260908T143057Z-0264adc9308f.json.gz,1
fda.citations.history,firm:3002486140,2014-04-17,2026-09-08T14:30:57Z,label,Linde Inc.,,fda.citations.history,raw/fda.citations.history/2026/09/20260908T143057Z-0264adc9308f.json.gz,1
fda.citations.history,firm:3002806559,2014-04-04,2026-09-08T14:30:57Z,cfr,21 CFR 211.113(b),,fda.citations.history,raw/fda.citations.history/2026/09/20260908T143057Z-0264adc9308f.json.gz,1
fda.citations.history,firm:3002806559,2014-04-04,2026-09-08T14:30:57Z,cfr,21 CFR 211.194(a)(7),,fda.citations.history,raw/fda.citations.history/2026/09/20260908T143057Z-0264adc9308f.json.gz,1
fda.citations.history,firm:3002806559,2014-04-04,2026-09-08T14:30:57Z,cfr_part,211,part,fda.citations.history,raw/fda.citations.history/2026/09/20260908T143057Z-0264adc9308f.json.gz,1
fda.citations.history,firm:3002806559,2014-04-04,2026-09-08T14:30:57Z,citation,1,count,fda.citations.history,raw/fda.citations.history/2026/09/20260908T143057Z-0264adc9308f.json.gz,1
fda.citations.history,firm:3002806559,2014-04-04,2026-09-08T14:30:57Z,citation_topic,Procedures for sterile drug products,,fda.citations.history,raw/fda.citations.history/2026/09/20260908T143057Z-0264adc9308f.json.gz,1
fda.citations.history,firm:3002806559,2014-04-04,2026-09-08T14:30:57Z,citation_topic,Signatures and dates--person who performs test,,fda.citations.history,raw/fda.citations.history/2026/09/20260908T143057Z-0264adc9308f.json.gz,1
fda.citations.history,firm:3002806559,2014-04-04,2026-09-08T14:30:57Z,firm_key,ROCHE DIAGNOSTICS,,fda.citations.history,raw/fda.citations.history/2026/09/20260908T143057Z-0264adc9308f.json.gz,1
fda.citations.history,firm:3002806559,2014-04-04,2026-09-08T14:30:57Z,is_gmp,1,bool,fda.citations.history,raw/fda.citations.history/2026/09/20260908T143057Z-0264adc9308f.json.gz,1
fda.citations.history,firm:3002806559,2014-04-04,2026-09-08T14:30:57Z,label,Roche Diagnostics GmbH,,fda.citations.history,raw/fda.citations.history/2026/09/20260908T143057Z-0264adc9308f.json.gz,1
fda.citations.history,firm:3002807001,2014-04-11,2026-09-08T14:30:57Z,cfr,21 CFR 211.110(a),,fda.citations.history,raw/fda.citations.history/2026/09/20260908T143057Z-0264adc9308f.json.gz,1
fda.citations.history,firm:3002807001,2014-04-11,2026-09-08T14:30:57Z,cfr,21 CFR 211.113(b),,fda.citations.history,raw/fda.citations.history/2026/09/20260908T143057Z-0264adc9308f.json.gz,1
fda.citations.history,firm:3002807001,2014-04-11,2026-09-08T14:30:57Z,cfr,21 CFR 211.192,,fda.citations.history,raw/fda.citations.history/2026/09/20260908T143057Z-0264adc9308f.json.gz,1
fda.citations.history,firm:3002807001,2014-04-11,2026-09-08T14:30:57Z,cfr,21 CFR 211.42(b),,fda.citations.history,raw/fda.citations.history/2026/09/20260908T143057Z-0264adc9308f.json.gz,1
fda.citations.history,firm:3002807001,2014-04-11,2026-09-08T14:30:57Z,cfr,21 CFR 211.46(b),,fda.citations.history,raw/fda.citations.history/2026/09/20260908T143057Z-0264adc9308f.json.gz,1
fda.citations.history,firm:3002807001,2014-04-11,2026-09-08T14:30:57Z,cfr_part,211,part,fda.citations.history,raw/fda.citations.history/2026/09/20260908T143057Z-0264adc9308f.json.gz,1
fda.citations.history,firm:3002807001,2014-04-11,2026-09-08T14:30:57Z,citation,1,count,fda.citations.history,raw/fda.citations.history/2026/09/20260908T143057Z-0264adc9308f.json.gz,1
fda.citations.history,firm:3002807001,2014-04-11,2026-09-08T14:30:57Z,citation_topic,Control procedures to monitor and validate performance,,fda.citations.history,raw/fda.citations.history/2026/09/20260908T143057Z-0264adc9308f.json.gz,1
fda.citations.history,firm:3002807001,2014-04-11,2026-09-08T14:30:57Z,citation_topic,Equipment for Environmental Control,,fda.citations.history,raw/fda.citations.history/2026/09/20260908T143057Z-0264adc9308f.json.gz,1
fda.citations.history,firm:3002807001,2014-04-11,2026-09-08T14:30:57Z,citation_topic,Procedures for sterile drug products,,fda.citations.history,raw/fda.citations.history/2026/09/20260908T143057Z-0264adc9308f.json.gz,1
fda.citations.history,firm:3002807001,2014-04-11,2026-09-08T14:30:57Z,citation_topic,Product flow through building is inadequate,,fda.citations.history,raw/fda.citations.history/2026/09/20260908T143057Z-0264adc9308f.json.gz,1
fda.citations.history,firm:3002807001,2014-04-11,2026-09-08T14:30:57Z,citation_topic,Written record of investigation incomplete,,fda.citations.history,raw/fda.citations.history/2026/09/20260908T143057Z-0264adc9308f.json.gz,1
fda.citations.history,firm:3002807001,2014-04-11,2026-09-08T14:30:57Z,firm_key,ASTELLAS,,fda.citations.history,raw/fda.citations.history/2026/09/20260908T143057Z-0264adc9308f.json.gz,1
fda.citations.history,firm:3002807001,2014-04-11,2026-09-08T14:30:57Z,is_gmp,1,bool,fda.citations.history,raw/fda.citations.history/2026/09/20260908T143057Z-0264adc9308f.json.gz,1
fda.citations.history,firm:3002807001,2014-04-11,2026-09-08T14:30:57Z,label,Astellas Pharma Inc.,,fda.citations.history,raw/fda.citations.history/2026/09/20260908T143057Z-0264adc9308f.json.gz,1
fda.citations.history,firm:3003596633,2014-04-17,2026-09-08T14:30:57Z,cfr,21 CFR 211.180(e)(1),,fda.citations.history,raw/fda.citations.history/2026/09/20260908T143057Z-0264adc9308f.json.gz,1
fda.citations.history,firm:3003596633,2014-04-17,2026-09-08T14:30:57Z,cfr_part,211,part,fda.citations.history,raw/fda.citations.history/2026/09/20260908T143057Z-0264adc9308f.json.gz,1
fda.citations.history,firm:3003596633,2014-04-17,2026-09-08T14:30:57Z,citation,1,count,fda.citations.history,raw/fda.citations.history/2026/09/20260908T143057Z-0264adc9308f.json.gz,1
fda.citations.history,firm:3003596633,2014-04-17,2026-09-08T14:30:57Z,citation_topic,Review of representative number of batches,,fda.citations.history,raw/fda.citations.history/2026/09/20260908T143057Z-0264adc9308f.json.gz,1
fda.citations.history,firm:3003596633,2014-04-17,2026-09-08T14:30:57Z,firm_key,NIPPON SANSO MATHESON,,fda.citations.history,raw/fda.citations.history/2026/09/20260908T143057Z-0264adc9308f.json.gz,1
fda.citations.history,firm:3003596633,2014-04-17,2026-09-08T14:30:57Z,is_gmp,1,bool,fda.citations.history,raw/fda.citations.history/2026/09/20260908T143057Z-0264adc9308f.json.gz,1
fda.citations.history,firm:3003596633,2014-04-17,2026-09-08T14:30:57Z,label,"Nippon Sanso Matheson, Inc.",,fda.citations.history,raw/fda.citations.history/2026/09/20260908T143057Z-0264adc9308f.json.gz,1
fda.citations.history,firm:3003887109,2014-04-24,2026-09-08T14:30:57Z,cfr,21 CFR 211.125(a),,fda.citations.history,raw/fda.citations.history/2026/09/20260908T143057Z-0264adc9308f.json.gz,1
fda.citations.history,firm:3003887109,2014-04-24,2026-09-08T14:30:57Z,cfr,21 CFR 211.142(a),,fda.citations.history,raw/fda.citations.history/2026/09/20260908T143057Z-0264adc9308f.json.gz,1
fda.citations.history,firm:3003887109,2014-04-24,2026-09-08T14:30:57Z,cfr,21 CFR 211.25(a),,fda.citations.history,raw/fda.citations.history/2026/09/20260908T143057Z-0264adc9308f.json.gz,1
fda.citations.history,firm:3003887109,2014-04-24,2026-09-08T14:30:57Z,cfr,21 CFR 211.44,,fda.citations.history,raw/fda.citations.history/2026/09/20260908T143057Z-0264adc9308f.json.gz,1
fda.citations.history,firm:3003887109,2014-04-24,2026-09-08T14:30:57Z,cfr,21 CFR 211.63,,fda.citations.history,raw/fda.citations.history/2026/09/20260908T143057Z-0264adc9308f.json.gz,1
fda.citations.history,firm:3003887109,2014-04-24,2026-09-08T14:30:57Z,cfr,21 CFR 211.80(b),,fda.citations.history,raw/fda.citations.history/2026/09/20260908T143057Z-0264adc9308f.json.gz,1
fda.citations.history,firm:3003887109,2014-04-24,2026-09-08T14:30:57Z,cfr_part,211,part,fda.citations.history,raw/fda.citations.history/2026/09/20260908T143057Z-0264adc9308f.json.gz,1
fda.citations.history,firm:3003887109,2014-04-24,2026-09-08T14:30:57Z,citation,1,count,fda.citations.history,raw/fda.citations.history/2026/09/20260908T143057Z-0264adc9308f.json.gz,1
fda.citations.history,firm:3003887109,2014-04-24,2026-09-08T14:30:57Z,citation_topic,Adequate lighting not provided,,fda.citations.history,raw/fda.citations.history/2026/09/20260908T143057Z-0264adc9308f.json.gz,1
fda.citations.history,firm:3003887109,2014-04-24,2026-09-08T14:30:57Z,citation_topic,"Equipment Design, Size and Location",,fda.citations.history,raw/fda.citations.history/2026/09/20260908T143057Z-0264adc9308f.json.gz,1
fda.citations.history,firm:3003887109,2014-04-24,2026-09-08T14:30:57Z,citation_topic,GMP Training Frequency,,fda.citations.history,raw/fda.citations.history/2026/09/20260908T143057Z-0264adc9308f.json.gz,1
fda.citations.history,firm:3003887109,2014-04-24,2026-09-08T14:30:57Z,citation_topic,Handling and Storage to Prevent Contamination,,fda.citations.history,raw/fda.citations.history/2026/09/20260908T143057Z-0264adc9308f.json.gz,1
fda.citations.history,firm:3003887109,2014-04-24,2026-09-08T14:30:57Z,citation_topic,Quarantine - actual practice,,fda.citations.history,raw/fda.citations.history/2026/09/20260908T143057Z-0264adc9308f.json.gz,1
fda.citations.history,firm:3003887109,2014-04-24,2026-09-08T14:30:57Z,citation_topic,Strict control not exercised over labeling issued,,fda.citations.history,raw/fda.citations.history/2026/09/20260908T143057Z-0264adc9308f.json.gz,1
fda.citations.history,firm:3003887109,2014-04-24,2026-09-08T14:30:57Z,firm_key,NOURISHUS,,fda.citations.history,raw/fda.citations.history/2026/09/20260908T143057Z-0264adc9308f.json.gz,1
fda.citations.history,firm:3003887109,2014-04-24,2026-09-08T14:30:57Z,is_gmp,1,bool,fda.citations.history,raw/fda.citations.history/2026/09/20260908T143057Z-0264adc9308f.json.gz,1
fda.citations.history,firm:3003887109,2014-04-24,2026-09-08T14:30:57Z,label,"NourishUs, LLC",,fda.citations.history,raw/fda.citations.history/2026/09/20260908T143057Z-0264adc9308f.json.gz,1
fda.citations.history,firm:3004479507,2014-04-02,2026-09-08T14:30:57Z,cfr,21 CFR 211.110(a),,fda.citations.history,raw/fda.citations.history/2026/09/20260908T143057Z-0264adc9308f.json.gz,1
fda.citations.history,firm:3004479507,2014-04-02,2026-09-08T14:30:57Z,cfr,21 CFR 211.180(e)(2),,fda.citations.history,raw/fda.citations.history/2026/09/20260908T143057Z-0264adc9308f.json.gz,1
fda.citations.history,firm:3004479507,2014-04-02,2026-09-08T14:30:57Z,cfr,21 CFR 211.63,,fda.citations.history,raw/fda.citations.history/2026/09/20260908T143057Z-0264adc9308f.json.gz,1
fda.citations.history,firm:3004479507,2014-04-02,2026-09-08T14:30:57Z,cfr,21 CFR 211.67(b),,fda.citations.history,raw/fda.citations.history/2026/09/20260908T143057Z-0264adc9308f.json.gz,1
fda.citations.history,firm:3004479507,2014-04-02,2026-09-08T14:30:57Z,cfr_part,211,part,fda.citations.history,raw/fda.citations.history/2026/09/20260908T143057Z-0264adc9308f.json.gz,1
fda.citations.history,firm:3004479507,2014-04-02,2026-09-08T14:30:57Z,citation,1,count,fda.citations.history,raw/fda.citations.history/2026/09/20260908T143057Z-0264adc9308f.json.gz,1
fda.citations.history,firm:3004479507,2014-04-02,2026-09-08T14:30:57Z,citation_topic,Control procedures to monitor and validate performance,,fda.citations.history,raw/fda.citations.history/2026/09/20260908T143057Z-0264adc9308f.json.gz,1
fda.citations.history,firm:3004479507,2014-04-02,2026-09-08T14:30:57Z,citation_topic,"Equipment Design, Size and Location",,fda.citations.history,raw/fda.citations.history/2026/09/20260908T143057Z-0264adc9308f.json.gz,1
fda.citations.history,firm:3004479507,2014-04-02,2026-09-08T14:30:57Z,citation_topic,Items to cover on annual reviews,,fda.citations.history,raw/fda.citations.history/2026/09/20260908T143057Z-0264adc9308f.json.gz,1
fda.citations.history,firm:3004479507,2014-04-02,2026-09-08T14:30:57Z,citation_topic,Written procedures fail to include,,fda.citations.history,raw/fda.citations.history/2026/09/20260908T143057Z-0264adc9308f.json.gz,1
fda.citations.history,firm:3004479507,2014-04-02,2026-09-08T14:30:57Z,citation_topic,Written procedures not established/followed,,fda.citations.history,raw/fda.citations.history/2026/09/20260908T143057Z-0264adc9308f.json.gz,1
fda.citations.history,firm:3004479507,2014-04-02,2026-09-08T14:30:57Z,firm_key,FRAGRANCE MANUFACTURING,,fda.citations.history,raw/fda.citations.history/2026/09/20260908T143057Z-0264adc9308f.json.gz,1
fda.citations.history,firm:3004479507,2014-04-02,2026-09-08T14:30:57Z,is_gmp,1,bool,fda.citations.history,raw/fda.citations.history/2026/09/20260908T143057Z-0264adc9308f.json.gz,1
fda.citations.history,firm:3004479507,2014-04-02,2026-09-08T14:30:57Z,label,"Fragrance Manufacturing, Inc.",,fda.citations.history,raw/fda.citations.history/2026/09/20260908T143057Z-0264adc9308f.json.gz,1
fda.citations.history,firm:3004844710,2014-04-30,2026-09-08T14:30:57Z,cfr,21 CFR 211.100(a),,fda.citations.history,raw/fda.citations.history/2026/09/20260908T143057Z-0264adc9308f.json.gz,1
fda.citations.history,firm:3004844710,2014-04-30,2026-09-08T14:30:57Z,cfr,21 CFR 211.110(c),,fda.citations.history,raw/fda.citations.history/2026/09/20260908T143057Z-0264adc9308f.json.gz,1
fda.citations.history,firm:3004844710,2014-04-30,2026-09-08T14:30:57Z,cfr,21 CFR 211.142,,fda.citations.history,raw/fda.citations.history/2026/09/20260908T143057Z-0264adc9308f.json.gz,1
fda.citations.history,firm:3004844710,2014-04-30,2026-09-08T14:30:57Z,cfr,21 CFR 211.22(a),,fda.citations.history,raw/fda.citations.history/2026/09/20260908T143057Z-0264adc9308f.json.gz,1
fda.citations.history,firm:3004844710,2014-04-30,2026-09-08T14:30:57Z,cfr,21 CFR 211.80(a),,fda.citations.history,raw/fda.citations.history/2026/09/20260908T143057Z-0264adc9308f.json.gz,1
fda.citations.history,firm:3004844710,2014-04-30,2026-09-08T14:30:57Z,cfr_part,211,part,fda.citations.history,raw/fda.citations.history/2026/09/20260908T143057Z-0264adc9308f.json.gz,1
fda.citations.history,firm:3004844710,2014-04-30,2026-09-08T14:30:57Z,citation,1,count,fda.citations.history,raw/fda.citations.history/2026/09/20260908T143057Z-0264adc9308f.json.gz,1
fda.citations.history,firm:3004844710,2014-04-30,2026-09-08T14:30:57Z,citation_topic,Absence of Written Procedures,,fda.citations.history,raw/fda.citations.history/2026/09/20260908T143057Z-0264adc9308f.json.gz,1
fda.citations.history,firm:3004844710,2014-04-30,2026-09-08T14:30:57Z,citation_topic,In-process materials characteristics testing,,fda.citations.history,raw/fda.citations.history/2026/09/20260908T143057Z-0264adc9308f.json.gz,1
fda.citations.history,firm:3004844710,2014-04-30,2026-09-08T14:30:57Z,citation_topic,Lack of quality control unit,,fda.citations.history,raw/fda.citations.history/2026/09/20260908T143057Z-0264adc9308f.json.gz,1
fda.citations.history,firm:3004844710,2014-04-30,2026-09-08T14:30:57Z,citation_topic,Procedures To Be in Writing,,fda.citations.history,raw/fda.citations.history/2026/09/20260908T143057Z-0264adc9308f.json.gz,1
fda.citations.history,firm:3004844710,2014-04-30,2026-09-08T14:30:57Z,citation_topic,Written warehousing procedures established/followed,,fda.citations.history,raw/fda.citations.history/2026/09/20260908T143057Z-0264adc9308f.json.gz,1
fda.citations.history,firm:3004844710,2014-04-30,2026-09-08T14:30:57Z,firm_key,NATIONAL TOWELETTE,,fda.citations.history,raw/fda.citations.history/2026/09/20260908T143057Z-0264adc9308f.json.gz,1
fda.citations.history,firm:3004844710,2014-04-30,2026-09-08T14:30:57Z,is_gmp,1,bool,fda.citations.history,raw/fda.citations.history/2026/09/20260908T143057Z-0264adc9308f.json.gz,1
fda.citations.history,firm:3004844710,2014-04-30,2026-09-08T14:30:57Z,label,National Towelette Company Inc,,fda.citations.history,raw/fda.citations.history/2026/09/20260908T143057Z-0264adc9308f.json.gz,1
fda.citations.history,firm:3004886113,2014-04-18,2026-09-08T14:30:57Z,cfr,21 CFR 211.113(b),,fda.citations.history,raw/fda.citations.history/2026/09/20260908T143057Z-0264adc9308f.json.gz,1
fda.citations.history,firm:3004886113,2014-04-18,2026-09-08T14:30:57Z,cfr,21 CFR 211.186(b)(3),,fda.citations.history,raw/fda.citations.history/2026/09/20260908T143057Z-0264adc9308f.json.gz,1
fda.citations.history,firm:3004886113,2014-04-18,2026-09-08T14:30:57Z,cfr,21 CFR 211.25(a),,fda.citations.history,raw/fda.citations.history/2026/09/20260908T143057Z-0264adc9308f.json.gz,1
fda.citations.history,firm:3004886113,2014-04-18,2026-09-08T14:30:57Z,cfr,21 CFR 211.42(c)(10),,fda.citations.history,raw/fda.citations.history/2026/09/20260908T143057Z-0264adc9308f.json.gz,1
fda.citations.history,firm:3004886113,2014-04-18,2026-09-08T14:30:57Z,cfr,21 CFR 211.67(c),,fda.citations.history,raw/fda.citations.history/2026/09/20260908T143057Z-0264adc9308f.json.gz,1
fda.citations.history,firm:3004886113,2014-04-18,2026-09-08T14:30:57Z,cfr_part,211,part,fda.citations.history,raw/fda.citations.history/2026/09/20260908T143057Z-0264adc9308f.json.gz,1
fda.citations.history,firm:3004886113,2014-04-18,2026-09-08T14:30:57Z,citation,1,count,fda.citations.history,raw/fda.citations.history/2026/09/20260908T143057Z-0264adc9308f.json.gz,1
fda.citations.history,firm:3004886113,2014-04-18,2026-09-08T14:30:57Z,citation_topic,Aseptic Processing Area,,fda.citations.history,raw/fda.citations.history/2026/09/20260908T143057Z-0264adc9308f.json.gz,1
fda.citations.history,firm:3004886113,2014-04-18,2026-09-08T14:30:57Z,citation_topic,Cleaning/maintenance records not kept,,fda.citations.history,raw/fda.citations.history/2026/09/20260908T143057Z-0264adc9308f.json.gz,1
fda.citations.history,firm:3004886113,2014-04-18,2026-09-08T14:30:57Z,citation_topic,Component Name and Code,,fda.citations.history,raw/fda.citations.history/2026/09/20260908T143057Z-0264adc9308f.json.gz,1
fda.citations.history,firm:3004886113,2014-04-18,2026-09-08T14:30:57Z,citation_topic,GMP Training Frequency,,fda.citations.history,raw/fda.citations.history/2026/09/20260908T143057Z-0264adc9308f.json.gz,1
fda.citations.history,firm:3004886113,2014-04-18,2026-09-08T14:30:57Z,citation_topic,Procedures for sterile drug products,,fda.citations.history,raw/fda.citations.history/2026/09/20260908T143057Z-0264adc9308f.json.gz,1
fda.citations.history,firm:3004886113,2014-04-18,2026-09-08T14:30:57Z,firm_key,HANLIM PHARM,,fda.citations.history,raw/fda.citations.history/2026/09/20260908T143057Z-0264adc9308f.json.gz,1
fda.citations.history,firm:3004886113,2014-04-18,2026-09-08T14:30:57Z,is_gmp,1,bool,fda.citations.history,raw/fda.citations.history/2026/09/20260908T143057Z-0264adc9308f.json.gz,1
fda.citations.history,firm:3004886113,2014-04-18,2026-09-08T14:30:57Z,label,Hanlim Pharm Co. Ltd.,,fda.citations.history,raw/fda.citations.history/2026/09/20260908T143057Z-0264adc9308f.json.gz,1
fda.citations.history,firm:3005051865,2014-04-29,2026-09-08T14:30:57Z,cfr,21 CFR 211.63,,fda.citations.history,raw/fda.citations.history/2026/09/20260908T143057Z-0264adc9308f.json.gz,1
fda.citations.history,firm:3005051865,2014-04-29,2026-09-08T14:30:57Z,cfr_part,211,part,fda.citations.history,raw/fda.citations.history/2026/09/20260908T143057Z-0264adc9308f.json.gz,1
fda.citations.history,firm:3005051865,2014-04-29,2026-09-08T14:30:57Z,citation,1,count,fda.citations.history,raw/fda.citations.history/2026/09/20260908T143057Z-0264adc9308f.json.gz,1
fda.citations.history,firm:3005051865,2014-04-29,2026-09-08T14:30:57Z,citation_topic,"Equipment Design, Size and Location",,fda.citations.history,raw/fda.citations.history/2026/09/20260908T143057Z-0264adc9308f.json.gz,1
fda.citations.history,firm:3005051865,2014-04-29,2026-09-08T14:30:57Z,firm_key,PE PACKAGING,,fda.citations.history,raw/fda.citations.history/2026/09/20260908T143057Z-0264adc9308f.json.gz,1
fda.citations.history,firm:3005051865,2014-04-29,2026-09-08T14:30:57Z,is_gmp,1,bool,fda.citations.history,raw/fda.citations.history/2026/09/20260908T143057Z-0264adc9308f.json.gz,1
fda.citations.history,firm:3005051865,2014-04-29,2026-09-08T14:30:57Z,label,"PE Packaging, LLC",,fda.citations.history,raw/fda.citations.history/2026/09/20260908T143057Z-0264adc9308f.json.gz,1
fda.citations.history,firm:3005350897,2014-04-01,2026-09-08T14:30:57Z,cfr,21 CFR 211.100(b),,fda.citations.history,raw/fda.citations.history/2026/09/20260908T143057Z-0264adc9308f.json.gz,1
fda.citations.history,firm:3005350897,2014-04-01,2026-09-08T14:30:57Z,cfr,21 CFR 211.113(a),,fda.citations.history,raw/fda.citations.history/2026/09/20260908T143057Z-0264adc9308f.json.gz,1
fda.citations.history,firm:3005350897,2014-04-01,2026-09-08T14:30:57Z,cfr,21 CFR 211.166(b),,fda.citations.history,raw/fda.citations.history/2026/09/20260908T143057Z-0264adc9308f.json.gz,1
fda.citations.history,firm:3005350897,2014-04-01,2026-09-08T14:30:57Z,cfr,21 CFR 211.192,,fda.citations.history,raw/fda.citations.history/2026/09/20260908T143057Z-0264adc9308f.json.gz,1
fda.citations.history,firm:3005350897,2014-04-01,2026-09-08T14:30:57Z,cfr,21 CFR 211.198(a),,fda.citations.history,raw/fda.citations.history/2026/09/20260908T143057Z-0264adc9308f.json.gz,1
fda.citations.history,firm:3005350897,2014-04-01,2026-09-08T14:30:57Z,cfr,21 CFR 211.204,,fda.citations.history,raw/fda.citations.history/2026/09/20260908T143057Z-0264adc9308f.json.gz,1
fda.citations.history,firm:3005350897,2014-04-01,2026-09-08T14:30:57Z,cfr,21 CFR 211.63,,fda.citations.history,raw/fda.citations.history/2026/09/20260908T143057Z-0264adc9308f.json.gz,1
fda.citations.history,firm:3005350897,2014-04-01,2026-09-08T14:30:57Z,cfr,21 CFR 211.84(d)(2),,fda.citations.history,raw/fda.citations.history/2026/09/20260908T143057Z-0264adc9308f.json.gz,1
fda.citations.history,firm:3005350897,2014-04-01,2026-09-08T14:30:57Z,cfr_part,211,part,fda.citations.history,raw/fda.citations.history/2026/09/20260908T143057Z-0264adc9308f.json.gz,1
fda.citations.history,firm:3005350897,2014-04-01,2026-09-08T14:30:57Z,citation,1,count,fda.citations.history,raw/fda.citations.history/2026/09/20260908T143057Z-0264adc9308f.json.gz,1
fda.citations.history,firm:3005350897,2014-04-01,2026-09-08T14:30:57Z,citation_topic,Adequate number of batches on stability,,fda.citations.history,raw/fda.citations.history/2026/09/20260908T143057Z-0264adc9308f.json.gz,1
fda.citations.history,firm:3005350897,2014-04-01,2026-09-08T14:30:57Z,citation_topic,Complaint Handling Procedure,,fda.citations.history,raw/fda.citations.history/2026/09/20260908T143057Z-0264adc9308f.json.gz,1
fda.citations.history,firm:3005350897,2014-04-01,2026-09-08T14:30:57Z,citation_topic,"Equipment Design, Size and Location",,fda.citations.history,raw/fda.citations.history/2026/09/20260908T143057Z-0264adc9308f.json.gz,1
fda.citations.history,firm:3005350897,2014-04-01,2026-09-08T14:30:57Z,citation_topic,Establish reliability of supplier's C of A,,fda.citations.history,raw/fda.citations.history/2026/09/20260908T143057Z-0264adc9308f.json.gz,1
fda.citations.history,firm:3005350897,2014-04-01,2026-09-08T14:30:57Z,citation_topic,"Investigations of discrepancies, failures",,fda.citations.history,raw/fda.citations.history/2026/09/20260908T143057Z-0264adc9308f.json.gz,1
fda.citations.history,firm:3005350897,2014-04-01,2026-09-08T14:30:57Z,citation_topic,Procedure Deviations Recorded and Justified,,fda.citations.history,raw/fda.citations.history/2026/09/20260908T143057Z-0264adc9308f.json.gz,1
fda.citations.history,firm:3005350897,2014-04-01,2026-09-08T14:30:57Z,citation_topic,Procedures for non-sterile drug products,,fda.citations.history,raw/fda.citations.history/2026/09/20260908T143057Z-0264adc9308f.json.gz,1
fda.citations.history,firm:3005350897,2014-04-01,2026-09-08T14:30:57Z,citation_topic,Returned drug procedures in writing and followed,,fda.citations.history,raw/fda.citations.history/2026/09/20260908T143057Z-0264adc9308f.json.gz,1
fda.citations.history,firm:3005350897,2014-04-01,2026-09-08T14:30:57Z,firm_key,BELLEVIEW 402,,fda.citations.history,raw/fda.citations.history/2026/09/20260908T143057Z-0264adc9308f.json.gz,1
fda.citations.history,firm:3005350897,2014-04-01,2026-09-08T14:30:57Z,is_gmp,1,bool,fda.citations.history,raw/fda.citations.history/2026/09/20260908T143057Z-0264adc9308f.json.gz,1
fda.citations.history,firm:3005350897,2014-04-01,2026-09-08T14:30:57Z,label,Belleview 402 LLC,,fda.citations.history,raw/fda.citations.history/2026/09/20260908T143057Z-0264adc9308f.json.gz,1
fda.citations.history,firm:3005615655,2014-04-04,2026-09-08T14:30:57Z,cfr,21 CFR 314.80(b),,fda.citations.history,raw/fda.citations.history/2026/09/20260908T143057Z-0264adc9308f.json.gz,1
fda.citations.history,firm:3005615655,2014-04-04,2026-09-08T14:30:57Z,cfr,21 CFR 314.80(c)(1)(i),,fda.citations.history,raw/fda.citations.history/2026/09/20260908T143057Z-0264adc9308f.json.gz,1
fda.citations.history,firm:3005615655,2014-04-04,2026-09-08T14:30:57Z,cfr,21 CFR 314.80(c)(1)(ii),,fda.citations.history,raw/fda.citations.history/2026/09/20260908T143057Z-0264adc9308f.json.gz,1
fda.citations.history,firm:3005615655,2014-04-04,2026-09-08T14:30:57Z,cfr_part,314,part,fda.citations.history,raw/fda.citations.history/2026/09/20260908T143057Z-0264adc9308f.json.gz,1
fda.citations.history,firm:3005615655,2014-04-04,2026-09-08T14:30:57Z,citation,1,count,fda.citations.history,raw/fda.citations.history/2026/09/20260908T143057Z-0264adc9308f.json.gz,1
fda.citations.history,firm:3005615655,2014-04-04,2026-09-08T14:30:57Z,citation_topic,Failure to develop written procedures,,fda.citations.history,raw/fda.citations.history/2026/09/20260908T143057Z-0264adc9308f.json.gz,1
fda.citations.history,firm:3005615655,2014-04-04,2026-09-08T14:30:57Z,citation_topic,"Failure to investigate serious, unexpected events",,fda.citations.history,raw/fda.citations.history/2026/09/20260908T143057Z-0264adc9308f.json.gz,1
fda.citations.history,firm:3005615655,2014-04-04,2026-09-08T14:30:57Z,citation_topic,Late submission of 15-day report,,fda.citations.history,raw/fda.citations.history/2026/09/20260908T143057Z-0264adc9308f.json.gz,1
fda.citations.history,firm:3005615655,2014-04-04,2026-09-08T14:30:57Z,citation_topic,Submission of report follow-up,,fda.citations.history,raw/fda.citations.history/2026/09/20260908T143057Z-0264adc9308f.json.gz,1
fda.citations.history,firm:3005615655,2014-04-04,2026-09-08T14:30:57Z,firm_key,JAZZ,,fda.citations.history,raw/fda.citations.history/2026/09/20260908T143057Z-0264adc9308f.json.gz,1
fda.citations.history,firm:3005615655,2014-04-04,2026-09-08T14:30:57Z,is_gmp,0,bool,fda.citations.history,raw/fda.citations.history/2026/09/20260908T143057Z-0264adc9308f.json.gz,1
fda.citations.history,firm:3005615655,2014-04-04,2026-09-08T14:30:57Z,label,"Jazz Pharmaceuticals, Inc",,fda.citations.history,raw/fda.citations.history/2026/09/20260908T143057Z-0264adc9308f.json.gz,1
fda.citations.history,firm:3005688405,2014-04-11,2026-09-08T14:30:57Z,cfr,21 CFR 211.192,,fda.citations.history,raw/fda.citations.history/2026/09/20260908T143057Z-0264adc9308f.json.gz,1
fda.citations.history,firm:3005688405,2014-04-11,2026-09-08T14:30:57Z,cfr_part,211,part,fda.citations.history,raw/fda.citations.history/2026/09/20260908T143057Z-0264adc9308f.json.gz,1
fda.citations.history,firm:3005688405,2014-04-11,2026-09-08T14:30:57Z,citation,1,count,fda.citations.history,raw/fda.citations.history/2026/09/20260908T143057Z-0264adc9308f.json.gz,1
fda.citations.history,firm:3005688405,2014-04-11,2026-09-08T14:30:57Z,citation_topic,"Investigations of discrepancies, failures",,fda.citations.history,raw/fda.citations.history/2026/09/20260908T143057Z-0264adc9308f.json.gz,1
fda.citations.history,firm:3005688405,2014-04-11,2026-09-08T14:30:57Z,firm_key,PHAROS MT,,fda.citations.history,raw/fda.citations.history/2026/09/20260908T143057Z-0264adc9308f.json.gz,1
fda.citations.history,firm:3005688405,2014-04-11,2026-09-08T14:30:57Z,is_gmp,1,bool,fda.citations.history,raw/fda.citations.history/2026/09/20260908T143057Z-0264adc9308f.json.gz,1
fda.citations.history,firm:3005688405,2014-04-11,2026-09-08T14:30:57Z,label,PharOs MT Ltd.,,fda.citations.history,raw/fda.citations.history/2026/09/20260908T143057Z-0264adc9308f.json.gz,1
fda.citations.history,firm:3005746589,2014-04-01,2026-09-08T14:30:57Z,cfr,21 CFR 211.22(d),,fda.citations.history,raw/fda.citations.history/2026/09/20260908T143057Z-0264adc9308f.json.gz,1
fda.citations.history,firm:3005746589,2014-04-01,2026-09-08T14:30:57Z,cfr_part,211,part,fda.citations.history,raw/fda.citations.history/2026/09/20260908T143057Z-0264adc9308f.json.gz,1
fda.citations.history,firm:3005746589,2014-04-01,2026-09-08T14:30:57Z,citation,1,count,fda.citations.history,raw/fda.citations.history/2026/09/20260908T143057Z-0264adc9308f.json.gz,1
fda.citations.history,firm:3005746589,2014-04-01,2026-09-08T14:30:57Z,citation_topic,"Procedures not  in writing, fully followed",,fda.citations.history,raw/fda.citations.history/2026/09/20260908T143057Z-0264adc9308f.json.gz,1
fda.citations.history,firm:3005746589,2014-04-01,2026-09-08T14:30:57Z,firm_key,MITIM,,fda.citations.history,raw/fda.citations.history/2026/09/20260908T143057Z-0264adc9308f.json.gz,1
fda.citations.history,firm:3005746589,2014-04-01,2026-09-08T14:30:57Z,is_gmp,1,bool,fda.citations.history,raw/fda.citations.history/2026/09/20260908T143057Z-0264adc9308f.json.gz,1
fda.citations.history,firm:3005746589,2014-04-01,2026-09-08T14:30:57Z,label,Mitim SRL,,fda.citations.history,raw/fda.citations.history/2026/09/20260908T143057Z-0264adc9308f.json.gz,1
fda.citations.history,firm:3005945400,2014-04-25,2026-09-08T14:30:57Z,cfr,21 CFR 211.110(a),,fda.citations.history,raw/fda.citations.history/2026/09/20260908T143057Z-0264adc9308f.json.gz,1
fda.citations.history,firm:3005945400,2014-04-25,2026-09-08T14:30:57Z,cfr,21 CFR 211.180(e)(2),,fda.citations.history,raw/fda.citations.history/2026/09/20260908T143057Z-0264adc9308f.json.gz,1
fda.citations.history,firm:3005945400,2014-04-25,2026-09-08T14:30:57Z,cfr,21 CFR 211.182,,fda.citations.history,raw/fda.citations.history/2026/09/20260908T143057Z-0264adc9308f.json.gz,1
fda.citations.history,firm:3005945400,2014-04-25,2026-09-08T14:30:57Z,cfr,21 CFR 211.186(b)(2),,fda.citations.history,raw/fda.citations.history/2026/09/20260908T143057Z-0264adc9308f.json.gz,1
fda.citations.history,firm:3005945400,2014-04-25,2026-09-08T14:30:57Z,cfr,21 CFR 211.186(b)(8),,fda.citations.history,raw/fda.citations.history/2026/09/20260908T143057Z-0264adc9308f.json.gz,1
fda.citations.history,firm:3005945400,2014-04-25,2026-09-08T14:30:57Z,cfr,21 CFR 211.186(b)(9),,fda.citations.history,raw/fda.citations.history/2026/09/20260908T143057Z-0264adc9308f.json.gz,1
fda.citations.history,firm:3005945400,2014-04-25,2026-09-08T14:30:57Z,cfr,21 CFR 211.84(d)(2),,fda.citations.history,raw/fda.citations.history/2026/09/20260908T143057Z-0264adc9308f.json.gz,1
fda.citations.history,firm:3005945400,2014-04-25,2026-09-08T14:30:57Z,cfr_part,211,part,fda.citations.history,raw/fda.citations.history/2026/09/20260908T143057Z-0264adc9308f.json.gz,1
fda.citations.history,firm:3005945400,2014-04-25,2026-09-08T14:30:57Z,citation,1,count,fda.citations.history,raw/fda.citations.history/2026/09/20260908T143057Z-0264adc9308f.json.gz,1
fda.citations.history,firm:3005945400,2014-04-25,2026-09-08T14:30:57Z,citation_topic,Active Ingredient Name and Weight,,fda.citations.history,raw/fda.citations.history/2026/09/20260908T143057Z-0264adc9308f.json.gz,1
fda.citations.history,firm:3005945400,2014-04-25,2026-09-08T14:30:57Z,citation_topic,"Complete instructions, procedures, specifications et. al.",,fda.citations.history,raw/fda.citations.history/2026/09/20260908T143057Z-0264adc9308f.json.gz,1
fda.citations.history,firm:3005945400,2014-04-25,2026-09-08T14:30:57Z,citation_topic,Control procedures to monitor and validate performance,,fda.citations.history,raw/fda.citations.history/2026/09/20260908T143057Z-0264adc9308f.json.gz,1
fda.citations.history,firm:3005945400,2014-04-25,2026-09-08T14:30:57Z,citation_topic,"Description of containers, labels, et. al.",,fda.citations.history,raw/fda.citations.history/2026/09/20260908T143057Z-0264adc9308f.json.gz,1
fda.citations.history,firm:3005945400,2014-04-25,2026-09-08T14:30:57Z,citation_topic,Items to cover on annual reviews,,fda.citations.history,raw/fda.citations.history/2026/09/20260908T143057Z-0264adc9308f.json.gz,1
fda.citations.history,firm:3005945400,2014-04-25,2026-09-08T14:30:57Z,citation_topic,Reports of Analysis (Components),,fda.citations.history,raw/fda.citations.history/2026/09/20260908T143057Z-0264adc9308f.json.gz,1
fda.citations.history,firm:3005945400,2014-04-25,2026-09-08T14:30:57Z,citation_topic,Written records kept in individual logs,,fda.citations.history,raw/fda.citations.history/2026/09/20260908T143057Z-0264adc9308f.json.gz,1
fda.citations.history,firm:3005945400,2014-04-25,2026-09-08T14:30:57Z,firm_key,HEALTH SPECIALTY,,fda.citations.history,raw/fda.citations.history/2026/09/20260908T143057Z-0264adc9308f.json.gz,1
fda.citations.history,firm:3005945400,2014-04-25,2026-09-08T14:30:57Z,is_gmp,1,bool,fda.citations.history,raw/fda.citations.history/2026/09/20260908T143057Z-0264adc9308f.json.gz,1
fda.citations.history,firm:3005945400,2014-04-25,2026-09-08T14:30:57Z,label,Health Specialty,,fda.citations.history,raw/fda.citations.history/2026/09/20260908T143057Z-0264adc9308f.json.gz,1
fda.citations.history,firm:3006403682,2014-04-02,2026-09-08T14:30:57Z,cfr,21 CFR 211.160(b),,fda.citations.history,raw/fda.citations.history/2026/09/20260908T143057Z-0264adc9308f.json.gz,1
fda.citations.history,firm:3006403682,2014-04-02,2026-09-08T14:30:57Z,cfr,21 CFR 211.194(a),,fda.citations.history,raw/fda.citations.history/2026/09/20260908T143057Z-0264adc9308f.json.gz,1
fda.citations.history,firm:3006403682,2014-04-02,2026-09-08T14:30:57Z,cfr,21 CFR 211.58,,fda.citations.history,raw/fda.citations.history/2026/09/20260908T143057Z-0264adc9308f.json.gz,1
fda.citations.history,firm:3006403682,2014-04-02,2026-09-08T14:30:57Z,cfr,21 CFR 211.67(a),,fda.citations.history,raw/fda.citations.history/2026/09/20260908T143057Z-0264adc9308f.json.gz,1
fda.citations.history,firm:3006403682,2014-04-02,2026-09-08T14:30:57Z,cfr_part,211,part,fda.citations.history,raw/fda.citations.history/2026/09/20260908T143057Z-0264adc9308f.json.gz,1
fda.citations.history,firm:3006403682,2014-04-02,2026-09-08T14:30:57Z,citation,1,count,fda.citations.history,raw/fda.citations.history/2026/09/20260908T143057Z-0264adc9308f.json.gz,1
fda.citations.history,firm:3006403682,2014-04-02,2026-09-08T14:30:57Z,citation_topic,Buildings not maintained in good state of repair,,fda.citations.history,raw/fda.citations.history/2026/09/20260908T143057Z-0264adc9308f.json.gz,1
fda.citations.history,firm:3006403682,2014-04-02,2026-09-08T14:30:57Z,citation_topic,Cleaning / Sanitizing / Maintenance,,fda.citations.history,raw/fda.citations.history/2026/09/20260908T143057Z-0264adc9308f.json.gz,1
fda.citations.history,firm:3006403682,2014-04-02,2026-09-08T14:30:57Z,citation_topic,Complete test data included in records,,fda.citations.history,raw/fda.citations.history/2026/09/20260908T143057Z-0264adc9308f.json.gz,1
fda.citations.history,firm:3006403682,2014-04-02,2026-09-08T14:30:57Z,citation_topic,Scientifically sound laboratory controls,,fda.citations.history,raw/fda.citations.history/2026/09/20260908T143057Z-0264adc9308f.json.gz,1
fda.citations.history,firm:3006403682,2014-04-02,2026-09-08T14:30:57Z,firm_key,JIANERKANG MEDICAL,,fda.citations.history,raw/fda.citations.history/2026/09/20260908T143057Z-0264adc9308f.json.gz,1
fda.citations.history,firm:3006403682,2014-04-02,2026-09-08T14:30:57Z,is_gmp,1,bool,fda.citations.history,raw/fda.citations.history/2026/09/20260908T143057Z-0264adc9308f.json.gz,1
fda.citations.history,firm:3006403682,2014-04-02,2026-09-08T14:30:57Z,label,"Jianerkang Medical Co., Ltd",,fda.citations.history,raw/fda.citations.history/2026/09/20260908T143057Z-0264adc9308f.json.gz,1
fda.citations.history,firm:3006851955,2014-04-25,2026-09-08T14:30:57Z,cfr,21 CFR 211.105(a),,fda.citations.history,raw/fda.citations.history/2026/09/20260908T143057Z-0264adc9308f.json.gz,1
fda.citations.history,firm:3006851955,2014-04-25,2026-09-08T14:30:57Z,cfr,21 CFR 211.113(a),,fda.citations.history,raw/fda.citations.history/2026/09/20260908T143057Z-0264adc9308f.json.gz,1
fda.citations.history,firm:3006851955,2014-04-25,2026-09-08T14:30:57Z,cfr,21 CFR 211.65(a),,fda.citations.history,raw/fda.citations.history/2026/09/20260908T143057Z-0264adc9308f.json.gz,1
fda.citations.history,firm:3006851955,2014-04-25,2026-09-08T14:30:57Z,cfr_part,211,part,fda.citations.history,raw/fda.citations.history/2026/09/20260908T143057Z-0264adc9308f.json.gz,1
fda.citations.history,firm:3006851955,2014-04-25,2026-09-08T14:30:57Z,citation,1,count,fda.citations.history,raw/fda.citations.history/2026/09/20260908T143057Z-0264adc9308f.json.gz,1
fda.citations.history,firm:3006851955,2014-04-25,2026-09-08T14:30:57Z,citation_topic,Equipment construction - reactive surfaces,,fda.citations.history,raw/fda.citations.history/2026/09/20260908T143057Z-0264adc9308f.json.gz,1
fda.citations.history,firm:3006851955,2014-04-25,2026-09-08T14:30:57Z,citation_topic,"Identification of containers, lines, equipment",,fda.citations.history,raw/fda.citations.history/2026/09/20260908T143057Z-0264adc9308f.json.gz,1
fda.citations.history,firm:3006851955,2014-04-25,2026-09-08T14:30:57Z,citation_topic,Procedures for non-sterile drug products,,fda.citations.history,raw/fda.citations.history/2026/09/20260908T143057Z-0264adc9308f.json.gz,1
fda.citations.history,firm:3006851955,2014-04-25,2026-09-08T14:30:57Z,firm_key,TDS PHARM,,fda.citations.history,raw/fda.citations.history/2026/09/20260908T143057Z-0264adc9308f.json.gz,1
fda.citations.history,firm:3006851955,2014-04-25,2026-09-08T14:30:57Z,is_gmp,1,bool,fda.citations.history,raw/fda.citations.history/2026/09/20260908T143057Z-0264adc9308f.json.gz,1
fda.citations.history,firm:3006851955,2014-04-25,2026-09-08T14:30:57Z,label,"TDS Pharm. Co., Ltd.",,fda.citations.history,raw/fda.citations.history/2026/09/20260908T143057Z-0264adc9308f.json.gz,1
fda.citations.history,firm:3008062657,2014-04-14,2026-09-08T14:30:57Z,cfr,21 CFR 211.100(a),,fda.citations.history,raw/fda.citations.history/2026/09/20260908T143057Z-0264adc9308f.json.gz,1
fda.citations.history,firm:3008062657,2014-04-14,2026-09-08T14:30:57Z,cfr,21 CFR 211.165(f),,fda.citations.history,raw/fda.citations.history/2026/09/20260908T143057Z-0264adc9308f.json.gz,1
fda.citations.history,firm:3008062657,2014-04-14,2026-09-08T14:30:57Z,cfr,21 CFR 211.166(a)(3),,fda.citations.history,raw/fda.citations.history/2026/09/20260908T143057Z-0264adc9308f.json.gz,1
fda.citations.history,firm:3008062657,2014-04-14,2026-09-08T14:30:57Z,cfr,21 CFR 211.180(e)(1),,fda.citations.history,raw/fda.citations.history/2026/09/20260908T143057Z-0264adc9308f.json.gz,1
fda.citations.history,firm:3008062657,2014-04-14,2026-09-08T14:30:57Z,cfr,21 CFR 211.186(b)(7),,fda.citations.history,raw/fda.citations.history/2026/09/20260908T143057Z-0264adc9308f.json.gz,1
fda.citations.history,firm:3008062657,2014-04-14,2026-09-08T14:30:57Z,cfr,21 CFR 211.192,,fda.citations.history,raw/fda.citations.history/2026/09/20260908T143057Z-0264adc9308f.json.gz,1
fda.citations.history,firm:3008062657,2014-04-14,2026-09-08T14:30:57Z,cfr,21 CFR 211.194(a)(5),,fda.citations.history,raw/fda.citations.history/2026/09/20260908T143057Z-0264adc9308f.json.gz,1
fda.citations.history,firm:3008062657,2014-04-14,2026-09-08T14:30:57Z,cfr,21 CFR 211.198(a),,fda.citations.history,raw/fda.citations.history/2026/09/20260908T143057Z-0264adc9308f.json.gz,1
fda.citations.history,firm:3008062657,2014-04-14,2026-09-08T14:30:57Z,cfr,21 CFR 211.22(c),,fda.citations.history,raw/fda.citations.history/2026/09/20260908T143057Z-0264adc9308f.json.gz,1
fda.citations.history,firm:3008062657,2014-04-14,2026-09-08T14:30:57Z,cfr,21 CFR 211.22(d),,fda.citations.history,raw/fda.citations.history/2026/09/20260908T143057Z-0264adc9308f.json.gz,1
fda.citations.history,firm:3008062657,2014-04-14,2026-09-08T14:30:57Z,cfr,21 CFR 211.84(a),,fda.citations.history,raw/fda.citations.history/2026/09/20260908T143057Z-0264adc9308f.json.gz,1
fda.citations.history,firm:3008062657,2014-04-14,2026-09-08T14:30:57Z,cfr_part,211,part,fda.citations.history,raw/fda.citations.history/2026/09/20260908T143057Z-0264adc9308f.json.gz,1
fda.citations.history,firm:3008062657,2014-04-14,2026-09-08T14:30:57Z,citation,1,count,fda.citations.history,raw/fda.citations.history/2026/09/20260908T143057Z-0264adc9308f.json.gz,1
fda.citations.history,firm:3008062657,2014-04-14,2026-09-08T14:30:57Z,citation_topic,Absence of Written Procedures,,fda.citations.history,raw/fda.citations.history/2026/09/20260908T143057Z-0264adc9308f.json.gz,1
fda.citations.history,firm:3008062657,2014-04-14,2026-09-08T14:30:57Z,citation_topic,Approve or reject procedures or specs,,fda.citations.history,raw/fda.citations.history/2026/09/20260908T143057Z-0264adc9308f.json.gz,1
fda.citations.history,firm:3008062657,2014-04-14,2026-09-08T14:30:57Z,citation_topic,Calculations performed are in the records,,fda.citations.history,raw/fda.citations.history/2026/09/20260908T143057Z-0264adc9308f.json.gz,1
fda.citations.history,firm:3008062657,2014-04-14,2026-09-08T14:30:57Z,citation_topic,Complaint Handling Procedure,,fda.citations.history,raw/fda.citations.history/2026/09/20260908T143057Z-0264adc9308f.json.gz,1
fda.citations.history,firm:3008062657,2014-04-14,2026-09-08T14:30:57Z,citation_topic,Components withheld from use pending release,,fda.citations.history,raw/fda.citations.history/2026/09/20260908T143057Z-0264adc9308f.json.gz,1
fda.citations.history,firm:3008062657,2014-04-14,2026-09-08T14:30:57Z,citation_topic,Failing drug products not rejected,,fda.citations.history,raw/fda.citations.history/2026/09/20260908T143057Z-0264adc9308f.json.gz,1
fda.citations.history,firm:3008062657,2014-04-14,2026-09-08T14:30:57Z,citation_topic,"Investigations of discrepancies, failures",,fda.citations.history,raw/fda.citations.history/2026/09/20260908T143057Z-0264adc9308f.json.gz,1
fda.citations.history,firm:3008062657,2014-04-14,2026-09-08T14:30:57Z,citation_topic,"Procedures not  in writing, fully followed",,fda.citations.history,raw/fda.citations.history/2026/09/20260908T143057Z-0264adc9308f.json.gz,1
fda.citations.history,firm:3008062657,2014-04-14,2026-09-08T14:30:57Z,citation_topic,Review of representative number of batches,,fda.citations.history,raw/fda.citations.history/2026/09/20260908T143057Z-0264adc9308f.json.gz,1
fda.citations.history,firm:3008062657,2014-04-14,2026-09-08T14:30:57Z,citation_topic,Theoretical Yield and Percentages,,fda.citations.history,raw/fda.citations.history/2026/09/20260908T143057Z-0264adc9308f.json.gz,1
fda.citations.history,firm:3008062657,2014-04-14,2026-09-08T14:30:57Z,citation_topic,Valid stability test methods,,fda.citations.history,raw/fda.citations.history/2026/09/20260908T143057Z-0264adc9308f.json.gz,1
fda.citations.history,firm:3008062657,2014-04-14,2026-09-08T14:30:57Z,firm_key,AXCENTRIA,,fda.citations.history,raw/fda.citations.history/2026/09/20260908T143057Z-0264adc9308f.json.gz,1
fda.citations.history,firm:3008062657,2014-04-14,2026-09-08T14:30:57Z,is_gmp,1,bool,fda.citations.history,raw/fda.citations.history/2026/09/20260908T143057Z-0264adc9308f.json.gz,1
fda.citations.history,firm:3008062657,2014-04-14,2026-09-08T14:30:57Z,label,Axcentria Pharmaceuticals LLC,,fda.citations.history,raw/fda.citations.history/2026/09/20260908T143057Z-0264adc9308f.json.gz,1
fda.citations.history,firm:3008213711,2014-04-08,2026-09-08T14:30:57Z,cfr,21 CFR 211.100(b),,fda.citations.history,raw/fda.citations.history/2026/09/20260908T143057Z-0264adc9308f.json.gz,1
fda.citations.history,firm:3008213711,2014-04-08,2026-09-08T14:30:57Z,cfr,21 CFR 211.130(d),,fda.citations.history,raw/fda.citations.history/2026/09/20260908T143057Z-0264adc9308f.json.gz,1
fda.citations.history,firm:3008213711,2014-04-08,2026-09-08T14:30:57Z,cfr,21 CFR 211.134(c),,fda.citations.history,raw/fda.citations.history/2026/09/20260908T143057Z-0264adc9308f.json.gz,1
fda.citations.history,firm:3008213711,2014-04-08,2026-09-08T14:30:57Z,cfr,21 CFR 211.170(b),,fda.citations.history,raw/fda.citations.history/2026/09/20260908T143057Z-0264adc9308f.json.gz,1
fda.citations.history,firm:3008213711,2014-04-08,2026-09-08T14:30:57Z,cfr,21 CFR 211.186(a),,fda.citations.history,raw/fda.citations.history/2026/09/20260908T143057Z-0264adc9308f.json.gz,1
fda.citations.history,firm:3008213711,2014-04-08,2026-09-08T14:30:57Z,cfr,21 CFR 211.192,,fda.citations.history,raw/fda.citations.history/2026/09/20260908T143057Z-0264adc9308f.json.gz,1
fda.citations.history,firm:3008213711,2014-04-08,2026-09-08T14:30:57Z,cfr_part,211,part,fda.citations.history,raw/fda.citations.history/2026/09/20260908T143057Z-0264adc9308f.json.gz,1
fda.citations.history,firm:3008213711,2014-04-08,2026-09-08T14:30:57Z,citation,1,count,fda.citations.history,raw/fda.citations.history/2026/09/20260908T143057Z-0264adc9308f.json.gz,1
fda.citations.history,firm:3008213711,2014-04-08,2026-09-08T14:30:57Z,citation_topic,Examination of packaging and labeling,,fda.citations.history,raw/fda.citations.history/2026/09/20260908T143057Z-0264adc9308f.json.gz,1
fda.citations.history,firm:3008213711,2014-04-08,2026-09-08T14:30:57Z,citation_topic,Examinations documented,,fda.citations.history,raw/fda.citations.history/2026/09/20260908T143057Z-0264adc9308f.json.gz,1
fda.citations.history,firm:3008213711,2014-04-08,2026-09-08T14:30:57Z,citation_topic,"Investigations of discrepancies, failures",,fda.citations.history,raw/fda.citations.history/2026/09/20260908T143057Z-0264adc9308f.json.gz,1
fda.citations.history,firm:3008213711,2014-04-08,2026-09-08T14:30:57Z,citation_topic,"Reserve samples identified, representative, stored",,fda.citations.history,raw/fda.citations.history/2026/09/20260908T143057Z-0264adc9308f.json.gz,1
fda.citations.history,firm:3008213711,2014-04-08,2026-09-08T14:30:57Z,citation_topic,SOPs not followed / documented,,fda.citations.history,raw/fda.citations.history/2026/09/20260908T143057Z-0264adc9308f.json.gz,1
fda.citations.history,firm:3008213711,2014-04-08,2026-09-08T14:30:57Z,citation_topic,Signature and checking of records -- 2 persons,,fda.citations.history,raw/fda.citations.history/2026/09/20260908T143057Z-0264adc9308f.json.gz,1
fda.citations.history,firm:3008213711,2014-04-08,2026-09-08T14:30:57Z,firm_key,PHARMAKON,,fda.citations.history,raw/fda.citations.history/2026/09/20260908T143057Z-0264adc9308f.json.gz,1
fda.citations.history,firm:3008213711,2014-04-08,2026-09-08T14:30:57Z,is_gmp,1,bool,fda.citations.history,raw/fda.citations.history/2026/09/20260908T143057Z-0264adc9308f.json.gz,1
fda.citations.history,firm:3008213711,2014-04-08,2026-09-08T14:30:57Z,label,"Pharmakon Pharmaceuticals, Inc.",,fda.citations.history,raw/fda.citations.history/2026/09/20260908T143057Z-0264adc9308f.json.gz,1
fda.citations.history,firm:3008534892,2014-04-29,2026-09-08T14:30:57Z,cfr,21 CFR 211.142,,fda.citations.history,raw/fda.citations.history/2026/09/20260908T143057Z-0264adc9308f.json.gz,1
fda.citations.history,firm:3008534892,2014-04-29,2026-09-08T14:30:57Z,cfr,21 CFR 211.150,,fda.citations.history,raw/fda.citations.history/2026/09/20260908T143057Z-0264adc9308f.json.gz,1
fda.citations.history,firm:3008534892,2014-04-29,2026-09-08T14:30:57Z,cfr,21 CFR 211.25(a),,fda.citations.history,raw/fda.citations.history/2026/09/20260908T143057Z-0264adc9308f.json.gz,1
fda.citations.history,firm:3008534892,2014-04-29,2026-09-08T14:30:57Z,cfr,21 CFR 211.46(b),,fda.citations.history,raw/fda.citations.history/2026/09/20260908T143057Z-0264adc9308f.json.gz,1
fda.citations.history,firm:3008534892,2014-04-29,2026-09-08T14:30:57Z,cfr,21 CFR 211.58,,fda.citations.history,raw/fda.citations.history/2026/09/20260908T143057Z-0264adc9308f.json.gz,1
fda.citations.history,firm:3008534892,2014-04-29,2026-09-08T14:30:57Z,cfr,21 CFR 211.68(a),,fda.citations.history,raw/fda.citations.history/2026/09/20260908T143057Z-0264adc9308f.json.gz,1
fda.citations.history,firm:3008534892,2014-04-29,2026-09-08T14:30:57Z,cfr_part,211,part,fda.citations.history,raw/fda.citations.history/2026/09/20260908T143057Z-0264adc9308f.json.gz,1
fda.citations.history,firm:3008534892,2014-04-29,2026-09-08T14:30:57Z,citation,1,count,fda.citations.history,raw/fda.citations.history/2026/09/20260908T143057Z-0264adc9308f.json.gz,1
fda.citations.history,firm:3008534892,2014-04-29,2026-09-08T14:30:57Z,citation_topic,Buildings not maintained in good state of repair,,fda.citations.history,raw/fda.citations.history/2026/09/20260908T143057Z-0264adc9308f.json.gz,1
fda.citations.history,firm:3008534892,2014-04-29,2026-09-08T14:30:57Z,citation_topic,Calibration/Inspection/Checking not done,,fda.citations.history,raw/fda.citations.history/2026/09/20260908T143057Z-0264adc9308f.json.gz,1
fda.citations.history,firm:3008534892,2014-04-29,2026-09-08T14:30:57Z,citation_topic,Equipment for Environmental Control,,fda.citations.history,raw/fda.citations.history/2026/09/20260908T143057Z-0264adc9308f.json.gz,1
fda.citations.history,firm:3008534892,2014-04-29,2026-09-08T14:30:57Z,citation_topic,"Training--operations, GMPs, written procedures",,fda.citations.history,raw/fda.citations.history/2026/09/20260908T143057Z-0264adc9308f.json.gz,1
fda.citations.history,firm:3008534892,2014-04-29,2026-09-08T14:30:57Z,citation_topic,Written distribution procedure,,fda.citations.history,raw/fda.citations.history/2026/09/20260908T143057Z-0264adc9308f.json.gz,1
fda.citations.history,firm:3008534892,2014-04-29,2026-09-08T14:30:57Z,citation_topic,Written warehousing procedures established/followed,,fda.citations.history,raw/fda.citations.history/2026/09/20260908T143057Z-0264adc9308f.json.gz,1
fda.citations.history,firm:3008534892,2014-04-29,2026-09-08T14:30:57Z,firm_key,R A MCNEIL,,fda.citations.history,raw/fda.citations.history/2026/09/20260908T143057Z-0264adc9308f.json.gz,1
fda.citations.history,firm:3008534892,2014-04-29,2026-09-08T14:30:57Z,is_gmp,1,bool,fda.citations.history,raw/fda.citations.history/2026/09/20260908T143057Z-0264adc9308f.json.gz,1
fda.citations.history,firm:3008534892,2014-04-29,2026-09-08T14:30:57Z,label,R.A. McNeil Company,,fda.citations.history,raw/fda.citations.history/2026/09/20260908T143057Z-0264adc9308f.json.gz,1
fda.citations.history,firm:3010146372,2014-04-17,2026-09-08T14:30:57Z,cfr,21 CFR 211.113(b),,fda.citations.history,raw/fda.citations.history/2026/09/20260908T143057Z-0264adc9308f.json.gz,1
fda.citations.history,firm:3010146372,2014-04-17,2026-09-08T14:30:57Z,cfr,21 CFR 211.67(a),,fda.citations.history,raw/fda.citations.history/2026/09/20260908T143057Z-0264adc9308f.json.gz,1
fda.citations.history,firm:3010146372,2014-04-17,2026-09-08T14:30:57Z,cfr_part,211,part,fda.citations.history,raw/fda.citations.history/2026/09/20260908T143057Z-0264adc9308f.json.gz,1
fda.citations.history,firm:3010146372,2014-04-17,2026-09-08T14:30:57Z,citation,1,count,fda.citations.history,raw/fda.citations.history/2026/09/20260908T143057Z-0264adc9308f.json.gz,1
fda.citations.history,firm:3010146372,2014-04-17,2026-09-08T14:30:57Z,citation_topic,Cleaning / Sanitizing / Maintenance,,fda.citations.history,raw/fda.citations.history/2026/09/20260908T143057Z-0264adc9308f.json.gz,1
fda.citations.history,firm:3010146372,2014-04-17,2026-09-08T14:30:57Z,citation_topic,Procedures for sterile drug products,,fda.citations.history,raw/fda.citations.history/2026/09/20260908T143057Z-0264adc9308f.json.gz,1
fda.citations.history,firm:3010146372,2014-04-17,2026-09-08T14:30:57Z,firm_key,ZOETIS,,fda.citations.history,raw/fda.citations.history/2026/09/20260908T143057Z-0264adc9308f.json.gz,1
fda.citations.history,firm:3010146372,2014-04-17,2026-09-08T14:30:57Z,is_gmp,1,bool,fda.citations.history,raw/fda.citations.history/2026/09/20260908T143057Z-0264adc9308f.json.gz,1
fda.citations.history,firm:3010146372,2014-04-17,2026-09-08T14:30:57Z,label,Zoetis LLC,,fda.citations.history,raw/fda.citations.history/2026/09/20260908T143057Z-0264adc9308f.json.gz,1
fda.citations.history,firm:3010477,2014-04-15,2026-09-08T14:30:57Z,cfr,21 CFR 211.100(a),,fda.citations.history,raw/fda.citations.history/2026/09/20260908T143057Z-0264adc9308f.json.gz,1
fda.citations.history,firm:3010477,2014-04-15,2026-09-08T14:30:57Z,cfr,21 CFR 211.110(a)(3),,fda.citations.history,raw/fda.citations.history/2026/09/20260908T143057Z-0264adc9308f.json.gz,1
fda.citations.history,firm:3010477,2014-04-15,2026-09-08T14:30:57Z,cfr,21 CFR 211.113(b),,fda.citations.history,raw/fda.citations.history/2026/09/20260908T143057Z-0264adc9308f.json.gz,1
fda.citations.history,firm:3010477,2014-04-15,2026-09-08T14:30:57Z,cfr,21 CFR 211.160(b),,fda.citations.history,raw/fda.citations.history/2026/09/20260908T143057Z-0264adc9308f.json.gz,1
fda.citations.history,firm:3010477,2014-04-15,2026-09-08T14:30:57Z,cfr,21 CFR 211.160(b)(3),,fda.citations.history,raw/fda.citations.history/2026/09/20260908T143057Z-0264adc9308f.json.gz,1
fda.citations.history,firm:3010477,2014-04-15,2026-09-08T14:30:57Z,cfr,21 CFR 211.165(b),,fda.citations.history,raw/fda.citations.history/2026/09/20260908T143057Z-0264adc9308f.json.gz,1
fda.citations.history,firm:3010477,2014-04-15,2026-09-08T14:30:57Z,cfr,21 CFR 211.167(a),,fda.citations.history,raw/fda.citations.history/2026/09/20260908T143057Z-0264adc9308f.json.gz,1
fda.citations.history,firm:3010477,2014-04-15,2026-09-08T14:30:57Z,cfr,21 CFR 211.194(a)(4),,fda.citations.history,raw/fda.citations.history/2026/09/20260908T143057Z-0264adc9308f.json.gz,1
fda.citations.history,firm:3010477,2014-04-15,2026-09-08T14:30:57Z,cfr,21 CFR 211.194(a)(5),,fda.citations.history,raw/fda.citations.history/2026/09/20260908T143057Z-0264adc9308f.json.gz,1
fda.citations.history,firm:3010477,2014-04-15,2026-09-08T14:30:57Z,cfr,21 CFR 211.194(a)(7),,fda.citations.history,raw/fda.citations.history/2026/09/20260908T143057Z-0264adc9308f.json.gz,1
fda.citations.history,firm:3010477,2014-04-15,2026-09-08T14:30:57Z,cfr,21 CFR 211.22(a),,fda.citations.history,raw/fda.citations.history/2026/09/20260908T143057Z-0264adc9308f.json.gz,1
fda.citations.history,firm:3010477,2014-04-15,2026-09-08T14:30:57Z,cfr,21 CFR 211.22(d),,fda.citations.history,raw/fda.citations.history/2026/09/20260908T143057Z-0264adc9308f.json.gz,1
fda.citations.history,firm:3010477,2014-04-15,2026-09-08T14:30:57Z,cfr,21 CFR 211.25(a),,fda.citations.history,raw/fda.citations.history/2026/09/20260908T143057Z-0264adc9308f.json.gz,1
fda.citations.history,firm:3010477,2014-04-15,2026-09-08T14:30:57Z,cfr,21 CFR 211.42(c)(10)(v),,fda.citations.history,raw/fda.citations.history/2026/09/20260908T143057Z-0264adc9308f.json.gz,1
fda.citations.history,firm:3010477,2014-04-15,2026-09-08T14:30:57Z,cfr,21 CFR 211.68(b),,fda.citations.history,raw/fda.citations.history/2026/09/20260908T143057Z-0264adc9308f.json.gz,1
fda.citations.history,firm:3010477,2014-04-15,2026-09-08T14:30:57Z,cfr,21 CFR 211.80(a),,fda.citations.history,raw/fda.citations.history/2026/09/20260908T143057Z-0264adc9308f.json.gz,1
fda.citations.history,firm:3010477,2014-04-15,2026-09-08T14:30:57Z,cfr,21 CFR 212.60(f),,fda.citations.history,raw/fda.citations.history/2026/09/20260908T143057Z-0264adc9308f.json.gz,1
fda.citations.history,firm:3010477,2014-04-15,2026-09-08T14:30:57Z,cfr_part,211,part,fda.citations.history,raw/fda.citations.history/2026/09/20260908T143057Z-0264adc9308f.json.gz,1
fda.citations.history,firm:3010477,2014-04-15,2026-09-08T14:30:57Z,cfr_part,212,part,fda.citations.history,raw/fda.citations.history/2026/09/20260908T143057Z-0264adc9308f.json.gz,1
fda.citations.history,firm:3010477,2014-04-15,2026-09-08T14:30:57Z,citation,1,count,fda.citations.history,raw/fda.citations.history/2026/09/20260908T143057Z-0264adc9308f.json.gz,1
fda.citations.history,firm:3010477,2014-04-15,2026-09-08T14:30:57Z,citation_topic,Absence of Written Procedures,,fda.citations.history,raw/fda.citations.history/2026/09/20260908T143057Z-0264adc9308f.json.gz,1
fda.citations.history,firm:3010477,2014-04-15,2026-09-08T14:30:57Z,citation_topic,"Authority lacking to review records, investigate errors",,fda.citations.history,raw/fda.citations.history/2026/09/20260908T143057Z-0264adc9308f.json.gz,1
fda.citations.history,firm:3010477,2014-04-15,2026-09-08T14:30:57Z,citation_topic,Calculations performed are in the records,,fda.citations.history,raw/fda.citations.history/2026/09/20260908T143057Z-0264adc9308f.json.gz,1
fda.citations.history,firm:3010477,2014-04-15,2026-09-08T14:30:57Z,citation_topic,Cleaning System,,fda.citations.history,raw/fda.citations.history/2026/09/20260908T143057Z-0264adc9308f.json.gz,1
fda.citations.history,firm:3010477,2014-04-15,2026-09-08T14:30:57Z,citation_topic,Complete Test Data,,fda.citations.history,raw/fda.citations.history/2026/09/20260908T143057Z-0264adc9308f.json.gz,1
fda.citations.history,firm:3010477,2014-04-15,2026-09-08T14:30:57Z,citation_topic,Computer control of master formula records,,fda.citations.history,raw/fda.citations.history/2026/09/20260908T143057Z-0264adc9308f.json.gz,1
fda.citations.history,firm:3010477,2014-04-15,2026-09-08T14:30:57Z,citation_topic,Drug product sample,,fda.citations.history,raw/fda.citations.history/2026/09/20260908T143057Z-0264adc9308f.json.gz,1
fda.citations.history,firm:3010477,2014-04-15,2026-09-08T14:30:57Z,citation_topic,"Drug products - samples representative, identified properly",,fda.citations.history,raw/fda.citations.history/2026/09/20260908T143057Z-0264adc9308f.json.gz,1
fda.citations.history,firm:3010477,2014-04-15,2026-09-08T14:30:57Z,citation_topic,Lab written procedures,,fda.citations.history,raw/fda.citations.history/2026/09/20260908T143057Z-0264adc9308f.json.gz,1
fda.citations.history,firm:3010477,2014-04-15,2026-09-08T14:30:57Z,citation_topic,Microbiological testing,,fda.citations.history,raw/fda.citations.history/2026/09/20260908T143057Z-0264adc9308f.json.gz,1
fda.citations.history,firm:3010477,2014-04-15,2026-09-08T14:30:57Z,citation_topic,Mixing adequacy,,fda.citations.history,raw/fda.citations.history/2026/09/20260908T143057Z-0264adc9308f.json.gz,1
fda.citations.history,firm:3010477,2014-04-15,2026-09-08T14:30:57Z,citation_topic,Procedures To Be in Writing,,fda.citations.history,raw/fda.citations.history/2026/09/20260908T143057Z-0264adc9308f.json.gz,1
fda.citations.history,firm:3010477,2014-04-15,2026-09-08T14:30:57Z,citation_topic,Procedures for sterile drug products,,fda.citations.history,raw/fda.citations.history/2026/09/20260908T143057Z-0264adc9308f.json.gz,1
fda.citations.history,firm:3010477,2014-04-15,2026-09-08T14:30:57Z,citation_topic,"Procedures not  in writing, fully followed",,fda.citations.history,raw/fda.citations.history/2026/09/20260908T143057Z-0264adc9308f.json.gz,1
fda.citations.history,firm:3010477,2014-04-15,2026-09-08T14:30:57Z,citation_topic,Scientifically sound laboratory controls,,fda.citations.history,raw/fda.citations.history/2026/09/20260908T143057Z-0264adc9308f.json.gz,1
fda.citations.history,firm:3010477,2014-04-15,2026-09-08T14:30:57Z,citation_topic,Signatures and dates--person who performs test,,fda.citations.history,raw/fda.citations.history/2026/09/20260908T143057Z-0264adc9308f.json.gz,1
fda.citations.history,firm:3010477,2014-04-15,2026-09-08T14:30:57Z,citation_topic,"Sterility/pyrogens - test methods written, followed",,fda.citations.history,raw/fda.citations.history/2026/09/20260908T143057Z-0264adc9308f.json.gz,1
fda.citations.history,firm:3010477,2014-04-15,2026-09-08T14:30:57Z,citation_topic,"Training--operations, GMPs, written procedures",,fda.citations.history,raw/fda.citations.history/2026/09/20260908T143057Z-0264adc9308f.json.gz,1
fda.citations.history,firm:3010477,2014-04-15,2026-09-08T14:30:57Z,firm_key,JUBILANT HOLLISTERSTIER,,fda.citations.history,raw/fda.citations.history/2026/09/20260908T143057Z-0264adc9308f.json.gz,1
fda.citations.history,firm:3010477,2014-04-15,2026-09-08T14:30:57Z,is_gmp,0,bool,fda.citations.history,raw/fda.citations.history/2026/09/20260908T143057Z-0264adc9308f.json.gz,1
fda.citations.history,firm:3010477,2014-04-15,2026-09-08T14:30:57Z,is_gmp,1,bool,fda.citations.history,raw/fda.citations.history/2026/09/20260908T143057Z-0264adc9308f.json.gz,1
fda.citations.history,firm:3010477,2014-04-15,2026-09-08T14:30:57Z,label,Jubilant HollisterStier LLC,,fda.citations.history,raw/fda.citations.history/2026/09/20260908T143057Z-0264adc9308f.json.gz,1
fda.citations.history,firm:3010683157,2014-04-02,2026-09-08T14:30:57Z,cfr,21 CFR 211.113(b),,fda.citations.history,raw/fda.citations.history/2026/09/20260908T143057Z-0264adc9308f.json.gz,1
fda.citations.history,firm:3010683157,2014-04-02,2026-09-08T14:30:57Z,cfr,21 CFR 211.165(a),,fda.citations.history,raw/fda.citations.history/2026/09/20260908T143057Z-0264adc9308f.json.gz,1
fda.citations.history,firm:3010683157,2014-04-02,2026-09-08T14:30:57Z,cfr,21 CFR 211.192,,fda.citations.history,raw/fda.citations.history/2026/09/20260908T143057Z-0264adc9308f.json.gz,1
fda.citations.history,firm:3010683157,2014-04-02,2026-09-08T14:30:57Z,cfr,21 CFR 211.28(a),,fda.citations.history,raw/fda.citations.history/2026/09/20260908T143057Z-0264adc9308f.json.gz,1
fda.citations.history,firm:3010683157,2014-04-02,2026-09-08T14:30:57Z,cfr,21 CFR 211.42(c)(10)(v),,fda.citations.history,raw/fda.citations.history/2026/09/20260908T143057Z-0264adc9308f.json.gz,1
fda.citations.history,firm:3010683157,2014-04-02,2026-09-08T14:30:57Z,cfr,21 CFR 211.42(c)(10)(vi),,fda.citations.history,raw/fda.citations.history/2026/09/20260908T143057Z-0264adc9308f.json.gz,1
fda.citations.history,firm:3010683157,2014-04-02,2026-09-08T14:30:57Z,cfr,21 CFR 211.56(a),,fda.citations.history,raw/fda.citations.history/2026/09/20260908T143057Z-0264adc9308f.json.gz,1
fda.citations.history,firm:3010683157,2014-04-02,2026-09-08T14:30:57Z,cfr_part,211,part,fda.citations.history,raw/fda.citations.history/2026/09/20260908T143057Z-0264adc9308f.json.gz,1
fda.citations.history,firm:3010683157,2014-04-02,2026-09-08T14:30:57Z,citation,1,count,fda.citations.history,raw/fda.citations.history/2026/09/20260908T143057Z-0264adc9308f.json.gz,1
fda.citations.history,firm:3010683157,2014-04-02,2026-09-08T14:30:57Z,citation_topic,Cleaning System,,fda.citations.history,raw/fda.citations.history/2026/09/20260908T143057Z-0264adc9308f.json.gz,1
fda.citations.history,firm:3010683157,2014-04-02,2026-09-08T14:30:57Z,citation_topic,Clothing appropriate for duties performed,,fda.citations.history,raw/fda.citations.history/2026/09/20260908T143057Z-0264adc9308f.json.gz,1
fda.citations.history,firm:3010683157,2014-04-02,2026-09-08T14:30:57Z,citation_topic,Equipment to control conditions,,fda.citations.history,raw/fda.citations.history/2026/09/20260908T143057Z-0264adc9308f.json.gz,1
fda.citations.history,firm:3010683157,2014-04-02,2026-09-08T14:30:57Z,citation_topic,"Investigations of discrepancies, failures",,fda.citations.history,raw/fda.citations.history/2026/09/20260908T143057Z-0264adc9308f.json.gz,1
fda.citations.history,firm:3010683157,2014-04-02,2026-09-08T14:30:57Z,citation_topic,"Sanitation--buildings not clean, free of infestation",,fda.citations.history,raw/fda.citations.history/2026/09/20260908T143057Z-0264adc9308f.json.gz,1
fda.citations.history,firm:3010683157,2014-04-02,2026-09-08T14:30:57Z,citation_topic,Testing and release for distribution,,fda.citations.history,raw/fda.citations.history/2026/09/20260908T143057Z-0264adc9308f.json.gz,1
fda.citations.history,firm:3010683157,2014-04-02,2026-09-08T14:30:57Z,citation_topic,Validation lacking for sterile drug products,,fda.citations.history,raw/fda.citations.history/2026/09/20260908T143057Z-0264adc9308f.json.gz,1
fda.citations.history,firm:3010683157,2014-04-02,2026-09-08T14:30:57Z,firm_key,SCA,,fda.citations.history,raw/fda.citations.history/2026/09/20260908T143057Z-0264adc9308f.json.gz,1
fda.citations.history,firm:3010683157,2014-04-02,2026-09-08T14:30:57Z,is_gmp,1,bool,fda.citations.history,raw/fda.citations.history/2026/09/20260908T143057Z-0264adc9308f.json.gz,1
fda.citations.history,firm:3010683157,2014-04-02,2026-09-08T14:30:57Z,label,"SCA Pharmaceuticals, Inc.",,fda.citations.history,raw/fda.citations.history/2026/09/20260908T143057Z-0264adc9308f.json.gz,1
fda.complianceactions.drugs,firm:3002128313,2014-04-11,2026-09-07T21:01:42Z,action_taken,20140411,yyyymmdd,fda.complianceactions.drugs,raw/fda.complianceactions.drugs/2026/09/20260907T210142Z-90b93f350b34.json.gz,1
fda.complianceactions.drugs,firm:3002128313,2014-04-11,2026-09-07T21:01:42Z,action_warning_letter,1,count,fda.complianceactions.drugs,raw/fda.complianceactions.drugs/2026/09/20260907T210142Z-90b93f350b34.json.gz,1
fda.complianceactions.drugs,firm:3002128313,2014-04-11,2026-09-07T21:01:42Z,compliance_action,1,count,fda.complianceactions.drugs,raw/fda.complianceactions.drugs/2026/09/20260907T210142Z-90b93f350b34.json.gz,1
fda.complianceactions.drugs,firm:3002128313,2014-04-11,2026-09-07T21:01:42Z,firm_key,SANUM KEHLBECK,,fda.complianceactions.drugs,raw/fda.complianceactions.drugs/2026/09/20260907T210142Z-90b93f350b34.json.gz,1
fda.complianceactions.drugs,firm:3002128313,2014-04-11,2026-09-07T21:01:42Z,is_foreign,1,bool,fda.complianceactions.drugs,raw/fda.complianceactions.drugs/2026/09/20260907T210142Z-90b93f350b34.json.gz,1
fda.complianceactions.drugs,firm:3002128313,2014-04-11,2026-09-07T21:01:42Z,label,SANUM-Kehlbeck GmbH & Co. KG,,fda.complianceactions.drugs,raw/fda.complianceactions.drugs/2026/09/20260907T210142Z-90b93f350b34.json.gz,1
fda.complianceactions.drugs,firm:3010132216,2014-04-10,2026-09-07T21:01:42Z,action_taken,20140410,yyyymmdd,fda.complianceactions.drugs,raw/fda.complianceactions.drugs/2026/09/20260907T210142Z-90b93f350b34.json.gz,1
fda.complianceactions.drugs,firm:3010132216,2014-04-10,2026-09-07T21:01:42Z,action_warning_letter,1,count,fda.complianceactions.drugs,raw/fda.complianceactions.drugs/2026/09/20260907T210142Z-90b93f350b34.json.gz,1
fda.complianceactions.drugs,firm:3010132216,2014-04-10,2026-09-07T21:01:42Z,compliance_action,1,count,fda.complianceactions.drugs,raw/fda.complianceactions.drugs/2026/09/20260907T210142Z-90b93f350b34.json.gz,1
fda.complianceactions.drugs,firm:3010132216,2014-04-10,2026-09-07T21:01:42Z,firm_key,AMKS TIME RELEASE,,fda.complianceactions.drugs,raw/fda.complianceactions.drugs/2026/09/20260907T210142Z-90b93f350b34.json.gz,1
fda.complianceactions.drugs,firm:3010132216,2014-04-10,2026-09-07T21:01:42Z,is_foreign,0,bool,fda.complianceactions.drugs,raw/fda.complianceactions.drugs/2026/09/20260907T210142Z-90b93f350b34.json.gz,1
fda.complianceactions.drugs,firm:3010132216,2014-04-10,2026-09-07T21:01:42Z,label,"AMKS TIME RELEASE LAB, LLC",,fda.complianceactions.drugs,raw/fda.complianceactions.drugs/2026/09/20260907T210142Z-90b93f350b34.json.gz,1
fda.complianceactions.drugs,firm:3010182935,2014-04-18,2026-09-07T21:01:42Z,action_taken,20140418,yyyymmdd,fda.complianceactions.drugs,raw/fda.complianceactions.drugs/2026/09/20260907T210142Z-90b93f350b34.json.gz,1
fda.complianceactions.drugs,firm:3010182935,2014-04-18,2026-09-07T21:01:42Z,action_warning_letter,1,count,fda.complianceactions.drugs,raw/fda.complianceactions.drugs/2026/09/20260907T210142Z-90b93f350b34.json.gz,1
fda.complianceactions.drugs,firm:3010182935,2014-04-18,2026-09-07T21:01:42Z,compliance_action,1,count,fda.complianceactions.drugs,raw/fda.complianceactions.drugs/2026/09/20260907T210142Z-90b93f350b34.json.gz,1
fda.complianceactions.drugs,firm:3010182935,2014-04-18,2026-09-07T21:01:42Z,firm_key,ROGERIO LOBO,,fda.complianceactions.drugs,raw/fda.complianceactions.drugs/2026/09/20260907T210142Z-90b93f350b34.json.gz,1
fda.complianceactions.drugs,firm:3010182935,2014-04-18,2026-09-07T21:01:42Z,is_foreign,0,bool,fda.complianceactions.drugs,raw/fda.complianceactions.drugs/2026/09/20260907T210142Z-90b93f350b34.json.gz,1
fda.complianceactions.drugs,firm:3010182935,2014-04-18,2026-09-07T21:01:42Z,label,Rogerio Lobo,,fda.complianceactions.drugs,raw/fda.complianceactions.drugs/2026/09/20260907T210142Z-90b93f350b34.json.gz,1
fda.complianceactions.drugs,firm:3010185641,2014-04-30,2026-09-07T21:01:42Z,action_taken,20140430,yyyymmdd,fda.complianceactions.drugs,raw/fda.complianceactions.drugs/2026/09/20260907T210142Z-90b93f350b34.json.gz,1
fda.complianceactions.drugs,firm:3010185641,2014-04-30,2026-09-07T21:01:42Z,action_warning_letter,1,count,fda.complianceactions.drugs,raw/fda.complianceactions.drugs/2026/09/20260907T210142Z-90b93f350b34.json.gz,1
fda.complianceactions.drugs,firm:3010185641,2014-04-30,2026-09-07T21:01:42Z,compliance_action,1,count,fda.complianceactions.drugs,raw/fda.complianceactions.drugs/2026/09/20260907T210142Z-90b93f350b34.json.gz,1
fda.complianceactions.drugs,firm:3010185641,2014-04-30,2026-09-07T21:01:42Z,firm_key,MICHELE SEWELL,,fda.complianceactions.drugs,raw/fda.complianceactions.drugs/2026/09/20260907T210142Z-90b93f350b34.json.gz,1
fda.complianceactions.drugs,firm:3010185641,2014-04-30,2026-09-07T21:01:42Z,is_foreign,0,bool,fda.complianceactions.drugs,raw/fda.complianceactions.drugs/2026/09/20260907T210142Z-90b93f350b34.json.gz,1
fda.complianceactions.drugs,firm:3010185641,2014-04-30,2026-09-07T21:01:42Z,label,Michele Sewell,,fda.complianceactions.drugs,raw/fda.complianceactions.drugs/2026/09/20260907T210142Z-90b93f350b34.json.gz,1
fda.complianceactions.drugs,firm:3010223213,2014-04-22,2026-09-07T21:01:42Z,action_taken,20140422,yyyymmdd,fda.complianceactions.drugs,raw/fda.complianceactions.drugs/2026/09/20260907T210142Z-90b93f350b34.json.gz,1
fda.complianceactions.drugs,firm:3010223213,2014-04-22,2026-09-07T21:01:42Z,action_warning_letter,1,count,fda.complianceactions.drugs,raw/fda.complianceactions.drugs/2026/09/20260907T210142Z-90b93f350b34.json.gz,1
fda.complianceactions.drugs,firm:3010223213,2014-04-22,2026-09-07T21:01:42Z,compliance_action,1,count,fda.complianceactions.drugs,raw/fda.complianceactions.drugs/2026/09/20260907T210142Z-90b93f350b34.json.gz,1
fda.complianceactions.drugs,firm:3010223213,2014-04-22,2026-09-07T21:01:42Z,firm_key,AMERICARE COMPOUNDING,,fda.complianceactions.drugs,raw/fda.complianceactions.drugs/2026/09/20260907T210142Z-90b93f350b34.json.gz,1
fda.complianceactions.drugs,firm:3010223213,2014-04-22,2026-09-07T21:01:42Z,is_foreign,0,bool,fda.complianceactions.drugs,raw/fda.complianceactions.drugs/2026/09/20260907T210142Z-90b93f350b34.json.gz,1
fda.complianceactions.drugs,firm:3010223213,2014-04-22,2026-09-07T21:01:42Z,label,"Americare Compounding, LLC.",,fda.complianceactions.drugs,raw/fda.complianceactions.drugs/2026/09/20260907T210142Z-90b93f350b34.json.gz,1
fda.complianceactions.drugs,firm:3010306581,2014-04-28,2026-09-07T21:01:42Z,action_taken,20140428,yyyymmdd,fda.complianceactions.drugs,raw/fda.complianceactions.drugs/2026/09/20260907T210142Z-90b93f350b34.json.gz,1
fda.complianceactions.drugs,firm:3010306581,2014-04-28,2026-09-07T21:01:42Z,action_warning_letter,1,count,fda.complianceactions.drugs,raw/fda.complianceactions.drugs/2026/09/20260907T210142Z-90b93f350b34.json.gz,1
fda.complianceactions.drugs,firm:3010306581,2014-04-28,2026-09-07T21:01:42Z,compliance_action,1,count,fda.complianceactions.drugs,raw/fda.complianceactions.drugs/2026/09/20260907T210142Z-90b93f350b34.json.gz,1
fda.complianceactions.drugs,firm:3010306581,2014-04-28,2026-09-07T21:01:42Z,firm_key,RUEMU E BIRHIRAY M D,,fda.complianceactions.drugs,raw/fda.complianceactions.drugs/2026/09/20260907T210142Z-90b93f350b34.json.gz,1
fda.complianceactions.drugs,firm:3010306581,2014-04-28,2026-09-07T21:01:42Z,is_foreign,0,bool,fda.complianceactions.drugs,raw/fda.complianceactions.drugs/2026/09/20260907T210142Z-90b93f350b34.json.gz,1
fda.complianceactions.drugs,firm:3010306581,2014-04-28,2026-09-07T21:01:42Z,label,"Ruemu E. Birhiray, M.D.",,fda.complianceactions.drugs,raw/fda.complianceactions.drugs/2026/09/20260907T210142Z-90b93f350b34.json.gz,1
fda.complianceactions.drugs,firm:3010433194,2014-04-30,2026-09-07T21:01:42Z,action_taken,20140430,yyyymmdd,fda.complianceactions.drugs,raw/fda.complianceactions.drugs/2026/09/20260907T210142Z-90b93f350b34.json.gz,1
fda.complianceactions.drugs,firm:3010433194,2014-04-30,2026-09-07T21:01:42Z,action_warning_letter,1,count,fda.complianceactions.drugs,raw/fda.complianceactions.drugs/2026/09/20260907T210142Z-90b93f350b34.json.gz,1
fda.complianceactions.drugs,firm:3010433194,2014-04-30,2026-09-07T21:01:42Z,compliance_action,1,count,fda.complianceactions.drugs,raw/fda.complianceactions.drugs/2026/09/20260907T210142Z-90b93f350b34.json.gz,1
fda.complianceactions.drugs,firm:3010433194,2014-04-30,2026-09-07T21:01:42Z,firm_key,BLUE RIDGE PHARMACY AND COMPOUNDING CENTER,,fda.complianceactions.drugs,raw/fda.complianceactions.drugs/2026/09/20260907T210142Z-90b93f350b34.json.gz,1
fda.complianceactions.drugs,firm:3010433194,2014-04-30,2026-09-07T21:01:42Z,is_foreign,0,bool,fda.complianceactions.drugs,raw/fda.complianceactions.drugs/2026/09/20260907T210142Z-90b93f350b34.json.gz,1
fda.complianceactions.drugs,firm:3010433194,2014-04-30,2026-09-07T21:01:42Z,label,Blue Ridge Pharmacy and Compounding Center,,fda.complianceactions.drugs,raw/fda.complianceactions.drugs/2026/09/20260907T210142Z-90b93f350b34.json.gz,1
fda.inspections.history,firm:1000115322,2014-04-25,2026-09-08T14:34:16Z,classification,0,ordinal,fda.inspections.history,raw/fda.inspections.history/2026/09/20260908T143416Z-4b7986a411cf.json.gz,1
fda.inspections.history,firm:1000115322,2014-04-25,2026-09-08T14:34:16Z,firm_key,SIXARP,,fda.inspections.history,raw/fda.inspections.history/2026/09/20260908T143416Z-4b7986a411cf.json.gz,1
fda.inspections.history,firm:1000115322,2014-04-25,2026-09-08T14:34:16Z,inspected,1,count,fda.inspections.history,raw/fda.inspections.history/2026/09/20260908T143416Z-4b7986a411cf.json.gz,1
fda.inspections.history,firm:1000115322,2014-04-25,2026-09-08T14:34:16Z,inspection_end,20140425,yyyymmdd,fda.inspections.history,raw/fda.inspections.history/2026/09/20260908T143416Z-4b7986a411cf.json.gz,1
fda.inspections.history,firm:1000115322,2014-04-25,2026-09-08T14:34:16Z,is_foreign,0,bool,fda.inspections.history,raw/fda.inspections.history/2026/09/20260908T143416Z-4b7986a411cf.json.gz,1
fda.inspections.history,firm:1000115322,2014-04-25,2026-09-08T14:34:16Z,is_oai,0,bool,fda.inspections.history,raw/fda.inspections.history/2026/09/20260908T143416Z-4b7986a411cf.json.gz,1
fda.inspections.history,firm:1000115322,2014-04-25,2026-09-08T14:34:16Z,label,"Sixarp, LLC",,fda.inspections.history,raw/fda.inspections.history/2026/09/20260908T143416Z-4b7986a411cf.json.gz,1
fda.inspections.history,firm:1000117684,2014-04-25,2026-09-08T14:34:16Z,classification,1,ordinal,fda.inspections.history,raw/fda.inspections.history/2026/09/20260908T143416Z-4b7986a411cf.json.gz,1
fda.inspections.history,firm:1000117684,2014-04-25,2026-09-08T14:34:16Z,firm_key,DPT,,fda.inspections.history,raw/fda.inspections.history/2026/09/20260908T143416Z-4b7986a411cf.json.gz,1
fda.inspections.history,firm:1000117684,2014-04-25,2026-09-08T14:34:16Z,inspected,1,count,fda.inspections.history,raw/fda.inspections.history/2026/09/20260908T143416Z-4b7986a411cf.json.gz,1
fda.inspections.history,firm:1000117684,2014-04-25,2026-09-08T14:34:16Z,inspection_end,20140425,yyyymmdd,fda.inspections.history,raw/fda.inspections.history/2026/09/20260908T143416Z-4b7986a411cf.json.gz,1
fda.inspections.history,firm:1000117684,2014-04-25,2026-09-08T14:34:16Z,is_foreign,0,bool,fda.inspections.history,raw/fda.inspections.history/2026/09/20260908T143416Z-4b7986a411cf.json.gz,1
fda.inspections.history,firm:1000117684,2014-04-25,2026-09-08T14:34:16Z,is_oai,0,bool,fda.inspections.history,raw/fda.inspections.history/2026/09/20260908T143416Z-4b7986a411cf.json.gz,1
fda.inspections.history,firm:1000117684,2014-04-25,2026-09-08T14:34:16Z,label,DPT Laboratories Ltd,,fda.inspections.history,raw/fda.inspections.history/2026/09/20260908T143416Z-4b7986a411cf.json.gz,1
fda.inspections.history,firm:1000122130,2014-04-23,2026-09-08T14:34:16Z,classification,0,ordinal,fda.inspections.history,raw/fda.inspections.history/2026/09/20260908T143416Z-4b7986a411cf.json.gz,1
fda.inspections.history,firm:1000122130,2014-04-23,2026-09-08T14:34:16Z,firm_key,L OREAL USA PRODUCTS,,fda.inspections.history,raw/fda.inspections.history/2026/09/20260908T143416Z-4b7986a411cf.json.gz,1
fda.inspections.history,firm:1000122130,2014-04-23,2026-09-08T14:34:16Z,inspected,1,count,fda.inspections.history,raw/fda.inspections.history/2026/09/20260908T143416Z-4b7986a411cf.json.gz,1
fda.inspections.history,firm:1000122130,2014-04-23,2026-09-08T14:34:16Z,inspection_end,20140423,yyyymmdd,fda.inspections.history,raw/fda.inspections.history/2026/09/20260908T143416Z-4b7986a411cf.json.gz,1
fda.inspections.history,firm:1000122130,2014-04-23,2026-09-08T14:34:16Z,is_foreign,0,bool,fda.inspections.history,raw/fda.inspections.history/2026/09/20260908T143416Z-4b7986a411cf.json.gz,1
fda.inspections.history,firm:1000122130,2014-04-23,2026-09-08T14:34:16Z,is_oai,0,bool,fda.inspections.history,raw/fda.inspections.history/2026/09/20260908T143416Z-4b7986a411cf.json.gz,1
fda.inspections.history,firm:1000122130,2014-04-23,2026-09-08T14:34:16Z,label,L'Oreal USA Products Inc,,fda.inspections.history,raw/fda.inspections.history/2026/09/20260908T143416Z-4b7986a411cf.json.gz,1
fda.inspections.history,firm:1000123236,2014-04-25,2026-09-08T14:34:16Z,classification,1,ordinal,fda.inspections.history,raw/fda.inspections.history/2026/09/20260908T143416Z-4b7986a411cf.json.gz,1
fda.inspections.history,firm:1000123236,2014-04-25,2026-09-08T14:34:16Z,firm_key,AFTON SCIENTIFIC,,fda.inspections.history,raw/fda.inspections.history/2026/09/20260908T143416Z-4b7986a411cf.json.gz,1
fda.inspections.history,firm:1000123236,2014-04-25,2026-09-08T14:34:16Z,inspected,1,count,fda.inspections.history,raw/fda.inspections.history/2026/09/20260908T143416Z-4b7986a411cf.json.gz,1
fda.inspections.history,firm:1000123236,2014-04-25,2026-09-08T14:34:16Z,inspection_end,20140425,yyyymmdd,fda.inspections.history,raw/fda.inspections.history/2026/09/20260908T143416Z-4b7986a411cf.json.gz,1
fda.inspections.history,firm:1000123236,2014-04-25,2026-09-08T14:34:16Z,is_foreign,0,bool,fda.inspections.history,raw/fda.inspections.history/2026/09/20260908T143416Z-4b7986a411cf.json.gz,1
fda.inspections.history,firm:1000123236,2014-04-25,2026-09-08T14:34:16Z,is_oai,0,bool,fda.inspections.history,raw/fda.inspections.history/2026/09/20260908T143416Z-4b7986a411cf.json.gz,1
fda.inspections.history,firm:1000123236,2014-04-25,2026-09-08T14:34:16Z,label,"Afton Scientific, LLC",,fda.inspections.history,raw/fda.inspections.history/2026/09/20260908T143416Z-4b7986a411cf.json.gz,1
fda.inspections.history,firm:1000142940,2014-04-23,2026-09-08T14:34:16Z,classification,0,ordinal,fda.inspections.history,raw/fda.inspections.history/2026/09/20260908T143416Z-4b7986a411cf.json.gz,1
fda.inspections.history,firm:1000142940,2014-04-23,2026-09-08T14:34:16Z,firm_key,ALKERMES,,fda.inspections.history,raw/fda.inspections.history/2026/09/20260908T143416Z-4b7986a411cf.json.gz,1
fda.inspections.history,firm:1000142940,2014-04-23,2026-09-08T14:34:16Z,inspected,1,count,fda.inspections.history,raw/fda.inspections.history/2026/09/20260908T143416Z-4b7986a411cf.json.gz,1
fda.inspections.history,firm:1000142940,2014-04-23,2026-09-08T14:34:16Z,inspection_end,20140423,yyyymmdd,fda.inspections.history,raw/fda.inspections.history/2026/09/20260908T143416Z-4b7986a411cf.json.gz,1
fda.inspections.history,firm:1000142940,2014-04-23,2026-09-08T14:34:16Z,is_foreign,0,bool,fda.inspections.history,raw/fda.inspections.history/2026/09/20260908T143416Z-4b7986a411cf.json.gz,1
fda.inspections.history,firm:1000142940,2014-04-23,2026-09-08T14:34:16Z,is_oai,0,bool,fda.inspections.history,raw/fda.inspections.history/2026/09/20260908T143416Z-4b7986a411cf.json.gz,1
fda.inspections.history,firm:1000142940,2014-04-23,2026-09-08T14:34:16Z,label,Alkermes Inc,,fda.inspections.history,raw/fda.inspections.history/2026/09/20260908T143416Z-4b7986a411cf.json.gz,1
fda.inspections.history,firm:1000160562,2014-04-03,2026-09-08T14:34:16Z,classification,1,ordinal,fda.inspections.history,raw/fda.inspections.history/2026/09/20260908T143416Z-4b7986a411cf.json.gz,1
fda.inspections.history,firm:1000160562,2014-04-03,2026-09-08T14:34:16Z,firm_key,P L DEVELOPMENTS,,fda.inspections.history,raw/fda.inspections.history/2026/09/20260908T143416Z-4b7986a411cf.json.gz,1
fda.inspections.history,firm:1000160562,2014-04-03,2026-09-08T14:34:16Z,inspected,1,count,fda.inspections.history,raw/fda.inspections.history/2026/09/20260908T143416Z-4b7986a411cf.json.gz,1
fda.inspections.history,firm:1000160562,2014-04-03,2026-09-08T14:34:16Z,inspection_end,20140403,yyyymmdd,fda.inspections.history,raw/fda.inspections.history/2026/09/20260908T143416Z-4b7986a411cf.json.gz,1
fda.inspections.history,firm:1000160562,2014-04-03,2026-09-08T14:34:16Z,is_foreign,0,bool,fda.inspections.history,raw/fda.inspections.history/2026/09/20260908T143416Z-4b7986a411cf.json.gz,1
fda.inspections.history,firm:1000160562,2014-04-03,2026-09-08T14:34:16Z,is_oai,0,bool,fda.inspections.history,raw/fda.inspections.history/2026/09/20260908T143416Z-4b7986a411cf.json.gz,1
fda.inspections.history,firm:1000160562,2014-04-03,2026-09-08T14:34:16Z,label,"P&L Developments, LLC",,fda.inspections.history,raw/fda.inspections.history/2026/09/20260908T143416Z-4b7986a411cf.json.gz,1
fda.inspections.history,firm:1000227761,2014-04-17,2026-09-08T14:34:16Z,classification,0,ordinal,fda.inspections.history,raw/fda.inspections.history/2026/09/20260908T143416Z-4b7986a411cf.json.gz,1
fda.inspections.history,firm:1000227761,2014-04-17,2026-09-08T14:34:16Z,firm_key,TARIK ASSELAH MD,,fda.inspections.history,raw/fda.inspections.history/2026/09/20260908T143416Z-4b7986a411cf.json.gz,1
fda.inspections.history,firm:1000227761,2014-04-17,2026-09-08T14:34:16Z,inspected,1,count,fda.inspections.history,raw/fda.inspections.history/2026/09/20260908T143416Z-4b7986a411cf.json.gz,1
fda.inspections.history,firm:1000227761,2014-04-17,2026-09-08T14:34:16Z,inspection_end,20140417,yyyymmdd,fda.inspections.history,raw/fda.inspections.history/2026/09/20260908T143416Z-4b7986a411cf.json.gz,1
fda.inspections.history,firm:1000227761,2014-04-17,2026-09-08T14:34:16Z,is_foreign,1,bool,fda.inspections.history,raw/fda.inspections.history/2026/09/20260908T143416Z-4b7986a411cf.json.gz,1
fda.inspections.history,firm:1000227761,2014-04-17,2026-09-08T14:34:16Z,is_oai,0,bool,fda.inspections.history,raw/fda.inspections.history/2026/09/20260908T143416Z-4b7986a411cf.json.gz,1
fda.inspections.history,firm:1000227761,2014-04-17,2026-09-08T14:34:16Z,label,"Tarik Asselah, MD",,fda.inspections.history,raw/fda.inspections.history/2026/09/20260908T143416Z-4b7986a411cf.json.gz,1
fda.inspections.history,firm:1000266995,2014-04-11,2026-09-08T14:34:16Z,classification,1,ordinal,fda.inspections.history,raw/fda.inspections.history/2026/09/20260908T143416Z-4b7986a411cf.json.gz,1
fda.inspections.history,firm:1000266995,2014-04-11,2026-09-08T14:34:16Z,firm_key,HISAMITSU,,fda.inspections.history,raw/fda.inspections.history/2026/09/20260908T143416Z-4b7986a411cf.json.gz,1
fda.inspections.history,firm:1000266995,2014-04-11,2026-09-08T14:34:16Z,inspected,1,count,fda.inspections.history,raw/fda.inspections.history/2026/09/20260908T143416Z-4b7986a411cf.json.gz,1
fda.inspections.history,firm:1000266995,2014-04-11,2026-09-08T14:34:16Z,inspection_end,20140411,yyyymmdd,fda.inspections.history,raw/fda.inspections.history/2026/09/20260908T143416Z-4b7986a411cf.json.gz,1
fda.inspections.history,firm:1000266995,2014-04-11,2026-09-08T14:34:16Z,is_foreign,1,bool,fda.inspections.history,raw/fda.inspections.history/2026/09/20260908T143416Z-4b7986a411cf.json.gz,1
fda.inspections.history,firm:1000266995,2014-04-11,2026-09-08T14:34:16Z,is_oai,0,bool,fda.inspections.history,raw/fda.inspections.history/2026/09/20260908T143416Z-4b7986a411cf.json.gz,1
fda.inspections.history,firm:1000266995,2014-04-11,2026-09-08T14:34:16Z,label,"Hisamitsu Pharmaceutical Co., Inc.",,fda.inspections.history,raw/fda.inspections.history/2026/09/20260908T143416Z-4b7986a411cf.json.gz,1
fda.inspections.history,firm:1000280888,2014-04-04,2026-09-08T14:34:16Z,classification,1,ordinal,fda.inspections.history,raw/fda.inspections.history/2026/09/20260908T143416Z-4b7986a411cf.json.gz,1
fda.inspections.history,firm:1000280888,2014-04-04,2026-09-08T14:34:16Z,firm_key,INDENA S P A,,fda.inspections.history,raw/fda.inspections.history/2026/09/20260908T143416Z-4b7986a411cf.json.gz,1
fda.inspections.history,firm:1000280888,2014-04-04,2026-09-08T14:34:16Z,inspected,1,count,fda.inspections.history,raw/fda.inspections.history/2026/09/20260908T143416Z-4b7986a411cf.json.gz,1
fda.inspections.history,firm:1000280888,2014-04-04,2026-09-08T14:34:16Z,inspection_end,20140404,yyyymmdd,fda.inspections.history,raw/fda.inspections.history/2026/09/20260908T143416Z-4b7986a411cf.json.gz,1
fda.inspections.history,firm:1000280888,2014-04-04,2026-09-08T14:34:16Z,is_foreign,1,bool,fda.inspections.history,raw/fda.inspections.history/2026/09/20260908T143416Z-4b7986a411cf.json.gz,1
fda.inspections.history,firm:1000280888,2014-04-04,2026-09-08T14:34:16Z,is_oai,0,bool,fda.inspections.history,raw/fda.inspections.history/2026/09/20260908T143416Z-4b7986a411cf.json.gz,1
fda.inspections.history,firm:1000280888,2014-04-04,2026-09-08T14:34:16Z,label,Indena S.p.A.,,fda.inspections.history,raw/fda.inspections.history/2026/09/20260908T143416Z-4b7986a411cf.json.gz,1
fda.inspections.history,firm:1000307689,2014-04-11,2026-09-08T14:34:16Z,classification,1,ordinal,fda.inspections.history,raw/fda.inspections.history/2026/09/20260908T143416Z-4b7986a411cf.json.gz,1
fda.inspections.history,firm:1000307689,2014-04-11,2026-09-08T14:34:16Z,firm_key,AVEVA DRUG DELIVERY SYSTEMS,,fda.inspections.history,raw/fda.inspections.history/2026/09/20260908T143416Z-4b7986a411cf.json.gz,1
fda.inspections.history,firm:1000307689,2014-04-11,2026-09-08T14:34:16Z,inspected,1,count,fda.inspections.history,raw/fda.inspections.history/2026/09/20260908T143416Z-4b7986a411cf.json.gz,1
fda.inspections.history,firm:1000307689,2014-04-11,2026-09-08T14:34:16Z,inspection_end,20140411,yyyymmdd,fda.inspections.history,raw/fda.inspections.history/2026/09/20260908T143416Z-4b7986a411cf.json.gz,1
fda.inspections.history,firm:1000307689,2014-04-11,2026-09-08T14:34:16Z,is_foreign,0,bool,fda.inspections.history,raw/fda.inspections.history/2026/09/20260908T143416Z-4b7986a411cf.json.gz,1
fda.inspections.history,firm:1000307689,2014-04-11,2026-09-08T14:34:16Z,is_oai,0,bool,fda.inspections.history,raw/fda.inspections.history/2026/09/20260908T143416Z-4b7986a411cf.json.gz,1
fda.inspections.history,firm:1000307689,2014-04-11,2026-09-08T14:34:16Z,label,"AVEVA Drug Delivery Systems, Inc.",,fda.inspections.history,raw/fda.inspections.history/2026/09/20260908T143416Z-4b7986a411cf.json.gz,1
fda.inspections.history,firm:1000511606,2014-04-10,2026-09-08T14:34:16Z,classification,0,ordinal,fda.inspections.history,raw/fda.inspections.history/2026/09/20260908T143416Z-4b7986a411cf.json.gz,1
fda.inspections.history,firm:1000511606,2014-04-10,2026-09-08T14:34:16Z,firm_key,NORTH AMERICAN SCIENCE ASSOCIATES,,fda.inspections.history,raw/fda.inspections.history/2026/09/20260908T143416Z-4b7986a411cf.json.gz,1
fda.inspections.history,firm:1000511606,2014-04-10,2026-09-08T14:34:16Z,inspected,1,count,fda.inspections.history,raw/fda.inspections.history/2026/09/20260908T143416Z-4b7986a411cf.json.gz,1
fda.inspections.history,firm:1000511606,2014-04-10,2026-09-08T14:34:16Z,inspection_end,20140410,yyyymmdd,fda.inspections.history,raw/fda.inspections.history/2026/09/20260908T143416Z-4b7986a411cf.json.gz,1
fda.inspections.history,firm:1000511606,2014-04-10,2026-09-08T14:34:16Z,is_foreign,0,bool,fda.inspections.history,raw/fda.inspections.history/2026/09/20260908T143416Z-4b7986a411cf.json.gz,1
fda.inspections.history,firm:1000511606,2014-04-10,2026-09-08T14:34:16Z,is_oai,0,bool,fda.inspections.history,raw/fda.inspections.history/2026/09/20260908T143416Z-4b7986a411cf.json.gz,1
fda.inspections.history,firm:1000511606,2014-04-10,2026-09-08T14:34:16Z,label,"North American Science Associates, LLC",,fda.inspections.history,raw/fda.inspections.history/2026/09/20260908T143416Z-4b7986a411cf.json.gz,1
fda.inspections.history,firm:1000512361,2014-04-09,2026-09-08T14:34:16Z,classification,1,ordinal,fda.inspections.history,raw/fda.inspections.history/2026/09/20260908T143416Z-4b7986a411cf.json.gz,1
fda.inspections.history,firm:1000512361,2014-04-09,2026-09-08T14:34:16Z,firm_key,BORA INJECTABLES,,fda.inspections.history,raw/fda.inspections.history/2026/09/20260908T143416Z-4b7986a411cf.json.gz,1
fda.inspections.history,firm:1000512361,2014-04-09,2026-09-08T14:34:16Z,inspected,1,count,fda.inspections.history,raw/fda.inspections.history/2026/09/20260908T143416Z-4b7986a411cf.json.gz,1
fda.inspections.history,firm:1000512361,2014-04-09,2026-09-08T14:34:16Z,inspection_end,20140409,yyyymmdd,fda.inspections.history,raw/fda.inspections.history/2026/09/20260908T143416Z-4b7986a411cf.json.gz,1
fda.inspections.history,firm:1000512361,2014-04-09,2026-09-08T14:34:16Z,is_foreign,0,bool,fda.inspections.history,raw/fda.inspections.history/2026/09/20260908T143416Z-4b7986a411cf.json.gz,1
fda.inspections.history,firm:1000512361,2014-04-09,2026-09-08T14:34:16Z,is_oai,0,bool,fda.inspections.history,raw/fda.inspections.history/2026/09/20260908T143416Z-4b7986a411cf.json.gz,1
fda.inspections.history,firm:1000512361,2014-04-09,2026-09-08T14:34:16Z,label,Bora Pharmaceuticals Injectables Inc,,fda.inspections.history,raw/fda.inspections.history/2026/09/20260908T143416Z-4b7986a411cf.json.gz,1
fda.inspections.history,firm:1000524452,2014-04-25,2026-09-08T14:34:16Z,classification,0,ordinal,fda.inspections.history,raw/fda.inspections.history/2026/09/20260908T143416Z-4b7986a411cf.json.gz,1
fda.inspections.history,firm:1000524452,2014-04-25,2026-09-08T14:34:16Z,firm_key,LINCARE,,fda.inspections.history,raw/fda.inspections.history/2026/09/20260908T143416Z-4b7986a411cf.json.gz,1
fda.inspections.history,firm:1000524452,2014-04-25,2026-09-08T14:34:16Z,inspected,1,count,fda.inspections.history,raw/fda.inspections.history/2026/09/20260908T143416Z-4b7986a411cf.json.gz,1
fda.inspections.history,firm:1000524452,2014-04-25,2026-09-08T14:34:16Z,inspection_end,20140425,yyyymmdd,fda.inspections.history,raw/fda.inspections.history/2026/09/20260908T143416Z-4b7986a411cf.json.gz,1
fda.inspections.history,firm:1000524452,2014-04-25,2026-09-08T14:34:16Z,is_foreign,0,bool,fda.inspections.history,raw/fda.inspections.history/2026/09/20260908T143416Z-4b7986a411cf.json.gz,1
fda.inspections.history,firm:1000524452,2014-04-25,2026-09-08T14:34:16Z,is_oai,0,bool,fda.inspections.history,raw/fda.inspections.history/2026/09/20260908T143416Z-4b7986a411cf.json.gz,1
fda.inspections.history,firm:1000524452,2014-04-25,2026-09-08T14:34:16Z,label,Lincare Inc,,fda.inspections.history,raw/fda.inspections.history/2026/09/20260908T143416Z-4b7986a411cf.json.gz,1
fda.inspections.history,firm:1018495,2014-04-11,2026-09-08T14:34:16Z,classification,1,ordinal,fda.inspections.history,raw/fda.inspections.history/2026/09/20260908T143416Z-4b7986a411cf.json.gz,1
fda.inspections.history,firm:1018495,2014-04-11,2026-09-08T14:34:16Z,firm_key,PATHEON MANUFACTURING SERVICES,,fda.inspections.history,raw/fda.inspections.history/2026/09/20260908T143416Z-4b7986a411cf.json.gz,1
fda.inspections.history,firm:1018495,2014-04-11,2026-09-08T14:34:16Z,inspected,1,count,fda.inspections.history,raw/fda.inspections.history/2026/09/20260908T143416Z-4b7986a411cf.json.gz,1
fda.inspections.history,firm:1018495,2014-04-11,2026-09-08T14:34:16Z,inspection_end,20140411,yyyymmdd,fda.inspections.history,raw/fda.inspections.history/2026/09/20260908T143416Z-4b7986a411cf.json.gz,1
fda.inspections.history,firm:1018495,2014-04-11,2026-09-08T14:34:16Z,is_foreign,0,bool,fda.inspections.history,raw/fda.inspections.history/2026/09/20260908T143416Z-4b7986a411cf.json.gz,1
fda.inspections.history,firm:1018495,2014-04-11,2026-09-08T14:34:16Z,is_oai,0,bool,fda.inspections.history,raw/fda.inspections.history/2026/09/20260908T143416Z-4b7986a411cf.json.gz,1
fda.inspections.history,firm:1018495,2014-04-11,2026-09-08T14:34:16Z,label,Patheon Manufacturing Services LLC,,fda.inspections.history,raw/fda.inspections.history/2026/09/20260908T143416Z-4b7986a411cf.json.gz,1
fda.inspections.history,firm:1022911,2014-04-01,2026-09-08T14:34:16Z,classification,0,ordinal,fda.inspections.history,raw/fda.inspections.history/2026/09/20260908T143416Z-4b7986a411cf.json.gz,1
fda.inspections.history,firm:1022911,2014-04-01,2026-09-08T14:34:16Z,firm_key,AIRGAS USA,,fda.inspections.history,raw/fda.inspections.history/2026/09/20260908T143416Z-4b7986a411cf.json.gz,1
fda.inspections.history,firm:1022911,2014-04-01,2026-09-08T14:34:16Z,inspected,1,count,fda.inspections.history,raw/fda.inspections.history/2026/09/20260908T143416Z-4b7986a411cf.json.gz,1
fda.inspections.history,firm:1022911,2014-04-01,2026-09-08T14:34:16Z,inspection_end,20140401,yyyymmdd,fda.inspections.history,raw/fda.inspections.history/2026/09/20260908T143416Z-4b7986a411cf.json.gz,1
fda.inspections.history,firm:1022911,2014-04-01,2026-09-08T14:34:16Z,is_foreign,0,bool,fda.inspections.history,raw/fda.inspections.history/2026/09/20260908T143416Z-4b7986a411cf.json.gz,1
fda.inspections.history,firm:1022911,2014-04-01,2026-09-08T14:34:16Z,is_oai,0,bool,fda.inspections.history,raw/fda.inspections.history/2026/09/20260908T143416Z-4b7986a411cf.json.gz,1
fda.inspections.history,firm:1022911,2014-04-01,2026-09-08T14:34:16Z,label,"Airgas USA, LLC",,fda.inspections.history,raw/fda.inspections.history/2026/09/20260908T143416Z-4b7986a411cf.json.gz,1
fda.inspections.history,firm:1033757,2014-04-09,2026-09-08T14:34:16Z,classification,0,ordinal,fda.inspections.history,raw/fda.inspections.history/2026/09/20260908T143416Z-4b7986a411cf.json.gz,1
fda.inspections.history,firm:1033757,2014-04-09,2026-09-08T14:34:16Z,firm_key,CONE HEALTH IRB,,fda.inspections.history,raw/fda.inspections.history/2026/09/20260908T143416Z-4b7986a411cf.json.gz,1
fda.inspections.history,firm:1033757,2014-04-09,2026-09-08T14:34:16Z,inspected,1,count,fda.inspections.history,raw/fda.inspections.history/2026/09/20260908T143416Z-4b7986a411cf.json.gz,1
fda.inspections.history,firm:1033757,2014-04-09,2026-09-08T14:34:16Z,inspection_end,20140409,yyyymmdd,fda.inspections.history,raw/fda.inspections.history/2026/09/20260908T143416Z-4b7986a411cf.json.gz,1
fda.inspections.history,firm:1033757,2014-04-09,2026-09-08T14:34:16Z,is_foreign,0,bool,fda.inspections.history,raw/fda.inspections.history/2026/09/20260908T143416Z-4b7986a411cf.json.gz,1
fda.inspections.history,firm:1033757,2014-04-09,2026-09-08T14:34:16Z,is_oai,0,bool,fda.inspections.history,raw/fda.inspections.history/2026/09/20260908T143416Z-4b7986a411cf.json.gz,1
fda.inspections.history,firm:1033757,2014-04-09,2026-09-08T14:34:16Z,label,Cone Health IRB,,fda.inspections.history,raw/fda.inspections.history/2026/09/20260908T143416Z-4b7986a411cf.json.gz,1
fda.inspections.history,firm:1039075,2014-04-03,2026-09-08T14:34:16Z,classification,0,ordinal,fda.inspections.history,raw/fda.inspections.history/2026/09/20260908T143416Z-4b7986a411cf.json.gz,1
fda.inspections.history,firm:1039075,2014-04-03,2026-09-08T14:34:16Z,firm_key,HENRY A FRAZER PHARM D CLINICAL INVESTIGATOR,,fda.inspections.history,raw/fda.inspections.history/2026/09/20260908T143416Z-4b7986a411cf.json.gz,1
fda.inspections.history,firm:1039075,2014-04-03,2026-09-08T14:34:16Z,inspected,1,count,fda.inspections.history,raw/fda.inspections.history/2026/09/20260908T143416Z-4b7986a411cf.json.gz,1
fda.inspections.history,firm:1039075,2014-04-03,2026-09-08T14:34:16Z,inspection_end,20140403,yyyymmdd,fda.inspections.history,raw/fda.inspections.history/2026/09/20260908T143416Z-4b7986a411cf.json.gz,1
fda.inspections.history,firm:1039075,2014-04-03,2026-09-08T14:34:16Z,is_foreign,0,bool,fda.inspections.history,raw/fda.inspections.history/2026/09/20260908T143416Z-4b7986a411cf.json.gz,1
fda.inspections.history,firm:1039075,2014-04-03,2026-09-08T14:34:16Z,is_oai,0,bool,fda.inspections.history,raw/fda.inspections.history/2026/09/20260908T143416Z-4b7986a411cf.json.gz,1
fda.inspections.history,firm:1039075,2014-04-03,2026-09-08T14:34:16Z,label,"Henry A Frazer, Pharm D, Clinical Investigator",,fda.inspections.history,raw/fda.inspections.history/2026/09/20260908T143416Z-4b7986a411cf.json.gz,1
fda.inspections.history,firm:1046137,2014-04-01,2026-09-08T14:34:16Z,classification,0,ordinal,fda.inspections.history,raw/fda.inspections.history/2026/09/20260908T143416Z-4b7986a411cf.json.gz,1
fda.inspections.history,firm:1046137,2014-04-01,2026-09-08T14:34:16Z,firm_key,LINDE,,fda.inspections.history,raw/fda.inspections.history/2026/09/20260908T143416Z-4b7986a411cf.json.gz,1
fda.inspections.history,firm:1046137,2014-04-01,2026-09-08T14:34:16Z,inspected,1,count,fda.inspections.history,raw/fda.inspections.history/2026/09/20260908T143416Z-4b7986a411cf.json.gz,1
fda.inspections.history,firm:1046137,2014-04-01,2026-09-08T14:34:16Z,inspection_end,20140401,yyyymmdd,fda.inspections.history,raw/fda.inspections.history/2026/09/20260908T143416Z-4b7986a411cf.json.gz,1
fda.inspections.history,firm:1046137,2014-04-01,2026-09-08T14:34:16Z,is_foreign,0,bool,fda.inspections.history,raw/fda.inspections.history/2026/09/20260908T143416Z-4b7986a411cf.json.gz,1
fda.inspections.history,firm:1046137,2014-04-01,2026-09-08T14:34:16Z,is_oai,0,bool,fda.inspections.history,raw/fda.inspections.history/2026/09/20260908T143416Z-4b7986a411cf.json.gz,1
fda.inspections.history,firm:1046137,2014-04-01,2026-09-08T14:34:16Z,label,Linde Inc,,fda.inspections.history,raw/fda.inspections.history/2026/09/20260908T143416Z-4b7986a411cf.json.gz,1
fda.inspections.history,firm:1050280,2014-04-25,2026-09-08T14:34:16Z,classification,1,ordinal,fda.inspections.history,raw/fda.inspections.history/2026/09/20260908T143416Z-4b7986a411cf.json.gz,1
fda.inspections.history,firm:1050280,2014-04-25,2026-09-08T14:34:16Z,firm_key,BALASSA,,fda.inspections.history,raw/fda.inspections.history/2026/09/20260908T143416Z-4b7986a411cf.json.gz,1
fda.inspections.history,firm:1050280,2014-04-25,2026-09-08T14:34:16Z,inspected,1,count,fda.inspections.history,raw/fda.inspections.history/2026/09/20260908T143416Z-4b7986a411cf.json.gz,1
fda.inspections.history,firm:1050280,2014-04-25,2026-09-08T14:34:16Z,inspection_end,20140425,yyyymmdd,fda.inspections.history,raw/fda.inspections.history/2026/09/20260908T143416Z-4b7986a411cf.json.gz,1
fda.inspections.history,firm:1050280,2014-04-25,2026-09-08T14:34:16Z,is_foreign,0,bool,fda.inspections.history,raw/fda.inspections.history/2026/09/20260908T143416Z-4b7986a411cf.json.gz,1
fda.inspections.history,firm:1050280,2014-04-25,2026-09-08T14:34:16Z,is_oai,0,bool,fda.inspections.history,raw/fda.inspections.history/2026/09/20260908T143416Z-4b7986a411cf.json.gz,1
fda.inspections.history,firm:1050280,2014-04-25,2026-09-08T14:34:16Z,label,"Balassa Laboratories, Inc",,fda.inspections.history,raw/fda.inspections.history/2026/09/20260908T143416Z-4b7986a411cf.json.gz,1
fda.inspections.history,firm:1050658,2014-04-23,2026-09-08T14:34:16Z,classification,1,ordinal,fda.inspections.history,raw/fda.inspections.history/2026/09/20260908T143416Z-4b7986a411cf.json.gz,1
fda.inspections.history,firm:1050658,2014-04-23,2026-09-08T14:34:16Z,firm_key,MIKART,,fda.inspections.history,raw/fda.inspections.history/2026/09/20260908T143416Z-4b7986a411cf.json.gz,1
fda.inspections.history,firm:1050658,2014-04-23,2026-09-08T14:34:16Z,inspected,1,count,fda.inspections.history,raw/fda.inspections.history/2026/09/20260908T143416Z-4b7986a411cf.json.gz,1
fda.inspections.history,firm:1050658,2014-04-23,2026-09-08T14:34:16Z,inspection_end,20140423,yyyymmdd,fda.inspections.history,raw/fda.inspections.history/2026/09/20260908T143416Z-4b7986a411cf.json.gz,1
fda.inspections.history,firm:1050658,2014-04-23,2026-09-08T14:34:16Z,is_foreign,0,bool,fda.inspections.history,raw/fda.inspections.history/2026/09/20260908T143416Z-4b7986a411cf.json.gz,1
fda.inspections.history,firm:1050658,2014-04-23,2026-09-08T14:34:16Z,is_oai,0,bool,fda.inspections.history,raw/fda.inspections.history/2026/09/20260908T143416Z-4b7986a411cf.json.gz,1
fda.inspections.history,firm:1050658,2014-04-23,2026-09-08T14:34:16Z,label,Mikart LLC,,fda.inspections.history,raw/fda.inspections.history/2026/09/20260908T143416Z-4b7986a411cf.json.gz,1
fda.inspections.history,firm:1051627,2014-04-16,2026-09-08T14:34:16Z,classification,0,ordinal,fda.inspections.history,raw/fda.inspections.history/2026/09/20260908T143416Z-4b7986a411cf.json.gz,1
fda.inspections.history,firm:1051627,2014-04-16,2026-09-08T14:34:16Z,firm_key,MYLAN,,fda.inspections.history,raw/fda.inspections.history/2026/09/20260908T143416Z-4b7986a411cf.json.gz,1
fda.inspections.history,firm:1051627,2014-04-16,2026-09-08T14:34:16Z,inspected,1,count,fda.inspections.history,raw/fda.inspections.history/2026/09/20260908T143416Z-4b7986a411cf.json.gz,1
fda.inspections.history,firm:1051627,2014-04-16,2026-09-08T14:34:16Z,inspection_end,20140416,yyyymmdd,fda.inspections.history,raw/fda.inspections.history/2026/09/20260908T143416Z-4b7986a411cf.json.gz,1
fda.inspections.history,firm:1051627,2014-04-16,2026-09-08T14:34:16Z,is_foreign,0,bool,fda.inspections.history,raw/fda.inspections.history/2026/09/20260908T143416Z-4b7986a411cf.json.gz,1
fda.inspections.history,firm:1051627,2014-04-16,2026-09-08T14:34:16Z,is_oai,0,bool,fda.inspections.history,raw/fda.inspections.history/2026/09/20260908T143416Z-4b7986a411cf.json.gz,1
fda.inspections.history,firm:1051627,2014-04-16,2026-09-08T14:34:16Z,label,Mylan Pharmaceuticals Inc,,fda.inspections.history,raw/fda.inspections.history/2026/09/20260908T143416Z-4b7986a411cf.json.gz,1
fda.inspections.history,firm:1053022,2014-04-24,2026-09-08T14:34:16Z,classification,0,ordinal,fda.inspections.history,raw/fda.inspections.history/2026/09/20260908T143416Z-4b7986a411cf.json.gz,1
fda.inspections.history,firm:1053022,2014-04-24,2026-09-08T14:34:16Z,firm_key,CHARLES RIVER,,fda.inspections.history,raw/fda.inspections.history/2026/09/20260908T143416Z-4b7986a411cf.json.gz,1
fda.inspections.history,firm:1053022,2014-04-24,2026-09-08T14:34:16Z,inspected,1,count,fda.inspections.history,raw/fda.inspections.history/2026/09/20260908T143416Z-4b7986a411cf.json.gz,1
fda.inspections.history,firm:1053022,2014-04-24,2026-09-08T14:34:16Z,inspection_end,20140424,yyyymmdd,fda.inspections.history,raw/fda.inspections.history/2026/09/20260908T143416Z-4b7986a411cf.json.gz,1
fda.inspections.history,firm:1053022,2014-04-24,2026-09-08T14:34:16Z,is_foreign,0,bool,fda.inspections.history,raw/fda.inspections.history/2026/09/20260908T143416Z-4b7986a411cf.json.gz,1
fda.inspections.history,firm:1053022,2014-04-24,2026-09-08T14:34:16Z,is_oai,0,bool,fda.inspections.history,raw/fda.inspections.history/2026/09/20260908T143416Z-4b7986a411cf.json.gz,1
fda.inspections.history,firm:1053022,2014-04-24,2026-09-08T14:34:16Z,label,Charles River Laboratories Inc.,,fda.inspections.history,raw/fda.inspections.history/2026/09/20260908T143416Z-4b7986a411cf.json.gz,1
fda.inspections.history,firm:1120890,2014-04-23,2026-09-08T14:34:16Z,classification,1,ordinal,fda.inspections.history,raw/fda.inspections.history/2026/09/20260908T143416Z-4b7986a411cf.json.gz,1
fda.inspections.history,firm:1120890,2014-04-23,2026-09-08T14:34:16Z,firm_key,AEROSOL AND LIQUID PACKAGING,,fda.inspections.history,raw/fda.inspections.history/2026/09/20260908T143416Z-4b7986a411cf.json.gz,1
fda.inspections.history,firm:1120890,2014-04-23,2026-09-08T14:34:16Z,inspected,1,count,fda.inspections.history,raw/fda.inspections.history/2026/09/20260908T143416Z-4b7986a411cf.json.gz,1
fda.inspections.history,firm:1120890,2014-04-23,2026-09-08T14:34:16Z,inspection_end,20140423,yyyymmdd,fda.inspections.history,raw/fda.inspections.history/2026/09/20260908T143416Z-4b7986a411cf.json.gz,1
fda.inspections.history,firm:1120890,2014-04-23,2026-09-08T14:34:16Z,is_foreign,0,bool,fda.inspections.history,raw/fda.inspections.history/2026/09/20260908T143416Z-4b7986a411cf.json.gz,1
fda.inspections.history,firm:1120890,2014-04-23,2026-09-08T14:34:16Z,is_oai,0,bool,fda.inspections.history,raw/fda.inspections.history/2026/09/20260908T143416Z-4b7986a411cf.json.gz,1
fda.inspections.history,firm:1120890,2014-04-23,2026-09-08T14:34:16Z,label,"Aerosol and Liquid Packaging, Inc.",,fda.inspections.history,raw/fda.inspections.history/2026/09/20260908T143416Z-4b7986a411cf.json.gz,1
fda.inspections.history,firm:1196,2014-04-11,2026-09-08T14:34:16Z,classification,0,ordinal,fda.inspections.history,raw/fda.inspections.history/2026/09/20260908T143416Z-4b7986a411cf.json.gz,1
fda.inspections.history,firm:1196,2014-04-11,2026-09-08T14:34:16Z,firm_key,ITALFARMACO S P A,,fda.inspections.history,raw/fda.inspections.history/2026/09/20260908T143416Z-4b7986a411cf.json.gz,1
fda.inspections.history,firm:1196,2014-04-11,2026-09-08T14:34:16Z,inspected,1,count,fda.inspections.history,raw/fda.inspections.history/2026/09/20260908T143416Z-4b7986a411cf.json.gz,1
fda.inspections.history,firm:1196,2014-04-11,2026-09-08T14:34:16Z,inspection_end,20140411,yyyymmdd,fda.inspections.history,raw/fda.inspections.history/2026/09/20260908T143416Z-4b7986a411cf.json.gz,1
fda.inspections.history,firm:1196,2014-04-11,2026-09-08T14:34:16Z,is_foreign,1,bool,fda.inspections.history,raw/fda.inspections.history/2026/09/20260908T143416Z-4b7986a411cf.json.gz,1
fda.inspections.history,firm:1196,2014-04-11,2026-09-08T14:34:16Z,is_oai,0,bool,fda.inspections.history,raw/fda.inspections.history/2026/09/20260908T143416Z-4b7986a411cf.json.gz,1
fda.inspections.history,firm:1196,2014-04-11,2026-09-08T14:34:16Z,label,Italfarmaco S.p.A.,,fda.inspections.history,raw/fda.inspections.history/2026/09/20260908T143416Z-4b7986a411cf.json.gz,1
fda.inspections.history,firm:1216783,2014-04-28,2026-09-08T14:34:16Z,classification,0,ordinal,fda.inspections.history,raw/fda.inspections.history/2026/09/20260908T143416Z-4b7986a411cf.json.gz,1
fda.inspections.history,firm:1216783,2014-04-28,2026-09-08T14:34:16Z,firm_key,AIRGAS USA,,fda.inspections.history,raw/fda.inspections.history/2026/09/20260908T143416Z-4b7986a411cf.json.gz,1
fda.inspections.history,firm:1216783,2014-04-28,2026-09-08T14:34:16Z,inspected,1,count,fda.inspections.history,raw/fda.inspections.history/2026/09/20260908T143416Z-4b7986a411cf.json.gz,1
fda.inspections.history,firm:1216783,2014-04-28,2026-09-08T14:34:16Z,inspection_end,20140428,yyyymmdd,fda.inspections.history,raw/fda.inspections.history/2026/09/20260908T143416Z-4b7986a411cf.json.gz,1
fda.inspections.history,firm:1216783,2014-04-28,2026-09-08T14:34:16Z,is_foreign,0,bool,fda.inspections.history,raw/fda.inspections.history/2026/09/20260908T143416Z-4b7986a411cf.json.gz,1
fda.inspections.history,firm:1216783,2014-04-28,2026-09-08T14:34:16Z,is_oai,0,bool,fda.inspections.history,raw/fda.inspections.history/2026/09/20260908T143416Z-4b7986a411cf.json.gz,1
fda.inspections.history,firm:1216783,2014-04-28,2026-09-08T14:34:16Z,label,"Airgas USA, LLC",,fda.inspections.history,raw/fda.inspections.history/2026/09/20260908T143416Z-4b7986a411cf.json.gz,1
fda.inspections.history,firm:1217167,2014-04-23,2026-09-08T14:34:16Z,classification,1,ordinal,fda.inspections.history,raw/fda.inspections.history/2026/09/20260908T143416Z-4b7986a411cf.json.gz,1
fda.inspections.history,firm:1217167,2014-04-23,2026-09-08T14:34:16Z,firm_key,LINDE GAS EQUIPMENT,,fda.inspections.history,raw/fda.inspections.history/2026/09/20260908T143416Z-4b7986a411cf.json.gz,1
fda.inspections.history,firm:1217167,2014-04-23,2026-09-08T14:34:16Z,inspected,1,count,fda.inspections.history,raw/fda.inspections.history/2026/09/20260908T143416Z-4b7986a411cf.json.gz,1
fda.inspections.history,firm:1217167,2014-04-23,2026-09-08T14:34:16Z,inspection_end,20140423,yyyymmdd,fda.inspections.history,raw/fda.inspections.history/2026/09/20260908T143416Z-4b7986a411cf.json.gz,1
fda.inspections.history,firm:1217167,2014-04-23,2026-09-08T14:34:16Z,is_foreign,0,bool,fda.inspections.history,raw/fda.inspections.history/2026/09/20260908T143416Z-4b7986a411cf.json.gz,1
fda.inspections.history,firm:1217167,2014-04-23,2026-09-08T14:34:16Z,is_oai,0,bool,fda.inspections.history,raw/fda.inspections.history/2026/09/20260908T143416Z-4b7986a411cf.json.gz,1
fda.inspections.history,firm:1217167,2014-04-23,2026-09-08T14:34:16Z,label,Linde Gas & Equipment Inc.,,fda.inspections.history,raw/fda.inspections.history/2026/09/20260908T143416Z-4b7986a411cf.json.gz,1
fda.inspections.history,firm:1220700,2014-04-18,2026-09-08T14:34:16Z,classification,1,ordinal,fda.inspections.history,raw/fda.inspections.history/2026/09/20260908T143416Z-4b7986a411cf.json.gz,1
fda.inspections.history,firm:1220700,2014-04-18,2026-09-08T14:34:16Z,firm_key,STREM CHEMICALS INCORPORATED,,fda.inspections.history,raw/fda.inspections.history/2026/09/20260908T143416Z-4b7986a411cf.json.gz,1
fda.inspections.history,firm:1220700,2014-04-18,2026-09-08T14:34:16Z,inspected,1,count,fda.inspections.history,raw/fda.inspections.history/2026/09/20260908T143416Z-4b7986a411cf.json.gz,1
fda.inspections.history,firm:1220700,2014-04-18,2026-09-08T14:34:16Z,inspection_end,20140418,yyyymmdd,fda.inspections.history,raw/fda.inspections.history/2026/09/20260908T143416Z-4b7986a411cf.json.gz,1
fda.inspections.history,firm:1220700,2014-04-18,2026-09-08T14:34:16Z,is_foreign,0,bool,fda.inspections.history,raw/fda.inspections.history/2026/09/20260908T143416Z-4b7986a411cf.json.gz,1
fda.inspections.history,firm:1220700,2014-04-18,2026-09-08T14:34:16Z,is_oai,0,bool,fda.inspections.history,raw/fda.inspections.history/2026/09/20260908T143416Z-4b7986a411cf.json.gz,1
fda.inspections.history,firm:1220700,2014-04-18,2026-09-08T14:34:16Z,label,"Strem Chemicals, Incorporated",,fda.inspections.history,raw/fda.inspections.history/2026/09/20260908T143416Z-4b7986a411cf.json.gz,1
fda.inspections.history,firm:1220701,2014-04-18,2026-09-08T14:34:16Z,classification,0,ordinal,fda.inspections.history,raw/fda.inspections.history/2026/09/20260908T143416Z-4b7986a411cf.json.gz,1
fda.inspections.history,firm:1220701,2014-04-18,2026-09-08T14:34:16Z,firm_key,APLICARE PRODUCTS,,fda.inspections.history,raw/fda.inspections.history/2026/09/20260908T143416Z-4b7986a411cf.json.gz,1
fda.inspections.history,firm:1220701,2014-04-18,2026-09-08T14:34:16Z,inspected,1,count,fda.inspections.history,raw/fda.inspections.history/2026/09/20260908T143416Z-4b7986a411cf.json.gz,1
fda.inspections.history,firm:1220701,2014-04-18,2026-09-08T14:34:16Z,inspection_end,20140418,yyyymmdd,fda.inspections.history,raw/fda.inspections.history/2026/09/20260908T143416Z-4b7986a411cf.json.gz,1
fda.inspections.history,firm:1220701,2014-04-18,2026-09-08T14:34:16Z,is_foreign,0,bool,fda.inspections.history,raw/fda.inspections.history/2026/09/20260908T143416Z-4b7986a411cf.json.gz,1
fda.inspections.history,firm:1220701,2014-04-18,2026-09-08T14:34:16Z,is_oai,0,bool,fda.inspections.history,raw/fda.inspections.history/2026/09/20260908T143416Z-4b7986a411cf.json.gz,1
fda.inspections.history,firm:1220701,2014-04-18,2026-09-08T14:34:16Z,label,"Aplicare Products, LLC",,fda.inspections.history,raw/fda.inspections.history/2026/09/20260908T143416Z-4b7986a411cf.json.gz,1
fda.inspections.history,firm:1221967,2014-04-24,2026-09-08T14:34:16Z,classification,1,ordinal,fda.inspections.history,raw/fda.inspections.history/2026/09/20260908T143416Z-4b7986a411cf.json.gz,1
fda.inspections.history,firm:1221967,2014-04-24,2026-09-08T14:34:16Z,firm_key,PLZ,,fda.inspections.history,raw/fda.inspections.history/2026/09/20260908T143416Z-4b7986a411cf.json.gz,1
fda.inspections.history,firm:1221967,2014-04-24,2026-09-08T14:34:16Z,inspected,1,count,fda.inspections.history,raw/fda.inspections.history/2026/09/20260908T143416Z-4b7986a411cf.json.gz,1
fda.inspections.history,firm:1221967,2014-04-24,2026-09-08T14:34:16Z,inspection_end,20140424,yyyymmdd,fda.inspections.history,raw/fda.inspections.history/2026/09/20260908T143416Z-4b7986a411cf.json.gz,1
fda.inspections.history,firm:1221967,2014-04-24,2026-09-08T14:34:16Z,is_foreign,0,bool,fda.inspections.history,raw/fda.inspections.history/2026/09/20260908T143416Z-4b7986a411cf.json.gz,1
fda.inspections.history,firm:1221967,2014-04-24,2026-09-08T14:34:16Z,is_oai,0,bool,fda.inspections.history,raw/fda.inspections.history/2026/09/20260908T143416Z-4b7986a411cf.json.gz,1
fda.inspections.history,firm:1221967,2014-04-24,2026-09-08T14:34:16Z,label,PLZ Corp,,fda.inspections.history,raw/fda.inspections.history/2026/09/20260908T143416Z-4b7986a411cf.json.gz,1
fda.inspections.history,firm:1416923,2014-04-18,2026-09-08T14:34:16Z,classification,0,ordinal,fda.inspections.history,raw/fda.inspections.history/2026/09/20260908T143416Z-4b7986a411cf.json.gz,1
fda.inspections.history,firm:1416923,2014-04-18,2026-09-08T14:34:16Z,firm_key,DEIBEL OF ILLINOIS,,fda.inspections.history,raw/fda.inspections.history/2026/09/20260908T143416Z-4b7986a411cf.json.gz,1
fda.inspections.history,firm:1416923,2014-04-18,2026-09-08T14:34:16Z,inspected,1,count,fda.inspections.history,raw/fda.inspections.history/2026/09/20260908T143416Z-4b7986a411cf.json.gz,1
fda.inspections.history,firm:1416923,2014-04-18,2026-09-08T14:34:16Z,inspection_end,20140418,yyyymmdd,fda.inspections.history,raw/fda.inspections.history/2026/09/20260908T143416Z-4b7986a411cf.json.gz,1
fda.inspections.history,firm:1416923,2014-04-18,2026-09-08T14:34:16Z,is_foreign,0,bool,fda.inspections.history,raw/fda.inspections.history/2026/09/20260908T143416Z-4b7986a411cf.json.gz,1
fda.inspections.history,firm:1416923,2014-04-18,2026-09-08T14:34:16Z,is_oai,0,bool,fda.inspections.history,raw/fda.inspections.history/2026/09/20260908T143416Z-4b7986a411cf.json.gz,1
fda.inspections.history,firm:1416923,2014-04-18,2026-09-08T14:34:16Z,label,"Deibel Laboratories of Illinois, Inc.",,fda.inspections.history,raw/fda.inspections.history/2026/09/20260908T143416Z-4b7986a411cf.json.gz,1
fda.inspections.history,firm:1521876,2014-04-30,2026-09-08T14:34:16Z,classification,0,ordinal,fda.inspections.history,raw/fda.inspections.history/2026/09/20260908T143416Z-4b7986a411cf.json.gz,1
fda.inspections.history,firm:1521876,2014-04-30,2026-09-08T14:34:16Z,firm_key,NORTH AMERICAN SCIENCE ASSOCIATES,,fda.inspections.history,raw/fda.inspections.history/2026/09/20260908T143416Z-4b7986a411cf.json.gz,1
fda.inspections.history,firm:1521876,2014-04-30,2026-09-08T14:34:16Z,inspected,1,count,fda.inspections.history,raw/fda.inspections.history/2026/09/20260908T143416Z-4b7986a411cf.json.gz,1
fda.inspections.history,firm:1521876,2014-04-30,2026-09-08T14:34:16Z,inspection_end,20140430,yyyymmdd,fda.inspections.history,raw/fda.inspections.history/2026/09/20260908T143416Z-4b7986a411cf.json.gz,1
fda.inspections.history,firm:1521876,2014-04-30,2026-09-08T14:34:16Z,is_foreign,0,bool,fda.inspections.history,raw/fda.inspections.history/2026/09/20260908T143416Z-4b7986a411cf.json.gz,1
fda.inspections.history,firm:1521876,2014-04-30,2026-09-08T14:34:16Z,is_oai,0,bool,fda.inspections.history,raw/fda.inspections.history/2026/09/20260908T143416Z-4b7986a411cf.json.gz,1
fda.inspections.history,firm:1521876,2014-04-30,2026-09-08T14:34:16Z,label,"North American Science Associates, LLC",,fda.inspections.history,raw/fda.inspections.history/2026/09/20260908T143416Z-4b7986a411cf.json.gz,1
fda.inspections.history,firm:1783529,2014-04-15,2026-09-08T14:34:16Z,classification,0,ordinal,fda.inspections.history,raw/fda.inspections.history/2026/09/20260908T143416Z-4b7986a411cf.json.gz,1
fda.inspections.history,firm:1783529,2014-04-15,2026-09-08T14:34:16Z,firm_key,AMERICAN COLLOID,,fda.inspections.history,raw/fda.inspections.history/2026/09/20260908T143416Z-4b7986a411cf.json.gz,1
fda.inspections.history,firm:1783529,2014-04-15,2026-09-08T14:34:16Z,inspected,1,count,fda.inspections.history,raw/fda.inspections.history/2026/09/20260908T143416Z-4b7986a411cf.json.gz,1
fda.inspections.history,firm:1783529,2014-04-15,2026-09-08T14:34:16Z,inspection_end,20140415,yyyymmdd,fda.inspections.history,raw/fda.inspections.history/2026/09/20260908T143416Z-4b7986a411cf.json.gz,1
fda.inspections.history,firm:1783529,2014-04-15,2026-09-08T14:34:16Z,is_foreign,0,bool,fda.inspections.history,raw/fda.inspections.history/2026/09/20260908T143416Z-4b7986a411cf.json.gz,1
fda.inspections.history,firm:1783529,2014-04-15,2026-09-08T14:34:16Z,is_oai,0,bool,fda.inspections.history,raw/fda.inspections.history/2026/09/20260908T143416Z-4b7986a411cf.json.gz,1
fda.inspections.history,firm:1783529,2014-04-15,2026-09-08T14:34:16Z,label,American Colloid Company,,fda.inspections.history,raw/fda.inspections.history/2026/09/20260908T143416Z-4b7986a411cf.json.gz,1
fda.inspections.history,firm:1925262,2014-04-23,2026-09-08T14:34:16Z,classification,1,ordinal,fda.inspections.history,raw/fda.inspections.history/2026/09/20260908T143416Z-4b7986a411cf.json.gz,1
fda.inspections.history,firm:1925262,2014-04-23,2026-09-08T14:34:16Z,firm_key,HOSPIRA,,fda.inspections.history,raw/fda.inspections.history/2026/09/20260908T143416Z-4b7986a411cf.json.gz,1
fda.inspections.history,firm:1925262,2014-04-23,2026-09-08T14:34:16Z,inspected,1,count,fda.inspections.history,raw/fda.inspections.history/2026/09/20260908T143416Z-4b7986a411cf.json.gz,1
fda.inspections.history,firm:1925262,2014-04-23,2026-09-08T14:34:16Z,inspection_end,20140423,yyyymmdd,fda.inspections.history,raw/fda.inspections.history/2026/09/20260908T143416Z-4b7986a411cf.json.gz,1
fda.inspections.history,firm:1925262,2014-04-23,2026-09-08T14:34:16Z,is_foreign,0,bool,fda.inspections.history,raw/fda.inspections.history/2026/09/20260908T143416Z-4b7986a411cf.json.gz,1
fda.inspections.history,firm:1925262,2014-04-23,2026-09-08T14:34:16Z,is_oai,0,bool,fda.inspections.history,raw/fda.inspections.history/2026/09/20260908T143416Z-4b7986a411cf.json.gz,1
fda.inspections.history,firm:1925262,2014-04-23,2026-09-08T14:34:16Z,label,"Hospira, Inc.",,fda.inspections.history,raw/fda.inspections.history/2026/09/20260908T143416Z-4b7986a411cf.json.gz,1
fda.inspections.history,firm:1937815,2014-04-08,2026-09-08T14:34:16Z,classification,0,ordinal,fda.inspections.history,raw/fda.inspections.history/2026/09/20260908T143416Z-4b7986a411cf.json.gz,1
fda.inspections.history,firm:1937815,2014-04-08,2026-09-08T14:34:16Z,firm_key,R D,,fda.inspections.history,raw/fda.inspections.history/2026/09/20260908T143416Z-4b7986a411cf.json.gz,1
fda.inspections.history,firm:1937815,2014-04-08,2026-09-08T14:34:16Z,inspected,1,count,fda.inspections.history,raw/fda.inspections.history/2026/09/20260908T143416Z-4b7986a411cf.json.gz,1
fda.inspections.history,firm:1937815,2014-04-08,2026-09-08T14:34:16Z,inspection_end,20140408,yyyymmdd,fda.inspections.history,raw/fda.inspections.history/2026/09/20260908T143416Z-4b7986a411cf.json.gz,1
fda.inspections.history,firm:1937815,2014-04-08,2026-09-08T14:34:16Z,is_foreign,0,bool,fda.inspections.history,raw/fda.inspections.history/2026/09/20260908T143416Z-4b7986a411cf.json.gz,1
fda.inspections.history,firm:1937815,2014-04-08,2026-09-08T14:34:16Z,is_oai,0,bool,fda.inspections.history,raw/fda.inspections.history/2026/09/20260908T143416Z-4b7986a411cf.json.gz,1
fda.inspections.history,firm:1937815,2014-04-08,2026-09-08T14:34:16Z,label,R.D. Laboratories Inc.,,fda.inspections.history,raw/fda.inspections.history/2026/09/20260908T143416Z-4b7986a411cf.json.gz,1
fda.inspections.history,firm:2000009210,2014-04-23,2026-09-08T14:34:16Z,classification,1,ordinal,fda.inspections.history,raw/fda.inspections.history/2026/09/20260908T143416Z-4b7986a411cf.json.gz,1
fda.inspections.history,firm:2000009210,2014-04-23,2026-09-08T14:34:16Z,firm_key,PLD ACQUISITIONS,,fda.inspections.history,raw/fda.inspections.history/2026/09/20260908T143416Z-4b7986a411cf.json.gz,1
fda.inspections.history,firm:2000009210,2014-04-23,2026-09-08T14:34:16Z,inspected,1,count,fda.inspections.history,raw/fda.inspections.history/2026/09/20260908T143416Z-4b7986a411cf.json.gz,1
fda.inspections.history,firm:2000009210,2014-04-23,2026-09-08T14:34:16Z,inspection_end,20140423,yyyymmdd,fda.inspections.history,raw/fda.inspections.history/2026/09/20260908T143416Z-4b7986a411cf.json.gz,1
fda.inspections.history,firm:2000009210,2014-04-23,2026-09-08T14:34:16Z,is_foreign,0,bool,fda.inspections.history,raw/fda.inspections.history/2026/09/20260908T143416Z-4b7986a411cf.json.gz,1
fda.inspections.history,firm:2000009210,2014-04-23,2026-09-08T14:34:16Z,is_oai,0,bool,fda.inspections.history,raw/fda.inspections.history/2026/09/20260908T143416Z-4b7986a411cf.json.gz,1
fda.inspections.history,firm:2000009210,2014-04-23,2026-09-08T14:34:16Z,label,PLD Acquisitions LLC,,fda.inspections.history,raw/fda.inspections.history/2026/09/20260908T143416Z-4b7986a411cf.json.gz,1
fda.inspections.history,firm:2000021110,2014-04-03,2026-09-08T14:34:16Z,classification,1,ordinal,fda.inspections.history,raw/fda.inspections.history/2026/09/20260908T143416Z-4b7986a411cf.json.gz,1
fda.inspections.history,firm:2000021110,2014-04-03,2026-09-08T14:34:16Z,firm_key,CSPC OUYI,,fda.inspections.history,raw/fda.inspections.history/2026/09/20260908T143416Z-4b7986a411cf.json.gz,1
fda.inspections.history,firm:2000021110,2014-04-03,2026-09-08T14:34:16Z,inspected,1,count,fda.inspections.history,raw/fda.inspections.history/2026/09/20260908T143416Z-4b7986a411cf.json.gz,1
fda.inspections.history,firm:2000021110,2014-04-03,2026-09-08T14:34:16Z,inspection_end,20140403,yyyymmdd,fda.inspections.history,raw/fda.inspections.history/2026/09/20260908T143416Z-4b7986a411cf.json.gz,1
fda.inspections.history,firm:2000021110,2014-04-03,2026-09-08T14:34:16Z,is_foreign,1,bool,fda.inspections.history,raw/fda.inspections.history/2026/09/20260908T143416Z-4b7986a411cf.json.gz,1
fda.inspections.history,firm:2000021110,2014-04-03,2026-09-08T14:34:16Z,is_oai,0,bool,fda.inspections.history,raw/fda.inspections.history/2026/09/20260908T143416Z-4b7986a411cf.json.gz,1
fda.inspections.history,firm:2000021110,2014-04-03,2026-09-08T14:34:16Z,label,"CSPC Ouyi Pharmaceutical Co., Ltd.",,fda.inspections.history,raw/fda.inspections.history/2026/09/20260908T143416Z-4b7986a411cf.json.gz,1
fda.inspections.history,firm:2011068,2014-04-15,2026-09-08T14:34:16Z,classification,1,ordinal,fda.inspections.history,raw/fda.inspections.history/2026/09/20260908T143416Z-4b7986a411cf.json.gz,1
fda.inspections.history,firm:2011068,2014-04-15,2026-09-08T14:34:16Z,firm_key,ALLERGAN SALES,,fda.inspections.history,raw/fda.inspections.history/2026/09/20260908T143416Z-4b7986a411cf.json.gz,1
fda.inspections.history,firm:2011068,2014-04-15,2026-09-08T14:34:16Z,inspected,1,count,fda.inspections.history,raw/fda.inspections.history/2026/09/20260908T143416Z-4b7986a411cf.json.gz,1
fda.inspections.history,firm:2011068,2014-04-15,2026-09-08T14:34:16Z,inspection_end,20140415,yyyymmdd,fda.inspections.history,raw/fda.inspections.history/2026/09/20260908T143416Z-4b7986a411cf.json.gz,1
fda.inspections.history,firm:2011068,2014-04-15,2026-09-08T14:34:16Z,is_foreign,0,bool,fda.inspections.history,raw/fda.inspections.history/2026/09/20260908T143416Z-4b7986a411cf.json.gz,1
fda.inspections.history,firm:2011068,2014-04-15,2026-09-08T14:34:16Z,is_oai,0,bool,fda.inspections.history,raw/fda.inspections.history/2026/09/20260908T143416Z-4b7986a411cf.json.gz,1
fda.inspections.history,firm:2011068,2014-04-15,2026-09-08T14:34:16Z,label,"Allergan Sales, LLC",,fda.inspections.history,raw/fda.inspections.history/2026/09/20260908T143416Z-4b7986a411cf.json.gz,1
fda.inspections.history,firm:2024830,2014-04-21,2026-09-08T14:34:16Z,classification,1,ordinal,fda.inspections.history,raw/fda.inspections.history/2026/09/20260908T143416Z-4b7986a411cf.json.gz,1
fda.inspections.history,firm:2024830,2014-04-21,2026-09-08T14:34:16Z,firm_key,WATSON,,fda.inspections.history,raw/fda.inspections.history/2026/09/20260908T143416Z-4b7986a411cf.json.gz,1
fda.inspections.history,firm:2024830,2014-04-21,2026-09-08T14:34:16Z,inspected,1,count,fda.inspections.history,raw/fda.inspections.history/2026/09/20260908T143416Z-4b7986a411cf.json.gz,1
fda.inspections.history,firm:2024830,2014-04-21,2026-09-08T14:34:16Z,inspection_end,20140421,yyyymmdd,fda.inspections.history,raw/fda.inspections.history/2026/09/20260908T143416Z-4b7986a411cf.json.gz,1
fda.inspections.history,firm:2024830,2014-04-21,2026-09-08T14:34:16Z,is_foreign,0,bool,fda.inspections.history,raw/fda.inspections.history/2026/09/20260908T143416Z-4b7986a411cf.json.gz,1
fda.inspections.history,firm:2024830,2014-04-21,2026-09-08T14:34:16Z,is_oai,0,bool,fda.inspections.history,raw/fda.inspections.history/2026/09/20260908T143416Z-4b7986a411cf.json.gz,1
fda.inspections.history,firm:2024830,2014-04-21,2026-09-08T14:34:16Z,label,Watson Laboratories Inc,,fda.inspections.history,raw/fda.inspections.history/2026/09/20260908T143416Z-4b7986a411cf.json.gz,1
fda.inspections.history,firm:2083373,2014-04-14,2026-09-08T14:34:16Z,classification,0,ordinal,fda.inspections.history,raw/fda.inspections.history/2026/09/20260908T143416Z-4b7986a411cf.json.gz,1
fda.inspections.history,firm:2083373,2014-04-14,2026-09-08T14:34:16Z,classification,1,ordinal,fda.inspections.history,raw/fda.inspections.history/2026/09/20260908T143416Z-4b7986a411cf.json.gz,1
fda.inspections.history,firm:2083373,2014-04-14,2026-09-08T14:34:16Z,firm_key,OASIS MEDICAL,,fda.inspections.history,raw/fda.inspections.history/2026/09/20260908T143416Z-4b7986a411cf.json.gz,1
fda.inspections.history,firm:2083373,2014-04-14,2026-09-08T14:34:16Z,inspected,1,count,fda.inspections.history,raw/fda.inspections.history/2026/09/20260908T143416Z-4b7986a411cf.json.gz,1
fda.inspections.history,firm:2083373,2014-04-14,2026-09-08T14:34:16Z,inspection_end,20140414,yyyymmdd,fda.inspections.history,raw/fda.inspections.history/2026/09/20260908T143416Z-4b7986a411cf.json.gz,1
fda.inspections.history,firm:2083373,2014-04-14,2026-09-08T14:34:16Z,is_foreign,0,bool,fda.inspections.history,raw/fda.inspections.history/2026/09/20260908T143416Z-4b7986a411cf.json.gz,1
fda.inspections.history,firm:2083373,2014-04-14,2026-09-08T14:34:16Z,is_oai,0,bool,fda.inspections.history,raw/fda.inspections.history/2026/09/20260908T143416Z-4b7986a411cf.json.gz,1
fda.inspections.history,firm:2083373,2014-04-14,2026-09-08T14:34:16Z,label,"Oasis Medical, Inc.",,fda.inspections.history,raw/fda.inspections.history/2026/09/20260908T143416Z-4b7986a411cf.json.gz,1
fda.inspections.history,firm:2124097,2014-04-15,2026-09-08T14:34:16Z,classification,0,ordinal,fda.inspections.history,raw/fda.inspections.history/2026/09/20260908T143416Z-4b7986a411cf.json.gz,1
fda.inspections.history,firm:2124097,2014-04-15,2026-09-08T14:34:16Z,firm_key,THE DUMONT,,fda.inspections.history,raw/fda.inspections.history/2026/09/20260908T143416Z-4b7986a411cf.json.gz,1
fda.inspections.history,firm:2124097,2014-04-15,2026-09-08T14:34:16Z,inspected,1,count,fda.inspections.history,raw/fda.inspections.history/2026/09/20260908T143416Z-4b7986a411cf.json.gz,1
fda.inspections.history,firm:2124097,2014-04-15,2026-09-08T14:34:16Z,inspection_end,20140415,yyyymmdd,fda.inspections.history,raw/fda.inspections.history/2026/09/20260908T143416Z-4b7986a411cf.json.gz,1
fda.inspections.history,firm:2124097,2014-04-15,2026-09-08T14:34:16Z,is_foreign,0,bool,fda.inspections.history,raw/fda.inspections.history/2026/09/20260908T143416Z-4b7986a411cf.json.gz,1
fda.inspections.history,firm:2124097,2014-04-15,2026-09-08T14:34:16Z,is_oai,0,bool,fda.inspections.history,raw/fda.inspections.history/2026/09/20260908T143416Z-4b7986a411cf.json.gz,1
fda.inspections.history,firm:2124097,2014-04-15,2026-09-08T14:34:16Z,label,The Dumont Company,,fda.inspections.history,raw/fda.inspections.history/2026/09/20260908T143416Z-4b7986a411cf.json.gz,1
fda.inspections.history,firm:2225311,2014-04-23,2026-09-08T14:34:16Z,classification,1,ordinal,fda.inspections.history,raw/fda.inspections.history/2026/09/20260908T143416Z-4b7986a411cf.json.gz,1
fda.inspections.history,firm:2225311,2014-04-23,2026-09-08T14:34:16Z,firm_key,MADA MEDICAL PRODUCTS,,fda.inspections.history,raw/fda.inspections.history/2026/09/20260908T143416Z-4b7986a411cf.json.gz,1
fda.inspections.history,firm:2225311,2014-04-23,2026-09-08T14:34:16Z,inspected,1,count,fda.inspections.history,raw/fda.inspections.history/2026/09/20260908T143416Z-4b7986a411cf.json.gz,1
fda.inspections.history,firm:2225311,2014-04-23,2026-09-08T14:34:16Z,inspection_end,20140423,yyyymmdd,fda.inspections.history,raw/fda.inspections.history/2026/09/20260908T143416Z-4b7986a411cf.json.gz,1
fda.inspections.history,firm:2225311,2014-04-23,2026-09-08T14:34:16Z,is_foreign,0,bool,fda.inspections.history,raw/fda.inspections.history/2026/09/20260908T143416Z-4b7986a411cf.json.gz,1
fda.inspections.history,firm:2225311,2014-04-23,2026-09-08T14:34:16Z,is_oai,0,bool,fda.inspections.history,raw/fda.inspections.history/2026/09/20260908T143416Z-4b7986a411cf.json.gz,1
fda.inspections.history,firm:2225311,2014-04-23,2026-09-08T14:34:16Z,label,"Mada Medical Products, Inc.",,fda.inspections.history,raw/fda.inspections.history/2026/09/20260908T143416Z-4b7986a411cf.json.gz,1
fda.inspections.history,firm:2243222,2014-04-11,2026-09-08T14:34:16Z,classification,0,ordinal,fda.inspections.history,raw/fda.inspections.history/2026/09/20260908T143416Z-4b7986a411cf.json.gz,1
fda.inspections.history,firm:2243222,2014-04-11,2026-09-08T14:34:16Z,firm_key,ST BARNABAS MEDICAL CENTER IRB,,fda.inspections.history,raw/fda.inspections.history/2026/09/20260908T143416Z-4b7986a411cf.json.gz,1
fda.inspections.history,firm:2243222,2014-04-11,2026-09-08T14:34:16Z,inspected,1,count,fda.inspections.history,raw/fda.inspections.history/2026/09/20260908T143416Z-4b7986a411cf.json.gz,1
fda.inspections.history,firm:2243222,2014-04-11,2026-09-08T14:34:16Z,inspection_end,20140411,yyyymmdd,fda.inspections.history,raw/fda.inspections.history/2026/09/20260908T143416Z-4b7986a411cf.json.gz,1
fda.inspections.history,firm:2243222,2014-04-11,2026-09-08T14:34:16Z,is_foreign,0,bool,fda.inspections.history,raw/fda.inspections.history/2026/09/20260908T143416Z-4b7986a411cf.json.gz,1
fda.inspections.history,firm:2243222,2014-04-11,2026-09-08T14:34:16Z,is_oai,0,bool,fda.inspections.history,raw/fda.inspections.history/2026/09/20260908T143416Z-4b7986a411cf.json.gz,1
fda.inspections.history,firm:2243222,2014-04-11,2026-09-08T14:34:16Z,label,St Barnabas Medical Center IRB,,fda.inspections.history,raw/fda.inspections.history/2026/09/20260908T143416Z-4b7986a411cf.json.gz,1
fda.inspections.history,firm:2244771,2014-04-15,2026-09-08T14:34:16Z,classification,0,ordinal,fda.inspections.history,raw/fda.inspections.history/2026/09/20260908T143416Z-4b7986a411cf.json.gz,1
fda.inspections.history,firm:2244771,2014-04-15,2026-09-08T14:34:16Z,firm_key,NOVO NORDISK,,fda.inspections.history,raw/fda.inspections.history/2026/09/20260908T143416Z-4b7986a411cf.json.gz,1
fda.inspections.history,firm:2244771,2014-04-15,2026-09-08T14:34:16Z,inspected,1,count,fda.inspections.history,raw/fda.inspections.history/2026/09/20260908T143416Z-4b7986a411cf.json.gz,1
fda.inspections.history,firm:2244771,2014-04-15,2026-09-08T14:34:16Z,inspection_end,20140415,yyyymmdd,fda.inspections.history,raw/fda.inspections.history/2026/09/20260908T143416Z-4b7986a411cf.json.gz,1
fda.inspections.history,firm:2244771,2014-04-15,2026-09-08T14:34:16Z,is_foreign,0,bool,fda.inspections.history,raw/fda.inspections.history/2026/09/20260908T143416Z-4b7986a411cf.json.gz,1
fda.inspections.history,firm:2244771,2014-04-15,2026-09-08T14:34:16Z,is_oai,0,bool,fda.inspections.history,raw/fda.inspections.history/2026/09/20260908T143416Z-4b7986a411cf.json.gz,1
fda.inspections.history,firm:2244771,2014-04-15,2026-09-08T14:34:16Z,label,Novo Nordisk Inc.,,fda.inspections.history,raw/fda.inspections.history/2026/09/20260908T143416Z-4b7986a411cf.json.gz,1
fda.inspections.history,firm:2245304,2014-04-08,2026-09-08T14:34:16Z,classification,0,ordinal,fda.inspections.history,raw/fda.inspections.history/2026/09/20260908T143416Z-4b7986a411cf.json.gz,1
fda.inspections.history,firm:2245304,2014-04-08,2026-09-08T14:34:16Z,firm_key,ISOMEDIX OPERATIONS,,fda.inspections.history,raw/fda.inspections.history/2026/09/20260908T143416Z-4b7986a411cf.json.gz,1
fda.inspections.history,firm:2245304,2014-04-08,2026-09-08T14:34:16Z,inspected,1,count,fda.inspections.history,raw/fda.inspections.history/2026/09/20260908T143416Z-4b7986a411cf.json.gz,1
fda.inspections.history,firm:2245304,2014-04-08,2026-09-08T14:34:16Z,inspection_end,20140408,yyyymmdd,fda.inspections.history,raw/fda.inspections.history/2026/09/20260908T143416Z-4b7986a411cf.json.gz,1
fda.inspections.history,firm:2245304,2014-04-08,2026-09-08T14:34:16Z,is_foreign,0,bool,fda.inspections.history,raw/fda.inspections.history/2026/09/20260908T143416Z-4b7986a411cf.json.gz,1
fda.inspections.history,firm:2245304,2014-04-08,2026-09-08T14:34:16Z,is_oai,0,bool,fda.inspections.history,raw/fda.inspections.history/2026/09/20260908T143416Z-4b7986a411cf.json.gz,1
fda.inspections.history,firm:2245304,2014-04-08,2026-09-08T14:34:16Z,label,"Isomedix Operations, Inc.",,fda.inspections.history,raw/fda.inspections.history/2026/09/20260908T143416Z-4b7986a411cf.json.gz,1
fda.inspections.history,firm:2317349,2014-04-10,2026-09-08T14:34:16Z,classification,0,ordinal,fda.inspections.history,raw/fda.inspections.history/2026/09/20260908T143416Z-4b7986a411cf.json.gz,1
fda.inspections.history,firm:2317349,2014-04-10,2026-09-08T14:34:16Z,firm_key,AIR PRODUCTS AND CHEMICALS,,fda.inspections.history,raw/fda.inspections.history/2026/09/20260908T143416Z-4b7986a411cf.json.gz,1
fda.inspections.history,firm:2317349,2014-04-10,2026-09-08T14:34:16Z,inspected,1,count,fda.inspections.history,raw/fda.inspections.history/2026/09/20260908T143416Z-4b7986a411cf.json.gz,1
fda.inspections.history,firm:2317349,2014-04-10,2026-09-08T14:34:16Z,inspection_end,20140410,yyyymmdd,fda.inspections.history,raw/fda.inspections.history/2026/09/20260908T143416Z-4b7986a411cf.json.gz,1
fda.inspections.history,firm:2317349,2014-04-10,2026-09-08T14:34:16Z,is_foreign,0,bool,fda.inspections.history,raw/fda.inspections.history/2026/09/20260908T143416Z-4b7986a411cf.json.gz,1
fda.inspections.history,firm:2317349,2014-04-10,2026-09-08T14:34:16Z,is_oai,0,bool,fda.inspections.history,raw/fda.inspections.history/2026/09/20260908T143416Z-4b7986a411cf.json.gz,1
fda.inspections.history,firm:2317349,2014-04-10,2026-09-08T14:34:16Z,label,"Air Products and Chemicals, Inc",,fda.inspections.history,raw/fda.inspections.history/2026/09/20260908T143416Z-4b7986a411cf.json.gz,1
fda.inspections.history,firm:2518137,2014-04-07,2026-09-08T14:34:16Z,classification,0,ordinal,fda.inspections.history,raw/fda.inspections.history/2026/09/20260908T143416Z-4b7986a411cf.json.gz,1
fda.inspections.history,firm:2518137,2014-04-07,2026-09-08T14:34:16Z,firm_key,ASTRAZENECA LP,,fda.inspections.history,raw/fda.inspections.history/2026/09/20260908T143416Z-4b7986a411cf.json.gz,1
fda.inspections.history,firm:2518137,2014-04-07,2026-09-08T14:34:16Z,inspected,1,count,fda.inspections.history,raw/fda.inspections.history/2026/09/20260908T143416Z-4b7986a411cf.json.gz,1
fda.inspections.history,firm:2518137,2014-04-07,2026-09-08T14:34:16Z,inspection_end,20140407,yyyymmdd,fda.inspections.history,raw/fda.inspections.history/2026/09/20260908T143416Z-4b7986a411cf.json.gz,1
fda.inspections.history,firm:2518137,2014-04-07,2026-09-08T14:34:16Z,is_foreign,0,bool,fda.inspections.history,raw/fda.inspections.history/2026/09/20260908T143416Z-4b7986a411cf.json.gz,1
fda.inspections.history,firm:2518137,2014-04-07,2026-09-08T14:34:16Z,is_oai,0,bool,fda.inspections.history,raw/fda.inspections.history/2026/09/20260908T143416Z-4b7986a411cf.json.gz,1
fda.inspections.history,firm:2518137,2014-04-07,2026-09-08T14:34:16Z,label,AstraZeneca Pharmaceuticals LP,,fda.inspections.history,raw/fda.inspections.history/2026/09/20260908T143416Z-4b7986a411cf.json.gz,1
fda.inspections.history,firm:2518860,2014-04-24,2026-09-08T14:34:16Z,classification,0,ordinal,fda.inspections.history,raw/fda.inspections.history/2026/09/20260908T143416Z-4b7986a411cf.json.gz,1
fda.inspections.history,firm:2518860,2014-04-24,2026-09-08T14:34:16Z,firm_key,CHRISTIANA CARE IRB,,fda.inspections.history,raw/fda.inspections.history/2026/09/20260908T143416Z-4b7986a411cf.json.gz,1
fda.inspections.history,firm:2518860,2014-04-24,2026-09-08T14:34:16Z,inspected,1,count,fda.inspections.history,raw/fda.inspections.history/2026/09/20260908T143416Z-4b7986a411cf.json.gz,1
fda.inspections.history,firm:2518860,2014-04-24,2026-09-08T14:34:16Z,inspection_end,20140424,yyyymmdd,fda.inspections.history,raw/fda.inspections.history/2026/09/20260908T143416Z-4b7986a411cf.json.gz,1
fda.inspections.history,firm:2518860,2014-04-24,2026-09-08T14:34:16Z,is_foreign,0,bool,fda.inspections.history,raw/fda.inspections.history/2026/09/20260908T143416Z-4b7986a411cf.json.gz,1
fda.inspections.history,firm:2518860,2014-04-24,2026-09-08T14:34:16Z,is_oai,0,bool,fda.inspections.history,raw/fda.inspections.history/2026/09/20260908T143416Z-4b7986a411cf.json.gz,1
fda.inspections.history,firm:2518860,2014-04-24,2026-09-08T14:34:16Z,label,Christiana Care IRB,,fda.inspections.history,raw/fda.inspections.history/2026/09/20260908T143416Z-4b7986a411cf.json.gz,1
fda.inspections.history,firm:2523618,2014-04-10,2026-09-08T14:34:16Z,classification,0,ordinal,fda.inspections.history,raw/fda.inspections.history/2026/09/20260908T143416Z-4b7986a411cf.json.gz,1
fda.inspections.history,firm:2523618,2014-04-10,2026-09-08T14:34:16Z,firm_key,BEEBE MEDICAL CENTER INCORPORATED IRB,,fda.inspections.history,raw/fda.inspections.history/2026/09/20260908T143416Z-4b7986a411cf.json.gz,1
fda.inspections.history,firm:2523618,2014-04-10,2026-09-08T14:34:16Z,inspected,1,count,fda.inspections.history,raw/fda.inspections.history/2026/09/20260908T143416Z-4b7986a411cf.json.gz,1
fda.inspections.history,firm:2523618,2014-04-10,2026-09-08T14:34:16Z,inspection_end,20140410,yyyymmdd,fda.inspections.history,raw/fda.inspections.history/2026/09/20260908T143416Z-4b7986a411cf.json.gz,1
fda.inspections.history,firm:2523618,2014-04-10,2026-09-08T14:34:16Z,is_foreign,0,bool,fda.inspections.history,raw/fda.inspections.history/2026/09/20260908T143416Z-4b7986a411cf.json.gz,1
fda.inspections.history,firm:2523618,2014-04-10,2026-09-08T14:34:16Z,is_oai,0,bool,fda.inspections.history,raw/fda.inspections.history/2026/09/20260908T143416Z-4b7986a411cf.json.gz,1
fda.inspections.history,firm:2523618,2014-04-10,2026-09-08T14:34:16Z,label,Beebe Medical Center Incorporated IRB,,fda.inspections.history,raw/fda.inspections.history/2026/09/20260908T143416Z-4b7986a411cf.json.gz,1
fda.inspections.history,firm:3000244120,2014-04-25,2026-09-08T14:34:16Z,classification,1,ordinal,fda.inspections.history,raw/fda.inspections.history/2026/09/20260908T143416Z-4b7986a411cf.json.gz,1
fda.inspections.history,firm:3000244120,2014-04-25,2026-09-08T14:34:16Z,firm_key,NPS,,fda.inspections.history,raw/fda.inspections.history/2026/09/20260908T143416Z-4b7986a411cf.json.gz,1
fda.inspections.history,firm:3000244120,2014-04-25,2026-09-08T14:34:16Z,inspected,1,count,fda.inspections.history,raw/fda.inspections.history/2026/09/20260908T143416Z-4b7986a411cf.json.gz,1
fda.inspections.history,firm:3000244120,2014-04-25,2026-09-08T14:34:16Z,inspection_end,20140425,yyyymmdd,fda.inspections.history,raw/fda.inspections.history/2026/09/20260908T143416Z-4b7986a411cf.json.gz,1
fda.inspections.history,firm:3000244120,2014-04-25,2026-09-08T14:34:16Z,is_foreign,0,bool,fda.inspections.history,raw/fda.inspections.history/2026/09/20260908T143416Z-4b7986a411cf.json.gz,1
fda.inspections.history,firm:3000244120,2014-04-25,2026-09-08T14:34:16Z,is_oai,0,bool,fda.inspections.history,raw/fda.inspections.history/2026/09/20260908T143416Z-4b7986a411cf.json.gz,1
fda.inspections.history,firm:3000244120,2014-04-25,2026-09-08T14:34:16Z,label,NPS Pharmaceuticals Inc.,,fda.inspections.history,raw/fda.inspections.history/2026/09/20260908T143416Z-4b7986a411cf.json.gz,1
fda.inspections.history,firm:3000285187,2014-04-09,2026-09-08T14:34:16Z,classification,0,ordinal,fda.inspections.history,raw/fda.inspections.history/2026/09/20260908T143416Z-4b7986a411cf.json.gz,1
fda.inspections.history,firm:3000285187,2014-04-09,2026-09-08T14:34:16Z,firm_key,NEW SPS CROSSFOLDS,,fda.inspections.history,raw/fda.inspections.history/2026/09/20260908T143416Z-4b7986a411cf.json.gz,1
fda.inspections.history,firm:3000285187,2014-04-09,2026-09-08T14:34:16Z,inspected,1,count,fda.inspections.history,raw/fda.inspections.history/2026/09/20260908T143416Z-4b7986a411cf.json.gz,1
fda.inspections.history,firm:3000285187,2014-04-09,2026-09-08T14:34:16Z,inspection_end,20140409,yyyymmdd,fda.inspections.history,raw/fda.inspections.history/2026/09/20260908T143416Z-4b7986a411cf.json.gz,1
fda.inspections.history,firm:3000285187,2014-04-09,2026-09-08T14:34:16Z,is_foreign,0,bool,fda.inspections.history,raw/fda.inspections.history/2026/09/20260908T143416Z-4b7986a411cf.json.gz,1
fda.inspections.history,firm:3000285187,2014-04-09,2026-09-08T14:34:16Z,is_oai,0,bool,fda.inspections.history,raw/fda.inspections.history/2026/09/20260908T143416Z-4b7986a411cf.json.gz,1
fda.inspections.history,firm:3000285187,2014-04-09,2026-09-08T14:34:16Z,label,"New SPS Crossfolds, LLC",,fda.inspections.history,raw/fda.inspections.history/2026/09/20260908T143416Z-4b7986a411cf.json.gz,1
fda.inspections.history,firm:3000287096,2014-04-25,2026-09-08T14:34:16Z,classification,2,ordinal,fda.inspections.history,raw/fda.inspections.history/2026/09/20260908T143416Z-4b7986a411cf.json.gz,1
fda.inspections.history,firm:3000287096,2014-04-25,2026-09-08T14:34:16Z,firm_key,NOVACYL THAILAND,,fda.inspections.history,raw/fda.inspections.history/2026/09/20260908T143416Z-4b7986a411cf.json.gz,1
fda.inspections.history,firm:3000287096,2014-04-25,2026-09-08T14:34:16Z,inspected,1,count,fda.inspections.history,raw/fda.inspections.history/2026/09/20260908T143416Z-4b7986a411cf.json.gz,1
fda.inspections.history,firm:3000287096,2014-04-25,2026-09-08T14:34:16Z,inspection_end,20140425,yyyymmdd,fda.inspections.history,raw/fda.inspections.history/2026/09/20260908T143416Z-4b7986a411cf.json.gz,1
fda.inspections.history,firm:3000287096,2014-04-25,2026-09-08T14:34:16Z,is_foreign,1,bool,fda.inspections.history,raw/fda.inspections.history/2026/09/20260908T143416Z-4b7986a411cf.json.gz,1
fda.inspections.history,firm:3000287096,2014-04-25,2026-09-08T14:34:16Z,is_oai,1,bool,fda.inspections.history,raw/fda.inspections.history/2026/09/20260908T143416Z-4b7986a411cf.json.gz,1
fda.inspections.history,firm:3000287096,2014-04-25,2026-09-08T14:34:16Z,label,Novacyl (Thailand) Ltd.,,fda.inspections.history,raw/fda.inspections.history/2026/09/20260908T143416Z-4b7986a411cf.json.gz,1
fda.inspections.history,firm:3000326763,2014-04-03,2026-09-08T14:34:16Z,classification,0,ordinal,fda.inspections.history,raw/fda.inspections.history/2026/09/20260908T143416Z-4b7986a411cf.json.gz,1
fda.inspections.history,firm:3000326763,2014-04-03,2026-09-08T14:34:16Z,firm_key,CHEMI S P A,,fda.inspections.history,raw/fda.inspections.history/2026/09/20260908T143416Z-4b7986a411cf.json.gz,1
fda.inspections.history,firm:3000326763,2014-04-03,2026-09-08T14:34:16Z,inspected,1,count,fda.inspections.history,raw/fda.inspections.history/2026/09/20260908T143416Z-4b7986a411cf.json.gz,1
fda.inspections.history,firm:3000326763,2014-04-03,2026-09-08T14:34:16Z,inspection_end,20140403,yyyymmdd,fda.inspections.history,raw/fda.inspections.history/2026/09/20260908T143416Z-4b7986a411cf.json.gz,1
fda.inspections.history,firm:3000326763,2014-04-03,2026-09-08T14:34:16Z,is_foreign,1,bool,fda.inspections.history,raw/fda.inspections.history/2026/09/20260908T143416Z-4b7986a411cf.json.gz,1
fda.inspections.history,firm:3000326763,2014-04-03,2026-09-08T14:34:16Z,is_oai,0,bool,fda.inspections.history,raw/fda.inspections.history/2026/09/20260908T143416Z-4b7986a411cf.json.gz,1
fda.inspections.history,firm:3000326763,2014-04-03,2026-09-08T14:34:16Z,label,Chemi S.p.A.,,fda.inspections.history,raw/fda.inspections.history/2026/09/20260908T143416Z-4b7986a411cf.json.gz,1
fda.inspections.history,firm:3000717899,2014-04-08,2026-09-08T14:34:16Z,classification,1,ordinal,fda.inspections.history,raw/fda.inspections.history/2026/09/20260908T143416Z-4b7986a411cf.json.gz,1
fda.inspections.history,firm:3000717899,2014-04-08,2026-09-08T14:34:16Z,firm_key,GREENCO INDUSTRIES,,fda.inspections.history,raw/fda.inspections.history/2026/09/20260908T143416Z-4b7986a411cf.json.gz,1
fda.inspections.history,firm:3000717899,2014-04-08,2026-09-08T14:34:16Z,inspected,1,count,fda.inspections.history,raw/fda.inspections.history/2026/09/20260908T143416Z-4b7986a411cf.json.gz,1
fda.inspections.history,firm:3000717899,2014-04-08,2026-09-08T14:34:16Z,inspection_end,20140408,yyyymmdd,fda.inspections.history,raw/fda.inspections.history/2026/09/20260908T143416Z-4b7986a411cf.json.gz,1
fda.inspections.history,firm:3000717899,2014-04-08,2026-09-08T14:34:16Z,is_foreign,0,bool,fda.inspections.history,raw/fda.inspections.history/2026/09/20260908T143416Z-4b7986a411cf.json.gz,1
fda.inspections.history,firm:3000717899,2014-04-08,2026-09-08T14:34:16Z,is_oai,0,bool,fda.inspections.history,raw/fda.inspections.history/2026/09/20260908T143416Z-4b7986a411cf.json.gz,1
fda.inspections.history,firm:3000717899,2014-04-08,2026-09-08T14:34:16Z,label,"Greenco Industries, Inc.",,fda.inspections.history,raw/fda.inspections.history/2026/09/20260908T143416Z-4b7986a411cf.json.gz,1
fda.inspections.history,firm:3000717925,2014-04-02,2026-09-08T14:34:16Z,classification,0,ordinal,fda.inspections.history,raw/fda.inspections.history/2026/09/20260908T143416Z-4b7986a411cf.json.gz,1
fda.inspections.history,firm:3000717925,2014-04-02,2026-09-08T14:34:16Z,firm_key,MEDLINE INDUSTRIES LP SPT,,fda.inspections.history,raw/fda.inspections.history/2026/09/20260908T143416Z-4b7986a411cf.json.gz,1
fda.inspections.history,firm:3000717925,2014-04-02,2026-09-08T14:34:16Z,inspected,1,count,fda.inspections.history,raw/fda.inspections.history/2026/09/20260908T143416Z-4b7986a411cf.json.gz,1
fda.inspections.history,firm:3000717925,2014-04-02,2026-09-08T14:34:16Z,inspection_end,20140402,yyyymmdd,fda.inspections.history,raw/fda.inspections.history/2026/09/20260908T143416Z-4b7986a411cf.json.gz,1
fda.inspections.history,firm:3000717925,2014-04-02,2026-09-08T14:34:16Z,is_foreign,0,bool,fda.inspections.history,raw/fda.inspections.history/2026/09/20260908T143416Z-4b7986a411cf.json.gz,1
fda.inspections.history,firm:3000717925,2014-04-02,2026-09-08T14:34:16Z,is_oai,0,bool,fda.inspections.history,raw/fda.inspections.history/2026/09/20260908T143416Z-4b7986a411cf.json.gz,1
fda.inspections.history,firm:3000717925,2014-04-02,2026-09-08T14:34:16Z,label,"MEDLINE INDUSTRIES, LP - SPT",,fda.inspections.history,raw/fda.inspections.history/2026/09/20260908T143416Z-4b7986a411cf.json.gz,1
fda.inspections.history,firm:3001237796,2014-04-17,2026-09-08T14:34:16Z,classification,0,ordinal,fda.inspections.history,raw/fda.inspections.history/2026/09/20260908T143416Z-4b7986a411cf.json.gz,1
fda.inspections.history,firm:3001237796,2014-04-17,2026-09-08T14:34:16Z,firm_key,THE RITEDOSE,,fda.inspections.history,raw/fda.inspections.history/2026/09/20260908T143416Z-4b7986a411cf.json.gz,1
fda.inspections.history,firm:3001237796,2014-04-17,2026-09-08T14:34:16Z,inspected,1,count,fda.inspections.history,raw/fda.inspections.history/2026/09/20260908T143416Z-4b7986a411cf.json.gz,1
fda.inspections.history,firm:3001237796,2014-04-17,2026-09-08T14:34:16Z,inspection_end,20140417,yyyymmdd,fda.inspections.history,raw/fda.inspections.history/2026/09/20260908T143416Z-4b7986a411cf.json.gz,1
fda.inspections.history,firm:3001237796,2014-04-17,2026-09-08T14:34:16Z,is_foreign,0,bool,fda.inspections.history,raw/fda.inspections.history/2026/09/20260908T143416Z-4b7986a411cf.json.gz,1
fda.inspections.history,firm:3001237796,2014-04-17,2026-09-08T14:34:16Z,is_oai,0,bool,fda.inspections.history,raw/fda.inspections.history/2026/09/20260908T143416Z-4b7986a411cf.json.gz,1
fda.inspections.history,firm:3001237796,2014-04-17,2026-09-08T14:34:16Z,label,The Ritedose Corporation,,fda.inspections.history,raw/fda.inspections.history/2026/09/20260908T143416Z-4b7986a411cf.json.gz,1
fda.inspections.history,firm:3001237841,2014-04-09,2026-09-08T14:34:16Z,classification,0,ordinal,fda.inspections.history,raw/fda.inspections.history/2026/09/20260908T143416Z-4b7986a411cf.json.gz,1
fda.inspections.history,firm:3001237841,2014-04-09,2026-09-08T14:34:16Z,firm_key,PRINOVA US,,fda.inspections.history,raw/fda.inspections.history/2026/09/20260908T143416Z-4b7986a411cf.json.gz,1
fda.inspections.history,firm:3001237841,2014-04-09,2026-09-08T14:34:16Z,inspected,1,count,fda.inspections.history,raw/fda.inspections.history/2026/09/20260908T143416Z-4b7986a411cf.json.gz,1
fda.inspections.history,firm:3001237841,2014-04-09,2026-09-08T14:34:16Z,inspection_end,20140409,yyyymmdd,fda.inspections.history,raw/fda.inspections.history/2026/09/20260908T143416Z-4b7986a411cf.json.gz,1
fda.inspections.history,firm:3001237841,2014-04-09,2026-09-08T14:34:16Z,is_foreign,0,bool,fda.inspections.history,raw/fda.inspections.history/2026/09/20260908T143416Z-4b7986a411cf.json.gz,1
fda.inspections.history,firm:3001237841,2014-04-09,2026-09-08T14:34:16Z,is_oai,0,bool,fda.inspections.history,raw/fda.inspections.history/2026/09/20260908T143416Z-4b7986a411cf.json.gz,1
fda.inspections.history,firm:3001237841,2014-04-09,2026-09-08T14:34:16Z,label,Prinova US LLC,,fda.inspections.history,raw/fda.inspections.history/2026/09/20260908T143416Z-4b7986a411cf.json.gz,1
fda.inspections.history,firm:3001451496,2014-04-07,2026-09-08T14:34:16Z,classification,0,ordinal,fda.inspections.history,raw/fda.inspections.history/2026/09/20260908T143416Z-4b7986a411cf.json.gz,1
fda.inspections.history,firm:3001451496,2014-04-07,2026-09-08T14:34:16Z,firm_key,MIDDLESEX GASES TECHNOLOGIES,,fda.inspections.history,raw/fda.inspections.history/2026/09/20260908T143416Z-4b7986a411cf.json.gz,1
fda.inspections.history,firm:3001451496,2014-04-07,2026-09-08T14:34:16Z,inspected,1,count,fda.inspections.history,raw/fda.inspections.history/2026/09/20260908T143416Z-4b7986a411cf.json.gz,1
fda.inspections.history,firm:3001451496,2014-04-07,2026-09-08T14:34:16Z,inspection_end,20140407,yyyymmdd,fda.inspections.history,raw/fda.inspections.history/2026/09/20260908T143416Z-4b7986a411cf.json.gz,1
fda.inspections.history,firm:3001451496,2014-04-07,2026-09-08T14:34:16Z,is_foreign,0,bool,fda.inspections.history,raw/fda.inspections.history/2026/09/20260908T143416Z-4b7986a411cf.json.gz,1
fda.inspections.history,firm:3001451496,2014-04-07,2026-09-08T14:34:16Z,is_oai,0,bool,fda.inspections.history,raw/fda.inspections.history/2026/09/20260908T143416Z-4b7986a411cf.json.gz,1
fda.inspections.history,firm:3001451496,2014-04-07,2026-09-08T14:34:16Z,label,Middlesex Gases & Technologies Inc.,,fda.inspections.history,raw/fda.inspections.history/2026/09/20260908T143416Z-4b7986a411cf.json.gz,1
fda.inspections.history,firm:3001581899,2014-04-11,2026-09-08T14:34:16Z,classification,1,ordinal,fda.inspections.history,raw/fda.inspections.history/2026/09/20260908T143416Z-4b7986a411cf.json.gz,1
fda.inspections.history,firm:3001581899,2014-04-11,2026-09-08T14:34:16Z,firm_key,CONTRACT CANADA,,fda.inspections.history,raw/fda.inspections.history/2026/09/20260908T143416Z-4b7986a411cf.json.gz,1
fda.inspections.history,firm:3001581899,2014-04-11,2026-09-08T14:34:16Z,inspected,1,count,fda.inspections.history,raw/fda.inspections.history/2026/09/20260908T143416Z-4b7986a411cf.json.gz,1
fda.inspections.history,firm:3001581899,2014-04-11,2026-09-08T14:34:16Z,inspection_end,20140411,yyyymmdd,fda.inspections.history,raw/fda.inspections.history/2026/09/20260908T143416Z-4b7986a411cf.json.gz,1
fda.inspections.history,firm:3001581899,2014-04-11,2026-09-08T14:34:16Z,is_foreign,1,bool,fda.inspections.history,raw/fda.inspections.history/2026/09/20260908T143416Z-4b7986a411cf.json.gz,1
fda.inspections.history,firm:3001581899,2014-04-11,2026-09-08T14:34:16Z,is_oai,0,bool,fda.inspections.history,raw/fda.inspections.history/2026/09/20260908T143416Z-4b7986a411cf.json.gz,1
fda.inspections.history,firm:3001581899,2014-04-11,2026-09-08T14:34:16Z,label,Contract Pharmaceuticals Limited Canada,,fda.inspections.history,raw/fda.inspections.history/2026/09/20260908T143416Z-4b7986a411cf.json.gz,1
fda.inspections.history,firm:3002420713,2014-04-07,2026-09-08T14:34:16Z,classification,0,ordinal,fda.inspections.history,raw/fda.inspections.history/2026/09/20260908T143416Z-4b7986a411cf.json.gz,1
fda.inspections.history,firm:3002420713,2014-04-07,2026-09-08T14:34:16Z,firm_key,COOPERATION PHARMACEUTIQUE FRANCAISE,,fda.inspections.history,raw/fda.inspections.history/2026/09/20260908T143416Z-4b7986a411cf.json.gz,1
fda.inspections.history,firm:3002420713,2014-04-07,2026-09-08T14:34:16Z,inspected,1,count,fda.inspections.history,raw/fda.inspections.history/2026/09/20260908T143416Z-4b7986a411cf.json.gz,1
fda.inspections.history,firm:3002420713,2014-04-07,2026-09-08T14:34:16Z,inspection_end,20140407,yyyymmdd,fda.inspections.history,raw/fda.inspections.history/2026/09/20260908T143416Z-4b7986a411cf.json.gz,1
fda.inspections.history,firm:3002420713,2014-04-07,2026-09-08T14:34:16Z,is_foreign,1,bool,fda.inspections.history,raw/fda.inspections.history/2026/09/20260908T143416Z-4b7986a411cf.json.gz,1
fda.inspections.history,firm:3002420713,2014-04-07,2026-09-08T14:34:16Z,is_oai,0,bool,fda.inspections.history,raw/fda.inspections.history/2026/09/20260908T143416Z-4b7986a411cf.json.gz,1
fda.inspections.history,firm:3002420713,2014-04-07,2026-09-08T14:34:16Z,label,Cooperation Pharmaceutique Francaise,,fda.inspections.history,raw/fda.inspections.history/2026/09/20260908T143416Z-4b7986a411cf.json.gz,1
fda.inspections.history,firm:3002468086,2014-04-02,2026-09-08T14:34:16Z,classification,2,ordinal,fda.inspections.history,raw/fda.inspections.history/2026/09/20260908T143416Z-4b7986a411cf.json.gz,1
fda.inspections.history,firm:3002468086,2014-04-02,2026-09-08T14:34:16Z,firm_key,QUVA,,fda.inspections.history,raw/fda.inspections.history/2026/09/20260908T143416Z-4b7986a411cf.json.gz,1
fda.inspections.history,firm:3002468086,2014-04-02,2026-09-08T14:34:16Z,inspected,1,count,fda.inspections.history,raw/fda.inspections.history/2026/09/20260908T143416Z-4b7986a411cf.json.gz,1
fda.inspections.history,firm:3002468086,2014-04-02,2026-09-08T14:34:16Z,inspection_end,20140402,yyyymmdd,fda.inspections.history,raw/fda.inspections.history/2026/09/20260908T143416Z-4b7986a411cf.json.gz,1
fda.inspections.history,firm:3002468086,2014-04-02,2026-09-08T14:34:16Z,is_foreign,0,bool,fda.inspections.history,raw/fda.inspections.history/2026/09/20260908T143416Z-4b7986a411cf.json.gz,1
fda.inspections.history,firm:3002468086,2014-04-02,2026-09-08T14:34:16Z,is_oai,1,bool,fda.inspections.history,raw/fda.inspections.history/2026/09/20260908T143416Z-4b7986a411cf.json.gz,1
fda.inspections.history,firm:3002468086,2014-04-02,2026-09-08T14:34:16Z,label,"QuVa Pharma, Inc.",,fda.inspections.history,raw/fda.inspections.history/2026/09/20260908T143416Z-4b7986a411cf.json.gz,1
fda.inspections.history,firm:3002486140,2014-04-17,2026-09-08T14:34:16Z,classification,1,ordinal,fda.inspections.history,raw/fda.inspections.history/2026/09/20260908T143416Z-4b7986a411cf.json.gz,1
fda.inspections.history,firm:3002486140,2014-04-17,2026-09-08T14:34:16Z,firm_key,LINDE,,fda.inspections.history,raw/fda.inspections.history/2026/09/20260908T143416Z-4b7986a411cf.json.gz,1
fda.inspections.history,firm:3002486140,2014-04-17,2026-09-08T14:34:16Z,inspected,1,count,fda.inspections.history,raw/fda.inspections.history/2026/09/20260908T143416Z-4b7986a411cf.json.gz,1
fda.inspections.history,firm:3002486140,2014-04-17,2026-09-08T14:34:16Z,inspection_end,20140417,yyyymmdd,fda.inspections.history,raw/fda.inspections.history/2026/09/20260908T143416Z-4b7986a411cf.json.gz,1
fda.inspections.history,firm:3002486140,2014-04-17,2026-09-08T14:34:16Z,is_foreign,0,bool,fda.inspections.history,raw/fda.inspections.history/2026/09/20260908T143416Z-4b7986a411cf.json.gz,1
fda.inspections.history,firm:3002486140,2014-04-17,2026-09-08T14:34:16Z,is_oai,0,bool,fda.inspections.history,raw/fda.inspections.history/2026/09/20260908T143416Z-4b7986a411cf.json.gz,1
fda.inspections.history,firm:3002486140,2014-04-17,2026-09-08T14:34:16Z,label,Linde Inc.,,fda.inspections.history,raw/fda.inspections.history/2026/09/20260908T143416Z-4b7986a411cf.json.gz,1
fda.inspections.history,firm:3002587812,2014-04-23,2026-09-08T14:34:16Z,classification,0,ordinal,fda.inspections.history,raw/fda.inspections.history/2026/09/20260908T143416Z-4b7986a411cf.json.gz,1
fda.inspections.history,firm:3002587812,2014-04-23,2026-09-08T14:34:16Z,firm_key,HELGET GAS PRODUCTS,,fda.inspections.history,raw/fda.inspections.history/2026/09/20260908T143416Z-4b7986a411cf.json.gz,1
fda.inspections.history,firm:3002587812,2014-04-23,2026-09-08T14:34:16Z,inspected,1,count,fda.inspections.history,raw/fda.inspections.history/2026/09/20260908T143416Z-4b7986a411cf.json.gz,1
fda.inspections.history,firm:3002587812,2014-04-23,2026-09-08T14:34:16Z,inspection_end,20140423,yyyymmdd,fda.inspections.history,raw/fda.inspections.history/2026/09/20260908T143416Z-4b7986a411cf.json.gz,1
fda.inspections.history,firm:3002587812,2014-04-23,2026-09-08T14:34:16Z,is_foreign,0,bool,fda.inspections.history,raw/fda.inspections.history/2026/09/20260908T143416Z-4b7986a411cf.json.gz,1
fda.inspections.history,firm:3002587812,2014-04-23,2026-09-08T14:34:16Z,is_oai,0,bool,fda.inspections.history,raw/fda.inspections.history/2026/09/20260908T143416Z-4b7986a411cf.json.gz,1
fda.inspections.history,firm:3002587812,2014-04-23,2026-09-08T14:34:16Z,label,"Helget Gas Products, Inc.",,fda.inspections.history,raw/fda.inspections.history/2026/09/20260908T143416Z-4b7986a411cf.json.gz,1
fda.inspections.history,firm:3002631703,2014-04-11,2026-09-08T14:34:16Z,classification,1,ordinal,fda.inspections.history,raw/fda.inspections.history/2026/09/20260908T143416Z-4b7986a411cf.json.gz,1
fda.inspections.history,firm:3002631703,2014-04-11,2026-09-08T14:34:16Z,firm_key,FRESENIUS KABI,,fda.inspections.history,raw/fda.inspections.history/2026/09/20260908T143416Z-4b7986a411cf.json.gz,1
fda.inspections.history,firm:3002631703,2014-04-11,2026-09-08T14:34:16Z,inspected,1,count,fda.inspections.history,raw/fda.inspections.history/2026/09/20260908T143416Z-4b7986a411cf.json.gz,1
fda.inspections.history,firm:3002631703,2014-04-11,2026-09-08T14:34:16Z,inspection_end,20140411,yyyymmdd,fda.inspections.history,raw/fda.inspections.history/2026/09/20260908T143416Z-4b7986a411cf.json.gz,1
fda.inspections.history,firm:3002631703,2014-04-11,2026-09-08T14:34:16Z,is_foreign,1,bool,fda.inspections.history,raw/fda.inspections.history/2026/09/20260908T143416Z-4b7986a411cf.json.gz,1
fda.inspections.history,firm:3002631703,2014-04-11,2026-09-08T14:34:16Z,is_oai,0,bool,fda.inspections.history,raw/fda.inspections.history/2026/09/20260908T143416Z-4b7986a411cf.json.gz,1
fda.inspections.history,firm:3002631703,2014-04-11,2026-09-08T14:34:16Z,label,Fresenius Kabi AB,,fda.inspections.history,raw/fda.inspections.history/2026/09/20260908T143416Z-4b7986a411cf.json.gz,1
fda.inspections.history,firm:3002674972,2014-04-17,2026-09-08T14:34:16Z,classification,0,ordinal,fda.inspections.history,raw/fda.inspections.history/2026/09/20260908T143416Z-4b7986a411cf.json.gz,1
fda.inspections.history,firm:3002674972,2014-04-17,2026-09-08T14:34:16Z,firm_key,NIPPON SANSO MATHESON,,fda.inspections.history,raw/fda.inspections.history/2026/09/20260908T143416Z-4b7986a411cf.json.gz,1
fda.inspections.history,firm:3002674972,2014-04-17,2026-09-08T14:34:16Z,inspected,1,count,fda.inspections.history,raw/fda.inspections.history/2026/09/20260908T143416Z-4b7986a411cf.json.gz,1
fda.inspections.history,firm:3002674972,2014-04-17,2026-09-08T14:34:16Z,inspection_end,20140417,yyyymmdd,fda.inspections.history,raw/fda.inspections.history/2026/09/20260908T143416Z-4b7986a411cf.json.gz,1
fda.inspections.history,firm:3002674972,2014-04-17,2026-09-08T14:34:16Z,is_foreign,0,bool,fda.inspections.history,raw/fda.inspections.history/2026/09/20260908T143416Z-4b7986a411cf.json.gz,1
fda.inspections.history,firm:3002674972,2014-04-17,2026-09-08T14:34:16Z,is_oai,0,bool,fda.inspections.history,raw/fda.inspections.history/2026/09/20260908T143416Z-4b7986a411cf.json.gz,1
fda.inspections.history,firm:3002674972,2014-04-17,2026-09-08T14:34:16Z,label,"Nippon Sanso Matheson, Inc.",,fda.inspections.history,raw/fda.inspections.history/2026/09/20260908T143416Z-4b7986a411cf.json.gz,1
fda.inspections.history,firm:3002738504,2014-04-25,2026-09-08T14:34:16Z,classification,1,ordinal,fda.inspections.history,raw/fda.inspections.history/2026/09/20260908T143416Z-4b7986a411cf.json.gz,1
fda.inspections.history,firm:3002738504,2014-04-25,2026-09-08T14:34:16Z,firm_key,BERDY MALHOTRA PC DBA OPHTHALMOLOGY ASSOCIATES,,fda.inspections.history,raw/fda.inspections.history/2026/09/20260908T143416Z-4b7986a411cf.json.gz,1
fda.inspections.history,firm:3002738504,2014-04-25,2026-09-08T14:34:16Z,inspected,1,count,fda.inspections.history,raw/fda.inspections.history/2026/09/20260908T143416Z-4b7986a411cf.json.gz,1
fda.inspections.history,firm:3002738504,2014-04-25,2026-09-08T14:34:16Z,inspection_end,20140425,yyyymmdd,fda.inspections.history,raw/fda.inspections.history/2026/09/20260908T143416Z-4b7986a411cf.json.gz,1
fda.inspections.history,firm:3002738504,2014-04-25,2026-09-08T14:34:16Z,is_foreign,0,bool,fda.inspections.history,raw/fda.inspections.history/2026/09/20260908T143416Z-4b7986a411cf.json.gz,1
fda.inspections.history,firm:3002738504,2014-04-25,2026-09-08T14:34:16Z,is_oai,0,bool,fda.inspections.history,raw/fda.inspections.history/2026/09/20260908T143416Z-4b7986a411cf.json.gz,1
fda.inspections.history,firm:3002738504,2014-04-25,2026-09-08T14:34:16Z,label,Berdy & Malhotra PC dba Ophthalmology Associates,,fda.inspections.history,raw/fda.inspections.history/2026/09/20260908T143416Z-4b7986a411cf.json.gz,1
fda.inspections.history,firm:3002806424,2014-04-04,2026-09-08T14:34:16Z,classification,0,ordinal,fda.inspections.history,raw/fda.inspections.history/2026/09/20260908T143416Z-4b7986a411cf.json.gz,1
fda.inspections.history,firm:3002806424,2014-04-04,2026-09-08T14:34:16Z,firm_key,ATABAY KIMYA SANAYI VE TICARET A S,,fda.inspections.history,raw/fda.inspections.history/2026/09/20260908T143416Z-4b7986a411cf.json.gz,1
fda.inspections.history,firm:3002806424,2014-04-04,2026-09-08T14:34:16Z,inspected,1,count,fda.inspections.history,raw/fda.inspections.history/2026/09/20260908T143416Z-4b7986a411cf.json.gz,1
fda.inspections.history,firm:3002806424,2014-04-04,2026-09-08T14:34:16Z,inspection_end,20140404,yyyymmdd,fda.inspections.history,raw/fda.inspections.history/2026/09/20260908T143416Z-4b7986a411cf.json.gz,1
fda.inspections.history,firm:3002806424,2014-04-04,2026-09-08T14:34:16Z,is_foreign,1,bool,fda.inspections.history,raw/fda.inspections.history/2026/09/20260908T143416Z-4b7986a411cf.json.gz,1
fda.inspections.history,firm:3002806424,2014-04-04,2026-09-08T14:34:16Z,is_oai,0,bool,fda.inspections.history,raw/fda.inspections.history/2026/09/20260908T143416Z-4b7986a411cf.json.gz,1
fda.inspections.history,firm:3002806424,2014-04-04,2026-09-08T14:34:16Z,label,Atabay Kimya Sanayi Ve Ticaret A.S.,,fda.inspections.history,raw/fda.inspections.history/2026/09/20260908T143416Z-4b7986a411cf.json.gz,1
fda.inspections.history,firm:3002806559,2014-04-04,2026-09-08T14:34:16Z,classification,1,ordinal,fda.inspections.history,raw/fda.inspections.history/2026/09/20260908T143416Z-4b7986a411cf.json.gz,1
fda.inspections.history,firm:3002806559,2014-04-04,2026-09-08T14:34:16Z,firm_key,ROCHE DIAGNOSTICS,,fda.inspections.history,raw/fda.inspections.history/2026/09/20260908T143416Z-4b7986a411cf.json.gz,1
fda.inspections.history,firm:3002806559,2014-04-04,2026-09-08T14:34:16Z,inspected,1,count,fda.inspections.history,raw/fda.inspections.history/2026/09/20260908T143416Z-4b7986a411cf.json.gz,1
fda.inspections.history,firm:3002806559,2014-04-04,2026-09-08T14:34:16Z,inspection_end,20140404,yyyymmdd,fda.inspections.history,raw/fda.inspections.history/2026/09/20260908T143416Z-4b7986a411cf.json.gz,1
fda.inspections.history,firm:3002806559,2014-04-04,2026-09-08T14:34:16Z,is_foreign,1,bool,fda.inspections.history,raw/fda.inspections.history/2026/09/20260908T143416Z-4b7986a411cf.json.gz,1
fda.inspections.history,firm:3002806559,2014-04-04,2026-09-08T14:34:16Z,is_oai,0,bool,fda.inspections.history,raw/fda.inspections.history/2026/09/20260908T143416Z-4b7986a411cf.json.gz,1
fda.inspections.history,firm:3002806559,2014-04-04,2026-09-08T14:34:16Z,label,Roche Diagnostics GmbH,,fda.inspections.history,raw/fda.inspections.history/2026/09/20260908T143416Z-4b7986a411cf.json.gz,1
fda.inspections.history,firm:3002807001,2014-04-11,2026-09-08T14:34:16Z,classification,1,ordinal,fda.inspections.history,raw/fda.inspections.history/2026/09/20260908T143416Z-4b7986a411cf.json.gz,1
fda.inspections.history,firm:3002807001,2014-04-11,2026-09-08T14:34:16Z,firm_key,ASTELLAS,,fda.inspections.history,raw/fda.inspections.history/2026/09/20260908T143416Z-4b7986a411cf.json.gz,1
fda.inspections.history,firm:3002807001,2014-04-11,2026-09-08T14:34:16Z,inspected,1,count,fda.inspections.history,raw/fda.inspections.history/2026/09/20260908T143416Z-4b7986a411cf.json.gz,1
fda.inspections.history,firm:3002807001,2014-04-11,2026-09-08T14:34:16Z,inspection_end,20140411,yyyymmdd,fda.inspections.history,raw/fda.inspections.history/2026/09/20260908T143416Z-4b7986a411cf.json.gz,1
fda.inspections.history,firm:3002807001,2014-04-11,2026-09-08T14:34:16Z,is_foreign,1,bool,fda.inspections.history,raw/fda.inspections.history/2026/09/20260908T143416Z-4b7986a411cf.json.gz,1
fda.inspections.history,firm:3002807001,2014-04-11,2026-09-08T14:34:16Z,is_oai,0,bool,fda.inspections.history,raw/fda.inspections.history/2026/09/20260908T143416Z-4b7986a411cf.json.gz,1
fda.inspections.history,firm:3002807001,2014-04-11,2026-09-08T14:34:16Z,label,Astellas Pharma Inc.,,fda.inspections.history,raw/fda.inspections.history/2026/09/20260908T143416Z-4b7986a411cf.json.gz,1
fda.inspections.history,firm:3002807097,2014-04-03,2026-09-08T14:34:16Z,classification,1,ordinal,fda.inspections.history,raw/fda.inspections.history/2026/09/20260908T143416Z-4b7986a411cf.json.gz,1
fda.inspections.history,firm:3002807097,2014-04-03,2026-09-08T14:34:16Z,firm_key,PFIZER MANUFACTURING DEUTSCHLAND,,fda.inspections.history,raw/fda.inspections.history/2026/09/20260908T143416Z-4b7986a411cf.json.gz,1
fda.inspections.history,firm:3002807097,2014-04-03,2026-09-08T14:34:16Z,inspected,1,count,fda.inspections.history,raw/fda.inspections.history/2026/09/20260908T143416Z-4b7986a411cf.json.gz,1
fda.inspections.history,firm:3002807097,2014-04-03,2026-09-08T14:34:16Z,inspection_end,20140403,yyyymmdd,fda.inspections.history,raw/fda.inspections.history/2026/09/20260908T143416Z-4b7986a411cf.json.gz,1
fda.inspections.history,firm:3002807097,2014-04-03,2026-09-08T14:34:16Z,is_foreign,1,bool,fda.inspections.history,raw/fda.inspections.history/2026/09/20260908T143416Z-4b7986a411cf.json.gz,1
fda.inspections.history,firm:3002807097,2014-04-03,2026-09-08T14:34:16Z,is_oai,0,bool,fda.inspections.history,raw/fda.inspections.history/2026/09/20260908T143416Z-4b7986a411cf.json.gz,1
fda.inspections.history,firm:3002807097,2014-04-03,2026-09-08T14:34:16Z,label,Pfizer Manufacturing Deutschland GmbH,,fda.inspections.history,raw/fda.inspections.history/2026/09/20260908T143416Z-4b7986a411cf.json.gz,1
fda.inspections.history,firm:3002807151,2014-04-11,2026-09-08T14:34:16Z,classification,0,ordinal,fda.inspections.history,raw/fda.inspections.history/2026/09/20260908T143416Z-4b7986a411cf.json.gz,1
fda.inspections.history,firm:3002807151,2014-04-11,2026-09-08T14:34:16Z,firm_key,HAS HEALTHCARE ADVANCED SYNTHESIS S A,,fda.inspections.history,raw/fda.inspections.history/2026/09/20260908T143416Z-4b7986a411cf.json.gz,1
fda.inspections.history,firm:3002807151,2014-04-11,2026-09-08T14:34:16Z,inspected,1,count,fda.inspections.history,raw/fda.inspections.history/2026/09/20260908T143416Z-4b7986a411cf.json.gz,1
fda.inspections.history,firm:3002807151,2014-04-11,2026-09-08T14:34:16Z,inspection_end,20140411,yyyymmdd,fda.inspections.history,raw/fda.inspections.history/2026/09/20260908T143416Z-4b7986a411cf.json.gz,1
fda.inspections.history,firm:3002807151,2014-04-11,2026-09-08T14:34:16Z,is_foreign,1,bool,fda.inspections.history,raw/fda.inspections.history/2026/09/20260908T143416Z-4b7986a411cf.json.gz,1
fda.inspections.history,firm:3002807151,2014-04-11,2026-09-08T14:34:16Z,is_oai,0,bool,fda.inspections.history,raw/fda.inspections.history/2026/09/20260908T143416Z-4b7986a411cf.json.gz,1
fda.inspections.history,firm:3002807151,2014-04-11,2026-09-08T14:34:16Z,label,HAS Healthcare Advanced Synthesis S.A.,,fda.inspections.history,raw/fda.inspections.history/2026/09/20260908T143416Z-4b7986a411cf.json.gz,1
fda.inspections.history,firm:3002807321,2014-04-16,2026-09-08T14:34:16Z,classification,1,ordinal,fda.inspections.history,raw/fda.inspections.history/2026/09/20260908T143416Z-4b7986a411cf.json.gz,1
fda.inspections.history,firm:3002807321,2014-04-16,2026-09-08T14:34:16Z,firm_key,JONES HEALTHCARE PACKAGING SERVICES,,fda.inspections.history,raw/fda.inspections.history/2026/09/20260908T143416Z-4b7986a411cf.json.gz,1
fda.inspections.history,firm:3002807321,2014-04-16,2026-09-08T14:34:16Z,inspected,1,count,fda.inspections.history,raw/fda.inspections.history/2026/09/20260908T143416Z-4b7986a411cf.json.gz,1
fda.inspections.history,firm:3002807321,2014-04-16,2026-09-08T14:34:16Z,inspection_end,20140416,yyyymmdd,fda.inspections.history,raw/fda.inspections.history/2026/09/20260908T143416Z-4b7986a411cf.json.gz,1
fda.inspections.history,firm:3002807321,2014-04-16,2026-09-08T14:34:16Z,is_foreign,1,bool,fda.inspections.history,raw/fda.inspections.history/2026/09/20260908T143416Z-4b7986a411cf.json.gz,1
fda.inspections.history,firm:3002807321,2014-04-16,2026-09-08T14:34:16Z,is_oai,0,bool,fda.inspections.history,raw/fda.inspections.history/2026/09/20260908T143416Z-4b7986a411cf.json.gz,1
fda.inspections.history,firm:3002807321,2014-04-16,2026-09-08T14:34:16Z,label,"Jones Healthcare Group - Packaging Services, Inc.",,fda.inspections.history,raw/fda.inspections.history/2026/09/20260908T143416Z-4b7986a411cf.json.gz,1
fda.inspections.history,firm:3002807436,2014-04-11,2026-09-08T14:34:16Z,classification,0,ordinal,fda.inspections.history,raw/fda.inspections.history/2026/09/20260908T143416Z-4b7986a411cf.json.gz,1
fda.inspections.history,firm:3002807436,2014-04-11,2026-09-08T14:34:16Z,firm_key,GLAXOWELLCOME PRODUCTION,,fda.inspections.history,raw/fda.inspections.history/2026/09/20260908T143416Z-4b7986a411cf.json.gz,1
fda.inspections.history,firm:3002807436,2014-04-11,2026-09-08T14:34:16Z,inspected,1,count,fda.inspections.history,raw/fda.inspections.history/2026/09/20260908T143416Z-4b7986a411cf.json.gz,1
fda.inspections.history,firm:3002807436,2014-04-11,2026-09-08T14:34:16Z,inspection_end,20140411,yyyymmdd,fda.inspections.history,raw/fda.inspections.history/2026/09/20260908T143416Z-4b7986a411cf.json.gz,1
fda.inspections.history,firm:3002807436,2014-04-11,2026-09-08T14:34:16Z,is_foreign,1,bool,fda.inspections.history,raw/fda.inspections.history/2026/09/20260908T143416Z-4b7986a411cf.json.gz,1
fda.inspections.history,firm:3002807436,2014-04-11,2026-09-08T14:34:16Z,is_oai,0,bool,fda.inspections.history,raw/fda.inspections.history/2026/09/20260908T143416Z-4b7986a411cf.json.gz,1
fda.inspections.history,firm:3002807436,2014-04-11,2026-09-08T14:34:16Z,label,GlaxoWellcome Production,,fda.inspections.history,raw/fda.inspections.history/2026/09/20260908T143416Z-4b7986a411cf.json.gz,1
fda.inspections.history,firm:3002807502,2014-04-03,2026-09-08T14:34:16Z,classification,1,ordinal,fda.inspections.history,raw/fda.inspections.history/2026/09/20260908T143416Z-4b7986a411cf.json.gz,1
fda.inspections.history,firm:3002807502,2014-04-03,2026-09-08T14:34:16Z,firm_key,MERCK SANTE,,fda.inspections.history,raw/fda.inspections.history/2026/09/20260908T143416Z-4b7986a411cf.json.gz,1
fda.inspections.history,firm:3002807502,2014-04-03,2026-09-08T14:34:16Z,inspected,1,count,fda.inspections.history,raw/fda.inspections.history/2026/09/20260908T143416Z-4b7986a411cf.json.gz,1
fda.inspections.history,firm:3002807502,2014-04-03,2026-09-08T14:34:16Z,inspection_end,20140403,yyyymmdd,fda.inspections.history,raw/fda.inspections.history/2026/09/20260908T143416Z-4b7986a411cf.json.gz,1
fda.inspections.history,firm:3002807502,2014-04-03,2026-09-08T14:34:16Z,is_foreign,1,bool,fda.inspections.history,raw/fda.inspections.history/2026/09/20260908T143416Z-4b7986a411cf.json.gz,1
fda.inspections.history,firm:3002807502,2014-04-03,2026-09-08T14:34:16Z,is_oai,0,bool,fda.inspections.history,raw/fda.inspections.history/2026/09/20260908T143416Z-4b7986a411cf.json.gz,1
fda.inspections.history,firm:3002807502,2014-04-03,2026-09-08T14:34:16Z,label,Merck Sante,,fda.inspections.history,raw/fda.inspections.history/2026/09/20260908T143416Z-4b7986a411cf.json.gz,1
fda.inspections.history,firm:3002807503,2014-04-09,2026-09-08T14:34:16Z,classification,1,ordinal,fda.inspections.history,raw/fda.inspections.history/2026/09/20260908T143416Z-4b7986a411cf.json.gz,1
fda.inspections.history,firm:3002807503,2014-04-09,2026-09-08T14:34:16Z,firm_key,ORGAPHARM,,fda.inspections.history,raw/fda.inspections.history/2026/09/20260908T143416Z-4b7986a411cf.json.gz,1
fda.inspections.history,firm:3002807503,2014-04-09,2026-09-08T14:34:16Z,inspected,1,count,fda.inspections.history,raw/fda.inspections.history/2026/09/20260908T143416Z-4b7986a411cf.json.gz,1
fda.inspections.history,firm:3002807503,2014-04-09,2026-09-08T14:34:16Z,inspection_end,20140409,yyyymmdd,fda.inspections.history,raw/fda.inspections.history/2026/09/20260908T143416Z-4b7986a411cf.json.gz,1
fda.inspections.history,firm:3002807503,2014-04-09,2026-09-08T14:34:16Z,is_foreign,1,bool,fda.inspections.history,raw/fda.inspections.history/2026/09/20260908T143416Z-4b7986a411cf.json.gz,1
fda.inspections.history,firm:3002807503,2014-04-09,2026-09-08T14:34:16Z,is_oai,0,bool,fda.inspections.history,raw/fda.inspections.history/2026/09/20260908T143416Z-4b7986a411cf.json.gz,1
fda.inspections.history,firm:3002807503,2014-04-09,2026-09-08T14:34:16Z,label,Orgapharm,,fda.inspections.history,raw/fda.inspections.history/2026/09/20260908T143416Z-4b7986a411cf.json.gz,1
fda.inspections.history,firm:3002807601,2014-04-02,2026-09-08T14:34:16Z,classification,0,ordinal,fda.inspections.history,raw/fda.inspections.history/2026/09/20260908T143416Z-4b7986a411cf.json.gz,1
fda.inspections.history,firm:3002807601,2014-04-02,2026-09-08T14:34:16Z,firm_key,MICROCHEM,,fda.inspections.history,raw/fda.inspections.history/2026/09/20260908T143416Z-4b7986a411cf.json.gz,1
fda.inspections.history,firm:3002807601,2014-04-02,2026-09-08T14:34:16Z,inspected,1,count,fda.inspections.history,raw/fda.inspections.history/2026/09/20260908T143416Z-4b7986a411cf.json.gz,1
fda.inspections.history,firm:3002807601,2014-04-02,2026-09-08T14:34:16Z,inspection_end,20140402,yyyymmdd,fda.inspections.history,raw/fda.inspections.history/2026/09/20260908T143416Z-4b7986a411cf.json.gz,1
fda.inspections.history,firm:3002807601,2014-04-02,2026-09-08T14:34:16Z,is_foreign,1,bool,fda.inspections.history,raw/fda.inspections.history/2026/09/20260908T143416Z-4b7986a411cf.json.gz,1
fda.inspections.history,firm:3002807601,2014-04-02,2026-09-08T14:34:16Z,is_oai,0,bool,fda.inspections.history,raw/fda.inspections.history/2026/09/20260908T143416Z-4b7986a411cf.json.gz,1
fda.inspections.history,firm:3002807601,2014-04-02,2026-09-08T14:34:16Z,label,Microchem Srl,,fda.inspections.history,raw/fda.inspections.history/2026/09/20260908T143416Z-4b7986a411cf.json.gz,1
fda.inspections.history,firm:3002807652,2014-04-11,2026-09-08T14:34:16Z,classification,0,ordinal,fda.inspections.history,raw/fda.inspections.history/2026/09/20260908T143416Z-4b7986a411cf.json.gz,1
fda.inspections.history,firm:3002807652,2014-04-11,2026-09-08T14:34:16Z,firm_key,CATALENT MICRON TECHNOLOGIES,,fda.inspections.history,raw/fda.inspections.history/2026/09/20260908T143416Z-4b7986a411cf.json.gz,1
fda.inspections.history,firm:3002807652,2014-04-11,2026-09-08T14:34:16Z,inspected,1,count,fda.inspections.history,raw/fda.inspections.history/2026/09/20260908T143416Z-4b7986a411cf.json.gz,1
fda.inspections.history,firm:3002807652,2014-04-11,2026-09-08T14:34:16Z,inspection_end,20140411,yyyymmdd,fda.inspections.history,raw/fda.inspections.history/2026/09/20260908T143416Z-4b7986a411cf.json.gz,1
fda.inspections.history,firm:3002807652,2014-04-11,2026-09-08T14:34:16Z,is_foreign,1,bool,fda.inspections.history,raw/fda.inspections.history/2026/09/20260908T143416Z-4b7986a411cf.json.gz,1
fda.inspections.history,firm:3002807652,2014-04-11,2026-09-08T14:34:16Z,is_oai,0,bool,fda.inspections.history,raw/fda.inspections.history/2026/09/20260908T143416Z-4b7986a411cf.json.gz,1
fda.inspections.history,firm:3002807652,2014-04-11,2026-09-08T14:34:16Z,label,"Catalent Micron Technologies, Limited",,fda.inspections.history,raw/fda.inspections.history/2026/09/20260908T143416Z-4b7986a411cf.json.gz,1
fda.inspections.history,firm:3002808086,2014-04-17,2026-09-08T14:34:16Z,classification,0,ordinal,fda.inspections.history,raw/fda.inspections.history/2026/09/20260908T143416Z-4b7986a411cf.json.gz,1
fda.inspections.history,firm:3002808086,2014-04-17,2026-09-08T14:34:16Z,firm_key,BAYER,,fda.inspections.history,raw/fda.inspections.history/2026/09/20260908T143416Z-4b7986a411cf.json.gz,1
fda.inspections.history,firm:3002808086,2014-04-17,2026-09-08T14:34:16Z,inspected,1,count,fda.inspections.history,raw/fda.inspections.history/2026/09/20260908T143416Z-4b7986a411cf.json.gz,1
fda.inspections.history,firm:3002808086,2014-04-17,2026-09-08T14:34:16Z,inspection_end,20140417,yyyymmdd,fda.inspections.history,raw/fda.inspections.history/2026/09/20260908T143416Z-4b7986a411cf.json.gz,1
fda.inspections.history,firm:3002808086,2014-04-17,2026-09-08T14:34:16Z,is_foreign,1,bool,fda.inspections.history,raw/fda.inspections.history/2026/09/20260908T143416Z-4b7986a411cf.json.gz,1
fda.inspections.history,firm:3002808086,2014-04-17,2026-09-08T14:34:16Z,is_oai,0,bool,fda.inspections.history,raw/fda.inspections.history/2026/09/20260908T143416Z-4b7986a411cf.json.gz,1
fda.inspections.history,firm:3002808086,2014-04-17,2026-09-08T14:34:16Z,label,Bayer AG,,fda.inspections.history,raw/fda.inspections.history/2026/09/20260908T143416Z-4b7986a411cf.json.gz,1
fda.inspections.history,firm:3002808135,2014-04-01,2026-09-08T14:34:16Z,classification,1,ordinal,fda.inspections.history,raw/fda.inspections.history/2026/09/20260908T143416Z-4b7986a411cf.json.gz,1
fda.inspections.history,firm:3002808135,2014-04-01,2026-09-08T14:34:16Z,firm_key,SHIONOGI,,fda.inspections.history,raw/fda.inspections.history/2026/09/20260908T143416Z-4b7986a411cf.json.gz,1
fda.inspections.history,firm:3002808135,2014-04-01,2026-09-08T14:34:16Z,inspected,1,count,fda.inspections.history,raw/fda.inspections.history/2026/09/20260908T143416Z-4b7986a411cf.json.gz,1
fda.inspections.history,firm:3002808135,2014-04-01,2026-09-08T14:34:16Z,inspection_end,20140401,yyyymmdd,fda.inspections.history,raw/fda.inspections.history/2026/09/20260908T143416Z-4b7986a411cf.json.gz,1
fda.inspections.history,firm:3002808135,2014-04-01,2026-09-08T14:34:16Z,is_foreign,1,bool,fda.inspections.history,raw/fda.inspections.history/2026/09/20260908T143416Z-4b7986a411cf.json.gz,1
fda.inspections.history,firm:3002808135,2014-04-01,2026-09-08T14:34:16Z,is_oai,0,bool,fda.inspections.history,raw/fda.inspections.history/2026/09/20260908T143416Z-4b7986a411cf.json.gz,1
fda.inspections.history,firm:3002808135,2014-04-01,2026-09-08T14:34:16Z,label,"Shionogi Pharma Co., Ltd.",,fda.inspections.history,raw/fda.inspections.history/2026/09/20260908T143416Z-4b7986a411cf.json.gz,1
fda.inspections.history,firm:3002808153,2014-04-04,2026-09-08T14:34:16Z,classification,1,ordinal,fda.inspections.history,raw/fda.inspections.history/2026/09/20260908T143416Z-4b7986a411cf.json.gz,1
fda.inspections.history,firm:3002808153,2014-04-04,2026-09-08T14:34:16Z,firm_key,SHANDONG XINHUA FIRST PLANT,,fda.inspections.history,raw/fda.inspections.history/2026/09/20260908T143416Z-4b7986a411cf.json.gz,1
fda.inspections.history,firm:3002808153,2014-04-04,2026-09-08T14:34:16Z,inspected,1,count,fda.inspections.history,raw/fda.inspections.history/2026/09/20260908T143416Z-4b7986a411cf.json.gz,1
fda.inspections.history,firm:3002808153,2014-04-04,2026-09-08T14:34:16Z,inspection_end,20140404,yyyymmdd,fda.inspections.history,raw/fda.inspections.history/2026/09/20260908T143416Z-4b7986a411cf.json.gz,1
fda.inspections.history,firm:3002808153,2014-04-04,2026-09-08T14:34:16Z,is_foreign,1,bool,fda.inspections.history,raw/fda.inspections.history/2026/09/20260908T143416Z-4b7986a411cf.json.gz,1
fda.inspections.history,firm:3002808153,2014-04-04,2026-09-08T14:34:16Z,is_oai,0,bool,fda.inspections.history,raw/fda.inspections.history/2026/09/20260908T143416Z-4b7986a411cf.json.gz,1
fda.inspections.history,firm:3002808153,2014-04-04,2026-09-08T14:34:16Z,label,"Shandong Xinhua Pharmaceutical Co., Ltd. First Plant",,fda.inspections.history,raw/fda.inspections.history/2026/09/20260908T143416Z-4b7986a411cf.json.gz,1
fda.inspections.history,firm:3002808432,2014-04-04,2026-09-08T14:34:16Z,classification,1,ordinal,fda.inspections.history,raw/fda.inspections.history/2026/09/20260908T143416Z-4b7986a411cf.json.gz,1
fda.inspections.history,firm:3002808432,2014-04-04,2026-09-08T14:34:16Z,firm_key,URQUIMA,,fda.inspections.history,raw/fda.inspections.history/2026/09/20260908T143416Z-4b7986a411cf.json.gz,1
fda.inspections.history,firm:3002808432,2014-04-04,2026-09-08T14:34:16Z,inspected,1,count,fda.inspections.history,raw/fda.inspections.history/2026/09/20260908T143416Z-4b7986a411cf.json.gz,1
fda.inspections.history,firm:3002808432,2014-04-04,2026-09-08T14:34:16Z,inspection_end,20140404,yyyymmdd,fda.inspections.history,raw/fda.inspections.history/2026/09/20260908T143416Z-4b7986a411cf.json.gz,1
fda.inspections.history,firm:3002808432,2014-04-04,2026-09-08T14:34:16Z,is_foreign,1,bool,fda.inspections.history,raw/fda.inspections.history/2026/09/20260908T143416Z-4b7986a411cf.json.gz,1
fda.inspections.history,firm:3002808432,2014-04-04,2026-09-08T14:34:16Z,is_oai,0,bool,fda.inspections.history,raw/fda.inspections.history/2026/09/20260908T143416Z-4b7986a411cf.json.gz,1
fda.inspections.history,firm:3002808432,2014-04-04,2026-09-08T14:34:16Z,label,"Urquima, Sa",,fda.inspections.history,raw/fda.inspections.history/2026/09/20260908T143416Z-4b7986a411cf.json.gz,1
fda.inspections.history,firm:3002808537,2014-04-17,2026-09-08T14:34:16Z,classification,2,ordinal,fda.inspections.history,raw/fda.inspections.history/2026/09/20260908T143416Z-4b7986a411cf.json.gz,1
fda.inspections.history,firm:3002808537,2014-04-17,2026-09-08T14:34:16Z,firm_key,YUNNAN HANDE BIO TECH,,fda.inspections.history,raw/fda.inspections.history/2026/09/20260908T143416Z-4b7986a411cf.json.gz,1
fda.inspections.history,firm:3002808537,2014-04-17,2026-09-08T14:34:16Z,inspected,1,count,fda.inspections.history,raw/fda.inspections.history/2026/09/20260908T143416Z-4b7986a411cf.json.gz,1
fda.inspections.history,firm:3002808537,2014-04-17,2026-09-08T14:34:16Z,inspection_end,20140417,yyyymmdd,fda.inspections.history,raw/fda.inspections.history/2026/09/20260908T143416Z-4b7986a411cf.json.gz,1
fda.inspections.history,firm:3002808537,2014-04-17,2026-09-08T14:34:16Z,is_foreign,1,bool,fda.inspections.history,raw/fda.inspections.history/2026/09/20260908T143416Z-4b7986a411cf.json.gz,1
fda.inspections.history,firm:3002808537,2014-04-17,2026-09-08T14:34:16Z,is_oai,1,bool,fda.inspections.history,raw/fda.inspections.history/2026/09/20260908T143416Z-4b7986a411cf.json.gz,1
fda.inspections.history,firm:3002808537,2014-04-17,2026-09-08T14:34:16Z,label,"Yunnan Hande Bio-Tech Co., Ltd.",,fda.inspections.history,raw/fda.inspections.history/2026/09/20260908T143416Z-4b7986a411cf.json.gz,1
fda.inspections.history,firm:3002850317,2014-04-11,2026-09-08T14:34:16Z,classification,1,ordinal,fda.inspections.history,raw/fda.inspections.history/2026/09/20260908T143416Z-4b7986a411cf.json.gz,1
fda.inspections.history,firm:3002850317,2014-04-11,2026-09-08T14:34:16Z,firm_key,ASTRAZENECA UK,,fda.inspections.history,raw/fda.inspections.history/2026/09/20260908T143416Z-4b7986a411cf.json.gz,1
fda.inspections.history,firm:3002850317,2014-04-11,2026-09-08T14:34:16Z,inspected,1,count,fda.inspections.history,raw/fda.inspections.history/2026/09/20260908T143416Z-4b7986a411cf.json.gz,1
fda.inspections.history,firm:3002850317,2014-04-11,2026-09-08T14:34:16Z,inspection_end,20140411,yyyymmdd,fda.inspections.history,raw/fda.inspections.history/2026/09/20260908T143416Z-4b7986a411cf.json.gz,1
fda.inspections.history,firm:3002850317,2014-04-11,2026-09-08T14:34:16Z,is_foreign,1,bool,fda.inspections.history,raw/fda.inspections.history/2026/09/20260908T143416Z-4b7986a411cf.json.gz,1
fda.inspections.history,firm:3002850317,2014-04-11,2026-09-08T14:34:16Z,is_oai,0,bool,fda.inspections.history,raw/fda.inspections.history/2026/09/20260908T143416Z-4b7986a411cf.json.gz,1
fda.inspections.history,firm:3002850317,2014-04-11,2026-09-08T14:34:16Z,label,AstraZeneca UK Ltd.,,fda.inspections.history,raw/fda.inspections.history/2026/09/20260908T143416Z-4b7986a411cf.json.gz,1
fda.inspections.history,firm:3002921361,2014-04-21,2026-09-08T14:34:16Z,classification,0,ordinal,fda.inspections.history,raw/fda.inspections.history/2026/09/20260908T143416Z-4b7986a411cf.json.gz,1
fda.inspections.history,firm:3002921361,2014-04-21,2026-09-08T14:34:16Z,firm_key,JAYMAC L L C,,fda.inspections.history,raw/fda.inspections.history/2026/09/20260908T143416Z-4b7986a411cf.json.gz,1
fda.inspections.history,firm:3002921361,2014-04-21,2026-09-08T14:34:16Z,inspected,1,count,fda.inspections.history,raw/fda.inspections.history/2026/09/20260908T143416Z-4b7986a411cf.json.gz,1
fda.inspections.history,firm:3002921361,2014-04-21,2026-09-08T14:34:16Z,inspection_end,20140421,yyyymmdd,fda.inspections.history,raw/fda.inspections.history/2026/09/20260908T143416Z-4b7986a411cf.json.gz,1
fda.inspections.history,firm:3002921361,2014-04-21,2026-09-08T14:34:16Z,is_foreign,0,bool,fda.inspections.history,raw/fda.inspections.history/2026/09/20260908T143416Z-4b7986a411cf.json.gz,1
fda.inspections.history,firm:3002921361,2014-04-21,2026-09-08T14:34:16Z,is_oai,0,bool,fda.inspections.history,raw/fda.inspections.history/2026/09/20260908T143416Z-4b7986a411cf.json.gz,1
fda.inspections.history,firm:3002921361,2014-04-21,2026-09-08T14:34:16Z,label,Jaymac Pharmaceuticals L.L.C.,,fda.inspections.history,raw/fda.inspections.history/2026/09/20260908T143416Z-4b7986a411cf.json.gz,1
fda.inspections.history,firm:3002966831,2014-04-11,2026-09-08T14:34:16Z,classification,1,ordinal,fda.inspections.history,raw/fda.inspections.history/2026/09/20260908T143416Z-4b7986a411cf.json.gz,1
fda.inspections.history,firm:3002966831,2014-04-11,2026-09-08T14:34:16Z,firm_key,RONALD E PRUITT MD,,fda.inspections.history,raw/fda.inspections.history/2026/09/20260908T143416Z-4b7986a411cf.json.gz,1
fda.inspections.history,firm:3002966831,2014-04-11,2026-09-08T14:34:16Z,inspected,1,count,fda.inspections.history,raw/fda.inspections.history/2026/09/20260908T143416Z-4b7986a411cf.json.gz,1
fda.inspections.history,firm:3002966831,2014-04-11,2026-09-08T14:34:16Z,inspection_end,20140411,yyyymmdd,fda.inspections.history,raw/fda.inspections.history/2026/09/20260908T143416Z-4b7986a411cf.json.gz,1
fda.inspections.history,firm:3002966831,2014-04-11,2026-09-08T14:34:16Z,is_foreign,0,bool,fda.inspections.history,raw/fda.inspections.history/2026/09/20260908T143416Z-4b7986a411cf.json.gz,1
fda.inspections.history,firm:3002966831,2014-04-11,2026-09-08T14:34:16Z,is_oai,0,bool,fda.inspections.history,raw/fda.inspections.history/2026/09/20260908T143416Z-4b7986a411cf.json.gz,1
fda.inspections.history,firm:3002966831,2014-04-11,2026-09-08T14:34:16Z,label,"Ronald E Pruitt, MD",,fda.inspections.history,raw/fda.inspections.history/2026/09/20260908T143416Z-4b7986a411cf.json.gz,1
fda.inspections.history,firm:3002989591,2014-04-04,2026-09-08T14:34:16Z,classification,0,ordinal,fda.inspections.history,raw/fda.inspections.history/2026/09/20260908T143416Z-4b7986a411cf.json.gz,1
fda.inspections.history,firm:3002989591,2014-04-04,2026-09-08T14:34:16Z,firm_key,ROVI INDUSTRIAL SERVICES S A,,fda.inspections.history,raw/fda.inspections.history/2026/09/20260908T143416Z-4b7986a411cf.json.gz,1
fda.inspections.history,firm:3002989591,2014-04-04,2026-09-08T14:34:16Z,inspected,1,count,fda.inspections.history,raw/fda.inspections.history/2026/09/20260908T143416Z-4b7986a411cf.json.gz,1
fda.inspections.history,firm:3002989591,2014-04-04,2026-09-08T14:34:16Z,inspection_end,20140404,yyyymmdd,fda.inspections.history,raw/fda.inspections.history/2026/09/20260908T143416Z-4b7986a411cf.json.gz,1
fda.inspections.history,firm:3002989591,2014-04-04,2026-09-08T14:34:16Z,is_foreign,1,bool,fda.inspections.history,raw/fda.inspections.history/2026/09/20260908T143416Z-4b7986a411cf.json.gz,1
fda.inspections.history,firm:3002989591,2014-04-04,2026-09-08T14:34:16Z,is_oai,0,bool,fda.inspections.history,raw/fda.inspections.history/2026/09/20260908T143416Z-4b7986a411cf.json.gz,1
fda.inspections.history,firm:3002989591,2014-04-04,2026-09-08T14:34:16Z,label,Rovi Pharma Industrial Services S.A.,,fda.inspections.history,raw/fda.inspections.history/2026/09/20260908T143416Z-4b7986a411cf.json.gz,1
fda.inspections.history,firm:3002996654,2014-04-11,2026-09-08T14:34:16Z,classification,0,ordinal,fda.inspections.history,raw/fda.inspections.history/2026/09/20260908T143416Z-4b7986a411cf.json.gz,1
fda.inspections.history,firm:3002996654,2014-04-11,2026-09-08T14:34:16Z,firm_key,FRESENIUS KABI BRUNNA FACILITY,,fda.inspections.history,raw/fda.inspections.history/2026/09/20260908T143416Z-4b7986a411cf.json.gz,1
fda.inspections.history,firm:3002996654,2014-04-11,2026-09-08T14:34:16Z,inspected,1,count,fda.inspections.history,raw/fda.inspections.history/2026/09/20260908T143416Z-4b7986a411cf.json.gz,1
fda.inspections.history,firm:3002996654,2014-04-11,2026-09-08T14:34:16Z,inspection_end,20140411,yyyymmdd,fda.inspections.history,raw/fda.inspections.history/2026/09/20260908T143416Z-4b7986a411cf.json.gz,1
fda.inspections.history,firm:3002996654,2014-04-11,2026-09-08T14:34:16Z,is_foreign,1,bool,fda.inspections.history,raw/fda.inspections.history/2026/09/20260908T143416Z-4b7986a411cf.json.gz,1
fda.inspections.history,firm:3002996654,2014-04-11,2026-09-08T14:34:16Z,is_oai,0,bool,fda.inspections.history,raw/fda.inspections.history/2026/09/20260908T143416Z-4b7986a411cf.json.gz,1
fda.inspections.history,firm:3002996654,2014-04-11,2026-09-08T14:34:16Z,label,Fresenius Kabi (Brunna Facility) AB,,fda.inspections.history,raw/fda.inspections.history/2026/09/20260908T143416Z-4b7986a411cf.json.gz,1
fda.inspections.history,firm:3003065803,2014-04-08,2026-09-08T14:34:16Z,classification,1,ordinal,fda.inspections.history,raw/fda.inspections.history/2026/09/20260908T143416Z-4b7986a411cf.json.gz,1
fda.inspections.history,firm:3003065803,2014-04-08,2026-09-08T14:34:16Z,firm_key,PATHEON ITALIA S P A,,fda.inspections.history,raw/fda.inspections.history/2026/09/20260908T143416Z-4b7986a411cf.json.gz,1
fda.inspections.history,firm:3003065803,2014-04-08,2026-09-08T14:34:16Z,inspected,1,count,fda.inspections.history,raw/fda.inspections.history/2026/09/20260908T143416Z-4b7986a411cf.json.gz,1
fda.inspections.history,firm:3003065803,2014-04-08,2026-09-08T14:34:16Z,inspection_end,20140408,yyyymmdd,fda.inspections.history,raw/fda.inspections.history/2026/09/20260908T143416Z-4b7986a411cf.json.gz,1
fda.inspections.history,firm:3003065803,2014-04-08,2026-09-08T14:34:16Z,is_foreign,1,bool,fda.inspections.history,raw/fda.inspections.history/2026/09/20260908T143416Z-4b7986a411cf.json.gz,1
fda.inspections.history,firm:3003065803,2014-04-08,2026-09-08T14:34:16Z,is_oai,0,bool,fda.inspections.history,raw/fda.inspections.history/2026/09/20260908T143416Z-4b7986a411cf.json.gz,1
fda.inspections.history,firm:3003065803,2014-04-08,2026-09-08T14:34:16Z,label,Patheon Italia S.p.A.,,fda.inspections.history,raw/fda.inspections.history/2026/09/20260908T143416Z-4b7986a411cf.json.gz,1
fda.inspections.history,firm:3003103962,2014-04-30,2026-09-08T14:34:16Z,classification,0,ordinal,fda.inspections.history,raw/fda.inspections.history/2026/09/20260908T143416Z-4b7986a411cf.json.gz,1
fda.inspections.history,firm:3003103962,2014-04-30,2026-09-08T14:34:16Z,firm_key,CALWOOD NUTRITIONALS,,fda.inspections.history,raw/fda.inspections.history/2026/09/20260908T143416Z-4b7986a411cf.json.gz,1
fda.inspections.history,firm:3003103962,2014-04-30,2026-09-08T14:34:16Z,inspected,1,count,fda.inspections.history,raw/fda.inspections.history/2026/09/20260908T143416Z-4b7986a411cf.json.gz,1
fda.inspections.history,firm:3003103962,2014-04-30,2026-09-08T14:34:16Z,inspection_end,20140430,yyyymmdd,fda.inspections.history,raw/fda.inspections.history/2026/09/20260908T143416Z-4b7986a411cf.json.gz,1
fda.inspections.history,firm:3003103962,2014-04-30,2026-09-08T14:34:16Z,is_foreign,0,bool,fda.inspections.history,raw/fda.inspections.history/2026/09/20260908T143416Z-4b7986a411cf.json.gz,1
fda.inspections.history,firm:3003103962,2014-04-30,2026-09-08T14:34:16Z,is_oai,0,bool,fda.inspections.history,raw/fda.inspections.history/2026/09/20260908T143416Z-4b7986a411cf.json.gz,1
fda.inspections.history,firm:3003103962,2014-04-30,2026-09-08T14:34:16Z,label,"Calwood Nutritionals, LLC.",,fda.inspections.history,raw/fda.inspections.history/2026/09/20260908T143416Z-4b7986a411cf.json.gz,1
fda.inspections.history,firm:3003118161,2014-04-18,2026-09-08T14:34:16Z,classification,1,ordinal,fda.inspections.history,raw/fda.inspections.history/2026/09/20260908T143416Z-4b7986a411cf.json.gz,1
fda.inspections.history,firm:3003118161,2014-04-18,2026-09-08T14:34:16Z,firm_key,AMINO CHEMICALS,,fda.inspections.history,raw/fda.inspections.history/2026/09/20260908T143416Z-4b7986a411cf.json.gz,1
fda.inspections.history,firm:3003118161,2014-04-18,2026-09-08T14:34:16Z,inspected,1,count,fda.inspections.history,raw/fda.inspections.history/2026/09/20260908T143416Z-4b7986a411cf.json.gz,1
fda.inspections.history,firm:3003118161,2014-04-18,2026-09-08T14:34:16Z,inspection_end,20140418,yyyymmdd,fda.inspections.history,raw/fda.inspections.history/2026/09/20260908T143416Z-4b7986a411cf.json.gz,1
fda.inspections.history,firm:3003118161,2014-04-18,2026-09-08T14:34:16Z,is_foreign,1,bool,fda.inspections.history,raw/fda.inspections.history/2026/09/20260908T143416Z-4b7986a411cf.json.gz,1
fda.inspections.history,firm:3003118161,2014-04-18,2026-09-08T14:34:16Z,is_oai,0,bool,fda.inspections.history,raw/fda.inspections.history/2026/09/20260908T143416Z-4b7986a411cf.json.gz,1
fda.inspections.history,firm:3003118161,2014-04-18,2026-09-08T14:34:16Z,label,Amino Chemicals Ltd.,,fda.inspections.history,raw/fda.inspections.history/2026/09/20260908T143416Z-4b7986a411cf.json.gz,1
fda.inspections.history,firm:3003289270,2014-04-25,2026-09-08T14:34:16Z,classification,1,ordinal,fda.inspections.history,raw/fda.inspections.history/2026/09/20260908T143416Z-4b7986a411cf.json.gz,1
fda.inspections.history,firm:3003289270,2014-04-25,2026-09-08T14:34:16Z,firm_key,NEULAND UNIT I,,fda.inspections.history,raw/fda.inspections.history/2026/09/20260908T143416Z-4b7986a411cf.json.gz,1
fda.inspections.history,firm:3003289270,2014-04-25,2026-09-08T14:34:16Z,inspected,1,count,fda.inspections.history,raw/fda.inspections.history/2026/09/20260908T143416Z-4b7986a411cf.json.gz,1
fda.inspections.history,firm:3003289270,2014-04-25,2026-09-08T14:34:16Z,inspection_end,20140425,yyyymmdd,fda.inspections.history,raw/fda.inspections.history/2026/09/20260908T143416Z-4b7986a411cf.json.gz,1
fda.inspections.history,firm:3003289270,2014-04-25,2026-09-08T14:34:16Z,is_foreign,1,bool,fda.inspections.history,raw/fda.inspections.history/2026/09/20260908T143416Z-4b7986a411cf.json.gz,1
fda.inspections.history,firm:3003289270,2014-04-25,2026-09-08T14:34:16Z,is_oai,0,bool,fda.inspections.history,raw/fda.inspections.history/2026/09/20260908T143416Z-4b7986a411cf.json.gz,1
fda.inspections.history,firm:3003289270,2014-04-25,2026-09-08T14:34:16Z,label,Neuland Laboratories Limited (Unit I),,fda.inspections.history,raw/fda.inspections.history/2026/09/20260908T143416Z-4b7986a411cf.json.gz,1
fda.inspections.history,firm:3003382089,2014-04-11,2026-09-08T14:34:16Z,classification,0,ordinal,fda.inspections.history,raw/fda.inspections.history/2026/09/20260908T143416Z-4b7986a411cf.json.gz,1
fda.inspections.history,firm:3003382089,2014-04-11,2026-09-08T14:34:16Z,firm_key,UPJOHN MANUFACTURING IRELAND UNLIMITED,,fda.inspections.history,raw/fda.inspections.history/2026/09/20260908T143416Z-4b7986a411cf.json.gz,1
fda.inspections.history,firm:3003382089,2014-04-11,2026-09-08T14:34:16Z,inspected,1,count,fda.inspections.history,raw/fda.inspections.history/2026/09/20260908T143416Z-4b7986a411cf.json.gz,1
fda.inspections.history,firm:3003382089,2014-04-11,2026-09-08T14:34:16Z,inspection_end,20140411,yyyymmdd,fda.inspections.history,raw/fda.inspections.history/2026/09/20260908T143416Z-4b7986a411cf.json.gz,1
fda.inspections.history,firm:3003382089,2014-04-11,2026-09-08T14:34:16Z,is_foreign,1,bool,fda.inspections.history,raw/fda.inspections.history/2026/09/20260908T143416Z-4b7986a411cf.json.gz,1
fda.inspections.history,firm:3003382089,2014-04-11,2026-09-08T14:34:16Z,is_oai,0,bool,fda.inspections.history,raw/fda.inspections.history/2026/09/20260908T143416Z-4b7986a411cf.json.gz,1
fda.inspections.history,firm:3003382089,2014-04-11,2026-09-08T14:34:16Z,label,Upjohn Manufacturing Ireland Unlimited Company,,fda.inspections.history,raw/fda.inspections.history/2026/09/20260908T143416Z-4b7986a411cf.json.gz,1
fda.inspections.history,firm:3003516812,2014-04-04,2026-09-08T14:34:16Z,classification,0,ordinal,fda.inspections.history,raw/fda.inspections.history/2026/09/20260908T143416Z-4b7986a411cf.json.gz,1
fda.inspections.history,firm:3003516812,2014-04-04,2026-09-08T14:34:16Z,firm_key,PATHEON,,fda.inspections.history,raw/fda.inspections.history/2026/09/20260908T143416Z-4b7986a411cf.json.gz,1
fda.inspections.history,firm:3003516812,2014-04-04,2026-09-08T14:34:16Z,inspected,1,count,fda.inspections.history,raw/fda.inspections.history/2026/09/20260908T143416Z-4b7986a411cf.json.gz,1
fda.inspections.history,firm:3003516812,2014-04-04,2026-09-08T14:34:16Z,inspection_end,20140404,yyyymmdd,fda.inspections.history,raw/fda.inspections.history/2026/09/20260908T143416Z-4b7986a411cf.json.gz,1
fda.inspections.history,firm:3003516812,2014-04-04,2026-09-08T14:34:16Z,is_foreign,1,bool,fda.inspections.history,raw/fda.inspections.history/2026/09/20260908T143416Z-4b7986a411cf.json.gz,1
fda.inspections.history,firm:3003516812,2014-04-04,2026-09-08T14:34:16Z,is_oai,0,bool,fda.inspections.history,raw/fda.inspections.history/2026/09/20260908T143416Z-4b7986a411cf.json.gz,1
fda.inspections.history,firm:3003516812,2014-04-04,2026-09-08T14:34:16Z,label,Patheon Inc.,,fda.inspections.history,raw/fda.inspections.history/2026/09/20260908T143416Z-4b7986a411cf.json.gz,1
fda.inspections.history,firm:3003563645,2014-04-03,2026-09-08T14:34:16Z,classification,0,ordinal,fda.inspections.history,raw/fda.inspections.history/2026/09/20260908T143416Z-4b7986a411cf.json.gz,1
fda.inspections.history,firm:3003563645,2014-04-03,2026-09-08T14:34:16Z,firm_key,ARDENA U S,,fda.inspections.history,raw/fda.inspections.history/2026/09/20260908T143416Z-4b7986a411cf.json.gz,1
fda.inspections.history,firm:3003563645,2014-04-03,2026-09-08T14:34:16Z,inspected,1,count,fda.inspections.history,raw/fda.inspections.history/2026/09/20260908T143416Z-4b7986a411cf.json.gz,1
fda.inspections.history,firm:3003563645,2014-04-03,2026-09-08T14:34:16Z,inspection_end,20140403,yyyymmdd,fda.inspections.history,raw/fda.inspections.history/2026/09/20260908T143416Z-4b7986a411cf.json.gz,1
fda.inspections.history,firm:3003563645,2014-04-03,2026-09-08T14:34:16Z,is_foreign,0,bool,fda.inspections.history,raw/fda.inspections.history/2026/09/20260908T143416Z-4b7986a411cf.json.gz,1
fda.inspections.history,firm:3003563645,2014-04-03,2026-09-08T14:34:16Z,is_oai,0,bool,fda.inspections.history,raw/fda.inspections.history/2026/09/20260908T143416Z-4b7986a411cf.json.gz,1
fda.inspections.history,firm:3003563645,2014-04-03,2026-09-08T14:34:16Z,label,Ardena U.S. LLC,,fda.inspections.history,raw/fda.inspections.history/2026/09/20260908T143416Z-4b7986a411cf.json.gz,1
fda.inspections.history,firm:3003596633,2014-04-17,2026-09-08T14:34:16Z,classification,1,ordinal,fda.inspections.history,raw/fda.inspections.history/2026/09/20260908T143416Z-4b7986a411cf.json.gz,1
fda.inspections.history,firm:3003596633,2014-04-17,2026-09-08T14:34:16Z,firm_key,NIPPON SANSO MATHESON,,fda.inspections.history,raw/fda.inspections.history/2026/09/20260908T143416Z-4b7986a411cf.json.gz,1
fda.inspections.history,firm:3003596633,2014-04-17,2026-09-08T14:34:16Z,inspected,1,count,fda.inspections.history,raw/fda.inspections.history/2026/09/20260908T143416Z-4b7986a411cf.json.gz,1
fda.inspections.history,firm:3003596633,2014-04-17,2026-09-08T14:34:16Z,inspection_end,20140417,yyyymmdd,fda.inspections.history,raw/fda.inspections.history/2026/09/20260908T143416Z-4b7986a411cf.json.gz,1
fda.inspections.history,firm:3003596633,2014-04-17,2026-09-08T14:34:16Z,is_foreign,0,bool,fda.inspections.history,raw/fda.inspections.history/2026/09/20260908T143416Z-4b7986a411cf.json.gz,1
fda.inspections.history,firm:3003596633,2014-04-17,2026-09-08T14:34:16Z,is_oai,0,bool,fda.inspections.history,raw/fda.inspections.history/2026/09/20260908T143416Z-4b7986a411cf.json.gz,1
fda.inspections.history,firm:3003596633,2014-04-17,2026-09-08T14:34:16Z,label,"Nippon Sanso Matheson, Inc.",,fda.inspections.history,raw/fda.inspections.history/2026/09/20260908T143416Z-4b7986a411cf.json.gz,1
fda.inspections.history,firm:3003677831,2014-04-18,2026-09-08T14:34:16Z,classification,2,ordinal,fda.inspections.history,raw/fda.inspections.history/2026/09/20260908T143416Z-4b7986a411cf.json.gz,1
fda.inspections.history,firm:3003677831,2014-04-18,2026-09-08T14:34:16Z,firm_key,KESHAVA ORGANICS,,fda.inspections.history,raw/fda.inspections.history/2026/09/20260908T143416Z-4b7986a411cf.json.gz,1
fda.inspections.history,firm:3003677831,2014-04-18,2026-09-08T14:34:16Z,inspected,1,count,fda.inspections.history,raw/fda.inspections.history/2026/09/20260908T143416Z-4b7986a411cf.json.gz,1
fda.inspections.history,firm:3003677831,2014-04-18,2026-09-08T14:34:16Z,inspection_end,20140418,yyyymmdd,fda.inspections.history,raw/fda.inspections.history/2026/09/20260908T143416Z-4b7986a411cf.json.gz,1
fda.inspections.history,firm:3003677831,2014-04-18,2026-09-08T14:34:16Z,is_foreign,1,bool,fda.inspections.history,raw/fda.inspections.history/2026/09/20260908T143416Z-4b7986a411cf.json.gz,1
fda.inspections.history,firm:3003677831,2014-04-18,2026-09-08T14:34:16Z,is_oai,1,bool,fda.inspections.history,raw/fda.inspections.history/2026/09/20260908T143416Z-4b7986a411cf.json.gz,1
fda.inspections.history,firm:3003677831,2014-04-18,2026-09-08T14:34:16Z,label,Keshava Organics Private Ltd.,,fda.inspections.history,raw/fda.inspections.history/2026/09/20260908T143416Z-4b7986a411cf.json.gz,1
fda.inspections.history,firm:3003722404,2014-04-04,2026-09-08T14:34:16Z,classification,1,ordinal,fda.inspections.history,raw/fda.inspections.history/2026/09/20260908T143416Z-4b7986a411cf.json.gz,1
fda.inspections.history,firm:3003722404,2014-04-04,2026-09-08T14:34:16Z,firm_key,GLAXO OPERATIONS UK,,fda.inspections.history,raw/fda.inspections.history/2026/09/20260908T143416Z-4b7986a411cf.json.gz,1
fda.inspections.history,firm:3003722404,2014-04-04,2026-09-08T14:34:16Z,inspected,1,count,fda.inspections.history,raw/fda.inspections.history/2026/09/20260908T143416Z-4b7986a411cf.json.gz,1
fda.inspections.history,firm:3003722404,2014-04-04,2026-09-08T14:34:16Z,inspection_end,20140404,yyyymmdd,fda.inspections.history,raw/fda.inspections.history/2026/09/20260908T143416Z-4b7986a411cf.json.gz,1
fda.inspections.history,firm:3003722404,2014-04-04,2026-09-08T14:34:16Z,is_foreign,1,bool,fda.inspections.history,raw/fda.inspections.history/2026/09/20260908T143416Z-4b7986a411cf.json.gz,1
fda.inspections.history,firm:3003722404,2014-04-04,2026-09-08T14:34:16Z,is_oai,0,bool,fda.inspections.history,raw/fda.inspections.history/2026/09/20260908T143416Z-4b7986a411cf.json.gz,1
fda.inspections.history,firm:3003722404,2014-04-04,2026-09-08T14:34:16Z,label,Glaxo Operations UK Ltd.,,fda.inspections.history,raw/fda.inspections.history/2026/09/20260908T143416Z-4b7986a411cf.json.gz,1
fda.inspections.history,firm:3003736847,2014-04-15,2026-09-08T14:34:16Z,classification,0,ordinal,fda.inspections.history,raw/fda.inspections.history/2026/09/20260908T143416Z-4b7986a411cf.json.gz,1
fda.inspections.history,firm:3003736847,2014-04-15,2026-09-08T14:34:16Z,firm_key,LABENA D O O,,fda.inspections.history,raw/fda.inspections.history/2026/09/20260908T143416Z-4b7986a411cf.json.gz,1
fda.inspections.history,firm:3003736847,2014-04-15,2026-09-08T14:34:16Z,inspected,1,count,fda.inspections.history,raw/fda.inspections.history/2026/09/20260908T143416Z-4b7986a411cf.json.gz,1
fda.inspections.history,firm:3003736847,2014-04-15,2026-09-08T14:34:16Z,inspection_end,20140415,yyyymmdd,fda.inspections.history,raw/fda.inspections.history/2026/09/20260908T143416Z-4b7986a411cf.json.gz,1
fda.inspections.history,firm:3003736847,2014-04-15,2026-09-08T14:34:16Z,is_foreign,1,bool,fda.inspections.history,raw/fda.inspections.history/2026/09/20260908T143416Z-4b7986a411cf.json.gz,1
fda.inspections.history,firm:3003736847,2014-04-15,2026-09-08T14:34:16Z,is_oai,0,bool,fda.inspections.history,raw/fda.inspections.history/2026/09/20260908T143416Z-4b7986a411cf.json.gz,1
fda.inspections.history,firm:3003736847,2014-04-15,2026-09-08T14:34:16Z,label,Labena d.o.o.,,fda.inspections.history,raw/fda.inspections.history/2026/09/20260908T143416Z-4b7986a411cf.json.gz,1
fda.inspections.history,firm:3003818194,2014-04-17,2026-09-08T14:34:16Z,classification,1,ordinal,fda.inspections.history,raw/fda.inspections.history/2026/09/20260908T143416Z-4b7986a411cf.json.gz,1
fda.inspections.history,firm:3003818194,2014-04-17,2026-09-08T14:34:16Z,firm_key,AFAM CONCEPT,,fda.inspections.history,raw/fda.inspections.history/2026/09/20260908T143416Z-4b7986a411cf.json.gz,1
fda.inspections.history,firm:3003818194,2014-04-17,2026-09-08T14:34:16Z,inspected,1,count,fda.inspections.history,raw/fda.inspections.history/2026/09/20260908T143416Z-4b7986a411cf.json.gz,1
fda.inspections.history,firm:3003818194,2014-04-17,2026-09-08T14:34:16Z,inspection_end,20140417,yyyymmdd,fda.inspections.history,raw/fda.inspections.history/2026/09/20260908T143416Z-4b7986a411cf.json.gz,1
fda.inspections.history,firm:3003818194,2014-04-17,2026-09-08T14:34:16Z,is_foreign,0,bool,fda.inspections.history,raw/fda.inspections.history/2026/09/20260908T143416Z-4b7986a411cf.json.gz,1
fda.inspections.history,firm:3003818194,2014-04-17,2026-09-08T14:34:16Z,is_oai,0,bool,fda.inspections.history,raw/fda.inspections.history/2026/09/20260908T143416Z-4b7986a411cf.json.gz,1
fda.inspections.history,firm:3003818194,2014-04-17,2026-09-08T14:34:16Z,label,"AFAM Concept, Inc.",,fda.inspections.history,raw/fda.inspections.history/2026/09/20260908T143416Z-4b7986a411cf.json.gz,1
fda.inspections.history,firm:3003863671,2014-04-14,2026-09-08T14:34:16Z,classification,0,ordinal,fda.inspections.history,raw/fda.inspections.history/2026/09/20260908T143416Z-4b7986a411cf.json.gz,1
fda.inspections.history,firm:3003863671,2014-04-14,2026-09-08T14:34:16Z,firm_key,LINDA S HARPER M D,,fda.inspections.history,raw/fda.inspections.history/2026/09/20260908T143416Z-4b7986a411cf.json.gz,1
fda.inspections.history,firm:3003863671,2014-04-14,2026-09-08T14:34:16Z,inspected,1,count,fda.inspections.history,raw/fda.inspections.history/2026/09/20260908T143416Z-4b7986a411cf.json.gz,1
fda.inspections.history,firm:3003863671,2014-04-14,2026-09-08T14:34:16Z,inspection_end,20140414,yyyymmdd,fda.inspections.history,raw/fda.inspections.history/2026/09/20260908T143416Z-4b7986a411cf.json.gz,1
fda.inspections.history,firm:3003863671,2014-04-14,2026-09-08T14:34:16Z,is_foreign,0,bool,fda.inspections.history,raw/fda.inspections.history/2026/09/20260908T143416Z-4b7986a411cf.json.gz,1
fda.inspections.history,firm:3003863671,2014-04-14,2026-09-08T14:34:16Z,is_oai,0,bool,fda.inspections.history,raw/fda.inspections.history/2026/09/20260908T143416Z-4b7986a411cf.json.gz,1
fda.inspections.history,firm:3003863671,2014-04-14,2026-09-08T14:34:16Z,label,"Linda S. Harper, M.D.",,fda.inspections.history,raw/fda.inspections.history/2026/09/20260908T143416Z-4b7986a411cf.json.gz,1
fda.inspections.history,firm:3003887109,2014-04-24,2026-09-08T14:34:16Z,classification,1,ordinal,fda.inspections.history,raw/fda.inspections.history/2026/09/20260908T143416Z-4b7986a411cf.json.gz,1
fda.inspections.history,firm:3003887109,2014-04-24,2026-09-08T14:34:16Z,classification,2,ordinal,fda.inspections.history,raw/fda.inspections.history/2026/09/20260908T143416Z-4b7986a411cf.json.gz,1
fda.inspections.history,firm:3003887109,2014-04-24,2026-09-08T14:34:16Z,firm_key,NOURISHUS,,fda.inspections.history,raw/fda.inspections.history/2026/09/20260908T143416Z-4b7986a411cf.json.gz,1
fda.inspections.history,firm:3003887109,2014-04-24,2026-09-08T14:34:16Z,inspected,1,count,fda.inspections.history,raw/fda.inspections.history/2026/09/20260908T143416Z-4b7986a411cf.json.gz,1
fda.inspections.history,firm:3003887109,2014-04-24,2026-09-08T14:34:16Z,inspection_end,20140424,yyyymmdd,fda.inspections.history,raw/fda.inspections.history/2026/09/20260908T143416Z-4b7986a411cf.json.gz,1
fda.inspections.history,firm:3003887109,2014-04-24,2026-09-08T14:34:16Z,is_foreign,0,bool,fda.inspections.history,raw/fda.inspections.history/2026/09/20260908T143416Z-4b7986a411cf.json.gz,1
fda.inspections.history,firm:3003887109,2014-04-24,2026-09-08T14:34:16Z,is_oai,0,bool,fda.inspections.history,raw/fda.inspections.history/2026/09/20260908T143416Z-4b7986a411cf.json.gz,1
fda.inspections.history,firm:3003887109,2014-04-24,2026-09-08T14:34:16Z,is_oai,1,bool,fda.inspections.history,raw/fda.inspections.history/2026/09/20260908T143416Z-4b7986a411cf.json.gz,1
fda.inspections.history,firm:3003887109,2014-04-24,2026-09-08T14:34:16Z,label,"NourishUs, LLC",,fda.inspections.history,raw/fda.inspections.history/2026/09/20260908T143416Z-4b7986a411cf.json.gz,1
fda.inspections.history,firm:3003971663,2014-04-18,2026-09-08T14:34:16Z,classification,1,ordinal,fda.inspections.history,raw/fda.inspections.history/2026/09/20260908T143416Z-4b7986a411cf.json.gz,1
fda.inspections.history,firm:3003971663,2014-04-18,2026-09-08T14:34:16Z,firm_key,SMS,,fda.inspections.history,raw/fda.inspections.history/2026/09/20260908T143416Z-4b7986a411cf.json.gz,1
fda.inspections.history,firm:3003971663,2014-04-18,2026-09-08T14:34:16Z,inspected,1,count,fda.inspections.history,raw/fda.inspections.history/2026/09/20260908T143416Z-4b7986a411cf.json.gz,1
fda.inspections.history,firm:3003971663,2014-04-18,2026-09-08T14:34:16Z,inspection_end,20140418,yyyymmdd,fda.inspections.history,raw/fda.inspections.history/2026/09/20260908T143416Z-4b7986a411cf.json.gz,1
fda.inspections.history,firm:3003971663,2014-04-18,2026-09-08T14:34:16Z,is_foreign,1,bool,fda.inspections.history,raw/fda.inspections.history/2026/09/20260908T143416Z-4b7986a411cf.json.gz,1
fda.inspections.history,firm:3003971663,2014-04-18,2026-09-08T14:34:16Z,is_oai,0,bool,fda.inspections.history,raw/fda.inspections.history/2026/09/20260908T143416Z-4b7986a411cf.json.gz,1
fda.inspections.history,firm:3003971663,2014-04-18,2026-09-08T14:34:16Z,label,SMS Pharmaceuticals Limited,,fda.inspections.history,raw/fda.inspections.history/2026/09/20260908T143416Z-4b7986a411cf.json.gz,1
fda.inspections.history,firm:3003973260,2014-04-04,2026-09-08T14:34:16Z,classification,0,ordinal,fda.inspections.history,raw/fda.inspections.history/2026/09/20260908T143416Z-4b7986a411cf.json.gz,1
fda.inspections.history,firm:3003973260,2014-04-04,2026-09-08T14:34:16Z,firm_key,WYETH FARMA,,fda.inspections.history,raw/fda.inspections.history/2026/09/20260908T143416Z-4b7986a411cf.json.gz,1
fda.inspections.history,firm:3003973260,2014-04-04,2026-09-08T14:34:16Z,inspected,1,count,fda.inspections.history,raw/fda.inspections.history/2026/09/20260908T143416Z-4b7986a411cf.json.gz,1
fda.inspections.history,firm:3003973260,2014-04-04,2026-09-08T14:34:16Z,inspection_end,20140404,yyyymmdd,fda.inspections.history,raw/fda.inspections.history/2026/09/20260908T143416Z-4b7986a411cf.json.gz,1
fda.inspections.history,firm:3003973260,2014-04-04,2026-09-08T14:34:16Z,is_foreign,1,bool,fda.inspections.history,raw/fda.inspections.history/2026/09/20260908T143416Z-4b7986a411cf.json.gz,1
fda.inspections.history,firm:3003973260,2014-04-04,2026-09-08T14:34:16Z,is_oai,0,bool,fda.inspections.history,raw/fda.inspections.history/2026/09/20260908T143416Z-4b7986a411cf.json.gz,1
fda.inspections.history,firm:3003973260,2014-04-04,2026-09-08T14:34:16Z,label,Wyeth Farma SA,,fda.inspections.history,raw/fda.inspections.history/2026/09/20260908T143416Z-4b7986a411cf.json.gz,1
fda.inspections.history,firm:3003973536,2014-04-08,2026-09-08T14:34:16Z,classification,1,ordinal,fda.inspections.history,raw/fda.inspections.history/2026/09/20260908T143416Z-4b7986a411cf.json.gz,1
fda.inspections.history,firm:3003973536,2014-04-08,2026-09-08T14:34:16Z,firm_key,F HOFFMANN LA ROCHE,,fda.inspections.history,raw/fda.inspections.history/2026/09/20260908T143416Z-4b7986a411cf.json.gz,1
fda.inspections.history,firm:3003973536,2014-04-08,2026-09-08T14:34:16Z,inspected,1,count,fda.inspections.history,raw/fda.inspections.history/2026/09/20260908T143416Z-4b7986a411cf.json.gz,1
fda.inspections.history,firm:3003973536,2014-04-08,2026-09-08T14:34:16Z,inspection_end,20140408,yyyymmdd,fda.inspections.history,raw/fda.inspections.history/2026/09/20260908T143416Z-4b7986a411cf.json.gz,1
fda.inspections.history,firm:3003973536,2014-04-08,2026-09-08T14:34:16Z,is_foreign,1,bool,fda.inspections.history,raw/fda.inspections.history/2026/09/20260908T143416Z-4b7986a411cf.json.gz,1
fda.inspections.history,firm:3003973536,2014-04-08,2026-09-08T14:34:16Z,is_oai,0,bool,fda.inspections.history,raw/fda.inspections.history/2026/09/20260908T143416Z-4b7986a411cf.json.gz,1
fda.inspections.history,firm:3003973536,2014-04-08,2026-09-08T14:34:16Z,label,F. Hoffmann - La Roche Ltd.,,fda.inspections.history,raw/fda.inspections.history/2026/09/20260908T143416Z-4b7986a411cf.json.gz,1
fda.inspections.history,firm:3003983454,2014-04-25,2026-09-08T14:34:16Z,classification,1,ordinal,fda.inspections.history,raw/fda.inspections.history/2026/09/20260908T143416Z-4b7986a411cf.json.gz,1
fda.inspections.history,firm:3003983454,2014-04-25,2026-09-08T14:34:16Z,firm_key,GLAND CHEMICALS,,fda.inspections.history,raw/fda.inspections.history/2026/09/20260908T143416Z-4b7986a411cf.json.gz,1
fda.inspections.history,firm:3003983454,2014-04-25,2026-09-08T14:34:16Z,inspected,1,count,fda.inspections.history,raw/fda.inspections.history/2026/09/20260908T143416Z-4b7986a411cf.json.gz,1
fda.inspections.history,firm:3003983454,2014-04-25,2026-09-08T14:34:16Z,inspection_end,20140425,yyyymmdd,fda.inspections.history,raw/fda.inspections.history/2026/09/20260908T143416Z-4b7986a411cf.json.gz,1
fda.inspections.history,firm:3003983454,2014-04-25,2026-09-08T14:34:16Z,is_foreign,1,bool,fda.inspections.history,raw/fda.inspections.history/2026/09/20260908T143416Z-4b7986a411cf.json.gz,1
fda.inspections.history,firm:3003983454,2014-04-25,2026-09-08T14:34:16Z,is_oai,0,bool,fda.inspections.history,raw/fda.inspections.history/2026/09/20260908T143416Z-4b7986a411cf.json.gz,1
fda.inspections.history,firm:3003983454,2014-04-25,2026-09-08T14:34:16Z,label,Gland Chemicals Private Limited,,fda.inspections.history,raw/fda.inspections.history/2026/09/20260908T143416Z-4b7986a411cf.json.gz,1
fda.inspections.history,firm:3004006654,2014-04-02,2026-09-08T14:34:16Z,classification,2,ordinal,fda.inspections.history,raw/fda.inspections.history/2026/09/20260908T143416Z-4b7986a411cf.json.gz,1
fda.inspections.history,firm:3004006654,2014-04-02,2026-09-08T14:34:16Z,firm_key,EVANGELICAL CHRISTIAN MINISTRY DBA HEALTH HERBS,,fda.inspections.history,raw/fda.inspections.history/2026/09/20260908T143416Z-4b7986a411cf.json.gz,1
fda.inspections.history,firm:3004006654,2014-04-02,2026-09-08T14:34:16Z,inspected,1,count,fda.inspections.history,raw/fda.inspections.history/2026/09/20260908T143416Z-4b7986a411cf.json.gz,1
fda.inspections.history,firm:3004006654,2014-04-02,2026-09-08T14:34:16Z,inspection_end,20140402,yyyymmdd,fda.inspections.history,raw/fda.inspections.history/2026/09/20260908T143416Z-4b7986a411cf.json.gz,1
fda.inspections.history,firm:3004006654,2014-04-02,2026-09-08T14:34:16Z,is_foreign,0,bool,fda.inspections.history,raw/fda.inspections.history/2026/09/20260908T143416Z-4b7986a411cf.json.gz,1
fda.inspections.history,firm:3004006654,2014-04-02,2026-09-08T14:34:16Z,is_oai,1,bool,fda.inspections.history,raw/fda.inspections.history/2026/09/20260908T143416Z-4b7986a411cf.json.gz,1
fda.inspections.history,firm:3004006654,2014-04-02,2026-09-08T14:34:16Z,label,Evangelical Christian Ministry dba Health & Herbs,,fda.inspections.history,raw/fda.inspections.history/2026/09/20260908T143416Z-4b7986a411cf.json.gz,1
fda.inspections.history,firm:3004026669,2014-04-22,2026-09-08T14:34:16Z,classification,0,ordinal,fda.inspections.history,raw/fda.inspections.history/2026/09/20260908T143416Z-4b7986a411cf.json.gz,1
fda.inspections.history,firm:3004026669,2014-04-22,2026-09-08T14:34:16Z,firm_key,TIFFANI K HAMILTON M D,,fda.inspections.history,raw/fda.inspections.history/2026/09/20260908T143416Z-4b7986a411cf.json.gz,1
fda.inspections.history,firm:3004026669,2014-04-22,2026-09-08T14:34:16Z,inspected,1,count,fda.inspections.history,raw/fda.inspections.history/2026/09/20260908T143416Z-4b7986a411cf.json.gz,1
fda.inspections.history,firm:3004026669,2014-04-22,2026-09-08T14:34:16Z,inspection_end,20140422,yyyymmdd,fda.inspections.history,raw/fda.inspections.history/2026/09/20260908T143416Z-4b7986a411cf.json.gz,1
fda.inspections.history,firm:3004026669,2014-04-22,2026-09-08T14:34:16Z,is_foreign,0,bool,fda.inspections.history,raw/fda.inspections.history/2026/09/20260908T143416Z-4b7986a411cf.json.gz,1
fda.inspections.history,firm:3004026669,2014-04-22,2026-09-08T14:34:16Z,is_oai,0,bool,fda.inspections.history,raw/fda.inspections.history/2026/09/20260908T143416Z-4b7986a411cf.json.gz,1
fda.inspections.history,firm:3004026669,2014-04-22,2026-09-08T14:34:16Z,label,"Tiffani K. Hamilton, M.d.",,fda.inspections.history,raw/fda.inspections.history/2026/09/20260908T143416Z-4b7986a411cf.json.gz,1
fda.inspections.history,firm:3004079983,2014-04-17,2026-09-08T14:34:16Z,classification,1,ordinal,fda.inspections.history,raw/fda.inspections.history/2026/09/20260908T143416Z-4b7986a411cf.json.gz,1
fda.inspections.history,firm:3004079983,2014-04-17,2026-09-08T14:34:16Z,firm_key,BIOMARIN,,fda.inspections.history,raw/fda.inspections.history/2026/09/20260908T143416Z-4b7986a411cf.json.gz,1
fda.inspections.history,firm:3004079983,2014-04-17,2026-09-08T14:34:16Z,inspected,1,count,fda.inspections.history,raw/fda.inspections.history/2026/09/20260908T143416Z-4b7986a411cf.json.gz,1
fda.inspections.history,firm:3004079983,2014-04-17,2026-09-08T14:34:16Z,inspection_end,20140417,yyyymmdd,fda.inspections.history,raw/fda.inspections.history/2026/09/20260908T143416Z-4b7986a411cf.json.gz,1
fda.inspections.history,firm:3004079983,2014-04-17,2026-09-08T14:34:16Z,is_foreign,0,bool,fda.inspections.history,raw/fda.inspections.history/2026/09/20260908T143416Z-4b7986a411cf.json.gz,1
fda.inspections.history,firm:3004079983,2014-04-17,2026-09-08T14:34:16Z,is_oai,0,bool,fda.inspections.history,raw/fda.inspections.history/2026/09/20260908T143416Z-4b7986a411cf.json.gz,1
fda.inspections.history,firm:3004079983,2014-04-17,2026-09-08T14:34:16Z,label,"BioMarin Pharmaceutical, Inc.",,fda.inspections.history,raw/fda.inspections.history/2026/09/20260908T143416Z-4b7986a411cf.json.gz,1
fda.inspections.history,firm:3004086884,2014-04-19,2026-09-08T14:34:16Z,classification,1,ordinal,fda.inspections.history,raw/fda.inspections.history/2026/09/20260908T143416Z-4b7986a411cf.json.gz,1
fda.inspections.history,firm:3004086884,2014-04-19,2026-09-08T14:34:16Z,firm_key,APITORIA,,fda.inspections.history,raw/fda.inspections.history/2026/09/20260908T143416Z-4b7986a411cf.json.gz,1
fda.inspections.history,firm:3004086884,2014-04-19,2026-09-08T14:34:16Z,inspected,1,count,fda.inspections.history,raw/fda.inspections.history/2026/09/20260908T143416Z-4b7986a411cf.json.gz,1
fda.inspections.history,firm:3004086884,2014-04-19,2026-09-08T14:34:16Z,inspection_end,20140419,yyyymmdd,fda.inspections.history,raw/fda.inspections.history/2026/09/20260908T143416Z-4b7986a411cf.json.gz,1
fda.inspections.history,firm:3004086884,2014-04-19,2026-09-08T14:34:16Z,is_foreign,1,bool,fda.inspections.history,raw/fda.inspections.history/2026/09/20260908T143416Z-4b7986a411cf.json.gz,1
fda.inspections.history,firm:3004086884,2014-04-19,2026-09-08T14:34:16Z,is_oai,0,bool,fda.inspections.history,raw/fda.inspections.history/2026/09/20260908T143416Z-4b7986a411cf.json.gz,1
fda.inspections.history,firm:3004086884,2014-04-19,2026-09-08T14:34:16Z,label,Apitoria Pharma Private Limited,,fda.inspections.history,raw/fda.inspections.history/2026/09/20260908T143416Z-4b7986a411cf.json.gz,1
fda.inspections.history,firm:3004177283,2014-04-04,2026-09-08T14:34:16Z,classification,1,ordinal,fda.inspections.history,raw/fda.inspections.history/2026/09/20260908T143416Z-4b7986a411cf.json.gz,1
fda.inspections.history,firm:3004177283,2014-04-04,2026-09-08T14:34:16Z,firm_key,ACM,,fda.inspections.history,raw/fda.inspections.history/2026/09/20260908T143416Z-4b7986a411cf.json.gz,1
fda.inspections.history,firm:3004177283,2014-04-04,2026-09-08T14:34:16Z,inspected,1,count,fda.inspections.history,raw/fda.inspections.history/2026/09/20260908T143416Z-4b7986a411cf.json.gz,1
fda.inspections.history,firm:3004177283,2014-04-04,2026-09-08T14:34:16Z,inspection_end,20140404,yyyymmdd,fda.inspections.history,raw/fda.inspections.history/2026/09/20260908T143416Z-4b7986a411cf.json.gz,1
fda.inspections.history,firm:3004177283,2014-04-04,2026-09-08T14:34:16Z,is_foreign,1,bool,fda.inspections.history,raw/fda.inspections.history/2026/09/20260908T143416Z-4b7986a411cf.json.gz,1
fda.inspections.history,firm:3004177283,2014-04-04,2026-09-08T14:34:16Z,is_oai,0,bool,fda.inspections.history,raw/fda.inspections.history/2026/09/20260908T143416Z-4b7986a411cf.json.gz,1
fda.inspections.history,firm:3004177283,2014-04-04,2026-09-08T14:34:16Z,label,ACM Pharma,,fda.inspections.history,raw/fda.inspections.history/2026/09/20260908T143416Z-4b7986a411cf.json.gz,1
fda.inspections.history,firm:3004254526,2014-04-04,2026-09-08T14:34:16Z,classification,1,ordinal,fda.inspections.history,raw/fda.inspections.history/2026/09/20260908T143416Z-4b7986a411cf.json.gz,1
fda.inspections.history,firm:3004254526,2014-04-04,2026-09-08T14:34:16Z,firm_key,SHANDONG XINHUA HUTIAN BRANCH,,fda.inspections.history,raw/fda.inspections.history/2026/09/20260908T143416Z-4b7986a411cf.json.gz,1
fda.inspections.history,firm:3004254526,2014-04-04,2026-09-08T14:34:16Z,inspected,1,count,fda.inspections.history,raw/fda.inspections.history/2026/09/20260908T143416Z-4b7986a411cf.json.gz,1
fda.inspections.history,firm:3004254526,2014-04-04,2026-09-08T14:34:16Z,inspection_end,20140404,yyyymmdd,fda.inspections.history,raw/fda.inspections.history/2026/09/20260908T143416Z-4b7986a411cf.json.gz,1
fda.inspections.history,firm:3004254526,2014-04-04,2026-09-08T14:34:16Z,is_foreign,1,bool,fda.inspections.history,raw/fda.inspections.history/2026/09/20260908T143416Z-4b7986a411cf.json.gz,1
fda.inspections.history,firm:3004254526,2014-04-04,2026-09-08T14:34:16Z,is_oai,0,bool,fda.inspections.history,raw/fda.inspections.history/2026/09/20260908T143416Z-4b7986a411cf.json.gz,1
fda.inspections.history,firm:3004254526,2014-04-04,2026-09-08T14:34:16Z,label,Shandong Xinhua Pharmaceutical Company Limited Hutian Branch,,fda.inspections.history,raw/fda.inspections.history/2026/09/20260908T143416Z-4b7986a411cf.json.gz,1
fda.inspections.history,firm:3004450961,2014-04-30,2026-09-08T14:34:16Z,classification,1,ordinal,fda.inspections.history,raw/fda.inspections.history/2026/09/20260908T143416Z-4b7986a411cf.json.gz,1
fda.inspections.history,firm:3004450961,2014-04-30,2026-09-08T14:34:16Z,firm_key,GUANGZHOU ST EVA FINE CHEMICAL,,fda.inspections.history,raw/fda.inspections.history/2026/09/20260908T143416Z-4b7986a411cf.json.gz,1
fda.inspections.history,firm:3004450961,2014-04-30,2026-09-08T14:34:16Z,inspected,1,count,fda.inspections.history,raw/fda.inspections.history/2026/09/20260908T143416Z-4b7986a411cf.json.gz,1
fda.inspections.history,firm:3004450961,2014-04-30,2026-09-08T14:34:16Z,inspection_end,20140430,yyyymmdd,fda.inspections.history,raw/fda.inspections.history/2026/09/20260908T143416Z-4b7986a411cf.json.gz,1
fda.inspections.history,firm:3004450961,2014-04-30,2026-09-08T14:34:16Z,is_foreign,1,bool,fda.inspections.history,raw/fda.inspections.history/2026/09/20260908T143416Z-4b7986a411cf.json.gz,1
fda.inspections.history,firm:3004450961,2014-04-30,2026-09-08T14:34:16Z,is_oai,0,bool,fda.inspections.history,raw/fda.inspections.history/2026/09/20260908T143416Z-4b7986a411cf.json.gz,1
fda.inspections.history,firm:3004450961,2014-04-30,2026-09-08T14:34:16Z,label,"Guangzhou St Eva Fine Chemical Co., Ltd.",,fda.inspections.history,raw/fda.inspections.history/2026/09/20260908T143416Z-4b7986a411cf.json.gz,1
fda.inspections.history,firm:3004479507,2014-04-02,2026-09-08T14:34:16Z,classification,1,ordinal,fda.inspections.history,raw/fda.inspections.history/2026/09/20260908T143416Z-4b7986a411cf.json.gz,1
fda.inspections.history,firm:3004479507,2014-04-02,2026-09-08T14:34:16Z,firm_key,FRAGRANCE MANUFACTURING,,fda.inspections.history,raw/fda.inspections.history/2026/09/20260908T143416Z-4b7986a411cf.json.gz,1
fda.inspections.history,firm:3004479507,2014-04-02,2026-09-08T14:34:16Z,inspected,1,count,fda.inspections.history,raw/fda.inspections.history/2026/09/20260908T143416Z-4b7986a411cf.json.gz,1
fda.inspections.history,firm:3004479507,2014-04-02,2026-09-08T14:34:16Z,inspection_end,20140402,yyyymmdd,fda.inspections.history,raw/fda.inspections.history/2026/09/20260908T143416Z-4b7986a411cf.json.gz,1
fda.inspections.history,firm:3004479507,2014-04-02,2026-09-08T14:34:16Z,is_foreign,0,bool,fda.inspections.history,raw/fda.inspections.history/2026/09/20260908T143416Z-4b7986a411cf.json.gz,1
fda.inspections.history,firm:3004479507,2014-04-02,2026-09-08T14:34:16Z,is_oai,0,bool,fda.inspections.history,raw/fda.inspections.history/2026/09/20260908T143416Z-4b7986a411cf.json.gz,1
fda.inspections.history,firm:3004479507,2014-04-02,2026-09-08T14:34:16Z,label,"Fragrance Manufacturing, Inc.",,fda.inspections.history,raw/fda.inspections.history/2026/09/20260908T143416Z-4b7986a411cf.json.gz,1
fda.inspections.history,firm:3004486763,2014-04-04,2026-09-08T14:34:16Z,classification,0,ordinal,fda.inspections.history,raw/fda.inspections.history/2026/09/20260908T143416Z-4b7986a411cf.json.gz,1
fda.inspections.history,firm:3004486763,2014-04-04,2026-09-08T14:34:16Z,firm_key,WISDOM,,fda.inspections.history,raw/fda.inspections.history/2026/09/20260908T143416Z-4b7986a411cf.json.gz,1
fda.inspections.history,firm:3004486763,2014-04-04,2026-09-08T14:34:16Z,inspected,1,count,fda.inspections.history,raw/fda.inspections.history/2026/09/20260908T143416Z-4b7986a411cf.json.gz,1
fda.inspections.history,firm:3004486763,2014-04-04,2026-09-08T14:34:16Z,inspection_end,20140404,yyyymmdd,fda.inspections.history,raw/fda.inspections.history/2026/09/20260908T143416Z-4b7986a411cf.json.gz,1
fda.inspections.history,firm:3004486763,2014-04-04,2026-09-08T14:34:16Z,is_foreign,1,bool,fda.inspections.history,raw/fda.inspections.history/2026/09/20260908T143416Z-4b7986a411cf.json.gz,1
fda.inspections.history,firm:3004486763,2014-04-04,2026-09-08T14:34:16Z,is_oai,0,bool,fda.inspections.history,raw/fda.inspections.history/2026/09/20260908T143416Z-4b7986a411cf.json.gz,1
fda.inspections.history,firm:3004486763,2014-04-04,2026-09-08T14:34:16Z,label,"Wisdom Pharmaceutical Co., Ltd.",,fda.inspections.history,raw/fda.inspections.history/2026/09/20260908T143416Z-4b7986a411cf.json.gz,1
fda.inspections.history,firm:3004642653,2014-04-04,2026-09-08T14:34:16Z,classification,0,ordinal,fda.inspections.history,raw/fda.inspections.history/2026/09/20260908T143416Z-4b7986a411cf.json.gz,1
fda.inspections.history,firm:3004642653,2014-04-04,2026-09-08T14:34:16Z,firm_key,HELSINN HEALTHCARE,,fda.inspections.history,raw/fda.inspections.history/2026/09/20260908T143416Z-4b7986a411cf.json.gz,1
fda.inspections.history,firm:3004642653,2014-04-04,2026-09-08T14:34:16Z,inspected,1,count,fda.inspections.history,raw/fda.inspections.history/2026/09/20260908T143416Z-4b7986a411cf.json.gz,1
fda.inspections.history,firm:3004642653,2014-04-04,2026-09-08T14:34:16Z,inspection_end,20140404,yyyymmdd,fda.inspections.history,raw/fda.inspections.history/2026/09/20260908T143416Z-4b7986a411cf.json.gz,1
fda.inspections.history,firm:3004642653,2014-04-04,2026-09-08T14:34:16Z,is_foreign,1,bool,fda.inspections.history,raw/fda.inspections.history/2026/09/20260908T143416Z-4b7986a411cf.json.gz,1
fda.inspections.history,firm:3004642653,2014-04-04,2026-09-08T14:34:16Z,is_oai,0,bool,fda.inspections.history,raw/fda.inspections.history/2026/09/20260908T143416Z-4b7986a411cf.json.gz,1
fda.inspections.history,firm:3004642653,2014-04-04,2026-09-08T14:34:16Z,label,Helsinn Healthcare SA,,fda.inspections.history,raw/fda.inspections.history/2026/09/20260908T143416Z-4b7986a411cf.json.gz,1
fda.inspections.history,firm:3004810446,2014-04-24,2026-09-08T14:34:16Z,classification,1,ordinal,fda.inspections.history,raw/fda.inspections.history/2026/09/20260908T143416Z-4b7986a411cf.json.gz,1
fda.inspections.history,firm:3004810446,2014-04-24,2026-09-08T14:34:16Z,firm_key,AMOLI ORGANICS A DIVISION OF UMEDICA,,fda.inspections.history,raw/fda.inspections.history/2026/09/20260908T143416Z-4b7986a411cf.json.gz,1
fda.inspections.history,firm:3004810446,2014-04-24,2026-09-08T14:34:16Z,inspected,1,count,fda.inspections.history,raw/fda.inspections.history/2026/09/20260908T143416Z-4b7986a411cf.json.gz,1
fda.inspections.history,firm:3004810446,2014-04-24,2026-09-08T14:34:16Z,inspection_end,20140424,yyyymmdd,fda.inspections.history,raw/fda.inspections.history/2026/09/20260908T143416Z-4b7986a411cf.json.gz,1
fda.inspections.history,firm:3004810446,2014-04-24,2026-09-08T14:34:16Z,is_foreign,1,bool,fda.inspections.history,raw/fda.inspections.history/2026/09/20260908T143416Z-4b7986a411cf.json.gz,1
fda.inspections.history,firm:3004810446,2014-04-24,2026-09-08T14:34:16Z,is_oai,0,bool,fda.inspections.history,raw/fda.inspections.history/2026/09/20260908T143416Z-4b7986a411cf.json.gz,1
fda.inspections.history,firm:3004810446,2014-04-24,2026-09-08T14:34:16Z,label,Amoli Organics (A Division of Umedica Laboratories Pvt Ltd),,fda.inspections.history,raw/fda.inspections.history/2026/09/20260908T143416Z-4b7986a411cf.json.gz,1
fda.inspections.history,firm:3004844710,2014-04-30,2026-09-08T14:34:16Z,classification,1,ordinal,fda.inspections.history,raw/fda.inspections.history/2026/09/20260908T143416Z-4b7986a411cf.json.gz,1
fda.inspections.history,firm:3004844710,2014-04-30,2026-09-08T14:34:16Z,firm_key,NATIONAL TOWELETTE,,fda.inspections.history,raw/fda.inspections.history/2026/09/20260908T143416Z-4b7986a411cf.json.gz,1
fda.inspections.history,firm:3004844710,2014-04-30,2026-09-08T14:34:16Z,inspected,1,count,fda.inspections.history,raw/fda.inspections.history/2026/09/20260908T143416Z-4b7986a411cf.json.gz,1
fda.inspections.history,firm:3004844710,2014-04-30,2026-09-08T14:34:16Z,inspection_end,20140430,yyyymmdd,fda.inspections.history,raw/fda.inspections.history/2026/09/20260908T143416Z-4b7986a411cf.json.gz,1
fda.inspections.history,firm:3004844710,2014-04-30,2026-09-08T14:34:16Z,is_foreign,0,bool,fda.inspections.history,raw/fda.inspections.history/2026/09/20260908T143416Z-4b7986a411cf.json.gz,1
fda.inspections.history,firm:3004844710,2014-04-30,2026-09-08T14:34:16Z,is_oai,0,bool,fda.inspections.history,raw/fda.inspections.history/2026/09/20260908T143416Z-4b7986a411cf.json.gz,1
fda.inspections.history,firm:3004844710,2014-04-30,2026-09-08T14:34:16Z,label,National Towelette Company Inc,,fda.inspections.history,raw/fda.inspections.history/2026/09/20260908T143416Z-4b7986a411cf.json.gz,1
fda.inspections.history,firm:3004886113,2014-04-18,2026-09-08T14:34:16Z,classification,1,ordinal,fda.inspections.history,raw/fda.inspections.history/2026/09/20260908T143416Z-4b7986a411cf.json.gz,1
fda.inspections.history,firm:3004886113,2014-04-18,2026-09-08T14:34:16Z,firm_key,HANLIM PHARM,,fda.inspections.history,raw/fda.inspections.history/2026/09/20260908T143416Z-4b7986a411cf.json.gz,1
fda.inspections.history,firm:3004886113,2014-04-18,2026-09-08T14:34:16Z,inspected,1,count,fda.inspections.history,raw/fda.inspections.history/2026/09/20260908T143416Z-4b7986a411cf.json.gz,1
fda.inspections.history,firm:3004886113,2014-04-18,2026-09-08T14:34:16Z,inspection_end,20140418,yyyymmdd,fda.inspections.history,raw/fda.inspections.history/2026/09/20260908T143416Z-4b7986a411cf.json.gz,1
fda.inspections.history,firm:3004886113,2014-04-18,2026-09-08T14:34:16Z,is_foreign,1,bool,fda.inspections.history,raw/fda.inspections.history/2026/09/20260908T143416Z-4b7986a411cf.json.gz,1
fda.inspections.history,firm:3004886113,2014-04-18,2026-09-08T14:34:16Z,is_oai,0,bool,fda.inspections.history,raw/fda.inspections.history/2026/09/20260908T143416Z-4b7986a411cf.json.gz,1
fda.inspections.history,firm:3004886113,2014-04-18,2026-09-08T14:34:16Z,label,Hanlim Pharm Co. Ltd.,,fda.inspections.history,raw/fda.inspections.history/2026/09/20260908T143416Z-4b7986a411cf.json.gz,1
fda.inspections.history,firm:3004986814,2014-04-03,2026-09-08T14:34:16Z,classification,1,ordinal,fda.inspections.history,raw/fda.inspections.history/2026/09/20260908T143416Z-4b7986a411cf.json.gz,1
fda.inspections.history,firm:3004986814,2014-04-03,2026-09-08T14:34:16Z,firm_key,ZHEJIANG JIANGBEI,,fda.inspections.history,raw/fda.inspections.history/2026/09/20260908T143416Z-4b7986a411cf.json.gz,1
fda.inspections.history,firm:3004986814,2014-04-03,2026-09-08T14:34:16Z,inspected,1,count,fda.inspections.history,raw/fda.inspections.history/2026/09/20260908T143416Z-4b7986a411cf.json.gz,1
fda.inspections.history,firm:3004986814,2014-04-03,2026-09-08T14:34:16Z,inspection_end,20140403,yyyymmdd,fda.inspections.history,raw/fda.inspections.history/2026/09/20260908T143416Z-4b7986a411cf.json.gz,1
fda.inspections.history,firm:3004986814,2014-04-03,2026-09-08T14:34:16Z,is_foreign,1,bool,fda.inspections.history,raw/fda.inspections.history/2026/09/20260908T143416Z-4b7986a411cf.json.gz,1
fda.inspections.history,firm:3004986814,2014-04-03,2026-09-08T14:34:16Z,is_oai,0,bool,fda.inspections.history,raw/fda.inspections.history/2026/09/20260908T143416Z-4b7986a411cf.json.gz,1
fda.inspections.history,firm:3004986814,2014-04-03,2026-09-08T14:34:16Z,label,"Zhejiang Jiangbei Pharmaceutical Co., Ltd.",,fda.inspections.history,raw/fda.inspections.history/2026/09/20260908T143416Z-4b7986a411cf.json.gz,1
fda.inspections.history,firm:3004991673,2014-04-29,2026-09-08T14:34:16Z,classification,0,ordinal,fda.inspections.history,raw/fda.inspections.history/2026/09/20260908T143416Z-4b7986a411cf.json.gz,1
fda.inspections.history,firm:3004991673,2014-04-29,2026-09-08T14:34:16Z,firm_key,CELGENE,,fda.inspections.history,raw/fda.inspections.history/2026/09/20260908T143416Z-4b7986a411cf.json.gz,1
fda.inspections.history,firm:3004991673,2014-04-29,2026-09-08T14:34:16Z,inspected,1,count,fda.inspections.history,raw/fda.inspections.history/2026/09/20260908T143416Z-4b7986a411cf.json.gz,1
fda.inspections.history,firm:3004991673,2014-04-29,2026-09-08T14:34:16Z,inspection_end,20140429,yyyymmdd,fda.inspections.history,raw/fda.inspections.history/2026/09/20260908T143416Z-4b7986a411cf.json.gz,1
fda.inspections.history,firm:3004991673,2014-04-29,2026-09-08T14:34:16Z,is_foreign,0,bool,fda.inspections.history,raw/fda.inspections.history/2026/09/20260908T143416Z-4b7986a411cf.json.gz,1
fda.inspections.history,firm:3004991673,2014-04-29,2026-09-08T14:34:16Z,is_oai,0,bool,fda.inspections.history,raw/fda.inspections.history/2026/09/20260908T143416Z-4b7986a411cf.json.gz,1
fda.inspections.history,firm:3004991673,2014-04-29,2026-09-08T14:34:16Z,label,Celgene Corporation,,fda.inspections.history,raw/fda.inspections.history/2026/09/20260908T143416Z-4b7986a411cf.json.gz,1
fda.inspections.history,firm:3005051865,2014-04-29,2026-09-08T14:34:16Z,classification,1,ordinal,fda.inspections.history,raw/fda.inspections.history/2026/09/20260908T143416Z-4b7986a411cf.json.gz,1
fda.inspections.history,firm:3005051865,2014-04-29,2026-09-08T14:34:16Z,firm_key,PE PACKAGING,,fda.inspections.history,raw/fda.inspections.history/2026/09/20260908T143416Z-4b7986a411cf.json.gz,1
fda.inspections.history,firm:3005051865,2014-04-29,2026-09-08T14:34:16Z,inspected,1,count,fda.inspections.history,raw/fda.inspections.history/2026/09/20260908T143416Z-4b7986a411cf.json.gz,1
fda.inspections.history,firm:3005051865,2014-04-29,2026-09-08T14:34:16Z,inspection_end,20140429,yyyymmdd,fda.inspections.history,raw/fda.inspections.history/2026/09/20260908T143416Z-4b7986a411cf.json.gz,1
fda.inspections.history,firm:3005051865,2014-04-29,2026-09-08T14:34:16Z,is_foreign,0,bool,fda.inspections.history,raw/fda.inspections.history/2026/09/20260908T143416Z-4b7986a411cf.json.gz,1
fda.inspections.history,firm:3005051865,2014-04-29,2026-09-08T14:34:16Z,is_oai,0,bool,fda.inspections.history,raw/fda.inspections.history/2026/09/20260908T143416Z-4b7986a411cf.json.gz,1
fda.inspections.history,firm:3005051865,2014-04-29,2026-09-08T14:34:16Z,label,"PE Packaging, LLC",,fda.inspections.history,raw/fda.inspections.history/2026/09/20260908T143416Z-4b7986a411cf.json.gz,1
fda.inspections.history,firm:3005174856,2014-04-18,2026-09-08T14:34:16Z,classification,1,ordinal,fda.inspections.history,raw/fda.inspections.history/2026/09/20260908T143416Z-4b7986a411cf.json.gz,1
fda.inspections.history,firm:3005174856,2014-04-18,2026-09-08T14:34:16Z,firm_key,ALAMEDA HEALTH SYSTEM IRB,,fda.inspections.history,raw/fda.inspections.history/2026/09/20260908T143416Z-4b7986a411cf.json.gz,1
fda.inspections.history,firm:3005174856,2014-04-18,2026-09-08T14:34:16Z,inspected,1,count,fda.inspections.history,raw/fda.inspections.history/2026/09/20260908T143416Z-4b7986a411cf.json.gz,1
fda.inspections.history,firm:3005174856,2014-04-18,2026-09-08T14:34:16Z,inspection_end,20140418,yyyymmdd,fda.inspections.history,raw/fda.inspections.history/2026/09/20260908T143416Z-4b7986a411cf.json.gz,1
fda.inspections.history,firm:3005174856,2014-04-18,2026-09-08T14:34:16Z,is_foreign,0,bool,fda.inspections.history,raw/fda.inspections.history/2026/09/20260908T143416Z-4b7986a411cf.json.gz,1
fda.inspections.history,firm:3005174856,2014-04-18,2026-09-08T14:34:16Z,is_oai,0,bool,fda.inspections.history,raw/fda.inspections.history/2026/09/20260908T143416Z-4b7986a411cf.json.gz,1
fda.inspections.history,firm:3005174856,2014-04-18,2026-09-08T14:34:16Z,label,Alameda Health System IRB,,fda.inspections.history,raw/fda.inspections.history/2026/09/20260908T143416Z-4b7986a411cf.json.gz,1
fda.inspections.history,firm:3005338985,2014-04-08,2026-09-08T14:34:16Z,classification,0,ordinal,fda.inspections.history,raw/fda.inspections.history/2026/09/20260908T143416Z-4b7986a411cf.json.gz,1
fda.inspections.history,firm:3005338985,2014-04-08,2026-09-08T14:34:16Z,firm_key,AMERISOURCE BERGEN DRUG,,fda.inspections.history,raw/fda.inspections.history/2026/09/20260908T143416Z-4b7986a411cf.json.gz,1
fda.inspections.history,firm:3005338985,2014-04-08,2026-09-08T14:34:16Z,inspected,1,count,fda.inspections.history,raw/fda.inspections.history/2026/09/20260908T143416Z-4b7986a411cf.json.gz,1
fda.inspections.history,firm:3005338985,2014-04-08,2026-09-08T14:34:16Z,inspection_end,20140408,yyyymmdd,fda.inspections.history,raw/fda.inspections.history/2026/09/20260908T143416Z-4b7986a411cf.json.gz,1
fda.inspections.history,firm:3005338985,2014-04-08,2026-09-08T14:34:16Z,is_foreign,0,bool,fda.inspections.history,raw/fda.inspections.history/2026/09/20260908T143416Z-4b7986a411cf.json.gz,1
fda.inspections.history,firm:3005338985,2014-04-08,2026-09-08T14:34:16Z,is_oai,0,bool,fda.inspections.history,raw/fda.inspections.history/2026/09/20260908T143416Z-4b7986a411cf.json.gz,1
fda.inspections.history,firm:3005338985,2014-04-08,2026-09-08T14:34:16Z,label,AMERISOURCE BERGEN DRUG CORPORATION,,fda.inspections.history,raw/fda.inspections.history/2026/09/20260908T143416Z-4b7986a411cf.json.gz,1
fda.inspections.history,firm:3005350897,2014-04-01,2026-09-08T14:34:16Z,classification,1,ordinal,fda.inspections.history,raw/fda.inspections.history/2026/09/20260908T143416Z-4b7986a411cf.json.gz,1
fda.inspections.history,firm:3005350897,2014-04-01,2026-09-08T14:34:16Z,firm_key,BELLEVIEW 402,,fda.inspections.history,raw/fda.inspections.history/2026/09/20260908T143416Z-4b7986a411cf.json.gz,1
fda.inspections.history,firm:3005350897,2014-04-01,2026-09-08T14:34:16Z,inspected,1,count,fda.inspections.history,raw/fda.inspections.history/2026/09/20260908T143416Z-4b7986a411cf.json.gz,1
fda.inspections.history,firm:3005350897,2014-04-01,2026-09-08T14:34:16Z,inspection_end,20140401,yyyymmdd,fda.inspections.history,raw/fda.inspections.history/2026/09/20260908T143416Z-4b7986a411cf.json.gz,1
fda.inspections.history,firm:3005350897,2014-04-01,2026-09-08T14:34:16Z,is_foreign,0,bool,fda.inspections.history,raw/fda.inspections.history/2026/09/20260908T143416Z-4b7986a411cf.json.gz,1
fda.inspections.history,firm:3005350897,2014-04-01,2026-09-08T14:34:16Z,is_oai,0,bool,fda.inspections.history,raw/fda.inspections.history/2026/09/20260908T143416Z-4b7986a411cf.json.gz,1
fda.inspections.history,firm:3005350897,2014-04-01,2026-09-08T14:34:16Z,label,Belleview 402 LLC,,fda.inspections.history,raw/fda.inspections.history/2026/09/20260908T143416Z-4b7986a411cf.json.gz,1
fda.inspections.history,firm:3005460102,2014-04-11,2026-09-08T14:34:16Z,classification,1,ordinal,fda.inspections.history,raw/fda.inspections.history/2026/09/20260908T143416Z-4b7986a411cf.json.gz,1
fda.inspections.history,firm:3005460102,2014-04-11,2026-09-08T14:34:16Z,firm_key,SINOPEP ALLSINO BIOPHARMACEUTICAL,,fda.inspections.history,raw/fda.inspections.history/2026/09/20260908T143416Z-4b7986a411cf.json.gz,1
fda.inspections.history,firm:3005460102,2014-04-11,2026-09-08T14:34:16Z,inspected,1,count,fda.inspections.history,raw/fda.inspections.history/2026/09/20260908T143416Z-4b7986a411cf.json.gz,1
fda.inspections.history,firm:3005460102,2014-04-11,2026-09-08T14:34:16Z,inspection_end,20140411,yyyymmdd,fda.inspections.history,raw/fda.inspections.history/2026/09/20260908T143416Z-4b7986a411cf.json.gz,1
fda.inspections.history,firm:3005460102,2014-04-11,2026-09-08T14:34:16Z,is_foreign,1,bool,fda.inspections.history,raw/fda.inspections.history/2026/09/20260908T143416Z-4b7986a411cf.json.gz,1
fda.inspections.history,firm:3005460102,2014-04-11,2026-09-08T14:34:16Z,is_oai,0,bool,fda.inspections.history,raw/fda.inspections.history/2026/09/20260908T143416Z-4b7986a411cf.json.gz,1
fda.inspections.history,firm:3005460102,2014-04-11,2026-09-08T14:34:16Z,label,"Sinopep-Allsino Biopharmaceutical Co., Ltd.",,fda.inspections.history,raw/fda.inspections.history/2026/09/20260908T143416Z-4b7986a411cf.json.gz,1
fda.inspections.history,firm:3005615655,2014-04-04,2026-09-08T14:34:16Z,classification,1,ordinal,fda.inspections.history,raw/fda.inspections.history/2026/09/20260908T143416Z-4b7986a411cf.json.gz,1
fda.inspections.history,firm:3005615655,2014-04-04,2026-09-08T14:34:16Z,firm_key,JAZZ,,fda.inspections.history,raw/fda.inspections.history/2026/09/20260908T143416Z-4b7986a411cf.json.gz,1
fda.inspections.history,firm:3005615655,2014-04-04,2026-09-08T14:34:16Z,inspected,1,count,fda.inspections.history,raw/fda.inspections.history/2026/09/20260908T143416Z-4b7986a411cf.json.gz,1
fda.inspections.history,firm:3005615655,2014-04-04,2026-09-08T14:34:16Z,inspection_end,20140404,yyyymmdd,fda.inspections.history,raw/fda.inspections.history/2026/09/20260908T143416Z-4b7986a411cf.json.gz,1
fda.inspections.history,firm:3005615655,2014-04-04,2026-09-08T14:34:16Z,is_foreign,0,bool,fda.inspections.history,raw/fda.inspections.history/2026/09/20260908T143416Z-4b7986a411cf.json.gz,1
fda.inspections.history,firm:3005615655,2014-04-04,2026-09-08T14:34:16Z,is_oai,0,bool,fda.inspections.history,raw/fda.inspections.history/2026/09/20260908T143416Z-4b7986a411cf.json.gz,1
fda.inspections.history,firm:3005615655,2014-04-04,2026-09-08T14:34:16Z,label,"Jazz Pharmaceuticals, Inc",,fda.inspections.history,raw/fda.inspections.history/2026/09/20260908T143416Z-4b7986a411cf.json.gz,1
fda.inspections.history,firm:3005630028,2014-04-01,2026-09-08T14:34:16Z,classification,0,ordinal,fda.inspections.history,raw/fda.inspections.history/2026/09/20260908T143416Z-4b7986a411cf.json.gz,1
fda.inspections.history,firm:3005630028,2014-04-01,2026-09-08T14:34:16Z,firm_key,SGS CANADA,,fda.inspections.history,raw/fda.inspections.history/2026/09/20260908T143416Z-4b7986a411cf.json.gz,1
fda.inspections.history,firm:3005630028,2014-04-01,2026-09-08T14:34:16Z,inspected,1,count,fda.inspections.history,raw/fda.inspections.history/2026/09/20260908T143416Z-4b7986a411cf.json.gz,1
fda.inspections.history,firm:3005630028,2014-04-01,2026-09-08T14:34:16Z,inspection_end,20140401,yyyymmdd,fda.inspections.history,raw/fda.inspections.history/2026/09/20260908T143416Z-4b7986a411cf.json.gz,1
fda.inspections.history,firm:3005630028,2014-04-01,2026-09-08T14:34:16Z,is_foreign,1,bool,fda.inspections.history,raw/fda.inspections.history/2026/09/20260908T143416Z-4b7986a411cf.json.gz,1
fda.inspections.history,firm:3005630028,2014-04-01,2026-09-08T14:34:16Z,is_oai,0,bool,fda.inspections.history,raw/fda.inspections.history/2026/09/20260908T143416Z-4b7986a411cf.json.gz,1
fda.inspections.history,firm:3005630028,2014-04-01,2026-09-08T14:34:16Z,label,"SGS Canada, Inc.",,fda.inspections.history,raw/fda.inspections.history/2026/09/20260908T143416Z-4b7986a411cf.json.gz,1
fda.inspections.history,firm:3005684109,2014-04-10,2026-09-08T14:34:16Z,classification,0,ordinal,fda.inspections.history,raw/fda.inspections.history/2026/09/20260908T143416Z-4b7986a411cf.json.gz,1
fda.inspections.history,firm:3005684109,2014-04-10,2026-09-08T14:34:16Z,firm_key,CSPC ZHONGNUO SHIJIAZHUANG,,fda.inspections.history,raw/fda.inspections.history/2026/09/20260908T143416Z-4b7986a411cf.json.gz,1
fda.inspections.history,firm:3005684109,2014-04-10,2026-09-08T14:34:16Z,inspected,1,count,fda.inspections.history,raw/fda.inspections.history/2026/09/20260908T143416Z-4b7986a411cf.json.gz,1
fda.inspections.history,firm:3005684109,2014-04-10,2026-09-08T14:34:16Z,inspection_end,20140410,yyyymmdd,fda.inspections.history,raw/fda.inspections.history/2026/09/20260908T143416Z-4b7986a411cf.json.gz,1
fda.inspections.history,firm:3005684109,2014-04-10,2026-09-08T14:34:16Z,is_foreign,1,bool,fda.inspections.history,raw/fda.inspections.history/2026/09/20260908T143416Z-4b7986a411cf.json.gz,1
fda.inspections.history,firm:3005684109,2014-04-10,2026-09-08T14:34:16Z,is_oai,0,bool,fda.inspections.history,raw/fda.inspections.history/2026/09/20260908T143416Z-4b7986a411cf.json.gz,1
fda.inspections.history,firm:3005684109,2014-04-10,2026-09-08T14:34:16Z,label,"CSPC Zhongnuo Pharmaceutical (Shijiazhuang) Co., Ltd.",,fda.inspections.history,raw/fda.inspections.history/2026/09/20260908T143416Z-4b7986a411cf.json.gz,1
fda.inspections.history,firm:3005688405,2014-04-11,2026-09-08T14:34:16Z,classification,1,ordinal,fda.inspections.history,raw/fda.inspections.history/2026/09/20260908T143416Z-4b7986a411cf.json.gz,1
fda.inspections.history,firm:3005688405,2014-04-11,2026-09-08T14:34:16Z,firm_key,PHAROS MT,,fda.inspections.history,raw/fda.inspections.history/2026/09/20260908T143416Z-4b7986a411cf.json.gz,1
fda.inspections.history,firm:3005688405,2014-04-11,2026-09-08T14:34:16Z,inspected,1,count,fda.inspections.history,raw/fda.inspections.history/2026/09/20260908T143416Z-4b7986a411cf.json.gz,1
fda.inspections.history,firm:3005688405,2014-04-11,2026-09-08T14:34:16Z,inspection_end,20140411,yyyymmdd,fda.inspections.history,raw/fda.inspections.history/2026/09/20260908T143416Z-4b7986a411cf.json.gz,1
fda.inspections.history,firm:3005688405,2014-04-11,2026-09-08T14:34:16Z,is_foreign,1,bool,fda.inspections.history,raw/fda.inspections.history/2026/09/20260908T143416Z-4b7986a411cf.json.gz,1
fda.inspections.history,firm:3005688405,2014-04-11,2026-09-08T14:34:16Z,is_oai,0,bool,fda.inspections.history,raw/fda.inspections.history/2026/09/20260908T143416Z-4b7986a411cf.json.gz,1
fda.inspections.history,firm:3005688405,2014-04-11,2026-09-08T14:34:16Z,label,PharOs MT Ltd.,,fda.inspections.history,raw/fda.inspections.history/2026/09/20260908T143416Z-4b7986a411cf.json.gz,1
fda.inspections.history,firm:3005746589,2014-04-01,2026-09-08T14:34:16Z,classification,1,ordinal,fda.inspections.history,raw/fda.inspections.history/2026/09/20260908T143416Z-4b7986a411cf.json.gz,1
fda.inspections.history,firm:3005746589,2014-04-01,2026-09-08T14:34:16Z,firm_key,MITIM,,fda.inspections.history,raw/fda.inspections.history/2026/09/20260908T143416Z-4b7986a411cf.json.gz,1
fda.inspections.history,firm:3005746589,2014-04-01,2026-09-08T14:34:16Z,inspected,1,count,fda.inspections.history,raw/fda.inspections.history/2026/09/20260908T143416Z-4b7986a411cf.json.gz,1
fda.inspections.history,firm:3005746589,2014-04-01,2026-09-08T14:34:16Z,inspection_end,20140401,yyyymmdd,fda.inspections.history,raw/fda.inspections.history/2026/09/20260908T143416Z-4b7986a411cf.json.gz,1
fda.inspections.history,firm:3005746589,2014-04-01,2026-09-08T14:34:16Z,is_foreign,1,bool,fda.inspections.history,raw/fda.inspections.history/2026/09/20260908T143416Z-4b7986a411cf.json.gz,1
fda.inspections.history,firm:3005746589,2014-04-01,2026-09-08T14:34:16Z,is_oai,0,bool,fda.inspections.history,raw/fda.inspections.history/2026/09/20260908T143416Z-4b7986a411cf.json.gz,1
fda.inspections.history,firm:3005746589,2014-04-01,2026-09-08T14:34:16Z,label,Mitim SRL,,fda.inspections.history,raw/fda.inspections.history/2026/09/20260908T143416Z-4b7986a411cf.json.gz,1
fda.inspections.history,firm:3005761472,2014-04-04,2026-09-08T14:34:16Z,classification,1,ordinal,fda.inspections.history,raw/fda.inspections.history/2026/09/20260908T143416Z-4b7986a411cf.json.gz,1
fda.inspections.history,firm:3005761472,2014-04-04,2026-09-08T14:34:16Z,firm_key,AMERICAN REGENT,,fda.inspections.history,raw/fda.inspections.history/2026/09/20260908T143416Z-4b7986a411cf.json.gz,1
fda.inspections.history,firm:3005761472,2014-04-04,2026-09-08T14:34:16Z,inspected,1,count,fda.inspections.history,raw/fda.inspections.history/2026/09/20260908T143416Z-4b7986a411cf.json.gz,1
fda.inspections.history,firm:3005761472,2014-04-04,2026-09-08T14:34:16Z,inspection_end,20140404,yyyymmdd,fda.inspections.history,raw/fda.inspections.history/2026/09/20260908T143416Z-4b7986a411cf.json.gz,1
fda.inspections.history,firm:3005761472,2014-04-04,2026-09-08T14:34:16Z,is_foreign,0,bool,fda.inspections.history,raw/fda.inspections.history/2026/09/20260908T143416Z-4b7986a411cf.json.gz,1
fda.inspections.history,firm:3005761472,2014-04-04,2026-09-08T14:34:16Z,is_oai,0,bool,fda.inspections.history,raw/fda.inspections.history/2026/09/20260908T143416Z-4b7986a411cf.json.gz,1
fda.inspections.history,firm:3005761472,2014-04-04,2026-09-08T14:34:16Z,label,American Regent Inc.,,fda.inspections.history,raw/fda.inspections.history/2026/09/20260908T143416Z-4b7986a411cf.json.gz,1
fda.inspections.history,firm:3005782879,2014-04-04,2026-09-08T14:34:16Z,classification,1,ordinal,fda.inspections.history,raw/fda.inspections.history/2026/09/20260908T143416Z-4b7986a411cf.json.gz,1
fda.inspections.history,firm:3005782879,2014-04-04,2026-09-08T14:34:16Z,firm_key,EMCURE,,fda.inspections.history,raw/fda.inspections.history/2026/09/20260908T143416Z-4b7986a411cf.json.gz,1
fda.inspections.history,firm:3005782879,2014-04-04,2026-09-08T14:34:16Z,inspected,1,count,fda.inspections.history,raw/fda.inspections.history/2026/09/20260908T143416Z-4b7986a411cf.json.gz,1
fda.inspections.history,firm:3005782879,2014-04-04,2026-09-08T14:34:16Z,inspection_end,20140404,yyyymmdd,fda.inspections.history,raw/fda.inspections.history/2026/09/20260908T143416Z-4b7986a411cf.json.gz,1
fda.inspections.history,firm:3005782879,2014-04-04,2026-09-08T14:34:16Z,is_foreign,1,bool,fda.inspections.history,raw/fda.inspections.history/2026/09/20260908T143416Z-4b7986a411cf.json.gz,1
fda.inspections.history,firm:3005782879,2014-04-04,2026-09-08T14:34:16Z,is_oai,0,bool,fda.inspections.history,raw/fda.inspections.history/2026/09/20260908T143416Z-4b7986a411cf.json.gz,1
fda.inspections.history,firm:3005782879,2014-04-04,2026-09-08T14:34:16Z,label,Emcure Pharmaceuticals Limited,,fda.inspections.history,raw/fda.inspections.history/2026/09/20260908T143416Z-4b7986a411cf.json.gz,1
fda.inspections.history,firm:3005842033,2014-04-29,2026-09-08T14:34:16Z,classification,1,ordinal,fda.inspections.history,raw/fda.inspections.history/2026/09/20260908T143416Z-4b7986a411cf.json.gz,1
fda.inspections.history,firm:3005842033,2014-04-29,2026-09-08T14:34:16Z,firm_key,ZHEJIANG RAYBOW,,fda.inspections.history,raw/fda.inspections.history/2026/09/20260908T143416Z-4b7986a411cf.json.gz,1
fda.inspections.history,firm:3005842033,2014-04-29,2026-09-08T14:34:16Z,inspected,1,count,fda.inspections.history,raw/fda.inspections.history/2026/09/20260908T143416Z-4b7986a411cf.json.gz,1
fda.inspections.history,firm:3005842033,2014-04-29,2026-09-08T14:34:16Z,inspection_end,20140429,yyyymmdd,fda.inspections.history,raw/fda.inspections.history/2026/09/20260908T143416Z-4b7986a411cf.json.gz,1
fda.inspections.history,firm:3005842033,2014-04-29,2026-09-08T14:34:16Z,is_foreign,1,bool,fda.inspections.history,raw/fda.inspections.history/2026/09/20260908T143416Z-4b7986a411cf.json.gz,1
fda.inspections.history,firm:3005842033,2014-04-29,2026-09-08T14:34:16Z,is_oai,0,bool,fda.inspections.history,raw/fda.inspections.history/2026/09/20260908T143416Z-4b7986a411cf.json.gz,1
fda.inspections.history,firm:3005842033,2014-04-29,2026-09-08T14:34:16Z,label,"Zhejiang Raybow Pharmaceutical Co., Ltd.",,fda.inspections.history,raw/fda.inspections.history/2026/09/20260908T143416Z-4b7986a411cf.json.gz,1
fda.inspections.history,firm:3005884589,2014-04-03,2026-09-08T14:34:16Z,classification,0,ordinal,fda.inspections.history,raw/fda.inspections.history/2026/09/20260908T143416Z-4b7986a411cf.json.gz,1
fda.inspections.history,firm:3005884589,2014-04-03,2026-09-08T14:34:16Z,firm_key,RIVOPHARM S A,,fda.inspections.history,raw/fda.inspections.history/2026/09/20260908T143416Z-4b7986a411cf.json.gz,1
fda.inspections.history,firm:3005884589,2014-04-03,2026-09-08T14:34:16Z,inspected,1,count,fda.inspections.history,raw/fda.inspections.history/2026/09/20260908T143416Z-4b7986a411cf.json.gz,1
fda.inspections.history,firm:3005884589,2014-04-03,2026-09-08T14:34:16Z,inspection_end,20140403,yyyymmdd,fda.inspections.history,raw/fda.inspections.history/2026/09/20260908T143416Z-4b7986a411cf.json.gz,1
fda.inspections.history,firm:3005884589,2014-04-03,2026-09-08T14:34:16Z,is_foreign,1,bool,fda.inspections.history,raw/fda.inspections.history/2026/09/20260908T143416Z-4b7986a411cf.json.gz,1
fda.inspections.history,firm:3005884589,2014-04-03,2026-09-08T14:34:16Z,is_oai,0,bool,fda.inspections.history,raw/fda.inspections.history/2026/09/20260908T143416Z-4b7986a411cf.json.gz,1
fda.inspections.history,firm:3005884589,2014-04-03,2026-09-08T14:34:16Z,label,Rivopharm S.A.,,fda.inspections.history,raw/fda.inspections.history/2026/09/20260908T143416Z-4b7986a411cf.json.gz,1
fda.inspections.history,firm:3005945400,2014-04-25,2026-09-08T14:34:16Z,classification,1,ordinal,fda.inspections.history,raw/fda.inspections.history/2026/09/20260908T143416Z-4b7986a411cf.json.gz,1
fda.inspections.history,firm:3005945400,2014-04-25,2026-09-08T14:34:16Z,firm_key,HEALTH SPECIALTY,,fda.inspections.history,raw/fda.inspections.history/2026/09/20260908T143416Z-4b7986a411cf.json.gz,1
fda.inspections.history,firm:3005945400,2014-04-25,2026-09-08T14:34:16Z,inspected,1,count,fda.inspections.history,raw/fda.inspections.history/2026/09/20260908T143416Z-4b7986a411cf.json.gz,1
fda.inspections.history,firm:3005945400,2014-04-25,2026-09-08T14:34:16Z,inspection_end,20140425,yyyymmdd,fda.inspections.history,raw/fda.inspections.history/2026/09/20260908T143416Z-4b7986a411cf.json.gz,1
fda.inspections.history,firm:3005945400,2014-04-25,2026-09-08T14:34:16Z,is_foreign,0,bool,fda.inspections.history,raw/fda.inspections.history/2026/09/20260908T143416Z-4b7986a411cf.json.gz,1
fda.inspections.history,firm:3005945400,2014-04-25,2026-09-08T14:34:16Z,is_oai,0,bool,fda.inspections.history,raw/fda.inspections.history/2026/09/20260908T143416Z-4b7986a411cf.json.gz,1
fda.inspections.history,firm:3005945400,2014-04-25,2026-09-08T14:34:16Z,label,Health Specialty,,fda.inspections.history,raw/fda.inspections.history/2026/09/20260908T143416Z-4b7986a411cf.json.gz,1
fda.inspections.history,firm:3005948218,2014-04-11,2026-09-08T14:34:16Z,classification,0,ordinal,fda.inspections.history,raw/fda.inspections.history/2026/09/20260908T143416Z-4b7986a411cf.json.gz,1
fda.inspections.history,firm:3005948218,2014-04-11,2026-09-08T14:34:16Z,firm_key,MOMENTA,,fda.inspections.history,raw/fda.inspections.history/2026/09/20260908T143416Z-4b7986a411cf.json.gz,1
fda.inspections.history,firm:3005948218,2014-04-11,2026-09-08T14:34:16Z,inspected,1,count,fda.inspections.history,raw/fda.inspections.history/2026/09/20260908T143416Z-4b7986a411cf.json.gz,1
fda.inspections.history,firm:3005948218,2014-04-11,2026-09-08T14:34:16Z,inspection_end,20140411,yyyymmdd,fda.inspections.history,raw/fda.inspections.history/2026/09/20260908T143416Z-4b7986a411cf.json.gz,1
fda.inspections.history,firm:3005948218,2014-04-11,2026-09-08T14:34:16Z,is_foreign,0,bool,fda.inspections.history,raw/fda.inspections.history/2026/09/20260908T143416Z-4b7986a411cf.json.gz,1
fda.inspections.history,firm:3005948218,2014-04-11,2026-09-08T14:34:16Z,is_oai,0,bool,fda.inspections.history,raw/fda.inspections.history/2026/09/20260908T143416Z-4b7986a411cf.json.gz,1
fda.inspections.history,firm:3005948218,2014-04-11,2026-09-08T14:34:16Z,label,"Momenta Pharmaceuticals, Inc.",,fda.inspections.history,raw/fda.inspections.history/2026/09/20260908T143416Z-4b7986a411cf.json.gz,1
fda.inspections.history,firm:3005987780,2014-04-02,2026-09-08T14:34:16Z,classification,1,ordinal,fda.inspections.history,raw/fda.inspections.history/2026/09/20260908T143416Z-4b7986a411cf.json.gz,1
fda.inspections.history,firm:3005987780,2014-04-02,2026-09-08T14:34:16Z,firm_key,PRC TICINUM S R L,,fda.inspections.history,raw/fda.inspections.history/2026/09/20260908T143416Z-4b7986a411cf.json.gz,1
fda.inspections.history,firm:3005987780,2014-04-02,2026-09-08T14:34:16Z,inspected,1,count,fda.inspections.history,raw/fda.inspections.history/2026/09/20260908T143416Z-4b7986a411cf.json.gz,1
fda.inspections.history,firm:3005987780,2014-04-02,2026-09-08T14:34:16Z,inspection_end,20140402,yyyymmdd,fda.inspections.history,raw/fda.inspections.history/2026/09/20260908T143416Z-4b7986a411cf.json.gz,1
fda.inspections.history,firm:3005987780,2014-04-02,2026-09-08T14:34:16Z,is_foreign,1,bool,fda.inspections.history,raw/fda.inspections.history/2026/09/20260908T143416Z-4b7986a411cf.json.gz,1
fda.inspections.history,firm:3005987780,2014-04-02,2026-09-08T14:34:16Z,is_oai,0,bool,fda.inspections.history,raw/fda.inspections.history/2026/09/20260908T143416Z-4b7986a411cf.json.gz,1
fda.inspections.history,firm:3005987780,2014-04-02,2026-09-08T14:34:16Z,label,"PRC Ticinum Lab, S.R.L.",,fda.inspections.history,raw/fda.inspections.history/2026/09/20260908T143416Z-4b7986a411cf.json.gz,1
fda.inspections.history,firm:3006143547,2014-04-17,2026-09-08T14:34:16Z,classification,2,ordinal,fda.inspections.history,raw/fda.inspections.history/2026/09/20260908T143416Z-4b7986a411cf.json.gz,1
fda.inspections.history,firm:3006143547,2014-04-17,2026-09-08T14:34:16Z,firm_key,ZHEJIANG QIANFEI ENTERPRISE,,fda.inspections.history,raw/fda.inspections.history/2026/09/20260908T143416Z-4b7986a411cf.json.gz,1
fda.inspections.history,firm:3006143547,2014-04-17,2026-09-08T14:34:16Z,inspected,1,count,fda.inspections.history,raw/fda.inspections.history/2026/09/20260908T143416Z-4b7986a411cf.json.gz,1
fda.inspections.history,firm:3006143547,2014-04-17,2026-09-08T14:34:16Z,inspection_end,20140417,yyyymmdd,fda.inspections.history,raw/fda.inspections.history/2026/09/20260908T143416Z-4b7986a411cf.json.gz,1
fda.inspections.history,firm:3006143547,2014-04-17,2026-09-08T14:34:16Z,is_foreign,1,bool,fda.inspections.history,raw/fda.inspections.history/2026/09/20260908T143416Z-4b7986a411cf.json.gz,1
fda.inspections.history,firm:3006143547,2014-04-17,2026-09-08T14:34:16Z,is_oai,1,bool,fda.inspections.history,raw/fda.inspections.history/2026/09/20260908T143416Z-4b7986a411cf.json.gz,1
fda.inspections.history,firm:3006143547,2014-04-17,2026-09-08T14:34:16Z,label,Zhejiang Qianfei Enterprise Co. Ltd.,,fda.inspections.history,raw/fda.inspections.history/2026/09/20260908T143416Z-4b7986a411cf.json.gz,1
fda.inspections.history,firm:3006403682,2014-04-02,2026-09-08T14:34:16Z,classification,1,ordinal,fda.inspections.history,raw/fda.inspections.history/2026/09/20260908T143416Z-4b7986a411cf.json.gz,1
fda.inspections.history,firm:3006403682,2014-04-02,2026-09-08T14:34:16Z,firm_key,JIANERKANG MEDICAL,,fda.inspections.history,raw/fda.inspections.history/2026/09/20260908T143416Z-4b7986a411cf.json.gz,1
fda.inspections.history,firm:3006403682,2014-04-02,2026-09-08T14:34:16Z,inspected,1,count,fda.inspections.history,raw/fda.inspections.history/2026/09/20260908T143416Z-4b7986a411cf.json.gz,1
fda.inspections.history,firm:3006403682,2014-04-02,2026-09-08T14:34:16Z,inspection_end,20140402,yyyymmdd,fda.inspections.history,raw/fda.inspections.history/2026/09/20260908T143416Z-4b7986a411cf.json.gz,1
fda.inspections.history,firm:3006403682,2014-04-02,2026-09-08T14:34:16Z,is_foreign,1,bool,fda.inspections.history,raw/fda.inspections.history/2026/09/20260908T143416Z-4b7986a411cf.json.gz,1
fda.inspections.history,firm:3006403682,2014-04-02,2026-09-08T14:34:16Z,is_oai,0,bool,fda.inspections.history,raw/fda.inspections.history/2026/09/20260908T143416Z-4b7986a411cf.json.gz,1
fda.inspections.history,firm:3006403682,2014-04-02,2026-09-08T14:34:16Z,label,"Jianerkang Medical Co., Ltd",,fda.inspections.history,raw/fda.inspections.history/2026/09/20260908T143416Z-4b7986a411cf.json.gz,1
fda.inspections.history,firm:3006419237,2014-04-15,2026-09-08T14:34:16Z,classification,0,ordinal,fda.inspections.history,raw/fda.inspections.history/2026/09/20260908T143416Z-4b7986a411cf.json.gz,1
fda.inspections.history,firm:3006419237,2014-04-15,2026-09-08T14:34:16Z,firm_key,PIRAMAL SOLUTIONS,,fda.inspections.history,raw/fda.inspections.history/2026/09/20260908T143416Z-4b7986a411cf.json.gz,1
fda.inspections.history,firm:3006419237,2014-04-15,2026-09-08T14:34:16Z,inspected,1,count,fda.inspections.history,raw/fda.inspections.history/2026/09/20260908T143416Z-4b7986a411cf.json.gz,1
fda.inspections.history,firm:3006419237,2014-04-15,2026-09-08T14:34:16Z,inspection_end,20140415,yyyymmdd,fda.inspections.history,raw/fda.inspections.history/2026/09/20260908T143416Z-4b7986a411cf.json.gz,1
fda.inspections.history,firm:3006419237,2014-04-15,2026-09-08T14:34:16Z,is_foreign,0,bool,fda.inspections.history,raw/fda.inspections.history/2026/09/20260908T143416Z-4b7986a411cf.json.gz,1
fda.inspections.history,firm:3006419237,2014-04-15,2026-09-08T14:34:16Z,is_oai,0,bool,fda.inspections.history,raw/fda.inspections.history/2026/09/20260908T143416Z-4b7986a411cf.json.gz,1
fda.inspections.history,firm:3006419237,2014-04-15,2026-09-08T14:34:16Z,label,Piramal Pharma Solutions Inc.,,fda.inspections.history,raw/fda.inspections.history/2026/09/20260908T143416Z-4b7986a411cf.json.gz,1
fda.inspections.history,firm:3006419237,2014-04-17,2026-09-08T14:34:16Z,classification,1,ordinal,fda.inspections.history,raw/fda.inspections.history/2026/09/20260908T143416Z-4b7986a411cf.json.gz,1
fda.inspections.history,firm:3006419237,2014-04-17,2026-09-08T14:34:16Z,firm_key,PIRAMAL SOLUTIONS,,fda.inspections.history,raw/fda.inspections.history/2026/09/20260908T143416Z-4b7986a411cf.json.gz,1
fda.inspections.history,firm:3006419237,2014-04-17,2026-09-08T14:34:16Z,inspected,1,count,fda.inspections.history,raw/fda.inspections.history/2026/09/20260908T143416Z-4b7986a411cf.json.gz,1
fda.inspections.history,firm:3006419237,2014-04-17,2026-09-08T14:34:16Z,inspection_end,20140417,yyyymmdd,fda.inspections.history,raw/fda.inspections.history/2026/09/20260908T143416Z-4b7986a411cf.json.gz,1
fda.inspections.history,firm:3006419237,2014-04-17,2026-09-08T14:34:16Z,is_foreign,0,bool,fda.inspections.history,raw/fda.inspections.history/2026/09/20260908T143416Z-4b7986a411cf.json.gz,1
fda.inspections.history,firm:3006419237,2014-04-17,2026-09-08T14:34:16Z,is_oai,0,bool,fda.inspections.history,raw/fda.inspections.history/2026/09/20260908T143416Z-4b7986a411cf.json.gz,1
fda.inspections.history,firm:3006419237,2014-04-17,2026-09-08T14:34:16Z,label,Piramal Pharma Solutions Inc.,,fda.inspections.history,raw/fda.inspections.history/2026/09/20260908T143416Z-4b7986a411cf.json.gz,1
fda.inspections.history,firm:3006527015,2014-04-25,2026-09-08T14:34:16Z,classification,1,ordinal,fda.inspections.history,raw/fda.inspections.history/2026/09/20260908T143416Z-4b7986a411cf.json.gz,1
fda.inspections.history,firm:3006527015,2014-04-25,2026-09-08T14:34:16Z,firm_key,LAURUS,,fda.inspections.history,raw/fda.inspections.history/2026/09/20260908T143416Z-4b7986a411cf.json.gz,1
fda.inspections.history,firm:3006527015,2014-04-25,2026-09-08T14:34:16Z,inspected,1,count,fda.inspections.history,raw/fda.inspections.history/2026/09/20260908T143416Z-4b7986a411cf.json.gz,1
fda.inspections.history,firm:3006527015,2014-04-25,2026-09-08T14:34:16Z,inspection_end,20140425,yyyymmdd,fda.inspections.history,raw/fda.inspections.history/2026/09/20260908T143416Z-4b7986a411cf.json.gz,1
fda.inspections.history,firm:3006527015,2014-04-25,2026-09-08T14:34:16Z,is_foreign,1,bool,fda.inspections.history,raw/fda.inspections.history/2026/09/20260908T143416Z-4b7986a411cf.json.gz,1
fda.inspections.history,firm:3006527015,2014-04-25,2026-09-08T14:34:16Z,is_oai,0,bool,fda.inspections.history,raw/fda.inspections.history/2026/09/20260908T143416Z-4b7986a411cf.json.gz,1
fda.inspections.history,firm:3006527015,2014-04-25,2026-09-08T14:34:16Z,label,Laurus Labs Limited,,fda.inspections.history,raw/fda.inspections.history/2026/09/20260908T143416Z-4b7986a411cf.json.gz,1
fda.inspections.history,firm:3006537159,2014-04-22,2026-09-08T14:34:16Z,classification,1,ordinal,fda.inspections.history,raw/fda.inspections.history/2026/09/20260908T143416Z-4b7986a411cf.json.gz,1
fda.inspections.history,firm:3006537159,2014-04-22,2026-09-08T14:34:16Z,firm_key,ENDO USA,,fda.inspections.history,raw/fda.inspections.history/2026/09/20260908T143416Z-4b7986a411cf.json.gz,1
fda.inspections.history,firm:3006537159,2014-04-22,2026-09-08T14:34:16Z,inspected,1,count,fda.inspections.history,raw/fda.inspections.history/2026/09/20260908T143416Z-4b7986a411cf.json.gz,1
fda.inspections.history,firm:3006537159,2014-04-22,2026-09-08T14:34:16Z,inspection_end,20140422,yyyymmdd,fda.inspections.history,raw/fda.inspections.history/2026/09/20260908T143416Z-4b7986a411cf.json.gz,1
fda.inspections.history,firm:3006537159,2014-04-22,2026-09-08T14:34:16Z,is_foreign,0,bool,fda.inspections.history,raw/fda.inspections.history/2026/09/20260908T143416Z-4b7986a411cf.json.gz,1
fda.inspections.history,firm:3006537159,2014-04-22,2026-09-08T14:34:16Z,is_oai,0,bool,fda.inspections.history,raw/fda.inspections.history/2026/09/20260908T143416Z-4b7986a411cf.json.gz,1
fda.inspections.history,firm:3006537159,2014-04-22,2026-09-08T14:34:16Z,label,"Endo USA, Inc.",,fda.inspections.history,raw/fda.inspections.history/2026/09/20260908T143416Z-4b7986a411cf.json.gz,1
fda.inspections.history,firm:3006792789,2014-04-04,2026-09-08T14:34:16Z,classification,1,ordinal,fda.inspections.history,raw/fda.inspections.history/2026/09/20260908T143416Z-4b7986a411cf.json.gz,1
fda.inspections.history,firm:3006792789,2014-04-04,2026-09-08T14:34:16Z,firm_key,JAMES L BORDERS MD,,fda.inspections.history,raw/fda.inspections.history/2026/09/20260908T143416Z-4b7986a411cf.json.gz,1
fda.inspections.history,firm:3006792789,2014-04-04,2026-09-08T14:34:16Z,inspected,1,count,fda.inspections.history,raw/fda.inspections.history/2026/09/20260908T143416Z-4b7986a411cf.json.gz,1
fda.inspections.history,firm:3006792789,2014-04-04,2026-09-08T14:34:16Z,inspection_end,20140404,yyyymmdd,fda.inspections.history,raw/fda.inspections.history/2026/09/20260908T143416Z-4b7986a411cf.json.gz,1
fda.inspections.history,firm:3006792789,2014-04-04,2026-09-08T14:34:16Z,is_foreign,0,bool,fda.inspections.history,raw/fda.inspections.history/2026/09/20260908T143416Z-4b7986a411cf.json.gz,1
fda.inspections.history,firm:3006792789,2014-04-04,2026-09-08T14:34:16Z,is_oai,0,bool,fda.inspections.history,raw/fda.inspections.history/2026/09/20260908T143416Z-4b7986a411cf.json.gz,1
fda.inspections.history,firm:3006792789,2014-04-04,2026-09-08T14:34:16Z,label,"James L. Borders, MD",,fda.inspections.history,raw/fda.inspections.history/2026/09/20260908T143416Z-4b7986a411cf.json.gz,1
fda.inspections.history,firm:3006851955,2014-04-25,2026-09-08T14:34:16Z,classification,1,ordinal,fda.inspections.history,raw/fda.inspections.history/2026/09/20260908T143416Z-4b7986a411cf.json.gz,1
fda.inspections.history,firm:3006851955,2014-04-25,2026-09-08T14:34:16Z,firm_key,TDS PHARM,,fda.inspections.history,raw/fda.inspections.history/2026/09/20260908T143416Z-4b7986a411cf.json.gz,1
fda.inspections.history,firm:3006851955,2014-04-25,2026-09-08T14:34:16Z,inspected,1,count,fda.inspections.history,raw/fda.inspections.history/2026/09/20260908T143416Z-4b7986a411cf.json.gz,1
fda.inspections.history,firm:3006851955,2014-04-25,2026-09-08T14:34:16Z,inspection_end,20140425,yyyymmdd,fda.inspections.history,raw/fda.inspections.history/2026/09/20260908T143416Z-4b7986a411cf.json.gz,1
fda.inspections.history,firm:3006851955,2014-04-25,2026-09-08T14:34:16Z,is_foreign,1,bool,fda.inspections.history,raw/fda.inspections.history/2026/09/20260908T143416Z-4b7986a411cf.json.gz,1
fda.inspections.history,firm:3006851955,2014-04-25,2026-09-08T14:34:16Z,is_oai,0,bool,fda.inspections.history,raw/fda.inspections.history/2026/09/20260908T143416Z-4b7986a411cf.json.gz,1
fda.inspections.history,firm:3006851955,2014-04-25,2026-09-08T14:34:16Z,label,"TDS Pharm. Co., Ltd.",,fda.inspections.history,raw/fda.inspections.history/2026/09/20260908T143416Z-4b7986a411cf.json.gz,1
fda.inspections.history,firm:3007009553,2014-04-03,2026-09-08T14:34:16Z,classification,0,ordinal,fda.inspections.history,raw/fda.inspections.history/2026/09/20260908T143416Z-4b7986a411cf.json.gz,1
fda.inspections.history,firm:3007009553,2014-04-03,2026-09-08T14:34:16Z,firm_key,ARMSTRONG,,fda.inspections.history,raw/fda.inspections.history/2026/09/20260908T143416Z-4b7986a411cf.json.gz,1
fda.inspections.history,firm:3007009553,2014-04-03,2026-09-08T14:34:16Z,inspected,1,count,fda.inspections.history,raw/fda.inspections.history/2026/09/20260908T143416Z-4b7986a411cf.json.gz,1
fda.inspections.history,firm:3007009553,2014-04-03,2026-09-08T14:34:16Z,inspection_end,20140403,yyyymmdd,fda.inspections.history,raw/fda.inspections.history/2026/09/20260908T143416Z-4b7986a411cf.json.gz,1
fda.inspections.history,firm:3007009553,2014-04-03,2026-09-08T14:34:16Z,is_foreign,0,bool,fda.inspections.history,raw/fda.inspections.history/2026/09/20260908T143416Z-4b7986a411cf.json.gz,1
fda.inspections.history,firm:3007009553,2014-04-03,2026-09-08T14:34:16Z,is_oai,0,bool,fda.inspections.history,raw/fda.inspections.history/2026/09/20260908T143416Z-4b7986a411cf.json.gz,1
fda.inspections.history,firm:3007009553,2014-04-03,2026-09-08T14:34:16Z,label,"Armstrong Pharmaceuticals, Inc.",,fda.inspections.history,raw/fda.inspections.history/2026/09/20260908T143416Z-4b7986a411cf.json.gz,1
fda.inspections.history,firm:3007159391,2014-04-21,2026-09-08T14:34:16Z,classification,0,ordinal,fda.inspections.history,raw/fda.inspections.history/2026/09/20260908T143416Z-4b7986a411cf.json.gz,1
fda.inspections.history,firm:3007159391,2014-04-21,2026-09-08T14:34:16Z,firm_key,MARK V DIBUONO MD,,fda.inspections.history,raw/fda.inspections.history/2026/09/20260908T143416Z-4b7986a411cf.json.gz,1
fda.inspections.history,firm:3007159391,2014-04-21,2026-09-08T14:34:16Z,inspected,1,count,fda.inspections.history,raw/fda.inspections.history/2026/09/20260908T143416Z-4b7986a411cf.json.gz,1
fda.inspections.history,firm:3007159391,2014-04-21,2026-09-08T14:34:16Z,inspection_end,20140421,yyyymmdd,fda.inspections.history,raw/fda.inspections.history/2026/09/20260908T143416Z-4b7986a411cf.json.gz,1
fda.inspections.history,firm:3007159391,2014-04-21,2026-09-08T14:34:16Z,is_foreign,0,bool,fda.inspections.history,raw/fda.inspections.history/2026/09/20260908T143416Z-4b7986a411cf.json.gz,1
fda.inspections.history,firm:3007159391,2014-04-21,2026-09-08T14:34:16Z,is_oai,0,bool,fda.inspections.history,raw/fda.inspections.history/2026/09/20260908T143416Z-4b7986a411cf.json.gz,1
fda.inspections.history,firm:3007159391,2014-04-21,2026-09-08T14:34:16Z,label,"Mark V. DiBuono, MD",,fda.inspections.history,raw/fda.inspections.history/2026/09/20260908T143416Z-4b7986a411cf.json.gz,1
fda.inspections.history,firm:3007236518,2014-04-23,2026-09-08T14:34:16Z,classification,0,ordinal,fda.inspections.history,raw/fda.inspections.history/2026/09/20260908T143416Z-4b7986a411cf.json.gz,1
fda.inspections.history,firm:3007236518,2014-04-23,2026-09-08T14:34:16Z,firm_key,RICONPHARMA,,fda.inspections.history,raw/fda.inspections.history/2026/09/20260908T143416Z-4b7986a411cf.json.gz,1
fda.inspections.history,firm:3007236518,2014-04-23,2026-09-08T14:34:16Z,inspected,1,count,fda.inspections.history,raw/fda.inspections.history/2026/09/20260908T143416Z-4b7986a411cf.json.gz,1
fda.inspections.history,firm:3007236518,2014-04-23,2026-09-08T14:34:16Z,inspection_end,20140423,yyyymmdd,fda.inspections.history,raw/fda.inspections.history/2026/09/20260908T143416Z-4b7986a411cf.json.gz,1
fda.inspections.history,firm:3007236518,2014-04-23,2026-09-08T14:34:16Z,is_foreign,0,bool,fda.inspections.history,raw/fda.inspections.history/2026/09/20260908T143416Z-4b7986a411cf.json.gz,1
fda.inspections.history,firm:3007236518,2014-04-23,2026-09-08T14:34:16Z,is_oai,0,bool,fda.inspections.history,raw/fda.inspections.history/2026/09/20260908T143416Z-4b7986a411cf.json.gz,1
fda.inspections.history,firm:3007236518,2014-04-23,2026-09-08T14:34:16Z,label,RiconPharma LLC,,fda.inspections.history,raw/fda.inspections.history/2026/09/20260908T143416Z-4b7986a411cf.json.gz,1
fda.inspections.history,firm:3007270600,2014-04-11,2026-09-08T14:34:16Z,classification,0,ordinal,fda.inspections.history,raw/fda.inspections.history/2026/09/20260908T143416Z-4b7986a411cf.json.gz,1
fda.inspections.history,firm:3007270600,2014-04-11,2026-09-08T14:34:16Z,firm_key,EUROFINS INFINITY LABORATORY,,fda.inspections.history,raw/fda.inspections.history/2026/09/20260908T143416Z-4b7986a411cf.json.gz,1
fda.inspections.history,firm:3007270600,2014-04-11,2026-09-08T14:34:16Z,inspected,1,count,fda.inspections.history,raw/fda.inspections.history/2026/09/20260908T143416Z-4b7986a411cf.json.gz,1
fda.inspections.history,firm:3007270600,2014-04-11,2026-09-08T14:34:16Z,inspection_end,20140411,yyyymmdd,fda.inspections.history,raw/fda.inspections.history/2026/09/20260908T143416Z-4b7986a411cf.json.gz,1
fda.inspections.history,firm:3007270600,2014-04-11,2026-09-08T14:34:16Z,is_foreign,0,bool,fda.inspections.history,raw/fda.inspections.history/2026/09/20260908T143416Z-4b7986a411cf.json.gz,1
fda.inspections.history,firm:3007270600,2014-04-11,2026-09-08T14:34:16Z,is_oai,0,bool,fda.inspections.history,raw/fda.inspections.history/2026/09/20260908T143416Z-4b7986a411cf.json.gz,1
fda.inspections.history,firm:3007270600,2014-04-11,2026-09-08T14:34:16Z,label,Eurofins Infinity Laboratory Group Inc.,,fda.inspections.history,raw/fda.inspections.history/2026/09/20260908T143416Z-4b7986a411cf.json.gz,1
fda.inspections.history,firm:3007376088,2014-04-25,2026-09-08T14:34:16Z,classification,0,ordinal,fda.inspections.history,raw/fda.inspections.history/2026/09/20260908T143416Z-4b7986a411cf.json.gz,1
fda.inspections.history,firm:3007376088,2014-04-25,2026-09-08T14:34:16Z,firm_key,HOMEOPATHIC SOLUTIONS,,fda.inspections.history,raw/fda.inspections.history/2026/09/20260908T143416Z-4b7986a411cf.json.gz,1
fda.inspections.history,firm:3007376088,2014-04-25,2026-09-08T14:34:16Z,inspected,1,count,fda.inspections.history,raw/fda.inspections.history/2026/09/20260908T143416Z-4b7986a411cf.json.gz,1
fda.inspections.history,firm:3007376088,2014-04-25,2026-09-08T14:34:16Z,inspection_end,20140425,yyyymmdd,fda.inspections.history,raw/fda.inspections.history/2026/09/20260908T143416Z-4b7986a411cf.json.gz,1
fda.inspections.history,firm:3007376088,2014-04-25,2026-09-08T14:34:16Z,is_foreign,0,bool,fda.inspections.history,raw/fda.inspections.history/2026/09/20260908T143416Z-4b7986a411cf.json.gz,1
fda.inspections.history,firm:3007376088,2014-04-25,2026-09-08T14:34:16Z,is_oai,0,bool,fda.inspections.history,raw/fda.inspections.history/2026/09/20260908T143416Z-4b7986a411cf.json.gz,1
fda.inspections.history,firm:3007376088,2014-04-25,2026-09-08T14:34:16Z,label,"Homeopathic Solutions, Inc.",,fda.inspections.history,raw/fda.inspections.history/2026/09/20260908T143416Z-4b7986a411cf.json.gz,1
fda.inspections.history,firm:3007388138,2014-04-04,2026-09-08T14:34:16Z,classification,0,ordinal,fda.inspections.history,raw/fda.inspections.history/2026/09/20260908T143416Z-4b7986a411cf.json.gz,1
fda.inspections.history,firm:3007388138,2014-04-04,2026-09-08T14:34:16Z,firm_key,CENEXI LABORATOIRES THISSEN,,fda.inspections.history,raw/fda.inspections.history/2026/09/20260908T143416Z-4b7986a411cf.json.gz,1
fda.inspections.history,firm:3007388138,2014-04-04,2026-09-08T14:34:16Z,inspected,1,count,fda.inspections.history,raw/fda.inspections.history/2026/09/20260908T143416Z-4b7986a411cf.json.gz,1
fda.inspections.history,firm:3007388138,2014-04-04,2026-09-08T14:34:16Z,inspection_end,20140404,yyyymmdd,fda.inspections.history,raw/fda.inspections.history/2026/09/20260908T143416Z-4b7986a411cf.json.gz,1
fda.inspections.history,firm:3007388138,2014-04-04,2026-09-08T14:34:16Z,is_foreign,1,bool,fda.inspections.history,raw/fda.inspections.history/2026/09/20260908T143416Z-4b7986a411cf.json.gz,1
fda.inspections.history,firm:3007388138,2014-04-04,2026-09-08T14:34:16Z,is_oai,0,bool,fda.inspections.history,raw/fda.inspections.history/2026/09/20260908T143416Z-4b7986a411cf.json.gz,1
fda.inspections.history,firm:3007388138,2014-04-04,2026-09-08T14:34:16Z,label,Cenexi Laboratoires Thissen SA,,fda.inspections.history,raw/fda.inspections.history/2026/09/20260908T143416Z-4b7986a411cf.json.gz,1
fda.inspections.history,firm:3007498452,2014-04-25,2026-09-08T14:34:16Z,classification,1,ordinal,fda.inspections.history,raw/fda.inspections.history/2026/09/20260908T143416Z-4b7986a411cf.json.gz,1
fda.inspections.history,firm:3007498452,2014-04-25,2026-09-08T14:34:16Z,firm_key,HANGZHOU MINSHENG BINJIANG,,fda.inspections.history,raw/fda.inspections.history/2026/09/20260908T143416Z-4b7986a411cf.json.gz,1
fda.inspections.history,firm:3007498452,2014-04-25,2026-09-08T14:34:16Z,inspected,1,count,fda.inspections.history,raw/fda.inspections.history/2026/09/20260908T143416Z-4b7986a411cf.json.gz,1
fda.inspections.history,firm:3007498452,2014-04-25,2026-09-08T14:34:16Z,inspection_end,20140425,yyyymmdd,fda.inspections.history,raw/fda.inspections.history/2026/09/20260908T143416Z-4b7986a411cf.json.gz,1
fda.inspections.history,firm:3007498452,2014-04-25,2026-09-08T14:34:16Z,is_foreign,1,bool,fda.inspections.history,raw/fda.inspections.history/2026/09/20260908T143416Z-4b7986a411cf.json.gz,1
fda.inspections.history,firm:3007498452,2014-04-25,2026-09-08T14:34:16Z,is_oai,0,bool,fda.inspections.history,raw/fda.inspections.history/2026/09/20260908T143416Z-4b7986a411cf.json.gz,1
fda.inspections.history,firm:3007498452,2014-04-25,2026-09-08T14:34:16Z,label,"Hangzhou Minsheng Binjiang Pharmaceutical Co., Ltd.",,fda.inspections.history,raw/fda.inspections.history/2026/09/20260908T143416Z-4b7986a411cf.json.gz,1
fda.inspections.history,firm:3007518003,2014-04-11,2026-09-08T14:34:16Z,classification,0,ordinal,fda.inspections.history,raw/fda.inspections.history/2026/09/20260908T143416Z-4b7986a411cf.json.gz,1
fda.inspections.history,firm:3007518003,2014-04-11,2026-09-08T14:34:16Z,firm_key,THOMAS M SHIOVITZ M D,,fda.inspections.history,raw/fda.inspections.history/2026/09/20260908T143416Z-4b7986a411cf.json.gz,1
fda.inspections.history,firm:3007518003,2014-04-11,2026-09-08T14:34:16Z,inspected,1,count,fda.inspections.history,raw/fda.inspections.history/2026/09/20260908T143416Z-4b7986a411cf.json.gz,1
fda.inspections.history,firm:3007518003,2014-04-11,2026-09-08T14:34:16Z,inspection_end,20140411,yyyymmdd,fda.inspections.history,raw/fda.inspections.history/2026/09/20260908T143416Z-4b7986a411cf.json.gz,1
fda.inspections.history,firm:3007518003,2014-04-11,2026-09-08T14:34:16Z,is_foreign,0,bool,fda.inspections.history,raw/fda.inspections.history/2026/09/20260908T143416Z-4b7986a411cf.json.gz,1
fda.inspections.history,firm:3007518003,2014-04-11,2026-09-08T14:34:16Z,is_oai,0,bool,fda.inspections.history,raw/fda.inspections.history/2026/09/20260908T143416Z-4b7986a411cf.json.gz,1
fda.inspections.history,firm:3007518003,2014-04-11,2026-09-08T14:34:16Z,label,"Thomas M. Shiovitz, M.D.",,fda.inspections.history,raw/fda.inspections.history/2026/09/20260908T143416Z-4b7986a411cf.json.gz,1
fda.inspections.history,firm:3007521023,2014-04-25,2026-09-08T14:34:16Z,classification,0,ordinal,fda.inspections.history,raw/fda.inspections.history/2026/09/20260908T143416Z-4b7986a411cf.json.gz,1
fda.inspections.history,firm:3007521023,2014-04-25,2026-09-08T14:34:16Z,firm_key,PHOENIX MEDICAL RESEARCH,,fda.inspections.history,raw/fda.inspections.history/2026/09/20260908T143416Z-4b7986a411cf.json.gz,1
fda.inspections.history,firm:3007521023,2014-04-25,2026-09-08T14:34:16Z,inspected,1,count,fda.inspections.history,raw/fda.inspections.history/2026/09/20260908T143416Z-4b7986a411cf.json.gz,1
fda.inspections.history,firm:3007521023,2014-04-25,2026-09-08T14:34:16Z,inspection_end,20140425,yyyymmdd,fda.inspections.history,raw/fda.inspections.history/2026/09/20260908T143416Z-4b7986a411cf.json.gz,1
fda.inspections.history,firm:3007521023,2014-04-25,2026-09-08T14:34:16Z,is_foreign,0,bool,fda.inspections.history,raw/fda.inspections.history/2026/09/20260908T143416Z-4b7986a411cf.json.gz,1
fda.inspections.history,firm:3007521023,2014-04-25,2026-09-08T14:34:16Z,is_oai,0,bool,fda.inspections.history,raw/fda.inspections.history/2026/09/20260908T143416Z-4b7986a411cf.json.gz,1
fda.inspections.history,firm:3007521023,2014-04-25,2026-09-08T14:34:16Z,label,"Phoenix Medical Research, Inc.",,fda.inspections.history,raw/fda.inspections.history/2026/09/20260908T143416Z-4b7986a411cf.json.gz,1
fda.inspections.history,firm:3007574798,2014-04-30,2026-09-08T14:34:16Z,classification,0,ordinal,fda.inspections.history,raw/fda.inspections.history/2026/09/20260908T143416Z-4b7986a411cf.json.gz,1
fda.inspections.history,firm:3007574798,2014-04-30,2026-09-08T14:34:16Z,firm_key,HUADONG MEDICINE,,fda.inspections.history,raw/fda.inspections.history/2026/09/20260908T143416Z-4b7986a411cf.json.gz,1
fda.inspections.history,firm:3007574798,2014-04-30,2026-09-08T14:34:16Z,inspected,1,count,fda.inspections.history,raw/fda.inspections.history/2026/09/20260908T143416Z-4b7986a411cf.json.gz,1
fda.inspections.history,firm:3007574798,2014-04-30,2026-09-08T14:34:16Z,inspection_end,20140430,yyyymmdd,fda.inspections.history,raw/fda.inspections.history/2026/09/20260908T143416Z-4b7986a411cf.json.gz,1
fda.inspections.history,firm:3007574798,2014-04-30,2026-09-08T14:34:16Z,is_foreign,1,bool,fda.inspections.history,raw/fda.inspections.history/2026/09/20260908T143416Z-4b7986a411cf.json.gz,1
fda.inspections.history,firm:3007574798,2014-04-30,2026-09-08T14:34:16Z,is_oai,0,bool,fda.inspections.history,raw/fda.inspections.history/2026/09/20260908T143416Z-4b7986a411cf.json.gz,1
fda.inspections.history,firm:3007574798,2014-04-30,2026-09-08T14:34:16Z,label,"Huadong Medicine Co., Ltd.",,fda.inspections.history,raw/fda.inspections.history/2026/09/20260908T143416Z-4b7986a411cf.json.gz,1
fda.inspections.history,firm:3007783546,2014-04-24,2026-09-08T14:34:16Z,classification,1,ordinal,fda.inspections.history,raw/fda.inspections.history/2026/09/20260908T143416Z-4b7986a411cf.json.gz,1
fda.inspections.history,firm:3007783546,2014-04-24,2026-09-08T14:34:16Z,firm_key,HUATAI BIOPHARM,,fda.inspections.history,raw/fda.inspections.history/2026/09/20260908T143416Z-4b7986a411cf.json.gz,1
fda.inspections.history,firm:3007783546,2014-04-24,2026-09-08T14:34:16Z,inspected,1,count,fda.inspections.history,raw/fda.inspections.history/2026/09/20260908T143416Z-4b7986a411cf.json.gz,1
fda.inspections.history,firm:3007783546,2014-04-24,2026-09-08T14:34:16Z,inspection_end,20140424,yyyymmdd,fda.inspections.history,raw/fda.inspections.history/2026/09/20260908T143416Z-4b7986a411cf.json.gz,1
fda.inspections.history,firm:3007783546,2014-04-24,2026-09-08T14:34:16Z,is_foreign,1,bool,fda.inspections.history,raw/fda.inspections.history/2026/09/20260908T143416Z-4b7986a411cf.json.gz,1
fda.inspections.history,firm:3007783546,2014-04-24,2026-09-08T14:34:16Z,is_oai,0,bool,fda.inspections.history,raw/fda.inspections.history/2026/09/20260908T143416Z-4b7986a411cf.json.gz,1
fda.inspections.history,firm:3007783546,2014-04-24,2026-09-08T14:34:16Z,label,Huatai Biopharm Inc.,,fda.inspections.history,raw/fda.inspections.history/2026/09/20260908T143416Z-4b7986a411cf.json.gz,1
fda.inspections.history,firm:3008062657,2014-04-14,2026-09-08T14:34:16Z,classification,1,ordinal,fda.inspections.history,raw/fda.inspections.history/2026/09/20260908T143416Z-4b7986a411cf.json.gz,1
fda.inspections.history,firm:3008062657,2014-04-14,2026-09-08T14:34:16Z,firm_key,AXCENTRIA,,fda.inspections.history,raw/fda.inspections.history/2026/09/20260908T143416Z-4b7986a411cf.json.gz,1
fda.inspections.history,firm:3008062657,2014-04-14,2026-09-08T14:34:16Z,inspected,1,count,fda.inspections.history,raw/fda.inspections.history/2026/09/20260908T143416Z-4b7986a411cf.json.gz,1
fda.inspections.history,firm:3008062657,2014-04-14,2026-09-08T14:34:16Z,inspection_end,20140414,yyyymmdd,fda.inspections.history,raw/fda.inspections.history/2026/09/20260908T143416Z-4b7986a411cf.json.gz,1
fda.inspections.history,firm:3008062657,2014-04-14,2026-09-08T14:34:16Z,is_foreign,0,bool,fda.inspections.history,raw/fda.inspections.history/2026/09/20260908T143416Z-4b7986a411cf.json.gz,1
fda.inspections.history,firm:3008062657,2014-04-14,2026-09-08T14:34:16Z,is_oai,0,bool,fda.inspections.history,raw/fda.inspections.history/2026/09/20260908T143416Z-4b7986a411cf.json.gz,1
fda.inspections.history,firm:3008062657,2014-04-14,2026-09-08T14:34:16Z,label,Axcentria Pharmaceuticals LLC,,fda.inspections.history,raw/fda.inspections.history/2026/09/20260908T143416Z-4b7986a411cf.json.gz,1
fda.inspections.history,firm:3008213711,2014-04-08,2026-09-08T14:34:16Z,classification,2,ordinal,fda.inspections.history,raw/fda.inspections.history/2026/09/20260908T143416Z-4b7986a411cf.json.gz,1
fda.inspections.history,firm:3008213711,2014-04-08,2026-09-08T14:34:16Z,firm_key,PHARMAKON,,fda.inspections.history,raw/fda.inspections.history/2026/09/20260908T143416Z-4b7986a411cf.json.gz,1
fda.inspections.history,firm:3008213711,2014-04-08,2026-09-08T14:34:16Z,inspected,1,count,fda.inspections.history,raw/fda.inspections.history/2026/09/20260908T143416Z-4b7986a411cf.json.gz,1
fda.inspections.history,firm:3008213711,2014-04-08,2026-09-08T14:34:16Z,inspection_end,20140408,yyyymmdd,fda.inspections.history,raw/fda.inspections.history/2026/09/20260908T143416Z-4b7986a411cf.json.gz,1
fda.inspections.history,firm:3008213711,2014-04-08,2026-09-08T14:34:16Z,is_foreign,0,bool,fda.inspections.history,raw/fda.inspections.history/2026/09/20260908T143416Z-4b7986a411cf.json.gz,1
fda.inspections.history,firm:3008213711,2014-04-08,2026-09-08T14:34:16Z,is_oai,1,bool,fda.inspections.history,raw/fda.inspections.history/2026/09/20260908T143416Z-4b7986a411cf.json.gz,1
fda.inspections.history,firm:3008213711,2014-04-08,2026-09-08T14:34:16Z,label,"Pharmakon Pharmaceuticals, Inc.",,fda.inspections.history,raw/fda.inspections.history/2026/09/20260908T143416Z-4b7986a411cf.json.gz,1
fda.inspections.history,firm:3008219043,2014-04-02,2026-09-08T14:34:16Z,classification,0,ordinal,fda.inspections.history,raw/fda.inspections.history/2026/09/20260908T143416Z-4b7986a411cf.json.gz,1
fda.inspections.history,firm:3008219043,2014-04-02,2026-09-08T14:34:16Z,firm_key,ALMAC SCIENCES IRELAND,,fda.inspections.history,raw/fda.inspections.history/2026/09/20260908T143416Z-4b7986a411cf.json.gz,1
fda.inspections.history,firm:3008219043,2014-04-02,2026-09-08T14:34:16Z,inspected,1,count,fda.inspections.history,raw/fda.inspections.history/2026/09/20260908T143416Z-4b7986a411cf.json.gz,1
fda.inspections.history,firm:3008219043,2014-04-02,2026-09-08T14:34:16Z,inspection_end,20140402,yyyymmdd,fda.inspections.history,raw/fda.inspections.history/2026/09/20260908T143416Z-4b7986a411cf.json.gz,1
fda.inspections.history,firm:3008219043,2014-04-02,2026-09-08T14:34:16Z,is_foreign,1,bool,fda.inspections.history,raw/fda.inspections.history/2026/09/20260908T143416Z-4b7986a411cf.json.gz,1
fda.inspections.history,firm:3008219043,2014-04-02,2026-09-08T14:34:16Z,is_oai,0,bool,fda.inspections.history,raw/fda.inspections.history/2026/09/20260908T143416Z-4b7986a411cf.json.gz,1
fda.inspections.history,firm:3008219043,2014-04-02,2026-09-08T14:34:16Z,label,ALMAC SCIENCES (IRELAND) LIMITED,,fda.inspections.history,raw/fda.inspections.history/2026/09/20260908T143416Z-4b7986a411cf.json.gz,1
fda.inspections.history,firm:3008231170,2014-04-23,2026-09-08T14:34:16Z,classification,2,ordinal,fda.inspections.history,raw/fda.inspections.history/2026/09/20260908T143416Z-4b7986a411cf.json.gz,1
fda.inspections.history,firm:3008231170,2014-04-23,2026-09-08T14:34:16Z,firm_key,INFUSION OPTIONS,,fda.inspections.history,raw/fda.inspections.history/2026/09/20260908T143416Z-4b7986a411cf.json.gz,1
fda.inspections.history,firm:3008231170,2014-04-23,2026-09-08T14:34:16Z,inspected,1,count,fda.inspections.history,raw/fda.inspections.history/2026/09/20260908T143416Z-4b7986a411cf.json.gz,1
fda.inspections.history,firm:3008231170,2014-04-23,2026-09-08T14:34:16Z,inspection_end,20140423,yyyymmdd,fda.inspections.history,raw/fda.inspections.history/2026/09/20260908T143416Z-4b7986a411cf.json.gz,1
fda.inspections.history,firm:3008231170,2014-04-23,2026-09-08T14:34:16Z,is_foreign,0,bool,fda.inspections.history,raw/fda.inspections.history/2026/09/20260908T143416Z-4b7986a411cf.json.gz,1
fda.inspections.history,firm:3008231170,2014-04-23,2026-09-08T14:34:16Z,is_oai,1,bool,fda.inspections.history,raw/fda.inspections.history/2026/09/20260908T143416Z-4b7986a411cf.json.gz,1
fda.inspections.history,firm:3008231170,2014-04-23,2026-09-08T14:34:16Z,label,"Infusion Options, Inc.",,fda.inspections.history,raw/fda.inspections.history/2026/09/20260908T143416Z-4b7986a411cf.json.gz,1
fda.inspections.history,firm:3008245746,2014-04-30,2026-09-08T14:34:16Z,classification,1,ordinal,fda.inspections.history,raw/fda.inspections.history/2026/09/20260908T143416Z-4b7986a411cf.json.gz,1
fda.inspections.history,firm:3008245746,2014-04-30,2026-09-08T14:34:16Z,firm_key,JIANGSU WEIQIDA,,fda.inspections.history,raw/fda.inspections.history/2026/09/20260908T143416Z-4b7986a411cf.json.gz,1
fda.inspections.history,firm:3008245746,2014-04-30,2026-09-08T14:34:16Z,inspected,1,count,fda.inspections.history,raw/fda.inspections.history/2026/09/20260908T143416Z-4b7986a411cf.json.gz,1
fda.inspections.history,firm:3008245746,2014-04-30,2026-09-08T14:34:16Z,inspection_end,20140430,yyyymmdd,fda.inspections.history,raw/fda.inspections.history/2026/09/20260908T143416Z-4b7986a411cf.json.gz,1
fda.inspections.history,firm:3008245746,2014-04-30,2026-09-08T14:34:16Z,is_foreign,1,bool,fda.inspections.history,raw/fda.inspections.history/2026/09/20260908T143416Z-4b7986a411cf.json.gz,1
fda.inspections.history,firm:3008245746,2014-04-30,2026-09-08T14:34:16Z,is_oai,0,bool,fda.inspections.history,raw/fda.inspections.history/2026/09/20260908T143416Z-4b7986a411cf.json.gz,1
fda.inspections.history,firm:3008245746,2014-04-30,2026-09-08T14:34:16Z,label,"Jiangsu Weiqida Pharmaceutical Co., Ltd.",,fda.inspections.history,raw/fda.inspections.history/2026/09/20260908T143416Z-4b7986a411cf.json.gz,1
fda.inspections.history,firm:3008319282,2014-04-25,2026-09-08T14:34:16Z,classification,1,ordinal,fda.inspections.history,raw/fda.inspections.history/2026/09/20260908T143416Z-4b7986a411cf.json.gz,1
fda.inspections.history,firm:3008319282,2014-04-25,2026-09-08T14:34:16Z,firm_key,RENE CASANOVA M D,,fda.inspections.history,raw/fda.inspections.history/2026/09/20260908T143416Z-4b7986a411cf.json.gz,1
fda.inspections.history,firm:3008319282,2014-04-25,2026-09-08T14:34:16Z,inspected,1,count,fda.inspections.history,raw/fda.inspections.history/2026/09/20260908T143416Z-4b7986a411cf.json.gz,1
fda.inspections.history,firm:3008319282,2014-04-25,2026-09-08T14:34:16Z,inspection_end,20140425,yyyymmdd,fda.inspections.history,raw/fda.inspections.history/2026/09/20260908T143416Z-4b7986a411cf.json.gz,1
fda.inspections.history,firm:3008319282,2014-04-25,2026-09-08T14:34:16Z,is_foreign,0,bool,fda.inspections.history,raw/fda.inspections.history/2026/09/20260908T143416Z-4b7986a411cf.json.gz,1
fda.inspections.history,firm:3008319282,2014-04-25,2026-09-08T14:34:16Z,is_oai,0,bool,fda.inspections.history,raw/fda.inspections.history/2026/09/20260908T143416Z-4b7986a411cf.json.gz,1
fda.inspections.history,firm:3008319282,2014-04-25,2026-09-08T14:34:16Z,label,"Rene Casanova, M.D.",,fda.inspections.history,raw/fda.inspections.history/2026/09/20260908T143416Z-4b7986a411cf.json.gz,1
fda.inspections.history,firm:3008481334,2014-04-11,2026-09-08T14:34:16Z,classification,1,ordinal,fda.inspections.history,raw/fda.inspections.history/2026/09/20260908T143416Z-4b7986a411cf.json.gz,1
fda.inspections.history,firm:3008481334,2014-04-11,2026-09-08T14:34:16Z,firm_key,HISUN HANGZHOU,,fda.inspections.history,raw/fda.inspections.history/2026/09/20260908T143416Z-4b7986a411cf.json.gz,1
fda.inspections.history,firm:3008481334,2014-04-11,2026-09-08T14:34:16Z,inspected,1,count,fda.inspections.history,raw/fda.inspections.history/2026/09/20260908T143416Z-4b7986a411cf.json.gz,1
fda.inspections.history,firm:3008481334,2014-04-11,2026-09-08T14:34:16Z,inspection_end,20140411,yyyymmdd,fda.inspections.history,raw/fda.inspections.history/2026/09/20260908T143416Z-4b7986a411cf.json.gz,1
fda.inspections.history,firm:3008481334,2014-04-11,2026-09-08T14:34:16Z,is_foreign,1,bool,fda.inspections.history,raw/fda.inspections.history/2026/09/20260908T143416Z-4b7986a411cf.json.gz,1
fda.inspections.history,firm:3008481334,2014-04-11,2026-09-08T14:34:16Z,is_oai,0,bool,fda.inspections.history,raw/fda.inspections.history/2026/09/20260908T143416Z-4b7986a411cf.json.gz,1
fda.inspections.history,firm:3008481334,2014-04-11,2026-09-08T14:34:16Z,label,"Hisun Pharmaceutical Hangzhou Co., Ltd",,fda.inspections.history,raw/fda.inspections.history/2026/09/20260908T143416Z-4b7986a411cf.json.gz,1
fda.inspections.history,firm:3008534892,2014-04-29,2026-09-08T14:34:16Z,classification,1,ordinal,fda.inspections.history,raw/fda.inspections.history/2026/09/20260908T143416Z-4b7986a411cf.json.gz,1
fda.inspections.history,firm:3008534892,2014-04-29,2026-09-08T14:34:16Z,firm_key,R A MCNEIL,,fda.inspections.history,raw/fda.inspections.history/2026/09/20260908T143416Z-4b7986a411cf.json.gz,1
fda.inspections.history,firm:3008534892,2014-04-29,2026-09-08T14:34:16Z,inspected,1,count,fda.inspections.history,raw/fda.inspections.history/2026/09/20260908T143416Z-4b7986a411cf.json.gz,1
fda.inspections.history,firm:3008534892,2014-04-29,2026-09-08T14:34:16Z,inspection_end,20140429,yyyymmdd,fda.inspections.history,raw/fda.inspections.history/2026/09/20260908T143416Z-4b7986a411cf.json.gz,1
fda.inspections.history,firm:3008534892,2014-04-29,2026-09-08T14:34:16Z,is_foreign,0,bool,fda.inspections.history,raw/fda.inspections.history/2026/09/20260908T143416Z-4b7986a411cf.json.gz,1
fda.inspections.history,firm:3008534892,2014-04-29,2026-09-08T14:34:16Z,is_oai,0,bool,fda.inspections.history,raw/fda.inspections.history/2026/09/20260908T143416Z-4b7986a411cf.json.gz,1
fda.inspections.history,firm:3008534892,2014-04-29,2026-09-08T14:34:16Z,label,R.A. McNeil Company,,fda.inspections.history,raw/fda.inspections.history/2026/09/20260908T143416Z-4b7986a411cf.json.gz,1
fda.inspections.history,firm:3008580332,2014-04-04,2026-09-08T14:34:16Z,classification,0,ordinal,fda.inspections.history,raw/fda.inspections.history/2026/09/20260908T143416Z-4b7986a411cf.json.gz,1
fda.inspections.history,firm:3008580332,2014-04-04,2026-09-08T14:34:16Z,firm_key,EUROFINS INFINITY LABORATORY,,fda.inspections.history,raw/fda.inspections.history/2026/09/20260908T143416Z-4b7986a411cf.json.gz,1
fda.inspections.history,firm:3008580332,2014-04-04,2026-09-08T14:34:16Z,inspected,1,count,fda.inspections.history,raw/fda.inspections.history/2026/09/20260908T143416Z-4b7986a411cf.json.gz,1
fda.inspections.history,firm:3008580332,2014-04-04,2026-09-08T14:34:16Z,inspection_end,20140404,yyyymmdd,fda.inspections.history,raw/fda.inspections.history/2026/09/20260908T143416Z-4b7986a411cf.json.gz,1
fda.inspections.history,firm:3008580332,2014-04-04,2026-09-08T14:34:16Z,is_foreign,0,bool,fda.inspections.history,raw/fda.inspections.history/2026/09/20260908T143416Z-4b7986a411cf.json.gz,1
fda.inspections.history,firm:3008580332,2014-04-04,2026-09-08T14:34:16Z,is_oai,0,bool,fda.inspections.history,raw/fda.inspections.history/2026/09/20260908T143416Z-4b7986a411cf.json.gz,1
fda.inspections.history,firm:3008580332,2014-04-04,2026-09-08T14:34:16Z,label,"Eurofins Infinity Laboratory Group,Inc.",,fda.inspections.history,raw/fda.inspections.history/2026/09/20260908T143416Z-4b7986a411cf.json.gz,1
fda.inspections.history,firm:3008743025,2014-04-16,2026-09-08T14:34:16Z,classification,1,ordinal,fda.inspections.history,raw/fda.inspections.history/2026/09/20260908T143416Z-4b7986a411cf.json.gz,1
fda.inspections.history,firm:3008743025,2014-04-16,2026-09-08T14:34:16Z,firm_key,DAVID P WALLING PH D,,fda.inspections.history,raw/fda.inspections.history/2026/09/20260908T143416Z-4b7986a411cf.json.gz,1
fda.inspections.history,firm:3008743025,2014-04-16,2026-09-08T14:34:16Z,inspected,1,count,fda.inspections.history,raw/fda.inspections.history/2026/09/20260908T143416Z-4b7986a411cf.json.gz,1
fda.inspections.history,firm:3008743025,2014-04-16,2026-09-08T14:34:16Z,inspection_end,20140416,yyyymmdd,fda.inspections.history,raw/fda.inspections.history/2026/09/20260908T143416Z-4b7986a411cf.json.gz,1
fda.inspections.history,firm:3008743025,2014-04-16,2026-09-08T14:34:16Z,is_foreign,0,bool,fda.inspections.history,raw/fda.inspections.history/2026/09/20260908T143416Z-4b7986a411cf.json.gz,1
fda.inspections.history,firm:3008743025,2014-04-16,2026-09-08T14:34:16Z,is_oai,0,bool,fda.inspections.history,raw/fda.inspections.history/2026/09/20260908T143416Z-4b7986a411cf.json.gz,1
fda.inspections.history,firm:3008743025,2014-04-16,2026-09-08T14:34:16Z,label,"David P. Walling, Ph.D.",,fda.inspections.history,raw/fda.inspections.history/2026/09/20260908T143416Z-4b7986a411cf.json.gz,1
fda.inspections.history,firm:3008763840,2014-04-30,2026-09-08T14:34:16Z,classification,0,ordinal,fda.inspections.history,raw/fda.inspections.history/2026/09/20260908T143416Z-4b7986a411cf.json.gz,1
fda.inspections.history,firm:3008763840,2014-04-30,2026-09-08T14:34:16Z,firm_key,SITEC,,fda.inspections.history,raw/fda.inspections.history/2026/09/20260908T143416Z-4b7986a411cf.json.gz,1
fda.inspections.history,firm:3008763840,2014-04-30,2026-09-08T14:34:16Z,inspected,1,count,fda.inspections.history,raw/fda.inspections.history/2026/09/20260908T143416Z-4b7986a411cf.json.gz,1
fda.inspections.history,firm:3008763840,2014-04-30,2026-09-08T14:34:16Z,inspection_end,20140430,yyyymmdd,fda.inspections.history,raw/fda.inspections.history/2026/09/20260908T143416Z-4b7986a411cf.json.gz,1
fda.inspections.history,firm:3008763840,2014-04-30,2026-09-08T14:34:16Z,is_foreign,1,bool,fda.inspections.history,raw/fda.inspections.history/2026/09/20260908T143416Z-4b7986a411cf.json.gz,1
fda.inspections.history,firm:3008763840,2014-04-30,2026-09-08T14:34:16Z,is_oai,0,bool,fda.inspections.history,raw/fda.inspections.history/2026/09/20260908T143416Z-4b7986a411cf.json.gz,1
fda.inspections.history,firm:3008763840,2014-04-30,2026-09-08T14:34:16Z,label,Sitec Labs Limited,,fda.inspections.history,raw/fda.inspections.history/2026/09/20260908T143416Z-4b7986a411cf.json.gz,1
fda.inspections.history,firm:3008771491,2014-04-11,2026-09-08T14:34:16Z,classification,0,ordinal,fda.inspections.history,raw/fda.inspections.history/2026/09/20260908T143416Z-4b7986a411cf.json.gz,1
fda.inspections.history,firm:3008771491,2014-04-11,2026-09-08T14:34:16Z,firm_key,BEIJING WANHUI DOUBLE CRANE,,fda.inspections.history,raw/fda.inspections.history/2026/09/20260908T143416Z-4b7986a411cf.json.gz,1
fda.inspections.history,firm:3008771491,2014-04-11,2026-09-08T14:34:16Z,inspected,1,count,fda.inspections.history,raw/fda.inspections.history/2026/09/20260908T143416Z-4b7986a411cf.json.gz,1
fda.inspections.history,firm:3008771491,2014-04-11,2026-09-08T14:34:16Z,inspection_end,20140411,yyyymmdd,fda.inspections.history,raw/fda.inspections.history/2026/09/20260908T143416Z-4b7986a411cf.json.gz,1
fda.inspections.history,firm:3008771491,2014-04-11,2026-09-08T14:34:16Z,is_foreign,1,bool,fda.inspections.history,raw/fda.inspections.history/2026/09/20260908T143416Z-4b7986a411cf.json.gz,1
fda.inspections.history,firm:3008771491,2014-04-11,2026-09-08T14:34:16Z,is_oai,0,bool,fda.inspections.history,raw/fda.inspections.history/2026/09/20260908T143416Z-4b7986a411cf.json.gz,1
fda.inspections.history,firm:3008771491,2014-04-11,2026-09-08T14:34:16Z,label,Beijing Wanhui Double-Crane Pharmaceutical Co Ltd,,fda.inspections.history,raw/fda.inspections.history/2026/09/20260908T143416Z-4b7986a411cf.json.gz,1
fda.inspections.history,firm:3008865369,2014-04-04,2026-09-08T14:34:16Z,classification,1,ordinal,fda.inspections.history,raw/fda.inspections.history/2026/09/20260908T143416Z-4b7986a411cf.json.gz,1
fda.inspections.history,firm:3008865369,2014-04-04,2026-09-08T14:34:16Z,firm_key,ANDREI R SHUSTOV M D,,fda.inspections.history,raw/fda.inspections.history/2026/09/20260908T143416Z-4b7986a411cf.json.gz,1
fda.inspections.history,firm:3008865369,2014-04-04,2026-09-08T14:34:16Z,inspected,1,count,fda.inspections.history,raw/fda.inspections.history/2026/09/20260908T143416Z-4b7986a411cf.json.gz,1
fda.inspections.history,firm:3008865369,2014-04-04,2026-09-08T14:34:16Z,inspection_end,20140404,yyyymmdd,fda.inspections.history,raw/fda.inspections.history/2026/09/20260908T143416Z-4b7986a411cf.json.gz,1
fda.inspections.history,firm:3008865369,2014-04-04,2026-09-08T14:34:16Z,is_foreign,0,bool,fda.inspections.history,raw/fda.inspections.history/2026/09/20260908T143416Z-4b7986a411cf.json.gz,1
fda.inspections.history,firm:3008865369,2014-04-04,2026-09-08T14:34:16Z,is_oai,0,bool,fda.inspections.history,raw/fda.inspections.history/2026/09/20260908T143416Z-4b7986a411cf.json.gz,1
fda.inspections.history,firm:3008865369,2014-04-04,2026-09-08T14:34:16Z,label,"Andrei R. Shustov, M.D.",,fda.inspections.history,raw/fda.inspections.history/2026/09/20260908T143416Z-4b7986a411cf.json.gz,1
fda.inspections.history,firm:3008887707,2014-04-04,2026-09-08T14:34:16Z,classification,0,ordinal,fda.inspections.history,raw/fda.inspections.history/2026/09/20260908T143416Z-4b7986a411cf.json.gz,1
fda.inspections.history,firm:3008887707,2014-04-04,2026-09-08T14:34:16Z,firm_key,FRESENIUS KABI USA,,fda.inspections.history,raw/fda.inspections.history/2026/09/20260908T143416Z-4b7986a411cf.json.gz,1
fda.inspections.history,firm:3008887707,2014-04-04,2026-09-08T14:34:16Z,inspected,1,count,fda.inspections.history,raw/fda.inspections.history/2026/09/20260908T143416Z-4b7986a411cf.json.gz,1
fda.inspections.history,firm:3008887707,2014-04-04,2026-09-08T14:34:16Z,inspection_end,20140404,yyyymmdd,fda.inspections.history,raw/fda.inspections.history/2026/09/20260908T143416Z-4b7986a411cf.json.gz,1
fda.inspections.history,firm:3008887707,2014-04-04,2026-09-08T14:34:16Z,is_foreign,0,bool,fda.inspections.history,raw/fda.inspections.history/2026/09/20260908T143416Z-4b7986a411cf.json.gz,1
fda.inspections.history,firm:3008887707,2014-04-04,2026-09-08T14:34:16Z,is_oai,0,bool,fda.inspections.history,raw/fda.inspections.history/2026/09/20260908T143416Z-4b7986a411cf.json.gz,1
fda.inspections.history,firm:3008887707,2014-04-04,2026-09-08T14:34:16Z,label,"Fresenius Kabi USA, LLC",,fda.inspections.history,raw/fda.inspections.history/2026/09/20260908T143416Z-4b7986a411cf.json.gz,1
fda.inspections.history,firm:3008889778,2014-04-22,2026-09-08T14:34:16Z,classification,0,ordinal,fda.inspections.history,raw/fda.inspections.history/2026/09/20260908T143416Z-4b7986a411cf.json.gz,1
fda.inspections.history,firm:3008889778,2014-04-22,2026-09-08T14:34:16Z,firm_key,ACTIVE CREATIONS,,fda.inspections.history,raw/fda.inspections.history/2026/09/20260908T143416Z-4b7986a411cf.json.gz,1
fda.inspections.history,firm:3008889778,2014-04-22,2026-09-08T14:34:16Z,inspected,1,count,fda.inspections.history,raw/fda.inspections.history/2026/09/20260908T143416Z-4b7986a411cf.json.gz,1
fda.inspections.history,firm:3008889778,2014-04-22,2026-09-08T14:34:16Z,inspection_end,20140422,yyyymmdd,fda.inspections.history,raw/fda.inspections.history/2026/09/20260908T143416Z-4b7986a411cf.json.gz,1
fda.inspections.history,firm:3008889778,2014-04-22,2026-09-08T14:34:16Z,is_foreign,0,bool,fda.inspections.history,raw/fda.inspections.history/2026/09/20260908T143416Z-4b7986a411cf.json.gz,1
fda.inspections.history,firm:3008889778,2014-04-22,2026-09-08T14:34:16Z,is_oai,0,bool,fda.inspections.history,raw/fda.inspections.history/2026/09/20260908T143416Z-4b7986a411cf.json.gz,1
fda.inspections.history,firm:3008889778,2014-04-22,2026-09-08T14:34:16Z,label,Active Creations LLC,,fda.inspections.history,raw/fda.inspections.history/2026/09/20260908T143416Z-4b7986a411cf.json.gz,1
fda.inspections.history,firm:3009081543,2014-04-28,2026-09-08T14:34:16Z,classification,0,ordinal,fda.inspections.history,raw/fda.inspections.history/2026/09/20260908T143416Z-4b7986a411cf.json.gz,1
fda.inspections.history,firm:3009081543,2014-04-28,2026-09-08T14:34:16Z,firm_key,CELGENE,,fda.inspections.history,raw/fda.inspections.history/2026/09/20260908T143416Z-4b7986a411cf.json.gz,1
fda.inspections.history,firm:3009081543,2014-04-28,2026-09-08T14:34:16Z,inspected,1,count,fda.inspections.history,raw/fda.inspections.history/2026/09/20260908T143416Z-4b7986a411cf.json.gz,1
fda.inspections.history,firm:3009081543,2014-04-28,2026-09-08T14:34:16Z,inspection_end,20140428,yyyymmdd,fda.inspections.history,raw/fda.inspections.history/2026/09/20260908T143416Z-4b7986a411cf.json.gz,1
fda.inspections.history,firm:3009081543,2014-04-28,2026-09-08T14:34:16Z,is_foreign,0,bool,fda.inspections.history,raw/fda.inspections.history/2026/09/20260908T143416Z-4b7986a411cf.json.gz,1
fda.inspections.history,firm:3009081543,2014-04-28,2026-09-08T14:34:16Z,is_oai,0,bool,fda.inspections.history,raw/fda.inspections.history/2026/09/20260908T143416Z-4b7986a411cf.json.gz,1
fda.inspections.history,firm:3009081543,2014-04-28,2026-09-08T14:34:16Z,label,Celgene Corporation,,fda.inspections.history,raw/fda.inspections.history/2026/09/20260908T143416Z-4b7986a411cf.json.gz,1
fda.inspections.history,firm:3009238374,2014-04-17,2026-09-08T14:34:16Z,classification,0,ordinal,fda.inspections.history,raw/fda.inspections.history/2026/09/20260908T143416Z-4b7986a411cf.json.gz,1
fda.inspections.history,firm:3009238374,2014-04-17,2026-09-08T14:34:16Z,firm_key,ONCOTEC PRODUKTION,,fda.inspections.history,raw/fda.inspections.history/2026/09/20260908T143416Z-4b7986a411cf.json.gz,1
fda.inspections.history,firm:3009238374,2014-04-17,2026-09-08T14:34:16Z,inspected,1,count,fda.inspections.history,raw/fda.inspections.history/2026/09/20260908T143416Z-4b7986a411cf.json.gz,1
fda.inspections.history,firm:3009238374,2014-04-17,2026-09-08T14:34:16Z,inspection_end,20140417,yyyymmdd,fda.inspections.history,raw/fda.inspections.history/2026/09/20260908T143416Z-4b7986a411cf.json.gz,1
fda.inspections.history,firm:3009238374,2014-04-17,2026-09-08T14:34:16Z,is_foreign,1,bool,fda.inspections.history,raw/fda.inspections.history/2026/09/20260908T143416Z-4b7986a411cf.json.gz,1
fda.inspections.history,firm:3009238374,2014-04-17,2026-09-08T14:34:16Z,is_oai,0,bool,fda.inspections.history,raw/fda.inspections.history/2026/09/20260908T143416Z-4b7986a411cf.json.gz,1
fda.inspections.history,firm:3009238374,2014-04-17,2026-09-08T14:34:16Z,label,Oncotec Pharma Produktion GmbH,,fda.inspections.history,raw/fda.inspections.history/2026/09/20260908T143416Z-4b7986a411cf.json.gz,1
fda.inspections.history,firm:3009381838,2014-04-10,2026-09-08T14:34:16Z,classification,0,ordinal,fda.inspections.history,raw/fda.inspections.history/2026/09/20260908T143416Z-4b7986a411cf.json.gz,1
fda.inspections.history,firm:3009381838,2014-04-10,2026-09-08T14:34:16Z,firm_key,PROVEPHARM SAS,,fda.inspections.history,raw/fda.inspections.history/2026/09/20260908T143416Z-4b7986a411cf.json.gz,1
fda.inspections.history,firm:3009381838,2014-04-10,2026-09-08T14:34:16Z,inspected,1,count,fda.inspections.history,raw/fda.inspections.history/2026/09/20260908T143416Z-4b7986a411cf.json.gz,1
fda.inspections.history,firm:3009381838,2014-04-10,2026-09-08T14:34:16Z,inspection_end,20140410,yyyymmdd,fda.inspections.history,raw/fda.inspections.history/2026/09/20260908T143416Z-4b7986a411cf.json.gz,1
fda.inspections.history,firm:3009381838,2014-04-10,2026-09-08T14:34:16Z,is_foreign,1,bool,fda.inspections.history,raw/fda.inspections.history/2026/09/20260908T143416Z-4b7986a411cf.json.gz,1
fda.inspections.history,firm:3009381838,2014-04-10,2026-09-08T14:34:16Z,is_oai,0,bool,fda.inspections.history,raw/fda.inspections.history/2026/09/20260908T143416Z-4b7986a411cf.json.gz,1
fda.inspections.history,firm:3009381838,2014-04-10,2026-09-08T14:34:16Z,label,Provepharm Sas,,fda.inspections.history,raw/fda.inspections.history/2026/09/20260908T143416Z-4b7986a411cf.json.gz,1
fda.inspections.history,firm:3009698093,2014-04-25,2026-09-08T14:34:16Z,classification,1,ordinal,fda.inspections.history,raw/fda.inspections.history/2026/09/20260908T143416Z-4b7986a411cf.json.gz,1
fda.inspections.history,firm:3009698093,2014-04-25,2026-09-08T14:34:16Z,firm_key,MINNESOTA INDEPENDENT COOPERATIVE,,fda.inspections.history,raw/fda.inspections.history/2026/09/20260908T143416Z-4b7986a411cf.json.gz,1
fda.inspections.history,firm:3009698093,2014-04-25,2026-09-08T14:34:16Z,inspected,1,count,fda.inspections.history,raw/fda.inspections.history/2026/09/20260908T143416Z-4b7986a411cf.json.gz,1
fda.inspections.history,firm:3009698093,2014-04-25,2026-09-08T14:34:16Z,inspection_end,20140425,yyyymmdd,fda.inspections.history,raw/fda.inspections.history/2026/09/20260908T143416Z-4b7986a411cf.json.gz,1
fda.inspections.history,firm:3009698093,2014-04-25,2026-09-08T14:34:16Z,is_foreign,0,bool,fda.inspections.history,raw/fda.inspections.history/2026/09/20260908T143416Z-4b7986a411cf.json.gz,1
fda.inspections.history,firm:3009698093,2014-04-25,2026-09-08T14:34:16Z,is_oai,0,bool,fda.inspections.history,raw/fda.inspections.history/2026/09/20260908T143416Z-4b7986a411cf.json.gz,1
fda.inspections.history,firm:3009698093,2014-04-25,2026-09-08T14:34:16Z,label,Minnesota Independent Cooperative,,fda.inspections.history,raw/fda.inspections.history/2026/09/20260908T143416Z-4b7986a411cf.json.gz,1
fda.inspections.history,firm:3009805706,2014-04-04,2026-09-08T14:34:16Z,classification,1,ordinal,fda.inspections.history,raw/fda.inspections.history/2026/09/20260908T143416Z-4b7986a411cf.json.gz,1
fda.inspections.history,firm:3009805706,2014-04-04,2026-09-08T14:34:16Z,firm_key,AMPHASTAR NANJING,,fda.inspections.history,raw/fda.inspections.history/2026/09/20260908T143416Z-4b7986a411cf.json.gz,1
fda.inspections.history,firm:3009805706,2014-04-04,2026-09-08T14:34:16Z,inspected,1,count,fda.inspections.history,raw/fda.inspections.history/2026/09/20260908T143416Z-4b7986a411cf.json.gz,1
fda.inspections.history,firm:3009805706,2014-04-04,2026-09-08T14:34:16Z,inspection_end,20140404,yyyymmdd,fda.inspections.history,raw/fda.inspections.history/2026/09/20260908T143416Z-4b7986a411cf.json.gz,1
fda.inspections.history,firm:3009805706,2014-04-04,2026-09-08T14:34:16Z,is_foreign,1,bool,fda.inspections.history,raw/fda.inspections.history/2026/09/20260908T143416Z-4b7986a411cf.json.gz,1
fda.inspections.history,firm:3009805706,2014-04-04,2026-09-08T14:34:16Z,is_oai,0,bool,fda.inspections.history,raw/fda.inspections.history/2026/09/20260908T143416Z-4b7986a411cf.json.gz,1
fda.inspections.history,firm:3009805706,2014-04-04,2026-09-08T14:34:16Z,label,Amphastar Nanjing Pharmaceuticals Inc,,fda.inspections.history,raw/fda.inspections.history/2026/09/20260908T143416Z-4b7986a411cf.json.gz,1
fda.inspections.history,firm:3009859882,2014-04-04,2026-09-08T14:34:16Z,classification,0,ordinal,fda.inspections.history,raw/fda.inspections.history/2026/09/20260908T143416Z-4b7986a411cf.json.gz,1
fda.inspections.history,firm:3009859882,2014-04-04,2026-09-08T14:34:16Z,firm_key,SGS LABORATOIRES DE LA QUALITE ET CONFORMITE,,fda.inspections.history,raw/fda.inspections.history/2026/09/20260908T143416Z-4b7986a411cf.json.gz,1
fda.inspections.history,firm:3009859882,2014-04-04,2026-09-08T14:34:16Z,inspected,1,count,fda.inspections.history,raw/fda.inspections.history/2026/09/20260908T143416Z-4b7986a411cf.json.gz,1
fda.inspections.history,firm:3009859882,2014-04-04,2026-09-08T14:34:16Z,inspection_end,20140404,yyyymmdd,fda.inspections.history,raw/fda.inspections.history/2026/09/20260908T143416Z-4b7986a411cf.json.gz,1
fda.inspections.history,firm:3009859882,2014-04-04,2026-09-08T14:34:16Z,is_foreign,1,bool,fda.inspections.history,raw/fda.inspections.history/2026/09/20260908T143416Z-4b7986a411cf.json.gz,1
fda.inspections.history,firm:3009859882,2014-04-04,2026-09-08T14:34:16Z,is_oai,0,bool,fda.inspections.history,raw/fda.inspections.history/2026/09/20260908T143416Z-4b7986a411cf.json.gz,1
fda.inspections.history,firm:3009859882,2014-04-04,2026-09-08T14:34:16Z,label,SGS Laboratoires de la Qualite et Conformite Inc.,,fda.inspections.history,raw/fda.inspections.history/2026/09/20260908T143416Z-4b7986a411cf.json.gz,1
fda.inspections.history,firm:3010146372,2014-04-17,2026-09-08T14:34:16Z,classification,1,ordinal,fda.inspections.history,raw/fda.inspections.history/2026/09/20260908T143416Z-4b7986a411cf.json.gz,1
fda.inspections.history,firm:3010146372,2014-04-17,2026-09-08T14:34:16Z,firm_key,ZOETIS,,fda.inspections.history,raw/fda.inspections.history/2026/09/20260908T143416Z-4b7986a411cf.json.gz,1
fda.inspections.history,firm:3010146372,2014-04-17,2026-09-08T14:34:16Z,inspected,1,count,fda.inspections.history,raw/fda.inspections.history/2026/09/20260908T143416Z-4b7986a411cf.json.gz,1
fda.inspections.history,firm:3010146372,2014-04-17,2026-09-08T14:34:16Z,inspection_end,20140417,yyyymmdd,fda.inspections.history,raw/fda.inspections.history/2026/09/20260908T143416Z-4b7986a411cf.json.gz,1
fda.inspections.history,firm:3010146372,2014-04-17,2026-09-08T14:34:16Z,is_foreign,0,bool,fda.inspections.history,raw/fda.inspections.history/2026/09/20260908T143416Z-4b7986a411cf.json.gz,1
fda.inspections.history,firm:3010146372,2014-04-17,2026-09-08T14:34:16Z,is_oai,0,bool,fda.inspections.history,raw/fda.inspections.history/2026/09/20260908T143416Z-4b7986a411cf.json.gz,1
fda.inspections.history,firm:3010146372,2014-04-17,2026-09-08T14:34:16Z,label,Zoetis LLC,,fda.inspections.history,raw/fda.inspections.history/2026/09/20260908T143416Z-4b7986a411cf.json.gz,1
fda.inspections.history,firm:3010477,2014-04-15,2026-09-08T14:34:16Z,classification,1,ordinal,fda.inspections.history,raw/fda.inspections.history/2026/09/20260908T143416Z-4b7986a411cf.json.gz,1
fda.inspections.history,firm:3010477,2014-04-15,2026-09-08T14:34:16Z,firm_key,JUBILANT HOLLISTERSTIER,,fda.inspections.history,raw/fda.inspections.history/2026/09/20260908T143416Z-4b7986a411cf.json.gz,1
fda.inspections.history,firm:3010477,2014-04-15,2026-09-08T14:34:16Z,inspected,1,count,fda.inspections.history,raw/fda.inspections.history/2026/09/20260908T143416Z-4b7986a411cf.json.gz,1
fda.inspections.history,firm:3010477,2014-04-15,2026-09-08T14:34:16Z,inspection_end,20140415,yyyymmdd,fda.inspections.history,raw/fda.inspections.history/2026/09/20260908T143416Z-4b7986a411cf.json.gz,1
fda.inspections.history,firm:3010477,2014-04-15,2026-09-08T14:34:16Z,is_foreign,0,bool,fda.inspections.history,raw/fda.inspections.history/2026/09/20260908T143416Z-4b7986a411cf.json.gz,1
fda.inspections.history,firm:3010477,2014-04-15,2026-09-08T14:34:16Z,is_oai,0,bool,fda.inspections.history,raw/fda.inspections.history/2026/09/20260908T143416Z-4b7986a411cf.json.gz,1
fda.inspections.history,firm:3010477,2014-04-15,2026-09-08T14:34:16Z,label,Jubilant HollisterStier LLC,,fda.inspections.history,raw/fda.inspections.history/2026/09/20260908T143416Z-4b7986a411cf.json.gz,1
fda.inspections.history,firm:3010535761,2014-04-04,2026-09-08T14:34:16Z,classification,1,ordinal,fda.inspections.history,raw/fda.inspections.history/2026/09/20260908T143416Z-4b7986a411cf.json.gz,1
fda.inspections.history,firm:3010535761,2014-04-04,2026-09-08T14:34:16Z,firm_key,ARMEN H ARSLANIAN,,fda.inspections.history,raw/fda.inspections.history/2026/09/20260908T143416Z-4b7986a411cf.json.gz,1
fda.inspections.history,firm:3010535761,2014-04-04,2026-09-08T14:34:16Z,inspected,1,count,fda.inspections.history,raw/fda.inspections.history/2026/09/20260908T143416Z-4b7986a411cf.json.gz,1
fda.inspections.history,firm:3010535761,2014-04-04,2026-09-08T14:34:16Z,inspection_end,20140404,yyyymmdd,fda.inspections.history,raw/fda.inspections.history/2026/09/20260908T143416Z-4b7986a411cf.json.gz,1
fda.inspections.history,firm:3010535761,2014-04-04,2026-09-08T14:34:16Z,is_foreign,0,bool,fda.inspections.history,raw/fda.inspections.history/2026/09/20260908T143416Z-4b7986a411cf.json.gz,1
fda.inspections.history,firm:3010535761,2014-04-04,2026-09-08T14:34:16Z,is_oai,0,bool,fda.inspections.history,raw/fda.inspections.history/2026/09/20260908T143416Z-4b7986a411cf.json.gz,1
fda.inspections.history,firm:3010535761,2014-04-04,2026-09-08T14:34:16Z,label,Armen H. Arslanian,,fda.inspections.history,raw/fda.inspections.history/2026/09/20260908T143416Z-4b7986a411cf.json.gz,1
fda.inspections.history,firm:3010603852,2014-04-03,2026-09-08T14:34:16Z,classification,0,ordinal,fda.inspections.history,raw/fda.inspections.history/2026/09/20260908T143416Z-4b7986a411cf.json.gz,1
fda.inspections.history,firm:3010603852,2014-04-03,2026-09-08T14:34:16Z,firm_key,KEIKAWUS ARASTEH M D,,fda.inspections.history,raw/fda.inspections.history/2026/09/20260908T143416Z-4b7986a411cf.json.gz,1
fda.inspections.history,firm:3010603852,2014-04-03,2026-09-08T14:34:16Z,inspected,1,count,fda.inspections.history,raw/fda.inspections.history/2026/09/20260908T143416Z-4b7986a411cf.json.gz,1
fda.inspections.history,firm:3010603852,2014-04-03,2026-09-08T14:34:16Z,inspection_end,20140403,yyyymmdd,fda.inspections.history,raw/fda.inspections.history/2026/09/20260908T143416Z-4b7986a411cf.json.gz,1
fda.inspections.history,firm:3010603852,2014-04-03,2026-09-08T14:34:16Z,is_foreign,1,bool,fda.inspections.history,raw/fda.inspections.history/2026/09/20260908T143416Z-4b7986a411cf.json.gz,1
fda.inspections.history,firm:3010603852,2014-04-03,2026-09-08T14:34:16Z,is_oai,0,bool,fda.inspections.history,raw/fda.inspections.history/2026/09/20260908T143416Z-4b7986a411cf.json.gz,1
fda.inspections.history,firm:3010603852,2014-04-03,2026-09-08T14:34:16Z,label,"Keikawus Arasteh, M.D.",,fda.inspections.history,raw/fda.inspections.history/2026/09/20260908T143416Z-4b7986a411cf.json.gz,1
fda.inspections.history,firm:3010603858,2014-04-09,2026-09-08T14:34:16Z,classification,0,ordinal,fda.inspections.history,raw/fda.inspections.history/2026/09/20260908T143416Z-4b7986a411cf.json.gz,1
fda.inspections.history,firm:3010603858,2014-04-09,2026-09-08T14:34:16Z,firm_key,VINCENTE SORIENO,,fda.inspections.history,raw/fda.inspections.history/2026/09/20260908T143416Z-4b7986a411cf.json.gz,1
fda.inspections.history,firm:3010603858,2014-04-09,2026-09-08T14:34:16Z,inspected,1,count,fda.inspections.history,raw/fda.inspections.history/2026/09/20260908T143416Z-4b7986a411cf.json.gz,1
fda.inspections.history,firm:3010603858,2014-04-09,2026-09-08T14:34:16Z,inspection_end,20140409,yyyymmdd,fda.inspections.history,raw/fda.inspections.history/2026/09/20260908T143416Z-4b7986a411cf.json.gz,1
fda.inspections.history,firm:3010603858,2014-04-09,2026-09-08T14:34:16Z,is_foreign,1,bool,fda.inspections.history,raw/fda.inspections.history/2026/09/20260908T143416Z-4b7986a411cf.json.gz,1
fda.inspections.history,firm:3010603858,2014-04-09,2026-09-08T14:34:16Z,is_oai,0,bool,fda.inspections.history,raw/fda.inspections.history/2026/09/20260908T143416Z-4b7986a411cf.json.gz,1
fda.inspections.history,firm:3010603858,2014-04-09,2026-09-08T14:34:16Z,label,Vincente Sorieno,,fda.inspections.history,raw/fda.inspections.history/2026/09/20260908T143416Z-4b7986a411cf.json.gz,1
fda.inspections.history,firm:3010621363,2014-04-10,2026-09-08T14:34:16Z,classification,1,ordinal,fda.inspections.history,raw/fda.inspections.history/2026/09/20260908T143416Z-4b7986a411cf.json.gz,1
fda.inspections.history,firm:3010621363,2014-04-10,2026-09-08T14:34:16Z,firm_key,EDITA KABICKOVA M D,,fda.inspections.history,raw/fda.inspections.history/2026/09/20260908T143416Z-4b7986a411cf.json.gz,1
fda.inspections.history,firm:3010621363,2014-04-10,2026-09-08T14:34:16Z,inspected,1,count,fda.inspections.history,raw/fda.inspections.history/2026/09/20260908T143416Z-4b7986a411cf.json.gz,1
fda.inspections.history,firm:3010621363,2014-04-10,2026-09-08T14:34:16Z,inspection_end,20140410,yyyymmdd,fda.inspections.history,raw/fda.inspections.history/2026/09/20260908T143416Z-4b7986a411cf.json.gz,1
fda.inspections.history,firm:3010621363,2014-04-10,2026-09-08T14:34:16Z,is_foreign,1,bool,fda.inspections.history,raw/fda.inspections.history/2026/09/20260908T143416Z-4b7986a411cf.json.gz,1
fda.inspections.history,firm:3010621363,2014-04-10,2026-09-08T14:34:16Z,is_oai,0,bool,fda.inspections.history,raw/fda.inspections.history/2026/09/20260908T143416Z-4b7986a411cf.json.gz,1
fda.inspections.history,firm:3010621363,2014-04-10,2026-09-08T14:34:16Z,label,"Edita Kabickova, M.D.",,fda.inspections.history,raw/fda.inspections.history/2026/09/20260908T143416Z-4b7986a411cf.json.gz,1
fda.inspections.history,firm:3010621611,2014-04-18,2026-09-08T14:34:16Z,classification,0,ordinal,fda.inspections.history,raw/fda.inspections.history/2026/09/20260908T143416Z-4b7986a411cf.json.gz,1
fda.inspections.history,firm:3010621611,2014-04-18,2026-09-08T14:34:16Z,firm_key,GABOR KOVACS M D PH D,,fda.inspections.history,raw/fda.inspections.history/2026/09/20260908T143416Z-4b7986a411cf.json.gz,1
fda.inspections.history,firm:3010621611,2014-04-18,2026-09-08T14:34:16Z,inspected,1,count,fda.inspections.history,raw/fda.inspections.history/2026/09/20260908T143416Z-4b7986a411cf.json.gz,1
fda.inspections.history,firm:3010621611,2014-04-18,2026-09-08T14:34:16Z,inspection_end,20140418,yyyymmdd,fda.inspections.history,raw/fda.inspections.history/2026/09/20260908T143416Z-4b7986a411cf.json.gz,1
fda.inspections.history,firm:3010621611,2014-04-18,2026-09-08T14:34:16Z,is_foreign,1,bool,fda.inspections.history,raw/fda.inspections.history/2026/09/20260908T143416Z-4b7986a411cf.json.gz,1
fda.inspections.history,firm:3010621611,2014-04-18,2026-09-08T14:34:16Z,is_oai,0,bool,fda.inspections.history,raw/fda.inspections.history/2026/09/20260908T143416Z-4b7986a411cf.json.gz,1
fda.inspections.history,firm:3010621611,2014-04-18,2026-09-08T14:34:16Z,label,"Gabor Kovacs, M.D., Ph. D.",,fda.inspections.history,raw/fda.inspections.history/2026/09/20260908T143416Z-4b7986a411cf.json.gz,1
fda.inspections.history,firm:3010622800,2014-04-01,2026-09-08T14:34:16Z,classification,0,ordinal,fda.inspections.history,raw/fda.inspections.history/2026/09/20260908T143416Z-4b7986a411cf.json.gz,1
fda.inspections.history,firm:3010622800,2014-04-01,2026-09-08T14:34:16Z,firm_key,MADELEINE VALENCERINA,,fda.inspections.history,raw/fda.inspections.history/2026/09/20260908T143416Z-4b7986a411cf.json.gz,1
fda.inspections.history,firm:3010622800,2014-04-01,2026-09-08T14:34:16Z,inspected,1,count,fda.inspections.history,raw/fda.inspections.history/2026/09/20260908T143416Z-4b7986a411cf.json.gz,1
fda.inspections.history,firm:3010622800,2014-04-01,2026-09-08T14:34:16Z,inspection_end,20140401,yyyymmdd,fda.inspections.history,raw/fda.inspections.history/2026/09/20260908T143416Z-4b7986a411cf.json.gz,1
fda.inspections.history,firm:3010622800,2014-04-01,2026-09-08T14:34:16Z,is_foreign,0,bool,fda.inspections.history,raw/fda.inspections.history/2026/09/20260908T143416Z-4b7986a411cf.json.gz,1
fda.inspections.history,firm:3010622800,2014-04-01,2026-09-08T14:34:16Z,is_oai,0,bool,fda.inspections.history,raw/fda.inspections.history/2026/09/20260908T143416Z-4b7986a411cf.json.gz,1
fda.inspections.history,firm:3010622800,2014-04-01,2026-09-08T14:34:16Z,label,Madeleine Valencerina,,fda.inspections.history,raw/fda.inspections.history/2026/09/20260908T143416Z-4b7986a411cf.json.gz,1
fda.inspections.history,firm:3010625620,2014-04-11,2026-09-08T14:34:16Z,classification,0,ordinal,fda.inspections.history,raw/fda.inspections.history/2026/09/20260908T143416Z-4b7986a411cf.json.gz,1
fda.inspections.history,firm:3010625620,2014-04-11,2026-09-08T14:34:16Z,firm_key,RANDI HAGERMAN,,fda.inspections.history,raw/fda.inspections.history/2026/09/20260908T143416Z-4b7986a411cf.json.gz,1
fda.inspections.history,firm:3010625620,2014-04-11,2026-09-08T14:34:16Z,inspected,1,count,fda.inspections.history,raw/fda.inspections.history/2026/09/20260908T143416Z-4b7986a411cf.json.gz,1
fda.inspections.history,firm:3010625620,2014-04-11,2026-09-08T14:34:16Z,inspection_end,20140411,yyyymmdd,fda.inspections.history,raw/fda.inspections.history/2026/09/20260908T143416Z-4b7986a411cf.json.gz,1
fda.inspections.history,firm:3010625620,2014-04-11,2026-09-08T14:34:16Z,is_foreign,0,bool,fda.inspections.history,raw/fda.inspections.history/2026/09/20260908T143416Z-4b7986a411cf.json.gz,1
fda.inspections.history,firm:3010625620,2014-04-11,2026-09-08T14:34:16Z,is_oai,0,bool,fda.inspections.history,raw/fda.inspections.history/2026/09/20260908T143416Z-4b7986a411cf.json.gz,1
fda.inspections.history,firm:3010625620,2014-04-11,2026-09-08T14:34:16Z,label,Randi Hagerman,,fda.inspections.history,raw/fda.inspections.history/2026/09/20260908T143416Z-4b7986a411cf.json.gz,1
fda.inspections.history,firm:3010625691,2014-04-16,2026-09-08T14:34:16Z,classification,0,ordinal,fda.inspections.history,raw/fda.inspections.history/2026/09/20260908T143416Z-4b7986a411cf.json.gz,1
fda.inspections.history,firm:3010625691,2014-04-16,2026-09-08T14:34:16Z,firm_key,JOHN REED,,fda.inspections.history,raw/fda.inspections.history/2026/09/20260908T143416Z-4b7986a411cf.json.gz,1
fda.inspections.history,firm:3010625691,2014-04-16,2026-09-08T14:34:16Z,inspected,1,count,fda.inspections.history,raw/fda.inspections.history/2026/09/20260908T143416Z-4b7986a411cf.json.gz,1
fda.inspections.history,firm:3010625691,2014-04-16,2026-09-08T14:34:16Z,inspection_end,20140416,yyyymmdd,fda.inspections.history,raw/fda.inspections.history/2026/09/20260908T143416Z-4b7986a411cf.json.gz,1
fda.inspections.history,firm:3010625691,2014-04-16,2026-09-08T14:34:16Z,is_foreign,0,bool,fda.inspections.history,raw/fda.inspections.history/2026/09/20260908T143416Z-4b7986a411cf.json.gz,1
fda.inspections.history,firm:3010625691,2014-04-16,2026-09-08T14:34:16Z,is_oai,0,bool,fda.inspections.history,raw/fda.inspections.history/2026/09/20260908T143416Z-4b7986a411cf.json.gz,1
fda.inspections.history,firm:3010625691,2014-04-16,2026-09-08T14:34:16Z,label,John Reed,,fda.inspections.history,raw/fda.inspections.history/2026/09/20260908T143416Z-4b7986a411cf.json.gz,1
fda.inspections.history,firm:3010627541,2014-04-09,2026-09-08T14:34:16Z,classification,0,ordinal,fda.inspections.history,raw/fda.inspections.history/2026/09/20260908T143416Z-4b7986a411cf.json.gz,1
fda.inspections.history,firm:3010627541,2014-04-09,2026-09-08T14:34:16Z,firm_key,LAKIN DR GREGORY F,,fda.inspections.history,raw/fda.inspections.history/2026/09/20260908T143416Z-4b7986a411cf.json.gz,1
fda.inspections.history,firm:3010627541,2014-04-09,2026-09-08T14:34:16Z,inspected,1,count,fda.inspections.history,raw/fda.inspections.history/2026/09/20260908T143416Z-4b7986a411cf.json.gz,1
fda.inspections.history,firm:3010627541,2014-04-09,2026-09-08T14:34:16Z,inspection_end,20140409,yyyymmdd,fda.inspections.history,raw/fda.inspections.history/2026/09/20260908T143416Z-4b7986a411cf.json.gz,1
fda.inspections.history,firm:3010627541,2014-04-09,2026-09-08T14:34:16Z,is_foreign,0,bool,fda.inspections.history,raw/fda.inspections.history/2026/09/20260908T143416Z-4b7986a411cf.json.gz,1
fda.inspections.history,firm:3010627541,2014-04-09,2026-09-08T14:34:16Z,is_oai,0,bool,fda.inspections.history,raw/fda.inspections.history/2026/09/20260908T143416Z-4b7986a411cf.json.gz,1
fda.inspections.history,firm:3010627541,2014-04-09,2026-09-08T14:34:16Z,label,"Lakin, Dr Gregory F",,fda.inspections.history,raw/fda.inspections.history/2026/09/20260908T143416Z-4b7986a411cf.json.gz,1
fda.inspections.history,firm:3010628560,2014-04-09,2026-09-08T14:34:16Z,classification,0,ordinal,fda.inspections.history,raw/fda.inspections.history/2026/09/20260908T143416Z-4b7986a411cf.json.gz,1
fda.inspections.history,firm:3010628560,2014-04-09,2026-09-08T14:34:16Z,firm_key,BUTH DR DENNIS K,,fda.inspections.history,raw/fda.inspections.history/2026/09/20260908T143416Z-4b7986a411cf.json.gz,1
fda.inspections.history,firm:3010628560,2014-04-09,2026-09-08T14:34:16Z,inspected,1,count,fda.inspections.history,raw/fda.inspections.history/2026/09/20260908T143416Z-4b7986a411cf.json.gz,1
fda.inspections.history,firm:3010628560,2014-04-09,2026-09-08T14:34:16Z,inspection_end,20140409,yyyymmdd,fda.inspections.history,raw/fda.inspections.history/2026/09/20260908T143416Z-4b7986a411cf.json.gz,1
fda.inspections.history,firm:3010628560,2014-04-09,2026-09-08T14:34:16Z,is_foreign,0,bool,fda.inspections.history,raw/fda.inspections.history/2026/09/20260908T143416Z-4b7986a411cf.json.gz,1
fda.inspections.history,firm:3010628560,2014-04-09,2026-09-08T14:34:16Z,is_oai,0,bool,fda.inspections.history,raw/fda.inspections.history/2026/09/20260908T143416Z-4b7986a411cf.json.gz,1
fda.inspections.history,firm:3010628560,2014-04-09,2026-09-08T14:34:16Z,label,"Buth, Dr Dennis K",,fda.inspections.history,raw/fda.inspections.history/2026/09/20260908T143416Z-4b7986a411cf.json.gz,1
fda.inspections.history,firm:3010633499,2014-04-24,2026-09-08T14:34:16Z,classification,1,ordinal,fda.inspections.history,raw/fda.inspections.history/2026/09/20260908T143416Z-4b7986a411cf.json.gz,1
fda.inspections.history,firm:3010633499,2014-04-24,2026-09-08T14:34:16Z,firm_key,ISAAC EISENSTEIN M D,,fda.inspections.history,raw/fda.inspections.history/2026/09/20260908T143416Z-4b7986a411cf.json.gz,1
fda.inspections.history,firm:3010633499,2014-04-24,2026-09-08T14:34:16Z,inspected,1,count,fda.inspections.history,raw/fda.inspections.history/2026/09/20260908T143416Z-4b7986a411cf.json.gz,1
fda.inspections.history,firm:3010633499,2014-04-24,2026-09-08T14:34:16Z,inspection_end,20140424,yyyymmdd,fda.inspections.history,raw/fda.inspections.history/2026/09/20260908T143416Z-4b7986a411cf.json.gz,1
fda.inspections.history,firm:3010633499,2014-04-24,2026-09-08T14:34:16Z,is_foreign,0,bool,fda.inspections.history,raw/fda.inspections.history/2026/09/20260908T143416Z-4b7986a411cf.json.gz,1
fda.inspections.history,firm:3010633499,2014-04-24,2026-09-08T14:34:16Z,is_oai,0,bool,fda.inspections.history,raw/fda.inspections.history/2026/09/20260908T143416Z-4b7986a411cf.json.gz,1
fda.inspections.history,firm:3010633499,2014-04-24,2026-09-08T14:34:16Z,label,"Isaac Eisenstein, M.D.",,fda.inspections.history,raw/fda.inspections.history/2026/09/20260908T143416Z-4b7986a411cf.json.gz,1
fda.inspections.history,firm:3010634157,2014-04-15,2026-09-08T14:34:16Z,classification,1,ordinal,fda.inspections.history,raw/fda.inspections.history/2026/09/20260908T143416Z-4b7986a411cf.json.gz,1
fda.inspections.history,firm:3010634157,2014-04-15,2026-09-08T14:34:16Z,firm_key,ALIREZA NAMI MD,,fda.inspections.history,raw/fda.inspections.history/2026/09/20260908T143416Z-4b7986a411cf.json.gz,1
fda.inspections.history,firm:3010634157,2014-04-15,2026-09-08T14:34:16Z,inspected,1,count,fda.inspections.history,raw/fda.inspections.history/2026/09/20260908T143416Z-4b7986a411cf.json.gz,1
fda.inspections.history,firm:3010634157,2014-04-15,2026-09-08T14:34:16Z,inspection_end,20140415,yyyymmdd,fda.inspections.history,raw/fda.inspections.history/2026/09/20260908T143416Z-4b7986a411cf.json.gz,1
fda.inspections.history,firm:3010634157,2014-04-15,2026-09-08T14:34:16Z,is_foreign,0,bool,fda.inspections.history,raw/fda.inspections.history/2026/09/20260908T143416Z-4b7986a411cf.json.gz,1
fda.inspections.history,firm:3010634157,2014-04-15,2026-09-08T14:34:16Z,is_oai,0,bool,fda.inspections.history,raw/fda.inspections.history/2026/09/20260908T143416Z-4b7986a411cf.json.gz,1
fda.inspections.history,firm:3010634157,2014-04-15,2026-09-08T14:34:16Z,label,Alireza Nami MD,,fda.inspections.history,raw/fda.inspections.history/2026/09/20260908T143416Z-4b7986a411cf.json.gz,1
fda.inspections.history,firm:3010634724,2014-04-11,2026-09-08T14:34:16Z,classification,1,ordinal,fda.inspections.history,raw/fda.inspections.history/2026/09/20260908T143416Z-4b7986a411cf.json.gz,1
fda.inspections.history,firm:3010634724,2014-04-11,2026-09-08T14:34:16Z,firm_key,DR NORMAN R WASEL,,fda.inspections.history,raw/fda.inspections.history/2026/09/20260908T143416Z-4b7986a411cf.json.gz,1
fda.inspections.history,firm:3010634724,2014-04-11,2026-09-08T14:34:16Z,inspected,1,count,fda.inspections.history,raw/fda.inspections.history/2026/09/20260908T143416Z-4b7986a411cf.json.gz,1
fda.inspections.history,firm:3010634724,2014-04-11,2026-09-08T14:34:16Z,inspection_end,20140411,yyyymmdd,fda.inspections.history,raw/fda.inspections.history/2026/09/20260908T143416Z-4b7986a411cf.json.gz,1
fda.inspections.history,firm:3010634724,2014-04-11,2026-09-08T14:34:16Z,is_foreign,1,bool,fda.inspections.history,raw/fda.inspections.history/2026/09/20260908T143416Z-4b7986a411cf.json.gz,1
fda.inspections.history,firm:3010634724,2014-04-11,2026-09-08T14:34:16Z,is_oai,0,bool,fda.inspections.history,raw/fda.inspections.history/2026/09/20260908T143416Z-4b7986a411cf.json.gz,1
fda.inspections.history,firm:3010634724,2014-04-11,2026-09-08T14:34:16Z,label,Dr. Norman R. Wasel,,fda.inspections.history,raw/fda.inspections.history/2026/09/20260908T143416Z-4b7986a411cf.json.gz,1
fda.inspections.history,firm:3010638782,2014-04-25,2026-09-08T14:34:16Z,classification,1,ordinal,fda.inspections.history,raw/fda.inspections.history/2026/09/20260908T143416Z-4b7986a411cf.json.gz,1
fda.inspections.history,firm:3010638782,2014-04-25,2026-09-08T14:34:16Z,firm_key,ROGER ROUSSEAU,,fda.inspections.history,raw/fda.inspections.history/2026/09/20260908T143416Z-4b7986a411cf.json.gz,1
fda.inspections.history,firm:3010638782,2014-04-25,2026-09-08T14:34:16Z,inspected,1,count,fda.inspections.history,raw/fda.inspections.history/2026/09/20260908T143416Z-4b7986a411cf.json.gz,1
fda.inspections.history,firm:3010638782,2014-04-25,2026-09-08T14:34:16Z,inspection_end,20140425,yyyymmdd,fda.inspections.history,raw/fda.inspections.history/2026/09/20260908T143416Z-4b7986a411cf.json.gz,1
fda.inspections.history,firm:3010638782,2014-04-25,2026-09-08T14:34:16Z,is_foreign,0,bool,fda.inspections.history,raw/fda.inspections.history/2026/09/20260908T143416Z-4b7986a411cf.json.gz,1
fda.inspections.history,firm:3010638782,2014-04-25,2026-09-08T14:34:16Z,is_oai,0,bool,fda.inspections.history,raw/fda.inspections.history/2026/09/20260908T143416Z-4b7986a411cf.json.gz,1
fda.inspections.history,firm:3010638782,2014-04-25,2026-09-08T14:34:16Z,label,Roger Rousseau,,fda.inspections.history,raw/fda.inspections.history/2026/09/20260908T143416Z-4b7986a411cf.json.gz,1
fda.inspections.history,firm:3010643037,2014-04-14,2026-09-08T14:34:16Z,classification,0,ordinal,fda.inspections.history,raw/fda.inspections.history/2026/09/20260908T143416Z-4b7986a411cf.json.gz,1
fda.inspections.history,firm:3010643037,2014-04-14,2026-09-08T14:34:16Z,firm_key,JEFFREY S OVERCASH MD,,fda.inspections.history,raw/fda.inspections.history/2026/09/20260908T143416Z-4b7986a411cf.json.gz,1
fda.inspections.history,firm:3010643037,2014-04-14,2026-09-08T14:34:16Z,inspected,1,count,fda.inspections.history,raw/fda.inspections.history/2026/09/20260908T143416Z-4b7986a411cf.json.gz,1
fda.inspections.history,firm:3010643037,2014-04-14,2026-09-08T14:34:16Z,inspection_end,20140414,yyyymmdd,fda.inspections.history,raw/fda.inspections.history/2026/09/20260908T143416Z-4b7986a411cf.json.gz,1
fda.inspections.history,firm:3010643037,2014-04-14,2026-09-08T14:34:16Z,is_foreign,0,bool,fda.inspections.history,raw/fda.inspections.history/2026/09/20260908T143416Z-4b7986a411cf.json.gz,1
fda.inspections.history,firm:3010643037,2014-04-14,2026-09-08T14:34:16Z,is_oai,0,bool,fda.inspections.history,raw/fda.inspections.history/2026/09/20260908T143416Z-4b7986a411cf.json.gz,1
fda.inspections.history,firm:3010643037,2014-04-14,2026-09-08T14:34:16Z,label,"Jeffrey S. Overcash, MD",,fda.inspections.history,raw/fda.inspections.history/2026/09/20260908T143416Z-4b7986a411cf.json.gz,1
fda.inspections.history,firm:3010643053,2014-04-02,2026-09-08T14:34:16Z,classification,1,ordinal,fda.inspections.history,raw/fda.inspections.history/2026/09/20260908T143416Z-4b7986a411cf.json.gz,1
fda.inspections.history,firm:3010643053,2014-04-02,2026-09-08T14:34:16Z,firm_key,HEIDI A KABLER M D,,fda.inspections.history,raw/fda.inspections.history/2026/09/20260908T143416Z-4b7986a411cf.json.gz,1
fda.inspections.history,firm:3010643053,2014-04-02,2026-09-08T14:34:16Z,inspected,1,count,fda.inspections.history,raw/fda.inspections.history/2026/09/20260908T143416Z-4b7986a411cf.json.gz,1
fda.inspections.history,firm:3010643053,2014-04-02,2026-09-08T14:34:16Z,inspection_end,20140402,yyyymmdd,fda.inspections.history,raw/fda.inspections.history/2026/09/20260908T143416Z-4b7986a411cf.json.gz,1
fda.inspections.history,firm:3010643053,2014-04-02,2026-09-08T14:34:16Z,is_foreign,0,bool,fda.inspections.history,raw/fda.inspections.history/2026/09/20260908T143416Z-4b7986a411cf.json.gz,1
fda.inspections.history,firm:3010643053,2014-04-02,2026-09-08T14:34:16Z,is_oai,0,bool,fda.inspections.history,raw/fda.inspections.history/2026/09/20260908T143416Z-4b7986a411cf.json.gz,1
fda.inspections.history,firm:3010643053,2014-04-02,2026-09-08T14:34:16Z,label,"Heidi A. Kabler, M.D.",,fda.inspections.history,raw/fda.inspections.history/2026/09/20260908T143416Z-4b7986a411cf.json.gz,1
fda.inspections.history,firm:3010643091,2014-04-03,2026-09-08T14:34:16Z,classification,0,ordinal,fda.inspections.history,raw/fda.inspections.history/2026/09/20260908T143416Z-4b7986a411cf.json.gz,1
fda.inspections.history,firm:3010643091,2014-04-03,2026-09-08T14:34:16Z,firm_key,DJAMEL MELLAH,,fda.inspections.history,raw/fda.inspections.history/2026/09/20260908T143416Z-4b7986a411cf.json.gz,1
fda.inspections.history,firm:3010643091,2014-04-03,2026-09-08T14:34:16Z,inspected,1,count,fda.inspections.history,raw/fda.inspections.history/2026/09/20260908T143416Z-4b7986a411cf.json.gz,1
fda.inspections.history,firm:3010643091,2014-04-03,2026-09-08T14:34:16Z,inspection_end,20140403,yyyymmdd,fda.inspections.history,raw/fda.inspections.history/2026/09/20260908T143416Z-4b7986a411cf.json.gz,1
fda.inspections.history,firm:3010643091,2014-04-03,2026-09-08T14:34:16Z,is_foreign,1,bool,fda.inspections.history,raw/fda.inspections.history/2026/09/20260908T143416Z-4b7986a411cf.json.gz,1
fda.inspections.history,firm:3010643091,2014-04-03,2026-09-08T14:34:16Z,is_oai,0,bool,fda.inspections.history,raw/fda.inspections.history/2026/09/20260908T143416Z-4b7986a411cf.json.gz,1
fda.inspections.history,firm:3010643091,2014-04-03,2026-09-08T14:34:16Z,label,Djamel Mellah,,fda.inspections.history,raw/fda.inspections.history/2026/09/20260908T143416Z-4b7986a411cf.json.gz,1
fda.inspections.history,firm:3010643092,2014-04-01,2026-09-08T14:34:16Z,classification,0,ordinal,fda.inspections.history,raw/fda.inspections.history/2026/09/20260908T143416Z-4b7986a411cf.json.gz,1
fda.inspections.history,firm:3010643092,2014-04-01,2026-09-08T14:34:16Z,firm_key,DAVID OSMAN,,fda.inspections.history,raw/fda.inspections.history/2026/09/20260908T143416Z-4b7986a411cf.json.gz,1
fda.inspections.history,firm:3010643092,2014-04-01,2026-09-08T14:34:16Z,inspected,1,count,fda.inspections.history,raw/fda.inspections.history/2026/09/20260908T143416Z-4b7986a411cf.json.gz,1
fda.inspections.history,firm:3010643092,2014-04-01,2026-09-08T14:34:16Z,inspection_end,20140401,yyyymmdd,fda.inspections.history,raw/fda.inspections.history/2026/09/20260908T143416Z-4b7986a411cf.json.gz,1
fda.inspections.history,firm:3010643092,2014-04-01,2026-09-08T14:34:16Z,is_foreign,1,bool,fda.inspections.history,raw/fda.inspections.history/2026/09/20260908T143416Z-4b7986a411cf.json.gz,1
fda.inspections.history,firm:3010643092,2014-04-01,2026-09-08T14:34:16Z,is_oai,0,bool,fda.inspections.history,raw/fda.inspections.history/2026/09/20260908T143416Z-4b7986a411cf.json.gz,1
fda.inspections.history,firm:3010643092,2014-04-01,2026-09-08T14:34:16Z,label,David Osman,,fda.inspections.history,raw/fda.inspections.history/2026/09/20260908T143416Z-4b7986a411cf.json.gz,1
fda.inspections.history,firm:3010660325,2014-04-10,2026-09-08T14:34:16Z,classification,1,ordinal,fda.inspections.history,raw/fda.inspections.history/2026/09/20260908T143416Z-4b7986a411cf.json.gz,1
fda.inspections.history,firm:3010660325,2014-04-10,2026-09-08T14:34:16Z,firm_key,PHARMASITE RESEARCH,,fda.inspections.history,raw/fda.inspections.history/2026/09/20260908T143416Z-4b7986a411cf.json.gz,1
fda.inspections.history,firm:3010660325,2014-04-10,2026-09-08T14:34:16Z,inspected,1,count,fda.inspections.history,raw/fda.inspections.history/2026/09/20260908T143416Z-4b7986a411cf.json.gz,1
fda.inspections.history,firm:3010660325,2014-04-10,2026-09-08T14:34:16Z,inspection_end,20140410,yyyymmdd,fda.inspections.history,raw/fda.inspections.history/2026/09/20260908T143416Z-4b7986a411cf.json.gz,1
fda.inspections.history,firm:3010660325,2014-04-10,2026-09-08T14:34:16Z,is_foreign,0,bool,fda.inspections.history,raw/fda.inspections.history/2026/09/20260908T143416Z-4b7986a411cf.json.gz,1
fda.inspections.history,firm:3010660325,2014-04-10,2026-09-08T14:34:16Z,is_oai,0,bool,fda.inspections.history,raw/fda.inspections.history/2026/09/20260908T143416Z-4b7986a411cf.json.gz,1
fda.inspections.history,firm:3010660325,2014-04-10,2026-09-08T14:34:16Z,label,"Pharmasite Research, Inc.",,fda.inspections.history,raw/fda.inspections.history/2026/09/20260908T143416Z-4b7986a411cf.json.gz,1
fda.inspections.history,firm:3010667184,2014-04-23,2026-09-08T14:34:16Z,classification,0,ordinal,fda.inspections.history,raw/fda.inspections.history/2026/09/20260908T143416Z-4b7986a411cf.json.gz,1
fda.inspections.history,firm:3010667184,2014-04-23,2026-09-08T14:34:16Z,firm_key,MARK STICH DO,,fda.inspections.history,raw/fda.inspections.history/2026/09/20260908T143416Z-4b7986a411cf.json.gz,1
fda.inspections.history,firm:3010667184,2014-04-23,2026-09-08T14:34:16Z,inspected,1,count,fda.inspections.history,raw/fda.inspections.history/2026/09/20260908T143416Z-4b7986a411cf.json.gz,1
fda.inspections.history,firm:3010667184,2014-04-23,2026-09-08T14:34:16Z,inspection_end,20140423,yyyymmdd,fda.inspections.history,raw/fda.inspections.history/2026/09/20260908T143416Z-4b7986a411cf.json.gz,1
fda.inspections.history,firm:3010667184,2014-04-23,2026-09-08T14:34:16Z,is_foreign,0,bool,fda.inspections.history,raw/fda.inspections.history/2026/09/20260908T143416Z-4b7986a411cf.json.gz,1
fda.inspections.history,firm:3010667184,2014-04-23,2026-09-08T14:34:16Z,is_oai,0,bool,fda.inspections.history,raw/fda.inspections.history/2026/09/20260908T143416Z-4b7986a411cf.json.gz,1
fda.inspections.history,firm:3010667184,2014-04-23,2026-09-08T14:34:16Z,label,"Mark Stich, DO",,fda.inspections.history,raw/fda.inspections.history/2026/09/20260908T143416Z-4b7986a411cf.json.gz,1
fda.inspections.history,firm:3010678570,2014-04-24,2026-09-08T14:34:16Z,classification,1,ordinal,fda.inspections.history,raw/fda.inspections.history/2026/09/20260908T143416Z-4b7986a411cf.json.gz,1
fda.inspections.history,firm:3010678570,2014-04-24,2026-09-08T14:34:16Z,firm_key,MARIO CHOJKIER,,fda.inspections.history,raw/fda.inspections.history/2026/09/20260908T143416Z-4b7986a411cf.json.gz,1
fda.inspections.history,firm:3010678570,2014-04-24,2026-09-08T14:34:16Z,inspected,1,count,fda.inspections.history,raw/fda.inspections.history/2026/09/20260908T143416Z-4b7986a411cf.json.gz,1
fda.inspections.history,firm:3010678570,2014-04-24,2026-09-08T14:34:16Z,inspection_end,20140424,yyyymmdd,fda.inspections.history,raw/fda.inspections.history/2026/09/20260908T143416Z-4b7986a411cf.json.gz,1
fda.inspections.history,firm:3010678570,2014-04-24,2026-09-08T14:34:16Z,is_foreign,0,bool,fda.inspections.history,raw/fda.inspections.history/2026/09/20260908T143416Z-4b7986a411cf.json.gz,1
fda.inspections.history,firm:3010678570,2014-04-24,2026-09-08T14:34:16Z,is_oai,0,bool,fda.inspections.history,raw/fda.inspections.history/2026/09/20260908T143416Z-4b7986a411cf.json.gz,1
fda.inspections.history,firm:3010678570,2014-04-24,2026-09-08T14:34:16Z,label,Mario Chojkier,,fda.inspections.history,raw/fda.inspections.history/2026/09/20260908T143416Z-4b7986a411cf.json.gz,1
fda.inspections.history,firm:3010678573,2014-04-18,2026-09-08T14:34:16Z,classification,0,ordinal,fda.inspections.history,raw/fda.inspections.history/2026/09/20260908T143416Z-4b7986a411cf.json.gz,1
fda.inspections.history,firm:3010678573,2014-04-18,2026-09-08T14:34:16Z,firm_key,NORMAN GITLIN,,fda.inspections.history,raw/fda.inspections.history/2026/09/20260908T143416Z-4b7986a411cf.json.gz,1
fda.inspections.history,firm:3010678573,2014-04-18,2026-09-08T14:34:16Z,inspected,1,count,fda.inspections.history,raw/fda.inspections.history/2026/09/20260908T143416Z-4b7986a411cf.json.gz,1
fda.inspections.history,firm:3010678573,2014-04-18,2026-09-08T14:34:16Z,inspection_end,20140418,yyyymmdd,fda.inspections.history,raw/fda.inspections.history/2026/09/20260908T143416Z-4b7986a411cf.json.gz,1
fda.inspections.history,firm:3010678573,2014-04-18,2026-09-08T14:34:16Z,is_foreign,0,bool,fda.inspections.history,raw/fda.inspections.history/2026/09/20260908T143416Z-4b7986a411cf.json.gz,1
fda.inspections.history,firm:3010678573,2014-04-18,2026-09-08T14:34:16Z,is_oai,0,bool,fda.inspections.history,raw/fda.inspections.history/2026/09/20260908T143416Z-4b7986a411cf.json.gz,1
fda.inspections.history,firm:3010678573,2014-04-18,2026-09-08T14:34:16Z,label,Norman Gitlin,,fda.inspections.history,raw/fda.inspections.history/2026/09/20260908T143416Z-4b7986a411cf.json.gz,1
fda.inspections.history,firm:3010678787,2014-04-09,2026-09-08T14:34:16Z,classification,0,ordinal,fda.inspections.history,raw/fda.inspections.history/2026/09/20260908T143416Z-4b7986a411cf.json.gz,1
fda.inspections.history,firm:3010678787,2014-04-09,2026-09-08T14:34:16Z,firm_key,DIBISCEGLIE DR ADRIAN,,fda.inspections.history,raw/fda.inspections.history/2026/09/20260908T143416Z-4b7986a411cf.json.gz,1
fda.inspections.history,firm:3010678787,2014-04-09,2026-09-08T14:34:16Z,inspected,1,count,fda.inspections.history,raw/fda.inspections.history/2026/09/20260908T143416Z-4b7986a411cf.json.gz,1
fda.inspections.history,firm:3010678787,2014-04-09,2026-09-08T14:34:16Z,inspection_end,20140409,yyyymmdd,fda.inspections.history,raw/fda.inspections.history/2026/09/20260908T143416Z-4b7986a411cf.json.gz,1
fda.inspections.history,firm:3010678787,2014-04-09,2026-09-08T14:34:16Z,is_foreign,0,bool,fda.inspections.history,raw/fda.inspections.history/2026/09/20260908T143416Z-4b7986a411cf.json.gz,1
fda.inspections.history,firm:3010678787,2014-04-09,2026-09-08T14:34:16Z,is_oai,0,bool,fda.inspections.history,raw/fda.inspections.history/2026/09/20260908T143416Z-4b7986a411cf.json.gz,1
fda.inspections.history,firm:3010678787,2014-04-09,2026-09-08T14:34:16Z,label,"DiBisceglie, Dr Adrian",,fda.inspections.history,raw/fda.inspections.history/2026/09/20260908T143416Z-4b7986a411cf.json.gz,1
fda.inspections.history,firm:3010678792,2014-04-16,2026-09-08T14:34:16Z,classification,0,ordinal,fda.inspections.history,raw/fda.inspections.history/2026/09/20260908T143416Z-4b7986a411cf.json.gz,1
fda.inspections.history,firm:3010678792,2014-04-16,2026-09-08T14:34:16Z,firm_key,NEZAM AFDHAL,,fda.inspections.history,raw/fda.inspections.history/2026/09/20260908T143416Z-4b7986a411cf.json.gz,1
fda.inspections.history,firm:3010678792,2014-04-16,2026-09-08T14:34:16Z,inspected,1,count,fda.inspections.history,raw/fda.inspections.history/2026/09/20260908T143416Z-4b7986a411cf.json.gz,1
fda.inspections.history,firm:3010678792,2014-04-16,2026-09-08T14:34:16Z,inspection_end,20140416,yyyymmdd,fda.inspections.history,raw/fda.inspections.history/2026/09/20260908T143416Z-4b7986a411cf.json.gz,1
fda.inspections.history,firm:3010678792,2014-04-16,2026-09-08T14:34:16Z,is_foreign,0,bool,fda.inspections.history,raw/fda.inspections.history/2026/09/20260908T143416Z-4b7986a411cf.json.gz,1
fda.inspections.history,firm:3010678792,2014-04-16,2026-09-08T14:34:16Z,is_oai,0,bool,fda.inspections.history,raw/fda.inspections.history/2026/09/20260908T143416Z-4b7986a411cf.json.gz,1
fda.inspections.history,firm:3010678792,2014-04-16,2026-09-08T14:34:16Z,label,Nezam Afdhal,,fda.inspections.history,raw/fda.inspections.history/2026/09/20260908T143416Z-4b7986a411cf.json.gz,1
fda.inspections.history,firm:3010678799,2014-04-24,2026-09-08T14:34:16Z,classification,0,ordinal,fda.inspections.history,raw/fda.inspections.history/2026/09/20260908T143416Z-4b7986a411cf.json.gz,1
fda.inspections.history,firm:3010678799,2014-04-24,2026-09-08T14:34:16Z,firm_key,DAVID NELSON,,fda.inspections.history,raw/fda.inspections.history/2026/09/20260908T143416Z-4b7986a411cf.json.gz,1
fda.inspections.history,firm:3010678799,2014-04-24,2026-09-08T14:34:16Z,inspected,1,count,fda.inspections.history,raw/fda.inspections.history/2026/09/20260908T143416Z-4b7986a411cf.json.gz,1
fda.inspections.history,firm:3010678799,2014-04-24,2026-09-08T14:34:16Z,inspection_end,20140424,yyyymmdd,fda.inspections.history,raw/fda.inspections.history/2026/09/20260908T143416Z-4b7986a411cf.json.gz,1
fda.inspections.history,firm:3010678799,2014-04-24,2026-09-08T14:34:16Z,is_foreign,0,bool,fda.inspections.history,raw/fda.inspections.history/2026/09/20260908T143416Z-4b7986a411cf.json.gz,1
fda.inspections.history,firm:3010678799,2014-04-24,2026-09-08T14:34:16Z,is_oai,0,bool,fda.inspections.history,raw/fda.inspections.history/2026/09/20260908T143416Z-4b7986a411cf.json.gz,1
fda.inspections.history,firm:3010678799,2014-04-24,2026-09-08T14:34:16Z,label,David Nelson,,fda.inspections.history,raw/fda.inspections.history/2026/09/20260908T143416Z-4b7986a411cf.json.gz,1
fda.inspections.history,firm:3010683157,2014-04-02,2026-09-08T14:34:16Z,classification,2,ordinal,fda.inspections.history,raw/fda.inspections.history/2026/09/20260908T143416Z-4b7986a411cf.json.gz,1
fda.inspections.history,firm:3010683157,2014-04-02,2026-09-08T14:34:16Z,firm_key,SCA,,fda.inspections.history,raw/fda.inspections.history/2026/09/20260908T143416Z-4b7986a411cf.json.gz,1
fda.inspections.history,firm:3010683157,2014-04-02,2026-09-08T14:34:16Z,inspected,1,count,fda.inspections.history,raw/fda.inspections.history/2026/09/20260908T143416Z-4b7986a411cf.json.gz,1
fda.inspections.history,firm:3010683157,2014-04-02,2026-09-08T14:34:16Z,inspection_end,20140402,yyyymmdd,fda.inspections.history,raw/fda.inspections.history/2026/09/20260908T143416Z-4b7986a411cf.json.gz,1
fda.inspections.history,firm:3010683157,2014-04-02,2026-09-08T14:34:16Z,is_foreign,0,bool,fda.inspections.history,raw/fda.inspections.history/2026/09/20260908T143416Z-4b7986a411cf.json.gz,1
fda.inspections.history,firm:3010683157,2014-04-02,2026-09-08T14:34:16Z,is_oai,1,bool,fda.inspections.history,raw/fda.inspections.history/2026/09/20260908T143416Z-4b7986a411cf.json.gz,1
fda.inspections.history,firm:3010683157,2014-04-02,2026-09-08T14:34:16Z,label,"SCA Pharmaceuticals, Inc.",,fda.inspections.history,raw/fda.inspections.history/2026/09/20260908T143416Z-4b7986a411cf.json.gz,1
fda.inspections.history,firm:3010685855,2014-04-03,2026-09-08T14:34:16Z,classification,0,ordinal,fda.inspections.history,raw/fda.inspections.history/2026/09/20260908T143416Z-4b7986a411cf.json.gz,1
fda.inspections.history,firm:3010685855,2014-04-03,2026-09-08T14:34:16Z,firm_key,KEVIN D CANNON M D,,fda.inspections.history,raw/fda.inspections.history/2026/09/20260908T143416Z-4b7986a411cf.json.gz,1
fda.inspections.history,firm:3010685855,2014-04-03,2026-09-08T14:34:16Z,inspected,1,count,fda.inspections.history,raw/fda.inspections.history/2026/09/20260908T143416Z-4b7986a411cf.json.gz,1
fda.inspections.history,firm:3010685855,2014-04-03,2026-09-08T14:34:16Z,inspection_end,20140403,yyyymmdd,fda.inspections.history,raw/fda.inspections.history/2026/09/20260908T143416Z-4b7986a411cf.json.gz,1
fda.inspections.history,firm:3010685855,2014-04-03,2026-09-08T14:34:16Z,is_foreign,0,bool,fda.inspections.history,raw/fda.inspections.history/2026/09/20260908T143416Z-4b7986a411cf.json.gz,1
fda.inspections.history,firm:3010685855,2014-04-03,2026-09-08T14:34:16Z,is_oai,0,bool,fda.inspections.history,raw/fda.inspections.history/2026/09/20260908T143416Z-4b7986a411cf.json.gz,1
fda.inspections.history,firm:3010685855,2014-04-03,2026-09-08T14:34:16Z,label,"Kevin D. Cannon, M.D.",,fda.inspections.history,raw/fda.inspections.history/2026/09/20260908T143416Z-4b7986a411cf.json.gz,1
fda.inspections.history,firm:3010697625,2014-04-24,2026-09-08T14:34:16Z,classification,0,ordinal,fda.inspections.history,raw/fda.inspections.history/2026/09/20260908T143416Z-4b7986a411cf.json.gz,1
fda.inspections.history,firm:3010697625,2014-04-24,2026-09-08T14:34:16Z,firm_key,SUPHAMAI BUNNAPRADIST,,fda.inspections.history,raw/fda.inspections.history/2026/09/20260908T143416Z-4b7986a411cf.json.gz,1
fda.inspections.history,firm:3010697625,2014-04-24,2026-09-08T14:34:16Z,inspected,1,count,fda.inspections.history,raw/fda.inspections.history/2026/09/20260908T143416Z-4b7986a411cf.json.gz,1
fda.inspections.history,firm:3010697625,2014-04-24,2026-09-08T14:34:16Z,inspection_end,20140424,yyyymmdd,fda.inspections.history,raw/fda.inspections.history/2026/09/20260908T143416Z-4b7986a411cf.json.gz,1
fda.inspections.history,firm:3010697625,2014-04-24,2026-09-08T14:34:16Z,is_foreign,0,bool,fda.inspections.history,raw/fda.inspections.history/2026/09/20260908T143416Z-4b7986a411cf.json.gz,1
fda.inspections.history,firm:3010697625,2014-04-24,2026-09-08T14:34:16Z,is_oai,0,bool,fda.inspections.history,raw/fda.inspections.history/2026/09/20260908T143416Z-4b7986a411cf.json.gz,1
fda.inspections.history,firm:3010697625,2014-04-24,2026-09-08T14:34:16Z,label,Suphamai Bunnapradist,,fda.inspections.history,raw/fda.inspections.history/2026/09/20260908T143416Z-4b7986a411cf.json.gz,1
fda.inspections.history,firm:3010697644,2014-04-18,2026-09-08T14:34:16Z,classification,1,ordinal,fda.inspections.history,raw/fda.inspections.history/2026/09/20260908T143416Z-4b7986a411cf.json.gz,1
fda.inspections.history,firm:3010697644,2014-04-18,2026-09-08T14:34:16Z,firm_key,MARCUS DUANE STANBRO,,fda.inspections.history,raw/fda.inspections.history/2026/09/20260908T143416Z-4b7986a411cf.json.gz,1
fda.inspections.history,firm:3010697644,2014-04-18,2026-09-08T14:34:16Z,inspected,1,count,fda.inspections.history,raw/fda.inspections.history/2026/09/20260908T143416Z-4b7986a411cf.json.gz,1
fda.inspections.history,firm:3010697644,2014-04-18,2026-09-08T14:34:16Z,inspection_end,20140418,yyyymmdd,fda.inspections.history,raw/fda.inspections.history/2026/09/20260908T143416Z-4b7986a411cf.json.gz,1
fda.inspections.history,firm:3010697644,2014-04-18,2026-09-08T14:34:16Z,is_foreign,0,bool,fda.inspections.history,raw/fda.inspections.history/2026/09/20260908T143416Z-4b7986a411cf.json.gz,1
fda.inspections.history,firm:3010697644,2014-04-18,2026-09-08T14:34:16Z,is_oai,0,bool,fda.inspections.history,raw/fda.inspections.history/2026/09/20260908T143416Z-4b7986a411cf.json.gz,1
fda.inspections.history,firm:3010697644,2014-04-18,2026-09-08T14:34:16Z,label,Marcus Duane Stanbro,,fda.inspections.history,raw/fda.inspections.history/2026/09/20260908T143416Z-4b7986a411cf.json.gz,1
fda.inspections.history,firm:3010712394,2014-04-14,2026-09-08T14:34:16Z,classification,2,ordinal,fda.inspections.history,raw/fda.inspections.history/2026/09/20260908T143416Z-4b7986a411cf.json.gz,1
fda.inspections.history,firm:3010712394,2014-04-14,2026-09-08T14:34:16Z,firm_key,DR JOHN P BILEZIKIAN,,fda.inspections.history,raw/fda.inspections.history/2026/09/20260908T143416Z-4b7986a411cf.json.gz,1
fda.inspections.history,firm:3010712394,2014-04-14,2026-09-08T14:34:16Z,inspected,1,count,fda.inspections.history,raw/fda.inspections.history/2026/09/20260908T143416Z-4b7986a411cf.json.gz,1
fda.inspections.history,firm:3010712394,2014-04-14,2026-09-08T14:34:16Z,inspection_end,20140414,yyyymmdd,fda.inspections.history,raw/fda.inspections.history/2026/09/20260908T143416Z-4b7986a411cf.json.gz,1
fda.inspections.history,firm:3010712394,2014-04-14,2026-09-08T14:34:16Z,is_foreign,0,bool,fda.inspections.history,raw/fda.inspections.history/2026/09/20260908T143416Z-4b7986a411cf.json.gz,1
fda.inspections.history,firm:3010712394,2014-04-14,2026-09-08T14:34:16Z,is_oai,1,bool,fda.inspections.history,raw/fda.inspections.history/2026/09/20260908T143416Z-4b7986a411cf.json.gz,1
fda.inspections.history,firm:3010712394,2014-04-14,2026-09-08T14:34:16Z,label,Dr. John P. Bilezikian,,fda.inspections.history,raw/fda.inspections.history/2026/09/20260908T143416Z-4b7986a411cf.json.gz,1
fda.inspections.history,firm:3010719495,2014-04-01,2026-09-08T14:34:16Z,classification,1,ordinal,fda.inspections.history,raw/fda.inspections.history/2026/09/20260908T143416Z-4b7986a411cf.json.gz,1
fda.inspections.history,firm:3010719495,2014-04-01,2026-09-08T14:34:16Z,firm_key,CHINA NATIONAL ANALYTICAL CENTER,,fda.inspections.history,raw/fda.inspections.history/2026/09/20260908T143416Z-4b7986a411cf.json.gz,1
fda.inspections.history,firm:3010719495,2014-04-01,2026-09-08T14:34:16Z,inspected,1,count,fda.inspections.history,raw/fda.inspections.history/2026/09/20260908T143416Z-4b7986a411cf.json.gz,1
fda.inspections.history,firm:3010719495,2014-04-01,2026-09-08T14:34:16Z,inspection_end,20140401,yyyymmdd,fda.inspections.history,raw/fda.inspections.history/2026/09/20260908T143416Z-4b7986a411cf.json.gz,1
fda.inspections.history,firm:3010719495,2014-04-01,2026-09-08T14:34:16Z,is_foreign,1,bool,fda.inspections.history,raw/fda.inspections.history/2026/09/20260908T143416Z-4b7986a411cf.json.gz,1
fda.inspections.history,firm:3010719495,2014-04-01,2026-09-08T14:34:16Z,is_oai,0,bool,fda.inspections.history,raw/fda.inspections.history/2026/09/20260908T143416Z-4b7986a411cf.json.gz,1
fda.inspections.history,firm:3010719495,2014-04-01,2026-09-08T14:34:16Z,label,China National Analytical Center,,fda.inspections.history,raw/fda.inspections.history/2026/09/20260908T143416Z-4b7986a411cf.json.gz,1
fda.inspections.history,firm:3010737219,2014-04-29,2026-09-08T14:34:16Z,classification,1,ordinal,fda.inspections.history,raw/fda.inspections.history/2026/09/20260908T143416Z-4b7986a411cf.json.gz,1
fda.inspections.history,firm:3010737219,2014-04-29,2026-09-08T14:34:16Z,firm_key,JEFFREY L BLUMER M D PH D,,fda.inspections.history,raw/fda.inspections.history/2026/09/20260908T143416Z-4b7986a411cf.json.gz,1
fda.inspections.history,firm:3010737219,2014-04-29,2026-09-08T14:34:16Z,inspected,1,count,fda.inspections.history,raw/fda.inspections.history/2026/09/20260908T143416Z-4b7986a411cf.json.gz,1
fda.inspections.history,firm:3010737219,2014-04-29,2026-09-08T14:34:16Z,inspection_end,20140429,yyyymmdd,fda.inspections.history,raw/fda.inspections.history/2026/09/20260908T143416Z-4b7986a411cf.json.gz,1
fda.inspections.history,firm:3010737219,2014-04-29,2026-09-08T14:34:16Z,is_foreign,0,bool,fda.inspections.history,raw/fda.inspections.history/2026/09/20260908T143416Z-4b7986a411cf.json.gz,1
fda.inspections.history,firm:3010737219,2014-04-29,2026-09-08T14:34:16Z,is_oai,0,bool,fda.inspections.history,raw/fda.inspections.history/2026/09/20260908T143416Z-4b7986a411cf.json.gz,1
fda.inspections.history,firm:3010737219,2014-04-29,2026-09-08T14:34:16Z,label,"Jeffrey L. Blumer, M.D., Ph.D.",,fda.inspections.history,raw/fda.inspections.history/2026/09/20260908T143416Z-4b7986a411cf.json.gz,1
fda.inspections.history,firm:3010749665,2014-04-24,2026-09-08T14:34:16Z,classification,1,ordinal,fda.inspections.history,raw/fda.inspections.history/2026/09/20260908T143416Z-4b7986a411cf.json.gz,1
fda.inspections.history,firm:3010749665,2014-04-24,2026-09-08T14:34:16Z,firm_key,URSULA MATULONIS MD,,fda.inspections.history,raw/fda.inspections.history/2026/09/20260908T143416Z-4b7986a411cf.json.gz,1
fda.inspections.history,firm:3010749665,2014-04-24,2026-09-08T14:34:16Z,inspected,1,count,fda.inspections.history,raw/fda.inspections.history/2026/09/20260908T143416Z-4b7986a411cf.json.gz,1
fda.inspections.history,firm:3010749665,2014-04-24,2026-09-08T14:34:16Z,inspection_end,20140424,yyyymmdd,fda.inspections.history,raw/fda.inspections.history/2026/09/20260908T143416Z-4b7986a411cf.json.gz,1
fda.inspections.history,firm:3010749665,2014-04-24,2026-09-08T14:34:16Z,is_foreign,0,bool,fda.inspections.history,raw/fda.inspections.history/2026/09/20260908T143416Z-4b7986a411cf.json.gz,1
fda.inspections.history,firm:3010749665,2014-04-24,2026-09-08T14:34:16Z,is_oai,0,bool,fda.inspections.history,raw/fda.inspections.history/2026/09/20260908T143416Z-4b7986a411cf.json.gz,1
fda.inspections.history,firm:3010749665,2014-04-24,2026-09-08T14:34:16Z,label,"Ursula Matulonis, MD",,fda.inspections.history,raw/fda.inspections.history/2026/09/20260908T143416Z-4b7986a411cf.json.gz,1
fda.inspections.history,firm:3010759313,2014-04-04,2026-09-08T14:34:16Z,classification,0,ordinal,fda.inspections.history,raw/fda.inspections.history/2026/09/20260908T143416Z-4b7986a411cf.json.gz,1
fda.inspections.history,firm:3010759313,2014-04-04,2026-09-08T14:34:16Z,firm_key,CHIUNG CHYI SHEN MD PH D,,fda.inspections.history,raw/fda.inspections.history/2026/09/20260908T143416Z-4b7986a411cf.json.gz,1
fda.inspections.history,firm:3010759313,2014-04-04,2026-09-08T14:34:16Z,inspected,1,count,fda.inspections.history,raw/fda.inspections.history/2026/09/20260908T143416Z-4b7986a411cf.json.gz,1
fda.inspections.history,firm:3010759313,2014-04-04,2026-09-08T14:34:16Z,inspection_end,20140404,yyyymmdd,fda.inspections.history,raw/fda.inspections.history/2026/09/20260908T143416Z-4b7986a411cf.json.gz,1
fda.inspections.history,firm:3010759313,2014-04-04,2026-09-08T14:34:16Z,is_foreign,1,bool,fda.inspections.history,raw/fda.inspections.history/2026/09/20260908T143416Z-4b7986a411cf.json.gz,1
fda.inspections.history,firm:3010759313,2014-04-04,2026-09-08T14:34:16Z,is_oai,0,bool,fda.inspections.history,raw/fda.inspections.history/2026/09/20260908T143416Z-4b7986a411cf.json.gz,1
fda.inspections.history,firm:3010759313,2014-04-04,2026-09-08T14:34:16Z,label,"Chiung-Chyi Shen, MD, Ph.D",,fda.inspections.history,raw/fda.inspections.history/2026/09/20260908T143416Z-4b7986a411cf.json.gz,1
fda.inspections.history,firm:3010764193,2014-04-21,2026-09-08T14:34:16Z,classification,1,ordinal,fda.inspections.history,raw/fda.inspections.history/2026/09/20260908T143416Z-4b7986a411cf.json.gz,1
fda.inspections.history,firm:3010764193,2014-04-21,2026-09-08T14:34:16Z,firm_key,EUGENE OREGON,,fda.inspections.history,raw/fda.inspections.history/2026/09/20260908T143416Z-4b7986a411cf.json.gz,1
fda.inspections.history,firm:3010764193,2014-04-21,2026-09-08T14:34:16Z,inspected,1,count,fda.inspections.history,raw/fda.inspections.history/2026/09/20260908T143416Z-4b7986a411cf.json.gz,1
fda.inspections.history,firm:3010764193,2014-04-21,2026-09-08T14:34:16Z,inspection_end,20140421,yyyymmdd,fda.inspections.history,raw/fda.inspections.history/2026/09/20260908T143416Z-4b7986a411cf.json.gz,1
fda.inspections.history,firm:3010764193,2014-04-21,2026-09-08T14:34:16Z,is_foreign,0,bool,fda.inspections.history,raw/fda.inspections.history/2026/09/20260908T143416Z-4b7986a411cf.json.gz,1
fda.inspections.history,firm:3010764193,2014-04-21,2026-09-08T14:34:16Z,is_oai,0,bool,fda.inspections.history,raw/fda.inspections.history/2026/09/20260908T143416Z-4b7986a411cf.json.gz,1
fda.inspections.history,firm:3010764193,2014-04-21,2026-09-08T14:34:16Z,label,"Eugene Oregon, Inc.",,fda.inspections.history,raw/fda.inspections.history/2026/09/20260908T143416Z-4b7986a411cf.json.gz,1
fda.inspections.history,firm:3020693,2014-04-08,2026-09-08T14:34:16Z,classification,0,ordinal,fda.inspections.history,raw/fda.inspections.history/2026/09/20260908T143416Z-4b7986a411cf.json.gz,1
fda.inspections.history,firm:3020693,2014-04-08,2026-09-08T14:34:16Z,firm_key,LINDE GAS EQUIPMENT,,fda.inspections.history,raw/fda.inspections.history/2026/09/20260908T143416Z-4b7986a411cf.json.gz,1
fda.inspections.history,firm:3020693,2014-04-08,2026-09-08T14:34:16Z,inspected,1,count,fda.inspections.history,raw/fda.inspections.history/2026/09/20260908T143416Z-4b7986a411cf.json.gz,1
fda.inspections.history,firm:3020693,2014-04-08,2026-09-08T14:34:16Z,inspection_end,20140408,yyyymmdd,fda.inspections.history,raw/fda.inspections.history/2026/09/20260908T143416Z-4b7986a411cf.json.gz,1
fda.inspections.history,firm:3020693,2014-04-08,2026-09-08T14:34:16Z,is_foreign,0,bool,fda.inspections.history,raw/fda.inspections.history/2026/09/20260908T143416Z-4b7986a411cf.json.gz,1
fda.inspections.history,firm:3020693,2014-04-08,2026-09-08T14:34:16Z,is_oai,0,bool,fda.inspections.history,raw/fda.inspections.history/2026/09/20260908T143416Z-4b7986a411cf.json.gz,1
fda.inspections.history,firm:3020693,2014-04-08,2026-09-08T14:34:16Z,label,Linde Gas & Equipment Inc,,fda.inspections.history,raw/fda.inspections.history/2026/09/20260908T143416Z-4b7986a411cf.json.gz,1
fda.inspections.history,firm:3023464,2014-04-03,2026-09-08T14:34:16Z,classification,1,ordinal,fda.inspections.history,raw/fda.inspections.history/2026/09/20260908T143416Z-4b7986a411cf.json.gz,1
fda.inspections.history,firm:3023464,2014-04-03,2026-09-08T14:34:16Z,firm_key,LEGACY HEALTH IRB,,fda.inspections.history,raw/fda.inspections.history/2026/09/20260908T143416Z-4b7986a411cf.json.gz,1
fda.inspections.history,firm:3023464,2014-04-03,2026-09-08T14:34:16Z,inspected,1,count,fda.inspections.history,raw/fda.inspections.history/2026/09/20260908T143416Z-4b7986a411cf.json.gz,1
fda.inspections.history,firm:3023464,2014-04-03,2026-09-08T14:34:16Z,inspection_end,20140403,yyyymmdd,fda.inspections.history,raw/fda.inspections.history/2026/09/20260908T143416Z-4b7986a411cf.json.gz,1
fda.inspections.history,firm:3023464,2014-04-03,2026-09-08T14:34:16Z,is_foreign,0,bool,fda.inspections.history,raw/fda.inspections.history/2026/09/20260908T143416Z-4b7986a411cf.json.gz,1
fda.inspections.history,firm:3023464,2014-04-03,2026-09-08T14:34:16Z,is_oai,0,bool,fda.inspections.history,raw/fda.inspections.history/2026/09/20260908T143416Z-4b7986a411cf.json.gz,1
fda.inspections.history,firm:3023464,2014-04-03,2026-09-08T14:34:16Z,label,Legacy Health IRB,,fda.inspections.history,raw/fda.inspections.history/2026/09/20260908T143416Z-4b7986a411cf.json.gz,1
