series_id,entity_id,observed_at,captured_at,metric,value,unit,source_id,raw_ref,parser_version
fda.citations.history,firm:1000115137,2015-02-27,2026-09-08T14:31:21Z,cfr,21 CFR 211.198(a),,fda.citations.history,raw/fda.citations.history/2026/09/20260908T143121Z-37225c1abaad.json.gz,1
fda.citations.history,firm:1000115137,2015-02-27,2026-09-08T14:31:21Z,cfr_part,211,part,fda.citations.history,raw/fda.citations.history/2026/09/20260908T143121Z-37225c1abaad.json.gz,1
fda.citations.history,firm:1000115137,2015-02-27,2026-09-08T14:31:21Z,citation,1,count,fda.citations.history,raw/fda.citations.history/2026/09/20260908T143121Z-37225c1abaad.json.gz,1
fda.citations.history,firm:1000115137,2015-02-27,2026-09-08T14:31:21Z,citation_topic,Complaint Handling Procedure,,fda.citations.history,raw/fda.citations.history/2026/09/20260908T143121Z-37225c1abaad.json.gz,1
fda.citations.history,firm:1000115137,2015-02-27,2026-09-08T14:31:21Z,firm_key,FIRST PRIORITY,,fda.citations.history,raw/fda.citations.history/2026/09/20260908T143121Z-37225c1abaad.json.gz,1
fda.citations.history,firm:1000115137,2015-02-27,2026-09-08T14:31:21Z,is_gmp,1,bool,fda.citations.history,raw/fda.citations.history/2026/09/20260908T143121Z-37225c1abaad.json.gz,1
fda.citations.history,firm:1000115137,2015-02-27,2026-09-08T14:31:21Z,label,"First Priority, Inc.",,fda.citations.history,raw/fda.citations.history/2026/09/20260908T143121Z-37225c1abaad.json.gz,1
fda.citations.history,firm:1000122232,2015-02-11,2026-09-08T14:31:21Z,cfr,21 CFR 211.110(a),,fda.citations.history,raw/fda.citations.history/2026/09/20260908T143121Z-37225c1abaad.json.gz,1
fda.citations.history,firm:1000122232,2015-02-11,2026-09-08T14:31:21Z,cfr,21 CFR 211.165(e),,fda.citations.history,raw/fda.citations.history/2026/09/20260908T143121Z-37225c1abaad.json.gz,1
fda.citations.history,firm:1000122232,2015-02-11,2026-09-08T14:31:21Z,cfr,21 CFR 211.170(b),,fda.citations.history,raw/fda.citations.history/2026/09/20260908T143121Z-37225c1abaad.json.gz,1
fda.citations.history,firm:1000122232,2015-02-11,2026-09-08T14:31:21Z,cfr,21 CFR 211.194(a),,fda.citations.history,raw/fda.citations.history/2026/09/20260908T143121Z-37225c1abaad.json.gz,1
fda.citations.history,firm:1000122232,2015-02-11,2026-09-08T14:31:21Z,cfr,21 CFR 211.25(a),,fda.citations.history,raw/fda.citations.history/2026/09/20260908T143121Z-37225c1abaad.json.gz,1
fda.citations.history,firm:1000122232,2015-02-11,2026-09-08T14:31:21Z,cfr,21 CFR 211.84(d)(1),,fda.citations.history,raw/fda.citations.history/2026/09/20260908T143121Z-37225c1abaad.json.gz,1
fda.citations.history,firm:1000122232,2015-02-11,2026-09-08T14:31:21Z,cfr_part,211,part,fda.citations.history,raw/fda.citations.history/2026/09/20260908T143121Z-37225c1abaad.json.gz,1
fda.citations.history,firm:1000122232,2015-02-11,2026-09-08T14:31:21Z,citation,1,count,fda.citations.history,raw/fda.citations.history/2026/09/20260908T143121Z-37225c1abaad.json.gz,1
fda.citations.history,firm:1000122232,2015-02-11,2026-09-08T14:31:21Z,citation_topic,Annual visual exams of drug products,,fda.citations.history,raw/fda.citations.history/2026/09/20260908T143121Z-37225c1abaad.json.gz,1
fda.citations.history,firm:1000122232,2015-02-11,2026-09-08T14:31:21Z,citation_topic,Complete test data included in records,,fda.citations.history,raw/fda.citations.history/2026/09/20260908T143121Z-37225c1abaad.json.gz,1
fda.citations.history,firm:1000122232,2015-02-11,2026-09-08T14:31:21Z,citation_topic,Control procedures to monitor and validate performance,,fda.citations.history,raw/fda.citations.history/2026/09/20260908T143121Z-37225c1abaad.json.gz,1
fda.citations.history,firm:1000122232,2015-02-11,2026-09-08T14:31:21Z,citation_topic,Drug product reserve containers,,fda.citations.history,raw/fda.citations.history/2026/09/20260908T143121Z-37225c1abaad.json.gz,1
fda.citations.history,firm:1000122232,2015-02-11,2026-09-08T14:31:21Z,citation_topic,GMP Training Frequency,,fda.citations.history,raw/fda.citations.history/2026/09/20260908T143121Z-37225c1abaad.json.gz,1
fda.citations.history,firm:1000122232,2015-02-11,2026-09-08T14:31:21Z,citation_topic,Identity Testing of Each Component,,fda.citations.history,raw/fda.citations.history/2026/09/20260908T143121Z-37225c1abaad.json.gz,1
fda.citations.history,firm:1000122232,2015-02-11,2026-09-08T14:31:21Z,citation_topic,Test methods,,fda.citations.history,raw/fda.citations.history/2026/09/20260908T143121Z-37225c1abaad.json.gz,1
fda.citations.history,firm:1000122232,2015-02-11,2026-09-08T14:31:21Z,firm_key,INOPAK,,fda.citations.history,raw/fda.citations.history/2026/09/20260908T143121Z-37225c1abaad.json.gz,1
fda.citations.history,firm:1000122232,2015-02-11,2026-09-08T14:31:21Z,is_gmp,1,bool,fda.citations.history,raw/fda.citations.history/2026/09/20260908T143121Z-37225c1abaad.json.gz,1
fda.citations.history,firm:1000122232,2015-02-11,2026-09-08T14:31:21Z,label,Inopak Ltd,,fda.citations.history,raw/fda.citations.history/2026/09/20260908T143121Z-37225c1abaad.json.gz,1
fda.citations.history,firm:1000181428,2015-02-13,2026-09-08T14:31:21Z,cfr,21 CFR 211.192,,fda.citations.history,raw/fda.citations.history/2026/09/20260908T143121Z-37225c1abaad.json.gz,1
fda.citations.history,firm:1000181428,2015-02-13,2026-09-08T14:31:21Z,cfr,21 CFR 211.22(d),,fda.citations.history,raw/fda.citations.history/2026/09/20260908T143121Z-37225c1abaad.json.gz,1
fda.citations.history,firm:1000181428,2015-02-13,2026-09-08T14:31:21Z,cfr_part,211,part,fda.citations.history,raw/fda.citations.history/2026/09/20260908T143121Z-37225c1abaad.json.gz,1
fda.citations.history,firm:1000181428,2015-02-13,2026-09-08T14:31:21Z,citation,1,count,fda.citations.history,raw/fda.citations.history/2026/09/20260908T143121Z-37225c1abaad.json.gz,1
fda.citations.history,firm:1000181428,2015-02-13,2026-09-08T14:31:21Z,citation_topic,"Investigations of discrepancies, failures",,fda.citations.history,raw/fda.citations.history/2026/09/20260908T143121Z-37225c1abaad.json.gz,1
fda.citations.history,firm:1000181428,2015-02-13,2026-09-08T14:31:21Z,citation_topic,"Procedures not  in writing, fully followed",,fda.citations.history,raw/fda.citations.history/2026/09/20260908T143121Z-37225c1abaad.json.gz,1
fda.citations.history,firm:1000181428,2015-02-13,2026-09-08T14:31:21Z,firm_key,INTERCOS EUROPE S P A,,fda.citations.history,raw/fda.citations.history/2026/09/20260908T143121Z-37225c1abaad.json.gz,1
fda.citations.history,firm:1000181428,2015-02-13,2026-09-08T14:31:21Z,is_gmp,1,bool,fda.citations.history,raw/fda.citations.history/2026/09/20260908T143121Z-37225c1abaad.json.gz,1
fda.citations.history,firm:1000181428,2015-02-13,2026-09-08T14:31:21Z,label,Intercos Europe S.p.A,,fda.citations.history,raw/fda.citations.history/2026/09/20260908T143121Z-37225c1abaad.json.gz,1
fda.citations.history,firm:1000526900,2015-02-23,2026-09-08T14:31:21Z,cfr,21 CFR 211.63,,fda.citations.history,raw/fda.citations.history/2026/09/20260908T143121Z-37225c1abaad.json.gz,1
fda.citations.history,firm:1000526900,2015-02-23,2026-09-08T14:31:21Z,cfr,21 CFR 211.84(d)(1),,fda.citations.history,raw/fda.citations.history/2026/09/20260908T143121Z-37225c1abaad.json.gz,1
fda.citations.history,firm:1000526900,2015-02-23,2026-09-08T14:31:21Z,cfr_part,211,part,fda.citations.history,raw/fda.citations.history/2026/09/20260908T143121Z-37225c1abaad.json.gz,1
fda.citations.history,firm:1000526900,2015-02-23,2026-09-08T14:31:21Z,citation,1,count,fda.citations.history,raw/fda.citations.history/2026/09/20260908T143121Z-37225c1abaad.json.gz,1
fda.citations.history,firm:1000526900,2015-02-23,2026-09-08T14:31:21Z,citation_topic,"Equipment Design, Size and Location",,fda.citations.history,raw/fda.citations.history/2026/09/20260908T143121Z-37225c1abaad.json.gz,1
fda.citations.history,firm:1000526900,2015-02-23,2026-09-08T14:31:21Z,citation_topic,Identity Testing of Each Component,,fda.citations.history,raw/fda.citations.history/2026/09/20260908T143121Z-37225c1abaad.json.gz,1
fda.citations.history,firm:1000526900,2015-02-23,2026-09-08T14:31:21Z,firm_key,DERMARITE INDUSTRIES,,fda.citations.history,raw/fda.citations.history/2026/09/20260908T143121Z-37225c1abaad.json.gz,1
fda.citations.history,firm:1000526900,2015-02-23,2026-09-08T14:31:21Z,is_gmp,1,bool,fda.citations.history,raw/fda.citations.history/2026/09/20260908T143121Z-37225c1abaad.json.gz,1
fda.citations.history,firm:1000526900,2015-02-23,2026-09-08T14:31:21Z,label,"DermaRite Industries, LLC",,fda.citations.history,raw/fda.citations.history/2026/09/20260908T143121Z-37225c1abaad.json.gz,1
fda.citations.history,firm:1117490,2015-02-12,2026-09-08T14:31:21Z,cfr,21 CFR 211.150(a),,fda.citations.history,raw/fda.citations.history/2026/09/20260908T143121Z-37225c1abaad.json.gz,1
fda.citations.history,firm:1117490,2015-02-12,2026-09-08T14:31:21Z,cfr_part,211,part,fda.citations.history,raw/fda.citations.history/2026/09/20260908T143121Z-37225c1abaad.json.gz,1
fda.citations.history,firm:1117490,2015-02-12,2026-09-08T14:31:21Z,citation,1,count,fda.citations.history,raw/fda.citations.history/2026/09/20260908T143121Z-37225c1abaad.json.gz,1
fda.citations.history,firm:1117490,2015-02-12,2026-09-08T14:31:21Z,citation_topic,Distribution of oldest approved drugs,,fda.citations.history,raw/fda.citations.history/2026/09/20260908T143121Z-37225c1abaad.json.gz,1
fda.citations.history,firm:1117490,2015-02-12,2026-09-08T14:31:21Z,firm_key,LINDE GAS EQUIPMENT,,fda.citations.history,raw/fda.citations.history/2026/09/20260908T143121Z-37225c1abaad.json.gz,1
fda.citations.history,firm:1117490,2015-02-12,2026-09-08T14:31:21Z,is_gmp,1,bool,fda.citations.history,raw/fda.citations.history/2026/09/20260908T143121Z-37225c1abaad.json.gz,1
fda.citations.history,firm:1117490,2015-02-12,2026-09-08T14:31:21Z,label,Linde Gas & Equipment Inc.,,fda.citations.history,raw/fda.citations.history/2026/09/20260908T143121Z-37225c1abaad.json.gz,1
fda.citations.history,firm:1120199,2015-02-20,2026-09-08T14:31:21Z,cfr,21 CFR 211.192,,fda.citations.history,raw/fda.citations.history/2026/09/20260908T143121Z-37225c1abaad.json.gz,1
fda.citations.history,firm:1120199,2015-02-20,2026-09-08T14:31:21Z,cfr,21 CFR 211.25(a),,fda.citations.history,raw/fda.citations.history/2026/09/20260908T143121Z-37225c1abaad.json.gz,1
fda.citations.history,firm:1120199,2015-02-20,2026-09-08T14:31:21Z,cfr_part,211,part,fda.citations.history,raw/fda.citations.history/2026/09/20260908T143121Z-37225c1abaad.json.gz,1
fda.citations.history,firm:1120199,2015-02-20,2026-09-08T14:31:21Z,citation,1,count,fda.citations.history,raw/fda.citations.history/2026/09/20260908T143121Z-37225c1abaad.json.gz,1
fda.citations.history,firm:1120199,2015-02-20,2026-09-08T14:31:21Z,citation_topic,"Extent of discrepancy, failure  investigations",,fda.citations.history,raw/fda.citations.history/2026/09/20260908T143121Z-37225c1abaad.json.gz,1
fda.citations.history,firm:1120199,2015-02-20,2026-09-08T14:31:21Z,citation_topic,GMP Training Frequency,,fda.citations.history,raw/fda.citations.history/2026/09/20260908T143121Z-37225c1abaad.json.gz,1
fda.citations.history,firm:1120199,2015-02-20,2026-09-08T14:31:21Z,firm_key,FAREVA RICHMOND,,fda.citations.history,raw/fda.citations.history/2026/09/20260908T143121Z-37225c1abaad.json.gz,1
fda.citations.history,firm:1120199,2015-02-20,2026-09-08T14:31:21Z,is_gmp,1,bool,fda.citations.history,raw/fda.citations.history/2026/09/20260908T143121Z-37225c1abaad.json.gz,1
fda.citations.history,firm:1120199,2015-02-20,2026-09-08T14:31:21Z,label,"Fareva Richmond, Inc.",,fda.citations.history,raw/fda.citations.history/2026/09/20260908T143121Z-37225c1abaad.json.gz,1
fda.citations.history,firm:1219462,2015-02-18,2026-09-08T14:31:21Z,cfr,21 CFR 211.105(b),,fda.citations.history,raw/fda.citations.history/2026/09/20260908T143121Z-37225c1abaad.json.gz,1
fda.citations.history,firm:1219462,2015-02-18,2026-09-08T14:31:21Z,cfr,21 CFR 211.111,,fda.citations.history,raw/fda.citations.history/2026/09/20260908T143121Z-37225c1abaad.json.gz,1
fda.citations.history,firm:1219462,2015-02-18,2026-09-08T14:31:21Z,cfr,21 CFR 211.67(b),,fda.citations.history,raw/fda.citations.history/2026/09/20260908T143121Z-37225c1abaad.json.gz,1
fda.citations.history,firm:1219462,2015-02-18,2026-09-08T14:31:21Z,cfr,21 CFR 211.84(d)(1),,fda.citations.history,raw/fda.citations.history/2026/09/20260908T143121Z-37225c1abaad.json.gz,1
fda.citations.history,firm:1219462,2015-02-18,2026-09-08T14:31:21Z,cfr_part,211,part,fda.citations.history,raw/fda.citations.history/2026/09/20260908T143121Z-37225c1abaad.json.gz,1
fda.citations.history,firm:1219462,2015-02-18,2026-09-08T14:31:21Z,citation,1,count,fda.citations.history,raw/fda.citations.history/2026/09/20260908T143121Z-37225c1abaad.json.gz,1
fda.citations.history,firm:1219462,2015-02-18,2026-09-08T14:31:21Z,citation_topic,Distinctive ID or code not recorded in batch record,,fda.citations.history,raw/fda.citations.history/2026/09/20260908T143121Z-37225c1abaad.json.gz,1
fda.citations.history,firm:1219462,2015-02-18,2026-09-08T14:31:21Z,citation_topic,Establishment of time limitations,,fda.citations.history,raw/fda.citations.history/2026/09/20260908T143121Z-37225c1abaad.json.gz,1
fda.citations.history,firm:1219462,2015-02-18,2026-09-08T14:31:21Z,citation_topic,Identity Testing of Each Component,,fda.citations.history,raw/fda.citations.history/2026/09/20260908T143121Z-37225c1abaad.json.gz,1
fda.citations.history,firm:1219462,2015-02-18,2026-09-08T14:31:21Z,citation_topic,Written procedures fail to include,,fda.citations.history,raw/fda.citations.history/2026/09/20260908T143121Z-37225c1abaad.json.gz,1
fda.citations.history,firm:1219462,2015-02-18,2026-09-08T14:31:21Z,firm_key,WEBCO CHEMICAL,,fda.citations.history,raw/fda.citations.history/2026/09/20260908T143121Z-37225c1abaad.json.gz,1
fda.citations.history,firm:1219462,2015-02-18,2026-09-08T14:31:21Z,is_gmp,1,bool,fda.citations.history,raw/fda.citations.history/2026/09/20260908T143121Z-37225c1abaad.json.gz,1
fda.citations.history,firm:1219462,2015-02-18,2026-09-08T14:31:21Z,label,Webco Chemical Corp.,,fda.citations.history,raw/fda.citations.history/2026/09/20260908T143121Z-37225c1abaad.json.gz,1
fda.citations.history,firm:1311614,2015-02-26,2026-09-08T14:31:21Z,cfr,21 CFR 211.103,,fda.citations.history,raw/fda.citations.history/2026/09/20260908T143121Z-37225c1abaad.json.gz,1
fda.citations.history,firm:1311614,2015-02-26,2026-09-08T14:31:21Z,cfr,21 CFR 211.188(b)(5),,fda.citations.history,raw/fda.citations.history/2026/09/20260908T143121Z-37225c1abaad.json.gz,1
fda.citations.history,firm:1311614,2015-02-26,2026-09-08T14:31:21Z,cfr_part,211,part,fda.citations.history,raw/fda.citations.history/2026/09/20260908T143121Z-37225c1abaad.json.gz,1
fda.citations.history,firm:1311614,2015-02-26,2026-09-08T14:31:21Z,citation,1,count,fda.citations.history,raw/fda.citations.history/2026/09/20260908T143121Z-37225c1abaad.json.gz,1
fda.citations.history,firm:1311614,2015-02-26,2026-09-08T14:31:21Z,citation_topic,Actual vs. theoretical yields not determined,,fda.citations.history,raw/fda.citations.history/2026/09/20260908T143121Z-37225c1abaad.json.gz,1
fda.citations.history,firm:1311614,2015-02-26,2026-09-08T14:31:21Z,citation_topic,In-process and laboratory control results,,fda.citations.history,raw/fda.citations.history/2026/09/20260908T143121Z-37225c1abaad.json.gz,1
fda.citations.history,firm:1311614,2015-02-26,2026-09-08T14:31:21Z,firm_key,H W NAYLOR,,fda.citations.history,raw/fda.citations.history/2026/09/20260908T143121Z-37225c1abaad.json.gz,1
fda.citations.history,firm:1311614,2015-02-26,2026-09-08T14:31:21Z,is_gmp,1,bool,fda.citations.history,raw/fda.citations.history/2026/09/20260908T143121Z-37225c1abaad.json.gz,1
fda.citations.history,firm:1311614,2015-02-26,2026-09-08T14:31:21Z,label,H. W. Naylor Company Inc.,,fda.citations.history,raw/fda.citations.history/2026/09/20260908T143121Z-37225c1abaad.json.gz,1
fda.citations.history,firm:1420708,2015-02-17,2026-09-08T14:31:21Z,cfr,21 CFR 211.105(a),,fda.citations.history,raw/fda.citations.history/2026/09/20260908T143121Z-37225c1abaad.json.gz,1
fda.citations.history,firm:1420708,2015-02-17,2026-09-08T14:31:21Z,cfr,21 CFR 211.122(a),,fda.citations.history,raw/fda.citations.history/2026/09/20260908T143121Z-37225c1abaad.json.gz,1
fda.citations.history,firm:1420708,2015-02-17,2026-09-08T14:31:21Z,cfr,21 CFR 211.125(f),,fda.citations.history,raw/fda.citations.history/2026/09/20260908T143121Z-37225c1abaad.json.gz,1
fda.citations.history,firm:1420708,2015-02-17,2026-09-08T14:31:21Z,cfr,21 CFR 211.160(a),,fda.citations.history,raw/fda.citations.history/2026/09/20260908T143121Z-37225c1abaad.json.gz,1
fda.citations.history,firm:1420708,2015-02-17,2026-09-08T14:31:21Z,cfr,21 CFR 211.160(b),,fda.citations.history,raw/fda.citations.history/2026/09/20260908T143121Z-37225c1abaad.json.gz,1
fda.citations.history,firm:1420708,2015-02-17,2026-09-08T14:31:21Z,cfr,21 CFR 211.180(e)(1),,fda.citations.history,raw/fda.citations.history/2026/09/20260908T143121Z-37225c1abaad.json.gz,1
fda.citations.history,firm:1420708,2015-02-17,2026-09-08T14:31:21Z,cfr,21 CFR 211.25(a),,fda.citations.history,raw/fda.citations.history/2026/09/20260908T143121Z-37225c1abaad.json.gz,1
fda.citations.history,firm:1420708,2015-02-17,2026-09-08T14:31:21Z,cfr,21 CFR 211.25(c),,fda.citations.history,raw/fda.citations.history/2026/09/20260908T143121Z-37225c1abaad.json.gz,1
fda.citations.history,firm:1420708,2015-02-17,2026-09-08T14:31:21Z,cfr,21 CFR 211.67(a),,fda.citations.history,raw/fda.citations.history/2026/09/20260908T143121Z-37225c1abaad.json.gz,1
fda.citations.history,firm:1420708,2015-02-17,2026-09-08T14:31:21Z,cfr,21 CFR 211.68(a),,fda.citations.history,raw/fda.citations.history/2026/09/20260908T143121Z-37225c1abaad.json.gz,1
fda.citations.history,firm:1420708,2015-02-17,2026-09-08T14:31:21Z,cfr,21 CFR 211.80(c),,fda.citations.history,raw/fda.citations.history/2026/09/20260908T143121Z-37225c1abaad.json.gz,1
fda.citations.history,firm:1420708,2015-02-17,2026-09-08T14:31:21Z,cfr,21 CFR 211.84(b),,fda.citations.history,raw/fda.citations.history/2026/09/20260908T143121Z-37225c1abaad.json.gz,1
fda.citations.history,firm:1420708,2015-02-17,2026-09-08T14:31:21Z,cfr_part,211,part,fda.citations.history,raw/fda.citations.history/2026/09/20260908T143121Z-37225c1abaad.json.gz,1
fda.citations.history,firm:1420708,2015-02-17,2026-09-08T14:31:21Z,citation,1,count,fda.citations.history,raw/fda.citations.history/2026/09/20260908T143121Z-37225c1abaad.json.gz,1
fda.citations.history,firm:1420708,2015-02-17,2026-09-08T14:31:21Z,citation_topic,Calibration/Inspection/Checking not done,,fda.citations.history,raw/fda.citations.history/2026/09/20260908T143121Z-37225c1abaad.json.gz,1
fda.citations.history,firm:1420708,2015-02-17,2026-09-08T14:31:21Z,citation_topic,Cleaning / Sanitizing / Maintenance,,fda.citations.history,raw/fda.citations.history/2026/09/20260908T143121Z-37225c1abaad.json.gz,1
fda.citations.history,firm:1420708,2015-02-17,2026-09-08T14:31:21Z,citation_topic,"Identification of containers, lines, equipment",,fda.citations.history,raw/fda.citations.history/2026/09/20260908T143121Z-37225c1abaad.json.gz,1
fda.citations.history,firm:1420708,2015-02-17,2026-09-08T14:31:21Z,citation_topic,Inadequate number of  personnel,,fda.citations.history,raw/fda.citations.history/2026/09/20260908T143121Z-37225c1abaad.json.gz,1
fda.citations.history,firm:1420708,2015-02-17,2026-09-08T14:31:21Z,citation_topic,"Lab controls established, including changes",,fda.citations.history,raw/fda.citations.history/2026/09/20260908T143121Z-37225c1abaad.json.gz,1
fda.citations.history,firm:1420708,2015-02-17,2026-09-08T14:31:21Z,citation_topic,Procedures Written and Followed,,fda.citations.history,raw/fda.citations.history/2026/09/20260908T143121Z-37225c1abaad.json.gz,1
fda.citations.history,firm:1420708,2015-02-17,2026-09-08T14:31:21Z,citation_topic,Representative Samples Criteria,,fda.citations.history,raw/fda.citations.history/2026/09/20260908T143121Z-37225c1abaad.json.gz,1
fda.citations.history,firm:1420708,2015-02-17,2026-09-08T14:31:21Z,citation_topic,Review of representative number of batches,,fda.citations.history,raw/fda.citations.history/2026/09/20260908T143121Z-37225c1abaad.json.gz,1
fda.citations.history,firm:1420708,2015-02-17,2026-09-08T14:31:21Z,citation_topic,Scientifically sound laboratory controls,,fda.citations.history,raw/fda.citations.history/2026/09/20260908T143121Z-37225c1abaad.json.gz,1
fda.citations.history,firm:1420708,2015-02-17,2026-09-08T14:31:21Z,citation_topic,"Storage off Floor, Spaced Suitably",,fda.citations.history,raw/fda.citations.history/2026/09/20260908T143121Z-37225c1abaad.json.gz,1
fda.citations.history,firm:1420708,2015-02-17,2026-09-08T14:31:21Z,citation_topic,"Training--operations, GMPs, written procedures",,fda.citations.history,raw/fda.citations.history/2026/09/20260908T143121Z-37225c1abaad.json.gz,1
fda.citations.history,firm:1420708,2015-02-17,2026-09-08T14:31:21Z,citation_topic,Written procedures not followed,,fda.citations.history,raw/fda.citations.history/2026/09/20260908T143121Z-37225c1abaad.json.gz,1
fda.citations.history,firm:1420708,2015-02-17,2026-09-08T14:31:21Z,firm_key,FINISH LINE HORSE PRODUCTS,,fda.citations.history,raw/fda.citations.history/2026/09/20260908T143121Z-37225c1abaad.json.gz,1
fda.citations.history,firm:1420708,2015-02-17,2026-09-08T14:31:21Z,is_gmp,1,bool,fda.citations.history,raw/fda.citations.history/2026/09/20260908T143121Z-37225c1abaad.json.gz,1
fda.citations.history,firm:1420708,2015-02-17,2026-09-08T14:31:21Z,label,"Finish Line Horse Products, Inc.",,fda.citations.history,raw/fda.citations.history/2026/09/20260908T143121Z-37225c1abaad.json.gz,1
fda.citations.history,firm:1642813,2015-02-13,2026-09-08T14:31:21Z,cfr,21 CFR 211.100(b),,fda.citations.history,raw/fda.citations.history/2026/09/20260908T143121Z-37225c1abaad.json.gz,1
fda.citations.history,firm:1642813,2015-02-13,2026-09-08T14:31:21Z,cfr,21 CFR 211.105(a),,fda.citations.history,raw/fda.citations.history/2026/09/20260908T143121Z-37225c1abaad.json.gz,1
fda.citations.history,firm:1642813,2015-02-13,2026-09-08T14:31:21Z,cfr,21 CFR 211.110(a),,fda.citations.history,raw/fda.citations.history/2026/09/20260908T143121Z-37225c1abaad.json.gz,1
fda.citations.history,firm:1642813,2015-02-13,2026-09-08T14:31:21Z,cfr,21 CFR 211.110(c),,fda.citations.history,raw/fda.citations.history/2026/09/20260908T143121Z-37225c1abaad.json.gz,1
fda.citations.history,firm:1642813,2015-02-13,2026-09-08T14:31:21Z,cfr,21 CFR 211.125(a),,fda.citations.history,raw/fda.citations.history/2026/09/20260908T143121Z-37225c1abaad.json.gz,1
fda.citations.history,firm:1642813,2015-02-13,2026-09-08T14:31:21Z,cfr,21 CFR 211.160(b),,fda.citations.history,raw/fda.citations.history/2026/09/20260908T143121Z-37225c1abaad.json.gz,1
fda.citations.history,firm:1642813,2015-02-13,2026-09-08T14:31:21Z,cfr,21 CFR 211.180(e),,fda.citations.history,raw/fda.citations.history/2026/09/20260908T143121Z-37225c1abaad.json.gz,1
fda.citations.history,firm:1642813,2015-02-13,2026-09-08T14:31:21Z,cfr,21 CFR 211.188,,fda.citations.history,raw/fda.citations.history/2026/09/20260908T143121Z-37225c1abaad.json.gz,1
fda.citations.history,firm:1642813,2015-02-13,2026-09-08T14:31:21Z,cfr,21 CFR 211.192,,fda.citations.history,raw/fda.citations.history/2026/09/20260908T143121Z-37225c1abaad.json.gz,1
fda.citations.history,firm:1642813,2015-02-13,2026-09-08T14:31:21Z,cfr,21 CFR 211.198(a),,fda.citations.history,raw/fda.citations.history/2026/09/20260908T143121Z-37225c1abaad.json.gz,1
fda.citations.history,firm:1642813,2015-02-13,2026-09-08T14:31:21Z,cfr,21 CFR 211.22(d),,fda.citations.history,raw/fda.citations.history/2026/09/20260908T143121Z-37225c1abaad.json.gz,1
fda.citations.history,firm:1642813,2015-02-13,2026-09-08T14:31:21Z,cfr,21 CFR 211.67(a),,fda.citations.history,raw/fda.citations.history/2026/09/20260908T143121Z-37225c1abaad.json.gz,1
fda.citations.history,firm:1642813,2015-02-13,2026-09-08T14:31:21Z,cfr,21 CFR 211.84(b),,fda.citations.history,raw/fda.citations.history/2026/09/20260908T143121Z-37225c1abaad.json.gz,1
fda.citations.history,firm:1642813,2015-02-13,2026-09-08T14:31:21Z,cfr_part,211,part,fda.citations.history,raw/fda.citations.history/2026/09/20260908T143121Z-37225c1abaad.json.gz,1
fda.citations.history,firm:1642813,2015-02-13,2026-09-08T14:31:21Z,citation,1,count,fda.citations.history,raw/fda.citations.history/2026/09/20260908T143121Z-37225c1abaad.json.gz,1
fda.citations.history,firm:1642813,2015-02-13,2026-09-08T14:31:21Z,citation_topic,Cleaning / Sanitizing / Maintenance,,fda.citations.history,raw/fda.citations.history/2026/09/20260908T143121Z-37225c1abaad.json.gz,1
fda.citations.history,firm:1642813,2015-02-13,2026-09-08T14:31:21Z,citation_topic,Control procedures to monitor and validate performance,,fda.citations.history,raw/fda.citations.history/2026/09/20260908T143121Z-37225c1abaad.json.gz,1
fda.citations.history,firm:1642813,2015-02-13,2026-09-08T14:31:21Z,citation_topic,"Extent of discrepancy, failure  investigations",,fda.citations.history,raw/fda.citations.history/2026/09/20260908T143121Z-37225c1abaad.json.gz,1
fda.citations.history,firm:1642813,2015-02-13,2026-09-08T14:31:21Z,citation_topic,"Identification of containers, lines, equipment",,fda.citations.history,raw/fda.citations.history/2026/09/20260908T143121Z-37225c1abaad.json.gz,1
fda.citations.history,firm:1642813,2015-02-13,2026-09-08T14:31:21Z,citation_topic,In-process materials characteristics testing,,fda.citations.history,raw/fda.citations.history/2026/09/20260908T143121Z-37225c1abaad.json.gz,1
fda.citations.history,firm:1642813,2015-02-13,2026-09-08T14:31:21Z,citation_topic,"Prepared for each batch, include complete information",,fda.citations.history,raw/fda.citations.history/2026/09/20260908T143121Z-37225c1abaad.json.gz,1
fda.citations.history,firm:1642813,2015-02-13,2026-09-08T14:31:21Z,citation_topic,"Procedures not  in writing, fully followed",,fda.citations.history,raw/fda.citations.history/2026/09/20260908T143121Z-37225c1abaad.json.gz,1
fda.citations.history,firm:1642813,2015-02-13,2026-09-08T14:31:21Z,citation_topic,Procedures to be written and followed,,fda.citations.history,raw/fda.citations.history/2026/09/20260908T143121Z-37225c1abaad.json.gz,1
fda.citations.history,firm:1642813,2015-02-13,2026-09-08T14:31:21Z,citation_topic,Records reviewed annually,,fda.citations.history,raw/fda.citations.history/2026/09/20260908T143121Z-37225c1abaad.json.gz,1
fda.citations.history,firm:1642813,2015-02-13,2026-09-08T14:31:21Z,citation_topic,Representative Samples,,fda.citations.history,raw/fda.citations.history/2026/09/20260908T143121Z-37225c1abaad.json.gz,1
fda.citations.history,firm:1642813,2015-02-13,2026-09-08T14:31:21Z,citation_topic,SOPs not followed / documented,,fda.citations.history,raw/fda.citations.history/2026/09/20260908T143121Z-37225c1abaad.json.gz,1
fda.citations.history,firm:1642813,2015-02-13,2026-09-08T14:31:21Z,citation_topic,Scientifically sound laboratory controls,,fda.citations.history,raw/fda.citations.history/2026/09/20260908T143121Z-37225c1abaad.json.gz,1
fda.citations.history,firm:1642813,2015-02-13,2026-09-08T14:31:21Z,citation_topic,Strict control not exercised over labeling issued,,fda.citations.history,raw/fda.citations.history/2026/09/20260908T143121Z-37225c1abaad.json.gz,1
fda.citations.history,firm:1642813,2015-02-13,2026-09-08T14:31:21Z,firm_key,CHEMOLEE,,fda.citations.history,raw/fda.citations.history/2026/09/20260908T143121Z-37225c1abaad.json.gz,1
fda.citations.history,firm:1642813,2015-02-13,2026-09-08T14:31:21Z,is_gmp,1,bool,fda.citations.history,raw/fda.citations.history/2026/09/20260908T143121Z-37225c1abaad.json.gz,1
fda.citations.history,firm:1642813,2015-02-13,2026-09-08T14:31:21Z,label,Chemolee Lab Corporation,,fda.citations.history,raw/fda.citations.history/2026/09/20260908T143121Z-37225c1abaad.json.gz,1
fda.citations.history,firm:1818556,2015-02-12,2026-09-08T14:31:21Z,cfr,21 CFR 211.160(b)(4),,fda.citations.history,raw/fda.citations.history/2026/09/20260908T143121Z-37225c1abaad.json.gz,1
fda.citations.history,firm:1818556,2015-02-12,2026-09-08T14:31:21Z,cfr,21 CFR 211.166(a),,fda.citations.history,raw/fda.citations.history/2026/09/20260908T143121Z-37225c1abaad.json.gz,1
fda.citations.history,firm:1818556,2015-02-12,2026-09-08T14:31:21Z,cfr,21 CFR 211.22(d),,fda.citations.history,raw/fda.citations.history/2026/09/20260908T143121Z-37225c1abaad.json.gz,1
fda.citations.history,firm:1818556,2015-02-12,2026-09-08T14:31:21Z,cfr_part,211,part,fda.citations.history,raw/fda.citations.history/2026/09/20260908T143121Z-37225c1abaad.json.gz,1
fda.citations.history,firm:1818556,2015-02-12,2026-09-08T14:31:21Z,citation,1,count,fda.citations.history,raw/fda.citations.history/2026/09/20260908T143121Z-37225c1abaad.json.gz,1
fda.citations.history,firm:1818556,2015-02-12,2026-09-08T14:31:21Z,citation_topic,"Calibration - at intervals, written program, remedial action",,fda.citations.history,raw/fda.citations.history/2026/09/20260908T143121Z-37225c1abaad.json.gz,1
fda.citations.history,firm:1818556,2015-02-12,2026-09-08T14:31:21Z,citation_topic,Lack of written stability program,,fda.citations.history,raw/fda.citations.history/2026/09/20260908T143121Z-37225c1abaad.json.gz,1
fda.citations.history,firm:1818556,2015-02-12,2026-09-08T14:31:21Z,citation_topic,"Procedures not  in writing, fully followed",,fda.citations.history,raw/fda.citations.history/2026/09/20260908T143121Z-37225c1abaad.json.gz,1
fda.citations.history,firm:1818556,2015-02-12,2026-09-08T14:31:21Z,firm_key,FLINT WELDING SUPPLY,,fda.citations.history,raw/fda.citations.history/2026/09/20260908T143121Z-37225c1abaad.json.gz,1
fda.citations.history,firm:1818556,2015-02-12,2026-09-08T14:31:21Z,is_gmp,1,bool,fda.citations.history,raw/fda.citations.history/2026/09/20260908T143121Z-37225c1abaad.json.gz,1
fda.citations.history,firm:1818556,2015-02-12,2026-09-08T14:31:21Z,label,Flint Welding Supply Co.,,fda.citations.history,raw/fda.citations.history/2026/09/20260908T143121Z-37225c1abaad.json.gz,1
fda.citations.history,firm:1831301,2015-02-20,2026-09-08T14:31:21Z,cfr,21 CFR 211.160(b),,fda.citations.history,raw/fda.citations.history/2026/09/20260908T143121Z-37225c1abaad.json.gz,1
fda.citations.history,firm:1831301,2015-02-20,2026-09-08T14:31:21Z,cfr,21 CFR 211.22(d),,fda.citations.history,raw/fda.citations.history/2026/09/20260908T143121Z-37225c1abaad.json.gz,1
fda.citations.history,firm:1831301,2015-02-20,2026-09-08T14:31:21Z,cfr_part,211,part,fda.citations.history,raw/fda.citations.history/2026/09/20260908T143121Z-37225c1abaad.json.gz,1
fda.citations.history,firm:1831301,2015-02-20,2026-09-08T14:31:21Z,citation,1,count,fda.citations.history,raw/fda.citations.history/2026/09/20260908T143121Z-37225c1abaad.json.gz,1
fda.citations.history,firm:1831301,2015-02-20,2026-09-08T14:31:21Z,citation_topic,"Procedures not  in writing, fully followed",,fda.citations.history,raw/fda.citations.history/2026/09/20260908T143121Z-37225c1abaad.json.gz,1
fda.citations.history,firm:1831301,2015-02-20,2026-09-08T14:31:21Z,citation_topic,Scientifically sound laboratory controls,,fda.citations.history,raw/fda.citations.history/2026/09/20260908T143121Z-37225c1abaad.json.gz,1
fda.citations.history,firm:1831301,2015-02-20,2026-09-08T14:31:21Z,firm_key,APPLIED,,fda.citations.history,raw/fda.citations.history/2026/09/20260908T143121Z-37225c1abaad.json.gz,1
fda.citations.history,firm:1831301,2015-02-20,2026-09-08T14:31:21Z,is_gmp,1,bool,fda.citations.history,raw/fda.citations.history/2026/09/20260908T143121Z-37225c1abaad.json.gz,1
fda.citations.history,firm:1831301,2015-02-20,2026-09-08T14:31:21Z,label,"Applied Laboratories, Inc.",,fda.citations.history,raw/fda.citations.history/2026/09/20260908T143121Z-37225c1abaad.json.gz,1
fda.citations.history,firm:1910619,2015-02-12,2026-09-08T14:31:21Z,cfr,21 CFR 211.100(a),,fda.citations.history,raw/fda.citations.history/2026/09/20260908T143121Z-37225c1abaad.json.gz,1
fda.citations.history,firm:1910619,2015-02-12,2026-09-08T14:31:21Z,cfr,21 CFR 211.160(a),,fda.citations.history,raw/fda.citations.history/2026/09/20260908T143121Z-37225c1abaad.json.gz,1
fda.citations.history,firm:1910619,2015-02-12,2026-09-08T14:31:21Z,cfr,21 CFR 211.160(b)(3),,fda.citations.history,raw/fda.citations.history/2026/09/20260908T143121Z-37225c1abaad.json.gz,1
fda.citations.history,firm:1910619,2015-02-12,2026-09-08T14:31:21Z,cfr,21 CFR 211.160(b)(4),,fda.citations.history,raw/fda.citations.history/2026/09/20260908T143121Z-37225c1abaad.json.gz,1
fda.citations.history,firm:1910619,2015-02-12,2026-09-08T14:31:21Z,cfr_part,211,part,fda.citations.history,raw/fda.citations.history/2026/09/20260908T143121Z-37225c1abaad.json.gz,1
fda.citations.history,firm:1910619,2015-02-12,2026-09-08T14:31:21Z,citation,1,count,fda.citations.history,raw/fda.citations.history/2026/09/20260908T143121Z-37225c1abaad.json.gz,1
fda.citations.history,firm:1910619,2015-02-12,2026-09-08T14:31:21Z,citation_topic,Absence of Written Procedures,,fda.citations.history,raw/fda.citations.history/2026/09/20260908T143121Z-37225c1abaad.json.gz,1
fda.citations.history,firm:1910619,2015-02-12,2026-09-08T14:31:21Z,citation_topic,Deviations from laboratory control requirements,,fda.citations.history,raw/fda.citations.history/2026/09/20260908T143121Z-37225c1abaad.json.gz,1
fda.citations.history,firm:1910619,2015-02-12,2026-09-08T14:31:21Z,citation_topic,"Drug products - samples representative, identified properly",,fda.citations.history,raw/fda.citations.history/2026/09/20260908T143121Z-37225c1abaad.json.gz,1
fda.citations.history,firm:1910619,2015-02-12,2026-09-08T14:31:21Z,citation_topic,"Instruments, apparatus, et. al. not meeting specs",,fda.citations.history,raw/fda.citations.history/2026/09/20260908T143121Z-37225c1abaad.json.gz,1
fda.citations.history,firm:1910619,2015-02-12,2026-09-08T14:31:21Z,firm_key,SPARHAWK,,fda.citations.history,raw/fda.citations.history/2026/09/20260908T143121Z-37225c1abaad.json.gz,1
fda.citations.history,firm:1910619,2015-02-12,2026-09-08T14:31:21Z,is_gmp,1,bool,fda.citations.history,raw/fda.citations.history/2026/09/20260908T143121Z-37225c1abaad.json.gz,1
fda.citations.history,firm:1910619,2015-02-12,2026-09-08T14:31:21Z,label,"Sparhawk Laboratories, Inc.",,fda.citations.history,raw/fda.citations.history/2026/09/20260908T143121Z-37225c1abaad.json.gz,1
fda.citations.history,firm:1911196,2015-02-20,2026-09-08T14:31:21Z,cfr,21 CFR 211.100(a),,fda.citations.history,raw/fda.citations.history/2026/09/20260908T143121Z-37225c1abaad.json.gz,1
fda.citations.history,firm:1911196,2015-02-20,2026-09-08T14:31:21Z,cfr,21 CFR 211.103,,fda.citations.history,raw/fda.citations.history/2026/09/20260908T143121Z-37225c1abaad.json.gz,1
fda.citations.history,firm:1911196,2015-02-20,2026-09-08T14:31:21Z,cfr,21 CFR 211.110(a),,fda.citations.history,raw/fda.citations.history/2026/09/20260908T143121Z-37225c1abaad.json.gz,1
fda.citations.history,firm:1911196,2015-02-20,2026-09-08T14:31:21Z,cfr,21 CFR 211.160(b)(2),,fda.citations.history,raw/fda.citations.history/2026/09/20260908T143121Z-37225c1abaad.json.gz,1
fda.citations.history,firm:1911196,2015-02-20,2026-09-08T14:31:21Z,cfr,21 CFR 211.160(b)(4),,fda.citations.history,raw/fda.citations.history/2026/09/20260908T143121Z-37225c1abaad.json.gz,1
fda.citations.history,firm:1911196,2015-02-20,2026-09-08T14:31:21Z,cfr,21 CFR 211.165(e),,fda.citations.history,raw/fda.citations.history/2026/09/20260908T143121Z-37225c1abaad.json.gz,1
fda.citations.history,firm:1911196,2015-02-20,2026-09-08T14:31:21Z,cfr,21 CFR 211.166(a)(3),,fda.citations.history,raw/fda.citations.history/2026/09/20260908T143121Z-37225c1abaad.json.gz,1
fda.citations.history,firm:1911196,2015-02-20,2026-09-08T14:31:21Z,cfr,21 CFR 211.194(a),,fda.citations.history,raw/fda.citations.history/2026/09/20260908T143121Z-37225c1abaad.json.gz,1
fda.citations.history,firm:1911196,2015-02-20,2026-09-08T14:31:21Z,cfr,21 CFR 211.198(a),,fda.citations.history,raw/fda.citations.history/2026/09/20260908T143121Z-37225c1abaad.json.gz,1
fda.citations.history,firm:1911196,2015-02-20,2026-09-08T14:31:21Z,cfr,21 CFR 211.84(d)(3),,fda.citations.history,raw/fda.citations.history/2026/09/20260908T143121Z-37225c1abaad.json.gz,1
fda.citations.history,firm:1911196,2015-02-20,2026-09-08T14:31:21Z,cfr_part,211,part,fda.citations.history,raw/fda.citations.history/2026/09/20260908T143121Z-37225c1abaad.json.gz,1
fda.citations.history,firm:1911196,2015-02-20,2026-09-08T14:31:21Z,citation,1,count,fda.citations.history,raw/fda.citations.history/2026/09/20260908T143121Z-37225c1abaad.json.gz,1
fda.citations.history,firm:1911196,2015-02-20,2026-09-08T14:31:21Z,citation_topic,Actual vs. theoretical yields not determined,,fda.citations.history,raw/fda.citations.history/2026/09/20260908T143121Z-37225c1abaad.json.gz,1
fda.citations.history,firm:1911196,2015-02-20,2026-09-08T14:31:21Z,citation_topic,"Calibration - at intervals, written program, remedial action",,fda.citations.history,raw/fda.citations.history/2026/09/20260908T143121Z-37225c1abaad.json.gz,1
fda.citations.history,firm:1911196,2015-02-20,2026-09-08T14:31:21Z,citation_topic,"Changes to Procedures Not Reviewed, Approved",,fda.citations.history,raw/fda.citations.history/2026/09/20260908T143121Z-37225c1abaad.json.gz,1
fda.citations.history,firm:1911196,2015-02-20,2026-09-08T14:31:21Z,citation_topic,Complaint Handling Procedure,,fda.citations.history,raw/fda.citations.history/2026/09/20260908T143121Z-37225c1abaad.json.gz,1
fda.citations.history,firm:1911196,2015-02-20,2026-09-08T14:31:21Z,citation_topic,Complete test data included in records,,fda.citations.history,raw/fda.citations.history/2026/09/20260908T143121Z-37225c1abaad.json.gz,1
fda.citations.history,firm:1911196,2015-02-20,2026-09-08T14:31:21Z,citation_topic,Control procedures to monitor and validate performance,,fda.citations.history,raw/fda.citations.history/2026/09/20260908T143121Z-37225c1abaad.json.gz,1
fda.citations.history,firm:1911196,2015-02-20,2026-09-08T14:31:21Z,citation_topic,"In-process samples representative, identified properly",,fda.citations.history,raw/fda.citations.history/2026/09/20260908T143121Z-37225c1abaad.json.gz,1
fda.citations.history,firm:1911196,2015-02-20,2026-09-08T14:31:21Z,citation_topic,Test methods,,fda.citations.history,raw/fda.citations.history/2026/09/20260908T143121Z-37225c1abaad.json.gz,1
fda.citations.history,firm:1911196,2015-02-20,2026-09-08T14:31:21Z,citation_topic,Testing Containers & Closures Conformity with Specs,,fda.citations.history,raw/fda.citations.history/2026/09/20260908T143121Z-37225c1abaad.json.gz,1
fda.citations.history,firm:1911196,2015-02-20,2026-09-08T14:31:21Z,citation_topic,Valid stability test methods,,fda.citations.history,raw/fda.citations.history/2026/09/20260908T143121Z-37225c1abaad.json.gz,1
fda.citations.history,firm:1911196,2015-02-20,2026-09-08T14:31:21Z,firm_key,LLOYD OF IOWA,,fda.citations.history,raw/fda.citations.history/2026/09/20260908T143121Z-37225c1abaad.json.gz,1
fda.citations.history,firm:1911196,2015-02-20,2026-09-08T14:31:21Z,is_gmp,1,bool,fda.citations.history,raw/fda.citations.history/2026/09/20260908T143121Z-37225c1abaad.json.gz,1
fda.citations.history,firm:1911196,2015-02-20,2026-09-08T14:31:21Z,label,Lloyd Inc. of Iowa,,fda.citations.history,raw/fda.citations.history/2026/09/20260908T143121Z-37225c1abaad.json.gz,1
fda.citations.history,firm:1931484,2015-02-27,2026-09-08T14:31:21Z,cfr,21 CFR 211.160(a),,fda.citations.history,raw/fda.citations.history/2026/09/20260908T143121Z-37225c1abaad.json.gz,1
fda.citations.history,firm:1931484,2015-02-27,2026-09-08T14:31:21Z,cfr,21 CFR 211.165(a),,fda.citations.history,raw/fda.citations.history/2026/09/20260908T143121Z-37225c1abaad.json.gz,1
fda.citations.history,firm:1931484,2015-02-27,2026-09-08T14:31:21Z,cfr,21 CFR 211.165(c),,fda.citations.history,raw/fda.citations.history/2026/09/20260908T143121Z-37225c1abaad.json.gz,1
fda.citations.history,firm:1931484,2015-02-27,2026-09-08T14:31:21Z,cfr,21 CFR 211.165(e),,fda.citations.history,raw/fda.citations.history/2026/09/20260908T143121Z-37225c1abaad.json.gz,1
fda.citations.history,firm:1931484,2015-02-27,2026-09-08T14:31:21Z,cfr,21 CFR 211.180(e)(2),,fda.citations.history,raw/fda.citations.history/2026/09/20260908T143121Z-37225c1abaad.json.gz,1
fda.citations.history,firm:1931484,2015-02-27,2026-09-08T14:31:21Z,cfr,21 CFR 211.186(a),,fda.citations.history,raw/fda.citations.history/2026/09/20260908T143121Z-37225c1abaad.json.gz,1
fda.citations.history,firm:1931484,2015-02-27,2026-09-08T14:31:21Z,cfr,21 CFR 211.186(b)(9),,fda.citations.history,raw/fda.citations.history/2026/09/20260908T143121Z-37225c1abaad.json.gz,1
fda.citations.history,firm:1931484,2015-02-27,2026-09-08T14:31:21Z,cfr,21 CFR 211.188,,fda.citations.history,raw/fda.citations.history/2026/09/20260908T143121Z-37225c1abaad.json.gz,1
fda.citations.history,firm:1931484,2015-02-27,2026-09-08T14:31:21Z,cfr,21 CFR 211.192,,fda.citations.history,raw/fda.citations.history/2026/09/20260908T143121Z-37225c1abaad.json.gz,1
fda.citations.history,firm:1931484,2015-02-27,2026-09-08T14:31:21Z,cfr,21 CFR 211.194(a),,fda.citations.history,raw/fda.citations.history/2026/09/20260908T143121Z-37225c1abaad.json.gz,1
fda.citations.history,firm:1931484,2015-02-27,2026-09-08T14:31:21Z,cfr,21 CFR 211.22(d),,fda.citations.history,raw/fda.citations.history/2026/09/20260908T143121Z-37225c1abaad.json.gz,1
fda.citations.history,firm:1931484,2015-02-27,2026-09-08T14:31:21Z,cfr,21 CFR 211.52,,fda.citations.history,raw/fda.citations.history/2026/09/20260908T143121Z-37225c1abaad.json.gz,1
fda.citations.history,firm:1931484,2015-02-27,2026-09-08T14:31:21Z,cfr,21 CFR 211.67(c),,fda.citations.history,raw/fda.citations.history/2026/09/20260908T143121Z-37225c1abaad.json.gz,1
fda.citations.history,firm:1931484,2015-02-27,2026-09-08T14:31:21Z,cfr,21 CFR 211.80(a),,fda.citations.history,raw/fda.citations.history/2026/09/20260908T143121Z-37225c1abaad.json.gz,1
fda.citations.history,firm:1931484,2015-02-27,2026-09-08T14:31:21Z,cfr,21 CFR 211.84(e),,fda.citations.history,raw/fda.citations.history/2026/09/20260908T143121Z-37225c1abaad.json.gz,1
fda.citations.history,firm:1931484,2015-02-27,2026-09-08T14:31:21Z,cfr,21 CFR 211.89,,fda.citations.history,raw/fda.citations.history/2026/09/20260908T143121Z-37225c1abaad.json.gz,1
fda.citations.history,firm:1931484,2015-02-27,2026-09-08T14:31:21Z,cfr_part,211,part,fda.citations.history,raw/fda.citations.history/2026/09/20260908T143121Z-37225c1abaad.json.gz,1
fda.citations.history,firm:1931484,2015-02-27,2026-09-08T14:31:21Z,citation,1,count,fda.citations.history,raw/fda.citations.history/2026/09/20260908T143121Z-37225c1abaad.json.gz,1
fda.citations.history,firm:1931484,2015-02-27,2026-09-08T14:31:21Z,citation_topic,Cleaning/maintenance records not kept,,fda.citations.history,raw/fda.citations.history/2026/09/20260908T143121Z-37225c1abaad.json.gz,1
fda.citations.history,firm:1931484,2015-02-27,2026-09-08T14:31:21Z,citation_topic,"Complete instructions, procedures, specifications et. al.",,fda.citations.history,raw/fda.citations.history/2026/09/20260908T143121Z-37225c1abaad.json.gz,1
fda.citations.history,firm:1931484,2015-02-27,2026-09-08T14:31:21Z,citation_topic,Complete test data included in records,,fda.citations.history,raw/fda.citations.history/2026/09/20260908T143121Z-37225c1abaad.json.gz,1
fda.citations.history,firm:1931484,2015-02-27,2026-09-08T14:31:21Z,citation_topic,"Investigations of discrepancies, failures",,fda.citations.history,raw/fda.citations.history/2026/09/20260908T143121Z-37225c1abaad.json.gz,1
fda.citations.history,firm:1931484,2015-02-27,2026-09-08T14:31:21Z,citation_topic,Items to cover on annual reviews,,fda.citations.history,raw/fda.citations.history/2026/09/20260908T143121Z-37225c1abaad.json.gz,1
fda.citations.history,firm:1931484,2015-02-27,2026-09-08T14:31:21Z,citation_topic,"Lab controls established, including changes",,fda.citations.history,raw/fda.citations.history/2026/09/20260908T143121Z-37225c1abaad.json.gz,1
fda.citations.history,firm:1931484,2015-02-27,2026-09-08T14:31:21Z,citation_topic,"Prepared for each batch, include complete information",,fda.citations.history,raw/fda.citations.history/2026/09/20260908T143121Z-37225c1abaad.json.gz,1
fda.citations.history,firm:1931484,2015-02-27,2026-09-08T14:31:21Z,citation_topic,Procedures To Be in Writing,,fda.citations.history,raw/fda.citations.history/2026/09/20260908T143121Z-37225c1abaad.json.gz,1
fda.citations.history,firm:1931484,2015-02-27,2026-09-08T14:31:21Z,citation_topic,"Procedures not  in writing, fully followed",,fda.citations.history,raw/fda.citations.history/2026/09/20260908T143121Z-37225c1abaad.json.gz,1
fda.citations.history,firm:1931484,2015-02-27,2026-09-08T14:31:21Z,citation_topic,Quarantine of Rejected Components et. al.,,fda.citations.history,raw/fda.citations.history/2026/09/20260908T143121Z-37225c1abaad.json.gz,1
fda.citations.history,firm:1931484,2015-02-27,2026-09-08T14:31:21Z,citation_topic,Rejecting  When Specifications Not Met,,fda.citations.history,raw/fda.citations.history/2026/09/20260908T143121Z-37225c1abaad.json.gz,1
fda.citations.history,firm:1931484,2015-02-27,2026-09-08T14:31:21Z,citation_topic,Sampling and testing plans not described,,fda.citations.history,raw/fda.citations.history/2026/09/20260908T143121Z-37225c1abaad.json.gz,1
fda.citations.history,firm:1931484,2015-02-27,2026-09-08T14:31:21Z,citation_topic,Signature and checking of records -- 2 persons,,fda.citations.history,raw/fda.citations.history/2026/09/20260908T143121Z-37225c1abaad.json.gz,1
fda.citations.history,firm:1931484,2015-02-27,2026-09-08T14:31:21Z,citation_topic,Test methods,,fda.citations.history,raw/fda.citations.history/2026/09/20260908T143121Z-37225c1abaad.json.gz,1
fda.citations.history,firm:1931484,2015-02-27,2026-09-08T14:31:21Z,citation_topic,Testing and release for distribution,,fda.citations.history,raw/fda.citations.history/2026/09/20260908T143121Z-37225c1abaad.json.gz,1
fda.citations.history,firm:1931484,2015-02-27,2026-09-08T14:31:21Z,citation_topic,Washing and toilet facilities are deficient,,fda.citations.history,raw/fda.citations.history/2026/09/20260908T143121Z-37225c1abaad.json.gz,1
fda.citations.history,firm:1931484,2015-02-27,2026-09-08T14:31:21Z,citation_topic,Written Procedures Not Followed,,fda.citations.history,raw/fda.citations.history/2026/09/20260908T143121Z-37225c1abaad.json.gz,1
fda.citations.history,firm:1931484,2015-02-27,2026-09-08T14:31:21Z,citation_topic,Written procedures followed,,fda.citations.history,raw/fda.citations.history/2026/09/20260908T143121Z-37225c1abaad.json.gz,1
fda.citations.history,firm:1931484,2015-02-27,2026-09-08T14:31:21Z,firm_key,GRATO,,fda.citations.history,raw/fda.citations.history/2026/09/20260908T143121Z-37225c1abaad.json.gz,1
fda.citations.history,firm:1931484,2015-02-27,2026-09-08T14:31:21Z,is_gmp,1,bool,fda.citations.history,raw/fda.citations.history/2026/09/20260908T143121Z-37225c1abaad.json.gz,1
fda.citations.history,firm:1931484,2015-02-27,2026-09-08T14:31:21Z,label,"Grato Holdings, Inc.",,fda.citations.history,raw/fda.citations.history/2026/09/20260908T143121Z-37225c1abaad.json.gz,1
fda.citations.history,firm:1937531,2015-02-27,2026-09-08T14:31:21Z,cfr,21 CFR 211.100(a),,fda.citations.history,raw/fda.citations.history/2026/09/20260908T143121Z-37225c1abaad.json.gz,1
fda.citations.history,firm:1937531,2015-02-27,2026-09-08T14:31:21Z,cfr,21 CFR 211.58,,fda.citations.history,raw/fda.citations.history/2026/09/20260908T143121Z-37225c1abaad.json.gz,1
fda.citations.history,firm:1937531,2015-02-27,2026-09-08T14:31:21Z,cfr,21 CFR 211.65(b),,fda.citations.history,raw/fda.citations.history/2026/09/20260908T143121Z-37225c1abaad.json.gz,1
fda.citations.history,firm:1937531,2015-02-27,2026-09-08T14:31:21Z,cfr_part,211,part,fda.citations.history,raw/fda.citations.history/2026/09/20260908T143121Z-37225c1abaad.json.gz,1
fda.citations.history,firm:1937531,2015-02-27,2026-09-08T14:31:21Z,citation,1,count,fda.citations.history,raw/fda.citations.history/2026/09/20260908T143121Z-37225c1abaad.json.gz,1
fda.citations.history,firm:1937531,2015-02-27,2026-09-08T14:31:21Z,citation_topic,Absence of Written Procedures,,fda.citations.history,raw/fda.citations.history/2026/09/20260908T143121Z-37225c1abaad.json.gz,1
fda.citations.history,firm:1937531,2015-02-27,2026-09-08T14:31:21Z,citation_topic,Buildings not maintained in good state of repair,,fda.citations.history,raw/fda.citations.history/2026/09/20260908T143121Z-37225c1abaad.json.gz,1
fda.citations.history,firm:1937531,2015-02-27,2026-09-08T14:31:21Z,citation_topic,Substances That Come in Contact,,fda.citations.history,raw/fda.citations.history/2026/09/20260908T143121Z-37225c1abaad.json.gz,1
fda.citations.history,firm:1937531,2015-02-27,2026-09-08T14:31:21Z,firm_key,STERIS,,fda.citations.history,raw/fda.citations.history/2026/09/20260908T143121Z-37225c1abaad.json.gz,1
fda.citations.history,firm:1937531,2015-02-27,2026-09-08T14:31:21Z,is_gmp,1,bool,fda.citations.history,raw/fda.citations.history/2026/09/20260908T143121Z-37225c1abaad.json.gz,1
fda.citations.history,firm:1937531,2015-02-27,2026-09-08T14:31:21Z,label,STERIS Corporation,,fda.citations.history,raw/fda.citations.history/2026/09/20260908T143121Z-37225c1abaad.json.gz,1
fda.citations.history,firm:2013736,2015-02-25,2026-09-08T14:31:21Z,cfr,21 CFR 211.125(a),,fda.citations.history,raw/fda.citations.history/2026/09/20260908T143121Z-37225c1abaad.json.gz,1
fda.citations.history,firm:2013736,2015-02-25,2026-09-08T14:31:21Z,cfr,21 CFR 211.194(a)(4),,fda.citations.history,raw/fda.citations.history/2026/09/20260908T143121Z-37225c1abaad.json.gz,1
fda.citations.history,firm:2013736,2015-02-25,2026-09-08T14:31:21Z,cfr,21 CFR 211.25(a),,fda.citations.history,raw/fda.citations.history/2026/09/20260908T143121Z-37225c1abaad.json.gz,1
fda.citations.history,firm:2013736,2015-02-25,2026-09-08T14:31:21Z,cfr,21 CFR 211.42(b),,fda.citations.history,raw/fda.citations.history/2026/09/20260908T143121Z-37225c1abaad.json.gz,1
fda.citations.history,firm:2013736,2015-02-25,2026-09-08T14:31:21Z,cfr,21 CFR 211.67(a),,fda.citations.history,raw/fda.citations.history/2026/09/20260908T143121Z-37225c1abaad.json.gz,1
fda.citations.history,firm:2013736,2015-02-25,2026-09-08T14:31:21Z,cfr,21 CFR 211.68(b),,fda.citations.history,raw/fda.citations.history/2026/09/20260908T143121Z-37225c1abaad.json.gz,1
fda.citations.history,firm:2013736,2015-02-25,2026-09-08T14:31:21Z,cfr_part,211,part,fda.citations.history,raw/fda.citations.history/2026/09/20260908T143121Z-37225c1abaad.json.gz,1
fda.citations.history,firm:2013736,2015-02-25,2026-09-08T14:31:21Z,citation,1,count,fda.citations.history,raw/fda.citations.history/2026/09/20260908T143121Z-37225c1abaad.json.gz,1
fda.citations.history,firm:2013736,2015-02-25,2026-09-08T14:31:21Z,citation_topic,Adequate space lacking  to prevent mix-ups and contamination,,fda.citations.history,raw/fda.citations.history/2026/09/20260908T143121Z-37225c1abaad.json.gz,1
fda.citations.history,firm:2013736,2015-02-25,2026-09-08T14:31:21Z,citation_topic,Cleaning / Sanitizing / Maintenance,,fda.citations.history,raw/fda.citations.history/2026/09/20260908T143121Z-37225c1abaad.json.gz,1
fda.citations.history,firm:2013736,2015-02-25,2026-09-08T14:31:21Z,citation_topic,Computer control of master formula records,,fda.citations.history,raw/fda.citations.history/2026/09/20260908T143121Z-37225c1abaad.json.gz,1
fda.citations.history,firm:2013736,2015-02-25,2026-09-08T14:31:21Z,citation_topic,Data secured in course of each test,,fda.citations.history,raw/fda.citations.history/2026/09/20260908T143121Z-37225c1abaad.json.gz,1
fda.citations.history,firm:2013736,2015-02-25,2026-09-08T14:31:21Z,citation_topic,GMP Training Frequency,,fda.citations.history,raw/fda.citations.history/2026/09/20260908T143121Z-37225c1abaad.json.gz,1
fda.citations.history,firm:2013736,2015-02-25,2026-09-08T14:31:21Z,citation_topic,Strict control not exercised over labeling issued,,fda.citations.history,raw/fda.citations.history/2026/09/20260908T143121Z-37225c1abaad.json.gz,1
fda.citations.history,firm:2013736,2015-02-25,2026-09-08T14:31:21Z,firm_key,MEDICAL CHEMICAL,,fda.citations.history,raw/fda.citations.history/2026/09/20260908T143121Z-37225c1abaad.json.gz,1
fda.citations.history,firm:2013736,2015-02-25,2026-09-08T14:31:21Z,is_gmp,1,bool,fda.citations.history,raw/fda.citations.history/2026/09/20260908T143121Z-37225c1abaad.json.gz,1
fda.citations.history,firm:2013736,2015-02-25,2026-09-08T14:31:21Z,label,Medical Chemical Corporation,,fda.citations.history,raw/fda.citations.history/2026/09/20260908T143121Z-37225c1abaad.json.gz,1
fda.citations.history,firm:2020372,2015-02-25,2026-09-08T14:31:21Z,cfr,21 CFR 211.100(a),,fda.citations.history,raw/fda.citations.history/2026/09/20260908T143121Z-37225c1abaad.json.gz,1
fda.citations.history,firm:2020372,2015-02-25,2026-09-08T14:31:21Z,cfr,21 CFR 211.160(a),,fda.citations.history,raw/fda.citations.history/2026/09/20260908T143121Z-37225c1abaad.json.gz,1
fda.citations.history,firm:2020372,2015-02-25,2026-09-08T14:31:21Z,cfr,21 CFR 211.165(a),,fda.citations.history,raw/fda.citations.history/2026/09/20260908T143121Z-37225c1abaad.json.gz,1
fda.citations.history,firm:2020372,2015-02-25,2026-09-08T14:31:21Z,cfr,21 CFR 211.165(f),,fda.citations.history,raw/fda.citations.history/2026/09/20260908T143121Z-37225c1abaad.json.gz,1
fda.citations.history,firm:2020372,2015-02-25,2026-09-08T14:31:21Z,cfr,21 CFR 211.186(a),,fda.citations.history,raw/fda.citations.history/2026/09/20260908T143121Z-37225c1abaad.json.gz,1
fda.citations.history,firm:2020372,2015-02-25,2026-09-08T14:31:21Z,cfr,21 CFR 211.188,,fda.citations.history,raw/fda.citations.history/2026/09/20260908T143121Z-37225c1abaad.json.gz,1
fda.citations.history,firm:2020372,2015-02-25,2026-09-08T14:31:21Z,cfr,21 CFR 211.192,,fda.citations.history,raw/fda.citations.history/2026/09/20260908T143121Z-37225c1abaad.json.gz,1
fda.citations.history,firm:2020372,2015-02-25,2026-09-08T14:31:21Z,cfr,21 CFR 211.22(d),,fda.citations.history,raw/fda.citations.history/2026/09/20260908T143121Z-37225c1abaad.json.gz,1
fda.citations.history,firm:2020372,2015-02-25,2026-09-08T14:31:21Z,cfr,21 CFR 211.25(a),,fda.citations.history,raw/fda.citations.history/2026/09/20260908T143121Z-37225c1abaad.json.gz,1
fda.citations.history,firm:2020372,2015-02-25,2026-09-08T14:31:21Z,cfr_part,211,part,fda.citations.history,raw/fda.citations.history/2026/09/20260908T143121Z-37225c1abaad.json.gz,1
fda.citations.history,firm:2020372,2015-02-25,2026-09-08T14:31:21Z,citation,1,count,fda.citations.history,raw/fda.citations.history/2026/09/20260908T143121Z-37225c1abaad.json.gz,1
fda.citations.history,firm:2020372,2015-02-25,2026-09-08T14:31:21Z,citation_topic,Absence of Written Procedures,,fda.citations.history,raw/fda.citations.history/2026/09/20260908T143121Z-37225c1abaad.json.gz,1
fda.citations.history,firm:2020372,2015-02-25,2026-09-08T14:31:21Z,citation_topic,"Changes to Procedures Not Reviewed, Approved",,fda.citations.history,raw/fda.citations.history/2026/09/20260908T143121Z-37225c1abaad.json.gz,1
fda.citations.history,firm:2020372,2015-02-25,2026-09-08T14:31:21Z,citation_topic,Failing drug products not rejected,,fda.citations.history,raw/fda.citations.history/2026/09/20260908T143121Z-37225c1abaad.json.gz,1
fda.citations.history,firm:2020372,2015-02-25,2026-09-08T14:31:21Z,citation_topic,"Lab controls established, including changes",,fda.citations.history,raw/fda.citations.history/2026/09/20260908T143121Z-37225c1abaad.json.gz,1
fda.citations.history,firm:2020372,2015-02-25,2026-09-08T14:31:21Z,citation_topic,"Prepared for each batch, include complete information",,fda.citations.history,raw/fda.citations.history/2026/09/20260908T143121Z-37225c1abaad.json.gz,1
fda.citations.history,firm:2020372,2015-02-25,2026-09-08T14:31:21Z,citation_topic,"Procedures not  in writing, fully followed",,fda.citations.history,raw/fda.citations.history/2026/09/20260908T143121Z-37225c1abaad.json.gz,1
fda.citations.history,firm:2020372,2015-02-25,2026-09-08T14:31:21Z,citation_topic,Testing and release for distribution,,fda.citations.history,raw/fda.citations.history/2026/09/20260908T143121Z-37225c1abaad.json.gz,1
fda.citations.history,firm:2020372,2015-02-25,2026-09-08T14:31:21Z,citation_topic,"Training--operations, GMPs, written procedures",,fda.citations.history,raw/fda.citations.history/2026/09/20260908T143121Z-37225c1abaad.json.gz,1
fda.citations.history,firm:2020372,2015-02-25,2026-09-08T14:31:21Z,citation_topic,Written procedures followed,,fda.citations.history,raw/fda.citations.history/2026/09/20260908T143121Z-37225c1abaad.json.gz,1
fda.citations.history,firm:2020372,2015-02-25,2026-09-08T14:31:21Z,citation_topic,Written record of investigation incomplete,,fda.citations.history,raw/fda.citations.history/2026/09/20260908T143121Z-37225c1abaad.json.gz,1
fda.citations.history,firm:2020372,2015-02-25,2026-09-08T14:31:21Z,firm_key,WESTWOOD,,fda.citations.history,raw/fda.citations.history/2026/09/20260908T143121Z-37225c1abaad.json.gz,1
fda.citations.history,firm:2020372,2015-02-25,2026-09-08T14:31:21Z,is_gmp,1,bool,fda.citations.history,raw/fda.citations.history/2026/09/20260908T143121Z-37225c1abaad.json.gz,1
fda.citations.history,firm:2020372,2015-02-25,2026-09-08T14:31:21Z,label,"Westwood Laboratories, LLC.",,fda.citations.history,raw/fda.citations.history/2026/09/20260908T143121Z-37225c1abaad.json.gz,1
fda.citations.history,firm:2027164,2015-02-17,2026-09-08T14:31:21Z,cfr,21 CFR 211.166(a),,fda.citations.history,raw/fda.citations.history/2026/09/20260908T143121Z-37225c1abaad.json.gz,1
fda.citations.history,firm:2027164,2015-02-17,2026-09-08T14:31:21Z,cfr,21 CFR 211.170(b),,fda.citations.history,raw/fda.citations.history/2026/09/20260908T143121Z-37225c1abaad.json.gz,1
fda.citations.history,firm:2027164,2015-02-17,2026-09-08T14:31:21Z,cfr_part,211,part,fda.citations.history,raw/fda.citations.history/2026/09/20260908T143121Z-37225c1abaad.json.gz,1
fda.citations.history,firm:2027164,2015-02-17,2026-09-08T14:31:21Z,citation,1,count,fda.citations.history,raw/fda.citations.history/2026/09/20260908T143121Z-37225c1abaad.json.gz,1
fda.citations.history,firm:2027164,2015-02-17,2026-09-08T14:31:21Z,citation_topic,Annual visual exams of drug products,,fda.citations.history,raw/fda.citations.history/2026/09/20260908T143121Z-37225c1abaad.json.gz,1
fda.citations.history,firm:2027164,2015-02-17,2026-09-08T14:31:21Z,citation_topic,Lack of written stability program,,fda.citations.history,raw/fda.citations.history/2026/09/20260908T143121Z-37225c1abaad.json.gz,1
fda.citations.history,firm:2027164,2015-02-17,2026-09-08T14:31:21Z,firm_key,HEALTH PLUS INCORPORATED,,fda.citations.history,raw/fda.citations.history/2026/09/20260908T143121Z-37225c1abaad.json.gz,1
fda.citations.history,firm:2027164,2015-02-17,2026-09-08T14:31:21Z,is_gmp,1,bool,fda.citations.history,raw/fda.citations.history/2026/09/20260908T143121Z-37225c1abaad.json.gz,1
fda.citations.history,firm:2027164,2015-02-17,2026-09-08T14:31:21Z,label,Health Plus Incorporated,,fda.citations.history,raw/fda.citations.history/2026/09/20260908T143121Z-37225c1abaad.json.gz,1
fda.citations.history,firm:2084123,2015-02-06,2026-09-08T14:31:21Z,cfr,21 CFR 211.68(a),,fda.citations.history,raw/fda.citations.history/2026/09/20260908T143121Z-37225c1abaad.json.gz,1
fda.citations.history,firm:2084123,2015-02-06,2026-09-08T14:31:21Z,cfr_part,211,part,fda.citations.history,raw/fda.citations.history/2026/09/20260908T143121Z-37225c1abaad.json.gz,1
fda.citations.history,firm:2084123,2015-02-06,2026-09-08T14:31:21Z,citation,1,count,fda.citations.history,raw/fda.citations.history/2026/09/20260908T143121Z-37225c1abaad.json.gz,1
fda.citations.history,firm:2084123,2015-02-06,2026-09-08T14:31:21Z,citation_topic,Calibration/Inspection/Checking not done,,fda.citations.history,raw/fda.citations.history/2026/09/20260908T143121Z-37225c1abaad.json.gz,1
fda.citations.history,firm:2084123,2015-02-06,2026-09-08T14:31:21Z,firm_key,VITALANT,,fda.citations.history,raw/fda.citations.history/2026/09/20260908T143121Z-37225c1abaad.json.gz,1
fda.citations.history,firm:2084123,2015-02-06,2026-09-08T14:31:21Z,is_gmp,1,bool,fda.citations.history,raw/fda.citations.history/2026/09/20260908T143121Z-37225c1abaad.json.gz,1
fda.citations.history,firm:2084123,2015-02-06,2026-09-08T14:31:21Z,label,Vitalant,,fda.citations.history,raw/fda.citations.history/2026/09/20260908T143121Z-37225c1abaad.json.gz,1
fda.citations.history,firm:2650090,2015-02-06,2026-09-08T14:31:21Z,cfr,21 CFR 211.192,,fda.citations.history,raw/fda.citations.history/2026/09/20260908T143121Z-37225c1abaad.json.gz,1
fda.citations.history,firm:2650090,2015-02-06,2026-09-08T14:31:21Z,cfr,21 CFR 211.22(d),,fda.citations.history,raw/fda.citations.history/2026/09/20260908T143121Z-37225c1abaad.json.gz,1
fda.citations.history,firm:2650090,2015-02-06,2026-09-08T14:31:21Z,cfr_part,211,part,fda.citations.history,raw/fda.citations.history/2026/09/20260908T143121Z-37225c1abaad.json.gz,1
fda.citations.history,firm:2650090,2015-02-06,2026-09-08T14:31:21Z,citation,1,count,fda.citations.history,raw/fda.citations.history/2026/09/20260908T143121Z-37225c1abaad.json.gz,1
fda.citations.history,firm:2650090,2015-02-06,2026-09-08T14:31:21Z,citation_topic,"Procedures not  in writing, fully followed",,fda.citations.history,raw/fda.citations.history/2026/09/20260908T143121Z-37225c1abaad.json.gz,1
fda.citations.history,firm:2650090,2015-02-06,2026-09-08T14:31:21Z,citation_topic,Written record of investigation incomplete,,fda.citations.history,raw/fda.citations.history/2026/09/20260908T143121Z-37225c1abaad.json.gz,1
fda.citations.history,firm:2650090,2015-02-06,2026-09-08T14:31:21Z,firm_key,BAXTER HEALTHCARE,,fda.citations.history,raw/fda.citations.history/2026/09/20260908T143121Z-37225c1abaad.json.gz,1
fda.citations.history,firm:2650090,2015-02-06,2026-09-08T14:31:21Z,is_gmp,1,bool,fda.citations.history,raw/fda.citations.history/2026/09/20260908T143121Z-37225c1abaad.json.gz,1
fda.citations.history,firm:2650090,2015-02-06,2026-09-08T14:31:21Z,label,Baxter Healthcare Corporation,,fda.citations.history,raw/fda.citations.history/2026/09/20260908T143121Z-37225c1abaad.json.gz,1
fda.citations.history,firm:3000241849,2015-02-06,2026-09-08T14:31:21Z,cfr,21 CFR 211.166(a),,fda.citations.history,raw/fda.citations.history/2026/09/20260908T143121Z-37225c1abaad.json.gz,1
fda.citations.history,firm:3000241849,2015-02-06,2026-09-08T14:31:21Z,cfr,21 CFR 211.25(a),,fda.citations.history,raw/fda.citations.history/2026/09/20260908T143121Z-37225c1abaad.json.gz,1
fda.citations.history,firm:3000241849,2015-02-06,2026-09-08T14:31:21Z,cfr,21 CFR 211.68(a),,fda.citations.history,raw/fda.citations.history/2026/09/20260908T143121Z-37225c1abaad.json.gz,1
fda.citations.history,firm:3000241849,2015-02-06,2026-09-08T14:31:21Z,cfr_part,211,part,fda.citations.history,raw/fda.citations.history/2026/09/20260908T143121Z-37225c1abaad.json.gz,1
fda.citations.history,firm:3000241849,2015-02-06,2026-09-08T14:31:21Z,citation,1,count,fda.citations.history,raw/fda.citations.history/2026/09/20260908T143121Z-37225c1abaad.json.gz,1
fda.citations.history,firm:3000241849,2015-02-06,2026-09-08T14:31:21Z,citation_topic,"Results not used for expiration dates, storage cond.",,fda.citations.history,raw/fda.citations.history/2026/09/20260908T143121Z-37225c1abaad.json.gz,1
fda.citations.history,firm:3000241849,2015-02-06,2026-09-08T14:31:21Z,citation_topic,"Training--operations, GMPs, written procedures",,fda.citations.history,raw/fda.citations.history/2026/09/20260908T143121Z-37225c1abaad.json.gz,1
fda.citations.history,firm:3000241849,2015-02-06,2026-09-08T14:31:21Z,citation_topic,Written calibration / inspection records not  kept,,fda.citations.history,raw/fda.citations.history/2026/09/20260908T143121Z-37225c1abaad.json.gz,1
fda.citations.history,firm:3000241849,2015-02-06,2026-09-08T14:31:21Z,citation_topic,Written program not followed,,fda.citations.history,raw/fda.citations.history/2026/09/20260908T143121Z-37225c1abaad.json.gz,1
fda.citations.history,firm:3000241849,2015-02-06,2026-09-08T14:31:21Z,firm_key,PILLAR5,,fda.citations.history,raw/fda.citations.history/2026/09/20260908T143121Z-37225c1abaad.json.gz,1
fda.citations.history,firm:3000241849,2015-02-06,2026-09-08T14:31:21Z,is_gmp,1,bool,fda.citations.history,raw/fda.citations.history/2026/09/20260908T143121Z-37225c1abaad.json.gz,1
fda.citations.history,firm:3000241849,2015-02-06,2026-09-08T14:31:21Z,label,Pillar5 Pharma Inc.,,fda.citations.history,raw/fda.citations.history/2026/09/20260908T143121Z-37225c1abaad.json.gz,1
fda.citations.history,firm:3001554391,2015-02-18,2026-09-08T14:31:21Z,cfr,21 CFR 211.100(a),,fda.citations.history,raw/fda.citations.history/2026/09/20260908T143121Z-37225c1abaad.json.gz,1
fda.citations.history,firm:3001554391,2015-02-18,2026-09-08T14:31:21Z,cfr,21 CFR 211.115(a),,fda.citations.history,raw/fda.citations.history/2026/09/20260908T143121Z-37225c1abaad.json.gz,1
fda.citations.history,firm:3001554391,2015-02-18,2026-09-08T14:31:21Z,cfr,21 CFR 211.180(e)(2),,fda.citations.history,raw/fda.citations.history/2026/09/20260908T143121Z-37225c1abaad.json.gz,1
fda.citations.history,firm:3001554391,2015-02-18,2026-09-08T14:31:21Z,cfr,21 CFR 211.192,,fda.citations.history,raw/fda.citations.history/2026/09/20260908T143121Z-37225c1abaad.json.gz,1
fda.citations.history,firm:3001554391,2015-02-18,2026-09-08T14:31:21Z,cfr_part,211,part,fda.citations.history,raw/fda.citations.history/2026/09/20260908T143121Z-37225c1abaad.json.gz,1
fda.citations.history,firm:3001554391,2015-02-18,2026-09-08T14:31:21Z,citation,1,count,fda.citations.history,raw/fda.citations.history/2026/09/20260908T143121Z-37225c1abaad.json.gz,1
fda.citations.history,firm:3001554391,2015-02-18,2026-09-08T14:31:21Z,citation_topic,Absence of Written Procedures,,fda.citations.history,raw/fda.citations.history/2026/09/20260908T143121Z-37225c1abaad.json.gz,1
fda.citations.history,firm:3001554391,2015-02-18,2026-09-08T14:31:21Z,citation_topic,"Investigations of discrepancies, failures",,fda.citations.history,raw/fda.citations.history/2026/09/20260908T143121Z-37225c1abaad.json.gz,1
fda.citations.history,firm:3001554391,2015-02-18,2026-09-08T14:31:21Z,citation_topic,Reprocessing procedures not written or followed,,fda.citations.history,raw/fda.citations.history/2026/09/20260908T143121Z-37225c1abaad.json.gz,1
fda.citations.history,firm:3001554391,2015-02-18,2026-09-08T14:31:21Z,citation_topic,Review of problem drugs,,fda.citations.history,raw/fda.citations.history/2026/09/20260908T143121Z-37225c1abaad.json.gz,1
fda.citations.history,firm:3001554391,2015-02-18,2026-09-08T14:31:21Z,firm_key,PRODUCT QUEST MANUFACTURING,,fda.citations.history,raw/fda.citations.history/2026/09/20260908T143121Z-37225c1abaad.json.gz,1
fda.citations.history,firm:3001554391,2015-02-18,2026-09-08T14:31:21Z,is_gmp,1,bool,fda.citations.history,raw/fda.citations.history/2026/09/20260908T143121Z-37225c1abaad.json.gz,1
fda.citations.history,firm:3001554391,2015-02-18,2026-09-08T14:31:21Z,label,Product Quest Manufacturing LLC,,fda.citations.history,raw/fda.citations.history/2026/09/20260908T143121Z-37225c1abaad.json.gz,1
fda.citations.history,firm:3002807812,2015-02-09,2026-09-08T14:31:21Z,cfr,21 CFR 211.22(a),,fda.citations.history,raw/fda.citations.history/2026/09/20260908T143121Z-37225c1abaad.json.gz,1
fda.citations.history,firm:3002807812,2015-02-09,2026-09-08T14:31:21Z,cfr_part,211,part,fda.citations.history,raw/fda.citations.history/2026/09/20260908T143121Z-37225c1abaad.json.gz,1
fda.citations.history,firm:3002807812,2015-02-09,2026-09-08T14:31:21Z,citation,1,count,fda.citations.history,raw/fda.citations.history/2026/09/20260908T143121Z-37225c1abaad.json.gz,1
fda.citations.history,firm:3002807812,2015-02-09,2026-09-08T14:31:21Z,citation_topic,"Authority lacking to review records, investigate errors",,fda.citations.history,raw/fda.citations.history/2026/09/20260908T143121Z-37225c1abaad.json.gz,1
fda.citations.history,firm:3002807812,2015-02-09,2026-09-08T14:31:21Z,firm_key,ELEMENT MATERIALS TECHNOLOGY CANADA,,fda.citations.history,raw/fda.citations.history/2026/09/20260908T143121Z-37225c1abaad.json.gz,1
fda.citations.history,firm:3002807812,2015-02-09,2026-09-08T14:31:21Z,is_gmp,1,bool,fda.citations.history,raw/fda.citations.history/2026/09/20260908T143121Z-37225c1abaad.json.gz,1
fda.citations.history,firm:3002807812,2015-02-09,2026-09-08T14:31:21Z,label,Element Materials Technology Canada Inc.,,fda.citations.history,raw/fda.citations.history/2026/09/20260908T143121Z-37225c1abaad.json.gz,1
fda.citations.history,firm:3003121593,2015-02-27,2026-09-08T14:31:21Z,cfr,21 CFR 211.113(a),,fda.citations.history,raw/fda.citations.history/2026/09/20260908T143121Z-37225c1abaad.json.gz,1
fda.citations.history,firm:3003121593,2015-02-27,2026-09-08T14:31:21Z,cfr,21 CFR 211.160(b)(4),,fda.citations.history,raw/fda.citations.history/2026/09/20260908T143121Z-37225c1abaad.json.gz,1
fda.citations.history,firm:3003121593,2015-02-27,2026-09-08T14:31:21Z,cfr,21 CFR 211.188,,fda.citations.history,raw/fda.citations.history/2026/09/20260908T143121Z-37225c1abaad.json.gz,1
fda.citations.history,firm:3003121593,2015-02-27,2026-09-08T14:31:21Z,cfr,21 CFR 211.192,,fda.citations.history,raw/fda.citations.history/2026/09/20260908T143121Z-37225c1abaad.json.gz,1
fda.citations.history,firm:3003121593,2015-02-27,2026-09-08T14:31:21Z,cfr,21 CFR 211.22(d),,fda.citations.history,raw/fda.citations.history/2026/09/20260908T143121Z-37225c1abaad.json.gz,1
fda.citations.history,firm:3003121593,2015-02-27,2026-09-08T14:31:21Z,cfr,21 CFR 211.67(a),,fda.citations.history,raw/fda.citations.history/2026/09/20260908T143121Z-37225c1abaad.json.gz,1
fda.citations.history,firm:3003121593,2015-02-27,2026-09-08T14:31:21Z,cfr,21 CFR 211.67(b),,fda.citations.history,raw/fda.citations.history/2026/09/20260908T143121Z-37225c1abaad.json.gz,1
fda.citations.history,firm:3003121593,2015-02-27,2026-09-08T14:31:21Z,cfr,21 CFR 211.67(c),,fda.citations.history,raw/fda.citations.history/2026/09/20260908T143121Z-37225c1abaad.json.gz,1
fda.citations.history,firm:3003121593,2015-02-27,2026-09-08T14:31:21Z,cfr_part,211,part,fda.citations.history,raw/fda.citations.history/2026/09/20260908T143121Z-37225c1abaad.json.gz,1
fda.citations.history,firm:3003121593,2015-02-27,2026-09-08T14:31:21Z,citation,1,count,fda.citations.history,raw/fda.citations.history/2026/09/20260908T143121Z-37225c1abaad.json.gz,1
fda.citations.history,firm:3003121593,2015-02-27,2026-09-08T14:31:21Z,citation_topic,Cleaning / Sanitizing / Maintenance,,fda.citations.history,raw/fda.citations.history/2026/09/20260908T143121Z-37225c1abaad.json.gz,1
fda.citations.history,firm:3003121593,2015-02-27,2026-09-08T14:31:21Z,citation_topic,Cleaning/maintenance records not kept,,fda.citations.history,raw/fda.citations.history/2026/09/20260908T143121Z-37225c1abaad.json.gz,1
fda.citations.history,firm:3003121593,2015-02-27,2026-09-08T14:31:21Z,citation_topic,Establishment of calibration procedures,,fda.citations.history,raw/fda.citations.history/2026/09/20260908T143121Z-37225c1abaad.json.gz,1
fda.citations.history,firm:3003121593,2015-02-27,2026-09-08T14:31:21Z,citation_topic,"Prepared for each batch, include complete information",,fda.citations.history,raw/fda.citations.history/2026/09/20260908T143121Z-37225c1abaad.json.gz,1
fda.citations.history,firm:3003121593,2015-02-27,2026-09-08T14:31:21Z,citation_topic,Procedures for non-sterile drug products,,fda.citations.history,raw/fda.citations.history/2026/09/20260908T143121Z-37225c1abaad.json.gz,1
fda.citations.history,firm:3003121593,2015-02-27,2026-09-08T14:31:21Z,citation_topic,"Procedures not  in writing, fully followed",,fda.citations.history,raw/fda.citations.history/2026/09/20260908T143121Z-37225c1abaad.json.gz,1
fda.citations.history,firm:3003121593,2015-02-27,2026-09-08T14:31:21Z,citation_topic,Written procedures not established/followed,,fda.citations.history,raw/fda.citations.history/2026/09/20260908T143121Z-37225c1abaad.json.gz,1
fda.citations.history,firm:3003121593,2015-02-27,2026-09-08T14:31:21Z,citation_topic,Written record of investigation incomplete,,fda.citations.history,raw/fda.citations.history/2026/09/20260908T143121Z-37225c1abaad.json.gz,1
fda.citations.history,firm:3003121593,2015-02-27,2026-09-08T14:31:21Z,firm_key,INTERVET GESMBH,,fda.citations.history,raw/fda.citations.history/2026/09/20260908T143121Z-37225c1abaad.json.gz,1
fda.citations.history,firm:3003121593,2015-02-27,2026-09-08T14:31:21Z,is_gmp,1,bool,fda.citations.history,raw/fda.citations.history/2026/09/20260908T143121Z-37225c1abaad.json.gz,1
fda.citations.history,firm:3003121593,2015-02-27,2026-09-08T14:31:21Z,label,Intervet GesmbH,,fda.citations.history,raw/fda.citations.history/2026/09/20260908T143121Z-37225c1abaad.json.gz,1
fda.citations.history,firm:3003153579,2015-02-03,2026-09-08T14:31:21Z,cfr,21 CFR 211.113(b),,fda.citations.history,raw/fda.citations.history/2026/09/20260908T143121Z-37225c1abaad.json.gz,1
fda.citations.history,firm:3003153579,2015-02-03,2026-09-08T14:31:21Z,cfr,21 CFR 211.42(c)(10)(v),,fda.citations.history,raw/fda.citations.history/2026/09/20260908T143121Z-37225c1abaad.json.gz,1
fda.citations.history,firm:3003153579,2015-02-03,2026-09-08T14:31:21Z,cfr_part,211,part,fda.citations.history,raw/fda.citations.history/2026/09/20260908T143121Z-37225c1abaad.json.gz,1
fda.citations.history,firm:3003153579,2015-02-03,2026-09-08T14:31:21Z,citation,1,count,fda.citations.history,raw/fda.citations.history/2026/09/20260908T143121Z-37225c1abaad.json.gz,1
fda.citations.history,firm:3003153579,2015-02-03,2026-09-08T14:31:21Z,citation_topic,Cleaning System,,fda.citations.history,raw/fda.citations.history/2026/09/20260908T143121Z-37225c1abaad.json.gz,1
fda.citations.history,firm:3003153579,2015-02-03,2026-09-08T14:31:21Z,citation_topic,Validation lacking for sterile drug products,,fda.citations.history,raw/fda.citations.history/2026/09/20260908T143121Z-37225c1abaad.json.gz,1
fda.citations.history,firm:3003153579,2015-02-03,2026-09-08T14:31:21Z,firm_key,EMERGENT BIOSOLUTIONS CANADA,,fda.citations.history,raw/fda.citations.history/2026/09/20260908T143121Z-37225c1abaad.json.gz,1
fda.citations.history,firm:3003153579,2015-02-03,2026-09-08T14:31:21Z,is_gmp,1,bool,fda.citations.history,raw/fda.citations.history/2026/09/20260908T143121Z-37225c1abaad.json.gz,1
fda.citations.history,firm:3003153579,2015-02-03,2026-09-08T14:31:21Z,label,Emergent BioSolutions Canada Inc.,,fda.citations.history,raw/fda.citations.history/2026/09/20260908T143121Z-37225c1abaad.json.gz,1
fda.citations.history,firm:3003164085,2015-02-25,2026-09-08T14:31:21Z,cfr,21 CFR 211.192,,fda.citations.history,raw/fda.citations.history/2026/09/20260908T143121Z-37225c1abaad.json.gz,1
fda.citations.history,firm:3003164085,2015-02-25,2026-09-08T14:31:21Z,cfr,21 CFR 211.198(a),,fda.citations.history,raw/fda.citations.history/2026/09/20260908T143121Z-37225c1abaad.json.gz,1
fda.citations.history,firm:3003164085,2015-02-25,2026-09-08T14:31:21Z,cfr_part,211,part,fda.citations.history,raw/fda.citations.history/2026/09/20260908T143121Z-37225c1abaad.json.gz,1
fda.citations.history,firm:3003164085,2015-02-25,2026-09-08T14:31:21Z,citation,1,count,fda.citations.history,raw/fda.citations.history/2026/09/20260908T143121Z-37225c1abaad.json.gz,1
fda.citations.history,firm:3003164085,2015-02-25,2026-09-08T14:31:21Z,citation_topic,Complaint Handling Procedure,,fda.citations.history,raw/fda.citations.history/2026/09/20260908T143121Z-37225c1abaad.json.gz,1
fda.citations.history,firm:3003164085,2015-02-25,2026-09-08T14:31:21Z,citation_topic,Written record of investigation incomplete,,fda.citations.history,raw/fda.citations.history/2026/09/20260908T143121Z-37225c1abaad.json.gz,1
fda.citations.history,firm:3003164085,2015-02-25,2026-09-08T14:31:21Z,firm_key,ROCKY MOUNTAIN POISON DRUG CENTER,,fda.citations.history,raw/fda.citations.history/2026/09/20260908T143121Z-37225c1abaad.json.gz,1
fda.citations.history,firm:3003164085,2015-02-25,2026-09-08T14:31:21Z,is_gmp,1,bool,fda.citations.history,raw/fda.citations.history/2026/09/20260908T143121Z-37225c1abaad.json.gz,1
fda.citations.history,firm:3003164085,2015-02-25,2026-09-08T14:31:21Z,label,Rocky Mountain Poison & Drug Center,,fda.citations.history,raw/fda.citations.history/2026/09/20260908T143121Z-37225c1abaad.json.gz,1
fda.citations.history,firm:3003200255,2015-02-06,2026-09-08T14:31:21Z,cfr,21 CFR 211.182,,fda.citations.history,raw/fda.citations.history/2026/09/20260908T143121Z-37225c1abaad.json.gz,1
fda.citations.history,firm:3003200255,2015-02-06,2026-09-08T14:31:21Z,cfr,21 CFR 211.58,,fda.citations.history,raw/fda.citations.history/2026/09/20260908T143121Z-37225c1abaad.json.gz,1
fda.citations.history,firm:3003200255,2015-02-06,2026-09-08T14:31:21Z,cfr,21 CFR 211.63,,fda.citations.history,raw/fda.citations.history/2026/09/20260908T143121Z-37225c1abaad.json.gz,1
fda.citations.history,firm:3003200255,2015-02-06,2026-09-08T14:31:21Z,cfr,21 CFR 211.67(a),,fda.citations.history,raw/fda.citations.history/2026/09/20260908T143121Z-37225c1abaad.json.gz,1
fda.citations.history,firm:3003200255,2015-02-06,2026-09-08T14:31:21Z,cfr,21 CFR 211.68(b),,fda.citations.history,raw/fda.citations.history/2026/09/20260908T143121Z-37225c1abaad.json.gz,1
fda.citations.history,firm:3003200255,2015-02-06,2026-09-08T14:31:21Z,cfr_part,211,part,fda.citations.history,raw/fda.citations.history/2026/09/20260908T143121Z-37225c1abaad.json.gz,1
fda.citations.history,firm:3003200255,2015-02-06,2026-09-08T14:31:21Z,citation,1,count,fda.citations.history,raw/fda.citations.history/2026/09/20260908T143121Z-37225c1abaad.json.gz,1
fda.citations.history,firm:3003200255,2015-02-06,2026-09-08T14:31:21Z,citation_topic,Buildings not maintained in good state of repair,,fda.citations.history,raw/fda.citations.history/2026/09/20260908T143121Z-37225c1abaad.json.gz,1
fda.citations.history,firm:3003200255,2015-02-06,2026-09-08T14:31:21Z,citation_topic,Cleaning / Sanitizing / Maintenance,,fda.citations.history,raw/fda.citations.history/2026/09/20260908T143121Z-37225c1abaad.json.gz,1
fda.citations.history,firm:3003200255,2015-02-06,2026-09-08T14:31:21Z,citation_topic,Computer control of master formula records,,fda.citations.history,raw/fda.citations.history/2026/09/20260908T143121Z-37225c1abaad.json.gz,1
fda.citations.history,firm:3003200255,2015-02-06,2026-09-08T14:31:21Z,citation_topic,"Equipment Design, Size and Location",,fda.citations.history,raw/fda.citations.history/2026/09/20260908T143121Z-37225c1abaad.json.gz,1
fda.citations.history,firm:3003200255,2015-02-06,2026-09-08T14:31:21Z,citation_topic,Written records kept in individual logs,,fda.citations.history,raw/fda.citations.history/2026/09/20260908T143121Z-37225c1abaad.json.gz,1
fda.citations.history,firm:3003200255,2015-02-06,2026-09-08T14:31:21Z,firm_key,GUFIC BIOSCIENCES,,fda.citations.history,raw/fda.citations.history/2026/09/20260908T143121Z-37225c1abaad.json.gz,1
fda.citations.history,firm:3003200255,2015-02-06,2026-09-08T14:31:21Z,is_gmp,1,bool,fda.citations.history,raw/fda.citations.history/2026/09/20260908T143121Z-37225c1abaad.json.gz,1
fda.citations.history,firm:3003200255,2015-02-06,2026-09-08T14:31:21Z,label,Gufic Biosciences Limited,,fda.citations.history,raw/fda.citations.history/2026/09/20260908T143121Z-37225c1abaad.json.gz,1
fda.citations.history,firm:3003369203,2015-02-13,2026-09-08T14:31:21Z,cfr,21 CFR 211.100(a),,fda.citations.history,raw/fda.citations.history/2026/09/20260908T143121Z-37225c1abaad.json.gz,1
fda.citations.history,firm:3003369203,2015-02-13,2026-09-08T14:31:21Z,cfr,21 CFR 211.192,,fda.citations.history,raw/fda.citations.history/2026/09/20260908T143121Z-37225c1abaad.json.gz,1
fda.citations.history,firm:3003369203,2015-02-13,2026-09-08T14:31:21Z,cfr,21 CFR 211.198(a),,fda.citations.history,raw/fda.citations.history/2026/09/20260908T143121Z-37225c1abaad.json.gz,1
fda.citations.history,firm:3003369203,2015-02-13,2026-09-08T14:31:21Z,cfr_part,211,part,fda.citations.history,raw/fda.citations.history/2026/09/20260908T143121Z-37225c1abaad.json.gz,1
fda.citations.history,firm:3003369203,2015-02-13,2026-09-08T14:31:21Z,citation,1,count,fda.citations.history,raw/fda.citations.history/2026/09/20260908T143121Z-37225c1abaad.json.gz,1
fda.citations.history,firm:3003369203,2015-02-13,2026-09-08T14:31:21Z,citation_topic,Absence of Written Procedures,,fda.citations.history,raw/fda.citations.history/2026/09/20260908T143121Z-37225c1abaad.json.gz,1
fda.citations.history,firm:3003369203,2015-02-13,2026-09-08T14:31:21Z,citation_topic,Complaint Handling Procedure,,fda.citations.history,raw/fda.citations.history/2026/09/20260908T143121Z-37225c1abaad.json.gz,1
fda.citations.history,firm:3003369203,2015-02-13,2026-09-08T14:31:21Z,citation_topic,"Investigations of discrepancies, failures",,fda.citations.history,raw/fda.citations.history/2026/09/20260908T143121Z-37225c1abaad.json.gz,1
fda.citations.history,firm:3003369203,2015-02-13,2026-09-08T14:31:21Z,firm_key,ESTEE LAUDER COSMETICS,,fda.citations.history,raw/fda.citations.history/2026/09/20260908T143121Z-37225c1abaad.json.gz,1
fda.citations.history,firm:3003369203,2015-02-13,2026-09-08T14:31:21Z,is_gmp,1,bool,fda.citations.history,raw/fda.citations.history/2026/09/20260908T143121Z-37225c1abaad.json.gz,1
fda.citations.history,firm:3003369203,2015-02-13,2026-09-08T14:31:21Z,label,"Estee Lauder Cosmetics, Ltd.",,fda.citations.history,raw/fda.citations.history/2026/09/20260908T143121Z-37225c1abaad.json.gz,1
fda.citations.history,firm:3004067672,2015-02-18,2026-09-08T14:31:21Z,cfr,21 CFR 211.186(a),,fda.citations.history,raw/fda.citations.history/2026/09/20260908T143121Z-37225c1abaad.json.gz,1
fda.citations.history,firm:3004067672,2015-02-18,2026-09-08T14:31:21Z,cfr,21 CFR 211.198(a),,fda.citations.history,raw/fda.citations.history/2026/09/20260908T143121Z-37225c1abaad.json.gz,1
fda.citations.history,firm:3004067672,2015-02-18,2026-09-08T14:31:21Z,cfr,21 CFR 211.22(a),,fda.citations.history,raw/fda.citations.history/2026/09/20260908T143121Z-37225c1abaad.json.gz,1
fda.citations.history,firm:3004067672,2015-02-18,2026-09-08T14:31:21Z,cfr,21 CFR 314.80(b),,fda.citations.history,raw/fda.citations.history/2026/09/20260908T143121Z-37225c1abaad.json.gz,1
fda.citations.history,firm:3004067672,2015-02-18,2026-09-08T14:31:21Z,cfr_part,211,part,fda.citations.history,raw/fda.citations.history/2026/09/20260908T143121Z-37225c1abaad.json.gz,1
fda.citations.history,firm:3004067672,2015-02-18,2026-09-08T14:31:21Z,cfr_part,314,part,fda.citations.history,raw/fda.citations.history/2026/09/20260908T143121Z-37225c1abaad.json.gz,1
fda.citations.history,firm:3004067672,2015-02-18,2026-09-08T14:31:21Z,citation,1,count,fda.citations.history,raw/fda.citations.history/2026/09/20260908T143121Z-37225c1abaad.json.gz,1
fda.citations.history,firm:3004067672,2015-02-18,2026-09-08T14:31:21Z,citation_topic,Complaint Handling Procedure,,fda.citations.history,raw/fda.citations.history/2026/09/20260908T143121Z-37225c1abaad.json.gz,1
fda.citations.history,firm:3004067672,2015-02-18,2026-09-08T14:31:21Z,citation_topic,Failure to develop written procedures,,fda.citations.history,raw/fda.citations.history/2026/09/20260908T143121Z-37225c1abaad.json.gz,1
fda.citations.history,firm:3004067672,2015-02-18,2026-09-08T14:31:21Z,citation_topic,Lack of quality control unit,,fda.citations.history,raw/fda.citations.history/2026/09/20260908T143121Z-37225c1abaad.json.gz,1
fda.citations.history,firm:3004067672,2015-02-18,2026-09-08T14:31:21Z,citation_topic,Written procedures followed,,fda.citations.history,raw/fda.citations.history/2026/09/20260908T143121Z-37225c1abaad.json.gz,1
fda.citations.history,firm:3004067672,2015-02-18,2026-09-08T14:31:21Z,firm_key,LINDE GAS EQUIPMENT,,fda.citations.history,raw/fda.citations.history/2026/09/20260908T143121Z-37225c1abaad.json.gz,1
fda.citations.history,firm:3004067672,2015-02-18,2026-09-08T14:31:21Z,is_gmp,0,bool,fda.citations.history,raw/fda.citations.history/2026/09/20260908T143121Z-37225c1abaad.json.gz,1
fda.citations.history,firm:3004067672,2015-02-18,2026-09-08T14:31:21Z,is_gmp,1,bool,fda.citations.history,raw/fda.citations.history/2026/09/20260908T143121Z-37225c1abaad.json.gz,1
fda.citations.history,firm:3004067672,2015-02-18,2026-09-08T14:31:21Z,label,Linde Gas & Equipment Inc.,,fda.citations.history,raw/fda.citations.history/2026/09/20260908T143121Z-37225c1abaad.json.gz,1
fda.citations.history,firm:3004187716,2015-02-13,2026-09-08T14:31:21Z,cfr,21 CFR 211.110(a),,fda.citations.history,raw/fda.citations.history/2026/09/20260908T143121Z-37225c1abaad.json.gz,1
fda.citations.history,firm:3004187716,2015-02-13,2026-09-08T14:31:21Z,cfr,21 CFR 211.113(b),,fda.citations.history,raw/fda.citations.history/2026/09/20260908T143121Z-37225c1abaad.json.gz,1
fda.citations.history,firm:3004187716,2015-02-13,2026-09-08T14:31:21Z,cfr,21 CFR 211.160(a),,fda.citations.history,raw/fda.citations.history/2026/09/20260908T143121Z-37225c1abaad.json.gz,1
fda.citations.history,firm:3004187716,2015-02-13,2026-09-08T14:31:21Z,cfr,21 CFR 211.160(b)(4),,fda.citations.history,raw/fda.citations.history/2026/09/20260908T143121Z-37225c1abaad.json.gz,1
fda.citations.history,firm:3004187716,2015-02-13,2026-09-08T14:31:21Z,cfr,21 CFR 211.188,,fda.citations.history,raw/fda.citations.history/2026/09/20260908T143121Z-37225c1abaad.json.gz,1
fda.citations.history,firm:3004187716,2015-02-13,2026-09-08T14:31:21Z,cfr,21 CFR 211.194(a)(8),,fda.citations.history,raw/fda.citations.history/2026/09/20260908T143121Z-37225c1abaad.json.gz,1
fda.citations.history,firm:3004187716,2015-02-13,2026-09-08T14:31:21Z,cfr,21 CFR 211.198(a),,fda.citations.history,raw/fda.citations.history/2026/09/20260908T143121Z-37225c1abaad.json.gz,1
fda.citations.history,firm:3004187716,2015-02-13,2026-09-08T14:31:21Z,cfr,21 CFR 211.28(a),,fda.citations.history,raw/fda.citations.history/2026/09/20260908T143121Z-37225c1abaad.json.gz,1
fda.citations.history,firm:3004187716,2015-02-13,2026-09-08T14:31:21Z,cfr,21 CFR 211.56(b),,fda.citations.history,raw/fda.citations.history/2026/09/20260908T143121Z-37225c1abaad.json.gz,1
fda.citations.history,firm:3004187716,2015-02-13,2026-09-08T14:31:21Z,cfr,21 CFR 211.68(a),,fda.citations.history,raw/fda.citations.history/2026/09/20260908T143121Z-37225c1abaad.json.gz,1
fda.citations.history,firm:3004187716,2015-02-13,2026-09-08T14:31:21Z,cfr_part,211,part,fda.citations.history,raw/fda.citations.history/2026/09/20260908T143121Z-37225c1abaad.json.gz,1
fda.citations.history,firm:3004187716,2015-02-13,2026-09-08T14:31:21Z,citation,1,count,fda.citations.history,raw/fda.citations.history/2026/09/20260908T143121Z-37225c1abaad.json.gz,1
fda.citations.history,firm:3004187716,2015-02-13,2026-09-08T14:31:21Z,citation_topic,Calibration/Inspection/Checking not done,,fda.citations.history,raw/fda.citations.history/2026/09/20260908T143121Z-37225c1abaad.json.gz,1
fda.citations.history,firm:3004187716,2015-02-13,2026-09-08T14:31:21Z,citation_topic,Complaint Handling Procedure,,fda.citations.history,raw/fda.citations.history/2026/09/20260908T143121Z-37225c1abaad.json.gz,1
fda.citations.history,firm:3004187716,2015-02-13,2026-09-08T14:31:21Z,citation_topic,Establishment of calibration procedures,,fda.citations.history,raw/fda.citations.history/2026/09/20260908T143121Z-37225c1abaad.json.gz,1
fda.citations.history,firm:3004187716,2015-02-13,2026-09-08T14:31:21Z,citation_topic,Following/documenting laboratory controls,,fda.citations.history,raw/fda.citations.history/2026/09/20260908T143121Z-37225c1abaad.json.gz,1
fda.citations.history,firm:3004187716,2015-02-13,2026-09-08T14:31:21Z,citation_topic,"Prepared for each batch, include complete information",,fda.citations.history,raw/fda.citations.history/2026/09/20260908T143121Z-37225c1abaad.json.gz,1
fda.citations.history,firm:3004187716,2015-02-13,2026-09-08T14:31:21Z,citation_topic,Procedures for sterile drug products,,fda.citations.history,raw/fda.citations.history/2026/09/20260908T143121Z-37225c1abaad.json.gz,1
fda.citations.history,firm:3004187716,2015-02-13,2026-09-08T14:31:21Z,citation_topic,Protective Apparel Not Worn,,fda.citations.history,raw/fda.citations.history/2026/09/20260908T143121Z-37225c1abaad.json.gz,1
fda.citations.history,firm:3004187716,2015-02-13,2026-09-08T14:31:21Z,citation_topic,Second person sign off,,fda.citations.history,raw/fda.citations.history/2026/09/20260908T143121Z-37225c1abaad.json.gz,1
fda.citations.history,firm:3004187716,2015-02-13,2026-09-08T14:31:21Z,citation_topic,Written in-process control procedures,,fda.citations.history,raw/fda.citations.history/2026/09/20260908T143121Z-37225c1abaad.json.gz,1
fda.citations.history,firm:3004187716,2015-02-13,2026-09-08T14:31:21Z,citation_topic,Written sanitation procedures not followed,,fda.citations.history,raw/fda.citations.history/2026/09/20260908T143121Z-37225c1abaad.json.gz,1
fda.citations.history,firm:3004187716,2015-02-13,2026-09-08T14:31:21Z,firm_key,KLOSTERFRAU BERLIN,,fda.citations.history,raw/fda.citations.history/2026/09/20260908T143121Z-37225c1abaad.json.gz,1
fda.citations.history,firm:3004187716,2015-02-13,2026-09-08T14:31:21Z,is_gmp,1,bool,fda.citations.history,raw/fda.citations.history/2026/09/20260908T143121Z-37225c1abaad.json.gz,1
fda.citations.history,firm:3004187716,2015-02-13,2026-09-08T14:31:21Z,label,Klosterfrau Berlin GmbH,,fda.citations.history,raw/fda.citations.history/2026/09/20260908T143121Z-37225c1abaad.json.gz,1
fda.citations.history,firm:3004471600,2015-02-26,2026-09-08T14:31:21Z,cfr,21 CFR 211.160(a),,fda.citations.history,raw/fda.citations.history/2026/09/20260908T143121Z-37225c1abaad.json.gz,1
fda.citations.history,firm:3004471600,2015-02-26,2026-09-08T14:31:21Z,cfr_part,211,part,fda.citations.history,raw/fda.citations.history/2026/09/20260908T143121Z-37225c1abaad.json.gz,1
fda.citations.history,firm:3004471600,2015-02-26,2026-09-08T14:31:21Z,citation,1,count,fda.citations.history,raw/fda.citations.history/2026/09/20260908T143121Z-37225c1abaad.json.gz,1
fda.citations.history,firm:3004471600,2015-02-26,2026-09-08T14:31:21Z,citation_topic,Following/documenting laboratory controls,,fda.citations.history,raw/fda.citations.history/2026/09/20260908T143121Z-37225c1abaad.json.gz,1
fda.citations.history,firm:3004471600,2015-02-26,2026-09-08T14:31:21Z,firm_key,THORN BIOSCIENCE,,fda.citations.history,raw/fda.citations.history/2026/09/20260908T143121Z-37225c1abaad.json.gz,1
fda.citations.history,firm:3004471600,2015-02-26,2026-09-08T14:31:21Z,is_gmp,1,bool,fda.citations.history,raw/fda.citations.history/2026/09/20260908T143121Z-37225c1abaad.json.gz,1
fda.citations.history,firm:3004471600,2015-02-26,2026-09-08T14:31:21Z,label,Thorn BioScience LLC,,fda.citations.history,raw/fda.citations.history/2026/09/20260908T143121Z-37225c1abaad.json.gz,1
fda.citations.history,firm:3004530896,2015-02-02,2026-09-08T14:31:21Z,cfr,21 CFR 211.100(b),,fda.citations.history,raw/fda.citations.history/2026/09/20260908T143121Z-37225c1abaad.json.gz,1
fda.citations.history,firm:3004530896,2015-02-02,2026-09-08T14:31:21Z,cfr,21 CFR 211.160(a),,fda.citations.history,raw/fda.citations.history/2026/09/20260908T143121Z-37225c1abaad.json.gz,1
fda.citations.history,firm:3004530896,2015-02-02,2026-09-08T14:31:21Z,cfr,21 CFR 211.170(b),,fda.citations.history,raw/fda.citations.history/2026/09/20260908T143121Z-37225c1abaad.json.gz,1
fda.citations.history,firm:3004530896,2015-02-02,2026-09-08T14:31:21Z,cfr_part,211,part,fda.citations.history,raw/fda.citations.history/2026/09/20260908T143121Z-37225c1abaad.json.gz,1
fda.citations.history,firm:3004530896,2015-02-02,2026-09-08T14:31:21Z,citation,1,count,fda.citations.history,raw/fda.citations.history/2026/09/20260908T143121Z-37225c1abaad.json.gz,1
fda.citations.history,firm:3004530896,2015-02-02,2026-09-08T14:31:21Z,citation_topic,Annual visual exams of drug products,,fda.citations.history,raw/fda.citations.history/2026/09/20260908T143121Z-37225c1abaad.json.gz,1
fda.citations.history,firm:3004530896,2015-02-02,2026-09-08T14:31:21Z,citation_topic,Following/documenting laboratory controls,,fda.citations.history,raw/fda.citations.history/2026/09/20260908T143121Z-37225c1abaad.json.gz,1
fda.citations.history,firm:3004530896,2015-02-02,2026-09-08T14:31:21Z,citation_topic,SOPs not followed / documented,,fda.citations.history,raw/fda.citations.history/2026/09/20260908T143121Z-37225c1abaad.json.gz,1
fda.citations.history,firm:3004530896,2015-02-02,2026-09-08T14:31:21Z,firm_key,SHIONOGI,,fda.citations.history,raw/fda.citations.history/2026/09/20260908T143121Z-37225c1abaad.json.gz,1
fda.citations.history,firm:3004530896,2015-02-02,2026-09-08T14:31:21Z,is_gmp,1,bool,fda.citations.history,raw/fda.citations.history/2026/09/20260908T143121Z-37225c1abaad.json.gz,1
fda.citations.history,firm:3004530896,2015-02-02,2026-09-08T14:31:21Z,label,Shionogi Inc.,,fda.citations.history,raw/fda.citations.history/2026/09/20260908T143121Z-37225c1abaad.json.gz,1
fda.citations.history,firm:3004709093,2015-02-20,2026-09-08T14:31:21Z,cfr,21 CFR 211.160(b),,fda.citations.history,raw/fda.citations.history/2026/09/20260908T143121Z-37225c1abaad.json.gz,1
fda.citations.history,firm:3004709093,2015-02-20,2026-09-08T14:31:21Z,cfr,21 CFR 211.165(a),,fda.citations.history,raw/fda.citations.history/2026/09/20260908T143121Z-37225c1abaad.json.gz,1
fda.citations.history,firm:3004709093,2015-02-20,2026-09-08T14:31:21Z,cfr,21 CFR 211.165(b),,fda.citations.history,raw/fda.citations.history/2026/09/20260908T143121Z-37225c1abaad.json.gz,1
fda.citations.history,firm:3004709093,2015-02-20,2026-09-08T14:31:21Z,cfr_part,211,part,fda.citations.history,raw/fda.citations.history/2026/09/20260908T143121Z-37225c1abaad.json.gz,1
fda.citations.history,firm:3004709093,2015-02-20,2026-09-08T14:31:21Z,citation,1,count,fda.citations.history,raw/fda.citations.history/2026/09/20260908T143121Z-37225c1abaad.json.gz,1
fda.citations.history,firm:3004709093,2015-02-20,2026-09-08T14:31:21Z,citation_topic,Microbiological testing,,fda.citations.history,raw/fda.citations.history/2026/09/20260908T143121Z-37225c1abaad.json.gz,1
fda.citations.history,firm:3004709093,2015-02-20,2026-09-08T14:31:21Z,citation_topic,Scientifically sound laboratory controls,,fda.citations.history,raw/fda.citations.history/2026/09/20260908T143121Z-37225c1abaad.json.gz,1
fda.citations.history,firm:3004709093,2015-02-20,2026-09-08T14:31:21Z,citation_topic,Testing and release for distribution,,fda.citations.history,raw/fda.citations.history/2026/09/20260908T143121Z-37225c1abaad.json.gz,1
fda.citations.history,firm:3004709093,2015-02-20,2026-09-08T14:31:21Z,firm_key,LATO DRUG DBA POST HASTE PHARMACY,,fda.citations.history,raw/fda.citations.history/2026/09/20260908T143121Z-37225c1abaad.json.gz,1
fda.citations.history,firm:3004709093,2015-02-20,2026-09-08T14:31:21Z,is_gmp,1,bool,fda.citations.history,raw/fda.citations.history/2026/09/20260908T143121Z-37225c1abaad.json.gz,1
fda.citations.history,firm:3004709093,2015-02-20,2026-09-08T14:31:21Z,label,Lato Drug Co. Inc. dba Post Haste Pharmacy,,fda.citations.history,raw/fda.citations.history/2026/09/20260908T143121Z-37225c1abaad.json.gz,1
fda.citations.history,firm:3005151215,2015-02-04,2026-09-08T14:31:21Z,cfr,21 CFR 211.100(b),,fda.citations.history,raw/fda.citations.history/2026/09/20260908T143121Z-37225c1abaad.json.gz,1
fda.citations.history,firm:3005151215,2015-02-04,2026-09-08T14:31:21Z,cfr,21 CFR 211.113(b),,fda.citations.history,raw/fda.citations.history/2026/09/20260908T143121Z-37225c1abaad.json.gz,1
fda.citations.history,firm:3005151215,2015-02-04,2026-09-08T14:31:21Z,cfr,21 CFR 211.160(b),,fda.citations.history,raw/fda.citations.history/2026/09/20260908T143121Z-37225c1abaad.json.gz,1
fda.citations.history,firm:3005151215,2015-02-04,2026-09-08T14:31:21Z,cfr,21 CFR 211.192,,fda.citations.history,raw/fda.citations.history/2026/09/20260908T143121Z-37225c1abaad.json.gz,1
fda.citations.history,firm:3005151215,2015-02-04,2026-09-08T14:31:21Z,cfr,21 CFR 211.194(a),,fda.citations.history,raw/fda.citations.history/2026/09/20260908T143121Z-37225c1abaad.json.gz,1
fda.citations.history,firm:3005151215,2015-02-04,2026-09-08T14:31:21Z,cfr,21 CFR 211.42(c)(10),,fda.citations.history,raw/fda.citations.history/2026/09/20260908T143121Z-37225c1abaad.json.gz,1
fda.citations.history,firm:3005151215,2015-02-04,2026-09-08T14:31:21Z,cfr,21 CFR 211.42(c)(10)(iv),,fda.citations.history,raw/fda.citations.history/2026/09/20260908T143121Z-37225c1abaad.json.gz,1
fda.citations.history,firm:3005151215,2015-02-04,2026-09-08T14:31:21Z,cfr,21 CFR 211.42(c)(10)(v),,fda.citations.history,raw/fda.citations.history/2026/09/20260908T143121Z-37225c1abaad.json.gz,1
fda.citations.history,firm:3005151215,2015-02-04,2026-09-08T14:31:21Z,cfr,21 CFR 211.67(a),,fda.citations.history,raw/fda.citations.history/2026/09/20260908T143121Z-37225c1abaad.json.gz,1
fda.citations.history,firm:3005151215,2015-02-04,2026-09-08T14:31:21Z,cfr,21 CFR 211.68(a),,fda.citations.history,raw/fda.citations.history/2026/09/20260908T143121Z-37225c1abaad.json.gz,1
fda.citations.history,firm:3005151215,2015-02-04,2026-09-08T14:31:21Z,cfr,21 CFR 211.68(b),,fda.citations.history,raw/fda.citations.history/2026/09/20260908T143121Z-37225c1abaad.json.gz,1
fda.citations.history,firm:3005151215,2015-02-04,2026-09-08T14:31:21Z,cfr_part,211,part,fda.citations.history,raw/fda.citations.history/2026/09/20260908T143121Z-37225c1abaad.json.gz,1
fda.citations.history,firm:3005151215,2015-02-04,2026-09-08T14:31:21Z,citation,1,count,fda.citations.history,raw/fda.citations.history/2026/09/20260908T143121Z-37225c1abaad.json.gz,1
fda.citations.history,firm:3005151215,2015-02-04,2026-09-08T14:31:21Z,citation_topic,Aseptic Processing Area,,fda.citations.history,raw/fda.citations.history/2026/09/20260908T143121Z-37225c1abaad.json.gz,1
fda.citations.history,firm:3005151215,2015-02-04,2026-09-08T14:31:21Z,citation_topic,Calibration/Inspection/Checking not done,,fda.citations.history,raw/fda.citations.history/2026/09/20260908T143121Z-37225c1abaad.json.gz,1
fda.citations.history,firm:3005151215,2015-02-04,2026-09-08T14:31:21Z,citation_topic,Cleaning / Sanitizing / Maintenance,,fda.citations.history,raw/fda.citations.history/2026/09/20260908T143121Z-37225c1abaad.json.gz,1
fda.citations.history,firm:3005151215,2015-02-04,2026-09-08T14:31:21Z,citation_topic,Cleaning System,,fda.citations.history,raw/fda.citations.history/2026/09/20260908T143121Z-37225c1abaad.json.gz,1
fda.citations.history,firm:3005151215,2015-02-04,2026-09-08T14:31:21Z,citation_topic,Complete test data included in records,,fda.citations.history,raw/fda.citations.history/2026/09/20260908T143121Z-37225c1abaad.json.gz,1
fda.citations.history,firm:3005151215,2015-02-04,2026-09-08T14:31:21Z,citation_topic,Computer control of master formula records,,fda.citations.history,raw/fda.citations.history/2026/09/20260908T143121Z-37225c1abaad.json.gz,1
fda.citations.history,firm:3005151215,2015-02-04,2026-09-08T14:31:21Z,citation_topic,Environmental Monitoring System,,fda.citations.history,raw/fda.citations.history/2026/09/20260908T143121Z-37225c1abaad.json.gz,1
fda.citations.history,firm:3005151215,2015-02-04,2026-09-08T14:31:21Z,citation_topic,"Investigations of discrepancies, failures",,fda.citations.history,raw/fda.citations.history/2026/09/20260908T143121Z-37225c1abaad.json.gz,1
fda.citations.history,firm:3005151215,2015-02-04,2026-09-08T14:31:21Z,citation_topic,Procedures for sterile drug products,,fda.citations.history,raw/fda.citations.history/2026/09/20260908T143121Z-37225c1abaad.json.gz,1
fda.citations.history,firm:3005151215,2015-02-04,2026-09-08T14:31:21Z,citation_topic,SOPs not followed / documented,,fda.citations.history,raw/fda.citations.history/2026/09/20260908T143121Z-37225c1abaad.json.gz,1
fda.citations.history,firm:3005151215,2015-02-04,2026-09-08T14:31:21Z,citation_topic,Scientifically sound laboratory controls,,fda.citations.history,raw/fda.citations.history/2026/09/20260908T143121Z-37225c1abaad.json.gz,1
fda.citations.history,firm:3005151215,2015-02-04,2026-09-08T14:31:21Z,citation_topic,Validation lacking for sterile drug products,,fda.citations.history,raw/fda.citations.history/2026/09/20260908T143121Z-37225c1abaad.json.gz,1
fda.citations.history,firm:3005151215,2015-02-04,2026-09-08T14:31:21Z,firm_key,EMCURE,,fda.citations.history,raw/fda.citations.history/2026/09/20260908T143121Z-37225c1abaad.json.gz,1
fda.citations.history,firm:3005151215,2015-02-04,2026-09-08T14:31:21Z,is_gmp,1,bool,fda.citations.history,raw/fda.citations.history/2026/09/20260908T143121Z-37225c1abaad.json.gz,1
fda.citations.history,firm:3005151215,2015-02-04,2026-09-08T14:31:21Z,label,Emcure Pharmaceuticals Limited,,fda.citations.history,raw/fda.citations.history/2026/09/20260908T143121Z-37225c1abaad.json.gz,1
fda.citations.history,firm:3006015547,2015-02-19,2026-09-08T14:31:21Z,cfr,21 CFR 211.110(a),,fda.citations.history,raw/fda.citations.history/2026/09/20260908T143121Z-37225c1abaad.json.gz,1
fda.citations.history,firm:3006015547,2015-02-19,2026-09-08T14:31:21Z,cfr,21 CFR 211.113(a),,fda.citations.history,raw/fda.citations.history/2026/09/20260908T143121Z-37225c1abaad.json.gz,1
fda.citations.history,firm:3006015547,2015-02-19,2026-09-08T14:31:21Z,cfr,21 CFR 211.160(a),,fda.citations.history,raw/fda.citations.history/2026/09/20260908T143121Z-37225c1abaad.json.gz,1
fda.citations.history,firm:3006015547,2015-02-19,2026-09-08T14:31:21Z,cfr,21 CFR 211.160(b),,fda.citations.history,raw/fda.citations.history/2026/09/20260908T143121Z-37225c1abaad.json.gz,1
fda.citations.history,firm:3006015547,2015-02-19,2026-09-08T14:31:21Z,cfr,21 CFR 211.166(a),,fda.citations.history,raw/fda.citations.history/2026/09/20260908T143121Z-37225c1abaad.json.gz,1
fda.citations.history,firm:3006015547,2015-02-19,2026-09-08T14:31:21Z,cfr,21 CFR 211.166(b),,fda.citations.history,raw/fda.citations.history/2026/09/20260908T143121Z-37225c1abaad.json.gz,1
fda.citations.history,firm:3006015547,2015-02-19,2026-09-08T14:31:21Z,cfr,21 CFR 211.188,,fda.citations.history,raw/fda.citations.history/2026/09/20260908T143121Z-37225c1abaad.json.gz,1
fda.citations.history,firm:3006015547,2015-02-19,2026-09-08T14:31:21Z,cfr,21 CFR 211.188(b)(8),,fda.citations.history,raw/fda.citations.history/2026/09/20260908T143121Z-37225c1abaad.json.gz,1
fda.citations.history,firm:3006015547,2015-02-19,2026-09-08T14:31:21Z,cfr,21 CFR 211.28(a),,fda.citations.history,raw/fda.citations.history/2026/09/20260908T143121Z-37225c1abaad.json.gz,1
fda.citations.history,firm:3006015547,2015-02-19,2026-09-08T14:31:21Z,cfr,21 CFR 211.68(a),,fda.citations.history,raw/fda.citations.history/2026/09/20260908T143121Z-37225c1abaad.json.gz,1
fda.citations.history,firm:3006015547,2015-02-19,2026-09-08T14:31:21Z,cfr,21 CFR 211.87,,fda.citations.history,raw/fda.citations.history/2026/09/20260908T143121Z-37225c1abaad.json.gz,1
fda.citations.history,firm:3006015547,2015-02-19,2026-09-08T14:31:21Z,cfr_part,211,part,fda.citations.history,raw/fda.citations.history/2026/09/20260908T143121Z-37225c1abaad.json.gz,1
fda.citations.history,firm:3006015547,2015-02-19,2026-09-08T14:31:21Z,citation,1,count,fda.citations.history,raw/fda.citations.history/2026/09/20260908T143121Z-37225c1abaad.json.gz,1
fda.citations.history,firm:3006015547,2015-02-19,2026-09-08T14:31:21Z,citation_topic,Adequate number of batches on stability,,fda.citations.history,raw/fda.citations.history/2026/09/20260908T143121Z-37225c1abaad.json.gz,1
fda.citations.history,firm:3006015547,2015-02-19,2026-09-08T14:31:21Z,citation_topic,Calibration/Inspection/Checking not done,,fda.citations.history,raw/fda.citations.history/2026/09/20260908T143121Z-37225c1abaad.json.gz,1
fda.citations.history,firm:3006015547,2015-02-19,2026-09-08T14:31:21Z,citation_topic,Control procedures to monitor and validate performance,,fda.citations.history,raw/fda.citations.history/2026/09/20260908T143121Z-37225c1abaad.json.gz,1
fda.citations.history,firm:3006015547,2015-02-19,2026-09-08T14:31:21Z,citation_topic,Following/documenting laboratory controls,,fda.citations.history,raw/fda.citations.history/2026/09/20260908T143121Z-37225c1abaad.json.gz,1
fda.citations.history,firm:3006015547,2015-02-19,2026-09-08T14:31:21Z,citation_topic,Labeling Control Records and Label Copies,,fda.citations.history,raw/fda.citations.history/2026/09/20260908T143121Z-37225c1abaad.json.gz,1
fda.citations.history,firm:3006015547,2015-02-19,2026-09-08T14:31:21Z,citation_topic,Lack of written stability program,,fda.citations.history,raw/fda.citations.history/2026/09/20260908T143121Z-37225c1abaad.json.gz,1
fda.citations.history,firm:3006015547,2015-02-19,2026-09-08T14:31:21Z,citation_topic,"Prepared for each batch, include complete information",,fda.citations.history,raw/fda.citations.history/2026/09/20260908T143121Z-37225c1abaad.json.gz,1
fda.citations.history,firm:3006015547,2015-02-19,2026-09-08T14:31:21Z,citation_topic,Procedures for non-sterile drug products,,fda.citations.history,raw/fda.citations.history/2026/09/20260908T143121Z-37225c1abaad.json.gz,1
fda.citations.history,firm:3006015547,2015-02-19,2026-09-08T14:31:21Z,citation_topic,Protective Apparel Not Worn,,fda.citations.history,raw/fda.citations.history/2026/09/20260908T143121Z-37225c1abaad.json.gz,1
fda.citations.history,firm:3006015547,2015-02-19,2026-09-08T14:31:21Z,citation_topic,Retest of approved components/containers/closures,,fda.citations.history,raw/fda.citations.history/2026/09/20260908T143121Z-37225c1abaad.json.gz,1
fda.citations.history,firm:3006015547,2015-02-19,2026-09-08T14:31:21Z,citation_topic,Scientifically sound laboratory controls,,fda.citations.history,raw/fda.citations.history/2026/09/20260908T143121Z-37225c1abaad.json.gz,1
fda.citations.history,firm:3006015547,2015-02-19,2026-09-08T14:31:21Z,citation_topic,Written in-process control procedures,,fda.citations.history,raw/fda.citations.history/2026/09/20260908T143121Z-37225c1abaad.json.gz,1
fda.citations.history,firm:3006015547,2015-02-19,2026-09-08T14:31:21Z,firm_key,WAGNER KFT,,fda.citations.history,raw/fda.citations.history/2026/09/20260908T143121Z-37225c1abaad.json.gz,1
fda.citations.history,firm:3006015547,2015-02-19,2026-09-08T14:31:21Z,is_gmp,1,bool,fda.citations.history,raw/fda.citations.history/2026/09/20260908T143121Z-37225c1abaad.json.gz,1
fda.citations.history,firm:3006015547,2015-02-19,2026-09-08T14:31:21Z,label,Wagner Pharma KFT,,fda.citations.history,raw/fda.citations.history/2026/09/20260908T143121Z-37225c1abaad.json.gz,1
fda.citations.history,firm:3007058211,2015-02-10,2026-09-08T14:31:21Z,cfr,21 CFR 211.113(b),,fda.citations.history,raw/fda.citations.history/2026/09/20260908T143121Z-37225c1abaad.json.gz,1
fda.citations.history,firm:3007058211,2015-02-10,2026-09-08T14:31:21Z,cfr,21 CFR 211.160(a),,fda.citations.history,raw/fda.citations.history/2026/09/20260908T143121Z-37225c1abaad.json.gz,1
fda.citations.history,firm:3007058211,2015-02-10,2026-09-08T14:31:21Z,cfr,21 CFR 211.160(b),,fda.citations.history,raw/fda.citations.history/2026/09/20260908T143121Z-37225c1abaad.json.gz,1
fda.citations.history,firm:3007058211,2015-02-10,2026-09-08T14:31:21Z,cfr,21 CFR 211.22(d),,fda.citations.history,raw/fda.citations.history/2026/09/20260908T143121Z-37225c1abaad.json.gz,1
fda.citations.history,firm:3007058211,2015-02-10,2026-09-08T14:31:21Z,cfr_part,211,part,fda.citations.history,raw/fda.citations.history/2026/09/20260908T143121Z-37225c1abaad.json.gz,1
fda.citations.history,firm:3007058211,2015-02-10,2026-09-08T14:31:21Z,citation,1,count,fda.citations.history,raw/fda.citations.history/2026/09/20260908T143121Z-37225c1abaad.json.gz,1
fda.citations.history,firm:3007058211,2015-02-10,2026-09-08T14:31:21Z,citation_topic,"Lab controls established, including changes",,fda.citations.history,raw/fda.citations.history/2026/09/20260908T143121Z-37225c1abaad.json.gz,1
fda.citations.history,firm:3007058211,2015-02-10,2026-09-08T14:31:21Z,citation_topic,Procedures for sterile drug products,,fda.citations.history,raw/fda.citations.history/2026/09/20260908T143121Z-37225c1abaad.json.gz,1
fda.citations.history,firm:3007058211,2015-02-10,2026-09-08T14:31:21Z,citation_topic,"Procedures not  in writing, fully followed",,fda.citations.history,raw/fda.citations.history/2026/09/20260908T143121Z-37225c1abaad.json.gz,1
fda.citations.history,firm:3007058211,2015-02-10,2026-09-08T14:31:21Z,citation_topic,Scientifically sound laboratory controls,,fda.citations.history,raw/fda.citations.history/2026/09/20260908T143121Z-37225c1abaad.json.gz,1
fda.citations.history,firm:3007058211,2015-02-10,2026-09-08T14:31:21Z,firm_key,EXCEL VISION,,fda.citations.history,raw/fda.citations.history/2026/09/20260908T143121Z-37225c1abaad.json.gz,1
fda.citations.history,firm:3007058211,2015-02-10,2026-09-08T14:31:21Z,is_gmp,1,bool,fda.citations.history,raw/fda.citations.history/2026/09/20260908T143121Z-37225c1abaad.json.gz,1
fda.citations.history,firm:3007058211,2015-02-10,2026-09-08T14:31:21Z,label,Excel Vision,,fda.citations.history,raw/fda.citations.history/2026/09/20260908T143121Z-37225c1abaad.json.gz,1
fda.citations.history,firm:3007068182,2015-02-04,2026-09-08T14:31:21Z,cfr,21 CFR 211.165(a),,fda.citations.history,raw/fda.citations.history/2026/09/20260908T143121Z-37225c1abaad.json.gz,1
fda.citations.history,firm:3007068182,2015-02-04,2026-09-08T14:31:21Z,cfr,21 CFR 211.180(e)(1),,fda.citations.history,raw/fda.citations.history/2026/09/20260908T143121Z-37225c1abaad.json.gz,1
fda.citations.history,firm:3007068182,2015-02-04,2026-09-08T14:31:21Z,cfr,21 CFR 211.180(e)(2),,fda.citations.history,raw/fda.citations.history/2026/09/20260908T143121Z-37225c1abaad.json.gz,1
fda.citations.history,firm:3007068182,2015-02-04,2026-09-08T14:31:21Z,cfr,21 CFR 211.186(a),,fda.citations.history,raw/fda.citations.history/2026/09/20260908T143121Z-37225c1abaad.json.gz,1
fda.citations.history,firm:3007068182,2015-02-04,2026-09-08T14:31:21Z,cfr,21 CFR 211.198(a),,fda.citations.history,raw/fda.citations.history/2026/09/20260908T143121Z-37225c1abaad.json.gz,1
fda.citations.history,firm:3007068182,2015-02-04,2026-09-08T14:31:21Z,cfr,21 CFR 211.22(a),,fda.citations.history,raw/fda.citations.history/2026/09/20260908T143121Z-37225c1abaad.json.gz,1
fda.citations.history,firm:3007068182,2015-02-04,2026-09-08T14:31:21Z,cfr,21 CFR 211.25(a),,fda.citations.history,raw/fda.citations.history/2026/09/20260908T143121Z-37225c1abaad.json.gz,1
fda.citations.history,firm:3007068182,2015-02-04,2026-09-08T14:31:21Z,cfr,21 CFR 314.80(b),,fda.citations.history,raw/fda.citations.history/2026/09/20260908T143121Z-37225c1abaad.json.gz,1
fda.citations.history,firm:3007068182,2015-02-04,2026-09-08T14:31:21Z,cfr_part,211,part,fda.citations.history,raw/fda.citations.history/2026/09/20260908T143121Z-37225c1abaad.json.gz,1
fda.citations.history,firm:3007068182,2015-02-04,2026-09-08T14:31:21Z,cfr_part,314,part,fda.citations.history,raw/fda.citations.history/2026/09/20260908T143121Z-37225c1abaad.json.gz,1
fda.citations.history,firm:3007068182,2015-02-04,2026-09-08T14:31:21Z,citation,1,count,fda.citations.history,raw/fda.citations.history/2026/09/20260908T143121Z-37225c1abaad.json.gz,1
fda.citations.history,firm:3007068182,2015-02-04,2026-09-08T14:31:21Z,citation_topic,Complaints reviewed by Quality Control Unit,,fda.citations.history,raw/fda.citations.history/2026/09/20260908T143121Z-37225c1abaad.json.gz,1
fda.citations.history,firm:3007068182,2015-02-04,2026-09-08T14:31:21Z,citation_topic,Failure to develop written procedures,,fda.citations.history,raw/fda.citations.history/2026/09/20260908T143121Z-37225c1abaad.json.gz,1
fda.citations.history,firm:3007068182,2015-02-04,2026-09-08T14:31:21Z,citation_topic,Items to cover on annual reviews,,fda.citations.history,raw/fda.citations.history/2026/09/20260908T143121Z-37225c1abaad.json.gz,1
fda.citations.history,firm:3007068182,2015-02-04,2026-09-08T14:31:21Z,citation_topic,Lack of quality control unit,,fda.citations.history,raw/fda.citations.history/2026/09/20260908T143121Z-37225c1abaad.json.gz,1
fda.citations.history,firm:3007068182,2015-02-04,2026-09-08T14:31:21Z,citation_topic,Review of representative number of batches,,fda.citations.history,raw/fda.citations.history/2026/09/20260908T143121Z-37225c1abaad.json.gz,1
fda.citations.history,firm:3007068182,2015-02-04,2026-09-08T14:31:21Z,citation_topic,Testing and release for distribution,,fda.citations.history,raw/fda.citations.history/2026/09/20260908T143121Z-37225c1abaad.json.gz,1
fda.citations.history,firm:3007068182,2015-02-04,2026-09-08T14:31:21Z,citation_topic,"Training--operations, GMPs, written procedures",,fda.citations.history,raw/fda.citations.history/2026/09/20260908T143121Z-37225c1abaad.json.gz,1
fda.citations.history,firm:3007068182,2015-02-04,2026-09-08T14:31:21Z,citation_topic,Written procedures followed,,fda.citations.history,raw/fda.citations.history/2026/09/20260908T143121Z-37225c1abaad.json.gz,1
fda.citations.history,firm:3007068182,2015-02-04,2026-09-08T14:31:21Z,firm_key,FOREVERGREEN,,fda.citations.history,raw/fda.citations.history/2026/09/20260908T143121Z-37225c1abaad.json.gz,1
fda.citations.history,firm:3007068182,2015-02-04,2026-09-08T14:31:21Z,is_gmp,0,bool,fda.citations.history,raw/fda.citations.history/2026/09/20260908T143121Z-37225c1abaad.json.gz,1
fda.citations.history,firm:3007068182,2015-02-04,2026-09-08T14:31:21Z,is_gmp,1,bool,fda.citations.history,raw/fda.citations.history/2026/09/20260908T143121Z-37225c1abaad.json.gz,1
fda.citations.history,firm:3007068182,2015-02-04,2026-09-08T14:31:21Z,label,"ForeverGreen International, LLC",,fda.citations.history,raw/fda.citations.history/2026/09/20260908T143121Z-37225c1abaad.json.gz,1
fda.citations.history,firm:3008058540,2015-02-05,2026-09-08T14:31:21Z,cfr,21 CFR 211.165(a),,fda.citations.history,raw/fda.citations.history/2026/09/20260908T143121Z-37225c1abaad.json.gz,1
fda.citations.history,firm:3008058540,2015-02-05,2026-09-08T14:31:21Z,cfr,21 CFR 211.165(b),,fda.citations.history,raw/fda.citations.history/2026/09/20260908T143121Z-37225c1abaad.json.gz,1
fda.citations.history,firm:3008058540,2015-02-05,2026-09-08T14:31:21Z,cfr_part,211,part,fda.citations.history,raw/fda.citations.history/2026/09/20260908T143121Z-37225c1abaad.json.gz,1
fda.citations.history,firm:3008058540,2015-02-05,2026-09-08T14:31:21Z,citation,1,count,fda.citations.history,raw/fda.citations.history/2026/09/20260908T143121Z-37225c1abaad.json.gz,1
fda.citations.history,firm:3008058540,2015-02-05,2026-09-08T14:31:21Z,citation_topic,Microbiological testing,,fda.citations.history,raw/fda.citations.history/2026/09/20260908T143121Z-37225c1abaad.json.gz,1
fda.citations.history,firm:3008058540,2015-02-05,2026-09-08T14:31:21Z,citation_topic,Testing and release for distribution,,fda.citations.history,raw/fda.citations.history/2026/09/20260908T143121Z-37225c1abaad.json.gz,1
fda.citations.history,firm:3008058540,2015-02-05,2026-09-08T14:31:21Z,firm_key,INFUPHARMA D B A PRESIDENT PHARMACY,,fda.citations.history,raw/fda.citations.history/2026/09/20260908T143121Z-37225c1abaad.json.gz,1
fda.citations.history,firm:3008058540,2015-02-05,2026-09-08T14:31:21Z,is_gmp,1,bool,fda.citations.history,raw/fda.citations.history/2026/09/20260908T143121Z-37225c1abaad.json.gz,1
fda.citations.history,firm:3008058540,2015-02-05,2026-09-08T14:31:21Z,label,Infupharma LLC d.b.a. President Pharmacy,,fda.citations.history,raw/fda.citations.history/2026/09/20260908T143121Z-37225c1abaad.json.gz,1
fda.citations.history,firm:3008386908,2015-02-04,2026-09-08T14:31:21Z,cfr,21 CFR 211.100(a),,fda.citations.history,raw/fda.citations.history/2026/09/20260908T143121Z-37225c1abaad.json.gz,1
fda.citations.history,firm:3008386908,2015-02-04,2026-09-08T14:31:21Z,cfr,21 CFR 211.113(b),,fda.citations.history,raw/fda.citations.history/2026/09/20260908T143121Z-37225c1abaad.json.gz,1
fda.citations.history,firm:3008386908,2015-02-04,2026-09-08T14:31:21Z,cfr,21 CFR 211.192,,fda.citations.history,raw/fda.citations.history/2026/09/20260908T143121Z-37225c1abaad.json.gz,1
fda.citations.history,firm:3008386908,2015-02-04,2026-09-08T14:31:21Z,cfr,21 CFR 211.194(a)(7),,fda.citations.history,raw/fda.citations.history/2026/09/20260908T143121Z-37225c1abaad.json.gz,1
fda.citations.history,firm:3008386908,2015-02-04,2026-09-08T14:31:21Z,cfr,21 CFR 211.42(c)(10)(iv),,fda.citations.history,raw/fda.citations.history/2026/09/20260908T143121Z-37225c1abaad.json.gz,1
fda.citations.history,firm:3008386908,2015-02-04,2026-09-08T14:31:21Z,cfr,21 CFR 211.42(c)(10)(v),,fda.citations.history,raw/fda.citations.history/2026/09/20260908T143121Z-37225c1abaad.json.gz,1
fda.citations.history,firm:3008386908,2015-02-04,2026-09-08T14:31:21Z,cfr,21 CFR 211.80(a),,fda.citations.history,raw/fda.citations.history/2026/09/20260908T143121Z-37225c1abaad.json.gz,1
fda.citations.history,firm:3008386908,2015-02-04,2026-09-08T14:31:21Z,cfr_part,211,part,fda.citations.history,raw/fda.citations.history/2026/09/20260908T143121Z-37225c1abaad.json.gz,1
fda.citations.history,firm:3008386908,2015-02-04,2026-09-08T14:31:21Z,citation,1,count,fda.citations.history,raw/fda.citations.history/2026/09/20260908T143121Z-37225c1abaad.json.gz,1
fda.citations.history,firm:3008386908,2015-02-04,2026-09-08T14:31:21Z,citation_topic,Absence of Written Procedures,,fda.citations.history,raw/fda.citations.history/2026/09/20260908T143121Z-37225c1abaad.json.gz,1
fda.citations.history,firm:3008386908,2015-02-04,2026-09-08T14:31:21Z,citation_topic,Cleaning System,,fda.citations.history,raw/fda.citations.history/2026/09/20260908T143121Z-37225c1abaad.json.gz,1
fda.citations.history,firm:3008386908,2015-02-04,2026-09-08T14:31:21Z,citation_topic,Environmental Monitoring System,,fda.citations.history,raw/fda.citations.history/2026/09/20260908T143121Z-37225c1abaad.json.gz,1
fda.citations.history,firm:3008386908,2015-02-04,2026-09-08T14:31:21Z,citation_topic,Identification of Person Performing the Testing,,fda.citations.history,raw/fda.citations.history/2026/09/20260908T143121Z-37225c1abaad.json.gz,1
fda.citations.history,firm:3008386908,2015-02-04,2026-09-08T14:31:21Z,citation_topic,Procedures To Be in Writing,,fda.citations.history,raw/fda.citations.history/2026/09/20260908T143121Z-37225c1abaad.json.gz,1
fda.citations.history,firm:3008386908,2015-02-04,2026-09-08T14:31:21Z,citation_topic,Validation lacking for sterile drug products,,fda.citations.history,raw/fda.citations.history/2026/09/20260908T143121Z-37225c1abaad.json.gz,1
fda.citations.history,firm:3008386908,2015-02-04,2026-09-08T14:31:21Z,citation_topic,Written record of investigation incomplete,,fda.citations.history,raw/fda.citations.history/2026/09/20260908T143121Z-37225c1abaad.json.gz,1
fda.citations.history,firm:3008386908,2015-02-04,2026-09-08T14:31:21Z,firm_key,GLAND CHEMICALS,,fda.citations.history,raw/fda.citations.history/2026/09/20260908T143121Z-37225c1abaad.json.gz,1
fda.citations.history,firm:3008386908,2015-02-04,2026-09-08T14:31:21Z,is_gmp,1,bool,fda.citations.history,raw/fda.citations.history/2026/09/20260908T143121Z-37225c1abaad.json.gz,1
fda.citations.history,firm:3008386908,2015-02-04,2026-09-08T14:31:21Z,label,Gland Chemicals Private Limited,,fda.citations.history,raw/fda.citations.history/2026/09/20260908T143121Z-37225c1abaad.json.gz,1
fda.citations.history,firm:3009590582,2015-02-11,2026-09-08T14:31:21Z,cfr,21 CFR 211.113(b),,fda.citations.history,raw/fda.citations.history/2026/09/20260908T143121Z-37225c1abaad.json.gz,1
fda.citations.history,firm:3009590582,2015-02-11,2026-09-08T14:31:21Z,cfr,21 CFR 211.167(a),,fda.citations.history,raw/fda.citations.history/2026/09/20260908T143121Z-37225c1abaad.json.gz,1
fda.citations.history,firm:3009590582,2015-02-11,2026-09-08T14:31:21Z,cfr,21 CFR 211.188(a),,fda.citations.history,raw/fda.citations.history/2026/09/20260908T143121Z-37225c1abaad.json.gz,1
fda.citations.history,firm:3009590582,2015-02-11,2026-09-08T14:31:21Z,cfr,21 CFR 211.192,,fda.citations.history,raw/fda.citations.history/2026/09/20260908T143121Z-37225c1abaad.json.gz,1
fda.citations.history,firm:3009590582,2015-02-11,2026-09-08T14:31:21Z,cfr,21 CFR 211.28(a),,fda.citations.history,raw/fda.citations.history/2026/09/20260908T143121Z-37225c1abaad.json.gz,1
fda.citations.history,firm:3009590582,2015-02-11,2026-09-08T14:31:21Z,cfr_part,211,part,fda.citations.history,raw/fda.citations.history/2026/09/20260908T143121Z-37225c1abaad.json.gz,1
fda.citations.history,firm:3009590582,2015-02-11,2026-09-08T14:31:21Z,citation,1,count,fda.citations.history,raw/fda.citations.history/2026/09/20260908T143121Z-37225c1abaad.json.gz,1
fda.citations.history,firm:3009590582,2015-02-11,2026-09-08T14:31:21Z,citation_topic,Accurate reproduction included,,fda.citations.history,raw/fda.citations.history/2026/09/20260908T143121Z-37225c1abaad.json.gz,1
fda.citations.history,firm:3009590582,2015-02-11,2026-09-08T14:31:21Z,citation_topic,Clothing appropriate for duties performed,,fda.citations.history,raw/fda.citations.history/2026/09/20260908T143121Z-37225c1abaad.json.gz,1
fda.citations.history,firm:3009590582,2015-02-11,2026-09-08T14:31:21Z,citation_topic,"Investigations of discrepancies, failures",,fda.citations.history,raw/fda.citations.history/2026/09/20260908T143121Z-37225c1abaad.json.gz,1
fda.citations.history,firm:3009590582,2015-02-11,2026-09-08T14:31:21Z,citation_topic,Procedures for sterile drug products,,fda.citations.history,raw/fda.citations.history/2026/09/20260908T143121Z-37225c1abaad.json.gz,1
fda.citations.history,firm:3009590582,2015-02-11,2026-09-08T14:31:21Z,citation_topic,Sterility/pyrogen-free testing,,fda.citations.history,raw/fda.citations.history/2026/09/20260908T143121Z-37225c1abaad.json.gz,1
fda.citations.history,firm:3009590582,2015-02-11,2026-09-08T14:31:21Z,citation_topic,Validation lacking for sterile drug products,,fda.citations.history,raw/fda.citations.history/2026/09/20260908T143121Z-37225c1abaad.json.gz,1
fda.citations.history,firm:3009590582,2015-02-11,2026-09-08T14:31:21Z,firm_key,CENTRAL ADMIXTURE PHARMACY SERVICES,,fda.citations.history,raw/fda.citations.history/2026/09/20260908T143121Z-37225c1abaad.json.gz,1
fda.citations.history,firm:3009590582,2015-02-11,2026-09-08T14:31:21Z,is_gmp,1,bool,fda.citations.history,raw/fda.citations.history/2026/09/20260908T143121Z-37225c1abaad.json.gz,1
fda.citations.history,firm:3009590582,2015-02-11,2026-09-08T14:31:21Z,label,"Central Admixture Pharmacy Services, Inc.",,fda.citations.history,raw/fda.citations.history/2026/09/20260908T143121Z-37225c1abaad.json.gz,1
fda.citations.history,firm:3009738669,2015-02-04,2026-09-08T14:31:21Z,cfr,21 CFR 211.137(a),,fda.citations.history,raw/fda.citations.history/2026/09/20260908T143121Z-37225c1abaad.json.gz,1
fda.citations.history,firm:3009738669,2015-02-04,2026-09-08T14:31:21Z,cfr,21 CFR 211.165(a),,fda.citations.history,raw/fda.citations.history/2026/09/20260908T143121Z-37225c1abaad.json.gz,1
fda.citations.history,firm:3009738669,2015-02-04,2026-09-08T14:31:21Z,cfr,21 CFR 211.188,,fda.citations.history,raw/fda.citations.history/2026/09/20260908T143121Z-37225c1abaad.json.gz,1
fda.citations.history,firm:3009738669,2015-02-04,2026-09-08T14:31:21Z,cfr,21 CFR 211.22(a),,fda.citations.history,raw/fda.citations.history/2026/09/20260908T143121Z-37225c1abaad.json.gz,1
fda.citations.history,firm:3009738669,2015-02-04,2026-09-08T14:31:21Z,cfr,21 CFR 211.67(a),,fda.citations.history,raw/fda.citations.history/2026/09/20260908T143121Z-37225c1abaad.json.gz,1
fda.citations.history,firm:3009738669,2015-02-04,2026-09-08T14:31:21Z,cfr,21 CFR 211.84(a),,fda.citations.history,raw/fda.citations.history/2026/09/20260908T143121Z-37225c1abaad.json.gz,1
fda.citations.history,firm:3009738669,2015-02-04,2026-09-08T14:31:21Z,cfr_part,211,part,fda.citations.history,raw/fda.citations.history/2026/09/20260908T143121Z-37225c1abaad.json.gz,1
fda.citations.history,firm:3009738669,2015-02-04,2026-09-08T14:31:21Z,citation,1,count,fda.citations.history,raw/fda.citations.history/2026/09/20260908T143121Z-37225c1abaad.json.gz,1
fda.citations.history,firm:3009738669,2015-02-04,2026-09-08T14:31:21Z,citation_topic,Cleaning / Sanitizing / Maintenance,,fda.citations.history,raw/fda.citations.history/2026/09/20260908T143121Z-37225c1abaad.json.gz,1
fda.citations.history,firm:3009738669,2015-02-04,2026-09-08T14:31:21Z,citation_topic,Components withheld from use pending release,,fda.citations.history,raw/fda.citations.history/2026/09/20260908T143121Z-37225c1abaad.json.gz,1
fda.citations.history,firm:3009738669,2015-02-04,2026-09-08T14:31:21Z,citation_topic,Expiration date lacking,,fda.citations.history,raw/fda.citations.history/2026/09/20260908T143121Z-37225c1abaad.json.gz,1
fda.citations.history,firm:3009738669,2015-02-04,2026-09-08T14:31:21Z,citation_topic,Lack of quality control unit,,fda.citations.history,raw/fda.citations.history/2026/09/20260908T143121Z-37225c1abaad.json.gz,1
fda.citations.history,firm:3009738669,2015-02-04,2026-09-08T14:31:21Z,citation_topic,"Prepared for each batch, include complete information",,fda.citations.history,raw/fda.citations.history/2026/09/20260908T143121Z-37225c1abaad.json.gz,1
fda.citations.history,firm:3009738669,2015-02-04,2026-09-08T14:31:21Z,citation_topic,Testing and release for distribution,,fda.citations.history,raw/fda.citations.history/2026/09/20260908T143121Z-37225c1abaad.json.gz,1
fda.citations.history,firm:3009738669,2015-02-04,2026-09-08T14:31:21Z,firm_key,BLUE NATURALS,,fda.citations.history,raw/fda.citations.history/2026/09/20260908T143121Z-37225c1abaad.json.gz,1
fda.citations.history,firm:3009738669,2015-02-04,2026-09-08T14:31:21Z,is_gmp,1,bool,fda.citations.history,raw/fda.citations.history/2026/09/20260908T143121Z-37225c1abaad.json.gz,1
fda.citations.history,firm:3009738669,2015-02-04,2026-09-08T14:31:21Z,label,Blue Naturals LLC,,fda.citations.history,raw/fda.citations.history/2026/09/20260908T143121Z-37225c1abaad.json.gz,1
fda.citations.history,firm:3011357279,2015-02-23,2026-09-08T14:31:21Z,cfr,21 CFR 211.113(b),,fda.citations.history,raw/fda.citations.history/2026/09/20260908T143121Z-37225c1abaad.json.gz,1
fda.citations.history,firm:3011357279,2015-02-23,2026-09-08T14:31:21Z,cfr,21 CFR 211.165(a),,fda.citations.history,raw/fda.citations.history/2026/09/20260908T143121Z-37225c1abaad.json.gz,1
fda.citations.history,firm:3011357279,2015-02-23,2026-09-08T14:31:21Z,cfr,21 CFR 211.166(a),,fda.citations.history,raw/fda.citations.history/2026/09/20260908T143121Z-37225c1abaad.json.gz,1
fda.citations.history,firm:3011357279,2015-02-23,2026-09-08T14:31:21Z,cfr,21 CFR 211.167(a),,fda.citations.history,raw/fda.citations.history/2026/09/20260908T143121Z-37225c1abaad.json.gz,1
fda.citations.history,firm:3011357279,2015-02-23,2026-09-08T14:31:21Z,cfr,21 CFR 211.192,,fda.citations.history,raw/fda.citations.history/2026/09/20260908T143121Z-37225c1abaad.json.gz,1
fda.citations.history,firm:3011357279,2015-02-23,2026-09-08T14:31:21Z,cfr,21 CFR 211.22(d),,fda.citations.history,raw/fda.citations.history/2026/09/20260908T143121Z-37225c1abaad.json.gz,1
fda.citations.history,firm:3011357279,2015-02-23,2026-09-08T14:31:21Z,cfr,21 CFR 211.28(a),,fda.citations.history,raw/fda.citations.history/2026/09/20260908T143121Z-37225c1abaad.json.gz,1
fda.citations.history,firm:3011357279,2015-02-23,2026-09-08T14:31:21Z,cfr,21 CFR 211.42(c)(10)(i),,fda.citations.history,raw/fda.citations.history/2026/09/20260908T143121Z-37225c1abaad.json.gz,1
fda.citations.history,firm:3011357279,2015-02-23,2026-09-08T14:31:21Z,cfr,21 CFR 211.42(c)(10)(iii),,fda.citations.history,raw/fda.citations.history/2026/09/20260908T143121Z-37225c1abaad.json.gz,1
fda.citations.history,firm:3011357279,2015-02-23,2026-09-08T14:31:21Z,cfr,21 CFR 211.42(c)(10)(iv),,fda.citations.history,raw/fda.citations.history/2026/09/20260908T143121Z-37225c1abaad.json.gz,1
fda.citations.history,firm:3011357279,2015-02-23,2026-09-08T14:31:21Z,cfr,21 CFR 211.42(c)(10)(v),,fda.citations.history,raw/fda.citations.history/2026/09/20260908T143121Z-37225c1abaad.json.gz,1
fda.citations.history,firm:3011357279,2015-02-23,2026-09-08T14:31:21Z,cfr_part,211,part,fda.citations.history,raw/fda.citations.history/2026/09/20260908T143121Z-37225c1abaad.json.gz,1
fda.citations.history,firm:3011357279,2015-02-23,2026-09-08T14:31:21Z,citation,1,count,fda.citations.history,raw/fda.citations.history/2026/09/20260908T143121Z-37225c1abaad.json.gz,1
fda.citations.history,firm:3011357279,2015-02-23,2026-09-08T14:31:21Z,citation_topic,Air Supply,,fda.citations.history,raw/fda.citations.history/2026/09/20260908T143121Z-37225c1abaad.json.gz,1
fda.citations.history,firm:3011357279,2015-02-23,2026-09-08T14:31:21Z,citation_topic,Cleaning System,,fda.citations.history,raw/fda.citations.history/2026/09/20260908T143121Z-37225c1abaad.json.gz,1
fda.citations.history,firm:3011357279,2015-02-23,2026-09-08T14:31:21Z,citation_topic,Clothing appropriate for duties performed,,fda.citations.history,raw/fda.citations.history/2026/09/20260908T143121Z-37225c1abaad.json.gz,1
fda.citations.history,firm:3011357279,2015-02-23,2026-09-08T14:31:21Z,citation_topic,Environmental Monitoring System,,fda.citations.history,raw/fda.citations.history/2026/09/20260908T143121Z-37225c1abaad.json.gz,1
fda.citations.history,firm:3011357279,2015-02-23,2026-09-08T14:31:21Z,citation_topic,"Floors, walls, ceiling surfaces",,fda.citations.history,raw/fda.citations.history/2026/09/20260908T143121Z-37225c1abaad.json.gz,1
fda.citations.history,firm:3011357279,2015-02-23,2026-09-08T14:31:21Z,citation_topic,Lack of written stability program,,fda.citations.history,raw/fda.citations.history/2026/09/20260908T143121Z-37225c1abaad.json.gz,1
fda.citations.history,firm:3011357279,2015-02-23,2026-09-08T14:31:21Z,citation_topic,Procedures for sterile drug products,,fda.citations.history,raw/fda.citations.history/2026/09/20260908T143121Z-37225c1abaad.json.gz,1
fda.citations.history,firm:3011357279,2015-02-23,2026-09-08T14:31:21Z,citation_topic,"Procedures not  in writing, fully followed",,fda.citations.history,raw/fda.citations.history/2026/09/20260908T143121Z-37225c1abaad.json.gz,1
fda.citations.history,firm:3011357279,2015-02-23,2026-09-08T14:31:21Z,citation_topic,Sterility/pyrogen-free testing,,fda.citations.history,raw/fda.citations.history/2026/09/20260908T143121Z-37225c1abaad.json.gz,1
fda.citations.history,firm:3011357279,2015-02-23,2026-09-08T14:31:21Z,citation_topic,Testing and release for distribution,,fda.citations.history,raw/fda.citations.history/2026/09/20260908T143121Z-37225c1abaad.json.gz,1
fda.citations.history,firm:3011357279,2015-02-23,2026-09-08T14:31:21Z,citation_topic,Written record of investigation incomplete,,fda.citations.history,raw/fda.citations.history/2026/09/20260908T143121Z-37225c1abaad.json.gz,1
fda.citations.history,firm:3011357279,2015-02-23,2026-09-08T14:31:21Z,firm_key,TRI MED DBA ADVANCED CARE INFUSION SHELBY,,fda.citations.history,raw/fda.citations.history/2026/09/20260908T143121Z-37225c1abaad.json.gz,1
fda.citations.history,firm:3011357279,2015-02-23,2026-09-08T14:31:21Z,is_gmp,1,bool,fda.citations.history,raw/fda.citations.history/2026/09/20260908T143121Z-37225c1abaad.json.gz,1
fda.citations.history,firm:3011357279,2015-02-23,2026-09-08T14:31:21Z,label,"Tri-Med, Inc. dba Advanced Care Infusion-Shelby",,fda.citations.history,raw/fda.citations.history/2026/09/20260908T143121Z-37225c1abaad.json.gz,1
fda.citations.history,firm:3011364861,2015-02-27,2026-09-08T14:31:21Z,cfr,21 CFR 211.111,,fda.citations.history,raw/fda.citations.history/2026/09/20260908T143121Z-37225c1abaad.json.gz,1
fda.citations.history,firm:3011364861,2015-02-27,2026-09-08T14:31:21Z,cfr,21 CFR 211.113(b),,fda.citations.history,raw/fda.citations.history/2026/09/20260908T143121Z-37225c1abaad.json.gz,1
fda.citations.history,firm:3011364861,2015-02-27,2026-09-08T14:31:21Z,cfr,21 CFR 211.165(a),,fda.citations.history,raw/fda.citations.history/2026/09/20260908T143121Z-37225c1abaad.json.gz,1
fda.citations.history,firm:3011364861,2015-02-27,2026-09-08T14:31:21Z,cfr,21 CFR 211.165(b),,fda.citations.history,raw/fda.citations.history/2026/09/20260908T143121Z-37225c1abaad.json.gz,1
fda.citations.history,firm:3011364861,2015-02-27,2026-09-08T14:31:21Z,cfr,21 CFR 211.166(a),,fda.citations.history,raw/fda.citations.history/2026/09/20260908T143121Z-37225c1abaad.json.gz,1
fda.citations.history,firm:3011364861,2015-02-27,2026-09-08T14:31:21Z,cfr,21 CFR 211.167(a),,fda.citations.history,raw/fda.citations.history/2026/09/20260908T143121Z-37225c1abaad.json.gz,1
fda.citations.history,firm:3011364861,2015-02-27,2026-09-08T14:31:21Z,cfr,21 CFR 211.42(b),,fda.citations.history,raw/fda.citations.history/2026/09/20260908T143121Z-37225c1abaad.json.gz,1
fda.citations.history,firm:3011364861,2015-02-27,2026-09-08T14:31:21Z,cfr,21 CFR 211.42(c)(10)(iv),,fda.citations.history,raw/fda.citations.history/2026/09/20260908T143121Z-37225c1abaad.json.gz,1
fda.citations.history,firm:3011364861,2015-02-27,2026-09-08T14:31:21Z,cfr,21 CFR 211.42(c)(10)(v),,fda.citations.history,raw/fda.citations.history/2026/09/20260908T143121Z-37225c1abaad.json.gz,1
fda.citations.history,firm:3011364861,2015-02-27,2026-09-08T14:31:21Z,cfr,21 CFR 211.84(d)(6),,fda.citations.history,raw/fda.citations.history/2026/09/20260908T143121Z-37225c1abaad.json.gz,1
fda.citations.history,firm:3011364861,2015-02-27,2026-09-08T14:31:21Z,cfr_part,211,part,fda.citations.history,raw/fda.citations.history/2026/09/20260908T143121Z-37225c1abaad.json.gz,1
fda.citations.history,firm:3011364861,2015-02-27,2026-09-08T14:31:21Z,citation,1,count,fda.citations.history,raw/fda.citations.history/2026/09/20260908T143121Z-37225c1abaad.json.gz,1
fda.citations.history,firm:3011364861,2015-02-27,2026-09-08T14:31:21Z,citation_topic,Cleaning System,,fda.citations.history,raw/fda.citations.history/2026/09/20260908T143121Z-37225c1abaad.json.gz,1
fda.citations.history,firm:3011364861,2015-02-27,2026-09-08T14:31:21Z,citation_topic,Environmental Monitoring System,,fda.citations.history,raw/fda.citations.history/2026/09/20260908T143121Z-37225c1abaad.json.gz,1
fda.citations.history,firm:3011364861,2015-02-27,2026-09-08T14:31:21Z,citation_topic,Establishment of time limitations,,fda.citations.history,raw/fda.citations.history/2026/09/20260908T143121Z-37225c1abaad.json.gz,1
fda.citations.history,firm:3011364861,2015-02-27,2026-09-08T14:31:21Z,citation_topic,Lack of written stability program,,fda.citations.history,raw/fda.citations.history/2026/09/20260908T143121Z-37225c1abaad.json.gz,1
fda.citations.history,firm:3011364861,2015-02-27,2026-09-08T14:31:21Z,citation_topic,Microbiological testing,,fda.citations.history,raw/fda.citations.history/2026/09/20260908T143121Z-37225c1abaad.json.gz,1
fda.citations.history,firm:3011364861,2015-02-27,2026-09-08T14:31:21Z,citation_topic,Objectionable microbiological contamination,,fda.citations.history,raw/fda.citations.history/2026/09/20260908T143121Z-37225c1abaad.json.gz,1
fda.citations.history,firm:3011364861,2015-02-27,2026-09-08T14:31:21Z,citation_topic,Product flow through building is inadequate,,fda.citations.history,raw/fda.citations.history/2026/09/20260908T143121Z-37225c1abaad.json.gz,1
fda.citations.history,firm:3011364861,2015-02-27,2026-09-08T14:31:21Z,citation_topic,Sterility/pyrogen-free testing,,fda.citations.history,raw/fda.citations.history/2026/09/20260908T143121Z-37225c1abaad.json.gz,1
fda.citations.history,firm:3011364861,2015-02-27,2026-09-08T14:31:21Z,citation_topic,Testing and release for distribution,,fda.citations.history,raw/fda.citations.history/2026/09/20260908T143121Z-37225c1abaad.json.gz,1
fda.citations.history,firm:3011364861,2015-02-27,2026-09-08T14:31:21Z,citation_topic,Validation lacking for sterile drug products,,fda.citations.history,raw/fda.citations.history/2026/09/20260908T143121Z-37225c1abaad.json.gz,1
fda.citations.history,firm:3011364861,2015-02-27,2026-09-08T14:31:21Z,firm_key,HEALTH INNOVATIONS PHARMACY,,fda.citations.history,raw/fda.citations.history/2026/09/20260908T143121Z-37225c1abaad.json.gz,1
fda.citations.history,firm:3011364861,2015-02-27,2026-09-08T14:31:21Z,is_gmp,1,bool,fda.citations.history,raw/fda.citations.history/2026/09/20260908T143121Z-37225c1abaad.json.gz,1
fda.citations.history,firm:3011364861,2015-02-27,2026-09-08T14:31:21Z,label,"Health Innovations Pharmacy, Inc",,fda.citations.history,raw/fda.citations.history/2026/09/20260908T143121Z-37225c1abaad.json.gz,1
fda.citations.history,firm:3012971227,2015-02-20,2026-09-08T14:31:21Z,cfr,21 CFR 211.192,,fda.citations.history,raw/fda.citations.history/2026/09/20260908T143121Z-37225c1abaad.json.gz,1
fda.citations.history,firm:3012971227,2015-02-20,2026-09-08T14:31:21Z,cfr,21 CFR 211.22(d),,fda.citations.history,raw/fda.citations.history/2026/09/20260908T143121Z-37225c1abaad.json.gz,1
fda.citations.history,firm:3012971227,2015-02-20,2026-09-08T14:31:21Z,cfr,21 CFR 211.63,,fda.citations.history,raw/fda.citations.history/2026/09/20260908T143121Z-37225c1abaad.json.gz,1
fda.citations.history,firm:3012971227,2015-02-20,2026-09-08T14:31:21Z,cfr,21 CFR 211.67(b),,fda.citations.history,raw/fda.citations.history/2026/09/20260908T143121Z-37225c1abaad.json.gz,1
fda.citations.history,firm:3012971227,2015-02-20,2026-09-08T14:31:21Z,cfr,21 CFR 211.68(b),,fda.citations.history,raw/fda.citations.history/2026/09/20260908T143121Z-37225c1abaad.json.gz,1
fda.citations.history,firm:3012971227,2015-02-20,2026-09-08T14:31:21Z,cfr_part,211,part,fda.citations.history,raw/fda.citations.history/2026/09/20260908T143121Z-37225c1abaad.json.gz,1
fda.citations.history,firm:3012971227,2015-02-20,2026-09-08T14:31:21Z,citation,1,count,fda.citations.history,raw/fda.citations.history/2026/09/20260908T143121Z-37225c1abaad.json.gz,1
fda.citations.history,firm:3012971227,2015-02-20,2026-09-08T14:31:21Z,citation_topic,Computer control of master formula records,,fda.citations.history,raw/fda.citations.history/2026/09/20260908T143121Z-37225c1abaad.json.gz,1
fda.citations.history,firm:3012971227,2015-02-20,2026-09-08T14:31:21Z,citation_topic,"Equipment Design, Size and Location",,fda.citations.history,raw/fda.citations.history/2026/09/20260908T143121Z-37225c1abaad.json.gz,1
fda.citations.history,firm:3012971227,2015-02-20,2026-09-08T14:31:21Z,citation_topic,"Procedures not  in writing, fully followed",,fda.citations.history,raw/fda.citations.history/2026/09/20260908T143121Z-37225c1abaad.json.gz,1
fda.citations.history,firm:3012971227,2015-02-20,2026-09-08T14:31:21Z,citation_topic,Written procedures fail to include,,fda.citations.history,raw/fda.citations.history/2026/09/20260908T143121Z-37225c1abaad.json.gz,1
fda.citations.history,firm:3012971227,2015-02-20,2026-09-08T14:31:21Z,citation_topic,Written record of investigation incomplete,,fda.citations.history,raw/fda.citations.history/2026/09/20260908T143121Z-37225c1abaad.json.gz,1
fda.citations.history,firm:3012971227,2015-02-20,2026-09-08T14:31:21Z,firm_key,NITTO AVECIA SERVICES,,fda.citations.history,raw/fda.citations.history/2026/09/20260908T143121Z-37225c1abaad.json.gz,1
fda.citations.history,firm:3012971227,2015-02-20,2026-09-08T14:31:21Z,is_gmp,1,bool,fda.citations.history,raw/fda.citations.history/2026/09/20260908T143121Z-37225c1abaad.json.gz,1
fda.citations.history,firm:3012971227,2015-02-20,2026-09-08T14:31:21Z,label,"Nitto Avecia Pharma Services, Inc.",,fda.citations.history,raw/fda.citations.history/2026/09/20260908T143121Z-37225c1abaad.json.gz,1
fda.complianceactions.drugs,firm:3008785938,2015-02-26,2026-09-07T21:01:42Z,action_taken,20150226,yyyymmdd,fda.complianceactions.drugs,raw/fda.complianceactions.drugs/2026/09/20260907T210142Z-90b93f350b34.json.gz,1
fda.complianceactions.drugs,firm:3008785938,2015-02-26,2026-09-07T21:01:42Z,action_warning_letter,1,count,fda.complianceactions.drugs,raw/fda.complianceactions.drugs/2026/09/20260907T210142Z-90b93f350b34.json.gz,1
fda.complianceactions.drugs,firm:3008785938,2015-02-26,2026-09-07T21:01:42Z,compliance_action,1,count,fda.complianceactions.drugs,raw/fda.complianceactions.drugs/2026/09/20260907T210142Z-90b93f350b34.json.gz,1
fda.complianceactions.drugs,firm:3008785938,2015-02-26,2026-09-07T21:01:42Z,firm_key,INFINITI,,fda.complianceactions.drugs,raw/fda.complianceactions.drugs/2026/09/20260907T210142Z-90b93f350b34.json.gz,1
fda.complianceactions.drugs,firm:3008785938,2015-02-26,2026-09-07T21:01:42Z,is_foreign,0,bool,fda.complianceactions.drugs,raw/fda.complianceactions.drugs/2026/09/20260907T210142Z-90b93f350b34.json.gz,1
fda.complianceactions.drugs,firm:3008785938,2015-02-26,2026-09-07T21:01:42Z,label,"Infiniti Labs, LLC",,fda.complianceactions.drugs,raw/fda.complianceactions.drugs/2026/09/20260907T210142Z-90b93f350b34.json.gz,1
fda.complianceactions.drugs,firm:3010093195,2015-02-20,2026-09-07T21:01:42Z,action_taken,20150220,yyyymmdd,fda.complianceactions.drugs,raw/fda.complianceactions.drugs/2026/09/20260907T210142Z-90b93f350b34.json.gz,1
fda.complianceactions.drugs,firm:3010093195,2015-02-20,2026-09-07T21:01:42Z,action_warning_letter,1,count,fda.complianceactions.drugs,raw/fda.complianceactions.drugs/2026/09/20260907T210142Z-90b93f350b34.json.gz,1
fda.complianceactions.drugs,firm:3010093195,2015-02-20,2026-09-07T21:01:42Z,compliance_action,1,count,fda.complianceactions.drugs,raw/fda.complianceactions.drugs/2026/09/20260907T210142Z-90b93f350b34.json.gz,1
fda.complianceactions.drugs,firm:3010093195,2015-02-20,2026-09-07T21:01:42Z,firm_key,MYNICNAXS,,fda.complianceactions.drugs,raw/fda.complianceactions.drugs/2026/09/20260907T210142Z-90b93f350b34.json.gz,1
fda.complianceactions.drugs,firm:3010093195,2015-02-20,2026-09-07T21:01:42Z,is_foreign,0,bool,fda.complianceactions.drugs,raw/fda.complianceactions.drugs/2026/09/20260907T210142Z-90b93f350b34.json.gz,1
fda.complianceactions.drugs,firm:3010093195,2015-02-20,2026-09-07T21:01:42Z,label,"MyNicNaxs, Inc.",,fda.complianceactions.drugs,raw/fda.complianceactions.drugs/2026/09/20260907T210142Z-90b93f350b34.json.gz,1
fda.complianceactions.drugs,firm:3010285019,2015-02-13,2026-09-07T21:01:42Z,action_taken,20150213,yyyymmdd,fda.complianceactions.drugs,raw/fda.complianceactions.drugs/2026/09/20260907T210142Z-90b93f350b34.json.gz,1
fda.complianceactions.drugs,firm:3010285019,2015-02-13,2026-09-07T21:01:42Z,action_warning_letter,1,count,fda.complianceactions.drugs,raw/fda.complianceactions.drugs/2026/09/20260907T210142Z-90b93f350b34.json.gz,1
fda.complianceactions.drugs,firm:3010285019,2015-02-13,2026-09-07T21:01:42Z,compliance_action,1,count,fda.complianceactions.drugs,raw/fda.complianceactions.drugs/2026/09/20260907T210142Z-90b93f350b34.json.gz,1
fda.complianceactions.drugs,firm:3010285019,2015-02-13,2026-09-07T21:01:42Z,firm_key,PINE PHARMACY AND HOME CARE PRODUCTS CENTER,,fda.complianceactions.drugs,raw/fda.complianceactions.drugs/2026/09/20260907T210142Z-90b93f350b34.json.gz,1
fda.complianceactions.drugs,firm:3010285019,2015-02-13,2026-09-07T21:01:42Z,is_foreign,0,bool,fda.complianceactions.drugs,raw/fda.complianceactions.drugs/2026/09/20260907T210142Z-90b93f350b34.json.gz,1
fda.complianceactions.drugs,firm:3010285019,2015-02-13,2026-09-07T21:01:42Z,label,"Pine Pharmacy and Home Care Products Center, Inc.",,fda.complianceactions.drugs,raw/fda.complianceactions.drugs/2026/09/20260907T210142Z-90b93f350b34.json.gz,1
fda.complianceactions.drugs,firm:3010888595,2015-02-26,2026-09-07T21:01:42Z,action_taken,20150226,yyyymmdd,fda.complianceactions.drugs,raw/fda.complianceactions.drugs/2026/09/20260907T210142Z-90b93f350b34.json.gz,1
fda.complianceactions.drugs,firm:3010888595,2015-02-26,2026-09-07T21:01:42Z,action_warning_letter,1,count,fda.complianceactions.drugs,raw/fda.complianceactions.drugs/2026/09/20260907T210142Z-90b93f350b34.json.gz,1
fda.complianceactions.drugs,firm:3010888595,2015-02-26,2026-09-07T21:01:42Z,compliance_action,1,count,fda.complianceactions.drugs,raw/fda.complianceactions.drugs/2026/09/20260907T210142Z-90b93f350b34.json.gz,1
fda.complianceactions.drugs,firm:3010888595,2015-02-26,2026-09-07T21:01:42Z,firm_key,PURECBD NET,,fda.complianceactions.drugs,raw/fda.complianceactions.drugs/2026/09/20260907T210142Z-90b93f350b34.json.gz,1
fda.complianceactions.drugs,firm:3010888595,2015-02-26,2026-09-07T21:01:42Z,is_foreign,0,bool,fda.complianceactions.drugs,raw/fda.complianceactions.drugs/2026/09/20260907T210142Z-90b93f350b34.json.gz,1
fda.complianceactions.drugs,firm:3010888595,2015-02-26,2026-09-07T21:01:42Z,label,purecbd.net,,fda.complianceactions.drugs,raw/fda.complianceactions.drugs/2026/09/20260907T210142Z-90b93f350b34.json.gz,1
fda.complianceactions.drugs,firm:3010920566,2015-02-26,2026-09-07T21:01:42Z,action_taken,20150226,yyyymmdd,fda.complianceactions.drugs,raw/fda.complianceactions.drugs/2026/09/20260907T210142Z-90b93f350b34.json.gz,1
fda.complianceactions.drugs,firm:3010920566,2015-02-26,2026-09-07T21:01:42Z,action_warning_letter,1,count,fda.complianceactions.drugs,raw/fda.complianceactions.drugs/2026/09/20260907T210142Z-90b93f350b34.json.gz,1
fda.complianceactions.drugs,firm:3010920566,2015-02-26,2026-09-07T21:01:42Z,compliance_action,1,count,fda.complianceactions.drugs,raw/fda.complianceactions.drugs/2026/09/20260907T210142Z-90b93f350b34.json.gz,1
fda.complianceactions.drugs,firm:3010920566,2015-02-26,2026-09-07T21:01:42Z,firm_key,HEMP OIL CARE,,fda.complianceactions.drugs,raw/fda.complianceactions.drugs/2026/09/20260907T210142Z-90b93f350b34.json.gz,1
fda.complianceactions.drugs,firm:3010920566,2015-02-26,2026-09-07T21:01:42Z,is_foreign,0,bool,fda.complianceactions.drugs,raw/fda.complianceactions.drugs/2026/09/20260907T210142Z-90b93f350b34.json.gz,1
fda.complianceactions.drugs,firm:3010920566,2015-02-26,2026-09-07T21:01:42Z,label,Hemp Oil Care,,fda.complianceactions.drugs,raw/fda.complianceactions.drugs/2026/09/20260907T210142Z-90b93f350b34.json.gz,1
fda.complianceactions.drugs,firm:3011000002,2015-02-03,2026-09-07T21:01:42Z,action_taken,20150203,yyyymmdd,fda.complianceactions.drugs,raw/fda.complianceactions.drugs/2026/09/20260907T210142Z-90b93f350b34.json.gz,1
fda.complianceactions.drugs,firm:3011000002,2015-02-03,2026-09-07T21:01:42Z,action_warning_letter,1,count,fda.complianceactions.drugs,raw/fda.complianceactions.drugs/2026/09/20260907T210142Z-90b93f350b34.json.gz,1
fda.complianceactions.drugs,firm:3011000002,2015-02-03,2026-09-07T21:01:42Z,compliance_action,1,count,fda.complianceactions.drugs,raw/fda.complianceactions.drugs/2026/09/20260907T210142Z-90b93f350b34.json.gz,1
fda.complianceactions.drugs,firm:3011000002,2015-02-03,2026-09-07T21:01:42Z,firm_key,PERRY DRUGS,,fda.complianceactions.drugs,raw/fda.complianceactions.drugs/2026/09/20260907T210142Z-90b93f350b34.json.gz,1
fda.complianceactions.drugs,firm:3011000002,2015-02-03,2026-09-07T21:01:42Z,is_foreign,0,bool,fda.complianceactions.drugs,raw/fda.complianceactions.drugs/2026/09/20260907T210142Z-90b93f350b34.json.gz,1
fda.complianceactions.drugs,firm:3011000002,2015-02-03,2026-09-07T21:01:42Z,label,Perry Drugs Inc.,,fda.complianceactions.drugs,raw/fda.complianceactions.drugs/2026/09/20260907T210142Z-90b93f350b34.json.gz,1
fda.complianceactions.drugs,firm:3011234394,2015-02-26,2026-09-07T21:01:42Z,action_taken,20150226,yyyymmdd,fda.complianceactions.drugs,raw/fda.complianceactions.drugs/2026/09/20260907T210142Z-90b93f350b34.json.gz,1
fda.complianceactions.drugs,firm:3011234394,2015-02-26,2026-09-07T21:01:42Z,action_warning_letter,1,count,fda.complianceactions.drugs,raw/fda.complianceactions.drugs/2026/09/20260907T210142Z-90b93f350b34.json.gz,1
fda.complianceactions.drugs,firm:3011234394,2015-02-26,2026-09-07T21:01:42Z,compliance_action,1,count,fda.complianceactions.drugs,raw/fda.complianceactions.drugs/2026/09/20260907T210142Z-90b93f350b34.json.gz,1
fda.complianceactions.drugs,firm:3011234394,2015-02-26,2026-09-07T21:01:42Z,firm_key,MODERN HERB SHOP,,fda.complianceactions.drugs,raw/fda.complianceactions.drugs/2026/09/20260907T210142Z-90b93f350b34.json.gz,1
fda.complianceactions.drugs,firm:3011234394,2015-02-26,2026-09-07T21:01:42Z,is_foreign,0,bool,fda.complianceactions.drugs,raw/fda.complianceactions.drugs/2026/09/20260907T210142Z-90b93f350b34.json.gz,1
fda.complianceactions.drugs,firm:3011234394,2015-02-26,2026-09-07T21:01:42Z,label,"Modern Herb Shop, Inc.",,fda.complianceactions.drugs,raw/fda.complianceactions.drugs/2026/09/20260907T210142Z-90b93f350b34.json.gz,1
fda.inspections.history,firm:1000110364,2015-02-11,2026-09-08T14:34:34Z,classification,1,ordinal,fda.inspections.history,raw/fda.inspections.history/2026/09/20260908T143434Z-548655809277.json.gz,1
fda.inspections.history,firm:1000110364,2015-02-11,2026-09-08T14:34:34Z,firm_key,AMGEN MANUFACTURING,,fda.inspections.history,raw/fda.inspections.history/2026/09/20260908T143434Z-548655809277.json.gz,1
fda.inspections.history,firm:1000110364,2015-02-11,2026-09-08T14:34:34Z,inspected,1,count,fda.inspections.history,raw/fda.inspections.history/2026/09/20260908T143434Z-548655809277.json.gz,1
fda.inspections.history,firm:1000110364,2015-02-11,2026-09-08T14:34:34Z,inspection_end,20150211,yyyymmdd,fda.inspections.history,raw/fda.inspections.history/2026/09/20260908T143434Z-548655809277.json.gz,1
fda.inspections.history,firm:1000110364,2015-02-11,2026-09-08T14:34:34Z,is_foreign,0,bool,fda.inspections.history,raw/fda.inspections.history/2026/09/20260908T143434Z-548655809277.json.gz,1
fda.inspections.history,firm:1000110364,2015-02-11,2026-09-08T14:34:34Z,is_oai,0,bool,fda.inspections.history,raw/fda.inspections.history/2026/09/20260908T143434Z-548655809277.json.gz,1
fda.inspections.history,firm:1000110364,2015-02-11,2026-09-08T14:34:34Z,label,Amgen Manufacturing Limited LLC,,fda.inspections.history,raw/fda.inspections.history/2026/09/20260908T143434Z-548655809277.json.gz,1
fda.inspections.history,firm:1000122232,2015-02-11,2026-09-08T14:34:34Z,classification,1,ordinal,fda.inspections.history,raw/fda.inspections.history/2026/09/20260908T143434Z-548655809277.json.gz,1
fda.inspections.history,firm:1000122232,2015-02-11,2026-09-08T14:34:34Z,firm_key,INOPAK,,fda.inspections.history,raw/fda.inspections.history/2026/09/20260908T143434Z-548655809277.json.gz,1
fda.inspections.history,firm:1000122232,2015-02-11,2026-09-08T14:34:34Z,inspected,1,count,fda.inspections.history,raw/fda.inspections.history/2026/09/20260908T143434Z-548655809277.json.gz,1
fda.inspections.history,firm:1000122232,2015-02-11,2026-09-08T14:34:34Z,inspection_end,20150211,yyyymmdd,fda.inspections.history,raw/fda.inspections.history/2026/09/20260908T143434Z-548655809277.json.gz,1
fda.inspections.history,firm:1000122232,2015-02-11,2026-09-08T14:34:34Z,is_foreign,0,bool,fda.inspections.history,raw/fda.inspections.history/2026/09/20260908T143434Z-548655809277.json.gz,1
fda.inspections.history,firm:1000122232,2015-02-11,2026-09-08T14:34:34Z,is_oai,0,bool,fda.inspections.history,raw/fda.inspections.history/2026/09/20260908T143434Z-548655809277.json.gz,1
fda.inspections.history,firm:1000122232,2015-02-11,2026-09-08T14:34:34Z,label,Inopak Ltd,,fda.inspections.history,raw/fda.inspections.history/2026/09/20260908T143434Z-548655809277.json.gz,1
fda.inspections.history,firm:1000126795,2015-02-12,2026-09-08T14:34:34Z,classification,0,ordinal,fda.inspections.history,raw/fda.inspections.history/2026/09/20260908T143434Z-548655809277.json.gz,1
fda.inspections.history,firm:1000126795,2015-02-12,2026-09-08T14:34:34Z,firm_key,APRIA HEALTHCARE,,fda.inspections.history,raw/fda.inspections.history/2026/09/20260908T143434Z-548655809277.json.gz,1
fda.inspections.history,firm:1000126795,2015-02-12,2026-09-08T14:34:34Z,inspected,1,count,fda.inspections.history,raw/fda.inspections.history/2026/09/20260908T143434Z-548655809277.json.gz,1
fda.inspections.history,firm:1000126795,2015-02-12,2026-09-08T14:34:34Z,inspection_end,20150212,yyyymmdd,fda.inspections.history,raw/fda.inspections.history/2026/09/20260908T143434Z-548655809277.json.gz,1
fda.inspections.history,firm:1000126795,2015-02-12,2026-09-08T14:34:34Z,is_foreign,0,bool,fda.inspections.history,raw/fda.inspections.history/2026/09/20260908T143434Z-548655809277.json.gz,1
fda.inspections.history,firm:1000126795,2015-02-12,2026-09-08T14:34:34Z,is_oai,0,bool,fda.inspections.history,raw/fda.inspections.history/2026/09/20260908T143434Z-548655809277.json.gz,1
fda.inspections.history,firm:1000126795,2015-02-12,2026-09-08T14:34:34Z,label,Apria Healthcare LLC,,fda.inspections.history,raw/fda.inspections.history/2026/09/20260908T143434Z-548655809277.json.gz,1
fda.inspections.history,firm:1000181428,2015-02-13,2026-09-08T14:34:34Z,classification,1,ordinal,fda.inspections.history,raw/fda.inspections.history/2026/09/20260908T143434Z-548655809277.json.gz,1
fda.inspections.history,firm:1000181428,2015-02-13,2026-09-08T14:34:34Z,firm_key,INTERCOS EUROPE S P A,,fda.inspections.history,raw/fda.inspections.history/2026/09/20260908T143434Z-548655809277.json.gz,1
fda.inspections.history,firm:1000181428,2015-02-13,2026-09-08T14:34:34Z,inspected,1,count,fda.inspections.history,raw/fda.inspections.history/2026/09/20260908T143434Z-548655809277.json.gz,1
fda.inspections.history,firm:1000181428,2015-02-13,2026-09-08T14:34:34Z,inspection_end,20150213,yyyymmdd,fda.inspections.history,raw/fda.inspections.history/2026/09/20260908T143434Z-548655809277.json.gz,1
fda.inspections.history,firm:1000181428,2015-02-13,2026-09-08T14:34:34Z,is_foreign,1,bool,fda.inspections.history,raw/fda.inspections.history/2026/09/20260908T143434Z-548655809277.json.gz,1
fda.inspections.history,firm:1000181428,2015-02-13,2026-09-08T14:34:34Z,is_oai,0,bool,fda.inspections.history,raw/fda.inspections.history/2026/09/20260908T143434Z-548655809277.json.gz,1
fda.inspections.history,firm:1000181428,2015-02-13,2026-09-08T14:34:34Z,label,Intercos Europe S.p.A,,fda.inspections.history,raw/fda.inspections.history/2026/09/20260908T143434Z-548655809277.json.gz,1
fda.inspections.history,firm:1000312133,2015-02-06,2026-09-08T14:34:34Z,classification,1,ordinal,fda.inspections.history,raw/fda.inspections.history/2026/09/20260908T143434Z-548655809277.json.gz,1
fda.inspections.history,firm:1000312133,2015-02-06,2026-09-08T14:34:34Z,firm_key,SUANFARMA ITALIA S P A,,fda.inspections.history,raw/fda.inspections.history/2026/09/20260908T143434Z-548655809277.json.gz,1
fda.inspections.history,firm:1000312133,2015-02-06,2026-09-08T14:34:34Z,inspected,1,count,fda.inspections.history,raw/fda.inspections.history/2026/09/20260908T143434Z-548655809277.json.gz,1
fda.inspections.history,firm:1000312133,2015-02-06,2026-09-08T14:34:34Z,inspection_end,20150206,yyyymmdd,fda.inspections.history,raw/fda.inspections.history/2026/09/20260908T143434Z-548655809277.json.gz,1
fda.inspections.history,firm:1000312133,2015-02-06,2026-09-08T14:34:34Z,is_foreign,1,bool,fda.inspections.history,raw/fda.inspections.history/2026/09/20260908T143434Z-548655809277.json.gz,1
fda.inspections.history,firm:1000312133,2015-02-06,2026-09-08T14:34:34Z,is_oai,0,bool,fda.inspections.history,raw/fda.inspections.history/2026/09/20260908T143434Z-548655809277.json.gz,1
fda.inspections.history,firm:1000312133,2015-02-06,2026-09-08T14:34:34Z,label,Suanfarma Italia S.p.A.,,fda.inspections.history,raw/fda.inspections.history/2026/09/20260908T143434Z-548655809277.json.gz,1
fda.inspections.history,firm:1000492840,2015-02-18,2026-09-08T14:34:34Z,classification,0,ordinal,fda.inspections.history,raw/fda.inspections.history/2026/09/20260908T143434Z-548655809277.json.gz,1
fda.inspections.history,firm:1000492840,2015-02-18,2026-09-08T14:34:34Z,firm_key,GEORGIA SOUTHERN UNIVERSITY IRB,,fda.inspections.history,raw/fda.inspections.history/2026/09/20260908T143434Z-548655809277.json.gz,1
fda.inspections.history,firm:1000492840,2015-02-18,2026-09-08T14:34:34Z,inspected,1,count,fda.inspections.history,raw/fda.inspections.history/2026/09/20260908T143434Z-548655809277.json.gz,1
fda.inspections.history,firm:1000492840,2015-02-18,2026-09-08T14:34:34Z,inspection_end,20150218,yyyymmdd,fda.inspections.history,raw/fda.inspections.history/2026/09/20260908T143434Z-548655809277.json.gz,1
fda.inspections.history,firm:1000492840,2015-02-18,2026-09-08T14:34:34Z,is_foreign,0,bool,fda.inspections.history,raw/fda.inspections.history/2026/09/20260908T143434Z-548655809277.json.gz,1
fda.inspections.history,firm:1000492840,2015-02-18,2026-09-08T14:34:34Z,is_oai,0,bool,fda.inspections.history,raw/fda.inspections.history/2026/09/20260908T143434Z-548655809277.json.gz,1
fda.inspections.history,firm:1000492840,2015-02-18,2026-09-08T14:34:34Z,label,Georgia Southern University-IRB,,fda.inspections.history,raw/fda.inspections.history/2026/09/20260908T143434Z-548655809277.json.gz,1
fda.inspections.history,firm:1000513211,2015-02-17,2026-09-08T14:34:34Z,classification,0,ordinal,fda.inspections.history,raw/fda.inspections.history/2026/09/20260908T143434Z-548655809277.json.gz,1
fda.inspections.history,firm:1000513211,2015-02-17,2026-09-08T14:34:34Z,firm_key,VERTEX INCORPORATED,,fda.inspections.history,raw/fda.inspections.history/2026/09/20260908T143434Z-548655809277.json.gz,1
fda.inspections.history,firm:1000513211,2015-02-17,2026-09-08T14:34:34Z,inspected,1,count,fda.inspections.history,raw/fda.inspections.history/2026/09/20260908T143434Z-548655809277.json.gz,1
fda.inspections.history,firm:1000513211,2015-02-17,2026-09-08T14:34:34Z,inspection_end,20150217,yyyymmdd,fda.inspections.history,raw/fda.inspections.history/2026/09/20260908T143434Z-548655809277.json.gz,1
fda.inspections.history,firm:1000513211,2015-02-17,2026-09-08T14:34:34Z,is_foreign,0,bool,fda.inspections.history,raw/fda.inspections.history/2026/09/20260908T143434Z-548655809277.json.gz,1
fda.inspections.history,firm:1000513211,2015-02-17,2026-09-08T14:34:34Z,is_oai,0,bool,fda.inspections.history,raw/fda.inspections.history/2026/09/20260908T143434Z-548655809277.json.gz,1
fda.inspections.history,firm:1000513211,2015-02-17,2026-09-08T14:34:34Z,label,Vertex Pharmaceuticals Incorporated,,fda.inspections.history,raw/fda.inspections.history/2026/09/20260908T143434Z-548655809277.json.gz,1
fda.inspections.history,firm:1000526900,2015-02-23,2026-09-08T14:34:34Z,classification,1,ordinal,fda.inspections.history,raw/fda.inspections.history/2026/09/20260908T143434Z-548655809277.json.gz,1
fda.inspections.history,firm:1000526900,2015-02-23,2026-09-08T14:34:34Z,firm_key,DERMARITE INDUSTRIES,,fda.inspections.history,raw/fda.inspections.history/2026/09/20260908T143434Z-548655809277.json.gz,1
fda.inspections.history,firm:1000526900,2015-02-23,2026-09-08T14:34:34Z,inspected,1,count,fda.inspections.history,raw/fda.inspections.history/2026/09/20260908T143434Z-548655809277.json.gz,1
fda.inspections.history,firm:1000526900,2015-02-23,2026-09-08T14:34:34Z,inspection_end,20150223,yyyymmdd,fda.inspections.history,raw/fda.inspections.history/2026/09/20260908T143434Z-548655809277.json.gz,1
fda.inspections.history,firm:1000526900,2015-02-23,2026-09-08T14:34:34Z,is_foreign,0,bool,fda.inspections.history,raw/fda.inspections.history/2026/09/20260908T143434Z-548655809277.json.gz,1
fda.inspections.history,firm:1000526900,2015-02-23,2026-09-08T14:34:34Z,is_oai,0,bool,fda.inspections.history,raw/fda.inspections.history/2026/09/20260908T143434Z-548655809277.json.gz,1
fda.inspections.history,firm:1000526900,2015-02-23,2026-09-08T14:34:34Z,label,"DermaRite Industries, LLC",,fda.inspections.history,raw/fda.inspections.history/2026/09/20260908T143434Z-548655809277.json.gz,1
fda.inspections.history,firm:1010370,2015-02-03,2026-09-08T14:34:34Z,classification,0,ordinal,fda.inspections.history,raw/fda.inspections.history/2026/09/20260908T143434Z-548655809277.json.gz,1
fda.inspections.history,firm:1010370,2015-02-03,2026-09-08T14:34:34Z,firm_key,USPHARMA,,fda.inspections.history,raw/fda.inspections.history/2026/09/20260908T143434Z-548655809277.json.gz,1
fda.inspections.history,firm:1010370,2015-02-03,2026-09-08T14:34:34Z,inspected,1,count,fda.inspections.history,raw/fda.inspections.history/2026/09/20260908T143434Z-548655809277.json.gz,1
fda.inspections.history,firm:1010370,2015-02-03,2026-09-08T14:34:34Z,inspection_end,20150203,yyyymmdd,fda.inspections.history,raw/fda.inspections.history/2026/09/20260908T143434Z-548655809277.json.gz,1
fda.inspections.history,firm:1010370,2015-02-03,2026-09-08T14:34:34Z,is_foreign,0,bool,fda.inspections.history,raw/fda.inspections.history/2026/09/20260908T143434Z-548655809277.json.gz,1
fda.inspections.history,firm:1010370,2015-02-03,2026-09-08T14:34:34Z,is_oai,0,bool,fda.inspections.history,raw/fda.inspections.history/2026/09/20260908T143434Z-548655809277.json.gz,1
fda.inspections.history,firm:1010370,2015-02-03,2026-09-08T14:34:34Z,label,"USpharma, Ltd., Co.",,fda.inspections.history,raw/fda.inspections.history/2026/09/20260908T143434Z-548655809277.json.gz,1
fda.inspections.history,firm:1019058,2015-02-04,2026-09-08T14:34:34Z,classification,0,ordinal,fda.inspections.history,raw/fda.inspections.history/2026/09/20260908T143434Z-548655809277.json.gz,1
fda.inspections.history,firm:1019058,2015-02-04,2026-09-08T14:34:34Z,firm_key,GCP,,fda.inspections.history,raw/fda.inspections.history/2026/09/20260908T143434Z-548655809277.json.gz,1
fda.inspections.history,firm:1019058,2015-02-04,2026-09-08T14:34:34Z,inspected,1,count,fda.inspections.history,raw/fda.inspections.history/2026/09/20260908T143434Z-548655809277.json.gz,1
fda.inspections.history,firm:1019058,2015-02-04,2026-09-08T14:34:34Z,inspection_end,20150204,yyyymmdd,fda.inspections.history,raw/fda.inspections.history/2026/09/20260908T143434Z-548655809277.json.gz,1
fda.inspections.history,firm:1019058,2015-02-04,2026-09-08T14:34:34Z,is_foreign,0,bool,fda.inspections.history,raw/fda.inspections.history/2026/09/20260908T143434Z-548655809277.json.gz,1
fda.inspections.history,firm:1019058,2015-02-04,2026-09-08T14:34:34Z,is_oai,0,bool,fda.inspections.history,raw/fda.inspections.history/2026/09/20260908T143434Z-548655809277.json.gz,1
fda.inspections.history,firm:1019058,2015-02-04,2026-09-08T14:34:34Z,label,GCP Laboratories,,fda.inspections.history,raw/fda.inspections.history/2026/09/20260908T143434Z-548655809277.json.gz,1
fda.inspections.history,firm:1051203,2015-02-18,2026-09-08T14:34:34Z,classification,1,ordinal,fda.inspections.history,raw/fda.inspections.history/2026/09/20260908T143434Z-548655809277.json.gz,1
fda.inspections.history,firm:1051203,2015-02-18,2026-09-08T14:34:34Z,firm_key,NEWTON,,fda.inspections.history,raw/fda.inspections.history/2026/09/20260908T143434Z-548655809277.json.gz,1
fda.inspections.history,firm:1051203,2015-02-18,2026-09-08T14:34:34Z,inspected,1,count,fda.inspections.history,raw/fda.inspections.history/2026/09/20260908T143434Z-548655809277.json.gz,1
fda.inspections.history,firm:1051203,2015-02-18,2026-09-08T14:34:34Z,inspection_end,20150218,yyyymmdd,fda.inspections.history,raw/fda.inspections.history/2026/09/20260908T143434Z-548655809277.json.gz,1
fda.inspections.history,firm:1051203,2015-02-18,2026-09-08T14:34:34Z,is_foreign,0,bool,fda.inspections.history,raw/fda.inspections.history/2026/09/20260908T143434Z-548655809277.json.gz,1
fda.inspections.history,firm:1051203,2015-02-18,2026-09-08T14:34:34Z,is_oai,0,bool,fda.inspections.history,raw/fda.inspections.history/2026/09/20260908T143434Z-548655809277.json.gz,1
fda.inspections.history,firm:1051203,2015-02-18,2026-09-08T14:34:34Z,label,"Newton Laboratories, Inc.",,fda.inspections.history,raw/fda.inspections.history/2026/09/20260908T143434Z-548655809277.json.gz,1
fda.inspections.history,firm:1117490,2015-02-12,2026-09-08T14:34:34Z,classification,1,ordinal,fda.inspections.history,raw/fda.inspections.history/2026/09/20260908T143434Z-548655809277.json.gz,1
fda.inspections.history,firm:1117490,2015-02-12,2026-09-08T14:34:34Z,firm_key,LINDE GAS EQUIPMENT,,fda.inspections.history,raw/fda.inspections.history/2026/09/20260908T143434Z-548655809277.json.gz,1
fda.inspections.history,firm:1117490,2015-02-12,2026-09-08T14:34:34Z,inspected,1,count,fda.inspections.history,raw/fda.inspections.history/2026/09/20260908T143434Z-548655809277.json.gz,1
fda.inspections.history,firm:1117490,2015-02-12,2026-09-08T14:34:34Z,inspection_end,20150212,yyyymmdd,fda.inspections.history,raw/fda.inspections.history/2026/09/20260908T143434Z-548655809277.json.gz,1
fda.inspections.history,firm:1117490,2015-02-12,2026-09-08T14:34:34Z,is_foreign,0,bool,fda.inspections.history,raw/fda.inspections.history/2026/09/20260908T143434Z-548655809277.json.gz,1
fda.inspections.history,firm:1117490,2015-02-12,2026-09-08T14:34:34Z,is_oai,0,bool,fda.inspections.history,raw/fda.inspections.history/2026/09/20260908T143434Z-548655809277.json.gz,1
fda.inspections.history,firm:1117490,2015-02-12,2026-09-08T14:34:34Z,label,Linde Gas & Equipment Inc.,,fda.inspections.history,raw/fda.inspections.history/2026/09/20260908T143434Z-548655809277.json.gz,1
fda.inspections.history,firm:1120199,2015-02-20,2026-09-08T14:34:34Z,classification,1,ordinal,fda.inspections.history,raw/fda.inspections.history/2026/09/20260908T143434Z-548655809277.json.gz,1
fda.inspections.history,firm:1120199,2015-02-20,2026-09-08T14:34:34Z,firm_key,FAREVA RICHMOND,,fda.inspections.history,raw/fda.inspections.history/2026/09/20260908T143434Z-548655809277.json.gz,1
fda.inspections.history,firm:1120199,2015-02-20,2026-09-08T14:34:34Z,inspected,1,count,fda.inspections.history,raw/fda.inspections.history/2026/09/20260908T143434Z-548655809277.json.gz,1
fda.inspections.history,firm:1120199,2015-02-20,2026-09-08T14:34:34Z,inspection_end,20150220,yyyymmdd,fda.inspections.history,raw/fda.inspections.history/2026/09/20260908T143434Z-548655809277.json.gz,1
fda.inspections.history,firm:1120199,2015-02-20,2026-09-08T14:34:34Z,is_foreign,0,bool,fda.inspections.history,raw/fda.inspections.history/2026/09/20260908T143434Z-548655809277.json.gz,1
fda.inspections.history,firm:1120199,2015-02-20,2026-09-08T14:34:34Z,is_oai,0,bool,fda.inspections.history,raw/fda.inspections.history/2026/09/20260908T143434Z-548655809277.json.gz,1
fda.inspections.history,firm:1120199,2015-02-20,2026-09-08T14:34:34Z,label,"Fareva Richmond, Inc.",,fda.inspections.history,raw/fda.inspections.history/2026/09/20260908T143434Z-548655809277.json.gz,1
fda.inspections.history,firm:1150068,2015-02-24,2026-09-08T14:34:34Z,classification,0,ordinal,fda.inspections.history,raw/fda.inspections.history/2026/09/20260908T143434Z-548655809277.json.gz,1
fda.inspections.history,firm:1150068,2015-02-24,2026-09-08T14:34:34Z,firm_key,AIRGAS,,fda.inspections.history,raw/fda.inspections.history/2026/09/20260908T143434Z-548655809277.json.gz,1
fda.inspections.history,firm:1150068,2015-02-24,2026-09-08T14:34:34Z,inspected,1,count,fda.inspections.history,raw/fda.inspections.history/2026/09/20260908T143434Z-548655809277.json.gz,1
fda.inspections.history,firm:1150068,2015-02-24,2026-09-08T14:34:34Z,inspection_end,20150224,yyyymmdd,fda.inspections.history,raw/fda.inspections.history/2026/09/20260908T143434Z-548655809277.json.gz,1
fda.inspections.history,firm:1150068,2015-02-24,2026-09-08T14:34:34Z,is_foreign,0,bool,fda.inspections.history,raw/fda.inspections.history/2026/09/20260908T143434Z-548655809277.json.gz,1
fda.inspections.history,firm:1150068,2015-02-24,2026-09-08T14:34:34Z,is_oai,0,bool,fda.inspections.history,raw/fda.inspections.history/2026/09/20260908T143434Z-548655809277.json.gz,1
fda.inspections.history,firm:1150068,2015-02-24,2026-09-08T14:34:34Z,label,"Airgas, LLC",,fda.inspections.history,raw/fda.inspections.history/2026/09/20260908T143434Z-548655809277.json.gz,1
fda.inspections.history,firm:1450293,2015-02-11,2026-09-08T14:34:34Z,classification,0,ordinal,fda.inspections.history,raw/fda.inspections.history/2026/09/20260908T143434Z-548655809277.json.gz,1
fda.inspections.history,firm:1450293,2015-02-11,2026-09-08T14:34:34Z,firm_key,STERIGENICS US,,fda.inspections.history,raw/fda.inspections.history/2026/09/20260908T143434Z-548655809277.json.gz,1
fda.inspections.history,firm:1450293,2015-02-11,2026-09-08T14:34:34Z,inspected,1,count,fda.inspections.history,raw/fda.inspections.history/2026/09/20260908T143434Z-548655809277.json.gz,1
fda.inspections.history,firm:1450293,2015-02-11,2026-09-08T14:34:34Z,inspection_end,20150211,yyyymmdd,fda.inspections.history,raw/fda.inspections.history/2026/09/20260908T143434Z-548655809277.json.gz,1
fda.inspections.history,firm:1450293,2015-02-11,2026-09-08T14:34:34Z,is_foreign,0,bool,fda.inspections.history,raw/fda.inspections.history/2026/09/20260908T143434Z-548655809277.json.gz,1
fda.inspections.history,firm:1450293,2015-02-11,2026-09-08T14:34:34Z,is_oai,0,bool,fda.inspections.history,raw/fda.inspections.history/2026/09/20260908T143434Z-548655809277.json.gz,1
fda.inspections.history,firm:1450293,2015-02-11,2026-09-08T14:34:34Z,label,"Sterigenics US, LLC",,fda.inspections.history,raw/fda.inspections.history/2026/09/20260908T143434Z-548655809277.json.gz,1
fda.inspections.history,firm:1450662,2015-02-05,2026-09-08T14:34:34Z,classification,1,ordinal,fda.inspections.history,raw/fda.inspections.history/2026/09/20260908T143434Z-548655809277.json.gz,1
fda.inspections.history,firm:1450662,2015-02-05,2026-09-08T14:34:34Z,firm_key,ISOMEDIX OPERATIONS,,fda.inspections.history,raw/fda.inspections.history/2026/09/20260908T143434Z-548655809277.json.gz,1
fda.inspections.history,firm:1450662,2015-02-05,2026-09-08T14:34:34Z,inspected,1,count,fda.inspections.history,raw/fda.inspections.history/2026/09/20260908T143434Z-548655809277.json.gz,1
fda.inspections.history,firm:1450662,2015-02-05,2026-09-08T14:34:34Z,inspection_end,20150205,yyyymmdd,fda.inspections.history,raw/fda.inspections.history/2026/09/20260908T143434Z-548655809277.json.gz,1
fda.inspections.history,firm:1450662,2015-02-05,2026-09-08T14:34:34Z,is_foreign,0,bool,fda.inspections.history,raw/fda.inspections.history/2026/09/20260908T143434Z-548655809277.json.gz,1
fda.inspections.history,firm:1450662,2015-02-05,2026-09-08T14:34:34Z,is_oai,0,bool,fda.inspections.history,raw/fda.inspections.history/2026/09/20260908T143434Z-548655809277.json.gz,1
fda.inspections.history,firm:1450662,2015-02-05,2026-09-08T14:34:34Z,label,"Isomedix Operations, Inc.",,fda.inspections.history,raw/fda.inspections.history/2026/09/20260908T143434Z-548655809277.json.gz,1
fda.inspections.history,firm:1460851,2015-02-20,2026-09-08T14:34:34Z,classification,1,ordinal,fda.inspections.history,raw/fda.inspections.history/2026/09/20260908T143434Z-548655809277.json.gz,1
fda.inspections.history,firm:1460851,2015-02-20,2026-09-08T14:34:34Z,firm_key,WALGREEN,,fda.inspections.history,raw/fda.inspections.history/2026/09/20260908T143434Z-548655809277.json.gz,1
fda.inspections.history,firm:1460851,2015-02-20,2026-09-08T14:34:34Z,inspected,1,count,fda.inspections.history,raw/fda.inspections.history/2026/09/20260908T143434Z-548655809277.json.gz,1
fda.inspections.history,firm:1460851,2015-02-20,2026-09-08T14:34:34Z,inspection_end,20150220,yyyymmdd,fda.inspections.history,raw/fda.inspections.history/2026/09/20260908T143434Z-548655809277.json.gz,1
fda.inspections.history,firm:1460851,2015-02-20,2026-09-08T14:34:34Z,is_foreign,0,bool,fda.inspections.history,raw/fda.inspections.history/2026/09/20260908T143434Z-548655809277.json.gz,1
fda.inspections.history,firm:1460851,2015-02-20,2026-09-08T14:34:34Z,is_oai,0,bool,fda.inspections.history,raw/fda.inspections.history/2026/09/20260908T143434Z-548655809277.json.gz,1
fda.inspections.history,firm:1460851,2015-02-20,2026-09-08T14:34:34Z,label,Walgreen Company,,fda.inspections.history,raw/fda.inspections.history/2026/09/20260908T143434Z-548655809277.json.gz,1
fda.inspections.history,firm:1518977,2015-02-23,2026-09-08T14:34:34Z,classification,0,ordinal,fda.inspections.history,raw/fda.inspections.history/2026/09/20260908T143434Z-548655809277.json.gz,1
fda.inspections.history,firm:1518977,2015-02-23,2026-09-08T14:34:34Z,firm_key,ASPIRE BRANDS,,fda.inspections.history,raw/fda.inspections.history/2026/09/20260908T143434Z-548655809277.json.gz,1
fda.inspections.history,firm:1518977,2015-02-23,2026-09-08T14:34:34Z,inspected,1,count,fda.inspections.history,raw/fda.inspections.history/2026/09/20260908T143434Z-548655809277.json.gz,1
fda.inspections.history,firm:1518977,2015-02-23,2026-09-08T14:34:34Z,inspection_end,20150223,yyyymmdd,fda.inspections.history,raw/fda.inspections.history/2026/09/20260908T143434Z-548655809277.json.gz,1
fda.inspections.history,firm:1518977,2015-02-23,2026-09-08T14:34:34Z,is_foreign,0,bool,fda.inspections.history,raw/fda.inspections.history/2026/09/20260908T143434Z-548655809277.json.gz,1
fda.inspections.history,firm:1518977,2015-02-23,2026-09-08T14:34:34Z,is_oai,0,bool,fda.inspections.history,raw/fda.inspections.history/2026/09/20260908T143434Z-548655809277.json.gz,1
fda.inspections.history,firm:1518977,2015-02-23,2026-09-08T14:34:34Z,label,Aspire Brands,,fda.inspections.history,raw/fda.inspections.history/2026/09/20260908T143434Z-548655809277.json.gz,1
fda.inspections.history,firm:1526814,2015-02-27,2026-09-08T14:34:34Z,classification,0,ordinal,fda.inspections.history,raw/fda.inspections.history/2026/09/20260908T143434Z-548655809277.json.gz,1
fda.inspections.history,firm:1526814,2015-02-27,2026-09-08T14:34:34Z,firm_key,TEVA WOMENS HEALTH,,fda.inspections.history,raw/fda.inspections.history/2026/09/20260908T143434Z-548655809277.json.gz,1
fda.inspections.history,firm:1526814,2015-02-27,2026-09-08T14:34:34Z,inspected,1,count,fda.inspections.history,raw/fda.inspections.history/2026/09/20260908T143434Z-548655809277.json.gz,1
fda.inspections.history,firm:1526814,2015-02-27,2026-09-08T14:34:34Z,inspection_end,20150227,yyyymmdd,fda.inspections.history,raw/fda.inspections.history/2026/09/20260908T143434Z-548655809277.json.gz,1
fda.inspections.history,firm:1526814,2015-02-27,2026-09-08T14:34:34Z,is_foreign,0,bool,fda.inspections.history,raw/fda.inspections.history/2026/09/20260908T143434Z-548655809277.json.gz,1
fda.inspections.history,firm:1526814,2015-02-27,2026-09-08T14:34:34Z,is_oai,0,bool,fda.inspections.history,raw/fda.inspections.history/2026/09/20260908T143434Z-548655809277.json.gz,1
fda.inspections.history,firm:1526814,2015-02-27,2026-09-08T14:34:34Z,label,"Teva Womens Health, LLC",,fda.inspections.history,raw/fda.inspections.history/2026/09/20260908T143434Z-548655809277.json.gz,1
fda.inspections.history,firm:1619999,2015-02-13,2026-09-08T14:34:34Z,classification,0,ordinal,fda.inspections.history,raw/fda.inspections.history/2026/09/20260908T143434Z-548655809277.json.gz,1
fda.inspections.history,firm:1619999,2015-02-13,2026-09-08T14:34:34Z,firm_key,NIPPON SANSO MATHESON,,fda.inspections.history,raw/fda.inspections.history/2026/09/20260908T143434Z-548655809277.json.gz,1
fda.inspections.history,firm:1619999,2015-02-13,2026-09-08T14:34:34Z,inspected,1,count,fda.inspections.history,raw/fda.inspections.history/2026/09/20260908T143434Z-548655809277.json.gz,1
fda.inspections.history,firm:1619999,2015-02-13,2026-09-08T14:34:34Z,inspection_end,20150213,yyyymmdd,fda.inspections.history,raw/fda.inspections.history/2026/09/20260908T143434Z-548655809277.json.gz,1
fda.inspections.history,firm:1619999,2015-02-13,2026-09-08T14:34:34Z,is_foreign,0,bool,fda.inspections.history,raw/fda.inspections.history/2026/09/20260908T143434Z-548655809277.json.gz,1
fda.inspections.history,firm:1619999,2015-02-13,2026-09-08T14:34:34Z,is_oai,0,bool,fda.inspections.history,raw/fda.inspections.history/2026/09/20260908T143434Z-548655809277.json.gz,1
fda.inspections.history,firm:1619999,2015-02-13,2026-09-08T14:34:34Z,label,"Nippon Sanso Matheson, Inc.",,fda.inspections.history,raw/fda.inspections.history/2026/09/20260908T143434Z-548655809277.json.gz,1
fda.inspections.history,firm:1642735,2015-02-25,2026-09-08T14:34:34Z,classification,1,ordinal,fda.inspections.history,raw/fda.inspections.history/2026/09/20260908T143434Z-548655809277.json.gz,1
fda.inspections.history,firm:1642735,2015-02-25,2026-09-08T14:34:34Z,firm_key,THE UNIVERSITY OF TEXAS AT AUSTIN IRB,,fda.inspections.history,raw/fda.inspections.history/2026/09/20260908T143434Z-548655809277.json.gz,1
fda.inspections.history,firm:1642735,2015-02-25,2026-09-08T14:34:34Z,inspected,1,count,fda.inspections.history,raw/fda.inspections.history/2026/09/20260908T143434Z-548655809277.json.gz,1
fda.inspections.history,firm:1642735,2015-02-25,2026-09-08T14:34:34Z,inspection_end,20150225,yyyymmdd,fda.inspections.history,raw/fda.inspections.history/2026/09/20260908T143434Z-548655809277.json.gz,1
fda.inspections.history,firm:1642735,2015-02-25,2026-09-08T14:34:34Z,is_foreign,0,bool,fda.inspections.history,raw/fda.inspections.history/2026/09/20260908T143434Z-548655809277.json.gz,1
fda.inspections.history,firm:1642735,2015-02-25,2026-09-08T14:34:34Z,is_oai,0,bool,fda.inspections.history,raw/fda.inspections.history/2026/09/20260908T143434Z-548655809277.json.gz,1
fda.inspections.history,firm:1642735,2015-02-25,2026-09-08T14:34:34Z,label,The University of Texas at Austin IRB,,fda.inspections.history,raw/fda.inspections.history/2026/09/20260908T143434Z-548655809277.json.gz,1
fda.inspections.history,firm:1642813,2015-02-13,2026-09-08T14:34:34Z,classification,2,ordinal,fda.inspections.history,raw/fda.inspections.history/2026/09/20260908T143434Z-548655809277.json.gz,1
fda.inspections.history,firm:1642813,2015-02-13,2026-09-08T14:34:34Z,firm_key,CHEMOLEE,,fda.inspections.history,raw/fda.inspections.history/2026/09/20260908T143434Z-548655809277.json.gz,1
fda.inspections.history,firm:1642813,2015-02-13,2026-09-08T14:34:34Z,inspected,1,count,fda.inspections.history,raw/fda.inspections.history/2026/09/20260908T143434Z-548655809277.json.gz,1
fda.inspections.history,firm:1642813,2015-02-13,2026-09-08T14:34:34Z,inspection_end,20150213,yyyymmdd,fda.inspections.history,raw/fda.inspections.history/2026/09/20260908T143434Z-548655809277.json.gz,1
fda.inspections.history,firm:1642813,2015-02-13,2026-09-08T14:34:34Z,is_foreign,0,bool,fda.inspections.history,raw/fda.inspections.history/2026/09/20260908T143434Z-548655809277.json.gz,1
fda.inspections.history,firm:1642813,2015-02-13,2026-09-08T14:34:34Z,is_oai,1,bool,fda.inspections.history,raw/fda.inspections.history/2026/09/20260908T143434Z-548655809277.json.gz,1
fda.inspections.history,firm:1642813,2015-02-13,2026-09-08T14:34:34Z,label,Chemolee Lab Corporation,,fda.inspections.history,raw/fda.inspections.history/2026/09/20260908T143434Z-548655809277.json.gz,1
fda.inspections.history,firm:1720929,2015-02-13,2026-09-08T14:34:34Z,classification,0,ordinal,fda.inspections.history,raw/fda.inspections.history/2026/09/20260908T143434Z-548655809277.json.gz,1
fda.inspections.history,firm:1720929,2015-02-13,2026-09-08T14:34:34Z,firm_key,ISOMEDIX OPERATIONS,,fda.inspections.history,raw/fda.inspections.history/2026/09/20260908T143434Z-548655809277.json.gz,1
fda.inspections.history,firm:1720929,2015-02-13,2026-09-08T14:34:34Z,inspected,1,count,fda.inspections.history,raw/fda.inspections.history/2026/09/20260908T143434Z-548655809277.json.gz,1
fda.inspections.history,firm:1720929,2015-02-13,2026-09-08T14:34:34Z,inspection_end,20150213,yyyymmdd,fda.inspections.history,raw/fda.inspections.history/2026/09/20260908T143434Z-548655809277.json.gz,1
fda.inspections.history,firm:1720929,2015-02-13,2026-09-08T14:34:34Z,is_foreign,0,bool,fda.inspections.history,raw/fda.inspections.history/2026/09/20260908T143434Z-548655809277.json.gz,1
fda.inspections.history,firm:1720929,2015-02-13,2026-09-08T14:34:34Z,is_oai,0,bool,fda.inspections.history,raw/fda.inspections.history/2026/09/20260908T143434Z-548655809277.json.gz,1
fda.inspections.history,firm:1720929,2015-02-13,2026-09-08T14:34:34Z,label,Isomedix Operations Inc.,,fda.inspections.history,raw/fda.inspections.history/2026/09/20260908T143434Z-548655809277.json.gz,1
fda.inspections.history,firm:1814744,2015-02-23,2026-09-08T14:34:34Z,classification,0,ordinal,fda.inspections.history,raw/fda.inspections.history/2026/09/20260908T143434Z-548655809277.json.gz,1
fda.inspections.history,firm:1814744,2015-02-23,2026-09-08T14:34:34Z,firm_key,LINDE,,fda.inspections.history,raw/fda.inspections.history/2026/09/20260908T143434Z-548655809277.json.gz,1
fda.inspections.history,firm:1814744,2015-02-23,2026-09-08T14:34:34Z,inspected,1,count,fda.inspections.history,raw/fda.inspections.history/2026/09/20260908T143434Z-548655809277.json.gz,1
fda.inspections.history,firm:1814744,2015-02-23,2026-09-08T14:34:34Z,inspection_end,20150223,yyyymmdd,fda.inspections.history,raw/fda.inspections.history/2026/09/20260908T143434Z-548655809277.json.gz,1
fda.inspections.history,firm:1814744,2015-02-23,2026-09-08T14:34:34Z,is_foreign,0,bool,fda.inspections.history,raw/fda.inspections.history/2026/09/20260908T143434Z-548655809277.json.gz,1
fda.inspections.history,firm:1814744,2015-02-23,2026-09-08T14:34:34Z,is_oai,0,bool,fda.inspections.history,raw/fda.inspections.history/2026/09/20260908T143434Z-548655809277.json.gz,1
fda.inspections.history,firm:1814744,2015-02-23,2026-09-08T14:34:34Z,label,Linde Inc.,,fda.inspections.history,raw/fda.inspections.history/2026/09/20260908T143434Z-548655809277.json.gz,1
fda.inspections.history,firm:1818556,2015-02-12,2026-09-08T14:34:34Z,classification,1,ordinal,fda.inspections.history,raw/fda.inspections.history/2026/09/20260908T143434Z-548655809277.json.gz,1
fda.inspections.history,firm:1818556,2015-02-12,2026-09-08T14:34:34Z,firm_key,FLINT WELDING SUPPLY,,fda.inspections.history,raw/fda.inspections.history/2026/09/20260908T143434Z-548655809277.json.gz,1
fda.inspections.history,firm:1818556,2015-02-12,2026-09-08T14:34:34Z,inspected,1,count,fda.inspections.history,raw/fda.inspections.history/2026/09/20260908T143434Z-548655809277.json.gz,1
fda.inspections.history,firm:1818556,2015-02-12,2026-09-08T14:34:34Z,inspection_end,20150212,yyyymmdd,fda.inspections.history,raw/fda.inspections.history/2026/09/20260908T143434Z-548655809277.json.gz,1
fda.inspections.history,firm:1818556,2015-02-12,2026-09-08T14:34:34Z,is_foreign,0,bool,fda.inspections.history,raw/fda.inspections.history/2026/09/20260908T143434Z-548655809277.json.gz,1
fda.inspections.history,firm:1818556,2015-02-12,2026-09-08T14:34:34Z,is_oai,0,bool,fda.inspections.history,raw/fda.inspections.history/2026/09/20260908T143434Z-548655809277.json.gz,1
fda.inspections.history,firm:1818556,2015-02-12,2026-09-08T14:34:34Z,label,Flint Welding Supply Co.,,fda.inspections.history,raw/fda.inspections.history/2026/09/20260908T143434Z-548655809277.json.gz,1
fda.inspections.history,firm:1819470,2015-02-11,2026-09-08T14:34:34Z,classification,0,ordinal,fda.inspections.history,raw/fda.inspections.history/2026/09/20260908T143434Z-548655809277.json.gz,1
fda.inspections.history,firm:1819470,2015-02-11,2026-09-08T14:34:34Z,firm_key,ELI LILLY,,fda.inspections.history,raw/fda.inspections.history/2026/09/20260908T143434Z-548655809277.json.gz,1
fda.inspections.history,firm:1819470,2015-02-11,2026-09-08T14:34:34Z,inspected,1,count,fda.inspections.history,raw/fda.inspections.history/2026/09/20260908T143434Z-548655809277.json.gz,1
fda.inspections.history,firm:1819470,2015-02-11,2026-09-08T14:34:34Z,inspection_end,20150211,yyyymmdd,fda.inspections.history,raw/fda.inspections.history/2026/09/20260908T143434Z-548655809277.json.gz,1
fda.inspections.history,firm:1819470,2015-02-11,2026-09-08T14:34:34Z,is_foreign,0,bool,fda.inspections.history,raw/fda.inspections.history/2026/09/20260908T143434Z-548655809277.json.gz,1
fda.inspections.history,firm:1819470,2015-02-11,2026-09-08T14:34:34Z,is_oai,0,bool,fda.inspections.history,raw/fda.inspections.history/2026/09/20260908T143434Z-548655809277.json.gz,1
fda.inspections.history,firm:1819470,2015-02-11,2026-09-08T14:34:34Z,label,Eli Lilly & Company,,fda.inspections.history,raw/fda.inspections.history/2026/09/20260908T143434Z-548655809277.json.gz,1
fda.inspections.history,firm:1831301,2015-02-20,2026-09-08T14:34:34Z,classification,1,ordinal,fda.inspections.history,raw/fda.inspections.history/2026/09/20260908T143434Z-548655809277.json.gz,1
fda.inspections.history,firm:1831301,2015-02-20,2026-09-08T14:34:34Z,firm_key,APPLIED,,fda.inspections.history,raw/fda.inspections.history/2026/09/20260908T143434Z-548655809277.json.gz,1
fda.inspections.history,firm:1831301,2015-02-20,2026-09-08T14:34:34Z,inspected,1,count,fda.inspections.history,raw/fda.inspections.history/2026/09/20260908T143434Z-548655809277.json.gz,1
fda.inspections.history,firm:1831301,2015-02-20,2026-09-08T14:34:34Z,inspection_end,20150220,yyyymmdd,fda.inspections.history,raw/fda.inspections.history/2026/09/20260908T143434Z-548655809277.json.gz,1
fda.inspections.history,firm:1831301,2015-02-20,2026-09-08T14:34:34Z,is_foreign,0,bool,fda.inspections.history,raw/fda.inspections.history/2026/09/20260908T143434Z-548655809277.json.gz,1
fda.inspections.history,firm:1831301,2015-02-20,2026-09-08T14:34:34Z,is_oai,0,bool,fda.inspections.history,raw/fda.inspections.history/2026/09/20260908T143434Z-548655809277.json.gz,1
fda.inspections.history,firm:1831301,2015-02-20,2026-09-08T14:34:34Z,label,"Applied Laboratories, Inc.",,fda.inspections.history,raw/fda.inspections.history/2026/09/20260908T143434Z-548655809277.json.gz,1
fda.inspections.history,firm:1910361,2015-02-10,2026-09-08T14:34:34Z,classification,0,ordinal,fda.inspections.history,raw/fda.inspections.history/2026/09/20260908T143434Z-548655809277.json.gz,1
fda.inspections.history,firm:1910361,2015-02-10,2026-09-08T14:34:34Z,firm_key,NUDAK VENTURES,,fda.inspections.history,raw/fda.inspections.history/2026/09/20260908T143434Z-548655809277.json.gz,1
fda.inspections.history,firm:1910361,2015-02-10,2026-09-08T14:34:34Z,inspected,1,count,fda.inspections.history,raw/fda.inspections.history/2026/09/20260908T143434Z-548655809277.json.gz,1
fda.inspections.history,firm:1910361,2015-02-10,2026-09-08T14:34:34Z,inspection_end,20150210,yyyymmdd,fda.inspections.history,raw/fda.inspections.history/2026/09/20260908T143434Z-548655809277.json.gz,1
fda.inspections.history,firm:1910361,2015-02-10,2026-09-08T14:34:34Z,is_foreign,0,bool,fda.inspections.history,raw/fda.inspections.history/2026/09/20260908T143434Z-548655809277.json.gz,1
fda.inspections.history,firm:1910361,2015-02-10,2026-09-08T14:34:34Z,is_oai,0,bool,fda.inspections.history,raw/fda.inspections.history/2026/09/20260908T143434Z-548655809277.json.gz,1
fda.inspections.history,firm:1910361,2015-02-10,2026-09-08T14:34:34Z,label,"Nudak Ventures, LLC",,fda.inspections.history,raw/fda.inspections.history/2026/09/20260908T143434Z-548655809277.json.gz,1
fda.inspections.history,firm:1911196,2015-02-20,2026-09-08T14:34:34Z,classification,1,ordinal,fda.inspections.history,raw/fda.inspections.history/2026/09/20260908T143434Z-548655809277.json.gz,1
fda.inspections.history,firm:1911196,2015-02-20,2026-09-08T14:34:34Z,firm_key,LLOYD OF IOWA,,fda.inspections.history,raw/fda.inspections.history/2026/09/20260908T143434Z-548655809277.json.gz,1
fda.inspections.history,firm:1911196,2015-02-20,2026-09-08T14:34:34Z,inspected,1,count,fda.inspections.history,raw/fda.inspections.history/2026/09/20260908T143434Z-548655809277.json.gz,1
fda.inspections.history,firm:1911196,2015-02-20,2026-09-08T14:34:34Z,inspection_end,20150220,yyyymmdd,fda.inspections.history,raw/fda.inspections.history/2026/09/20260908T143434Z-548655809277.json.gz,1
fda.inspections.history,firm:1911196,2015-02-20,2026-09-08T14:34:34Z,is_foreign,0,bool,fda.inspections.history,raw/fda.inspections.history/2026/09/20260908T143434Z-548655809277.json.gz,1
fda.inspections.history,firm:1911196,2015-02-20,2026-09-08T14:34:34Z,is_oai,0,bool,fda.inspections.history,raw/fda.inspections.history/2026/09/20260908T143434Z-548655809277.json.gz,1
fda.inspections.history,firm:1911196,2015-02-20,2026-09-08T14:34:34Z,label,Lloyd Inc. of Iowa,,fda.inspections.history,raw/fda.inspections.history/2026/09/20260908T143434Z-548655809277.json.gz,1
fda.inspections.history,firm:1931484,2015-02-27,2026-09-08T14:34:34Z,classification,0,ordinal,fda.inspections.history,raw/fda.inspections.history/2026/09/20260908T143434Z-548655809277.json.gz,1
fda.inspections.history,firm:1931484,2015-02-27,2026-09-08T14:34:34Z,firm_key,GRATO,,fda.inspections.history,raw/fda.inspections.history/2026/09/20260908T143434Z-548655809277.json.gz,1
fda.inspections.history,firm:1931484,2015-02-27,2026-09-08T14:34:34Z,inspected,1,count,fda.inspections.history,raw/fda.inspections.history/2026/09/20260908T143434Z-548655809277.json.gz,1
fda.inspections.history,firm:1931484,2015-02-27,2026-09-08T14:34:34Z,inspection_end,20150227,yyyymmdd,fda.inspections.history,raw/fda.inspections.history/2026/09/20260908T143434Z-548655809277.json.gz,1
fda.inspections.history,firm:1931484,2015-02-27,2026-09-08T14:34:34Z,is_foreign,0,bool,fda.inspections.history,raw/fda.inspections.history/2026/09/20260908T143434Z-548655809277.json.gz,1
fda.inspections.history,firm:1931484,2015-02-27,2026-09-08T14:34:34Z,is_oai,0,bool,fda.inspections.history,raw/fda.inspections.history/2026/09/20260908T143434Z-548655809277.json.gz,1
fda.inspections.history,firm:1931484,2015-02-27,2026-09-08T14:34:34Z,label,"Grato Holdings, Inc.",,fda.inspections.history,raw/fda.inspections.history/2026/09/20260908T143434Z-548655809277.json.gz,1
fda.inspections.history,firm:1937531,2015-02-27,2026-09-08T14:34:34Z,classification,1,ordinal,fda.inspections.history,raw/fda.inspections.history/2026/09/20260908T143434Z-548655809277.json.gz,1
fda.inspections.history,firm:1937531,2015-02-27,2026-09-08T14:34:34Z,firm_key,STERIS,,fda.inspections.history,raw/fda.inspections.history/2026/09/20260908T143434Z-548655809277.json.gz,1
fda.inspections.history,firm:1937531,2015-02-27,2026-09-08T14:34:34Z,inspected,1,count,fda.inspections.history,raw/fda.inspections.history/2026/09/20260908T143434Z-548655809277.json.gz,1
fda.inspections.history,firm:1937531,2015-02-27,2026-09-08T14:34:34Z,inspection_end,20150227,yyyymmdd,fda.inspections.history,raw/fda.inspections.history/2026/09/20260908T143434Z-548655809277.json.gz,1
fda.inspections.history,firm:1937531,2015-02-27,2026-09-08T14:34:34Z,is_foreign,0,bool,fda.inspections.history,raw/fda.inspections.history/2026/09/20260908T143434Z-548655809277.json.gz,1
fda.inspections.history,firm:1937531,2015-02-27,2026-09-08T14:34:34Z,is_oai,0,bool,fda.inspections.history,raw/fda.inspections.history/2026/09/20260908T143434Z-548655809277.json.gz,1
fda.inspections.history,firm:1937531,2015-02-27,2026-09-08T14:34:34Z,label,STERIS Corporation,,fda.inspections.history,raw/fda.inspections.history/2026/09/20260908T143434Z-548655809277.json.gz,1
fda.inspections.history,firm:1937994,2015-02-10,2026-09-08T14:34:34Z,classification,0,ordinal,fda.inspections.history,raw/fda.inspections.history/2026/09/20260908T143434Z-548655809277.json.gz,1
fda.inspections.history,firm:1937994,2015-02-10,2026-09-08T14:34:34Z,firm_key,ROTECH MEDICAL,,fda.inspections.history,raw/fda.inspections.history/2026/09/20260908T143434Z-548655809277.json.gz,1
fda.inspections.history,firm:1937994,2015-02-10,2026-09-08T14:34:34Z,inspected,1,count,fda.inspections.history,raw/fda.inspections.history/2026/09/20260908T143434Z-548655809277.json.gz,1
fda.inspections.history,firm:1937994,2015-02-10,2026-09-08T14:34:34Z,inspection_end,20150210,yyyymmdd,fda.inspections.history,raw/fda.inspections.history/2026/09/20260908T143434Z-548655809277.json.gz,1
fda.inspections.history,firm:1937994,2015-02-10,2026-09-08T14:34:34Z,is_foreign,0,bool,fda.inspections.history,raw/fda.inspections.history/2026/09/20260908T143434Z-548655809277.json.gz,1
fda.inspections.history,firm:1937994,2015-02-10,2026-09-08T14:34:34Z,is_oai,0,bool,fda.inspections.history,raw/fda.inspections.history/2026/09/20260908T143434Z-548655809277.json.gz,1
fda.inspections.history,firm:1937994,2015-02-10,2026-09-08T14:34:34Z,label,Rotech Medical Corp,,fda.inspections.history,raw/fda.inspections.history/2026/09/20260908T143434Z-548655809277.json.gz,1
fda.inspections.history,firm:1940750,2015-02-26,2026-09-08T14:34:34Z,classification,1,ordinal,fda.inspections.history,raw/fda.inspections.history/2026/09/20260908T143434Z-548655809277.json.gz,1
fda.inspections.history,firm:1940750,2015-02-26,2026-09-08T14:34:34Z,firm_key,S B,,fda.inspections.history,raw/fda.inspections.history/2026/09/20260908T143434Z-548655809277.json.gz,1
fda.inspections.history,firm:1940750,2015-02-26,2026-09-08T14:34:34Z,inspected,1,count,fda.inspections.history,raw/fda.inspections.history/2026/09/20260908T143434Z-548655809277.json.gz,1
fda.inspections.history,firm:1940750,2015-02-26,2026-09-08T14:34:34Z,inspection_end,20150226,yyyymmdd,fda.inspections.history,raw/fda.inspections.history/2026/09/20260908T143434Z-548655809277.json.gz,1
fda.inspections.history,firm:1940750,2015-02-26,2026-09-08T14:34:34Z,is_foreign,0,bool,fda.inspections.history,raw/fda.inspections.history/2026/09/20260908T143434Z-548655809277.json.gz,1
fda.inspections.history,firm:1940750,2015-02-26,2026-09-08T14:34:34Z,is_oai,0,bool,fda.inspections.history,raw/fda.inspections.history/2026/09/20260908T143434Z-548655809277.json.gz,1
fda.inspections.history,firm:1940750,2015-02-26,2026-09-08T14:34:34Z,label,S&B Pharma LLC,,fda.inspections.history,raw/fda.inspections.history/2026/09/20260908T143434Z-548655809277.json.gz,1
fda.inspections.history,firm:2013736,2015-02-25,2026-09-08T14:34:34Z,classification,1,ordinal,fda.inspections.history,raw/fda.inspections.history/2026/09/20260908T143434Z-548655809277.json.gz,1
fda.inspections.history,firm:2013736,2015-02-25,2026-09-08T14:34:34Z,firm_key,MEDICAL CHEMICAL,,fda.inspections.history,raw/fda.inspections.history/2026/09/20260908T143434Z-548655809277.json.gz,1
fda.inspections.history,firm:2013736,2015-02-25,2026-09-08T14:34:34Z,inspected,1,count,fda.inspections.history,raw/fda.inspections.history/2026/09/20260908T143434Z-548655809277.json.gz,1
fda.inspections.history,firm:2013736,2015-02-25,2026-09-08T14:34:34Z,inspection_end,20150225,yyyymmdd,fda.inspections.history,raw/fda.inspections.history/2026/09/20260908T143434Z-548655809277.json.gz,1
fda.inspections.history,firm:2013736,2015-02-25,2026-09-08T14:34:34Z,is_foreign,0,bool,fda.inspections.history,raw/fda.inspections.history/2026/09/20260908T143434Z-548655809277.json.gz,1
fda.inspections.history,firm:2013736,2015-02-25,2026-09-08T14:34:34Z,is_oai,0,bool,fda.inspections.history,raw/fda.inspections.history/2026/09/20260908T143434Z-548655809277.json.gz,1
fda.inspections.history,firm:2013736,2015-02-25,2026-09-08T14:34:34Z,label,Medical Chemical Corporation,,fda.inspections.history,raw/fda.inspections.history/2026/09/20260908T143434Z-548655809277.json.gz,1
fda.inspections.history,firm:2020372,2015-02-25,2026-09-08T14:34:34Z,classification,1,ordinal,fda.inspections.history,raw/fda.inspections.history/2026/09/20260908T143434Z-548655809277.json.gz,1
fda.inspections.history,firm:2020372,2015-02-25,2026-09-08T14:34:34Z,firm_key,WESTWOOD,,fda.inspections.history,raw/fda.inspections.history/2026/09/20260908T143434Z-548655809277.json.gz,1
fda.inspections.history,firm:2020372,2015-02-25,2026-09-08T14:34:34Z,inspected,1,count,fda.inspections.history,raw/fda.inspections.history/2026/09/20260908T143434Z-548655809277.json.gz,1
fda.inspections.history,firm:2020372,2015-02-25,2026-09-08T14:34:34Z,inspection_end,20150225,yyyymmdd,fda.inspections.history,raw/fda.inspections.history/2026/09/20260908T143434Z-548655809277.json.gz,1
fda.inspections.history,firm:2020372,2015-02-25,2026-09-08T14:34:34Z,is_foreign,0,bool,fda.inspections.history,raw/fda.inspections.history/2026/09/20260908T143434Z-548655809277.json.gz,1
fda.inspections.history,firm:2020372,2015-02-25,2026-09-08T14:34:34Z,is_oai,0,bool,fda.inspections.history,raw/fda.inspections.history/2026/09/20260908T143434Z-548655809277.json.gz,1
fda.inspections.history,firm:2020372,2015-02-25,2026-09-08T14:34:34Z,label,"Westwood Laboratories, LLC.",,fda.inspections.history,raw/fda.inspections.history/2026/09/20260908T143434Z-548655809277.json.gz,1
fda.inspections.history,firm:2021968,2015-02-27,2026-09-08T14:34:34Z,classification,0,ordinal,fda.inspections.history,raw/fda.inspections.history/2026/09/20260908T143434Z-548655809277.json.gz,1
fda.inspections.history,firm:2021968,2015-02-27,2026-09-08T14:34:34Z,firm_key,MESSER,,fda.inspections.history,raw/fda.inspections.history/2026/09/20260908T143434Z-548655809277.json.gz,1
fda.inspections.history,firm:2021968,2015-02-27,2026-09-08T14:34:34Z,inspected,1,count,fda.inspections.history,raw/fda.inspections.history/2026/09/20260908T143434Z-548655809277.json.gz,1
fda.inspections.history,firm:2021968,2015-02-27,2026-09-08T14:34:34Z,inspection_end,20150227,yyyymmdd,fda.inspections.history,raw/fda.inspections.history/2026/09/20260908T143434Z-548655809277.json.gz,1
fda.inspections.history,firm:2021968,2015-02-27,2026-09-08T14:34:34Z,is_foreign,0,bool,fda.inspections.history,raw/fda.inspections.history/2026/09/20260908T143434Z-548655809277.json.gz,1
fda.inspections.history,firm:2021968,2015-02-27,2026-09-08T14:34:34Z,is_oai,0,bool,fda.inspections.history,raw/fda.inspections.history/2026/09/20260908T143434Z-548655809277.json.gz,1
fda.inspections.history,firm:2021968,2015-02-27,2026-09-08T14:34:34Z,label,Messer LLC,,fda.inspections.history,raw/fda.inspections.history/2026/09/20260908T143434Z-548655809277.json.gz,1
fda.inspections.history,firm:2027164,2015-02-17,2026-09-08T14:34:34Z,classification,1,ordinal,fda.inspections.history,raw/fda.inspections.history/2026/09/20260908T143434Z-548655809277.json.gz,1
fda.inspections.history,firm:2027164,2015-02-17,2026-09-08T14:34:34Z,firm_key,HEALTH PLUS INCORPORATED,,fda.inspections.history,raw/fda.inspections.history/2026/09/20260908T143434Z-548655809277.json.gz,1
fda.inspections.history,firm:2027164,2015-02-17,2026-09-08T14:34:34Z,inspected,1,count,fda.inspections.history,raw/fda.inspections.history/2026/09/20260908T143434Z-548655809277.json.gz,1
fda.inspections.history,firm:2027164,2015-02-17,2026-09-08T14:34:34Z,inspection_end,20150217,yyyymmdd,fda.inspections.history,raw/fda.inspections.history/2026/09/20260908T143434Z-548655809277.json.gz,1
fda.inspections.history,firm:2027164,2015-02-17,2026-09-08T14:34:34Z,is_foreign,0,bool,fda.inspections.history,raw/fda.inspections.history/2026/09/20260908T143434Z-548655809277.json.gz,1
fda.inspections.history,firm:2027164,2015-02-17,2026-09-08T14:34:34Z,is_oai,0,bool,fda.inspections.history,raw/fda.inspections.history/2026/09/20260908T143434Z-548655809277.json.gz,1
fda.inspections.history,firm:2027164,2015-02-17,2026-09-08T14:34:34Z,label,Health Plus Incorporated,,fda.inspections.history,raw/fda.inspections.history/2026/09/20260908T143434Z-548655809277.json.gz,1
fda.inspections.history,firm:2129811,2015-02-11,2026-09-08T14:34:34Z,classification,0,ordinal,fda.inspections.history,raw/fda.inspections.history/2026/09/20260908T143434Z-548655809277.json.gz,1
fda.inspections.history,firm:2129811,2015-02-11,2026-09-08T14:34:34Z,firm_key,CIMA,,fda.inspections.history,raw/fda.inspections.history/2026/09/20260908T143434Z-548655809277.json.gz,1
fda.inspections.history,firm:2129811,2015-02-11,2026-09-08T14:34:34Z,inspected,1,count,fda.inspections.history,raw/fda.inspections.history/2026/09/20260908T143434Z-548655809277.json.gz,1
fda.inspections.history,firm:2129811,2015-02-11,2026-09-08T14:34:34Z,inspection_end,20150211,yyyymmdd,fda.inspections.history,raw/fda.inspections.history/2026/09/20260908T143434Z-548655809277.json.gz,1
fda.inspections.history,firm:2129811,2015-02-11,2026-09-08T14:34:34Z,is_foreign,0,bool,fda.inspections.history,raw/fda.inspections.history/2026/09/20260908T143434Z-548655809277.json.gz,1
fda.inspections.history,firm:2129811,2015-02-11,2026-09-08T14:34:34Z,is_oai,0,bool,fda.inspections.history,raw/fda.inspections.history/2026/09/20260908T143434Z-548655809277.json.gz,1
fda.inspections.history,firm:2129811,2015-02-11,2026-09-08T14:34:34Z,label,"Cima Labs, Inc.",,fda.inspections.history,raw/fda.inspections.history/2026/09/20260908T143434Z-548655809277.json.gz,1
fda.inspections.history,firm:2211017,2015-02-23,2026-09-08T14:34:34Z,classification,2,ordinal,fda.inspections.history,raw/fda.inspections.history/2026/09/20260908T143434Z-548655809277.json.gz,1
fda.inspections.history,firm:2211017,2015-02-23,2026-09-08T14:34:34Z,firm_key,MERCK,,fda.inspections.history,raw/fda.inspections.history/2026/09/20260908T143434Z-548655809277.json.gz,1
fda.inspections.history,firm:2211017,2015-02-23,2026-09-08T14:34:34Z,inspected,1,count,fda.inspections.history,raw/fda.inspections.history/2026/09/20260908T143434Z-548655809277.json.gz,1
fda.inspections.history,firm:2211017,2015-02-23,2026-09-08T14:34:34Z,inspection_end,20150223,yyyymmdd,fda.inspections.history,raw/fda.inspections.history/2026/09/20260908T143434Z-548655809277.json.gz,1
fda.inspections.history,firm:2211017,2015-02-23,2026-09-08T14:34:34Z,is_foreign,0,bool,fda.inspections.history,raw/fda.inspections.history/2026/09/20260908T143434Z-548655809277.json.gz,1
fda.inspections.history,firm:2211017,2015-02-23,2026-09-08T14:34:34Z,is_oai,1,bool,fda.inspections.history,raw/fda.inspections.history/2026/09/20260908T143434Z-548655809277.json.gz,1
fda.inspections.history,firm:2211017,2015-02-23,2026-09-08T14:34:34Z,label,Merck & Co. Inc,,fda.inspections.history,raw/fda.inspections.history/2026/09/20260908T143434Z-548655809277.json.gz,1
fda.inspections.history,firm:2219947,2015-02-03,2026-09-08T14:34:34Z,classification,0,ordinal,fda.inspections.history,raw/fda.inspections.history/2026/09/20260908T143434Z-548655809277.json.gz,1
fda.inspections.history,firm:2219947,2015-02-03,2026-09-08T14:34:34Z,firm_key,NELSON FAIRFIELD,,fda.inspections.history,raw/fda.inspections.history/2026/09/20260908T143434Z-548655809277.json.gz,1
fda.inspections.history,firm:2219947,2015-02-03,2026-09-08T14:34:34Z,inspected,1,count,fda.inspections.history,raw/fda.inspections.history/2026/09/20260908T143434Z-548655809277.json.gz,1
fda.inspections.history,firm:2219947,2015-02-03,2026-09-08T14:34:34Z,inspection_end,20150203,yyyymmdd,fda.inspections.history,raw/fda.inspections.history/2026/09/20260908T143434Z-548655809277.json.gz,1
fda.inspections.history,firm:2219947,2015-02-03,2026-09-08T14:34:34Z,is_foreign,0,bool,fda.inspections.history,raw/fda.inspections.history/2026/09/20260908T143434Z-548655809277.json.gz,1
fda.inspections.history,firm:2219947,2015-02-03,2026-09-08T14:34:34Z,is_oai,0,bool,fda.inspections.history,raw/fda.inspections.history/2026/09/20260908T143434Z-548655809277.json.gz,1
fda.inspections.history,firm:2219947,2015-02-03,2026-09-08T14:34:34Z,label,"Nelson Laboratories Fairfield, Inc.",,fda.inspections.history,raw/fda.inspections.history/2026/09/20260908T143434Z-548655809277.json.gz,1
fda.inspections.history,firm:2242829,2015-02-06,2026-09-08T14:34:34Z,classification,1,ordinal,fda.inspections.history,raw/fda.inspections.history/2026/09/20260908T143434Z-548655809277.json.gz,1
fda.inspections.history,firm:2242829,2015-02-06,2026-09-08T14:34:34Z,firm_key,RENAISSANCE LAKEWOOD,,fda.inspections.history,raw/fda.inspections.history/2026/09/20260908T143434Z-548655809277.json.gz,1
fda.inspections.history,firm:2242829,2015-02-06,2026-09-08T14:34:34Z,inspected,1,count,fda.inspections.history,raw/fda.inspections.history/2026/09/20260908T143434Z-548655809277.json.gz,1
fda.inspections.history,firm:2242829,2015-02-06,2026-09-08T14:34:34Z,inspection_end,20150206,yyyymmdd,fda.inspections.history,raw/fda.inspections.history/2026/09/20260908T143434Z-548655809277.json.gz,1
fda.inspections.history,firm:2242829,2015-02-06,2026-09-08T14:34:34Z,is_foreign,0,bool,fda.inspections.history,raw/fda.inspections.history/2026/09/20260908T143434Z-548655809277.json.gz,1
fda.inspections.history,firm:2242829,2015-02-06,2026-09-08T14:34:34Z,is_oai,0,bool,fda.inspections.history,raw/fda.inspections.history/2026/09/20260908T143434Z-548655809277.json.gz,1
fda.inspections.history,firm:2242829,2015-02-06,2026-09-08T14:34:34Z,label,"Renaissance Lakewood, LLC",,fda.inspections.history,raw/fda.inspections.history/2026/09/20260908T143434Z-548655809277.json.gz,1
fda.inspections.history,firm:2314309,2015-02-27,2026-09-08T14:34:34Z,classification,1,ordinal,fda.inspections.history,raw/fda.inspections.history/2026/09/20260908T143434Z-548655809277.json.gz,1
fda.inspections.history,firm:2314309,2015-02-27,2026-09-08T14:34:34Z,firm_key,NEXAIR,,fda.inspections.history,raw/fda.inspections.history/2026/09/20260908T143434Z-548655809277.json.gz,1
fda.inspections.history,firm:2314309,2015-02-27,2026-09-08T14:34:34Z,inspected,1,count,fda.inspections.history,raw/fda.inspections.history/2026/09/20260908T143434Z-548655809277.json.gz,1
fda.inspections.history,firm:2314309,2015-02-27,2026-09-08T14:34:34Z,inspection_end,20150227,yyyymmdd,fda.inspections.history,raw/fda.inspections.history/2026/09/20260908T143434Z-548655809277.json.gz,1
fda.inspections.history,firm:2314309,2015-02-27,2026-09-08T14:34:34Z,is_foreign,0,bool,fda.inspections.history,raw/fda.inspections.history/2026/09/20260908T143434Z-548655809277.json.gz,1
fda.inspections.history,firm:2314309,2015-02-27,2026-09-08T14:34:34Z,is_oai,0,bool,fda.inspections.history,raw/fda.inspections.history/2026/09/20260908T143434Z-548655809277.json.gz,1
fda.inspections.history,firm:2314309,2015-02-27,2026-09-08T14:34:34Z,label,"Nexair, LLC",,fda.inspections.history,raw/fda.inspections.history/2026/09/20260908T143434Z-548655809277.json.gz,1
fda.inspections.history,firm:2410283,2015-02-09,2026-09-08T14:34:34Z,classification,0,ordinal,fda.inspections.history,raw/fda.inspections.history/2026/09/20260908T143434Z-548655809277.json.gz,1
fda.inspections.history,firm:2410283,2015-02-09,2026-09-08T14:34:34Z,firm_key,P L DEVELOPMENT,,fda.inspections.history,raw/fda.inspections.history/2026/09/20260908T143434Z-548655809277.json.gz,1
fda.inspections.history,firm:2410283,2015-02-09,2026-09-08T14:34:34Z,inspected,1,count,fda.inspections.history,raw/fda.inspections.history/2026/09/20260908T143434Z-548655809277.json.gz,1
fda.inspections.history,firm:2410283,2015-02-09,2026-09-08T14:34:34Z,inspection_end,20150209,yyyymmdd,fda.inspections.history,raw/fda.inspections.history/2026/09/20260908T143434Z-548655809277.json.gz,1
fda.inspections.history,firm:2410283,2015-02-09,2026-09-08T14:34:34Z,is_foreign,0,bool,fda.inspections.history,raw/fda.inspections.history/2026/09/20260908T143434Z-548655809277.json.gz,1
fda.inspections.history,firm:2410283,2015-02-09,2026-09-08T14:34:34Z,is_oai,0,bool,fda.inspections.history,raw/fda.inspections.history/2026/09/20260908T143434Z-548655809277.json.gz,1
fda.inspections.history,firm:2410283,2015-02-09,2026-09-08T14:34:34Z,label,P & L Development LLC,,fda.inspections.history,raw/fda.inspections.history/2026/09/20260908T143434Z-548655809277.json.gz,1
fda.inspections.history,firm:2518659,2015-02-06,2026-09-08T14:34:34Z,classification,0,ordinal,fda.inspections.history,raw/fda.inspections.history/2026/09/20260908T143434Z-548655809277.json.gz,1
fda.inspections.history,firm:2518659,2015-02-06,2026-09-08T14:34:34Z,firm_key,UNIVERSITY OF PENNSYLVANIA OFFICE OF THE INSTITUTIONAL REVIEW BOARDS,,fda.inspections.history,raw/fda.inspections.history/2026/09/20260908T143434Z-548655809277.json.gz,1
fda.inspections.history,firm:2518659,2015-02-06,2026-09-08T14:34:34Z,inspected,1,count,fda.inspections.history,raw/fda.inspections.history/2026/09/20260908T143434Z-548655809277.json.gz,1
fda.inspections.history,firm:2518659,2015-02-06,2026-09-08T14:34:34Z,inspection_end,20150206,yyyymmdd,fda.inspections.history,raw/fda.inspections.history/2026/09/20260908T143434Z-548655809277.json.gz,1
fda.inspections.history,firm:2518659,2015-02-06,2026-09-08T14:34:34Z,is_foreign,0,bool,fda.inspections.history,raw/fda.inspections.history/2026/09/20260908T143434Z-548655809277.json.gz,1
fda.inspections.history,firm:2518659,2015-02-06,2026-09-08T14:34:34Z,is_oai,0,bool,fda.inspections.history,raw/fda.inspections.history/2026/09/20260908T143434Z-548655809277.json.gz,1
fda.inspections.history,firm:2518659,2015-02-06,2026-09-08T14:34:34Z,label,"University Of Pennsylvania, Office of the Institutional Review Boards",,fda.inspections.history,raw/fda.inspections.history/2026/09/20260908T143434Z-548655809277.json.gz,1
fda.inspections.history,firm:2518902,2015-02-12,2026-09-08T14:34:34Z,classification,1,ordinal,fda.inspections.history,raw/fda.inspections.history/2026/09/20260908T143434Z-548655809277.json.gz,1
fda.inspections.history,firm:2518902,2015-02-12,2026-09-08T14:34:34Z,firm_key,MEDICAL COMPONENTS,,fda.inspections.history,raw/fda.inspections.history/2026/09/20260908T143434Z-548655809277.json.gz,1
fda.inspections.history,firm:2518902,2015-02-12,2026-09-08T14:34:34Z,inspected,1,count,fda.inspections.history,raw/fda.inspections.history/2026/09/20260908T143434Z-548655809277.json.gz,1
fda.inspections.history,firm:2518902,2015-02-12,2026-09-08T14:34:34Z,inspection_end,20150212,yyyymmdd,fda.inspections.history,raw/fda.inspections.history/2026/09/20260908T143434Z-548655809277.json.gz,1
fda.inspections.history,firm:2518902,2015-02-12,2026-09-08T14:34:34Z,is_foreign,0,bool,fda.inspections.history,raw/fda.inspections.history/2026/09/20260908T143434Z-548655809277.json.gz,1
fda.inspections.history,firm:2518902,2015-02-12,2026-09-08T14:34:34Z,is_oai,0,bool,fda.inspections.history,raw/fda.inspections.history/2026/09/20260908T143434Z-548655809277.json.gz,1
fda.inspections.history,firm:2518902,2015-02-12,2026-09-08T14:34:34Z,label,"Medical Components, Inc",,fda.inspections.history,raw/fda.inspections.history/2026/09/20260908T143434Z-548655809277.json.gz,1
fda.inspections.history,firm:2650090,2015-02-06,2026-09-08T14:34:34Z,classification,1,ordinal,fda.inspections.history,raw/fda.inspections.history/2026/09/20260908T143434Z-548655809277.json.gz,1
fda.inspections.history,firm:2650090,2015-02-06,2026-09-08T14:34:34Z,firm_key,BAXTER HEALTHCARE,,fda.inspections.history,raw/fda.inspections.history/2026/09/20260908T143434Z-548655809277.json.gz,1
fda.inspections.history,firm:2650090,2015-02-06,2026-09-08T14:34:34Z,inspected,1,count,fda.inspections.history,raw/fda.inspections.history/2026/09/20260908T143434Z-548655809277.json.gz,1
fda.inspections.history,firm:2650090,2015-02-06,2026-09-08T14:34:34Z,inspection_end,20150206,yyyymmdd,fda.inspections.history,raw/fda.inspections.history/2026/09/20260908T143434Z-548655809277.json.gz,1
fda.inspections.history,firm:2650090,2015-02-06,2026-09-08T14:34:34Z,is_foreign,0,bool,fda.inspections.history,raw/fda.inspections.history/2026/09/20260908T143434Z-548655809277.json.gz,1
fda.inspections.history,firm:2650090,2015-02-06,2026-09-08T14:34:34Z,is_oai,0,bool,fda.inspections.history,raw/fda.inspections.history/2026/09/20260908T143434Z-548655809277.json.gz,1
fda.inspections.history,firm:2650090,2015-02-06,2026-09-08T14:34:34Z,label,Baxter Healthcare Corporation,,fda.inspections.history,raw/fda.inspections.history/2026/09/20260908T143434Z-548655809277.json.gz,1
fda.inspections.history,firm:3000215814,2015-02-10,2026-09-08T14:34:34Z,classification,0,ordinal,fda.inspections.history,raw/fda.inspections.history/2026/09/20260908T143434Z-548655809277.json.gz,1
fda.inspections.history,firm:3000215814,2015-02-10,2026-09-08T14:34:34Z,firm_key,CARECAM,,fda.inspections.history,raw/fda.inspections.history/2026/09/20260908T143434Z-548655809277.json.gz,1
fda.inspections.history,firm:3000215814,2015-02-10,2026-09-08T14:34:34Z,inspected,1,count,fda.inspections.history,raw/fda.inspections.history/2026/09/20260908T143434Z-548655809277.json.gz,1
fda.inspections.history,firm:3000215814,2015-02-10,2026-09-08T14:34:34Z,inspection_end,20150210,yyyymmdd,fda.inspections.history,raw/fda.inspections.history/2026/09/20260908T143434Z-548655809277.json.gz,1
fda.inspections.history,firm:3000215814,2015-02-10,2026-09-08T14:34:34Z,is_foreign,0,bool,fda.inspections.history,raw/fda.inspections.history/2026/09/20260908T143434Z-548655809277.json.gz,1
fda.inspections.history,firm:3000215814,2015-02-10,2026-09-08T14:34:34Z,is_oai,0,bool,fda.inspections.history,raw/fda.inspections.history/2026/09/20260908T143434Z-548655809277.json.gz,1
fda.inspections.history,firm:3000215814,2015-02-10,2026-09-08T14:34:34Z,label,"Carecam International, Inc.",,fda.inspections.history,raw/fda.inspections.history/2026/09/20260908T143434Z-548655809277.json.gz,1
fda.inspections.history,firm:3000241849,2015-02-06,2026-09-08T14:34:34Z,classification,1,ordinal,fda.inspections.history,raw/fda.inspections.history/2026/09/20260908T143434Z-548655809277.json.gz,1
fda.inspections.history,firm:3000241849,2015-02-06,2026-09-08T14:34:34Z,firm_key,PILLAR5,,fda.inspections.history,raw/fda.inspections.history/2026/09/20260908T143434Z-548655809277.json.gz,1
fda.inspections.history,firm:3000241849,2015-02-06,2026-09-08T14:34:34Z,inspected,1,count,fda.inspections.history,raw/fda.inspections.history/2026/09/20260908T143434Z-548655809277.json.gz,1
fda.inspections.history,firm:3000241849,2015-02-06,2026-09-08T14:34:34Z,inspection_end,20150206,yyyymmdd,fda.inspections.history,raw/fda.inspections.history/2026/09/20260908T143434Z-548655809277.json.gz,1
fda.inspections.history,firm:3000241849,2015-02-06,2026-09-08T14:34:34Z,is_foreign,1,bool,fda.inspections.history,raw/fda.inspections.history/2026/09/20260908T143434Z-548655809277.json.gz,1
fda.inspections.history,firm:3000241849,2015-02-06,2026-09-08T14:34:34Z,is_oai,0,bool,fda.inspections.history,raw/fda.inspections.history/2026/09/20260908T143434Z-548655809277.json.gz,1
fda.inspections.history,firm:3000241849,2015-02-06,2026-09-08T14:34:34Z,label,Pillar5 Pharma Inc.,,fda.inspections.history,raw/fda.inspections.history/2026/09/20260908T143434Z-548655809277.json.gz,1
fda.inspections.history,firm:3001237056,2015-02-13,2026-09-08T14:34:34Z,classification,1,ordinal,fda.inspections.history,raw/fda.inspections.history/2026/09/20260908T143434Z-548655809277.json.gz,1
fda.inspections.history,firm:3001237056,2015-02-13,2026-09-08T14:34:34Z,firm_key,CMIC CMO USA,,fda.inspections.history,raw/fda.inspections.history/2026/09/20260908T143434Z-548655809277.json.gz,1
fda.inspections.history,firm:3001237056,2015-02-13,2026-09-08T14:34:34Z,inspected,1,count,fda.inspections.history,raw/fda.inspections.history/2026/09/20260908T143434Z-548655809277.json.gz,1
fda.inspections.history,firm:3001237056,2015-02-13,2026-09-08T14:34:34Z,inspection_end,20150213,yyyymmdd,fda.inspections.history,raw/fda.inspections.history/2026/09/20260908T143434Z-548655809277.json.gz,1
fda.inspections.history,firm:3001237056,2015-02-13,2026-09-08T14:34:34Z,is_foreign,0,bool,fda.inspections.history,raw/fda.inspections.history/2026/09/20260908T143434Z-548655809277.json.gz,1
fda.inspections.history,firm:3001237056,2015-02-13,2026-09-08T14:34:34Z,is_oai,0,bool,fda.inspections.history,raw/fda.inspections.history/2026/09/20260908T143434Z-548655809277.json.gz,1
fda.inspections.history,firm:3001237056,2015-02-13,2026-09-08T14:34:34Z,label,CMIC CMO USA Corporation,,fda.inspections.history,raw/fda.inspections.history/2026/09/20260908T143434Z-548655809277.json.gz,1
fda.inspections.history,firm:3001278347,2015-02-13,2026-09-08T14:34:34Z,classification,0,ordinal,fda.inspections.history,raw/fda.inspections.history/2026/09/20260908T143434Z-548655809277.json.gz,1
fda.inspections.history,firm:3001278347,2015-02-13,2026-09-08T14:34:34Z,firm_key,ELEVATION NEW,,fda.inspections.history,raw/fda.inspections.history/2026/09/20260908T143434Z-548655809277.json.gz,1
fda.inspections.history,firm:3001278347,2015-02-13,2026-09-08T14:34:34Z,inspected,1,count,fda.inspections.history,raw/fda.inspections.history/2026/09/20260908T143434Z-548655809277.json.gz,1
fda.inspections.history,firm:3001278347,2015-02-13,2026-09-08T14:34:34Z,inspection_end,20150213,yyyymmdd,fda.inspections.history,raw/fda.inspections.history/2026/09/20260908T143434Z-548655809277.json.gz,1
fda.inspections.history,firm:3001278347,2015-02-13,2026-09-08T14:34:34Z,is_foreign,0,bool,fda.inspections.history,raw/fda.inspections.history/2026/09/20260908T143434Z-548655809277.json.gz,1
fda.inspections.history,firm:3001278347,2015-02-13,2026-09-08T14:34:34Z,is_oai,0,bool,fda.inspections.history,raw/fda.inspections.history/2026/09/20260908T143434Z-548655809277.json.gz,1
fda.inspections.history,firm:3001278347,2015-02-13,2026-09-08T14:34:34Z,label,Elevation New Co LLC,,fda.inspections.history,raw/fda.inspections.history/2026/09/20260908T143434Z-548655809277.json.gz,1
fda.inspections.history,firm:3001451441,2015-02-10,2026-09-08T14:34:34Z,classification,1,ordinal,fda.inspections.history,raw/fda.inspections.history/2026/09/20260908T143434Z-548655809277.json.gz,1
fda.inspections.history,firm:3001451441,2015-02-10,2026-09-08T14:34:34Z,firm_key,LONZA BIOLOGICS,,fda.inspections.history,raw/fda.inspections.history/2026/09/20260908T143434Z-548655809277.json.gz,1
fda.inspections.history,firm:3001451441,2015-02-10,2026-09-08T14:34:34Z,inspected,1,count,fda.inspections.history,raw/fda.inspections.history/2026/09/20260908T143434Z-548655809277.json.gz,1
fda.inspections.history,firm:3001451441,2015-02-10,2026-09-08T14:34:34Z,inspection_end,20150210,yyyymmdd,fda.inspections.history,raw/fda.inspections.history/2026/09/20260908T143434Z-548655809277.json.gz,1
fda.inspections.history,firm:3001451441,2015-02-10,2026-09-08T14:34:34Z,is_foreign,0,bool,fda.inspections.history,raw/fda.inspections.history/2026/09/20260908T143434Z-548655809277.json.gz,1
fda.inspections.history,firm:3001451441,2015-02-10,2026-09-08T14:34:34Z,is_oai,0,bool,fda.inspections.history,raw/fda.inspections.history/2026/09/20260908T143434Z-548655809277.json.gz,1
fda.inspections.history,firm:3001451441,2015-02-10,2026-09-08T14:34:34Z,label,"Lonza Biologics, Inc.",,fda.inspections.history,raw/fda.inspections.history/2026/09/20260908T143434Z-548655809277.json.gz,1
fda.inspections.history,firm:3001554391,2015-02-18,2026-09-08T14:34:34Z,classification,1,ordinal,fda.inspections.history,raw/fda.inspections.history/2026/09/20260908T143434Z-548655809277.json.gz,1
fda.inspections.history,firm:3001554391,2015-02-18,2026-09-08T14:34:34Z,firm_key,PRODUCT QUEST MANUFACTURING,,fda.inspections.history,raw/fda.inspections.history/2026/09/20260908T143434Z-548655809277.json.gz,1
fda.inspections.history,firm:3001554391,2015-02-18,2026-09-08T14:34:34Z,inspected,1,count,fda.inspections.history,raw/fda.inspections.history/2026/09/20260908T143434Z-548655809277.json.gz,1
fda.inspections.history,firm:3001554391,2015-02-18,2026-09-08T14:34:34Z,inspection_end,20150218,yyyymmdd,fda.inspections.history,raw/fda.inspections.history/2026/09/20260908T143434Z-548655809277.json.gz,1
fda.inspections.history,firm:3001554391,2015-02-18,2026-09-08T14:34:34Z,is_foreign,0,bool,fda.inspections.history,raw/fda.inspections.history/2026/09/20260908T143434Z-548655809277.json.gz,1
fda.inspections.history,firm:3001554391,2015-02-18,2026-09-08T14:34:34Z,is_oai,0,bool,fda.inspections.history,raw/fda.inspections.history/2026/09/20260908T143434Z-548655809277.json.gz,1
fda.inspections.history,firm:3001554391,2015-02-18,2026-09-08T14:34:34Z,label,Product Quest Manufacturing LLC,,fda.inspections.history,raw/fda.inspections.history/2026/09/20260908T143434Z-548655809277.json.gz,1
fda.inspections.history,firm:3001701624,2015-02-18,2026-09-08T14:34:34Z,classification,0,ordinal,fda.inspections.history,raw/fda.inspections.history/2026/09/20260908T143434Z-548655809277.json.gz,1
fda.inspections.history,firm:3001701624,2015-02-18,2026-09-08T14:34:34Z,firm_key,SUCO,,fda.inspections.history,raw/fda.inspections.history/2026/09/20260908T143434Z-548655809277.json.gz,1
fda.inspections.history,firm:3001701624,2015-02-18,2026-09-08T14:34:34Z,inspected,1,count,fda.inspections.history,raw/fda.inspections.history/2026/09/20260908T143434Z-548655809277.json.gz,1
fda.inspections.history,firm:3001701624,2015-02-18,2026-09-08T14:34:34Z,inspection_end,20150218,yyyymmdd,fda.inspections.history,raw/fda.inspections.history/2026/09/20260908T143434Z-548655809277.json.gz,1
fda.inspections.history,firm:3001701624,2015-02-18,2026-09-08T14:34:34Z,is_foreign,0,bool,fda.inspections.history,raw/fda.inspections.history/2026/09/20260908T143434Z-548655809277.json.gz,1
fda.inspections.history,firm:3001701624,2015-02-18,2026-09-08T14:34:34Z,is_oai,0,bool,fda.inspections.history,raw/fda.inspections.history/2026/09/20260908T143434Z-548655809277.json.gz,1
fda.inspections.history,firm:3001701624,2015-02-18,2026-09-08T14:34:34Z,label,"SUCO, Inc.",,fda.inspections.history,raw/fda.inspections.history/2026/09/20260908T143434Z-548655809277.json.gz,1
fda.inspections.history,firm:3002344327,2015-02-05,2026-09-08T14:34:34Z,classification,0,ordinal,fda.inspections.history,raw/fda.inspections.history/2026/09/20260908T143434Z-548655809277.json.gz,1
fda.inspections.history,firm:3002344327,2015-02-05,2026-09-08T14:34:34Z,firm_key,LEVY ROBYN MD,,fda.inspections.history,raw/fda.inspections.history/2026/09/20260908T143434Z-548655809277.json.gz,1
fda.inspections.history,firm:3002344327,2015-02-05,2026-09-08T14:34:34Z,inspected,1,count,fda.inspections.history,raw/fda.inspections.history/2026/09/20260908T143434Z-548655809277.json.gz,1
fda.inspections.history,firm:3002344327,2015-02-05,2026-09-08T14:34:34Z,inspection_end,20150205,yyyymmdd,fda.inspections.history,raw/fda.inspections.history/2026/09/20260908T143434Z-548655809277.json.gz,1
fda.inspections.history,firm:3002344327,2015-02-05,2026-09-08T14:34:34Z,is_foreign,0,bool,fda.inspections.history,raw/fda.inspections.history/2026/09/20260908T143434Z-548655809277.json.gz,1
fda.inspections.history,firm:3002344327,2015-02-05,2026-09-08T14:34:34Z,is_oai,0,bool,fda.inspections.history,raw/fda.inspections.history/2026/09/20260908T143434Z-548655809277.json.gz,1
fda.inspections.history,firm:3002344327,2015-02-05,2026-09-08T14:34:34Z,label,"Levy, Robyn, MD",,fda.inspections.history,raw/fda.inspections.history/2026/09/20260908T143434Z-548655809277.json.gz,1
fda.inspections.history,firm:3002535019,2015-02-24,2026-09-08T14:34:34Z,classification,0,ordinal,fda.inspections.history,raw/fda.inspections.history/2026/09/20260908T143434Z-548655809277.json.gz,1
fda.inspections.history,firm:3002535019,2015-02-24,2026-09-08T14:34:34Z,firm_key,COREPHARMA,,fda.inspections.history,raw/fda.inspections.history/2026/09/20260908T143434Z-548655809277.json.gz,1
fda.inspections.history,firm:3002535019,2015-02-24,2026-09-08T14:34:34Z,inspected,1,count,fda.inspections.history,raw/fda.inspections.history/2026/09/20260908T143434Z-548655809277.json.gz,1
fda.inspections.history,firm:3002535019,2015-02-24,2026-09-08T14:34:34Z,inspection_end,20150224,yyyymmdd,fda.inspections.history,raw/fda.inspections.history/2026/09/20260908T143434Z-548655809277.json.gz,1
fda.inspections.history,firm:3002535019,2015-02-24,2026-09-08T14:34:34Z,is_foreign,0,bool,fda.inspections.history,raw/fda.inspections.history/2026/09/20260908T143434Z-548655809277.json.gz,1
fda.inspections.history,firm:3002535019,2015-02-24,2026-09-08T14:34:34Z,is_oai,0,bool,fda.inspections.history,raw/fda.inspections.history/2026/09/20260908T143434Z-548655809277.json.gz,1
fda.inspections.history,firm:3002535019,2015-02-24,2026-09-08T14:34:34Z,label,"CorePharma, LLC",,fda.inspections.history,raw/fda.inspections.history/2026/09/20260908T143434Z-548655809277.json.gz,1
fda.inspections.history,firm:3002806345,2015-02-20,2026-09-08T14:34:34Z,classification,1,ordinal,fda.inspections.history,raw/fda.inspections.history/2026/09/20260908T143434Z-548655809277.json.gz,1
fda.inspections.history,firm:3002806345,2015-02-20,2026-09-08T14:34:34Z,firm_key,AESICA QUEENBOROUGH,,fda.inspections.history,raw/fda.inspections.history/2026/09/20260908T143434Z-548655809277.json.gz,1
fda.inspections.history,firm:3002806345,2015-02-20,2026-09-08T14:34:34Z,inspected,1,count,fda.inspections.history,raw/fda.inspections.history/2026/09/20260908T143434Z-548655809277.json.gz,1
fda.inspections.history,firm:3002806345,2015-02-20,2026-09-08T14:34:34Z,inspection_end,20150220,yyyymmdd,fda.inspections.history,raw/fda.inspections.history/2026/09/20260908T143434Z-548655809277.json.gz,1
fda.inspections.history,firm:3002806345,2015-02-20,2026-09-08T14:34:34Z,is_foreign,1,bool,fda.inspections.history,raw/fda.inspections.history/2026/09/20260908T143434Z-548655809277.json.gz,1
fda.inspections.history,firm:3002806345,2015-02-20,2026-09-08T14:34:34Z,is_oai,0,bool,fda.inspections.history,raw/fda.inspections.history/2026/09/20260908T143434Z-548655809277.json.gz,1
fda.inspections.history,firm:3002806345,2015-02-20,2026-09-08T14:34:34Z,label,Aesica Queenborough Limited,,fda.inspections.history,raw/fda.inspections.history/2026/09/20260908T143434Z-548655809277.json.gz,1
fda.inspections.history,firm:3002806433,2015-02-20,2026-09-08T14:34:34Z,classification,0,ordinal,fda.inspections.history,raw/fda.inspections.history/2026/09/20260908T143434Z-548655809277.json.gz,1
fda.inspections.history,firm:3002806433,2015-02-20,2026-09-08T14:34:34Z,firm_key,AMSA ANONIMA MATERIE SINTETICHE AFFINI S P A,,fda.inspections.history,raw/fda.inspections.history/2026/09/20260908T143434Z-548655809277.json.gz,1
fda.inspections.history,firm:3002806433,2015-02-20,2026-09-08T14:34:34Z,inspected,1,count,fda.inspections.history,raw/fda.inspections.history/2026/09/20260908T143434Z-548655809277.json.gz,1
fda.inspections.history,firm:3002806433,2015-02-20,2026-09-08T14:34:34Z,inspection_end,20150220,yyyymmdd,fda.inspections.history,raw/fda.inspections.history/2026/09/20260908T143434Z-548655809277.json.gz,1
fda.inspections.history,firm:3002806433,2015-02-20,2026-09-08T14:34:34Z,is_foreign,1,bool,fda.inspections.history,raw/fda.inspections.history/2026/09/20260908T143434Z-548655809277.json.gz,1
fda.inspections.history,firm:3002806433,2015-02-20,2026-09-08T14:34:34Z,is_oai,0,bool,fda.inspections.history,raw/fda.inspections.history/2026/09/20260908T143434Z-548655809277.json.gz,1
fda.inspections.history,firm:3002806433,2015-02-20,2026-09-08T14:34:34Z,label,AMSA (Anonima Materie Sintetiche & Affini) S.p.A.,,fda.inspections.history,raw/fda.inspections.history/2026/09/20260908T143434Z-548655809277.json.gz,1
fda.inspections.history,firm:3002806710,2015-02-27,2026-09-08T14:34:34Z,classification,0,ordinal,fda.inspections.history,raw/fda.inspections.history/2026/09/20260908T143434Z-548655809277.json.gz,1
fda.inspections.history,firm:3002806710,2015-02-27,2026-09-08T14:34:34Z,firm_key,CIPLA,,fda.inspections.history,raw/fda.inspections.history/2026/09/20260908T143434Z-548655809277.json.gz,1
fda.inspections.history,firm:3002806710,2015-02-27,2026-09-08T14:34:34Z,inspected,1,count,fda.inspections.history,raw/fda.inspections.history/2026/09/20260908T143434Z-548655809277.json.gz,1
fda.inspections.history,firm:3002806710,2015-02-27,2026-09-08T14:34:34Z,inspection_end,20150227,yyyymmdd,fda.inspections.history,raw/fda.inspections.history/2026/09/20260908T143434Z-548655809277.json.gz,1
fda.inspections.history,firm:3002806710,2015-02-27,2026-09-08T14:34:34Z,is_foreign,1,bool,fda.inspections.history,raw/fda.inspections.history/2026/09/20260908T143434Z-548655809277.json.gz,1
fda.inspections.history,firm:3002806710,2015-02-27,2026-09-08T14:34:34Z,is_oai,0,bool,fda.inspections.history,raw/fda.inspections.history/2026/09/20260908T143434Z-548655809277.json.gz,1
fda.inspections.history,firm:3002806710,2015-02-27,2026-09-08T14:34:34Z,label,Cipla Limited,,fda.inspections.history,raw/fda.inspections.history/2026/09/20260908T143434Z-548655809277.json.gz,1
fda.inspections.history,firm:3002806936,2015-02-18,2026-09-08T14:34:34Z,classification,0,ordinal,fda.inspections.history,raw/fda.inspections.history/2026/09/20260908T143434Z-548655809277.json.gz,1
fda.inspections.history,firm:3002806936,2015-02-18,2026-09-08T14:34:34Z,firm_key,ESTEVE QUIMICA,,fda.inspections.history,raw/fda.inspections.history/2026/09/20260908T143434Z-548655809277.json.gz,1
fda.inspections.history,firm:3002806936,2015-02-18,2026-09-08T14:34:34Z,inspected,1,count,fda.inspections.history,raw/fda.inspections.history/2026/09/20260908T143434Z-548655809277.json.gz,1
fda.inspections.history,firm:3002806936,2015-02-18,2026-09-08T14:34:34Z,inspection_end,20150218,yyyymmdd,fda.inspections.history,raw/fda.inspections.history/2026/09/20260908T143434Z-548655809277.json.gz,1
fda.inspections.history,firm:3002806936,2015-02-18,2026-09-08T14:34:34Z,is_foreign,1,bool,fda.inspections.history,raw/fda.inspections.history/2026/09/20260908T143434Z-548655809277.json.gz,1
fda.inspections.history,firm:3002806936,2015-02-18,2026-09-08T14:34:34Z,is_oai,0,bool,fda.inspections.history,raw/fda.inspections.history/2026/09/20260908T143434Z-548655809277.json.gz,1
fda.inspections.history,firm:3002806936,2015-02-18,2026-09-08T14:34:34Z,label,Esteve Quimica Sa,,fda.inspections.history,raw/fda.inspections.history/2026/09/20260908T143434Z-548655809277.json.gz,1
fda.inspections.history,firm:3002806993,2015-02-05,2026-09-08T14:34:34Z,classification,0,ordinal,fda.inspections.history,raw/fda.inspections.history/2026/09/20260908T143434Z-548655809277.json.gz,1
fda.inspections.history,firm:3002806993,2015-02-05,2026-09-08T14:34:34Z,firm_key,FOREST IRELAND,,fda.inspections.history,raw/fda.inspections.history/2026/09/20260908T143434Z-548655809277.json.gz,1
fda.inspections.history,firm:3002806993,2015-02-05,2026-09-08T14:34:34Z,inspected,1,count,fda.inspections.history,raw/fda.inspections.history/2026/09/20260908T143434Z-548655809277.json.gz,1
fda.inspections.history,firm:3002806993,2015-02-05,2026-09-08T14:34:34Z,inspection_end,20150205,yyyymmdd,fda.inspections.history,raw/fda.inspections.history/2026/09/20260908T143434Z-548655809277.json.gz,1
fda.inspections.history,firm:3002806993,2015-02-05,2026-09-08T14:34:34Z,is_foreign,1,bool,fda.inspections.history,raw/fda.inspections.history/2026/09/20260908T143434Z-548655809277.json.gz,1
fda.inspections.history,firm:3002806993,2015-02-05,2026-09-08T14:34:34Z,is_oai,0,bool,fda.inspections.history,raw/fda.inspections.history/2026/09/20260908T143434Z-548655809277.json.gz,1
fda.inspections.history,firm:3002806993,2015-02-05,2026-09-08T14:34:34Z,label,Forest Laboratories Ireland Limited,,fda.inspections.history,raw/fda.inspections.history/2026/09/20260908T143434Z-548655809277.json.gz,1
fda.inspections.history,firm:3002807062,2015-02-27,2026-09-08T14:34:34Z,classification,0,ordinal,fda.inspections.history,raw/fda.inspections.history/2026/09/20260908T143434Z-548655809277.json.gz,1
fda.inspections.history,firm:3002807062,2015-02-27,2026-09-08T14:34:34Z,firm_key,EUROAPI UK,,fda.inspections.history,raw/fda.inspections.history/2026/09/20260908T143434Z-548655809277.json.gz,1
fda.inspections.history,firm:3002807062,2015-02-27,2026-09-08T14:34:34Z,inspected,1,count,fda.inspections.history,raw/fda.inspections.history/2026/09/20260908T143434Z-548655809277.json.gz,1
fda.inspections.history,firm:3002807062,2015-02-27,2026-09-08T14:34:34Z,inspection_end,20150227,yyyymmdd,fda.inspections.history,raw/fda.inspections.history/2026/09/20260908T143434Z-548655809277.json.gz,1
fda.inspections.history,firm:3002807062,2015-02-27,2026-09-08T14:34:34Z,is_foreign,1,bool,fda.inspections.history,raw/fda.inspections.history/2026/09/20260908T143434Z-548655809277.json.gz,1
fda.inspections.history,firm:3002807062,2015-02-27,2026-09-08T14:34:34Z,is_oai,0,bool,fda.inspections.history,raw/fda.inspections.history/2026/09/20260908T143434Z-548655809277.json.gz,1
fda.inspections.history,firm:3002807062,2015-02-27,2026-09-08T14:34:34Z,label,EuroAPI UK Limited,,fda.inspections.history,raw/fda.inspections.history/2026/09/20260908T143434Z-548655809277.json.gz,1
fda.inspections.history,firm:3002807186,2015-02-20,2026-09-08T14:34:34Z,classification,1,ordinal,fda.inspections.history,raw/fda.inspections.history/2026/09/20260908T143434Z-548655809277.json.gz,1
fda.inspections.history,firm:3002807186,2015-02-20,2026-09-08T14:34:34Z,firm_key,BAUSCH HEALTH COMPANIES,,fda.inspections.history,raw/fda.inspections.history/2026/09/20260908T143434Z-548655809277.json.gz,1
fda.inspections.history,firm:3002807186,2015-02-20,2026-09-08T14:34:34Z,inspected,1,count,fda.inspections.history,raw/fda.inspections.history/2026/09/20260908T143434Z-548655809277.json.gz,1
fda.inspections.history,firm:3002807186,2015-02-20,2026-09-08T14:34:34Z,inspection_end,20150220,yyyymmdd,fda.inspections.history,raw/fda.inspections.history/2026/09/20260908T143434Z-548655809277.json.gz,1
fda.inspections.history,firm:3002807186,2015-02-20,2026-09-08T14:34:34Z,is_foreign,1,bool,fda.inspections.history,raw/fda.inspections.history/2026/09/20260908T143434Z-548655809277.json.gz,1
fda.inspections.history,firm:3002807186,2015-02-20,2026-09-08T14:34:34Z,is_oai,0,bool,fda.inspections.history,raw/fda.inspections.history/2026/09/20260908T143434Z-548655809277.json.gz,1
fda.inspections.history,firm:3002807186,2015-02-20,2026-09-08T14:34:34Z,label,Bausch Health Companies Inc.,,fda.inspections.history,raw/fda.inspections.history/2026/09/20260908T143434Z-548655809277.json.gz,1
fda.inspections.history,firm:3002807213,2015-02-27,2026-09-08T14:34:34Z,classification,0,ordinal,fda.inspections.history,raw/fda.inspections.history/2026/09/20260908T143434Z-548655809277.json.gz,1
fda.inspections.history,firm:3002807213,2015-02-27,2026-09-08T14:34:34Z,firm_key,IOI OLEO,,fda.inspections.history,raw/fda.inspections.history/2026/09/20260908T143434Z-548655809277.json.gz,1
fda.inspections.history,firm:3002807213,2015-02-27,2026-09-08T14:34:34Z,inspected,1,count,fda.inspections.history,raw/fda.inspections.history/2026/09/20260908T143434Z-548655809277.json.gz,1
fda.inspections.history,firm:3002807213,2015-02-27,2026-09-08T14:34:34Z,inspection_end,20150227,yyyymmdd,fda.inspections.history,raw/fda.inspections.history/2026/09/20260908T143434Z-548655809277.json.gz,1
fda.inspections.history,firm:3002807213,2015-02-27,2026-09-08T14:34:34Z,is_foreign,1,bool,fda.inspections.history,raw/fda.inspections.history/2026/09/20260908T143434Z-548655809277.json.gz,1
fda.inspections.history,firm:3002807213,2015-02-27,2026-09-08T14:34:34Z,is_oai,0,bool,fda.inspections.history,raw/fda.inspections.history/2026/09/20260908T143434Z-548655809277.json.gz,1
fda.inspections.history,firm:3002807213,2015-02-27,2026-09-08T14:34:34Z,label,IOI OLEO GMBH,,fda.inspections.history,raw/fda.inspections.history/2026/09/20260908T143434Z-548655809277.json.gz,1
fda.inspections.history,firm:3002807252,2015-02-20,2026-09-08T14:34:34Z,classification,0,ordinal,fda.inspections.history,raw/fda.inspections.history/2026/09/20260908T143434Z-548655809277.json.gz,1
fda.inspections.history,firm:3002807252,2015-02-20,2026-09-08T14:34:34Z,firm_key,MERCK SERONO S P A,,fda.inspections.history,raw/fda.inspections.history/2026/09/20260908T143434Z-548655809277.json.gz,1
fda.inspections.history,firm:3002807252,2015-02-20,2026-09-08T14:34:34Z,inspected,1,count,fda.inspections.history,raw/fda.inspections.history/2026/09/20260908T143434Z-548655809277.json.gz,1
fda.inspections.history,firm:3002807252,2015-02-20,2026-09-08T14:34:34Z,inspection_end,20150220,yyyymmdd,fda.inspections.history,raw/fda.inspections.history/2026/09/20260908T143434Z-548655809277.json.gz,1
fda.inspections.history,firm:3002807252,2015-02-20,2026-09-08T14:34:34Z,is_foreign,1,bool,fda.inspections.history,raw/fda.inspections.history/2026/09/20260908T143434Z-548655809277.json.gz,1
fda.inspections.history,firm:3002807252,2015-02-20,2026-09-08T14:34:34Z,is_oai,0,bool,fda.inspections.history,raw/fda.inspections.history/2026/09/20260908T143434Z-548655809277.json.gz,1
fda.inspections.history,firm:3002807252,2015-02-20,2026-09-08T14:34:34Z,label,Merck Serono S.p.A.,,fda.inspections.history,raw/fda.inspections.history/2026/09/20260908T143434Z-548655809277.json.gz,1
fda.inspections.history,firm:3002807260,2015-02-27,2026-09-08T14:34:34Z,classification,1,ordinal,fda.inspections.history,raw/fda.inspections.history/2026/09/20260908T143434Z-548655809277.json.gz,1
fda.inspections.history,firm:3002807260,2015-02-27,2026-09-08T14:34:34Z,firm_key,TRIFARMA S P A,,fda.inspections.history,raw/fda.inspections.history/2026/09/20260908T143434Z-548655809277.json.gz,1
fda.inspections.history,firm:3002807260,2015-02-27,2026-09-08T14:34:34Z,inspected,1,count,fda.inspections.history,raw/fda.inspections.history/2026/09/20260908T143434Z-548655809277.json.gz,1
fda.inspections.history,firm:3002807260,2015-02-27,2026-09-08T14:34:34Z,inspection_end,20150227,yyyymmdd,fda.inspections.history,raw/fda.inspections.history/2026/09/20260908T143434Z-548655809277.json.gz,1
fda.inspections.history,firm:3002807260,2015-02-27,2026-09-08T14:34:34Z,is_foreign,1,bool,fda.inspections.history,raw/fda.inspections.history/2026/09/20260908T143434Z-548655809277.json.gz,1
fda.inspections.history,firm:3002807260,2015-02-27,2026-09-08T14:34:34Z,is_oai,0,bool,fda.inspections.history,raw/fda.inspections.history/2026/09/20260908T143434Z-548655809277.json.gz,1
fda.inspections.history,firm:3002807260,2015-02-27,2026-09-08T14:34:34Z,label,Trifarma S.p.A.,,fda.inspections.history,raw/fda.inspections.history/2026/09/20260908T143434Z-548655809277.json.gz,1
fda.inspections.history,firm:3002807653,2015-02-06,2026-09-08T14:34:34Z,classification,0,ordinal,fda.inspections.history,raw/fda.inspections.history/2026/09/20260908T143434Z-548655809277.json.gz,1
fda.inspections.history,firm:3002807653,2015-02-06,2026-09-08T14:34:34Z,firm_key,ORGANON UK,,fda.inspections.history,raw/fda.inspections.history/2026/09/20260908T143434Z-548655809277.json.gz,1
fda.inspections.history,firm:3002807653,2015-02-06,2026-09-08T14:34:34Z,inspected,1,count,fda.inspections.history,raw/fda.inspections.history/2026/09/20260908T143434Z-548655809277.json.gz,1
fda.inspections.history,firm:3002807653,2015-02-06,2026-09-08T14:34:34Z,inspection_end,20150206,yyyymmdd,fda.inspections.history,raw/fda.inspections.history/2026/09/20260908T143434Z-548655809277.json.gz,1
fda.inspections.history,firm:3002807653,2015-02-06,2026-09-08T14:34:34Z,is_foreign,1,bool,fda.inspections.history,raw/fda.inspections.history/2026/09/20260908T143434Z-548655809277.json.gz,1
fda.inspections.history,firm:3002807653,2015-02-06,2026-09-08T14:34:34Z,is_oai,0,bool,fda.inspections.history,raw/fda.inspections.history/2026/09/20260908T143434Z-548655809277.json.gz,1
fda.inspections.history,firm:3002807653,2015-02-06,2026-09-08T14:34:34Z,label,Organon Pharma (UK) Ltd.,,fda.inspections.history,raw/fda.inspections.history/2026/09/20260908T143434Z-548655809277.json.gz,1
fda.inspections.history,firm:3002807731,2015-02-13,2026-09-08T14:34:34Z,classification,1,ordinal,fda.inspections.history,raw/fda.inspections.history/2026/09/20260908T143434Z-548655809277.json.gz,1
fda.inspections.history,firm:3002807731,2015-02-13,2026-09-08T14:34:34Z,firm_key,NIPPON RIKA,,fda.inspections.history,raw/fda.inspections.history/2026/09/20260908T143434Z-548655809277.json.gz,1
fda.inspections.history,firm:3002807731,2015-02-13,2026-09-08T14:34:34Z,inspected,1,count,fda.inspections.history,raw/fda.inspections.history/2026/09/20260908T143434Z-548655809277.json.gz,1
fda.inspections.history,firm:3002807731,2015-02-13,2026-09-08T14:34:34Z,inspection_end,20150213,yyyymmdd,fda.inspections.history,raw/fda.inspections.history/2026/09/20260908T143434Z-548655809277.json.gz,1
fda.inspections.history,firm:3002807731,2015-02-13,2026-09-08T14:34:34Z,is_foreign,1,bool,fda.inspections.history,raw/fda.inspections.history/2026/09/20260908T143434Z-548655809277.json.gz,1
fda.inspections.history,firm:3002807731,2015-02-13,2026-09-08T14:34:34Z,is_oai,0,bool,fda.inspections.history,raw/fda.inspections.history/2026/09/20260908T143434Z-548655809277.json.gz,1
fda.inspections.history,firm:3002807731,2015-02-13,2026-09-08T14:34:34Z,label,"Nippon Rika Co., Ltd.",,fda.inspections.history,raw/fda.inspections.history/2026/09/20260908T143434Z-548655809277.json.gz,1
fda.inspections.history,firm:3002807779,2015-02-03,2026-09-08T14:34:34Z,classification,0,ordinal,fda.inspections.history,raw/fda.inspections.history/2026/09/20260908T143434Z-548655809277.json.gz,1
fda.inspections.history,firm:3002807779,2015-02-03,2026-09-08T14:34:34Z,firm_key,GE HEALTHCARE,,fda.inspections.history,raw/fda.inspections.history/2026/09/20260908T143434Z-548655809277.json.gz,1
fda.inspections.history,firm:3002807779,2015-02-03,2026-09-08T14:34:34Z,inspected,1,count,fda.inspections.history,raw/fda.inspections.history/2026/09/20260908T143434Z-548655809277.json.gz,1
fda.inspections.history,firm:3002807779,2015-02-03,2026-09-08T14:34:34Z,inspection_end,20150203,yyyymmdd,fda.inspections.history,raw/fda.inspections.history/2026/09/20260908T143434Z-548655809277.json.gz,1
fda.inspections.history,firm:3002807779,2015-02-03,2026-09-08T14:34:34Z,is_foreign,1,bool,fda.inspections.history,raw/fda.inspections.history/2026/09/20260908T143434Z-548655809277.json.gz,1
fda.inspections.history,firm:3002807779,2015-02-03,2026-09-08T14:34:34Z,is_oai,0,bool,fda.inspections.history,raw/fda.inspections.history/2026/09/20260908T143434Z-548655809277.json.gz,1
fda.inspections.history,firm:3002807779,2015-02-03,2026-09-08T14:34:34Z,label,GE Healthcare AS,,fda.inspections.history,raw/fda.inspections.history/2026/09/20260908T143434Z-548655809277.json.gz,1
fda.inspections.history,firm:3002807812,2015-02-09,2026-09-08T14:34:34Z,classification,1,ordinal,fda.inspections.history,raw/fda.inspections.history/2026/09/20260908T143434Z-548655809277.json.gz,1
fda.inspections.history,firm:3002807812,2015-02-09,2026-09-08T14:34:34Z,firm_key,ELEMENT MATERIALS TECHNOLOGY CANADA,,fda.inspections.history,raw/fda.inspections.history/2026/09/20260908T143434Z-548655809277.json.gz,1
fda.inspections.history,firm:3002807812,2015-02-09,2026-09-08T14:34:34Z,inspected,1,count,fda.inspections.history,raw/fda.inspections.history/2026/09/20260908T143434Z-548655809277.json.gz,1
fda.inspections.history,firm:3002807812,2015-02-09,2026-09-08T14:34:34Z,inspection_end,20150209,yyyymmdd,fda.inspections.history,raw/fda.inspections.history/2026/09/20260908T143434Z-548655809277.json.gz,1
fda.inspections.history,firm:3002807812,2015-02-09,2026-09-08T14:34:34Z,is_foreign,1,bool,fda.inspections.history,raw/fda.inspections.history/2026/09/20260908T143434Z-548655809277.json.gz,1
fda.inspections.history,firm:3002807812,2015-02-09,2026-09-08T14:34:34Z,is_oai,0,bool,fda.inspections.history,raw/fda.inspections.history/2026/09/20260908T143434Z-548655809277.json.gz,1
fda.inspections.history,firm:3002807812,2015-02-09,2026-09-08T14:34:34Z,label,Element Materials Technology Canada Inc.,,fda.inspections.history,raw/fda.inspections.history/2026/09/20260908T143434Z-548655809277.json.gz,1
fda.inspections.history,firm:3002807851,2015-02-27,2026-09-08T14:34:34Z,classification,1,ordinal,fda.inspections.history,raw/fda.inspections.history/2026/09/20260908T143434Z-548655809277.json.gz,1
fda.inspections.history,firm:3002807851,2015-02-27,2026-09-08T14:34:34Z,firm_key,CORDEN BRUSSELS,,fda.inspections.history,raw/fda.inspections.history/2026/09/20260908T143434Z-548655809277.json.gz,1
fda.inspections.history,firm:3002807851,2015-02-27,2026-09-08T14:34:34Z,inspected,1,count,fda.inspections.history,raw/fda.inspections.history/2026/09/20260908T143434Z-548655809277.json.gz,1
fda.inspections.history,firm:3002807851,2015-02-27,2026-09-08T14:34:34Z,inspection_end,20150227,yyyymmdd,fda.inspections.history,raw/fda.inspections.history/2026/09/20260908T143434Z-548655809277.json.gz,1
fda.inspections.history,firm:3002807851,2015-02-27,2026-09-08T14:34:34Z,is_foreign,1,bool,fda.inspections.history,raw/fda.inspections.history/2026/09/20260908T143434Z-548655809277.json.gz,1
fda.inspections.history,firm:3002807851,2015-02-27,2026-09-08T14:34:34Z,is_oai,0,bool,fda.inspections.history,raw/fda.inspections.history/2026/09/20260908T143434Z-548655809277.json.gz,1
fda.inspections.history,firm:3002807851,2015-02-27,2026-09-08T14:34:34Z,label,Corden Pharma Brussels SA,,fda.inspections.history,raw/fda.inspections.history/2026/09/20260908T143434Z-548655809277.json.gz,1
fda.inspections.history,firm:3002807904,2015-02-03,2026-09-08T14:34:34Z,classification,0,ordinal,fda.inspections.history,raw/fda.inspections.history/2026/09/20260908T143434Z-548655809277.json.gz,1
fda.inspections.history,firm:3002807904,2015-02-03,2026-09-08T14:34:34Z,firm_key,PLIVA HRVATSKA D O O,,fda.inspections.history,raw/fda.inspections.history/2026/09/20260908T143434Z-548655809277.json.gz,1
fda.inspections.history,firm:3002807904,2015-02-03,2026-09-08T14:34:34Z,inspected,1,count,fda.inspections.history,raw/fda.inspections.history/2026/09/20260908T143434Z-548655809277.json.gz,1
fda.inspections.history,firm:3002807904,2015-02-03,2026-09-08T14:34:34Z,inspection_end,20150203,yyyymmdd,fda.inspections.history,raw/fda.inspections.history/2026/09/20260908T143434Z-548655809277.json.gz,1
fda.inspections.history,firm:3002807904,2015-02-03,2026-09-08T14:34:34Z,is_foreign,1,bool,fda.inspections.history,raw/fda.inspections.history/2026/09/20260908T143434Z-548655809277.json.gz,1
fda.inspections.history,firm:3002807904,2015-02-03,2026-09-08T14:34:34Z,is_oai,0,bool,fda.inspections.history,raw/fda.inspections.history/2026/09/20260908T143434Z-548655809277.json.gz,1
fda.inspections.history,firm:3002807904,2015-02-03,2026-09-08T14:34:34Z,label,PLIVA Hrvatska d.o.o.,,fda.inspections.history,raw/fda.inspections.history/2026/09/20260908T143434Z-548655809277.json.gz,1
fda.inspections.history,firm:3002807919,2015-02-05,2026-09-08T14:34:34Z,classification,1,ordinal,fda.inspections.history,raw/fda.inspections.history/2026/09/20260908T143434Z-548655809277.json.gz,1
fda.inspections.history,firm:3002807919,2015-02-05,2026-09-08T14:34:34Z,firm_key,CURIA ITALY S R L,,fda.inspections.history,raw/fda.inspections.history/2026/09/20260908T143434Z-548655809277.json.gz,1
fda.inspections.history,firm:3002807919,2015-02-05,2026-09-08T14:34:34Z,inspected,1,count,fda.inspections.history,raw/fda.inspections.history/2026/09/20260908T143434Z-548655809277.json.gz,1
fda.inspections.history,firm:3002807919,2015-02-05,2026-09-08T14:34:34Z,inspection_end,20150205,yyyymmdd,fda.inspections.history,raw/fda.inspections.history/2026/09/20260908T143434Z-548655809277.json.gz,1
fda.inspections.history,firm:3002807919,2015-02-05,2026-09-08T14:34:34Z,is_foreign,1,bool,fda.inspections.history,raw/fda.inspections.history/2026/09/20260908T143434Z-548655809277.json.gz,1
fda.inspections.history,firm:3002807919,2015-02-05,2026-09-08T14:34:34Z,is_oai,0,bool,fda.inspections.history,raw/fda.inspections.history/2026/09/20260908T143434Z-548655809277.json.gz,1
fda.inspections.history,firm:3002807919,2015-02-05,2026-09-08T14:34:34Z,label,Curia Italy S.r.l,,fda.inspections.history,raw/fda.inspections.history/2026/09/20260908T143434Z-548655809277.json.gz,1
fda.inspections.history,firm:3002808058,2015-02-20,2026-09-08T14:34:34Z,classification,1,ordinal,fda.inspections.history,raw/fda.inspections.history/2026/09/20260908T143434Z-548655809277.json.gz,1
fda.inspections.history,firm:3002808058,2015-02-20,2026-09-08T14:34:34Z,firm_key,SOLARA ACTIVE SCIENCES,,fda.inspections.history,raw/fda.inspections.history/2026/09/20260908T143434Z-548655809277.json.gz,1
fda.inspections.history,firm:3002808058,2015-02-20,2026-09-08T14:34:34Z,inspected,1,count,fda.inspections.history,raw/fda.inspections.history/2026/09/20260908T143434Z-548655809277.json.gz,1
fda.inspections.history,firm:3002808058,2015-02-20,2026-09-08T14:34:34Z,inspection_end,20150220,yyyymmdd,fda.inspections.history,raw/fda.inspections.history/2026/09/20260908T143434Z-548655809277.json.gz,1
fda.inspections.history,firm:3002808058,2015-02-20,2026-09-08T14:34:34Z,is_foreign,1,bool,fda.inspections.history,raw/fda.inspections.history/2026/09/20260908T143434Z-548655809277.json.gz,1
fda.inspections.history,firm:3002808058,2015-02-20,2026-09-08T14:34:34Z,is_oai,0,bool,fda.inspections.history,raw/fda.inspections.history/2026/09/20260908T143434Z-548655809277.json.gz,1
fda.inspections.history,firm:3002808058,2015-02-20,2026-09-08T14:34:34Z,label,Solara Active Pharma Sciences Limited,,fda.inspections.history,raw/fda.inspections.history/2026/09/20260908T143434Z-548655809277.json.gz,1
fda.inspections.history,firm:3002808353,2015-02-06,2026-09-08T14:34:34Z,classification,1,ordinal,fda.inspections.history,raw/fda.inspections.history/2026/09/20260908T143434Z-548655809277.json.gz,1
fda.inspections.history,firm:3002808353,2015-02-06,2026-09-08T14:34:34Z,firm_key,TOKYO CHEMICAL INDUSTRY,,fda.inspections.history,raw/fda.inspections.history/2026/09/20260908T143434Z-548655809277.json.gz,1
fda.inspections.history,firm:3002808353,2015-02-06,2026-09-08T14:34:34Z,inspected,1,count,fda.inspections.history,raw/fda.inspections.history/2026/09/20260908T143434Z-548655809277.json.gz,1
fda.inspections.history,firm:3002808353,2015-02-06,2026-09-08T14:34:34Z,inspection_end,20150206,yyyymmdd,fda.inspections.history,raw/fda.inspections.history/2026/09/20260908T143434Z-548655809277.json.gz,1
fda.inspections.history,firm:3002808353,2015-02-06,2026-09-08T14:34:34Z,is_foreign,1,bool,fda.inspections.history,raw/fda.inspections.history/2026/09/20260908T143434Z-548655809277.json.gz,1
fda.inspections.history,firm:3002808353,2015-02-06,2026-09-08T14:34:34Z,is_oai,0,bool,fda.inspections.history,raw/fda.inspections.history/2026/09/20260908T143434Z-548655809277.json.gz,1
fda.inspections.history,firm:3002808353,2015-02-06,2026-09-08T14:34:34Z,label,"Tokyo Chemical Industry Co., Ltd.",,fda.inspections.history,raw/fda.inspections.history/2026/09/20260908T143434Z-548655809277.json.gz,1
fda.inspections.history,firm:3002809485,2015-02-13,2026-09-08T14:34:34Z,classification,1,ordinal,fda.inspections.history,raw/fda.inspections.history/2026/09/20260908T143434Z-548655809277.json.gz,1
fda.inspections.history,firm:3002809485,2015-02-13,2026-09-08T14:34:34Z,firm_key,INTERVET MEXICO S A DE C V MSD ANIMAL HEALTH,,fda.inspections.history,raw/fda.inspections.history/2026/09/20260908T143434Z-548655809277.json.gz,1
fda.inspections.history,firm:3002809485,2015-02-13,2026-09-08T14:34:34Z,inspected,1,count,fda.inspections.history,raw/fda.inspections.history/2026/09/20260908T143434Z-548655809277.json.gz,1
fda.inspections.history,firm:3002809485,2015-02-13,2026-09-08T14:34:34Z,inspection_end,20150213,yyyymmdd,fda.inspections.history,raw/fda.inspections.history/2026/09/20260908T143434Z-548655809277.json.gz,1
fda.inspections.history,firm:3002809485,2015-02-13,2026-09-08T14:34:34Z,is_foreign,1,bool,fda.inspections.history,raw/fda.inspections.history/2026/09/20260908T143434Z-548655809277.json.gz,1
fda.inspections.history,firm:3002809485,2015-02-13,2026-09-08T14:34:34Z,is_oai,0,bool,fda.inspections.history,raw/fda.inspections.history/2026/09/20260908T143434Z-548655809277.json.gz,1
fda.inspections.history,firm:3002809485,2015-02-13,2026-09-08T14:34:34Z,label,Intervet Mexico S.A. de C.V. - MSD Animal Health,,fda.inspections.history,raw/fda.inspections.history/2026/09/20260908T143434Z-548655809277.json.gz,1
fda.inspections.history,firm:3002892484,2015-02-11,2026-09-08T14:34:34Z,classification,1,ordinal,fda.inspections.history,raw/fda.inspections.history/2026/09/20260908T143434Z-548655809277.json.gz,1
fda.inspections.history,firm:3002892484,2015-02-11,2026-09-08T14:34:34Z,firm_key,AMGEN INCORPORATED,,fda.inspections.history,raw/fda.inspections.history/2026/09/20260908T143434Z-548655809277.json.gz,1
fda.inspections.history,firm:3002892484,2015-02-11,2026-09-08T14:34:34Z,inspected,1,count,fda.inspections.history,raw/fda.inspections.history/2026/09/20260908T143434Z-548655809277.json.gz,1
fda.inspections.history,firm:3002892484,2015-02-11,2026-09-08T14:34:34Z,inspection_end,20150211,yyyymmdd,fda.inspections.history,raw/fda.inspections.history/2026/09/20260908T143434Z-548655809277.json.gz,1
fda.inspections.history,firm:3002892484,2015-02-11,2026-09-08T14:34:34Z,is_foreign,0,bool,fda.inspections.history,raw/fda.inspections.history/2026/09/20260908T143434Z-548655809277.json.gz,1
fda.inspections.history,firm:3002892484,2015-02-11,2026-09-08T14:34:34Z,is_oai,0,bool,fda.inspections.history,raw/fda.inspections.history/2026/09/20260908T143434Z-548655809277.json.gz,1
fda.inspections.history,firm:3002892484,2015-02-11,2026-09-08T14:34:34Z,label,"Amgen, Incorporated",,fda.inspections.history,raw/fda.inspections.history/2026/09/20260908T143434Z-548655809277.json.gz,1
fda.inspections.history,firm:3002902183,2015-02-06,2026-09-08T14:34:34Z,classification,1,ordinal,fda.inspections.history,raw/fda.inspections.history/2026/09/20260908T143434Z-548655809277.json.gz,1
fda.inspections.history,firm:3002902183,2015-02-06,2026-09-08T14:34:34Z,firm_key,FRANCO INDIAN,,fda.inspections.history,raw/fda.inspections.history/2026/09/20260908T143434Z-548655809277.json.gz,1
fda.inspections.history,firm:3002902183,2015-02-06,2026-09-08T14:34:34Z,inspected,1,count,fda.inspections.history,raw/fda.inspections.history/2026/09/20260908T143434Z-548655809277.json.gz,1
fda.inspections.history,firm:3002902183,2015-02-06,2026-09-08T14:34:34Z,inspection_end,20150206,yyyymmdd,fda.inspections.history,raw/fda.inspections.history/2026/09/20260908T143434Z-548655809277.json.gz,1
fda.inspections.history,firm:3002902183,2015-02-06,2026-09-08T14:34:34Z,is_foreign,1,bool,fda.inspections.history,raw/fda.inspections.history/2026/09/20260908T143434Z-548655809277.json.gz,1
fda.inspections.history,firm:3002902183,2015-02-06,2026-09-08T14:34:34Z,is_oai,0,bool,fda.inspections.history,raw/fda.inspections.history/2026/09/20260908T143434Z-548655809277.json.gz,1
fda.inspections.history,firm:3002902183,2015-02-06,2026-09-08T14:34:34Z,label,"Franco-Indian Pharmaceuticals Pvt., Ltd.",,fda.inspections.history,raw/fda.inspections.history/2026/09/20260908T143434Z-548655809277.json.gz,1
fda.inspections.history,firm:3003121577,2015-02-13,2026-09-08T14:34:34Z,classification,1,ordinal,fda.inspections.history,raw/fda.inspections.history/2026/09/20260908T143434Z-548655809277.json.gz,1
fda.inspections.history,firm:3003121577,2015-02-13,2026-09-08T14:34:34Z,firm_key,TOWA EUROPE S L,,fda.inspections.history,raw/fda.inspections.history/2026/09/20260908T143434Z-548655809277.json.gz,1
fda.inspections.history,firm:3003121577,2015-02-13,2026-09-08T14:34:34Z,inspected,1,count,fda.inspections.history,raw/fda.inspections.history/2026/09/20260908T143434Z-548655809277.json.gz,1
fda.inspections.history,firm:3003121577,2015-02-13,2026-09-08T14:34:34Z,inspection_end,20150213,yyyymmdd,fda.inspections.history,raw/fda.inspections.history/2026/09/20260908T143434Z-548655809277.json.gz,1
fda.inspections.history,firm:3003121577,2015-02-13,2026-09-08T14:34:34Z,is_foreign,1,bool,fda.inspections.history,raw/fda.inspections.history/2026/09/20260908T143434Z-548655809277.json.gz,1
fda.inspections.history,firm:3003121577,2015-02-13,2026-09-08T14:34:34Z,is_oai,0,bool,fda.inspections.history,raw/fda.inspections.history/2026/09/20260908T143434Z-548655809277.json.gz,1
fda.inspections.history,firm:3003121577,2015-02-13,2026-09-08T14:34:34Z,label,"Towa Pharmaceutical Europe, S.L.",,fda.inspections.history,raw/fda.inspections.history/2026/09/20260908T143434Z-548655809277.json.gz,1
fda.inspections.history,firm:3003153579,2015-02-03,2026-09-08T14:34:34Z,classification,1,ordinal,fda.inspections.history,raw/fda.inspections.history/2026/09/20260908T143434Z-548655809277.json.gz,1
fda.inspections.history,firm:3003153579,2015-02-03,2026-09-08T14:34:34Z,firm_key,EMERGENT BIOSOLUTIONS CANADA,,fda.inspections.history,raw/fda.inspections.history/2026/09/20260908T143434Z-548655809277.json.gz,1
fda.inspections.history,firm:3003153579,2015-02-03,2026-09-08T14:34:34Z,inspected,1,count,fda.inspections.history,raw/fda.inspections.history/2026/09/20260908T143434Z-548655809277.json.gz,1
fda.inspections.history,firm:3003153579,2015-02-03,2026-09-08T14:34:34Z,inspection_end,20150203,yyyymmdd,fda.inspections.history,raw/fda.inspections.history/2026/09/20260908T143434Z-548655809277.json.gz,1
fda.inspections.history,firm:3003153579,2015-02-03,2026-09-08T14:34:34Z,is_foreign,1,bool,fda.inspections.history,raw/fda.inspections.history/2026/09/20260908T143434Z-548655809277.json.gz,1
fda.inspections.history,firm:3003153579,2015-02-03,2026-09-08T14:34:34Z,is_oai,0,bool,fda.inspections.history,raw/fda.inspections.history/2026/09/20260908T143434Z-548655809277.json.gz,1
fda.inspections.history,firm:3003153579,2015-02-03,2026-09-08T14:34:34Z,label,Emergent BioSolutions Canada Inc.,,fda.inspections.history,raw/fda.inspections.history/2026/09/20260908T143434Z-548655809277.json.gz,1
fda.inspections.history,firm:3003164085,2015-02-25,2026-09-08T14:34:34Z,classification,1,ordinal,fda.inspections.history,raw/fda.inspections.history/2026/09/20260908T143434Z-548655809277.json.gz,1
fda.inspections.history,firm:3003164085,2015-02-25,2026-09-08T14:34:34Z,firm_key,ROCKY MOUNTAIN POISON DRUG CENTER,,fda.inspections.history,raw/fda.inspections.history/2026/09/20260908T143434Z-548655809277.json.gz,1
fda.inspections.history,firm:3003164085,2015-02-25,2026-09-08T14:34:34Z,inspected,1,count,fda.inspections.history,raw/fda.inspections.history/2026/09/20260908T143434Z-548655809277.json.gz,1
fda.inspections.history,firm:3003164085,2015-02-25,2026-09-08T14:34:34Z,inspection_end,20150225,yyyymmdd,fda.inspections.history,raw/fda.inspections.history/2026/09/20260908T143434Z-548655809277.json.gz,1
fda.inspections.history,firm:3003164085,2015-02-25,2026-09-08T14:34:34Z,is_foreign,0,bool,fda.inspections.history,raw/fda.inspections.history/2026/09/20260908T143434Z-548655809277.json.gz,1
fda.inspections.history,firm:3003164085,2015-02-25,2026-09-08T14:34:34Z,is_oai,0,bool,fda.inspections.history,raw/fda.inspections.history/2026/09/20260908T143434Z-548655809277.json.gz,1
fda.inspections.history,firm:3003164085,2015-02-25,2026-09-08T14:34:34Z,label,Rocky Mountain Poison & Drug Center,,fda.inspections.history,raw/fda.inspections.history/2026/09/20260908T143434Z-548655809277.json.gz,1
fda.inspections.history,firm:3003200255,2015-02-06,2026-09-08T14:34:34Z,classification,1,ordinal,fda.inspections.history,raw/fda.inspections.history/2026/09/20260908T143434Z-548655809277.json.gz,1
fda.inspections.history,firm:3003200255,2015-02-06,2026-09-08T14:34:34Z,firm_key,GUFIC BIOSCIENCES,,fda.inspections.history,raw/fda.inspections.history/2026/09/20260908T143434Z-548655809277.json.gz,1
fda.inspections.history,firm:3003200255,2015-02-06,2026-09-08T14:34:34Z,inspected,1,count,fda.inspections.history,raw/fda.inspections.history/2026/09/20260908T143434Z-548655809277.json.gz,1
fda.inspections.history,firm:3003200255,2015-02-06,2026-09-08T14:34:34Z,inspection_end,20150206,yyyymmdd,fda.inspections.history,raw/fda.inspections.history/2026/09/20260908T143434Z-548655809277.json.gz,1
fda.inspections.history,firm:3003200255,2015-02-06,2026-09-08T14:34:34Z,is_foreign,1,bool,fda.inspections.history,raw/fda.inspections.history/2026/09/20260908T143434Z-548655809277.json.gz,1
fda.inspections.history,firm:3003200255,2015-02-06,2026-09-08T14:34:34Z,is_oai,0,bool,fda.inspections.history,raw/fda.inspections.history/2026/09/20260908T143434Z-548655809277.json.gz,1
fda.inspections.history,firm:3003200255,2015-02-06,2026-09-08T14:34:34Z,label,Gufic Biosciences Limited,,fda.inspections.history,raw/fda.inspections.history/2026/09/20260908T143434Z-548655809277.json.gz,1
fda.inspections.history,firm:3003215856,2015-02-02,2026-09-08T14:34:34Z,classification,0,ordinal,fda.inspections.history,raw/fda.inspections.history/2026/09/20260908T143434Z-548655809277.json.gz,1
fda.inspections.history,firm:3003215856,2015-02-02,2026-09-08T14:34:34Z,firm_key,ROBERT A RIESENBERG M D,,fda.inspections.history,raw/fda.inspections.history/2026/09/20260908T143434Z-548655809277.json.gz,1
fda.inspections.history,firm:3003215856,2015-02-02,2026-09-08T14:34:34Z,inspected,1,count,fda.inspections.history,raw/fda.inspections.history/2026/09/20260908T143434Z-548655809277.json.gz,1
fda.inspections.history,firm:3003215856,2015-02-02,2026-09-08T14:34:34Z,inspection_end,20150202,yyyymmdd,fda.inspections.history,raw/fda.inspections.history/2026/09/20260908T143434Z-548655809277.json.gz,1
fda.inspections.history,firm:3003215856,2015-02-02,2026-09-08T14:34:34Z,is_foreign,0,bool,fda.inspections.history,raw/fda.inspections.history/2026/09/20260908T143434Z-548655809277.json.gz,1
fda.inspections.history,firm:3003215856,2015-02-02,2026-09-08T14:34:34Z,is_oai,0,bool,fda.inspections.history,raw/fda.inspections.history/2026/09/20260908T143434Z-548655809277.json.gz,1
fda.inspections.history,firm:3003215856,2015-02-02,2026-09-08T14:34:34Z,label,"Robert A. Riesenberg, M.D.",,fda.inspections.history,raw/fda.inspections.history/2026/09/20260908T143434Z-548655809277.json.gz,1
fda.inspections.history,firm:3003282619,2015-02-19,2026-09-08T14:34:34Z,classification,0,ordinal,fda.inspections.history,raw/fda.inspections.history/2026/09/20260908T143434Z-548655809277.json.gz,1
fda.inspections.history,firm:3003282619,2015-02-19,2026-09-08T14:34:34Z,firm_key,TAENAKA KOGYO,,fda.inspections.history,raw/fda.inspections.history/2026/09/20260908T143434Z-548655809277.json.gz,1
fda.inspections.history,firm:3003282619,2015-02-19,2026-09-08T14:34:34Z,inspected,1,count,fda.inspections.history,raw/fda.inspections.history/2026/09/20260908T143434Z-548655809277.json.gz,1
fda.inspections.history,firm:3003282619,2015-02-19,2026-09-08T14:34:34Z,inspection_end,20150219,yyyymmdd,fda.inspections.history,raw/fda.inspections.history/2026/09/20260908T143434Z-548655809277.json.gz,1
fda.inspections.history,firm:3003282619,2015-02-19,2026-09-08T14:34:34Z,is_foreign,1,bool,fda.inspections.history,raw/fda.inspections.history/2026/09/20260908T143434Z-548655809277.json.gz,1
fda.inspections.history,firm:3003282619,2015-02-19,2026-09-08T14:34:34Z,is_oai,0,bool,fda.inspections.history,raw/fda.inspections.history/2026/09/20260908T143434Z-548655809277.json.gz,1
fda.inspections.history,firm:3003282619,2015-02-19,2026-09-08T14:34:34Z,label,"Taenaka Kogyo Co., Ltd.",,fda.inspections.history,raw/fda.inspections.history/2026/09/20260908T143434Z-548655809277.json.gz,1
fda.inspections.history,firm:3003294404,2015-02-13,2026-09-08T14:34:34Z,classification,1,ordinal,fda.inspections.history,raw/fda.inspections.history/2026/09/20260908T143434Z-548655809277.json.gz,1
fda.inspections.history,firm:3003294404,2015-02-13,2026-09-08T14:34:34Z,firm_key,NUCARE,,fda.inspections.history,raw/fda.inspections.history/2026/09/20260908T143434Z-548655809277.json.gz,1
fda.inspections.history,firm:3003294404,2015-02-13,2026-09-08T14:34:34Z,inspected,1,count,fda.inspections.history,raw/fda.inspections.history/2026/09/20260908T143434Z-548655809277.json.gz,1
fda.inspections.history,firm:3003294404,2015-02-13,2026-09-08T14:34:34Z,inspection_end,20150213,yyyymmdd,fda.inspections.history,raw/fda.inspections.history/2026/09/20260908T143434Z-548655809277.json.gz,1
fda.inspections.history,firm:3003294404,2015-02-13,2026-09-08T14:34:34Z,is_foreign,0,bool,fda.inspections.history,raw/fda.inspections.history/2026/09/20260908T143434Z-548655809277.json.gz,1
fda.inspections.history,firm:3003294404,2015-02-13,2026-09-08T14:34:34Z,is_oai,0,bool,fda.inspections.history,raw/fda.inspections.history/2026/09/20260908T143434Z-548655809277.json.gz,1
fda.inspections.history,firm:3003294404,2015-02-13,2026-09-08T14:34:34Z,label,NuCare Pharmaceuticals Inc,,fda.inspections.history,raw/fda.inspections.history/2026/09/20260908T143434Z-548655809277.json.gz,1
fda.inspections.history,firm:3003367682,2015-02-13,2026-09-08T14:34:34Z,classification,0,ordinal,fda.inspections.history,raw/fda.inspections.history/2026/09/20260908T143434Z-548655809277.json.gz,1
fda.inspections.history,firm:3003367682,2015-02-13,2026-09-08T14:34:34Z,firm_key,A M STABTEST LABOR FUR ANALYTIK UND STABILITATSPRUFENG,,fda.inspections.history,raw/fda.inspections.history/2026/09/20260908T143434Z-548655809277.json.gz,1
fda.inspections.history,firm:3003367682,2015-02-13,2026-09-08T14:34:34Z,inspected,1,count,fda.inspections.history,raw/fda.inspections.history/2026/09/20260908T143434Z-548655809277.json.gz,1
fda.inspections.history,firm:3003367682,2015-02-13,2026-09-08T14:34:34Z,inspection_end,20150213,yyyymmdd,fda.inspections.history,raw/fda.inspections.history/2026/09/20260908T143434Z-548655809277.json.gz,1
fda.inspections.history,firm:3003367682,2015-02-13,2026-09-08T14:34:34Z,is_foreign,1,bool,fda.inspections.history,raw/fda.inspections.history/2026/09/20260908T143434Z-548655809277.json.gz,1
fda.inspections.history,firm:3003367682,2015-02-13,2026-09-08T14:34:34Z,is_oai,0,bool,fda.inspections.history,raw/fda.inspections.history/2026/09/20260908T143434Z-548655809277.json.gz,1
fda.inspections.history,firm:3003367682,2015-02-13,2026-09-08T14:34:34Z,label,A & M Stabtest Labor fur Analytik und Stabilitatsprufeng,,fda.inspections.history,raw/fda.inspections.history/2026/09/20260908T143434Z-548655809277.json.gz,1
fda.inspections.history,firm:3003369203,2015-02-13,2026-09-08T14:34:34Z,classification,1,ordinal,fda.inspections.history,raw/fda.inspections.history/2026/09/20260908T143434Z-548655809277.json.gz,1
fda.inspections.history,firm:3003369203,2015-02-13,2026-09-08T14:34:34Z,firm_key,ESTEE LAUDER COSMETICS,,fda.inspections.history,raw/fda.inspections.history/2026/09/20260908T143434Z-548655809277.json.gz,1
fda.inspections.history,firm:3003369203,2015-02-13,2026-09-08T14:34:34Z,inspected,1,count,fda.inspections.history,raw/fda.inspections.history/2026/09/20260908T143434Z-548655809277.json.gz,1
fda.inspections.history,firm:3003369203,2015-02-13,2026-09-08T14:34:34Z,inspection_end,20150213,yyyymmdd,fda.inspections.history,raw/fda.inspections.history/2026/09/20260908T143434Z-548655809277.json.gz,1
fda.inspections.history,firm:3003369203,2015-02-13,2026-09-08T14:34:34Z,is_foreign,1,bool,fda.inspections.history,raw/fda.inspections.history/2026/09/20260908T143434Z-548655809277.json.gz,1
fda.inspections.history,firm:3003369203,2015-02-13,2026-09-08T14:34:34Z,is_oai,0,bool,fda.inspections.history,raw/fda.inspections.history/2026/09/20260908T143434Z-548655809277.json.gz,1
fda.inspections.history,firm:3003369203,2015-02-13,2026-09-08T14:34:34Z,label,"Estee Lauder Cosmetics, Ltd.",,fda.inspections.history,raw/fda.inspections.history/2026/09/20260908T143434Z-548655809277.json.gz,1
fda.inspections.history,firm:3003502861,2015-02-06,2026-09-08T14:34:34Z,classification,1,ordinal,fda.inspections.history,raw/fda.inspections.history/2026/09/20260908T143434Z-548655809277.json.gz,1
fda.inspections.history,firm:3003502861,2015-02-06,2026-09-08T14:34:34Z,firm_key,PRODUCTOS ROCHE S A DE C V,,fda.inspections.history,raw/fda.inspections.history/2026/09/20260908T143434Z-548655809277.json.gz,1
fda.inspections.history,firm:3003502861,2015-02-06,2026-09-08T14:34:34Z,inspected,1,count,fda.inspections.history,raw/fda.inspections.history/2026/09/20260908T143434Z-548655809277.json.gz,1
fda.inspections.history,firm:3003502861,2015-02-06,2026-09-08T14:34:34Z,inspection_end,20150206,yyyymmdd,fda.inspections.history,raw/fda.inspections.history/2026/09/20260908T143434Z-548655809277.json.gz,1
fda.inspections.history,firm:3003502861,2015-02-06,2026-09-08T14:34:34Z,is_foreign,1,bool,fda.inspections.history,raw/fda.inspections.history/2026/09/20260908T143434Z-548655809277.json.gz,1
fda.inspections.history,firm:3003502861,2015-02-06,2026-09-08T14:34:34Z,is_oai,0,bool,fda.inspections.history,raw/fda.inspections.history/2026/09/20260908T143434Z-548655809277.json.gz,1
fda.inspections.history,firm:3003502861,2015-02-06,2026-09-08T14:34:34Z,label,Productos Roche S.A. de C. V.,,fda.inspections.history,raw/fda.inspections.history/2026/09/20260908T143434Z-548655809277.json.gz,1
fda.inspections.history,firm:3003563645,2015-02-10,2026-09-08T14:34:34Z,classification,0,ordinal,fda.inspections.history,raw/fda.inspections.history/2026/09/20260908T143434Z-548655809277.json.gz,1
fda.inspections.history,firm:3003563645,2015-02-10,2026-09-08T14:34:34Z,firm_key,ARDENA U S,,fda.inspections.history,raw/fda.inspections.history/2026/09/20260908T143434Z-548655809277.json.gz,1
fda.inspections.history,firm:3003563645,2015-02-10,2026-09-08T14:34:34Z,inspected,1,count,fda.inspections.history,raw/fda.inspections.history/2026/09/20260908T143434Z-548655809277.json.gz,1
fda.inspections.history,firm:3003563645,2015-02-10,2026-09-08T14:34:34Z,inspection_end,20150210,yyyymmdd,fda.inspections.history,raw/fda.inspections.history/2026/09/20260908T143434Z-548655809277.json.gz,1
fda.inspections.history,firm:3003563645,2015-02-10,2026-09-08T14:34:34Z,is_foreign,0,bool,fda.inspections.history,raw/fda.inspections.history/2026/09/20260908T143434Z-548655809277.json.gz,1
fda.inspections.history,firm:3003563645,2015-02-10,2026-09-08T14:34:34Z,is_oai,0,bool,fda.inspections.history,raw/fda.inspections.history/2026/09/20260908T143434Z-548655809277.json.gz,1
fda.inspections.history,firm:3003563645,2015-02-10,2026-09-08T14:34:34Z,label,Ardena U.S. LLC,,fda.inspections.history,raw/fda.inspections.history/2026/09/20260908T143434Z-548655809277.json.gz,1
fda.inspections.history,firm:3003599771,2015-02-09,2026-09-08T14:34:34Z,classification,0,ordinal,fda.inspections.history,raw/fda.inspections.history/2026/09/20260908T143434Z-548655809277.json.gz,1
fda.inspections.history,firm:3003599771,2015-02-09,2026-09-08T14:34:34Z,firm_key,SPECIALIZED MEDICAL DEVICES,,fda.inspections.history,raw/fda.inspections.history/2026/09/20260908T143434Z-548655809277.json.gz,1
fda.inspections.history,firm:3003599771,2015-02-09,2026-09-08T14:34:34Z,inspected,1,count,fda.inspections.history,raw/fda.inspections.history/2026/09/20260908T143434Z-548655809277.json.gz,1
fda.inspections.history,firm:3003599771,2015-02-09,2026-09-08T14:34:34Z,inspection_end,20150209,yyyymmdd,fda.inspections.history,raw/fda.inspections.history/2026/09/20260908T143434Z-548655809277.json.gz,1
fda.inspections.history,firm:3003599771,2015-02-09,2026-09-08T14:34:34Z,is_foreign,0,bool,fda.inspections.history,raw/fda.inspections.history/2026/09/20260908T143434Z-548655809277.json.gz,1
fda.inspections.history,firm:3003599771,2015-02-09,2026-09-08T14:34:34Z,is_oai,0,bool,fda.inspections.history,raw/fda.inspections.history/2026/09/20260908T143434Z-548655809277.json.gz,1
fda.inspections.history,firm:3003599771,2015-02-09,2026-09-08T14:34:34Z,label,Specialized Medical Devices,,fda.inspections.history,raw/fda.inspections.history/2026/09/20260908T143434Z-548655809277.json.gz,1
fda.inspections.history,firm:3003671557,2015-02-13,2026-09-08T14:34:34Z,classification,0,ordinal,fda.inspections.history,raw/fda.inspections.history/2026/09/20260908T143434Z-548655809277.json.gz,1
fda.inspections.history,firm:3003671557,2015-02-13,2026-09-08T14:34:34Z,firm_key,G PRODUCTION,,fda.inspections.history,raw/fda.inspections.history/2026/09/20260908T143434Z-548655809277.json.gz,1
fda.inspections.history,firm:3003671557,2015-02-13,2026-09-08T14:34:34Z,inspected,1,count,fda.inspections.history,raw/fda.inspections.history/2026/09/20260908T143434Z-548655809277.json.gz,1
fda.inspections.history,firm:3003671557,2015-02-13,2026-09-08T14:34:34Z,inspection_end,20150213,yyyymmdd,fda.inspections.history,raw/fda.inspections.history/2026/09/20260908T143434Z-548655809277.json.gz,1
fda.inspections.history,firm:3003671557,2015-02-13,2026-09-08T14:34:34Z,is_foreign,1,bool,fda.inspections.history,raw/fda.inspections.history/2026/09/20260908T143434Z-548655809277.json.gz,1
fda.inspections.history,firm:3003671557,2015-02-13,2026-09-08T14:34:34Z,is_oai,0,bool,fda.inspections.history,raw/fda.inspections.history/2026/09/20260908T143434Z-548655809277.json.gz,1
fda.inspections.history,firm:3003671557,2015-02-13,2026-09-08T14:34:34Z,label,"G Production, Inc.",,fda.inspections.history,raw/fda.inspections.history/2026/09/20260908T143434Z-548655809277.json.gz,1
fda.inspections.history,firm:3003724330,2015-02-11,2026-09-08T14:34:34Z,classification,2,ordinal,fda.inspections.history,raw/fda.inspections.history/2026/09/20260908T143434Z-548655809277.json.gz,1
fda.inspections.history,firm:3003724330,2015-02-11,2026-09-08T14:34:34Z,firm_key,PROSINTESIS S A DE C V,,fda.inspections.history,raw/fda.inspections.history/2026/09/20260908T143434Z-548655809277.json.gz,1
fda.inspections.history,firm:3003724330,2015-02-11,2026-09-08T14:34:34Z,inspected,1,count,fda.inspections.history,raw/fda.inspections.history/2026/09/20260908T143434Z-548655809277.json.gz,1
fda.inspections.history,firm:3003724330,2015-02-11,2026-09-08T14:34:34Z,inspection_end,20150211,yyyymmdd,fda.inspections.history,raw/fda.inspections.history/2026/09/20260908T143434Z-548655809277.json.gz,1
fda.inspections.history,firm:3003724330,2015-02-11,2026-09-08T14:34:34Z,is_foreign,1,bool,fda.inspections.history,raw/fda.inspections.history/2026/09/20260908T143434Z-548655809277.json.gz,1
fda.inspections.history,firm:3003724330,2015-02-11,2026-09-08T14:34:34Z,is_oai,1,bool,fda.inspections.history,raw/fda.inspections.history/2026/09/20260908T143434Z-548655809277.json.gz,1
fda.inspections.history,firm:3003724330,2015-02-11,2026-09-08T14:34:34Z,label,Prosintesis S.A. de C.V.,,fda.inspections.history,raw/fda.inspections.history/2026/09/20260908T143434Z-548655809277.json.gz,1
fda.inspections.history,firm:3003882630,2015-02-13,2026-09-08T14:34:34Z,classification,1,ordinal,fda.inspections.history,raw/fda.inspections.history/2026/09/20260908T143434Z-548655809277.json.gz,1
fda.inspections.history,firm:3003882630,2015-02-13,2026-09-08T14:34:34Z,firm_key,NOURYON CHEMICALS S A DE C V,,fda.inspections.history,raw/fda.inspections.history/2026/09/20260908T143434Z-548655809277.json.gz,1
fda.inspections.history,firm:3003882630,2015-02-13,2026-09-08T14:34:34Z,inspected,1,count,fda.inspections.history,raw/fda.inspections.history/2026/09/20260908T143434Z-548655809277.json.gz,1
fda.inspections.history,firm:3003882630,2015-02-13,2026-09-08T14:34:34Z,inspection_end,20150213,yyyymmdd,fda.inspections.history,raw/fda.inspections.history/2026/09/20260908T143434Z-548655809277.json.gz,1
fda.inspections.history,firm:3003882630,2015-02-13,2026-09-08T14:34:34Z,is_foreign,1,bool,fda.inspections.history,raw/fda.inspections.history/2026/09/20260908T143434Z-548655809277.json.gz,1
fda.inspections.history,firm:3003882630,2015-02-13,2026-09-08T14:34:34Z,is_oai,0,bool,fda.inspections.history,raw/fda.inspections.history/2026/09/20260908T143434Z-548655809277.json.gz,1
fda.inspections.history,firm:3003882630,2015-02-13,2026-09-08T14:34:34Z,label,"Nouryon Chemicals, S.A. de C.V.",,fda.inspections.history,raw/fda.inspections.history/2026/09/20260908T143434Z-548655809277.json.gz,1
fda.inspections.history,firm:3003907582,2015-02-13,2026-09-08T14:34:34Z,classification,1,ordinal,fda.inspections.history,raw/fda.inspections.history/2026/09/20260908T143434Z-548655809277.json.gz,1
fda.inspections.history,firm:3003907582,2015-02-13,2026-09-08T14:34:34Z,firm_key,HEALTH VALUE,,fda.inspections.history,raw/fda.inspections.history/2026/09/20260908T143434Z-548655809277.json.gz,1
fda.inspections.history,firm:3003907582,2015-02-13,2026-09-08T14:34:34Z,inspected,1,count,fda.inspections.history,raw/fda.inspections.history/2026/09/20260908T143434Z-548655809277.json.gz,1
fda.inspections.history,firm:3003907582,2015-02-13,2026-09-08T14:34:34Z,inspection_end,20150213,yyyymmdd,fda.inspections.history,raw/fda.inspections.history/2026/09/20260908T143434Z-548655809277.json.gz,1
fda.inspections.history,firm:3003907582,2015-02-13,2026-09-08T14:34:34Z,is_foreign,0,bool,fda.inspections.history,raw/fda.inspections.history/2026/09/20260908T143434Z-548655809277.json.gz,1
fda.inspections.history,firm:3003907582,2015-02-13,2026-09-08T14:34:34Z,is_oai,0,bool,fda.inspections.history,raw/fda.inspections.history/2026/09/20260908T143434Z-548655809277.json.gz,1
fda.inspections.history,firm:3003907582,2015-02-13,2026-09-08T14:34:34Z,label,Health Value Inc.,,fda.inspections.history,raw/fda.inspections.history/2026/09/20260908T143434Z-548655809277.json.gz,1
fda.inspections.history,firm:3003912376,2015-02-12,2026-09-08T14:34:34Z,classification,0,ordinal,fda.inspections.history,raw/fda.inspections.history/2026/09/20260908T143434Z-548655809277.json.gz,1
fda.inspections.history,firm:3003912376,2015-02-12,2026-09-08T14:34:34Z,firm_key,ROTECH HEALTHCARE,,fda.inspections.history,raw/fda.inspections.history/2026/09/20260908T143434Z-548655809277.json.gz,1
fda.inspections.history,firm:3003912376,2015-02-12,2026-09-08T14:34:34Z,inspected,1,count,fda.inspections.history,raw/fda.inspections.history/2026/09/20260908T143434Z-548655809277.json.gz,1
fda.inspections.history,firm:3003912376,2015-02-12,2026-09-08T14:34:34Z,inspection_end,20150212,yyyymmdd,fda.inspections.history,raw/fda.inspections.history/2026/09/20260908T143434Z-548655809277.json.gz,1
fda.inspections.history,firm:3003912376,2015-02-12,2026-09-08T14:34:34Z,is_foreign,0,bool,fda.inspections.history,raw/fda.inspections.history/2026/09/20260908T143434Z-548655809277.json.gz,1
fda.inspections.history,firm:3003912376,2015-02-12,2026-09-08T14:34:34Z,is_oai,0,bool,fda.inspections.history,raw/fda.inspections.history/2026/09/20260908T143434Z-548655809277.json.gz,1
fda.inspections.history,firm:3003912376,2015-02-12,2026-09-08T14:34:34Z,label,"Rotech Healthcare, Inc",,fda.inspections.history,raw/fda.inspections.history/2026/09/20260908T143434Z-548655809277.json.gz,1
fda.inspections.history,firm:3003973520,2015-02-05,2026-09-08T14:34:34Z,classification,0,ordinal,fda.inspections.history,raw/fda.inspections.history/2026/09/20260908T143434Z-548655809277.json.gz,1
fda.inspections.history,firm:3003973520,2015-02-05,2026-09-08T14:34:34Z,firm_key,CENTAUR,,fda.inspections.history,raw/fda.inspections.history/2026/09/20260908T143434Z-548655809277.json.gz,1
fda.inspections.history,firm:3003973520,2015-02-05,2026-09-08T14:34:34Z,inspected,1,count,fda.inspections.history,raw/fda.inspections.history/2026/09/20260908T143434Z-548655809277.json.gz,1
fda.inspections.history,firm:3003973520,2015-02-05,2026-09-08T14:34:34Z,inspection_end,20150205,yyyymmdd,fda.inspections.history,raw/fda.inspections.history/2026/09/20260908T143434Z-548655809277.json.gz,1
fda.inspections.history,firm:3003973520,2015-02-05,2026-09-08T14:34:34Z,is_foreign,1,bool,fda.inspections.history,raw/fda.inspections.history/2026/09/20260908T143434Z-548655809277.json.gz,1
fda.inspections.history,firm:3003973520,2015-02-05,2026-09-08T14:34:34Z,is_oai,0,bool,fda.inspections.history,raw/fda.inspections.history/2026/09/20260908T143434Z-548655809277.json.gz,1
fda.inspections.history,firm:3003973520,2015-02-05,2026-09-08T14:34:34Z,label,Centaur Pharmaceuticals Private Ltd.,,fda.inspections.history,raw/fda.inspections.history/2026/09/20260908T143434Z-548655809277.json.gz,1
fda.inspections.history,firm:3003976111,2015-02-13,2026-09-08T14:34:34Z,classification,0,ordinal,fda.inspections.history,raw/fda.inspections.history/2026/09/20260908T143434Z-548655809277.json.gz,1
fda.inspections.history,firm:3003976111,2015-02-13,2026-09-08T14:34:34Z,firm_key,PATHEON BIOLOGICS NJ,,fda.inspections.history,raw/fda.inspections.history/2026/09/20260908T143434Z-548655809277.json.gz,1
fda.inspections.history,firm:3003976111,2015-02-13,2026-09-08T14:34:34Z,inspected,1,count,fda.inspections.history,raw/fda.inspections.history/2026/09/20260908T143434Z-548655809277.json.gz,1
fda.inspections.history,firm:3003976111,2015-02-13,2026-09-08T14:34:34Z,inspection_end,20150213,yyyymmdd,fda.inspections.history,raw/fda.inspections.history/2026/09/20260908T143434Z-548655809277.json.gz,1
fda.inspections.history,firm:3003976111,2015-02-13,2026-09-08T14:34:34Z,is_foreign,0,bool,fda.inspections.history,raw/fda.inspections.history/2026/09/20260908T143434Z-548655809277.json.gz,1
fda.inspections.history,firm:3003976111,2015-02-13,2026-09-08T14:34:34Z,is_oai,0,bool,fda.inspections.history,raw/fda.inspections.history/2026/09/20260908T143434Z-548655809277.json.gz,1
fda.inspections.history,firm:3003976111,2015-02-13,2026-09-08T14:34:34Z,label,Patheon Biologics (NJ) LLC,,fda.inspections.history,raw/fda.inspections.history/2026/09/20260908T143434Z-548655809277.json.gz,1
fda.inspections.history,firm:3004006229,2015-02-27,2026-09-08T14:34:34Z,classification,1,ordinal,fda.inspections.history,raw/fda.inspections.history/2026/09/20260908T143434Z-548655809277.json.gz,1
fda.inspections.history,firm:3004006229,2015-02-27,2026-09-08T14:34:34Z,firm_key,ALIVUS LIFE SCIENCES,,fda.inspections.history,raw/fda.inspections.history/2026/09/20260908T143434Z-548655809277.json.gz,1
fda.inspections.history,firm:3004006229,2015-02-27,2026-09-08T14:34:34Z,inspected,1,count,fda.inspections.history,raw/fda.inspections.history/2026/09/20260908T143434Z-548655809277.json.gz,1
fda.inspections.history,firm:3004006229,2015-02-27,2026-09-08T14:34:34Z,inspection_end,20150227,yyyymmdd,fda.inspections.history,raw/fda.inspections.history/2026/09/20260908T143434Z-548655809277.json.gz,1
fda.inspections.history,firm:3004006229,2015-02-27,2026-09-08T14:34:34Z,is_foreign,1,bool,fda.inspections.history,raw/fda.inspections.history/2026/09/20260908T143434Z-548655809277.json.gz,1
fda.inspections.history,firm:3004006229,2015-02-27,2026-09-08T14:34:34Z,is_oai,0,bool,fda.inspections.history,raw/fda.inspections.history/2026/09/20260908T143434Z-548655809277.json.gz,1
fda.inspections.history,firm:3004006229,2015-02-27,2026-09-08T14:34:34Z,label,Alivus Life Sciences Limited,,fda.inspections.history,raw/fda.inspections.history/2026/09/20260908T143434Z-548655809277.json.gz,1
fda.inspections.history,firm:3004067672,2015-02-18,2026-09-08T14:34:34Z,classification,1,ordinal,fda.inspections.history,raw/fda.inspections.history/2026/09/20260908T143434Z-548655809277.json.gz,1
fda.inspections.history,firm:3004067672,2015-02-18,2026-09-08T14:34:34Z,firm_key,LINDE GAS EQUIPMENT,,fda.inspections.history,raw/fda.inspections.history/2026/09/20260908T143434Z-548655809277.json.gz,1
fda.inspections.history,firm:3004067672,2015-02-18,2026-09-08T14:34:34Z,inspected,1,count,fda.inspections.history,raw/fda.inspections.history/2026/09/20260908T143434Z-548655809277.json.gz,1
fda.inspections.history,firm:3004067672,2015-02-18,2026-09-08T14:34:34Z,inspection_end,20150218,yyyymmdd,fda.inspections.history,raw/fda.inspections.history/2026/09/20260908T143434Z-548655809277.json.gz,1
fda.inspections.history,firm:3004067672,2015-02-18,2026-09-08T14:34:34Z,is_foreign,0,bool,fda.inspections.history,raw/fda.inspections.history/2026/09/20260908T143434Z-548655809277.json.gz,1
fda.inspections.history,firm:3004067672,2015-02-18,2026-09-08T14:34:34Z,is_oai,0,bool,fda.inspections.history,raw/fda.inspections.history/2026/09/20260908T143434Z-548655809277.json.gz,1
fda.inspections.history,firm:3004067672,2015-02-18,2026-09-08T14:34:34Z,label,Linde Gas & Equipment Inc.,,fda.inspections.history,raw/fda.inspections.history/2026/09/20260908T143434Z-548655809277.json.gz,1
fda.inspections.history,firm:3004072297,2015-02-13,2026-09-08T14:34:34Z,classification,1,ordinal,fda.inspections.history,raw/fda.inspections.history/2026/09/20260908T143434Z-548655809277.json.gz,1
fda.inspections.history,firm:3004072297,2015-02-13,2026-09-08T14:34:34Z,firm_key,ZHEJIANG XIANJU JUNYE,,fda.inspections.history,raw/fda.inspections.history/2026/09/20260908T143434Z-548655809277.json.gz,1
fda.inspections.history,firm:3004072297,2015-02-13,2026-09-08T14:34:34Z,inspected,1,count,fda.inspections.history,raw/fda.inspections.history/2026/09/20260908T143434Z-548655809277.json.gz,1
fda.inspections.history,firm:3004072297,2015-02-13,2026-09-08T14:34:34Z,inspection_end,20150213,yyyymmdd,fda.inspections.history,raw/fda.inspections.history/2026/09/20260908T143434Z-548655809277.json.gz,1
fda.inspections.history,firm:3004072297,2015-02-13,2026-09-08T14:34:34Z,is_foreign,1,bool,fda.inspections.history,raw/fda.inspections.history/2026/09/20260908T143434Z-548655809277.json.gz,1
fda.inspections.history,firm:3004072297,2015-02-13,2026-09-08T14:34:34Z,is_oai,0,bool,fda.inspections.history,raw/fda.inspections.history/2026/09/20260908T143434Z-548655809277.json.gz,1
fda.inspections.history,firm:3004072297,2015-02-13,2026-09-08T14:34:34Z,label,"Zhejiang Xianju Junye Pharmaceutical Co., Ltd.",,fda.inspections.history,raw/fda.inspections.history/2026/09/20260908T143434Z-548655809277.json.gz,1
fda.inspections.history,firm:3004126703,2015-02-20,2026-09-08T14:34:34Z,classification,1,ordinal,fda.inspections.history,raw/fda.inspections.history/2026/09/20260908T143434Z-548655809277.json.gz,1
fda.inspections.history,firm:3004126703,2015-02-20,2026-09-08T14:34:34Z,firm_key,CONCORD BIOTECH,,fda.inspections.history,raw/fda.inspections.history/2026/09/20260908T143434Z-548655809277.json.gz,1
fda.inspections.history,firm:3004126703,2015-02-20,2026-09-08T14:34:34Z,inspected,1,count,fda.inspections.history,raw/fda.inspections.history/2026/09/20260908T143434Z-548655809277.json.gz,1
fda.inspections.history,firm:3004126703,2015-02-20,2026-09-08T14:34:34Z,inspection_end,20150220,yyyymmdd,fda.inspections.history,raw/fda.inspections.history/2026/09/20260908T143434Z-548655809277.json.gz,1
fda.inspections.history,firm:3004126703,2015-02-20,2026-09-08T14:34:34Z,is_foreign,1,bool,fda.inspections.history,raw/fda.inspections.history/2026/09/20260908T143434Z-548655809277.json.gz,1
fda.inspections.history,firm:3004126703,2015-02-20,2026-09-08T14:34:34Z,is_oai,0,bool,fda.inspections.history,raw/fda.inspections.history/2026/09/20260908T143434Z-548655809277.json.gz,1
fda.inspections.history,firm:3004126703,2015-02-20,2026-09-08T14:34:34Z,label,Concord Biotech Limited,,fda.inspections.history,raw/fda.inspections.history/2026/09/20260908T143434Z-548655809277.json.gz,1
fda.inspections.history,firm:3004163409,2015-02-12,2026-09-08T14:34:34Z,classification,0,ordinal,fda.inspections.history,raw/fda.inspections.history/2026/09/20260908T143434Z-548655809277.json.gz,1
fda.inspections.history,firm:3004163409,2015-02-12,2026-09-08T14:34:34Z,firm_key,MIDLANDS IRB,,fda.inspections.history,raw/fda.inspections.history/2026/09/20260908T143434Z-548655809277.json.gz,1
fda.inspections.history,firm:3004163409,2015-02-12,2026-09-08T14:34:34Z,inspected,1,count,fda.inspections.history,raw/fda.inspections.history/2026/09/20260908T143434Z-548655809277.json.gz,1
fda.inspections.history,firm:3004163409,2015-02-12,2026-09-08T14:34:34Z,inspection_end,20150212,yyyymmdd,fda.inspections.history,raw/fda.inspections.history/2026/09/20260908T143434Z-548655809277.json.gz,1
fda.inspections.history,firm:3004163409,2015-02-12,2026-09-08T14:34:34Z,is_foreign,0,bool,fda.inspections.history,raw/fda.inspections.history/2026/09/20260908T143434Z-548655809277.json.gz,1
fda.inspections.history,firm:3004163409,2015-02-12,2026-09-08T14:34:34Z,is_oai,0,bool,fda.inspections.history,raw/fda.inspections.history/2026/09/20260908T143434Z-548655809277.json.gz,1
fda.inspections.history,firm:3004163409,2015-02-12,2026-09-08T14:34:34Z,label,Midlands IRB,,fda.inspections.history,raw/fda.inspections.history/2026/09/20260908T143434Z-548655809277.json.gz,1
fda.inspections.history,firm:3004187716,2015-02-13,2026-09-08T14:34:34Z,classification,1,ordinal,fda.inspections.history,raw/fda.inspections.history/2026/09/20260908T143434Z-548655809277.json.gz,1
fda.inspections.history,firm:3004187716,2015-02-13,2026-09-08T14:34:34Z,firm_key,KLOSTERFRAU BERLIN,,fda.inspections.history,raw/fda.inspections.history/2026/09/20260908T143434Z-548655809277.json.gz,1
fda.inspections.history,firm:3004187716,2015-02-13,2026-09-08T14:34:34Z,inspected,1,count,fda.inspections.history,raw/fda.inspections.history/2026/09/20260908T143434Z-548655809277.json.gz,1
fda.inspections.history,firm:3004187716,2015-02-13,2026-09-08T14:34:34Z,inspection_end,20150213,yyyymmdd,fda.inspections.history,raw/fda.inspections.history/2026/09/20260908T143434Z-548655809277.json.gz,1
fda.inspections.history,firm:3004187716,2015-02-13,2026-09-08T14:34:34Z,is_foreign,1,bool,fda.inspections.history,raw/fda.inspections.history/2026/09/20260908T143434Z-548655809277.json.gz,1
fda.inspections.history,firm:3004187716,2015-02-13,2026-09-08T14:34:34Z,is_oai,0,bool,fda.inspections.history,raw/fda.inspections.history/2026/09/20260908T143434Z-548655809277.json.gz,1
fda.inspections.history,firm:3004187716,2015-02-13,2026-09-08T14:34:34Z,label,Klosterfrau Berlin GmbH,,fda.inspections.history,raw/fda.inspections.history/2026/09/20260908T143434Z-548655809277.json.gz,1
fda.inspections.history,firm:3004358077,2015-02-13,2026-09-08T14:34:34Z,classification,1,ordinal,fda.inspections.history,raw/fda.inspections.history/2026/09/20260908T143434Z-548655809277.json.gz,1
fda.inspections.history,firm:3004358077,2015-02-13,2026-09-08T14:34:34Z,firm_key,MICHAEL W KONSTAN MD,,fda.inspections.history,raw/fda.inspections.history/2026/09/20260908T143434Z-548655809277.json.gz,1
fda.inspections.history,firm:3004358077,2015-02-13,2026-09-08T14:34:34Z,inspected,1,count,fda.inspections.history,raw/fda.inspections.history/2026/09/20260908T143434Z-548655809277.json.gz,1
fda.inspections.history,firm:3004358077,2015-02-13,2026-09-08T14:34:34Z,inspection_end,20150213,yyyymmdd,fda.inspections.history,raw/fda.inspections.history/2026/09/20260908T143434Z-548655809277.json.gz,1
fda.inspections.history,firm:3004358077,2015-02-13,2026-09-08T14:34:34Z,is_foreign,0,bool,fda.inspections.history,raw/fda.inspections.history/2026/09/20260908T143434Z-548655809277.json.gz,1
fda.inspections.history,firm:3004358077,2015-02-13,2026-09-08T14:34:34Z,is_oai,0,bool,fda.inspections.history,raw/fda.inspections.history/2026/09/20260908T143434Z-548655809277.json.gz,1
fda.inspections.history,firm:3004358077,2015-02-13,2026-09-08T14:34:34Z,label,Michael W Konstan MD,,fda.inspections.history,raw/fda.inspections.history/2026/09/20260908T143434Z-548655809277.json.gz,1
fda.inspections.history,firm:3004362706,2015-02-13,2026-09-08T14:34:34Z,classification,0,ordinal,fda.inspections.history,raw/fda.inspections.history/2026/09/20260908T143434Z-548655809277.json.gz,1
fda.inspections.history,firm:3004362706,2015-02-13,2026-09-08T14:34:34Z,firm_key,ALLPACK,,fda.inspections.history,raw/fda.inspections.history/2026/09/20260908T143434Z-548655809277.json.gz,1
fda.inspections.history,firm:3004362706,2015-02-13,2026-09-08T14:34:34Z,inspected,1,count,fda.inspections.history,raw/fda.inspections.history/2026/09/20260908T143434Z-548655809277.json.gz,1
fda.inspections.history,firm:3004362706,2015-02-13,2026-09-08T14:34:34Z,inspection_end,20150213,yyyymmdd,fda.inspections.history,raw/fda.inspections.history/2026/09/20260908T143434Z-548655809277.json.gz,1
fda.inspections.history,firm:3004362706,2015-02-13,2026-09-08T14:34:34Z,is_foreign,1,bool,fda.inspections.history,raw/fda.inspections.history/2026/09/20260908T143434Z-548655809277.json.gz,1
fda.inspections.history,firm:3004362706,2015-02-13,2026-09-08T14:34:34Z,is_oai,0,bool,fda.inspections.history,raw/fda.inspections.history/2026/09/20260908T143434Z-548655809277.json.gz,1
fda.inspections.history,firm:3004362706,2015-02-13,2026-09-08T14:34:34Z,label,Allpack Group AG,,fda.inspections.history,raw/fda.inspections.history/2026/09/20260908T143434Z-548655809277.json.gz,1
fda.inspections.history,firm:3004530896,2015-02-02,2026-09-08T14:34:34Z,classification,1,ordinal,fda.inspections.history,raw/fda.inspections.history/2026/09/20260908T143434Z-548655809277.json.gz,1
fda.inspections.history,firm:3004530896,2015-02-02,2026-09-08T14:34:34Z,firm_key,SHIONOGI,,fda.inspections.history,raw/fda.inspections.history/2026/09/20260908T143434Z-548655809277.json.gz,1
fda.inspections.history,firm:3004530896,2015-02-02,2026-09-08T14:34:34Z,inspected,1,count,fda.inspections.history,raw/fda.inspections.history/2026/09/20260908T143434Z-548655809277.json.gz,1
fda.inspections.history,firm:3004530896,2015-02-02,2026-09-08T14:34:34Z,inspection_end,20150202,yyyymmdd,fda.inspections.history,raw/fda.inspections.history/2026/09/20260908T143434Z-548655809277.json.gz,1
fda.inspections.history,firm:3004530896,2015-02-02,2026-09-08T14:34:34Z,is_foreign,0,bool,fda.inspections.history,raw/fda.inspections.history/2026/09/20260908T143434Z-548655809277.json.gz,1
fda.inspections.history,firm:3004530896,2015-02-02,2026-09-08T14:34:34Z,is_oai,0,bool,fda.inspections.history,raw/fda.inspections.history/2026/09/20260908T143434Z-548655809277.json.gz,1
fda.inspections.history,firm:3004530896,2015-02-02,2026-09-08T14:34:34Z,label,Shionogi Inc.,,fda.inspections.history,raw/fda.inspections.history/2026/09/20260908T143434Z-548655809277.json.gz,1
fda.inspections.history,firm:3004540156,2015-02-13,2026-09-08T14:34:34Z,classification,2,ordinal,fda.inspections.history,raw/fda.inspections.history/2026/09/20260908T143434Z-548655809277.json.gz,1
fda.inspections.history,firm:3004540156,2015-02-13,2026-09-08T14:34:34Z,firm_key,WOCKHARDT,,fda.inspections.history,raw/fda.inspections.history/2026/09/20260908T143434Z-548655809277.json.gz,1
fda.inspections.history,firm:3004540156,2015-02-13,2026-09-08T14:34:34Z,inspected,1,count,fda.inspections.history,raw/fda.inspections.history/2026/09/20260908T143434Z-548655809277.json.gz,1
fda.inspections.history,firm:3004540156,2015-02-13,2026-09-08T14:34:34Z,inspection_end,20150213,yyyymmdd,fda.inspections.history,raw/fda.inspections.history/2026/09/20260908T143434Z-548655809277.json.gz,1
fda.inspections.history,firm:3004540156,2015-02-13,2026-09-08T14:34:34Z,is_foreign,1,bool,fda.inspections.history,raw/fda.inspections.history/2026/09/20260908T143434Z-548655809277.json.gz,1
fda.inspections.history,firm:3004540156,2015-02-13,2026-09-08T14:34:34Z,is_oai,1,bool,fda.inspections.history,raw/fda.inspections.history/2026/09/20260908T143434Z-548655809277.json.gz,1
fda.inspections.history,firm:3004540156,2015-02-13,2026-09-08T14:34:34Z,label,Wockhardt Limited,,fda.inspections.history,raw/fda.inspections.history/2026/09/20260908T143434Z-548655809277.json.gz,1
fda.inspections.history,firm:3004585678,2015-02-13,2026-09-08T14:34:34Z,classification,1,ordinal,fda.inspections.history,raw/fda.inspections.history/2026/09/20260908T143434Z-548655809277.json.gz,1
fda.inspections.history,firm:3004585678,2015-02-13,2026-09-08T14:34:34Z,firm_key,MICHAEL J GERMAIN MD,,fda.inspections.history,raw/fda.inspections.history/2026/09/20260908T143434Z-548655809277.json.gz,1
fda.inspections.history,firm:3004585678,2015-02-13,2026-09-08T14:34:34Z,inspected,1,count,fda.inspections.history,raw/fda.inspections.history/2026/09/20260908T143434Z-548655809277.json.gz,1
fda.inspections.history,firm:3004585678,2015-02-13,2026-09-08T14:34:34Z,inspection_end,20150213,yyyymmdd,fda.inspections.history,raw/fda.inspections.history/2026/09/20260908T143434Z-548655809277.json.gz,1
fda.inspections.history,firm:3004585678,2015-02-13,2026-09-08T14:34:34Z,is_foreign,0,bool,fda.inspections.history,raw/fda.inspections.history/2026/09/20260908T143434Z-548655809277.json.gz,1
fda.inspections.history,firm:3004585678,2015-02-13,2026-09-08T14:34:34Z,is_oai,0,bool,fda.inspections.history,raw/fda.inspections.history/2026/09/20260908T143434Z-548655809277.json.gz,1
fda.inspections.history,firm:3004585678,2015-02-13,2026-09-08T14:34:34Z,label,"Michael J. Germain, MD",,fda.inspections.history,raw/fda.inspections.history/2026/09/20260908T143434Z-548655809277.json.gz,1
fda.inspections.history,firm:3004709093,2015-02-20,2026-09-08T14:34:34Z,classification,1,ordinal,fda.inspections.history,raw/fda.inspections.history/2026/09/20260908T143434Z-548655809277.json.gz,1
fda.inspections.history,firm:3004709093,2015-02-20,2026-09-08T14:34:34Z,firm_key,LATO DRUG DBA POST HASTE PHARMACY,,fda.inspections.history,raw/fda.inspections.history/2026/09/20260908T143434Z-548655809277.json.gz,1
fda.inspections.history,firm:3004709093,2015-02-20,2026-09-08T14:34:34Z,inspected,1,count,fda.inspections.history,raw/fda.inspections.history/2026/09/20260908T143434Z-548655809277.json.gz,1
fda.inspections.history,firm:3004709093,2015-02-20,2026-09-08T14:34:34Z,inspection_end,20150220,yyyymmdd,fda.inspections.history,raw/fda.inspections.history/2026/09/20260908T143434Z-548655809277.json.gz,1
fda.inspections.history,firm:3004709093,2015-02-20,2026-09-08T14:34:34Z,is_foreign,0,bool,fda.inspections.history,raw/fda.inspections.history/2026/09/20260908T143434Z-548655809277.json.gz,1
fda.inspections.history,firm:3004709093,2015-02-20,2026-09-08T14:34:34Z,is_oai,0,bool,fda.inspections.history,raw/fda.inspections.history/2026/09/20260908T143434Z-548655809277.json.gz,1
fda.inspections.history,firm:3004709093,2015-02-20,2026-09-08T14:34:34Z,label,Lato Drug Co. Inc. dba Post Haste Pharmacy,,fda.inspections.history,raw/fda.inspections.history/2026/09/20260908T143434Z-548655809277.json.gz,1
fda.inspections.history,firm:3004717968,2015-02-11,2026-09-08T14:34:34Z,classification,0,ordinal,fda.inspections.history,raw/fda.inspections.history/2026/09/20260908T143434Z-548655809277.json.gz,1
fda.inspections.history,firm:3004717968,2015-02-11,2026-09-08T14:34:34Z,firm_key,TOSARA,,fda.inspections.history,raw/fda.inspections.history/2026/09/20260908T143434Z-548655809277.json.gz,1
fda.inspections.history,firm:3004717968,2015-02-11,2026-09-08T14:34:34Z,inspected,1,count,fda.inspections.history,raw/fda.inspections.history/2026/09/20260908T143434Z-548655809277.json.gz,1
fda.inspections.history,firm:3004717968,2015-02-11,2026-09-08T14:34:34Z,inspection_end,20150211,yyyymmdd,fda.inspections.history,raw/fda.inspections.history/2026/09/20260908T143434Z-548655809277.json.gz,1
fda.inspections.history,firm:3004717968,2015-02-11,2026-09-08T14:34:34Z,is_foreign,1,bool,fda.inspections.history,raw/fda.inspections.history/2026/09/20260908T143434Z-548655809277.json.gz,1
fda.inspections.history,firm:3004717968,2015-02-11,2026-09-08T14:34:34Z,is_oai,0,bool,fda.inspections.history,raw/fda.inspections.history/2026/09/20260908T143434Z-548655809277.json.gz,1
fda.inspections.history,firm:3004717968,2015-02-11,2026-09-08T14:34:34Z,label,Tosara Pharma Limited,,fda.inspections.history,raw/fda.inspections.history/2026/09/20260908T143434Z-548655809277.json.gz,1
fda.inspections.history,firm:3004839832,2015-02-26,2026-09-08T14:34:34Z,classification,0,ordinal,fda.inspections.history,raw/fda.inspections.history/2026/09/20260908T143434Z-548655809277.json.gz,1
fda.inspections.history,firm:3004839832,2015-02-26,2026-09-08T14:34:34Z,firm_key,THER RX,,fda.inspections.history,raw/fda.inspections.history/2026/09/20260908T143434Z-548655809277.json.gz,1
fda.inspections.history,firm:3004839832,2015-02-26,2026-09-08T14:34:34Z,inspected,1,count,fda.inspections.history,raw/fda.inspections.history/2026/09/20260908T143434Z-548655809277.json.gz,1
fda.inspections.history,firm:3004839832,2015-02-26,2026-09-08T14:34:34Z,inspection_end,20150226,yyyymmdd,fda.inspections.history,raw/fda.inspections.history/2026/09/20260908T143434Z-548655809277.json.gz,1
fda.inspections.history,firm:3004839832,2015-02-26,2026-09-08T14:34:34Z,is_foreign,0,bool,fda.inspections.history,raw/fda.inspections.history/2026/09/20260908T143434Z-548655809277.json.gz,1
fda.inspections.history,firm:3004839832,2015-02-26,2026-09-08T14:34:34Z,is_oai,0,bool,fda.inspections.history,raw/fda.inspections.history/2026/09/20260908T143434Z-548655809277.json.gz,1
fda.inspections.history,firm:3004839832,2015-02-26,2026-09-08T14:34:34Z,label,Ther-RX Corporation,,fda.inspections.history,raw/fda.inspections.history/2026/09/20260908T143434Z-548655809277.json.gz,1
fda.inspections.history,firm:3004924271,2015-02-05,2026-09-08T14:34:34Z,classification,0,ordinal,fda.inspections.history,raw/fda.inspections.history/2026/09/20260908T143434Z-548655809277.json.gz,1
fda.inspections.history,firm:3004924271,2015-02-05,2026-09-08T14:34:34Z,firm_key,AMERICAN HOMEPATIENT,,fda.inspections.history,raw/fda.inspections.history/2026/09/20260908T143434Z-548655809277.json.gz,1
fda.inspections.history,firm:3004924271,2015-02-05,2026-09-08T14:34:34Z,inspected,1,count,fda.inspections.history,raw/fda.inspections.history/2026/09/20260908T143434Z-548655809277.json.gz,1
fda.inspections.history,firm:3004924271,2015-02-05,2026-09-08T14:34:34Z,inspection_end,20150205,yyyymmdd,fda.inspections.history,raw/fda.inspections.history/2026/09/20260908T143434Z-548655809277.json.gz,1
fda.inspections.history,firm:3004924271,2015-02-05,2026-09-08T14:34:34Z,is_foreign,0,bool,fda.inspections.history,raw/fda.inspections.history/2026/09/20260908T143434Z-548655809277.json.gz,1
fda.inspections.history,firm:3004924271,2015-02-05,2026-09-08T14:34:34Z,is_oai,0,bool,fda.inspections.history,raw/fda.inspections.history/2026/09/20260908T143434Z-548655809277.json.gz,1
fda.inspections.history,firm:3004924271,2015-02-05,2026-09-08T14:34:34Z,label,American HomePatient,,fda.inspections.history,raw/fda.inspections.history/2026/09/20260908T143434Z-548655809277.json.gz,1
fda.inspections.history,firm:3004956904,2015-02-20,2026-09-08T14:34:34Z,classification,0,ordinal,fda.inspections.history,raw/fda.inspections.history/2026/09/20260908T143434Z-548655809277.json.gz,1
fda.inspections.history,firm:3004956904,2015-02-20,2026-09-08T14:34:34Z,firm_key,ALEMBIC,,fda.inspections.history,raw/fda.inspections.history/2026/09/20260908T143434Z-548655809277.json.gz,1
fda.inspections.history,firm:3004956904,2015-02-20,2026-09-08T14:34:34Z,inspected,1,count,fda.inspections.history,raw/fda.inspections.history/2026/09/20260908T143434Z-548655809277.json.gz,1
fda.inspections.history,firm:3004956904,2015-02-20,2026-09-08T14:34:34Z,inspection_end,20150220,yyyymmdd,fda.inspections.history,raw/fda.inspections.history/2026/09/20260908T143434Z-548655809277.json.gz,1
fda.inspections.history,firm:3004956904,2015-02-20,2026-09-08T14:34:34Z,is_foreign,1,bool,fda.inspections.history,raw/fda.inspections.history/2026/09/20260908T143434Z-548655809277.json.gz,1
fda.inspections.history,firm:3004956904,2015-02-20,2026-09-08T14:34:34Z,is_oai,0,bool,fda.inspections.history,raw/fda.inspections.history/2026/09/20260908T143434Z-548655809277.json.gz,1
fda.inspections.history,firm:3004956904,2015-02-20,2026-09-08T14:34:34Z,label,Alembic Pharmaceuticals Limited,,fda.inspections.history,raw/fda.inspections.history/2026/09/20260908T143434Z-548655809277.json.gz,1
fda.inspections.history,firm:3004972463,2015-02-05,2026-09-08T14:34:34Z,classification,0,ordinal,fda.inspections.history,raw/fda.inspections.history/2026/09/20260908T143434Z-548655809277.json.gz,1
fda.inspections.history,firm:3004972463,2015-02-05,2026-09-08T14:34:34Z,firm_key,CARDINAL HEALTH 414,,fda.inspections.history,raw/fda.inspections.history/2026/09/20260908T143434Z-548655809277.json.gz,1
fda.inspections.history,firm:3004972463,2015-02-05,2026-09-08T14:34:34Z,inspected,1,count,fda.inspections.history,raw/fda.inspections.history/2026/09/20260908T143434Z-548655809277.json.gz,1
fda.inspections.history,firm:3004972463,2015-02-05,2026-09-08T14:34:34Z,inspection_end,20150205,yyyymmdd,fda.inspections.history,raw/fda.inspections.history/2026/09/20260908T143434Z-548655809277.json.gz,1
fda.inspections.history,firm:3004972463,2015-02-05,2026-09-08T14:34:34Z,is_foreign,0,bool,fda.inspections.history,raw/fda.inspections.history/2026/09/20260908T143434Z-548655809277.json.gz,1
fda.inspections.history,firm:3004972463,2015-02-05,2026-09-08T14:34:34Z,is_oai,0,bool,fda.inspections.history,raw/fda.inspections.history/2026/09/20260908T143434Z-548655809277.json.gz,1
fda.inspections.history,firm:3004972463,2015-02-05,2026-09-08T14:34:34Z,label,"Cardinal Health 414, LLC",,fda.inspections.history,raw/fda.inspections.history/2026/09/20260908T143434Z-548655809277.json.gz,1
fda.inspections.history,firm:3005053173,2015-02-06,2026-09-08T14:34:34Z,classification,1,ordinal,fda.inspections.history,raw/fda.inspections.history/2026/09/20260908T143434Z-548655809277.json.gz,1
fda.inspections.history,firm:3005053173,2015-02-06,2026-09-08T14:34:34Z,firm_key,MEDIFARMA S A,,fda.inspections.history,raw/fda.inspections.history/2026/09/20260908T143434Z-548655809277.json.gz,1
fda.inspections.history,firm:3005053173,2015-02-06,2026-09-08T14:34:34Z,inspected,1,count,fda.inspections.history,raw/fda.inspections.history/2026/09/20260908T143434Z-548655809277.json.gz,1
fda.inspections.history,firm:3005053173,2015-02-06,2026-09-08T14:34:34Z,inspection_end,20150206,yyyymmdd,fda.inspections.history,raw/fda.inspections.history/2026/09/20260908T143434Z-548655809277.json.gz,1
fda.inspections.history,firm:3005053173,2015-02-06,2026-09-08T14:34:34Z,is_foreign,1,bool,fda.inspections.history,raw/fda.inspections.history/2026/09/20260908T143434Z-548655809277.json.gz,1
fda.inspections.history,firm:3005053173,2015-02-06,2026-09-08T14:34:34Z,is_oai,0,bool,fda.inspections.history,raw/fda.inspections.history/2026/09/20260908T143434Z-548655809277.json.gz,1
fda.inspections.history,firm:3005053173,2015-02-06,2026-09-08T14:34:34Z,label,Medifarma S.A.,,fda.inspections.history,raw/fda.inspections.history/2026/09/20260908T143434Z-548655809277.json.gz,1
fda.inspections.history,firm:3005105711,2015-02-10,2026-09-08T14:34:34Z,classification,1,ordinal,fda.inspections.history,raw/fda.inspections.history/2026/09/20260908T143434Z-548655809277.json.gz,1
fda.inspections.history,firm:3005105711,2015-02-10,2026-09-08T14:34:34Z,firm_key,JAMES A KNUTSON MD,,fda.inspections.history,raw/fda.inspections.history/2026/09/20260908T143434Z-548655809277.json.gz,1
fda.inspections.history,firm:3005105711,2015-02-10,2026-09-08T14:34:34Z,inspected,1,count,fda.inspections.history,raw/fda.inspections.history/2026/09/20260908T143434Z-548655809277.json.gz,1
fda.inspections.history,firm:3005105711,2015-02-10,2026-09-08T14:34:34Z,inspection_end,20150210,yyyymmdd,fda.inspections.history,raw/fda.inspections.history/2026/09/20260908T143434Z-548655809277.json.gz,1
fda.inspections.history,firm:3005105711,2015-02-10,2026-09-08T14:34:34Z,is_foreign,0,bool,fda.inspections.history,raw/fda.inspections.history/2026/09/20260908T143434Z-548655809277.json.gz,1
fda.inspections.history,firm:3005105711,2015-02-10,2026-09-08T14:34:34Z,is_oai,0,bool,fda.inspections.history,raw/fda.inspections.history/2026/09/20260908T143434Z-548655809277.json.gz,1
fda.inspections.history,firm:3005105711,2015-02-10,2026-09-08T14:34:34Z,label,"James A. Knutson, MD",,fda.inspections.history,raw/fda.inspections.history/2026/09/20260908T143434Z-548655809277.json.gz,1
fda.inspections.history,firm:3005151215,2015-02-04,2026-09-08T14:34:34Z,classification,2,ordinal,fda.inspections.history,raw/fda.inspections.history/2026/09/20260908T143434Z-548655809277.json.gz,1
fda.inspections.history,firm:3005151215,2015-02-04,2026-09-08T14:34:34Z,firm_key,EMCURE,,fda.inspections.history,raw/fda.inspections.history/2026/09/20260908T143434Z-548655809277.json.gz,1
fda.inspections.history,firm:3005151215,2015-02-04,2026-09-08T14:34:34Z,inspected,1,count,fda.inspections.history,raw/fda.inspections.history/2026/09/20260908T143434Z-548655809277.json.gz,1
fda.inspections.history,firm:3005151215,2015-02-04,2026-09-08T14:34:34Z,inspection_end,20150204,yyyymmdd,fda.inspections.history,raw/fda.inspections.history/2026/09/20260908T143434Z-548655809277.json.gz,1
fda.inspections.history,firm:3005151215,2015-02-04,2026-09-08T14:34:34Z,is_foreign,1,bool,fda.inspections.history,raw/fda.inspections.history/2026/09/20260908T143434Z-548655809277.json.gz,1
fda.inspections.history,firm:3005151215,2015-02-04,2026-09-08T14:34:34Z,is_oai,1,bool,fda.inspections.history,raw/fda.inspections.history/2026/09/20260908T143434Z-548655809277.json.gz,1
fda.inspections.history,firm:3005151215,2015-02-04,2026-09-08T14:34:34Z,label,Emcure Pharmaceuticals Limited,,fda.inspections.history,raw/fda.inspections.history/2026/09/20260908T143434Z-548655809277.json.gz,1
fda.inspections.history,firm:3005209462,2015-02-23,2026-09-08T14:34:34Z,classification,0,ordinal,fda.inspections.history,raw/fda.inspections.history/2026/09/20260908T143434Z-548655809277.json.gz,1
fda.inspections.history,firm:3005209462,2015-02-23,2026-09-08T14:34:34Z,firm_key,SUPERNUS,,fda.inspections.history,raw/fda.inspections.history/2026/09/20260908T143434Z-548655809277.json.gz,1
fda.inspections.history,firm:3005209462,2015-02-23,2026-09-08T14:34:34Z,inspected,1,count,fda.inspections.history,raw/fda.inspections.history/2026/09/20260908T143434Z-548655809277.json.gz,1
fda.inspections.history,firm:3005209462,2015-02-23,2026-09-08T14:34:34Z,inspection_end,20150223,yyyymmdd,fda.inspections.history,raw/fda.inspections.history/2026/09/20260908T143434Z-548655809277.json.gz,1
fda.inspections.history,firm:3005209462,2015-02-23,2026-09-08T14:34:34Z,is_foreign,0,bool,fda.inspections.history,raw/fda.inspections.history/2026/09/20260908T143434Z-548655809277.json.gz,1
fda.inspections.history,firm:3005209462,2015-02-23,2026-09-08T14:34:34Z,is_oai,0,bool,fda.inspections.history,raw/fda.inspections.history/2026/09/20260908T143434Z-548655809277.json.gz,1
fda.inspections.history,firm:3005209462,2015-02-23,2026-09-08T14:34:34Z,label,"Supernus Pharmaceuticals, Inc.",,fda.inspections.history,raw/fda.inspections.history/2026/09/20260908T143434Z-548655809277.json.gz,1
fda.inspections.history,firm:3005216842,2015-02-06,2026-09-08T14:34:34Z,classification,1,ordinal,fda.inspections.history,raw/fda.inspections.history/2026/09/20260908T143434Z-548655809277.json.gz,1
fda.inspections.history,firm:3005216842,2015-02-06,2026-09-08T14:34:34Z,firm_key,ALCHYMARS ICM SM,,fda.inspections.history,raw/fda.inspections.history/2026/09/20260908T143434Z-548655809277.json.gz,1
fda.inspections.history,firm:3005216842,2015-02-06,2026-09-08T14:34:34Z,inspected,1,count,fda.inspections.history,raw/fda.inspections.history/2026/09/20260908T143434Z-548655809277.json.gz,1
fda.inspections.history,firm:3005216842,2015-02-06,2026-09-08T14:34:34Z,inspection_end,20150206,yyyymmdd,fda.inspections.history,raw/fda.inspections.history/2026/09/20260908T143434Z-548655809277.json.gz,1
fda.inspections.history,firm:3005216842,2015-02-06,2026-09-08T14:34:34Z,is_foreign,1,bool,fda.inspections.history,raw/fda.inspections.history/2026/09/20260908T143434Z-548655809277.json.gz,1
fda.inspections.history,firm:3005216842,2015-02-06,2026-09-08T14:34:34Z,is_oai,0,bool,fda.inspections.history,raw/fda.inspections.history/2026/09/20260908T143434Z-548655809277.json.gz,1
fda.inspections.history,firm:3005216842,2015-02-06,2026-09-08T14:34:34Z,label,Alchymars ICM SM Private Limited,,fda.inspections.history,raw/fda.inspections.history/2026/09/20260908T143434Z-548655809277.json.gz,1
fda.inspections.history,firm:3005254981,2015-02-06,2026-09-08T14:34:34Z,classification,1,ordinal,fda.inspections.history,raw/fda.inspections.history/2026/09/20260908T143434Z-548655809277.json.gz,1
fda.inspections.history,firm:3005254981,2015-02-06,2026-09-08T14:34:34Z,firm_key,MSN,,fda.inspections.history,raw/fda.inspections.history/2026/09/20260908T143434Z-548655809277.json.gz,1
fda.inspections.history,firm:3005254981,2015-02-06,2026-09-08T14:34:34Z,inspected,1,count,fda.inspections.history,raw/fda.inspections.history/2026/09/20260908T143434Z-548655809277.json.gz,1
fda.inspections.history,firm:3005254981,2015-02-06,2026-09-08T14:34:34Z,inspection_end,20150206,yyyymmdd,fda.inspections.history,raw/fda.inspections.history/2026/09/20260908T143434Z-548655809277.json.gz,1
fda.inspections.history,firm:3005254981,2015-02-06,2026-09-08T14:34:34Z,is_foreign,1,bool,fda.inspections.history,raw/fda.inspections.history/2026/09/20260908T143434Z-548655809277.json.gz,1
fda.inspections.history,firm:3005254981,2015-02-06,2026-09-08T14:34:34Z,is_oai,0,bool,fda.inspections.history,raw/fda.inspections.history/2026/09/20260908T143434Z-548655809277.json.gz,1
fda.inspections.history,firm:3005254981,2015-02-06,2026-09-08T14:34:34Z,label,MSN Laboratories Private Limited,,fda.inspections.history,raw/fda.inspections.history/2026/09/20260908T143434Z-548655809277.json.gz,1
fda.inspections.history,firm:3005333808,2015-02-02,2026-09-08T14:34:34Z,classification,1,ordinal,fda.inspections.history,raw/fda.inspections.history/2026/09/20260908T143434Z-548655809277.json.gz,1
fda.inspections.history,firm:3005333808,2015-02-02,2026-09-08T14:34:34Z,firm_key,MICHAEL J KOREN MD,,fda.inspections.history,raw/fda.inspections.history/2026/09/20260908T143434Z-548655809277.json.gz,1
fda.inspections.history,firm:3005333808,2015-02-02,2026-09-08T14:34:34Z,inspected,1,count,fda.inspections.history,raw/fda.inspections.history/2026/09/20260908T143434Z-548655809277.json.gz,1
fda.inspections.history,firm:3005333808,2015-02-02,2026-09-08T14:34:34Z,inspection_end,20150202,yyyymmdd,fda.inspections.history,raw/fda.inspections.history/2026/09/20260908T143434Z-548655809277.json.gz,1
fda.inspections.history,firm:3005333808,2015-02-02,2026-09-08T14:34:34Z,is_foreign,0,bool,fda.inspections.history,raw/fda.inspections.history/2026/09/20260908T143434Z-548655809277.json.gz,1
fda.inspections.history,firm:3005333808,2015-02-02,2026-09-08T14:34:34Z,is_oai,0,bool,fda.inspections.history,raw/fda.inspections.history/2026/09/20260908T143434Z-548655809277.json.gz,1
fda.inspections.history,firm:3005333808,2015-02-02,2026-09-08T14:34:34Z,label,"Michael J. Koren, MD",,fda.inspections.history,raw/fda.inspections.history/2026/09/20260908T143434Z-548655809277.json.gz,1
fda.inspections.history,firm:3005427637,2015-02-19,2026-09-08T14:34:34Z,classification,0,ordinal,fda.inspections.history,raw/fda.inspections.history/2026/09/20260908T143434Z-548655809277.json.gz,1
fda.inspections.history,firm:3005427637,2015-02-19,2026-09-08T14:34:34Z,firm_key,MEDICHEM MANUFACTURING MALTA,,fda.inspections.history,raw/fda.inspections.history/2026/09/20260908T143434Z-548655809277.json.gz,1
fda.inspections.history,firm:3005427637,2015-02-19,2026-09-08T14:34:34Z,inspected,1,count,fda.inspections.history,raw/fda.inspections.history/2026/09/20260908T143434Z-548655809277.json.gz,1
fda.inspections.history,firm:3005427637,2015-02-19,2026-09-08T14:34:34Z,inspection_end,20150219,yyyymmdd,fda.inspections.history,raw/fda.inspections.history/2026/09/20260908T143434Z-548655809277.json.gz,1
fda.inspections.history,firm:3005427637,2015-02-19,2026-09-08T14:34:34Z,is_foreign,1,bool,fda.inspections.history,raw/fda.inspections.history/2026/09/20260908T143434Z-548655809277.json.gz,1
fda.inspections.history,firm:3005427637,2015-02-19,2026-09-08T14:34:34Z,is_oai,0,bool,fda.inspections.history,raw/fda.inspections.history/2026/09/20260908T143434Z-548655809277.json.gz,1
fda.inspections.history,firm:3005427637,2015-02-19,2026-09-08T14:34:34Z,label,Medichem Manufacturing (Malta) Ltd.,,fda.inspections.history,raw/fda.inspections.history/2026/09/20260908T143434Z-548655809277.json.gz,1
fda.inspections.history,firm:3005442229,2015-02-06,2026-09-08T14:34:34Z,classification,0,ordinal,fda.inspections.history,raw/fda.inspections.history/2026/09/20260908T143434Z-548655809277.json.gz,1
fda.inspections.history,firm:3005442229,2015-02-06,2026-09-08T14:34:34Z,firm_key,BUYERS,,fda.inspections.history,raw/fda.inspections.history/2026/09/20260908T143434Z-548655809277.json.gz,1
fda.inspections.history,firm:3005442229,2015-02-06,2026-09-08T14:34:34Z,inspected,1,count,fda.inspections.history,raw/fda.inspections.history/2026/09/20260908T143434Z-548655809277.json.gz,1
fda.inspections.history,firm:3005442229,2015-02-06,2026-09-08T14:34:34Z,inspection_end,20150206,yyyymmdd,fda.inspections.history,raw/fda.inspections.history/2026/09/20260908T143434Z-548655809277.json.gz,1
fda.inspections.history,firm:3005442229,2015-02-06,2026-09-08T14:34:34Z,is_foreign,0,bool,fda.inspections.history,raw/fda.inspections.history/2026/09/20260908T143434Z-548655809277.json.gz,1
fda.inspections.history,firm:3005442229,2015-02-06,2026-09-08T14:34:34Z,is_oai,0,bool,fda.inspections.history,raw/fda.inspections.history/2026/09/20260908T143434Z-548655809277.json.gz,1
fda.inspections.history,firm:3005442229,2015-02-06,2026-09-08T14:34:34Z,label,"Pharmaceutical Buyers, Inc.",,fda.inspections.history,raw/fda.inspections.history/2026/09/20260908T143434Z-548655809277.json.gz,1
fda.inspections.history,firm:3005472652,2015-02-03,2026-09-08T14:34:34Z,classification,2,ordinal,fda.inspections.history,raw/fda.inspections.history/2026/09/20260908T143434Z-548655809277.json.gz,1
fda.inspections.history,firm:3005472652,2015-02-03,2026-09-08T14:34:34Z,firm_key,VP PHARMACY PARTNERS,,fda.inspections.history,raw/fda.inspections.history/2026/09/20260908T143434Z-548655809277.json.gz,1
fda.inspections.history,firm:3005472652,2015-02-03,2026-09-08T14:34:34Z,inspected,1,count,fda.inspections.history,raw/fda.inspections.history/2026/09/20260908T143434Z-548655809277.json.gz,1
fda.inspections.history,firm:3005472652,2015-02-03,2026-09-08T14:34:34Z,inspection_end,20150203,yyyymmdd,fda.inspections.history,raw/fda.inspections.history/2026/09/20260908T143434Z-548655809277.json.gz,1
fda.inspections.history,firm:3005472652,2015-02-03,2026-09-08T14:34:34Z,is_foreign,0,bool,fda.inspections.history,raw/fda.inspections.history/2026/09/20260908T143434Z-548655809277.json.gz,1
fda.inspections.history,firm:3005472652,2015-02-03,2026-09-08T14:34:34Z,is_oai,1,bool,fda.inspections.history,raw/fda.inspections.history/2026/09/20260908T143434Z-548655809277.json.gz,1
fda.inspections.history,firm:3005472652,2015-02-03,2026-09-08T14:34:34Z,label,VP Pharmacy Partners LLC,,fda.inspections.history,raw/fda.inspections.history/2026/09/20260908T143434Z-548655809277.json.gz,1
fda.inspections.history,firm:3005758692,2015-02-04,2026-09-08T14:34:34Z,classification,0,ordinal,fda.inspections.history,raw/fda.inspections.history/2026/09/20260908T143434Z-548655809277.json.gz,1
fda.inspections.history,firm:3005758692,2015-02-04,2026-09-08T14:34:34Z,firm_key,ROSEDALE THERAPEUTICS,,fda.inspections.history,raw/fda.inspections.history/2026/09/20260908T143434Z-548655809277.json.gz,1
fda.inspections.history,firm:3005758692,2015-02-04,2026-09-08T14:34:34Z,inspected,1,count,fda.inspections.history,raw/fda.inspections.history/2026/09/20260908T143434Z-548655809277.json.gz,1
fda.inspections.history,firm:3005758692,2015-02-04,2026-09-08T14:34:34Z,inspection_end,20150204,yyyymmdd,fda.inspections.history,raw/fda.inspections.history/2026/09/20260908T143434Z-548655809277.json.gz,1
fda.inspections.history,firm:3005758692,2015-02-04,2026-09-08T14:34:34Z,is_foreign,0,bool,fda.inspections.history,raw/fda.inspections.history/2026/09/20260908T143434Z-548655809277.json.gz,1
fda.inspections.history,firm:3005758692,2015-02-04,2026-09-08T14:34:34Z,is_oai,0,bool,fda.inspections.history,raw/fda.inspections.history/2026/09/20260908T143434Z-548655809277.json.gz,1
fda.inspections.history,firm:3005758692,2015-02-04,2026-09-08T14:34:34Z,label,Rosedale Therapeutics,,fda.inspections.history,raw/fda.inspections.history/2026/09/20260908T143434Z-548655809277.json.gz,1
fda.inspections.history,firm:3005780067,2015-02-04,2026-09-08T14:34:34Z,classification,0,ordinal,fda.inspections.history,raw/fda.inspections.history/2026/09/20260908T143434Z-548655809277.json.gz,1
fda.inspections.history,firm:3005780067,2015-02-04,2026-09-08T14:34:34Z,firm_key,PARK IRMAT DRUG DBA IRMAT PHARMACY,,fda.inspections.history,raw/fda.inspections.history/2026/09/20260908T143434Z-548655809277.json.gz,1
fda.inspections.history,firm:3005780067,2015-02-04,2026-09-08T14:34:34Z,inspected,1,count,fda.inspections.history,raw/fda.inspections.history/2026/09/20260908T143434Z-548655809277.json.gz,1
fda.inspections.history,firm:3005780067,2015-02-04,2026-09-08T14:34:34Z,inspection_end,20150204,yyyymmdd,fda.inspections.history,raw/fda.inspections.history/2026/09/20260908T143434Z-548655809277.json.gz,1
fda.inspections.history,firm:3005780067,2015-02-04,2026-09-08T14:34:34Z,is_foreign,0,bool,fda.inspections.history,raw/fda.inspections.history/2026/09/20260908T143434Z-548655809277.json.gz,1
fda.inspections.history,firm:3005780067,2015-02-04,2026-09-08T14:34:34Z,is_oai,0,bool,fda.inspections.history,raw/fda.inspections.history/2026/09/20260908T143434Z-548655809277.json.gz,1
fda.inspections.history,firm:3005780067,2015-02-04,2026-09-08T14:34:34Z,label,"Park Irmat Drug Corp., dba Irmat Pharmacy",,fda.inspections.history,raw/fda.inspections.history/2026/09/20260908T143434Z-548655809277.json.gz,1
fda.inspections.history,firm:3005993434,2015-02-25,2026-09-08T14:34:34Z,classification,1,ordinal,fda.inspections.history,raw/fda.inspections.history/2026/09/20260908T143434Z-548655809277.json.gz,1
fda.inspections.history,firm:3005993434,2015-02-25,2026-09-08T14:34:34Z,firm_key,LYDIE L HAZAN M D,,fda.inspections.history,raw/fda.inspections.history/2026/09/20260908T143434Z-548655809277.json.gz,1
fda.inspections.history,firm:3005993434,2015-02-25,2026-09-08T14:34:34Z,inspected,1,count,fda.inspections.history,raw/fda.inspections.history/2026/09/20260908T143434Z-548655809277.json.gz,1
fda.inspections.history,firm:3005993434,2015-02-25,2026-09-08T14:34:34Z,inspection_end,20150225,yyyymmdd,fda.inspections.history,raw/fda.inspections.history/2026/09/20260908T143434Z-548655809277.json.gz,1
fda.inspections.history,firm:3005993434,2015-02-25,2026-09-08T14:34:34Z,is_foreign,0,bool,fda.inspections.history,raw/fda.inspections.history/2026/09/20260908T143434Z-548655809277.json.gz,1
fda.inspections.history,firm:3005993434,2015-02-25,2026-09-08T14:34:34Z,is_oai,0,bool,fda.inspections.history,raw/fda.inspections.history/2026/09/20260908T143434Z-548655809277.json.gz,1
fda.inspections.history,firm:3005993434,2015-02-25,2026-09-08T14:34:34Z,label,"Lydie L. Hazan, M.D.",,fda.inspections.history,raw/fda.inspections.history/2026/09/20260908T143434Z-548655809277.json.gz,1
fda.inspections.history,firm:3006015547,2015-02-19,2026-09-08T14:34:34Z,classification,1,ordinal,fda.inspections.history,raw/fda.inspections.history/2026/09/20260908T143434Z-548655809277.json.gz,1
fda.inspections.history,firm:3006015547,2015-02-19,2026-09-08T14:34:34Z,firm_key,WAGNER KFT,,fda.inspections.history,raw/fda.inspections.history/2026/09/20260908T143434Z-548655809277.json.gz,1
fda.inspections.history,firm:3006015547,2015-02-19,2026-09-08T14:34:34Z,inspected,1,count,fda.inspections.history,raw/fda.inspections.history/2026/09/20260908T143434Z-548655809277.json.gz,1
fda.inspections.history,firm:3006015547,2015-02-19,2026-09-08T14:34:34Z,inspection_end,20150219,yyyymmdd,fda.inspections.history,raw/fda.inspections.history/2026/09/20260908T143434Z-548655809277.json.gz,1
fda.inspections.history,firm:3006015547,2015-02-19,2026-09-08T14:34:34Z,is_foreign,1,bool,fda.inspections.history,raw/fda.inspections.history/2026/09/20260908T143434Z-548655809277.json.gz,1
fda.inspections.history,firm:3006015547,2015-02-19,2026-09-08T14:34:34Z,is_oai,0,bool,fda.inspections.history,raw/fda.inspections.history/2026/09/20260908T143434Z-548655809277.json.gz,1
fda.inspections.history,firm:3006015547,2015-02-19,2026-09-08T14:34:34Z,label,Wagner Pharma KFT,,fda.inspections.history,raw/fda.inspections.history/2026/09/20260908T143434Z-548655809277.json.gz,1
fda.inspections.history,firm:3006033094,2015-02-18,2026-09-08T14:34:34Z,classification,0,ordinal,fda.inspections.history,raw/fda.inspections.history/2026/09/20260908T143434Z-548655809277.json.gz,1
fda.inspections.history,firm:3006033094,2015-02-18,2026-09-08T14:34:34Z,firm_key,HALCYON,,fda.inspections.history,raw/fda.inspections.history/2026/09/20260908T143434Z-548655809277.json.gz,1
fda.inspections.history,firm:3006033094,2015-02-18,2026-09-08T14:34:34Z,inspected,1,count,fda.inspections.history,raw/fda.inspections.history/2026/09/20260908T143434Z-548655809277.json.gz,1
fda.inspections.history,firm:3006033094,2015-02-18,2026-09-08T14:34:34Z,inspection_end,20150218,yyyymmdd,fda.inspections.history,raw/fda.inspections.history/2026/09/20260908T143434Z-548655809277.json.gz,1
fda.inspections.history,firm:3006033094,2015-02-18,2026-09-08T14:34:34Z,is_foreign,1,bool,fda.inspections.history,raw/fda.inspections.history/2026/09/20260908T143434Z-548655809277.json.gz,1
fda.inspections.history,firm:3006033094,2015-02-18,2026-09-08T14:34:34Z,is_oai,0,bool,fda.inspections.history,raw/fda.inspections.history/2026/09/20260908T143434Z-548655809277.json.gz,1
fda.inspections.history,firm:3006033094,2015-02-18,2026-09-08T14:34:34Z,label,Halcyon Labs Private Limited,,fda.inspections.history,raw/fda.inspections.history/2026/09/20260908T143434Z-548655809277.json.gz,1
fda.inspections.history,firm:3006098295,2015-02-13,2026-09-08T14:34:34Z,classification,1,ordinal,fda.inspections.history,raw/fda.inspections.history/2026/09/20260908T143434Z-548655809277.json.gz,1
fda.inspections.history,firm:3006098295,2015-02-13,2026-09-08T14:34:34Z,firm_key,NURAY CHEMICALS,,fda.inspections.history,raw/fda.inspections.history/2026/09/20260908T143434Z-548655809277.json.gz,1
fda.inspections.history,firm:3006098295,2015-02-13,2026-09-08T14:34:34Z,inspected,1,count,fda.inspections.history,raw/fda.inspections.history/2026/09/20260908T143434Z-548655809277.json.gz,1
fda.inspections.history,firm:3006098295,2015-02-13,2026-09-08T14:34:34Z,inspection_end,20150213,yyyymmdd,fda.inspections.history,raw/fda.inspections.history/2026/09/20260908T143434Z-548655809277.json.gz,1
fda.inspections.history,firm:3006098295,2015-02-13,2026-09-08T14:34:34Z,is_foreign,1,bool,fda.inspections.history,raw/fda.inspections.history/2026/09/20260908T143434Z-548655809277.json.gz,1
fda.inspections.history,firm:3006098295,2015-02-13,2026-09-08T14:34:34Z,is_oai,0,bool,fda.inspections.history,raw/fda.inspections.history/2026/09/20260908T143434Z-548655809277.json.gz,1
fda.inspections.history,firm:3006098295,2015-02-13,2026-09-08T14:34:34Z,label,Nuray Chemicals Private Limited,,fda.inspections.history,raw/fda.inspections.history/2026/09/20260908T143434Z-548655809277.json.gz,1
fda.inspections.history,firm:3006104439,2015-02-06,2026-09-08T14:34:34Z,classification,0,ordinal,fda.inspections.history,raw/fda.inspections.history/2026/09/20260908T143434Z-548655809277.json.gz,1
fda.inspections.history,firm:3006104439,2015-02-06,2026-09-08T14:34:34Z,firm_key,PROPHARMA,,fda.inspections.history,raw/fda.inspections.history/2026/09/20260908T143434Z-548655809277.json.gz,1
fda.inspections.history,firm:3006104439,2015-02-06,2026-09-08T14:34:34Z,inspected,1,count,fda.inspections.history,raw/fda.inspections.history/2026/09/20260908T143434Z-548655809277.json.gz,1
fda.inspections.history,firm:3006104439,2015-02-06,2026-09-08T14:34:34Z,inspection_end,20150206,yyyymmdd,fda.inspections.history,raw/fda.inspections.history/2026/09/20260908T143434Z-548655809277.json.gz,1
fda.inspections.history,firm:3006104439,2015-02-06,2026-09-08T14:34:34Z,is_foreign,0,bool,fda.inspections.history,raw/fda.inspections.history/2026/09/20260908T143434Z-548655809277.json.gz,1
fda.inspections.history,firm:3006104439,2015-02-06,2026-09-08T14:34:34Z,is_oai,0,bool,fda.inspections.history,raw/fda.inspections.history/2026/09/20260908T143434Z-548655809277.json.gz,1
fda.inspections.history,firm:3006104439,2015-02-06,2026-09-08T14:34:34Z,label,ProPharma Group,,fda.inspections.history,raw/fda.inspections.history/2026/09/20260908T143434Z-548655809277.json.gz,1
fda.inspections.history,firm:3006406317,2015-02-12,2026-09-08T14:34:34Z,classification,2,ordinal,fda.inspections.history,raw/fda.inspections.history/2026/09/20260908T143434Z-548655809277.json.gz,1
fda.inspections.history,firm:3006406317,2015-02-12,2026-09-08T14:34:34Z,firm_key,APOTHECA SUPPLY,,fda.inspections.history,raw/fda.inspections.history/2026/09/20260908T143434Z-548655809277.json.gz,1
fda.inspections.history,firm:3006406317,2015-02-12,2026-09-08T14:34:34Z,inspected,1,count,fda.inspections.history,raw/fda.inspections.history/2026/09/20260908T143434Z-548655809277.json.gz,1
fda.inspections.history,firm:3006406317,2015-02-12,2026-09-08T14:34:34Z,inspection_end,20150212,yyyymmdd,fda.inspections.history,raw/fda.inspections.history/2026/09/20260908T143434Z-548655809277.json.gz,1
fda.inspections.history,firm:3006406317,2015-02-12,2026-09-08T14:34:34Z,is_foreign,0,bool,fda.inspections.history,raw/fda.inspections.history/2026/09/20260908T143434Z-548655809277.json.gz,1
fda.inspections.history,firm:3006406317,2015-02-12,2026-09-08T14:34:34Z,is_oai,1,bool,fda.inspections.history,raw/fda.inspections.history/2026/09/20260908T143434Z-548655809277.json.gz,1
fda.inspections.history,firm:3006406317,2015-02-12,2026-09-08T14:34:34Z,label,"Apotheca Supply, Inc",,fda.inspections.history,raw/fda.inspections.history/2026/09/20260908T143434Z-548655809277.json.gz,1
fda.inspections.history,firm:3006620783,2015-02-20,2026-09-08T14:34:34Z,classification,0,ordinal,fda.inspections.history,raw/fda.inspections.history/2026/09/20260908T143434Z-548655809277.json.gz,1
fda.inspections.history,firm:3006620783,2015-02-20,2026-09-08T14:34:34Z,firm_key,INDOCO REMEDIES,,fda.inspections.history,raw/fda.inspections.history/2026/09/20260908T143434Z-548655809277.json.gz,1
fda.inspections.history,firm:3006620783,2015-02-20,2026-09-08T14:34:34Z,inspected,1,count,fda.inspections.history,raw/fda.inspections.history/2026/09/20260908T143434Z-548655809277.json.gz,1
fda.inspections.history,firm:3006620783,2015-02-20,2026-09-08T14:34:34Z,inspection_end,20150220,yyyymmdd,fda.inspections.history,raw/fda.inspections.history/2026/09/20260908T143434Z-548655809277.json.gz,1
fda.inspections.history,firm:3006620783,2015-02-20,2026-09-08T14:34:34Z,is_foreign,1,bool,fda.inspections.history,raw/fda.inspections.history/2026/09/20260908T143434Z-548655809277.json.gz,1
fda.inspections.history,firm:3006620783,2015-02-20,2026-09-08T14:34:34Z,is_oai,0,bool,fda.inspections.history,raw/fda.inspections.history/2026/09/20260908T143434Z-548655809277.json.gz,1
fda.inspections.history,firm:3006620783,2015-02-20,2026-09-08T14:34:34Z,label,Indoco Remedies Limited,,fda.inspections.history,raw/fda.inspections.history/2026/09/20260908T143434Z-548655809277.json.gz,1
fda.inspections.history,firm:3006720740,2015-02-20,2026-09-08T14:34:34Z,classification,0,ordinal,fda.inspections.history,raw/fda.inspections.history/2026/09/20260908T143434Z-548655809277.json.gz,1
fda.inspections.history,firm:3006720740,2015-02-20,2026-09-08T14:34:34Z,classification,1,ordinal,fda.inspections.history,raw/fda.inspections.history/2026/09/20260908T143434Z-548655809277.json.gz,1
fda.inspections.history,firm:3006720740,2015-02-20,2026-09-08T14:34:34Z,firm_key,REDOX S R L,,fda.inspections.history,raw/fda.inspections.history/2026/09/20260908T143434Z-548655809277.json.gz,1
fda.inspections.history,firm:3006720740,2015-02-20,2026-09-08T14:34:34Z,inspected,1,count,fda.inspections.history,raw/fda.inspections.history/2026/09/20260908T143434Z-548655809277.json.gz,1
fda.inspections.history,firm:3006720740,2015-02-20,2026-09-08T14:34:34Z,inspection_end,20150220,yyyymmdd,fda.inspections.history,raw/fda.inspections.history/2026/09/20260908T143434Z-548655809277.json.gz,1
fda.inspections.history,firm:3006720740,2015-02-20,2026-09-08T14:34:34Z,is_foreign,1,bool,fda.inspections.history,raw/fda.inspections.history/2026/09/20260908T143434Z-548655809277.json.gz,1
fda.inspections.history,firm:3006720740,2015-02-20,2026-09-08T14:34:34Z,is_oai,0,bool,fda.inspections.history,raw/fda.inspections.history/2026/09/20260908T143434Z-548655809277.json.gz,1
fda.inspections.history,firm:3006720740,2015-02-20,2026-09-08T14:34:34Z,label,Redox S.r.l.,,fda.inspections.history,raw/fda.inspections.history/2026/09/20260908T143434Z-548655809277.json.gz,1
fda.inspections.history,firm:3007012556,2015-02-27,2026-09-08T14:34:34Z,classification,1,ordinal,fda.inspections.history,raw/fda.inspections.history/2026/09/20260908T143434Z-548655809277.json.gz,1
fda.inspections.history,firm:3007012556,2015-02-27,2026-09-08T14:34:34Z,firm_key,BIOASSAY LABOR FUR BIOLOGISCHE ANALYTIK,,fda.inspections.history,raw/fda.inspections.history/2026/09/20260908T143434Z-548655809277.json.gz,1
fda.inspections.history,firm:3007012556,2015-02-27,2026-09-08T14:34:34Z,inspected,1,count,fda.inspections.history,raw/fda.inspections.history/2026/09/20260908T143434Z-548655809277.json.gz,1
fda.inspections.history,firm:3007012556,2015-02-27,2026-09-08T14:34:34Z,inspection_end,20150227,yyyymmdd,fda.inspections.history,raw/fda.inspections.history/2026/09/20260908T143434Z-548655809277.json.gz,1
fda.inspections.history,firm:3007012556,2015-02-27,2026-09-08T14:34:34Z,is_foreign,1,bool,fda.inspections.history,raw/fda.inspections.history/2026/09/20260908T143434Z-548655809277.json.gz,1
fda.inspections.history,firm:3007012556,2015-02-27,2026-09-08T14:34:34Z,is_oai,0,bool,fda.inspections.history,raw/fda.inspections.history/2026/09/20260908T143434Z-548655809277.json.gz,1
fda.inspections.history,firm:3007012556,2015-02-27,2026-09-08T14:34:34Z,label,Bioassay - Labor fur biologische Analytik GmbH,,fda.inspections.history,raw/fda.inspections.history/2026/09/20260908T143434Z-548655809277.json.gz,1
fda.inspections.history,firm:3007056630,2015-02-27,2026-09-08T14:34:34Z,classification,1,ordinal,fda.inspections.history,raw/fda.inspections.history/2026/09/20260908T143434Z-548655809277.json.gz,1
fda.inspections.history,firm:3007056630,2015-02-27,2026-09-08T14:34:34Z,firm_key,FOX WEB STORES,,fda.inspections.history,raw/fda.inspections.history/2026/09/20260908T143434Z-548655809277.json.gz,1
fda.inspections.history,firm:3007056630,2015-02-27,2026-09-08T14:34:34Z,inspected,1,count,fda.inspections.history,raw/fda.inspections.history/2026/09/20260908T143434Z-548655809277.json.gz,1
fda.inspections.history,firm:3007056630,2015-02-27,2026-09-08T14:34:34Z,inspection_end,20150227,yyyymmdd,fda.inspections.history,raw/fda.inspections.history/2026/09/20260908T143434Z-548655809277.json.gz,1
fda.inspections.history,firm:3007056630,2015-02-27,2026-09-08T14:34:34Z,is_foreign,0,bool,fda.inspections.history,raw/fda.inspections.history/2026/09/20260908T143434Z-548655809277.json.gz,1
fda.inspections.history,firm:3007056630,2015-02-27,2026-09-08T14:34:34Z,is_oai,0,bool,fda.inspections.history,raw/fda.inspections.history/2026/09/20260908T143434Z-548655809277.json.gz,1
fda.inspections.history,firm:3007056630,2015-02-27,2026-09-08T14:34:34Z,label,Fox Web Stores LLC,,fda.inspections.history,raw/fda.inspections.history/2026/09/20260908T143434Z-548655809277.json.gz,1
fda.inspections.history,firm:3007058211,2015-02-10,2026-09-08T14:34:34Z,classification,1,ordinal,fda.inspections.history,raw/fda.inspections.history/2026/09/20260908T143434Z-548655809277.json.gz,1
fda.inspections.history,firm:3007058211,2015-02-10,2026-09-08T14:34:34Z,firm_key,EXCEL VISION,,fda.inspections.history,raw/fda.inspections.history/2026/09/20260908T143434Z-548655809277.json.gz,1
fda.inspections.history,firm:3007058211,2015-02-10,2026-09-08T14:34:34Z,inspected,1,count,fda.inspections.history,raw/fda.inspections.history/2026/09/20260908T143434Z-548655809277.json.gz,1
fda.inspections.history,firm:3007058211,2015-02-10,2026-09-08T14:34:34Z,inspection_end,20150210,yyyymmdd,fda.inspections.history,raw/fda.inspections.history/2026/09/20260908T143434Z-548655809277.json.gz,1
fda.inspections.history,firm:3007058211,2015-02-10,2026-09-08T14:34:34Z,is_foreign,1,bool,fda.inspections.history,raw/fda.inspections.history/2026/09/20260908T143434Z-548655809277.json.gz,1
fda.inspections.history,firm:3007058211,2015-02-10,2026-09-08T14:34:34Z,is_oai,0,bool,fda.inspections.history,raw/fda.inspections.history/2026/09/20260908T143434Z-548655809277.json.gz,1
fda.inspections.history,firm:3007058211,2015-02-10,2026-09-08T14:34:34Z,label,Excel Vision,,fda.inspections.history,raw/fda.inspections.history/2026/09/20260908T143434Z-548655809277.json.gz,1
fda.inspections.history,firm:3007068182,2015-02-04,2026-09-08T14:34:34Z,classification,1,ordinal,fda.inspections.history,raw/fda.inspections.history/2026/09/20260908T143434Z-548655809277.json.gz,1
fda.inspections.history,firm:3007068182,2015-02-04,2026-09-08T14:34:34Z,firm_key,FOREVERGREEN,,fda.inspections.history,raw/fda.inspections.history/2026/09/20260908T143434Z-548655809277.json.gz,1
fda.inspections.history,firm:3007068182,2015-02-04,2026-09-08T14:34:34Z,inspected,1,count,fda.inspections.history,raw/fda.inspections.history/2026/09/20260908T143434Z-548655809277.json.gz,1
fda.inspections.history,firm:3007068182,2015-02-04,2026-09-08T14:34:34Z,inspection_end,20150204,yyyymmdd,fda.inspections.history,raw/fda.inspections.history/2026/09/20260908T143434Z-548655809277.json.gz,1
fda.inspections.history,firm:3007068182,2015-02-04,2026-09-08T14:34:34Z,is_foreign,0,bool,fda.inspections.history,raw/fda.inspections.history/2026/09/20260908T143434Z-548655809277.json.gz,1
fda.inspections.history,firm:3007068182,2015-02-04,2026-09-08T14:34:34Z,is_oai,0,bool,fda.inspections.history,raw/fda.inspections.history/2026/09/20260908T143434Z-548655809277.json.gz,1
fda.inspections.history,firm:3007068182,2015-02-04,2026-09-08T14:34:34Z,label,"ForeverGreen International, LLC",,fda.inspections.history,raw/fda.inspections.history/2026/09/20260908T143434Z-548655809277.json.gz,1
fda.inspections.history,firm:3007114409,2015-02-14,2026-09-08T14:34:34Z,classification,0,ordinal,fda.inspections.history,raw/fda.inspections.history/2026/09/20260908T143434Z-548655809277.json.gz,1
fda.inspections.history,firm:3007114409,2015-02-14,2026-09-08T14:34:34Z,firm_key,RONALD L BRENNER MD,,fda.inspections.history,raw/fda.inspections.history/2026/09/20260908T143434Z-548655809277.json.gz,1
fda.inspections.history,firm:3007114409,2015-02-14,2026-09-08T14:34:34Z,inspected,1,count,fda.inspections.history,raw/fda.inspections.history/2026/09/20260908T143434Z-548655809277.json.gz,1
fda.inspections.history,firm:3007114409,2015-02-14,2026-09-08T14:34:34Z,inspection_end,20150214,yyyymmdd,fda.inspections.history,raw/fda.inspections.history/2026/09/20260908T143434Z-548655809277.json.gz,1
fda.inspections.history,firm:3007114409,2015-02-14,2026-09-08T14:34:34Z,is_foreign,0,bool,fda.inspections.history,raw/fda.inspections.history/2026/09/20260908T143434Z-548655809277.json.gz,1
fda.inspections.history,firm:3007114409,2015-02-14,2026-09-08T14:34:34Z,is_oai,0,bool,fda.inspections.history,raw/fda.inspections.history/2026/09/20260908T143434Z-548655809277.json.gz,1
fda.inspections.history,firm:3007114409,2015-02-14,2026-09-08T14:34:34Z,label,"RONALD L. BRENNER, MD",,fda.inspections.history,raw/fda.inspections.history/2026/09/20260908T143434Z-548655809277.json.gz,1
fda.inspections.history,firm:3007353245,2015-02-20,2026-09-08T14:34:34Z,classification,0,ordinal,fda.inspections.history,raw/fda.inspections.history/2026/09/20260908T143434Z-548655809277.json.gz,1
fda.inspections.history,firm:3007353245,2015-02-20,2026-09-08T14:34:34Z,firm_key,CARDINAL HEALTH 414,,fda.inspections.history,raw/fda.inspections.history/2026/09/20260908T143434Z-548655809277.json.gz,1
fda.inspections.history,firm:3007353245,2015-02-20,2026-09-08T14:34:34Z,inspected,1,count,fda.inspections.history,raw/fda.inspections.history/2026/09/20260908T143434Z-548655809277.json.gz,1
fda.inspections.history,firm:3007353245,2015-02-20,2026-09-08T14:34:34Z,inspection_end,20150220,yyyymmdd,fda.inspections.history,raw/fda.inspections.history/2026/09/20260908T143434Z-548655809277.json.gz,1
fda.inspections.history,firm:3007353245,2015-02-20,2026-09-08T14:34:34Z,is_foreign,0,bool,fda.inspections.history,raw/fda.inspections.history/2026/09/20260908T143434Z-548655809277.json.gz,1
fda.inspections.history,firm:3007353245,2015-02-20,2026-09-08T14:34:34Z,is_oai,0,bool,fda.inspections.history,raw/fda.inspections.history/2026/09/20260908T143434Z-548655809277.json.gz,1
fda.inspections.history,firm:3007353245,2015-02-20,2026-09-08T14:34:34Z,label,"Cardinal Health 414, LLC",,fda.inspections.history,raw/fda.inspections.history/2026/09/20260908T143434Z-548655809277.json.gz,1
fda.inspections.history,firm:3007416724,2015-02-03,2026-09-08T14:34:34Z,classification,0,ordinal,fda.inspections.history,raw/fda.inspections.history/2026/09/20260908T143434Z-548655809277.json.gz,1
fda.inspections.history,firm:3007416724,2015-02-03,2026-09-08T14:34:34Z,firm_key,RED BALL OXYGEN,,fda.inspections.history,raw/fda.inspections.history/2026/09/20260908T143434Z-548655809277.json.gz,1
fda.inspections.history,firm:3007416724,2015-02-03,2026-09-08T14:34:34Z,inspected,1,count,fda.inspections.history,raw/fda.inspections.history/2026/09/20260908T143434Z-548655809277.json.gz,1
fda.inspections.history,firm:3007416724,2015-02-03,2026-09-08T14:34:34Z,inspection_end,20150203,yyyymmdd,fda.inspections.history,raw/fda.inspections.history/2026/09/20260908T143434Z-548655809277.json.gz,1
fda.inspections.history,firm:3007416724,2015-02-03,2026-09-08T14:34:34Z,is_foreign,0,bool,fda.inspections.history,raw/fda.inspections.history/2026/09/20260908T143434Z-548655809277.json.gz,1
fda.inspections.history,firm:3007416724,2015-02-03,2026-09-08T14:34:34Z,is_oai,0,bool,fda.inspections.history,raw/fda.inspections.history/2026/09/20260908T143434Z-548655809277.json.gz,1
fda.inspections.history,firm:3007416724,2015-02-03,2026-09-08T14:34:34Z,label,Red Ball Oxygen Co Inc,,fda.inspections.history,raw/fda.inspections.history/2026/09/20260908T143434Z-548655809277.json.gz,1
fda.inspections.history,firm:3007512701,2015-02-13,2026-09-08T14:34:34Z,classification,2,ordinal,fda.inspections.history,raw/fda.inspections.history/2026/09/20260908T143434Z-548655809277.json.gz,1
fda.inspections.history,firm:3007512701,2015-02-13,2026-09-08T14:34:34Z,firm_key,MYLAN,,fda.inspections.history,raw/fda.inspections.history/2026/09/20260908T143434Z-548655809277.json.gz,1
fda.inspections.history,firm:3007512701,2015-02-13,2026-09-08T14:34:34Z,inspected,1,count,fda.inspections.history,raw/fda.inspections.history/2026/09/20260908T143434Z-548655809277.json.gz,1
fda.inspections.history,firm:3007512701,2015-02-13,2026-09-08T14:34:34Z,inspection_end,20150213,yyyymmdd,fda.inspections.history,raw/fda.inspections.history/2026/09/20260908T143434Z-548655809277.json.gz,1
fda.inspections.history,firm:3007512701,2015-02-13,2026-09-08T14:34:34Z,is_foreign,1,bool,fda.inspections.history,raw/fda.inspections.history/2026/09/20260908T143434Z-548655809277.json.gz,1
fda.inspections.history,firm:3007512701,2015-02-13,2026-09-08T14:34:34Z,is_oai,1,bool,fda.inspections.history,raw/fda.inspections.history/2026/09/20260908T143434Z-548655809277.json.gz,1
fda.inspections.history,firm:3007512701,2015-02-13,2026-09-08T14:34:34Z,label,Mylan Laboratories Limited,,fda.inspections.history,raw/fda.inspections.history/2026/09/20260908T143434Z-548655809277.json.gz,1
fda.inspections.history,firm:3007525397,2015-02-02,2026-09-08T14:34:34Z,classification,0,ordinal,fda.inspections.history,raw/fda.inspections.history/2026/09/20260908T143434Z-548655809277.json.gz,1
fda.inspections.history,firm:3007525397,2015-02-02,2026-09-08T14:34:34Z,firm_key,UNICHEM USA,,fda.inspections.history,raw/fda.inspections.history/2026/09/20260908T143434Z-548655809277.json.gz,1
fda.inspections.history,firm:3007525397,2015-02-02,2026-09-08T14:34:34Z,inspected,1,count,fda.inspections.history,raw/fda.inspections.history/2026/09/20260908T143434Z-548655809277.json.gz,1
fda.inspections.history,firm:3007525397,2015-02-02,2026-09-08T14:34:34Z,inspection_end,20150202,yyyymmdd,fda.inspections.history,raw/fda.inspections.history/2026/09/20260908T143434Z-548655809277.json.gz,1
fda.inspections.history,firm:3007525397,2015-02-02,2026-09-08T14:34:34Z,is_foreign,0,bool,fda.inspections.history,raw/fda.inspections.history/2026/09/20260908T143434Z-548655809277.json.gz,1
fda.inspections.history,firm:3007525397,2015-02-02,2026-09-08T14:34:34Z,is_oai,0,bool,fda.inspections.history,raw/fda.inspections.history/2026/09/20260908T143434Z-548655809277.json.gz,1
fda.inspections.history,firm:3007525397,2015-02-02,2026-09-08T14:34:34Z,label,Unichem Pharmaceuticals Usa Inc,,fda.inspections.history,raw/fda.inspections.history/2026/09/20260908T143434Z-548655809277.json.gz,1
fda.inspections.history,firm:3007647000,2015-02-13,2026-09-08T14:34:34Z,classification,1,ordinal,fda.inspections.history,raw/fda.inspections.history/2026/09/20260908T143434Z-548655809277.json.gz,1
fda.inspections.history,firm:3007647000,2015-02-13,2026-09-08T14:34:34Z,firm_key,NOVO NORDISK PRODUCTION BELGIUM,,fda.inspections.history,raw/fda.inspections.history/2026/09/20260908T143434Z-548655809277.json.gz,1
fda.inspections.history,firm:3007647000,2015-02-13,2026-09-08T14:34:34Z,inspected,1,count,fda.inspections.history,raw/fda.inspections.history/2026/09/20260908T143434Z-548655809277.json.gz,1
fda.inspections.history,firm:3007647000,2015-02-13,2026-09-08T14:34:34Z,inspection_end,20150213,yyyymmdd,fda.inspections.history,raw/fda.inspections.history/2026/09/20260908T143434Z-548655809277.json.gz,1
fda.inspections.history,firm:3007647000,2015-02-13,2026-09-08T14:34:34Z,is_foreign,1,bool,fda.inspections.history,raw/fda.inspections.history/2026/09/20260908T143434Z-548655809277.json.gz,1
fda.inspections.history,firm:3007647000,2015-02-13,2026-09-08T14:34:34Z,is_oai,0,bool,fda.inspections.history,raw/fda.inspections.history/2026/09/20260908T143434Z-548655809277.json.gz,1
fda.inspections.history,firm:3007647000,2015-02-13,2026-09-08T14:34:34Z,label,Novo Nordisk Production Belgium SA,,fda.inspections.history,raw/fda.inspections.history/2026/09/20260908T143434Z-548655809277.json.gz,1
fda.inspections.history,firm:3007775304,2015-02-20,2026-09-08T14:34:34Z,classification,0,ordinal,fda.inspections.history,raw/fda.inspections.history/2026/09/20260908T143434Z-548655809277.json.gz,1
fda.inspections.history,firm:3007775304,2015-02-20,2026-09-08T14:34:34Z,firm_key,MARY ELLEN TAPLIN MD,,fda.inspections.history,raw/fda.inspections.history/2026/09/20260908T143434Z-548655809277.json.gz,1
fda.inspections.history,firm:3007775304,2015-02-20,2026-09-08T14:34:34Z,inspected,1,count,fda.inspections.history,raw/fda.inspections.history/2026/09/20260908T143434Z-548655809277.json.gz,1
fda.inspections.history,firm:3007775304,2015-02-20,2026-09-08T14:34:34Z,inspection_end,20150220,yyyymmdd,fda.inspections.history,raw/fda.inspections.history/2026/09/20260908T143434Z-548655809277.json.gz,1
fda.inspections.history,firm:3007775304,2015-02-20,2026-09-08T14:34:34Z,is_foreign,0,bool,fda.inspections.history,raw/fda.inspections.history/2026/09/20260908T143434Z-548655809277.json.gz,1
fda.inspections.history,firm:3007775304,2015-02-20,2026-09-08T14:34:34Z,is_oai,0,bool,fda.inspections.history,raw/fda.inspections.history/2026/09/20260908T143434Z-548655809277.json.gz,1
fda.inspections.history,firm:3007775304,2015-02-20,2026-09-08T14:34:34Z,label,"Mary-Ellen Taplin, MD",,fda.inspections.history,raw/fda.inspections.history/2026/09/20260908T143434Z-548655809277.json.gz,1
fda.inspections.history,firm:3007938603,2015-02-27,2026-09-08T14:34:34Z,classification,1,ordinal,fda.inspections.history,raw/fda.inspections.history/2026/09/20260908T143434Z-548655809277.json.gz,1
fda.inspections.history,firm:3007938603,2015-02-27,2026-09-08T14:34:34Z,firm_key,ZYDUS LIFESCIENCES,,fda.inspections.history,raw/fda.inspections.history/2026/09/20260908T143434Z-548655809277.json.gz,1
fda.inspections.history,firm:3007938603,2015-02-27,2026-09-08T14:34:34Z,inspected,1,count,fda.inspections.history,raw/fda.inspections.history/2026/09/20260908T143434Z-548655809277.json.gz,1
fda.inspections.history,firm:3007938603,2015-02-27,2026-09-08T14:34:34Z,inspection_end,20150227,yyyymmdd,fda.inspections.history,raw/fda.inspections.history/2026/09/20260908T143434Z-548655809277.json.gz,1
fda.inspections.history,firm:3007938603,2015-02-27,2026-09-08T14:34:34Z,is_foreign,1,bool,fda.inspections.history,raw/fda.inspections.history/2026/09/20260908T143434Z-548655809277.json.gz,1
fda.inspections.history,firm:3007938603,2015-02-27,2026-09-08T14:34:34Z,is_oai,0,bool,fda.inspections.history,raw/fda.inspections.history/2026/09/20260908T143434Z-548655809277.json.gz,1
fda.inspections.history,firm:3007938603,2015-02-27,2026-09-08T14:34:34Z,label,Zydus Lifesciences Limited,,fda.inspections.history,raw/fda.inspections.history/2026/09/20260908T143434Z-548655809277.json.gz,1
fda.inspections.history,firm:3007981449,2015-02-13,2026-09-08T14:34:34Z,classification,1,ordinal,fda.inspections.history,raw/fda.inspections.history/2026/09/20260908T143434Z-548655809277.json.gz,1
fda.inspections.history,firm:3007981449,2015-02-13,2026-09-08T14:34:34Z,firm_key,AAK SWEDEN,,fda.inspections.history,raw/fda.inspections.history/2026/09/20260908T143434Z-548655809277.json.gz,1
fda.inspections.history,firm:3007981449,2015-02-13,2026-09-08T14:34:34Z,inspected,1,count,fda.inspections.history,raw/fda.inspections.history/2026/09/20260908T143434Z-548655809277.json.gz,1
fda.inspections.history,firm:3007981449,2015-02-13,2026-09-08T14:34:34Z,inspection_end,20150213,yyyymmdd,fda.inspections.history,raw/fda.inspections.history/2026/09/20260908T143434Z-548655809277.json.gz,1
fda.inspections.history,firm:3007981449,2015-02-13,2026-09-08T14:34:34Z,is_foreign,1,bool,fda.inspections.history,raw/fda.inspections.history/2026/09/20260908T143434Z-548655809277.json.gz,1
fda.inspections.history,firm:3007981449,2015-02-13,2026-09-08T14:34:34Z,is_oai,0,bool,fda.inspections.history,raw/fda.inspections.history/2026/09/20260908T143434Z-548655809277.json.gz,1
fda.inspections.history,firm:3007981449,2015-02-13,2026-09-08T14:34:34Z,label,AAK Sweden AB,,fda.inspections.history,raw/fda.inspections.history/2026/09/20260908T143434Z-548655809277.json.gz,1
fda.inspections.history,firm:3008013027,2015-02-27,2026-09-08T14:34:34Z,classification,0,ordinal,fda.inspections.history,raw/fda.inspections.history/2026/09/20260908T143434Z-548655809277.json.gz,1
fda.inspections.history,firm:3008013027,2015-02-27,2026-09-08T14:34:34Z,firm_key,NEAL D SHORE M D,,fda.inspections.history,raw/fda.inspections.history/2026/09/20260908T143434Z-548655809277.json.gz,1
fda.inspections.history,firm:3008013027,2015-02-27,2026-09-08T14:34:34Z,inspected,1,count,fda.inspections.history,raw/fda.inspections.history/2026/09/20260908T143434Z-548655809277.json.gz,1
fda.inspections.history,firm:3008013027,2015-02-27,2026-09-08T14:34:34Z,inspection_end,20150227,yyyymmdd,fda.inspections.history,raw/fda.inspections.history/2026/09/20260908T143434Z-548655809277.json.gz,1
fda.inspections.history,firm:3008013027,2015-02-27,2026-09-08T14:34:34Z,is_foreign,0,bool,fda.inspections.history,raw/fda.inspections.history/2026/09/20260908T143434Z-548655809277.json.gz,1
fda.inspections.history,firm:3008013027,2015-02-27,2026-09-08T14:34:34Z,is_oai,0,bool,fda.inspections.history,raw/fda.inspections.history/2026/09/20260908T143434Z-548655809277.json.gz,1
fda.inspections.history,firm:3008013027,2015-02-27,2026-09-08T14:34:34Z,label,"Neal D. Shore, M.D.",,fda.inspections.history,raw/fda.inspections.history/2026/09/20260908T143434Z-548655809277.json.gz,1
fda.inspections.history,firm:3008058540,2015-02-05,2026-09-08T14:34:34Z,classification,1,ordinal,fda.inspections.history,raw/fda.inspections.history/2026/09/20260908T143434Z-548655809277.json.gz,1
fda.inspections.history,firm:3008058540,2015-02-05,2026-09-08T14:34:34Z,firm_key,INFUPHARMA D B A PRESIDENT PHARMACY,,fda.inspections.history,raw/fda.inspections.history/2026/09/20260908T143434Z-548655809277.json.gz,1
fda.inspections.history,firm:3008058540,2015-02-05,2026-09-08T14:34:34Z,inspected,1,count,fda.inspections.history,raw/fda.inspections.history/2026/09/20260908T143434Z-548655809277.json.gz,1
fda.inspections.history,firm:3008058540,2015-02-05,2026-09-08T14:34:34Z,inspection_end,20150205,yyyymmdd,fda.inspections.history,raw/fda.inspections.history/2026/09/20260908T143434Z-548655809277.json.gz,1
fda.inspections.history,firm:3008058540,2015-02-05,2026-09-08T14:34:34Z,is_foreign,0,bool,fda.inspections.history,raw/fda.inspections.history/2026/09/20260908T143434Z-548655809277.json.gz,1
fda.inspections.history,firm:3008058540,2015-02-05,2026-09-08T14:34:34Z,is_oai,0,bool,fda.inspections.history,raw/fda.inspections.history/2026/09/20260908T143434Z-548655809277.json.gz,1
fda.inspections.history,firm:3008058540,2015-02-05,2026-09-08T14:34:34Z,label,Infupharma LLC d.b.a. President Pharmacy,,fda.inspections.history,raw/fda.inspections.history/2026/09/20260908T143434Z-548655809277.json.gz,1
fda.inspections.history,firm:3008248967,2015-02-06,2026-09-08T14:34:34Z,classification,1,ordinal,fda.inspections.history,raw/fda.inspections.history/2026/09/20260908T143434Z-548655809277.json.gz,1
fda.inspections.history,firm:3008248967,2015-02-06,2026-09-08T14:34:34Z,firm_key,PHARMAZELL INDIA,,fda.inspections.history,raw/fda.inspections.history/2026/09/20260908T143434Z-548655809277.json.gz,1
fda.inspections.history,firm:3008248967,2015-02-06,2026-09-08T14:34:34Z,inspected,1,count,fda.inspections.history,raw/fda.inspections.history/2026/09/20260908T143434Z-548655809277.json.gz,1
fda.inspections.history,firm:3008248967,2015-02-06,2026-09-08T14:34:34Z,inspection_end,20150206,yyyymmdd,fda.inspections.history,raw/fda.inspections.history/2026/09/20260908T143434Z-548655809277.json.gz,1
fda.inspections.history,firm:3008248967,2015-02-06,2026-09-08T14:34:34Z,is_foreign,1,bool,fda.inspections.history,raw/fda.inspections.history/2026/09/20260908T143434Z-548655809277.json.gz,1
fda.inspections.history,firm:3008248967,2015-02-06,2026-09-08T14:34:34Z,is_oai,0,bool,fda.inspections.history,raw/fda.inspections.history/2026/09/20260908T143434Z-548655809277.json.gz,1
fda.inspections.history,firm:3008248967,2015-02-06,2026-09-08T14:34:34Z,label,Pharmazell (India) Private Ltd,,fda.inspections.history,raw/fda.inspections.history/2026/09/20260908T143434Z-548655809277.json.gz,1
fda.inspections.history,firm:3008250894,2015-02-13,2026-09-08T14:34:34Z,classification,0,ordinal,fda.inspections.history,raw/fda.inspections.history/2026/09/20260908T143434Z-548655809277.json.gz,1
fda.inspections.history,firm:3008250894,2015-02-13,2026-09-08T14:34:34Z,firm_key,RAKS,,fda.inspections.history,raw/fda.inspections.history/2026/09/20260908T143434Z-548655809277.json.gz,1
fda.inspections.history,firm:3008250894,2015-02-13,2026-09-08T14:34:34Z,inspected,1,count,fda.inspections.history,raw/fda.inspections.history/2026/09/20260908T143434Z-548655809277.json.gz,1
fda.inspections.history,firm:3008250894,2015-02-13,2026-09-08T14:34:34Z,inspection_end,20150213,yyyymmdd,fda.inspections.history,raw/fda.inspections.history/2026/09/20260908T143434Z-548655809277.json.gz,1
fda.inspections.history,firm:3008250894,2015-02-13,2026-09-08T14:34:34Z,is_foreign,1,bool,fda.inspections.history,raw/fda.inspections.history/2026/09/20260908T143434Z-548655809277.json.gz,1
fda.inspections.history,firm:3008250894,2015-02-13,2026-09-08T14:34:34Z,is_oai,0,bool,fda.inspections.history,raw/fda.inspections.history/2026/09/20260908T143434Z-548655809277.json.gz,1
fda.inspections.history,firm:3008250894,2015-02-13,2026-09-08T14:34:34Z,label,Raks Pharma Pvt. Limited,,fda.inspections.history,raw/fda.inspections.history/2026/09/20260908T143434Z-548655809277.json.gz,1
fda.inspections.history,firm:3008302705,2015-02-12,2026-09-08T14:34:34Z,classification,1,ordinal,fda.inspections.history,raw/fda.inspections.history/2026/09/20260908T143434Z-548655809277.json.gz,1
fda.inspections.history,firm:3008302705,2015-02-12,2026-09-08T14:34:34Z,firm_key,N MOLECULAR,,fda.inspections.history,raw/fda.inspections.history/2026/09/20260908T143434Z-548655809277.json.gz,1
fda.inspections.history,firm:3008302705,2015-02-12,2026-09-08T14:34:34Z,inspected,1,count,fda.inspections.history,raw/fda.inspections.history/2026/09/20260908T143434Z-548655809277.json.gz,1
fda.inspections.history,firm:3008302705,2015-02-12,2026-09-08T14:34:34Z,inspection_end,20150212,yyyymmdd,fda.inspections.history,raw/fda.inspections.history/2026/09/20260908T143434Z-548655809277.json.gz,1
fda.inspections.history,firm:3008302705,2015-02-12,2026-09-08T14:34:34Z,is_foreign,0,bool,fda.inspections.history,raw/fda.inspections.history/2026/09/20260908T143434Z-548655809277.json.gz,1
fda.inspections.history,firm:3008302705,2015-02-12,2026-09-08T14:34:34Z,is_oai,0,bool,fda.inspections.history,raw/fda.inspections.history/2026/09/20260908T143434Z-548655809277.json.gz,1
fda.inspections.history,firm:3008302705,2015-02-12,2026-09-08T14:34:34Z,label,"N-Molecular, Inc.",,fda.inspections.history,raw/fda.inspections.history/2026/09/20260908T143434Z-548655809277.json.gz,1
fda.inspections.history,firm:3008316085,2015-02-25,2026-09-08T14:34:34Z,classification,1,ordinal,fda.inspections.history,raw/fda.inspections.history/2026/09/20260908T143434Z-548655809277.json.gz,1
fda.inspections.history,firm:3008316085,2015-02-25,2026-09-08T14:34:34Z,firm_key,PFIZER HEALTHCARE INDIA,,fda.inspections.history,raw/fda.inspections.history/2026/09/20260908T143434Z-548655809277.json.gz,1
fda.inspections.history,firm:3008316085,2015-02-25,2026-09-08T14:34:34Z,inspected,1,count,fda.inspections.history,raw/fda.inspections.history/2026/09/20260908T143434Z-548655809277.json.gz,1
fda.inspections.history,firm:3008316085,2015-02-25,2026-09-08T14:34:34Z,inspection_end,20150225,yyyymmdd,fda.inspections.history,raw/fda.inspections.history/2026/09/20260908T143434Z-548655809277.json.gz,1
fda.inspections.history,firm:3008316085,2015-02-25,2026-09-08T14:34:34Z,is_foreign,1,bool,fda.inspections.history,raw/fda.inspections.history/2026/09/20260908T143434Z-548655809277.json.gz,1
fda.inspections.history,firm:3008316085,2015-02-25,2026-09-08T14:34:34Z,is_oai,0,bool,fda.inspections.history,raw/fda.inspections.history/2026/09/20260908T143434Z-548655809277.json.gz,1
fda.inspections.history,firm:3008316085,2015-02-25,2026-09-08T14:34:34Z,label,Pfizer Healthcare India Private Limited,,fda.inspections.history,raw/fda.inspections.history/2026/09/20260908T143434Z-548655809277.json.gz,1
fda.inspections.history,firm:3008386908,2015-02-04,2026-09-08T14:34:34Z,classification,1,ordinal,fda.inspections.history,raw/fda.inspections.history/2026/09/20260908T143434Z-548655809277.json.gz,1
fda.inspections.history,firm:3008386908,2015-02-04,2026-09-08T14:34:34Z,firm_key,GLAND CHEMICALS,,fda.inspections.history,raw/fda.inspections.history/2026/09/20260908T143434Z-548655809277.json.gz,1
fda.inspections.history,firm:3008386908,2015-02-04,2026-09-08T14:34:34Z,inspected,1,count,fda.inspections.history,raw/fda.inspections.history/2026/09/20260908T143434Z-548655809277.json.gz,1
fda.inspections.history,firm:3008386908,2015-02-04,2026-09-08T14:34:34Z,inspection_end,20150204,yyyymmdd,fda.inspections.history,raw/fda.inspections.history/2026/09/20260908T143434Z-548655809277.json.gz,1
fda.inspections.history,firm:3008386908,2015-02-04,2026-09-08T14:34:34Z,is_foreign,1,bool,fda.inspections.history,raw/fda.inspections.history/2026/09/20260908T143434Z-548655809277.json.gz,1
fda.inspections.history,firm:3008386908,2015-02-04,2026-09-08T14:34:34Z,is_oai,0,bool,fda.inspections.history,raw/fda.inspections.history/2026/09/20260908T143434Z-548655809277.json.gz,1
fda.inspections.history,firm:3008386908,2015-02-04,2026-09-08T14:34:34Z,label,Gland Chemicals Private Limited,,fda.inspections.history,raw/fda.inspections.history/2026/09/20260908T143434Z-548655809277.json.gz,1
fda.inspections.history,firm:3008431846,2015-02-03,2026-09-08T14:34:34Z,classification,1,ordinal,fda.inspections.history,raw/fda.inspections.history/2026/09/20260908T143434Z-548655809277.json.gz,1
fda.inspections.history,firm:3008431846,2015-02-03,2026-09-08T14:34:34Z,firm_key,SHELLY L DUNMYER MD,,fda.inspections.history,raw/fda.inspections.history/2026/09/20260908T143434Z-548655809277.json.gz,1
fda.inspections.history,firm:3008431846,2015-02-03,2026-09-08T14:34:34Z,inspected,1,count,fda.inspections.history,raw/fda.inspections.history/2026/09/20260908T143434Z-548655809277.json.gz,1
fda.inspections.history,firm:3008431846,2015-02-03,2026-09-08T14:34:34Z,inspection_end,20150203,yyyymmdd,fda.inspections.history,raw/fda.inspections.history/2026/09/20260908T143434Z-548655809277.json.gz,1
fda.inspections.history,firm:3008431846,2015-02-03,2026-09-08T14:34:34Z,is_foreign,0,bool,fda.inspections.history,raw/fda.inspections.history/2026/09/20260908T143434Z-548655809277.json.gz,1
fda.inspections.history,firm:3008431846,2015-02-03,2026-09-08T14:34:34Z,is_oai,0,bool,fda.inspections.history,raw/fda.inspections.history/2026/09/20260908T143434Z-548655809277.json.gz,1
fda.inspections.history,firm:3008431846,2015-02-03,2026-09-08T14:34:34Z,label,Shelly L Dunmyer MD,,fda.inspections.history,raw/fda.inspections.history/2026/09/20260908T143434Z-548655809277.json.gz,1
fda.inspections.history,firm:3008481150,2015-02-12,2026-09-08T14:34:34Z,classification,0,ordinal,fda.inspections.history,raw/fda.inspections.history/2026/09/20260908T143434Z-548655809277.json.gz,1
fda.inspections.history,firm:3008481150,2015-02-12,2026-09-08T14:34:34Z,firm_key,DR DAVID ERIC BOLSTER,,fda.inspections.history,raw/fda.inspections.history/2026/09/20260908T143434Z-548655809277.json.gz,1
fda.inspections.history,firm:3008481150,2015-02-12,2026-09-08T14:34:34Z,inspected,1,count,fda.inspections.history,raw/fda.inspections.history/2026/09/20260908T143434Z-548655809277.json.gz,1
fda.inspections.history,firm:3008481150,2015-02-12,2026-09-08T14:34:34Z,inspection_end,20150212,yyyymmdd,fda.inspections.history,raw/fda.inspections.history/2026/09/20260908T143434Z-548655809277.json.gz,1
fda.inspections.history,firm:3008481150,2015-02-12,2026-09-08T14:34:34Z,is_foreign,0,bool,fda.inspections.history,raw/fda.inspections.history/2026/09/20260908T143434Z-548655809277.json.gz,1
fda.inspections.history,firm:3008481150,2015-02-12,2026-09-08T14:34:34Z,is_oai,0,bool,fda.inspections.history,raw/fda.inspections.history/2026/09/20260908T143434Z-548655809277.json.gz,1
fda.inspections.history,firm:3008481150,2015-02-12,2026-09-08T14:34:34Z,label,Dr. David Eric Bolster,,fda.inspections.history,raw/fda.inspections.history/2026/09/20260908T143434Z-548655809277.json.gz,1
fda.inspections.history,firm:3008585532,2015-02-23,2026-09-08T14:34:34Z,classification,1,ordinal,fda.inspections.history,raw/fda.inspections.history/2026/09/20260908T143434Z-548655809277.json.gz,1
fda.inspections.history,firm:3008585532,2015-02-23,2026-09-08T14:34:34Z,firm_key,BENEFICIAL SOLUTIONS,,fda.inspections.history,raw/fda.inspections.history/2026/09/20260908T143434Z-548655809277.json.gz,1
fda.inspections.history,firm:3008585532,2015-02-23,2026-09-08T14:34:34Z,inspected,1,count,fda.inspections.history,raw/fda.inspections.history/2026/09/20260908T143434Z-548655809277.json.gz,1
fda.inspections.history,firm:3008585532,2015-02-23,2026-09-08T14:34:34Z,inspection_end,20150223,yyyymmdd,fda.inspections.history,raw/fda.inspections.history/2026/09/20260908T143434Z-548655809277.json.gz,1
fda.inspections.history,firm:3008585532,2015-02-23,2026-09-08T14:34:34Z,is_foreign,0,bool,fda.inspections.history,raw/fda.inspections.history/2026/09/20260908T143434Z-548655809277.json.gz,1
fda.inspections.history,firm:3008585532,2015-02-23,2026-09-08T14:34:34Z,is_oai,0,bool,fda.inspections.history,raw/fda.inspections.history/2026/09/20260908T143434Z-548655809277.json.gz,1
fda.inspections.history,firm:3008585532,2015-02-23,2026-09-08T14:34:34Z,label,"Beneficial Solutions, LLC",,fda.inspections.history,raw/fda.inspections.history/2026/09/20260908T143434Z-548655809277.json.gz,1
fda.inspections.history,firm:3008763768,2015-02-13,2026-09-08T14:34:34Z,classification,0,ordinal,fda.inspections.history,raw/fda.inspections.history/2026/09/20260908T143434Z-548655809277.json.gz,1
fda.inspections.history,firm:3008763768,2015-02-13,2026-09-08T14:34:34Z,firm_key,PIRAMAL,,fda.inspections.history,raw/fda.inspections.history/2026/09/20260908T143434Z-548655809277.json.gz,1
fda.inspections.history,firm:3008763768,2015-02-13,2026-09-08T14:34:34Z,inspected,1,count,fda.inspections.history,raw/fda.inspections.history/2026/09/20260908T143434Z-548655809277.json.gz,1
fda.inspections.history,firm:3008763768,2015-02-13,2026-09-08T14:34:34Z,inspection_end,20150213,yyyymmdd,fda.inspections.history,raw/fda.inspections.history/2026/09/20260908T143434Z-548655809277.json.gz,1
fda.inspections.history,firm:3008763768,2015-02-13,2026-09-08T14:34:34Z,is_foreign,1,bool,fda.inspections.history,raw/fda.inspections.history/2026/09/20260908T143434Z-548655809277.json.gz,1
fda.inspections.history,firm:3008763768,2015-02-13,2026-09-08T14:34:34Z,is_oai,0,bool,fda.inspections.history,raw/fda.inspections.history/2026/09/20260908T143434Z-548655809277.json.gz,1
fda.inspections.history,firm:3008763768,2015-02-13,2026-09-08T14:34:34Z,label,Piramal Pharma Limited,,fda.inspections.history,raw/fda.inspections.history/2026/09/20260908T143434Z-548655809277.json.gz,1
fda.inspections.history,firm:3008798339,2015-02-10,2026-09-08T14:34:34Z,classification,0,ordinal,fda.inspections.history,raw/fda.inspections.history/2026/09/20260908T143434Z-548655809277.json.gz,1
fda.inspections.history,firm:3008798339,2015-02-10,2026-09-08T14:34:34Z,firm_key,QUOTIENT SCIENCES ALNWICK,,fda.inspections.history,raw/fda.inspections.history/2026/09/20260908T143434Z-548655809277.json.gz,1
fda.inspections.history,firm:3008798339,2015-02-10,2026-09-08T14:34:34Z,inspected,1,count,fda.inspections.history,raw/fda.inspections.history/2026/09/20260908T143434Z-548655809277.json.gz,1
fda.inspections.history,firm:3008798339,2015-02-10,2026-09-08T14:34:34Z,inspection_end,20150210,yyyymmdd,fda.inspections.history,raw/fda.inspections.history/2026/09/20260908T143434Z-548655809277.json.gz,1
fda.inspections.history,firm:3008798339,2015-02-10,2026-09-08T14:34:34Z,is_foreign,1,bool,fda.inspections.history,raw/fda.inspections.history/2026/09/20260908T143434Z-548655809277.json.gz,1
fda.inspections.history,firm:3008798339,2015-02-10,2026-09-08T14:34:34Z,is_oai,0,bool,fda.inspections.history,raw/fda.inspections.history/2026/09/20260908T143434Z-548655809277.json.gz,1
fda.inspections.history,firm:3008798339,2015-02-10,2026-09-08T14:34:34Z,label,QUOTIENT SCIENCES (ALNWICK) LIMITED,,fda.inspections.history,raw/fda.inspections.history/2026/09/20260908T143434Z-548655809277.json.gz,1
fda.inspections.history,firm:3008798439,2015-02-27,2026-09-08T14:34:34Z,classification,1,ordinal,fda.inspections.history,raw/fda.inspections.history/2026/09/20260908T143434Z-548655809277.json.gz,1
fda.inspections.history,firm:3008798439,2015-02-27,2026-09-08T14:34:34Z,firm_key,ECI,,fda.inspections.history,raw/fda.inspections.history/2026/09/20260908T143434Z-548655809277.json.gz,1
fda.inspections.history,firm:3008798439,2015-02-27,2026-09-08T14:34:34Z,inspected,1,count,fda.inspections.history,raw/fda.inspections.history/2026/09/20260908T143434Z-548655809277.json.gz,1
fda.inspections.history,firm:3008798439,2015-02-27,2026-09-08T14:34:34Z,inspection_end,20150227,yyyymmdd,fda.inspections.history,raw/fda.inspections.history/2026/09/20260908T143434Z-548655809277.json.gz,1
fda.inspections.history,firm:3008798439,2015-02-27,2026-09-08T14:34:34Z,is_foreign,0,bool,fda.inspections.history,raw/fda.inspections.history/2026/09/20260908T143434Z-548655809277.json.gz,1
fda.inspections.history,firm:3008798439,2015-02-27,2026-09-08T14:34:34Z,is_oai,0,bool,fda.inspections.history,raw/fda.inspections.history/2026/09/20260908T143434Z-548655809277.json.gz,1
fda.inspections.history,firm:3008798439,2015-02-27,2026-09-08T14:34:34Z,label,"ECI Pharmaceuticals, LLC",,fda.inspections.history,raw/fda.inspections.history/2026/09/20260908T143434Z-548655809277.json.gz,1
fda.inspections.history,firm:3008870894,2015-02-03,2026-09-08T14:34:34Z,classification,0,ordinal,fda.inspections.history,raw/fda.inspections.history/2026/09/20260908T143434Z-548655809277.json.gz,1
fda.inspections.history,firm:3008870894,2015-02-03,2026-09-08T14:34:34Z,firm_key,MESSER,,fda.inspections.history,raw/fda.inspections.history/2026/09/20260908T143434Z-548655809277.json.gz,1
fda.inspections.history,firm:3008870894,2015-02-03,2026-09-08T14:34:34Z,inspected,1,count,fda.inspections.history,raw/fda.inspections.history/2026/09/20260908T143434Z-548655809277.json.gz,1
fda.inspections.history,firm:3008870894,2015-02-03,2026-09-08T14:34:34Z,inspection_end,20150203,yyyymmdd,fda.inspections.history,raw/fda.inspections.history/2026/09/20260908T143434Z-548655809277.json.gz,1
fda.inspections.history,firm:3008870894,2015-02-03,2026-09-08T14:34:34Z,is_foreign,0,bool,fda.inspections.history,raw/fda.inspections.history/2026/09/20260908T143434Z-548655809277.json.gz,1
fda.inspections.history,firm:3008870894,2015-02-03,2026-09-08T14:34:34Z,is_oai,0,bool,fda.inspections.history,raw/fda.inspections.history/2026/09/20260908T143434Z-548655809277.json.gz,1
fda.inspections.history,firm:3008870894,2015-02-03,2026-09-08T14:34:34Z,label,Messer LLC,,fda.inspections.history,raw/fda.inspections.history/2026/09/20260908T143434Z-548655809277.json.gz,1
fda.inspections.history,firm:3008990081,2015-02-06,2026-09-08T14:34:34Z,classification,2,ordinal,fda.inspections.history,raw/fda.inspections.history/2026/09/20260908T143434Z-548655809277.json.gz,1
fda.inspections.history,firm:3008990081,2015-02-06,2026-09-08T14:34:34Z,firm_key,FOCUS,,fda.inspections.history,raw/fda.inspections.history/2026/09/20260908T143434Z-548655809277.json.gz,1
fda.inspections.history,firm:3008990081,2015-02-06,2026-09-08T14:34:34Z,inspected,1,count,fda.inspections.history,raw/fda.inspections.history/2026/09/20260908T143434Z-548655809277.json.gz,1
fda.inspections.history,firm:3008990081,2015-02-06,2026-09-08T14:34:34Z,inspection_end,20150206,yyyymmdd,fda.inspections.history,raw/fda.inspections.history/2026/09/20260908T143434Z-548655809277.json.gz,1
fda.inspections.history,firm:3008990081,2015-02-06,2026-09-08T14:34:34Z,is_foreign,0,bool,fda.inspections.history,raw/fda.inspections.history/2026/09/20260908T143434Z-548655809277.json.gz,1
fda.inspections.history,firm:3008990081,2015-02-06,2026-09-08T14:34:34Z,is_oai,1,bool,fda.inspections.history,raw/fda.inspections.history/2026/09/20260908T143434Z-548655809277.json.gz,1
fda.inspections.history,firm:3008990081,2015-02-06,2026-09-08T14:34:34Z,label,"FOCUS Laboratories, Inc.",,fda.inspections.history,raw/fda.inspections.history/2026/09/20260908T143434Z-548655809277.json.gz,1
fda.inspections.history,firm:3009015485,2015-02-26,2026-09-08T14:34:34Z,classification,1,ordinal,fda.inspections.history,raw/fda.inspections.history/2026/09/20260908T143434Z-548655809277.json.gz,1
fda.inspections.history,firm:3009015485,2015-02-26,2026-09-08T14:34:34Z,firm_key,PETNET SOLUTIONS,,fda.inspections.history,raw/fda.inspections.history/2026/09/20260908T143434Z-548655809277.json.gz,1
fda.inspections.history,firm:3009015485,2015-02-26,2026-09-08T14:34:34Z,inspected,1,count,fda.inspections.history,raw/fda.inspections.history/2026/09/20260908T143434Z-548655809277.json.gz,1
fda.inspections.history,firm:3009015485,2015-02-26,2026-09-08T14:34:34Z,inspection_end,20150226,yyyymmdd,fda.inspections.history,raw/fda.inspections.history/2026/09/20260908T143434Z-548655809277.json.gz,1
fda.inspections.history,firm:3009015485,2015-02-26,2026-09-08T14:34:34Z,is_foreign,0,bool,fda.inspections.history,raw/fda.inspections.history/2026/09/20260908T143434Z-548655809277.json.gz,1
fda.inspections.history,firm:3009015485,2015-02-26,2026-09-08T14:34:34Z,is_oai,0,bool,fda.inspections.history,raw/fda.inspections.history/2026/09/20260908T143434Z-548655809277.json.gz,1
fda.inspections.history,firm:3009015485,2015-02-26,2026-09-08T14:34:34Z,label,PETNET Solutions Inc.,,fda.inspections.history,raw/fda.inspections.history/2026/09/20260908T143434Z-548655809277.json.gz,1
fda.inspections.history,firm:3009106065,2015-02-17,2026-09-08T14:34:34Z,classification,0,ordinal,fda.inspections.history,raw/fda.inspections.history/2026/09/20260908T143434Z-548655809277.json.gz,1
fda.inspections.history,firm:3009106065,2015-02-17,2026-09-08T14:34:34Z,firm_key,THOMAS A GRUGLE M D PRINCIPAL INVESTIGATOR,,fda.inspections.history,raw/fda.inspections.history/2026/09/20260908T143434Z-548655809277.json.gz,1
fda.inspections.history,firm:3009106065,2015-02-17,2026-09-08T14:34:34Z,inspected,1,count,fda.inspections.history,raw/fda.inspections.history/2026/09/20260908T143434Z-548655809277.json.gz,1
fda.inspections.history,firm:3009106065,2015-02-17,2026-09-08T14:34:34Z,inspection_end,20150217,yyyymmdd,fda.inspections.history,raw/fda.inspections.history/2026/09/20260908T143434Z-548655809277.json.gz,1
fda.inspections.history,firm:3009106065,2015-02-17,2026-09-08T14:34:34Z,is_foreign,0,bool,fda.inspections.history,raw/fda.inspections.history/2026/09/20260908T143434Z-548655809277.json.gz,1
fda.inspections.history,firm:3009106065,2015-02-17,2026-09-08T14:34:34Z,is_oai,0,bool,fda.inspections.history,raw/fda.inspections.history/2026/09/20260908T143434Z-548655809277.json.gz,1
fda.inspections.history,firm:3009106065,2015-02-17,2026-09-08T14:34:34Z,label,"Thomas A. Grugle, M.D., Principal Investigator",,fda.inspections.history,raw/fda.inspections.history/2026/09/20260908T143434Z-548655809277.json.gz,1
fda.inspections.history,firm:3009255166,2015-02-06,2026-09-08T14:34:34Z,classification,0,ordinal,fda.inspections.history,raw/fda.inspections.history/2026/09/20260908T143434Z-548655809277.json.gz,1
fda.inspections.history,firm:3009255166,2015-02-06,2026-09-08T14:34:34Z,firm_key,ONYX A SUBSIDIARY OF AMGEN,,fda.inspections.history,raw/fda.inspections.history/2026/09/20260908T143434Z-548655809277.json.gz,1
fda.inspections.history,firm:3009255166,2015-02-06,2026-09-08T14:34:34Z,inspected,1,count,fda.inspections.history,raw/fda.inspections.history/2026/09/20260908T143434Z-548655809277.json.gz,1
fda.inspections.history,firm:3009255166,2015-02-06,2026-09-08T14:34:34Z,inspection_end,20150206,yyyymmdd,fda.inspections.history,raw/fda.inspections.history/2026/09/20260908T143434Z-548655809277.json.gz,1
fda.inspections.history,firm:3009255166,2015-02-06,2026-09-08T14:34:34Z,is_foreign,0,bool,fda.inspections.history,raw/fda.inspections.history/2026/09/20260908T143434Z-548655809277.json.gz,1
fda.inspections.history,firm:3009255166,2015-02-06,2026-09-08T14:34:34Z,is_oai,0,bool,fda.inspections.history,raw/fda.inspections.history/2026/09/20260908T143434Z-548655809277.json.gz,1
fda.inspections.history,firm:3009255166,2015-02-06,2026-09-08T14:34:34Z,label,"Onyx Pharmaceuticals, Inc., a Subsidiary of Amgen, Inc.",,fda.inspections.history,raw/fda.inspections.history/2026/09/20260908T143434Z-548655809277.json.gz,1
fda.inspections.history,firm:3009274330,2015-02-27,2026-09-08T14:34:34Z,classification,0,ordinal,fda.inspections.history,raw/fda.inspections.history/2026/09/20260908T143434Z-548655809277.json.gz,1
fda.inspections.history,firm:3009274330,2015-02-27,2026-09-08T14:34:34Z,firm_key,GORDON E CROFOOT,,fda.inspections.history,raw/fda.inspections.history/2026/09/20260908T143434Z-548655809277.json.gz,1
fda.inspections.history,firm:3009274330,2015-02-27,2026-09-08T14:34:34Z,inspected,1,count,fda.inspections.history,raw/fda.inspections.history/2026/09/20260908T143434Z-548655809277.json.gz,1
fda.inspections.history,firm:3009274330,2015-02-27,2026-09-08T14:34:34Z,inspection_end,20150227,yyyymmdd,fda.inspections.history,raw/fda.inspections.history/2026/09/20260908T143434Z-548655809277.json.gz,1
fda.inspections.history,firm:3009274330,2015-02-27,2026-09-08T14:34:34Z,is_foreign,0,bool,fda.inspections.history,raw/fda.inspections.history/2026/09/20260908T143434Z-548655809277.json.gz,1
fda.inspections.history,firm:3009274330,2015-02-27,2026-09-08T14:34:34Z,is_oai,0,bool,fda.inspections.history,raw/fda.inspections.history/2026/09/20260908T143434Z-548655809277.json.gz,1
fda.inspections.history,firm:3009274330,2015-02-27,2026-09-08T14:34:34Z,label,Gordon E. Crofoot,,fda.inspections.history,raw/fda.inspections.history/2026/09/20260908T143434Z-548655809277.json.gz,1
fda.inspections.history,firm:3009446359,2015-02-27,2026-09-08T14:34:34Z,classification,1,ordinal,fda.inspections.history,raw/fda.inspections.history/2026/09/20260908T143434Z-548655809277.json.gz,1
fda.inspections.history,firm:3009446359,2015-02-27,2026-09-08T14:34:34Z,firm_key,E Z OXYGEN,,fda.inspections.history,raw/fda.inspections.history/2026/09/20260908T143434Z-548655809277.json.gz,1
fda.inspections.history,firm:3009446359,2015-02-27,2026-09-08T14:34:34Z,inspected,1,count,fda.inspections.history,raw/fda.inspections.history/2026/09/20260908T143434Z-548655809277.json.gz,1
fda.inspections.history,firm:3009446359,2015-02-27,2026-09-08T14:34:34Z,inspection_end,20150227,yyyymmdd,fda.inspections.history,raw/fda.inspections.history/2026/09/20260908T143434Z-548655809277.json.gz,1
fda.inspections.history,firm:3009446359,2015-02-27,2026-09-08T14:34:34Z,is_foreign,0,bool,fda.inspections.history,raw/fda.inspections.history/2026/09/20260908T143434Z-548655809277.json.gz,1
fda.inspections.history,firm:3009446359,2015-02-27,2026-09-08T14:34:34Z,is_oai,0,bool,fda.inspections.history,raw/fda.inspections.history/2026/09/20260908T143434Z-548655809277.json.gz,1
fda.inspections.history,firm:3009446359,2015-02-27,2026-09-08T14:34:34Z,label,E-Z Oxygen LLC,,fda.inspections.history,raw/fda.inspections.history/2026/09/20260908T143434Z-548655809277.json.gz,1
fda.inspections.history,firm:3009447440,2015-02-19,2026-09-08T14:34:34Z,classification,0,ordinal,fda.inspections.history,raw/fda.inspections.history/2026/09/20260908T143434Z-548655809277.json.gz,1
fda.inspections.history,firm:3009447440,2015-02-19,2026-09-08T14:34:34Z,firm_key,UNITED BIOSOURCE,,fda.inspections.history,raw/fda.inspections.history/2026/09/20260908T143434Z-548655809277.json.gz,1
fda.inspections.history,firm:3009447440,2015-02-19,2026-09-08T14:34:34Z,inspected,1,count,fda.inspections.history,raw/fda.inspections.history/2026/09/20260908T143434Z-548655809277.json.gz,1
fda.inspections.history,firm:3009447440,2015-02-19,2026-09-08T14:34:34Z,inspection_end,20150219,yyyymmdd,fda.inspections.history,raw/fda.inspections.history/2026/09/20260908T143434Z-548655809277.json.gz,1
fda.inspections.history,firm:3009447440,2015-02-19,2026-09-08T14:34:34Z,is_foreign,0,bool,fda.inspections.history,raw/fda.inspections.history/2026/09/20260908T143434Z-548655809277.json.gz,1
fda.inspections.history,firm:3009447440,2015-02-19,2026-09-08T14:34:34Z,is_oai,0,bool,fda.inspections.history,raw/fda.inspections.history/2026/09/20260908T143434Z-548655809277.json.gz,1
fda.inspections.history,firm:3009447440,2015-02-19,2026-09-08T14:34:34Z,label,United Biosource Corp,,fda.inspections.history,raw/fda.inspections.history/2026/09/20260908T143434Z-548655809277.json.gz,1
fda.inspections.history,firm:3009454674,2015-02-12,2026-09-08T14:34:34Z,classification,1,ordinal,fda.inspections.history,raw/fda.inspections.history/2026/09/20260908T143434Z-548655809277.json.gz,1
fda.inspections.history,firm:3009454674,2015-02-12,2026-09-08T14:34:34Z,firm_key,PAUL A BENSON D O,,fda.inspections.history,raw/fda.inspections.history/2026/09/20260908T143434Z-548655809277.json.gz,1
fda.inspections.history,firm:3009454674,2015-02-12,2026-09-08T14:34:34Z,inspected,1,count,fda.inspections.history,raw/fda.inspections.history/2026/09/20260908T143434Z-548655809277.json.gz,1
fda.inspections.history,firm:3009454674,2015-02-12,2026-09-08T14:34:34Z,inspection_end,20150212,yyyymmdd,fda.inspections.history,raw/fda.inspections.history/2026/09/20260908T143434Z-548655809277.json.gz,1
fda.inspections.history,firm:3009454674,2015-02-12,2026-09-08T14:34:34Z,is_foreign,0,bool,fda.inspections.history,raw/fda.inspections.history/2026/09/20260908T143434Z-548655809277.json.gz,1
fda.inspections.history,firm:3009454674,2015-02-12,2026-09-08T14:34:34Z,is_oai,0,bool,fda.inspections.history,raw/fda.inspections.history/2026/09/20260908T143434Z-548655809277.json.gz,1
fda.inspections.history,firm:3009454674,2015-02-12,2026-09-08T14:34:34Z,label,"Paul A. Benson, D.O.",,fda.inspections.history,raw/fda.inspections.history/2026/09/20260908T143434Z-548655809277.json.gz,1
fda.inspections.history,firm:3009548429,2015-02-04,2026-09-08T14:34:34Z,classification,0,ordinal,fda.inspections.history,raw/fda.inspections.history/2026/09/20260908T143434Z-548655809277.json.gz,1
fda.inspections.history,firm:3009548429,2015-02-04,2026-09-08T14:34:34Z,firm_key,NAVIDEA BIOPHARMACEUTICALS,,fda.inspections.history,raw/fda.inspections.history/2026/09/20260908T143434Z-548655809277.json.gz,1
fda.inspections.history,firm:3009548429,2015-02-04,2026-09-08T14:34:34Z,inspected,1,count,fda.inspections.history,raw/fda.inspections.history/2026/09/20260908T143434Z-548655809277.json.gz,1
fda.inspections.history,firm:3009548429,2015-02-04,2026-09-08T14:34:34Z,inspection_end,20150204,yyyymmdd,fda.inspections.history,raw/fda.inspections.history/2026/09/20260908T143434Z-548655809277.json.gz,1
fda.inspections.history,firm:3009548429,2015-02-04,2026-09-08T14:34:34Z,is_foreign,0,bool,fda.inspections.history,raw/fda.inspections.history/2026/09/20260908T143434Z-548655809277.json.gz,1
fda.inspections.history,firm:3009548429,2015-02-04,2026-09-08T14:34:34Z,is_oai,0,bool,fda.inspections.history,raw/fda.inspections.history/2026/09/20260908T143434Z-548655809277.json.gz,1
fda.inspections.history,firm:3009548429,2015-02-04,2026-09-08T14:34:34Z,label,Navidea Biopharmaceuticals Inc,,fda.inspections.history,raw/fda.inspections.history/2026/09/20260908T143434Z-548655809277.json.gz,1
fda.inspections.history,firm:3009586209,2015-02-12,2026-09-08T14:34:34Z,classification,1,ordinal,fda.inspections.history,raw/fda.inspections.history/2026/09/20260908T143434Z-548655809277.json.gz,1
fda.inspections.history,firm:3009586209,2015-02-12,2026-09-08T14:34:34Z,firm_key,LAURENCE H BELKOFF D O,,fda.inspections.history,raw/fda.inspections.history/2026/09/20260908T143434Z-548655809277.json.gz,1
fda.inspections.history,firm:3009586209,2015-02-12,2026-09-08T14:34:34Z,inspected,1,count,fda.inspections.history,raw/fda.inspections.history/2026/09/20260908T143434Z-548655809277.json.gz,1
fda.inspections.history,firm:3009586209,2015-02-12,2026-09-08T14:34:34Z,inspection_end,20150212,yyyymmdd,fda.inspections.history,raw/fda.inspections.history/2026/09/20260908T143434Z-548655809277.json.gz,1
fda.inspections.history,firm:3009586209,2015-02-12,2026-09-08T14:34:34Z,is_foreign,0,bool,fda.inspections.history,raw/fda.inspections.history/2026/09/20260908T143434Z-548655809277.json.gz,1
fda.inspections.history,firm:3009586209,2015-02-12,2026-09-08T14:34:34Z,is_oai,0,bool,fda.inspections.history,raw/fda.inspections.history/2026/09/20260908T143434Z-548655809277.json.gz,1
fda.inspections.history,firm:3009586209,2015-02-12,2026-09-08T14:34:34Z,label,Laurence H. Belkoff D.O.,,fda.inspections.history,raw/fda.inspections.history/2026/09/20260908T143434Z-548655809277.json.gz,1
fda.inspections.history,firm:3009590582,2015-02-11,2026-09-08T14:34:34Z,classification,2,ordinal,fda.inspections.history,raw/fda.inspections.history/2026/09/20260908T143434Z-548655809277.json.gz,1
fda.inspections.history,firm:3009590582,2015-02-11,2026-09-08T14:34:34Z,firm_key,CENTRAL ADMIXTURE PHARMACY SERVICES,,fda.inspections.history,raw/fda.inspections.history/2026/09/20260908T143434Z-548655809277.json.gz,1
fda.inspections.history,firm:3009590582,2015-02-11,2026-09-08T14:34:34Z,inspected,1,count,fda.inspections.history,raw/fda.inspections.history/2026/09/20260908T143434Z-548655809277.json.gz,1
fda.inspections.history,firm:3009590582,2015-02-11,2026-09-08T14:34:34Z,inspection_end,20150211,yyyymmdd,fda.inspections.history,raw/fda.inspections.history/2026/09/20260908T143434Z-548655809277.json.gz,1
fda.inspections.history,firm:3009590582,2015-02-11,2026-09-08T14:34:34Z,is_foreign,0,bool,fda.inspections.history,raw/fda.inspections.history/2026/09/20260908T143434Z-548655809277.json.gz,1
fda.inspections.history,firm:3009590582,2015-02-11,2026-09-08T14:34:34Z,is_oai,1,bool,fda.inspections.history,raw/fda.inspections.history/2026/09/20260908T143434Z-548655809277.json.gz,1
fda.inspections.history,firm:3009590582,2015-02-11,2026-09-08T14:34:34Z,label,"Central Admixture Pharmacy Services, Inc.",,fda.inspections.history,raw/fda.inspections.history/2026/09/20260908T143434Z-548655809277.json.gz,1
fda.inspections.history,firm:3009738669,2015-02-04,2026-09-08T14:34:34Z,classification,1,ordinal,fda.inspections.history,raw/fda.inspections.history/2026/09/20260908T143434Z-548655809277.json.gz,1
fda.inspections.history,firm:3009738669,2015-02-04,2026-09-08T14:34:34Z,firm_key,BLUE NATURALS,,fda.inspections.history,raw/fda.inspections.history/2026/09/20260908T143434Z-548655809277.json.gz,1
fda.inspections.history,firm:3009738669,2015-02-04,2026-09-08T14:34:34Z,inspected,1,count,fda.inspections.history,raw/fda.inspections.history/2026/09/20260908T143434Z-548655809277.json.gz,1
fda.inspections.history,firm:3009738669,2015-02-04,2026-09-08T14:34:34Z,inspection_end,20150204,yyyymmdd,fda.inspections.history,raw/fda.inspections.history/2026/09/20260908T143434Z-548655809277.json.gz,1
fda.inspections.history,firm:3009738669,2015-02-04,2026-09-08T14:34:34Z,is_foreign,0,bool,fda.inspections.history,raw/fda.inspections.history/2026/09/20260908T143434Z-548655809277.json.gz,1
fda.inspections.history,firm:3009738669,2015-02-04,2026-09-08T14:34:34Z,is_oai,0,bool,fda.inspections.history,raw/fda.inspections.history/2026/09/20260908T143434Z-548655809277.json.gz,1
fda.inspections.history,firm:3009738669,2015-02-04,2026-09-08T14:34:34Z,label,Blue Naturals LLC,,fda.inspections.history,raw/fda.inspections.history/2026/09/20260908T143434Z-548655809277.json.gz,1
fda.inspections.history,firm:3009785407,2015-02-13,2026-09-08T14:34:34Z,classification,0,ordinal,fda.inspections.history,raw/fda.inspections.history/2026/09/20260908T143434Z-548655809277.json.gz,1
fda.inspections.history,firm:3009785407,2015-02-13,2026-09-08T14:34:34Z,firm_key,COVANCE LABORATORY SAS,,fda.inspections.history,raw/fda.inspections.history/2026/09/20260908T143434Z-548655809277.json.gz,1
fda.inspections.history,firm:3009785407,2015-02-13,2026-09-08T14:34:34Z,inspected,1,count,fda.inspections.history,raw/fda.inspections.history/2026/09/20260908T143434Z-548655809277.json.gz,1
fda.inspections.history,firm:3009785407,2015-02-13,2026-09-08T14:34:34Z,inspection_end,20150213,yyyymmdd,fda.inspections.history,raw/fda.inspections.history/2026/09/20260908T143434Z-548655809277.json.gz,1
fda.inspections.history,firm:3009785407,2015-02-13,2026-09-08T14:34:34Z,is_foreign,1,bool,fda.inspections.history,raw/fda.inspections.history/2026/09/20260908T143434Z-548655809277.json.gz,1
fda.inspections.history,firm:3009785407,2015-02-13,2026-09-08T14:34:34Z,is_oai,0,bool,fda.inspections.history,raw/fda.inspections.history/2026/09/20260908T143434Z-548655809277.json.gz,1
fda.inspections.history,firm:3009785407,2015-02-13,2026-09-08T14:34:34Z,label,Covance Laboratory SAS,,fda.inspections.history,raw/fda.inspections.history/2026/09/20260908T143434Z-548655809277.json.gz,1
fda.inspections.history,firm:3009892881,2015-02-18,2026-09-08T14:34:34Z,classification,0,ordinal,fda.inspections.history,raw/fda.inspections.history/2026/09/20260908T143434Z-548655809277.json.gz,1
fda.inspections.history,firm:3009892881,2015-02-18,2026-09-08T14:34:34Z,firm_key,UNIVERSITAT DE BARCELONA,,fda.inspections.history,raw/fda.inspections.history/2026/09/20260908T143434Z-548655809277.json.gz,1
fda.inspections.history,firm:3009892881,2015-02-18,2026-09-08T14:34:34Z,inspected,1,count,fda.inspections.history,raw/fda.inspections.history/2026/09/20260908T143434Z-548655809277.json.gz,1
fda.inspections.history,firm:3009892881,2015-02-18,2026-09-08T14:34:34Z,inspection_end,20150218,yyyymmdd,fda.inspections.history,raw/fda.inspections.history/2026/09/20260908T143434Z-548655809277.json.gz,1
fda.inspections.history,firm:3009892881,2015-02-18,2026-09-08T14:34:34Z,is_foreign,1,bool,fda.inspections.history,raw/fda.inspections.history/2026/09/20260908T143434Z-548655809277.json.gz,1
fda.inspections.history,firm:3009892881,2015-02-18,2026-09-08T14:34:34Z,is_oai,0,bool,fda.inspections.history,raw/fda.inspections.history/2026/09/20260908T143434Z-548655809277.json.gz,1
fda.inspections.history,firm:3009892881,2015-02-18,2026-09-08T14:34:34Z,label,Universitat de Barcelona,,fda.inspections.history,raw/fda.inspections.history/2026/09/20260908T143434Z-548655809277.json.gz,1
fda.inspections.history,firm:3010160709,2015-02-27,2026-09-08T14:34:34Z,classification,0,ordinal,fda.inspections.history,raw/fda.inspections.history/2026/09/20260908T143434Z-548655809277.json.gz,1
fda.inspections.history,firm:3010160709,2015-02-27,2026-09-08T14:34:34Z,firm_key,RELYPSA,,fda.inspections.history,raw/fda.inspections.history/2026/09/20260908T143434Z-548655809277.json.gz,1
fda.inspections.history,firm:3010160709,2015-02-27,2026-09-08T14:34:34Z,inspected,1,count,fda.inspections.history,raw/fda.inspections.history/2026/09/20260908T143434Z-548655809277.json.gz,1
fda.inspections.history,firm:3010160709,2015-02-27,2026-09-08T14:34:34Z,inspection_end,20150227,yyyymmdd,fda.inspections.history,raw/fda.inspections.history/2026/09/20260908T143434Z-548655809277.json.gz,1
fda.inspections.history,firm:3010160709,2015-02-27,2026-09-08T14:34:34Z,is_foreign,0,bool,fda.inspections.history,raw/fda.inspections.history/2026/09/20260908T143434Z-548655809277.json.gz,1
fda.inspections.history,firm:3010160709,2015-02-27,2026-09-08T14:34:34Z,is_oai,0,bool,fda.inspections.history,raw/fda.inspections.history/2026/09/20260908T143434Z-548655809277.json.gz,1
fda.inspections.history,firm:3010160709,2015-02-27,2026-09-08T14:34:34Z,label,Relypsa Inc.,,fda.inspections.history,raw/fda.inspections.history/2026/09/20260908T143434Z-548655809277.json.gz,1
fda.inspections.history,firm:3010212810,2015-02-05,2026-09-08T14:34:34Z,classification,0,ordinal,fda.inspections.history,raw/fda.inspections.history/2026/09/20260908T143434Z-548655809277.json.gz,1
fda.inspections.history,firm:3010212810,2015-02-05,2026-09-08T14:34:34Z,firm_key,KOHEN MICHAEL M D,,fda.inspections.history,raw/fda.inspections.history/2026/09/20260908T143434Z-548655809277.json.gz,1
fda.inspections.history,firm:3010212810,2015-02-05,2026-09-08T14:34:34Z,inspected,1,count,fda.inspections.history,raw/fda.inspections.history/2026/09/20260908T143434Z-548655809277.json.gz,1
fda.inspections.history,firm:3010212810,2015-02-05,2026-09-08T14:34:34Z,inspection_end,20150205,yyyymmdd,fda.inspections.history,raw/fda.inspections.history/2026/09/20260908T143434Z-548655809277.json.gz,1
fda.inspections.history,firm:3010212810,2015-02-05,2026-09-08T14:34:34Z,is_foreign,0,bool,fda.inspections.history,raw/fda.inspections.history/2026/09/20260908T143434Z-548655809277.json.gz,1
fda.inspections.history,firm:3010212810,2015-02-05,2026-09-08T14:34:34Z,is_oai,0,bool,fda.inspections.history,raw/fda.inspections.history/2026/09/20260908T143434Z-548655809277.json.gz,1
fda.inspections.history,firm:3010212810,2015-02-05,2026-09-08T14:34:34Z,label,"Kohen, Michael, M.D.",,fda.inspections.history,raw/fda.inspections.history/2026/09/20260908T143434Z-548655809277.json.gz,1
fda.inspections.history,firm:3010224568,2015-02-03,2026-09-08T14:34:34Z,classification,1,ordinal,fda.inspections.history,raw/fda.inspections.history/2026/09/20260908T143434Z-548655809277.json.gz,1
fda.inspections.history,firm:3010224568,2015-02-03,2026-09-08T14:34:34Z,firm_key,EDUARDO ALMAGUER MD,,fda.inspections.history,raw/fda.inspections.history/2026/09/20260908T143434Z-548655809277.json.gz,1
fda.inspections.history,firm:3010224568,2015-02-03,2026-09-08T14:34:34Z,inspected,1,count,fda.inspections.history,raw/fda.inspections.history/2026/09/20260908T143434Z-548655809277.json.gz,1
fda.inspections.history,firm:3010224568,2015-02-03,2026-09-08T14:34:34Z,inspection_end,20150203,yyyymmdd,fda.inspections.history,raw/fda.inspections.history/2026/09/20260908T143434Z-548655809277.json.gz,1
fda.inspections.history,firm:3010224568,2015-02-03,2026-09-08T14:34:34Z,is_foreign,0,bool,fda.inspections.history,raw/fda.inspections.history/2026/09/20260908T143434Z-548655809277.json.gz,1
fda.inspections.history,firm:3010224568,2015-02-03,2026-09-08T14:34:34Z,is_oai,0,bool,fda.inspections.history,raw/fda.inspections.history/2026/09/20260908T143434Z-548655809277.json.gz,1
fda.inspections.history,firm:3010224568,2015-02-03,2026-09-08T14:34:34Z,label,"Eduardo Almaguer, MD",,fda.inspections.history,raw/fda.inspections.history/2026/09/20260908T143434Z-548655809277.json.gz,1
fda.inspections.history,firm:3010302040,2015-02-10,2026-09-08T14:34:34Z,classification,1,ordinal,fda.inspections.history,raw/fda.inspections.history/2026/09/20260908T143434Z-548655809277.json.gz,1
fda.inspections.history,firm:3010302040,2015-02-10,2026-09-08T14:34:34Z,firm_key,AMERICAN INGREDIENTS,,fda.inspections.history,raw/fda.inspections.history/2026/09/20260908T143434Z-548655809277.json.gz,1
fda.inspections.history,firm:3010302040,2015-02-10,2026-09-08T14:34:34Z,inspected,1,count,fda.inspections.history,raw/fda.inspections.history/2026/09/20260908T143434Z-548655809277.json.gz,1
fda.inspections.history,firm:3010302040,2015-02-10,2026-09-08T14:34:34Z,inspection_end,20150210,yyyymmdd,fda.inspections.history,raw/fda.inspections.history/2026/09/20260908T143434Z-548655809277.json.gz,1
fda.inspections.history,firm:3010302040,2015-02-10,2026-09-08T14:34:34Z,is_foreign,0,bool,fda.inspections.history,raw/fda.inspections.history/2026/09/20260908T143434Z-548655809277.json.gz,1
fda.inspections.history,firm:3010302040,2015-02-10,2026-09-08T14:34:34Z,is_oai,0,bool,fda.inspections.history,raw/fda.inspections.history/2026/09/20260908T143434Z-548655809277.json.gz,1
fda.inspections.history,firm:3010302040,2015-02-10,2026-09-08T14:34:34Z,label,American Pharmaceutical Ingredients LLC,,fda.inspections.history,raw/fda.inspections.history/2026/09/20260908T143434Z-548655809277.json.gz,1
fda.inspections.history,firm:3010392243,2015-02-04,2026-09-08T14:34:34Z,classification,0,ordinal,fda.inspections.history,raw/fda.inspections.history/2026/09/20260908T143434Z-548655809277.json.gz,1
fda.inspections.history,firm:3010392243,2015-02-04,2026-09-08T14:34:34Z,firm_key,ARAGOGAMMA S L,,fda.inspections.history,raw/fda.inspections.history/2026/09/20260908T143434Z-548655809277.json.gz,1
fda.inspections.history,firm:3010392243,2015-02-04,2026-09-08T14:34:34Z,inspected,1,count,fda.inspections.history,raw/fda.inspections.history/2026/09/20260908T143434Z-548655809277.json.gz,1
fda.inspections.history,firm:3010392243,2015-02-04,2026-09-08T14:34:34Z,inspection_end,20150204,yyyymmdd,fda.inspections.history,raw/fda.inspections.history/2026/09/20260908T143434Z-548655809277.json.gz,1
fda.inspections.history,firm:3010392243,2015-02-04,2026-09-08T14:34:34Z,is_foreign,1,bool,fda.inspections.history,raw/fda.inspections.history/2026/09/20260908T143434Z-548655809277.json.gz,1
fda.inspections.history,firm:3010392243,2015-02-04,2026-09-08T14:34:34Z,is_oai,0,bool,fda.inspections.history,raw/fda.inspections.history/2026/09/20260908T143434Z-548655809277.json.gz,1
fda.inspections.history,firm:3010392243,2015-02-04,2026-09-08T14:34:34Z,label,"Aragogamma, S.L.",,fda.inspections.history,raw/fda.inspections.history/2026/09/20260908T143434Z-548655809277.json.gz,1
fda.inspections.history,firm:3010749579,2015-02-06,2026-09-08T14:34:34Z,classification,0,ordinal,fda.inspections.history,raw/fda.inspections.history/2026/09/20260908T143434Z-548655809277.json.gz,1
fda.inspections.history,firm:3010749579,2015-02-06,2026-09-08T14:34:34Z,firm_key,JOHN V WILLIAMS M D,,fda.inspections.history,raw/fda.inspections.history/2026/09/20260908T143434Z-548655809277.json.gz,1
fda.inspections.history,firm:3010749579,2015-02-06,2026-09-08T14:34:34Z,inspected,1,count,fda.inspections.history,raw/fda.inspections.history/2026/09/20260908T143434Z-548655809277.json.gz,1
fda.inspections.history,firm:3010749579,2015-02-06,2026-09-08T14:34:34Z,inspection_end,20150206,yyyymmdd,fda.inspections.history,raw/fda.inspections.history/2026/09/20260908T143434Z-548655809277.json.gz,1
fda.inspections.history,firm:3010749579,2015-02-06,2026-09-08T14:34:34Z,is_foreign,0,bool,fda.inspections.history,raw/fda.inspections.history/2026/09/20260908T143434Z-548655809277.json.gz,1
fda.inspections.history,firm:3010749579,2015-02-06,2026-09-08T14:34:34Z,is_oai,0,bool,fda.inspections.history,raw/fda.inspections.history/2026/09/20260908T143434Z-548655809277.json.gz,1
fda.inspections.history,firm:3010749579,2015-02-06,2026-09-08T14:34:34Z,label,"John V. Williams, M.D.",,fda.inspections.history,raw/fda.inspections.history/2026/09/20260908T143434Z-548655809277.json.gz,1
fda.inspections.history,firm:3011073030,2015-02-20,2026-09-08T14:34:34Z,classification,0,ordinal,fda.inspections.history,raw/fda.inspections.history/2026/09/20260908T143434Z-548655809277.json.gz,1
fda.inspections.history,firm:3011073030,2015-02-20,2026-09-08T14:34:34Z,firm_key,CENTRASTATE MED CTR IRB,,fda.inspections.history,raw/fda.inspections.history/2026/09/20260908T143434Z-548655809277.json.gz,1
fda.inspections.history,firm:3011073030,2015-02-20,2026-09-08T14:34:34Z,inspected,1,count,fda.inspections.history,raw/fda.inspections.history/2026/09/20260908T143434Z-548655809277.json.gz,1
fda.inspections.history,firm:3011073030,2015-02-20,2026-09-08T14:34:34Z,inspection_end,20150220,yyyymmdd,fda.inspections.history,raw/fda.inspections.history/2026/09/20260908T143434Z-548655809277.json.gz,1
fda.inspections.history,firm:3011073030,2015-02-20,2026-09-08T14:34:34Z,is_foreign,0,bool,fda.inspections.history,raw/fda.inspections.history/2026/09/20260908T143434Z-548655809277.json.gz,1
fda.inspections.history,firm:3011073030,2015-02-20,2026-09-08T14:34:34Z,is_oai,0,bool,fda.inspections.history,raw/fda.inspections.history/2026/09/20260908T143434Z-548655809277.json.gz,1
fda.inspections.history,firm:3011073030,2015-02-20,2026-09-08T14:34:34Z,label,CentraState Med Ctr IRB,,fda.inspections.history,raw/fda.inspections.history/2026/09/20260908T143434Z-548655809277.json.gz,1
fda.inspections.history,firm:3011083184,2015-02-25,2026-09-08T14:34:34Z,classification,1,ordinal,fda.inspections.history,raw/fda.inspections.history/2026/09/20260908T143434Z-548655809277.json.gz,1
fda.inspections.history,firm:3011083184,2015-02-25,2026-09-08T14:34:34Z,firm_key,CBR,,fda.inspections.history,raw/fda.inspections.history/2026/09/20260908T143434Z-548655809277.json.gz,1
fda.inspections.history,firm:3011083184,2015-02-25,2026-09-08T14:34:34Z,inspected,1,count,fda.inspections.history,raw/fda.inspections.history/2026/09/20260908T143434Z-548655809277.json.gz,1
fda.inspections.history,firm:3011083184,2015-02-25,2026-09-08T14:34:34Z,inspection_end,20150225,yyyymmdd,fda.inspections.history,raw/fda.inspections.history/2026/09/20260908T143434Z-548655809277.json.gz,1
fda.inspections.history,firm:3011083184,2015-02-25,2026-09-08T14:34:34Z,is_foreign,0,bool,fda.inspections.history,raw/fda.inspections.history/2026/09/20260908T143434Z-548655809277.json.gz,1
fda.inspections.history,firm:3011083184,2015-02-25,2026-09-08T14:34:34Z,is_oai,0,bool,fda.inspections.history,raw/fda.inspections.history/2026/09/20260908T143434Z-548655809277.json.gz,1
fda.inspections.history,firm:3011083184,2015-02-25,2026-09-08T14:34:34Z,label,CBR International Corp.,,fda.inspections.history,raw/fda.inspections.history/2026/09/20260908T143434Z-548655809277.json.gz,1
fda.inspections.history,firm:3011093953,2015-02-04,2026-09-08T14:34:34Z,classification,1,ordinal,fda.inspections.history,raw/fda.inspections.history/2026/09/20260908T143434Z-548655809277.json.gz,1
fda.inspections.history,firm:3011093953,2015-02-04,2026-09-08T14:34:34Z,firm_key,PRINCETON COMMUNITY HOSPITAL IRB,,fda.inspections.history,raw/fda.inspections.history/2026/09/20260908T143434Z-548655809277.json.gz,1
fda.inspections.history,firm:3011093953,2015-02-04,2026-09-08T14:34:34Z,inspected,1,count,fda.inspections.history,raw/fda.inspections.history/2026/09/20260908T143434Z-548655809277.json.gz,1
fda.inspections.history,firm:3011093953,2015-02-04,2026-09-08T14:34:34Z,inspection_end,20150204,yyyymmdd,fda.inspections.history,raw/fda.inspections.history/2026/09/20260908T143434Z-548655809277.json.gz,1
fda.inspections.history,firm:3011093953,2015-02-04,2026-09-08T14:34:34Z,is_foreign,0,bool,fda.inspections.history,raw/fda.inspections.history/2026/09/20260908T143434Z-548655809277.json.gz,1
fda.inspections.history,firm:3011093953,2015-02-04,2026-09-08T14:34:34Z,is_oai,0,bool,fda.inspections.history,raw/fda.inspections.history/2026/09/20260908T143434Z-548655809277.json.gz,1
fda.inspections.history,firm:3011093953,2015-02-04,2026-09-08T14:34:34Z,label,Princeton Community Hospital IRB,,fda.inspections.history,raw/fda.inspections.history/2026/09/20260908T143434Z-548655809277.json.gz,1
fda.inspections.history,firm:3011103623,2015-02-06,2026-09-08T14:34:34Z,classification,0,ordinal,fda.inspections.history,raw/fda.inspections.history/2026/09/20260908T143434Z-548655809277.json.gz,1
fda.inspections.history,firm:3011103623,2015-02-06,2026-09-08T14:34:34Z,firm_key,PRIME VIGILANCE,,fda.inspections.history,raw/fda.inspections.history/2026/09/20260908T143434Z-548655809277.json.gz,1
fda.inspections.history,firm:3011103623,2015-02-06,2026-09-08T14:34:34Z,inspected,1,count,fda.inspections.history,raw/fda.inspections.history/2026/09/20260908T143434Z-548655809277.json.gz,1
fda.inspections.history,firm:3011103623,2015-02-06,2026-09-08T14:34:34Z,inspection_end,20150206,yyyymmdd,fda.inspections.history,raw/fda.inspections.history/2026/09/20260908T143434Z-548655809277.json.gz,1
fda.inspections.history,firm:3011103623,2015-02-06,2026-09-08T14:34:34Z,is_foreign,1,bool,fda.inspections.history,raw/fda.inspections.history/2026/09/20260908T143434Z-548655809277.json.gz,1
fda.inspections.history,firm:3011103623,2015-02-06,2026-09-08T14:34:34Z,is_oai,0,bool,fda.inspections.history,raw/fda.inspections.history/2026/09/20260908T143434Z-548655809277.json.gz,1
fda.inspections.history,firm:3011103623,2015-02-06,2026-09-08T14:34:34Z,label,Prime Vigilance Ltd.,,fda.inspections.history,raw/fda.inspections.history/2026/09/20260908T143434Z-548655809277.json.gz,1
fda.inspections.history,firm:3011115361,2015-02-06,2026-09-08T14:34:34Z,classification,0,ordinal,fda.inspections.history,raw/fda.inspections.history/2026/09/20260908T143434Z-548655809277.json.gz,1
fda.inspections.history,firm:3011115361,2015-02-06,2026-09-08T14:34:34Z,firm_key,PAWEL HRYCAJ M D,,fda.inspections.history,raw/fda.inspections.history/2026/09/20260908T143434Z-548655809277.json.gz,1
fda.inspections.history,firm:3011115361,2015-02-06,2026-09-08T14:34:34Z,inspected,1,count,fda.inspections.history,raw/fda.inspections.history/2026/09/20260908T143434Z-548655809277.json.gz,1
fda.inspections.history,firm:3011115361,2015-02-06,2026-09-08T14:34:34Z,inspection_end,20150206,yyyymmdd,fda.inspections.history,raw/fda.inspections.history/2026/09/20260908T143434Z-548655809277.json.gz,1
fda.inspections.history,firm:3011115361,2015-02-06,2026-09-08T14:34:34Z,is_foreign,1,bool,fda.inspections.history,raw/fda.inspections.history/2026/09/20260908T143434Z-548655809277.json.gz,1
fda.inspections.history,firm:3011115361,2015-02-06,2026-09-08T14:34:34Z,is_oai,0,bool,fda.inspections.history,raw/fda.inspections.history/2026/09/20260908T143434Z-548655809277.json.gz,1
fda.inspections.history,firm:3011115361,2015-02-06,2026-09-08T14:34:34Z,label,"Pawel Hrycaj, M.D.",,fda.inspections.history,raw/fda.inspections.history/2026/09/20260908T143434Z-548655809277.json.gz,1
fda.inspections.history,firm:3011115378,2015-02-13,2026-09-08T14:34:34Z,classification,0,ordinal,fda.inspections.history,raw/fda.inspections.history/2026/09/20260908T143434Z-548655809277.json.gz,1
fda.inspections.history,firm:3011115378,2015-02-13,2026-09-08T14:34:34Z,firm_key,JANUSZ JAWORSKI M D PH D,,fda.inspections.history,raw/fda.inspections.history/2026/09/20260908T143434Z-548655809277.json.gz,1
fda.inspections.history,firm:3011115378,2015-02-13,2026-09-08T14:34:34Z,inspected,1,count,fda.inspections.history,raw/fda.inspections.history/2026/09/20260908T143434Z-548655809277.json.gz,1
fda.inspections.history,firm:3011115378,2015-02-13,2026-09-08T14:34:34Z,inspection_end,20150213,yyyymmdd,fda.inspections.history,raw/fda.inspections.history/2026/09/20260908T143434Z-548655809277.json.gz,1
fda.inspections.history,firm:3011115378,2015-02-13,2026-09-08T14:34:34Z,is_foreign,1,bool,fda.inspections.history,raw/fda.inspections.history/2026/09/20260908T143434Z-548655809277.json.gz,1
fda.inspections.history,firm:3011115378,2015-02-13,2026-09-08T14:34:34Z,is_oai,0,bool,fda.inspections.history,raw/fda.inspections.history/2026/09/20260908T143434Z-548655809277.json.gz,1
fda.inspections.history,firm:3011115378,2015-02-13,2026-09-08T14:34:34Z,label,"Janusz Jaworski, M.D., Ph.D",,fda.inspections.history,raw/fda.inspections.history/2026/09/20260908T143434Z-548655809277.json.gz,1
fda.inspections.history,firm:3011137925,2015-02-05,2026-09-08T14:34:34Z,classification,0,ordinal,fda.inspections.history,raw/fda.inspections.history/2026/09/20260908T143434Z-548655809277.json.gz,1
fda.inspections.history,firm:3011137925,2015-02-05,2026-09-08T14:34:34Z,firm_key,PHILIP A WALLER M D,,fda.inspections.history,raw/fda.inspections.history/2026/09/20260908T143434Z-548655809277.json.gz,1
fda.inspections.history,firm:3011137925,2015-02-05,2026-09-08T14:34:34Z,inspected,1,count,fda.inspections.history,raw/fda.inspections.history/2026/09/20260908T143434Z-548655809277.json.gz,1
fda.inspections.history,firm:3011137925,2015-02-05,2026-09-08T14:34:34Z,inspection_end,20150205,yyyymmdd,fda.inspections.history,raw/fda.inspections.history/2026/09/20260908T143434Z-548655809277.json.gz,1
fda.inspections.history,firm:3011137925,2015-02-05,2026-09-08T14:34:34Z,is_foreign,0,bool,fda.inspections.history,raw/fda.inspections.history/2026/09/20260908T143434Z-548655809277.json.gz,1
fda.inspections.history,firm:3011137925,2015-02-05,2026-09-08T14:34:34Z,is_oai,0,bool,fda.inspections.history,raw/fda.inspections.history/2026/09/20260908T143434Z-548655809277.json.gz,1
fda.inspections.history,firm:3011137925,2015-02-05,2026-09-08T14:34:34Z,label,"Philip A. Waller, M.D.",,fda.inspections.history,raw/fda.inspections.history/2026/09/20260908T143434Z-548655809277.json.gz,1
fda.inspections.history,firm:3011142166,2015-02-06,2026-09-08T14:34:34Z,classification,0,ordinal,fda.inspections.history,raw/fda.inspections.history/2026/09/20260908T143434Z-548655809277.json.gz,1
fda.inspections.history,firm:3011142166,2015-02-06,2026-09-08T14:34:34Z,firm_key,NATIONAL CANCER INSTITUTE CENTRAL IRB,,fda.inspections.history,raw/fda.inspections.history/2026/09/20260908T143434Z-548655809277.json.gz,1
fda.inspections.history,firm:3011142166,2015-02-06,2026-09-08T14:34:34Z,inspected,1,count,fda.inspections.history,raw/fda.inspections.history/2026/09/20260908T143434Z-548655809277.json.gz,1
fda.inspections.history,firm:3011142166,2015-02-06,2026-09-08T14:34:34Z,inspection_end,20150206,yyyymmdd,fda.inspections.history,raw/fda.inspections.history/2026/09/20260908T143434Z-548655809277.json.gz,1
fda.inspections.history,firm:3011142166,2015-02-06,2026-09-08T14:34:34Z,is_foreign,0,bool,fda.inspections.history,raw/fda.inspections.history/2026/09/20260908T143434Z-548655809277.json.gz,1
fda.inspections.history,firm:3011142166,2015-02-06,2026-09-08T14:34:34Z,is_oai,0,bool,fda.inspections.history,raw/fda.inspections.history/2026/09/20260908T143434Z-548655809277.json.gz,1
fda.inspections.history,firm:3011142166,2015-02-06,2026-09-08T14:34:34Z,label,National Cancer Institute Central IRB,,fda.inspections.history,raw/fda.inspections.history/2026/09/20260908T143434Z-548655809277.json.gz,1
fda.inspections.history,firm:3011155564,2015-02-27,2026-09-08T14:34:34Z,classification,1,ordinal,fda.inspections.history,raw/fda.inspections.history/2026/09/20260908T143434Z-548655809277.json.gz,1
fda.inspections.history,firm:3011155564,2015-02-27,2026-09-08T14:34:34Z,firm_key,PONGSATORN SUPAATTAGORN,,fda.inspections.history,raw/fda.inspections.history/2026/09/20260908T143434Z-548655809277.json.gz,1
fda.inspections.history,firm:3011155564,2015-02-27,2026-09-08T14:34:34Z,inspected,1,count,fda.inspections.history,raw/fda.inspections.history/2026/09/20260908T143434Z-548655809277.json.gz,1
fda.inspections.history,firm:3011155564,2015-02-27,2026-09-08T14:34:34Z,inspection_end,20150227,yyyymmdd,fda.inspections.history,raw/fda.inspections.history/2026/09/20260908T143434Z-548655809277.json.gz,1
fda.inspections.history,firm:3011155564,2015-02-27,2026-09-08T14:34:34Z,is_foreign,1,bool,fda.inspections.history,raw/fda.inspections.history/2026/09/20260908T143434Z-548655809277.json.gz,1
fda.inspections.history,firm:3011155564,2015-02-27,2026-09-08T14:34:34Z,is_oai,0,bool,fda.inspections.history,raw/fda.inspections.history/2026/09/20260908T143434Z-548655809277.json.gz,1
fda.inspections.history,firm:3011155564,2015-02-27,2026-09-08T14:34:34Z,label,Pongsatorn Supaattagorn,,fda.inspections.history,raw/fda.inspections.history/2026/09/20260908T143434Z-548655809277.json.gz,1
fda.inspections.history,firm:3011158078,2015-02-27,2026-09-08T14:34:34Z,classification,0,ordinal,fda.inspections.history,raw/fda.inspections.history/2026/09/20260908T143434Z-548655809277.json.gz,1
fda.inspections.history,firm:3011158078,2015-02-27,2026-09-08T14:34:34Z,firm_key,LASZLO MANGEL MD,,fda.inspections.history,raw/fda.inspections.history/2026/09/20260908T143434Z-548655809277.json.gz,1
fda.inspections.history,firm:3011158078,2015-02-27,2026-09-08T14:34:34Z,inspected,1,count,fda.inspections.history,raw/fda.inspections.history/2026/09/20260908T143434Z-548655809277.json.gz,1
fda.inspections.history,firm:3011158078,2015-02-27,2026-09-08T14:34:34Z,inspection_end,20150227,yyyymmdd,fda.inspections.history,raw/fda.inspections.history/2026/09/20260908T143434Z-548655809277.json.gz,1
fda.inspections.history,firm:3011158078,2015-02-27,2026-09-08T14:34:34Z,is_foreign,1,bool,fda.inspections.history,raw/fda.inspections.history/2026/09/20260908T143434Z-548655809277.json.gz,1
fda.inspections.history,firm:3011158078,2015-02-27,2026-09-08T14:34:34Z,is_oai,0,bool,fda.inspections.history,raw/fda.inspections.history/2026/09/20260908T143434Z-548655809277.json.gz,1
fda.inspections.history,firm:3011158078,2015-02-27,2026-09-08T14:34:34Z,label,Laszlo Mangel MD,,fda.inspections.history,raw/fda.inspections.history/2026/09/20260908T143434Z-548655809277.json.gz,1
fda.inspections.history,firm:3011182195,2015-02-04,2026-09-08T14:34:34Z,classification,1,ordinal,fda.inspections.history,raw/fda.inspections.history/2026/09/20260908T143434Z-548655809277.json.gz,1
fda.inspections.history,firm:3011182195,2015-02-04,2026-09-08T14:34:34Z,firm_key,SHEILA M SPECKER MD CLINICAL INVESTIGATOR,,fda.inspections.history,raw/fda.inspections.history/2026/09/20260908T143434Z-548655809277.json.gz,1
fda.inspections.history,firm:3011182195,2015-02-04,2026-09-08T14:34:34Z,inspected,1,count,fda.inspections.history,raw/fda.inspections.history/2026/09/20260908T143434Z-548655809277.json.gz,1
fda.inspections.history,firm:3011182195,2015-02-04,2026-09-08T14:34:34Z,inspection_end,20150204,yyyymmdd,fda.inspections.history,raw/fda.inspections.history/2026/09/20260908T143434Z-548655809277.json.gz,1
fda.inspections.history,firm:3011182195,2015-02-04,2026-09-08T14:34:34Z,is_foreign,0,bool,fda.inspections.history,raw/fda.inspections.history/2026/09/20260908T143434Z-548655809277.json.gz,1
fda.inspections.history,firm:3011182195,2015-02-04,2026-09-08T14:34:34Z,is_oai,0,bool,fda.inspections.history,raw/fda.inspections.history/2026/09/20260908T143434Z-548655809277.json.gz,1
fda.inspections.history,firm:3011182195,2015-02-04,2026-09-08T14:34:34Z,label,"Sheila M. Specker, MD, Clinical Investigator",,fda.inspections.history,raw/fda.inspections.history/2026/09/20260908T143434Z-548655809277.json.gz,1
fda.inspections.history,firm:3011193467,2015-02-23,2026-09-08T14:34:34Z,classification,1,ordinal,fda.inspections.history,raw/fda.inspections.history/2026/09/20260908T143434Z-548655809277.json.gz,1
fda.inspections.history,firm:3011193467,2015-02-23,2026-09-08T14:34:34Z,firm_key,CARLOS PANTOJAS,,fda.inspections.history,raw/fda.inspections.history/2026/09/20260908T143434Z-548655809277.json.gz,1
fda.inspections.history,firm:3011193467,2015-02-23,2026-09-08T14:34:34Z,inspected,1,count,fda.inspections.history,raw/fda.inspections.history/2026/09/20260908T143434Z-548655809277.json.gz,1
fda.inspections.history,firm:3011193467,2015-02-23,2026-09-08T14:34:34Z,inspection_end,20150223,yyyymmdd,fda.inspections.history,raw/fda.inspections.history/2026/09/20260908T143434Z-548655809277.json.gz,1
fda.inspections.history,firm:3011193467,2015-02-23,2026-09-08T14:34:34Z,is_foreign,0,bool,fda.inspections.history,raw/fda.inspections.history/2026/09/20260908T143434Z-548655809277.json.gz,1
fda.inspections.history,firm:3011193467,2015-02-23,2026-09-08T14:34:34Z,is_oai,0,bool,fda.inspections.history,raw/fda.inspections.history/2026/09/20260908T143434Z-548655809277.json.gz,1
fda.inspections.history,firm:3011193467,2015-02-23,2026-09-08T14:34:34Z,label,Carlos Pantojas,,fda.inspections.history,raw/fda.inspections.history/2026/09/20260908T143434Z-548655809277.json.gz,1
fda.inspections.history,firm:3011197352,2015-02-11,2026-09-08T14:34:34Z,classification,1,ordinal,fda.inspections.history,raw/fda.inspections.history/2026/09/20260908T143434Z-548655809277.json.gz,1
fda.inspections.history,firm:3011197352,2015-02-11,2026-09-08T14:34:34Z,firm_key,GEOFFREY T GIBNEY MD,,fda.inspections.history,raw/fda.inspections.history/2026/09/20260908T143434Z-548655809277.json.gz,1
fda.inspections.history,firm:3011197352,2015-02-11,2026-09-08T14:34:34Z,inspected,1,count,fda.inspections.history,raw/fda.inspections.history/2026/09/20260908T143434Z-548655809277.json.gz,1
fda.inspections.history,firm:3011197352,2015-02-11,2026-09-08T14:34:34Z,inspection_end,20150211,yyyymmdd,fda.inspections.history,raw/fda.inspections.history/2026/09/20260908T143434Z-548655809277.json.gz,1
fda.inspections.history,firm:3011197352,2015-02-11,2026-09-08T14:34:34Z,is_foreign,0,bool,fda.inspections.history,raw/fda.inspections.history/2026/09/20260908T143434Z-548655809277.json.gz,1
fda.inspections.history,firm:3011197352,2015-02-11,2026-09-08T14:34:34Z,is_oai,0,bool,fda.inspections.history,raw/fda.inspections.history/2026/09/20260908T143434Z-548655809277.json.gz,1
fda.inspections.history,firm:3011197352,2015-02-11,2026-09-08T14:34:34Z,label,"Geoffrey T. Gibney, MD",,fda.inspections.history,raw/fda.inspections.history/2026/09/20260908T143434Z-548655809277.json.gz,1
fda.inspections.history,firm:3011197357,2015-02-20,2026-09-08T14:34:34Z,classification,0,ordinal,fda.inspections.history,raw/fda.inspections.history/2026/09/20260908T143434Z-548655809277.json.gz,1
fda.inspections.history,firm:3011197357,2015-02-20,2026-09-08T14:34:34Z,firm_key,LEWIS KARL D MD,,fda.inspections.history,raw/fda.inspections.history/2026/09/20260908T143434Z-548655809277.json.gz,1
fda.inspections.history,firm:3011197357,2015-02-20,2026-09-08T14:34:34Z,inspected,1,count,fda.inspections.history,raw/fda.inspections.history/2026/09/20260908T143434Z-548655809277.json.gz,1
fda.inspections.history,firm:3011197357,2015-02-20,2026-09-08T14:34:34Z,inspection_end,20150220,yyyymmdd,fda.inspections.history,raw/fda.inspections.history/2026/09/20260908T143434Z-548655809277.json.gz,1
fda.inspections.history,firm:3011197357,2015-02-20,2026-09-08T14:34:34Z,is_foreign,0,bool,fda.inspections.history,raw/fda.inspections.history/2026/09/20260908T143434Z-548655809277.json.gz,1
fda.inspections.history,firm:3011197357,2015-02-20,2026-09-08T14:34:34Z,is_oai,0,bool,fda.inspections.history,raw/fda.inspections.history/2026/09/20260908T143434Z-548655809277.json.gz,1
fda.inspections.history,firm:3011197357,2015-02-20,2026-09-08T14:34:34Z,label,"Lewis, Karl D. MD",,fda.inspections.history,raw/fda.inspections.history/2026/09/20260908T143434Z-548655809277.json.gz,1
fda.inspections.history,firm:3011215517,2015-02-13,2026-09-08T14:34:34Z,classification,1,ordinal,fda.inspections.history,raw/fda.inspections.history/2026/09/20260908T143434Z-548655809277.json.gz,1
fda.inspections.history,firm:3011215517,2015-02-13,2026-09-08T14:34:34Z,firm_key,SAMUEL F HUNTER MD,,fda.inspections.history,raw/fda.inspections.history/2026/09/20260908T143434Z-548655809277.json.gz,1
fda.inspections.history,firm:3011215517,2015-02-13,2026-09-08T14:34:34Z,inspected,1,count,fda.inspections.history,raw/fda.inspections.history/2026/09/20260908T143434Z-548655809277.json.gz,1
fda.inspections.history,firm:3011215517,2015-02-13,2026-09-08T14:34:34Z,inspection_end,20150213,yyyymmdd,fda.inspections.history,raw/fda.inspections.history/2026/09/20260908T143434Z-548655809277.json.gz,1
fda.inspections.history,firm:3011215517,2015-02-13,2026-09-08T14:34:34Z,is_foreign,0,bool,fda.inspections.history,raw/fda.inspections.history/2026/09/20260908T143434Z-548655809277.json.gz,1
fda.inspections.history,firm:3011215517,2015-02-13,2026-09-08T14:34:34Z,is_oai,0,bool,fda.inspections.history,raw/fda.inspections.history/2026/09/20260908T143434Z-548655809277.json.gz,1
fda.inspections.history,firm:3011215517,2015-02-13,2026-09-08T14:34:34Z,label,"Samuel F Hunter, MD",,fda.inspections.history,raw/fda.inspections.history/2026/09/20260908T143434Z-548655809277.json.gz,1
fda.inspections.history,firm:3011236609,2015-02-06,2026-09-08T14:34:34Z,classification,0,ordinal,fda.inspections.history,raw/fda.inspections.history/2026/09/20260908T143434Z-548655809277.json.gz,1
fda.inspections.history,firm:3011236609,2015-02-06,2026-09-08T14:34:34Z,firm_key,GREGORY S SEAL M D,,fda.inspections.history,raw/fda.inspections.history/2026/09/20260908T143434Z-548655809277.json.gz,1
fda.inspections.history,firm:3011236609,2015-02-06,2026-09-08T14:34:34Z,inspected,1,count,fda.inspections.history,raw/fda.inspections.history/2026/09/20260908T143434Z-548655809277.json.gz,1
fda.inspections.history,firm:3011236609,2015-02-06,2026-09-08T14:34:34Z,inspection_end,20150206,yyyymmdd,fda.inspections.history,raw/fda.inspections.history/2026/09/20260908T143434Z-548655809277.json.gz,1
fda.inspections.history,firm:3011236609,2015-02-06,2026-09-08T14:34:34Z,is_foreign,0,bool,fda.inspections.history,raw/fda.inspections.history/2026/09/20260908T143434Z-548655809277.json.gz,1
fda.inspections.history,firm:3011236609,2015-02-06,2026-09-08T14:34:34Z,is_oai,0,bool,fda.inspections.history,raw/fda.inspections.history/2026/09/20260908T143434Z-548655809277.json.gz,1
fda.inspections.history,firm:3011236609,2015-02-06,2026-09-08T14:34:34Z,label,"Gregory S. Seal, M.D.",,fda.inspections.history,raw/fda.inspections.history/2026/09/20260908T143434Z-548655809277.json.gz,1
fda.inspections.history,firm:3011248068,2015-02-13,2026-09-08T14:34:34Z,classification,0,ordinal,fda.inspections.history,raw/fda.inspections.history/2026/09/20260908T143434Z-548655809277.json.gz,1
fda.inspections.history,firm:3011248068,2015-02-13,2026-09-08T14:34:34Z,firm_key,MELANIE THOMPSON,,fda.inspections.history,raw/fda.inspections.history/2026/09/20260908T143434Z-548655809277.json.gz,1
fda.inspections.history,firm:3011248068,2015-02-13,2026-09-08T14:34:34Z,inspected,1,count,fda.inspections.history,raw/fda.inspections.history/2026/09/20260908T143434Z-548655809277.json.gz,1
fda.inspections.history,firm:3011248068,2015-02-13,2026-09-08T14:34:34Z,inspection_end,20150213,yyyymmdd,fda.inspections.history,raw/fda.inspections.history/2026/09/20260908T143434Z-548655809277.json.gz,1
fda.inspections.history,firm:3011248068,2015-02-13,2026-09-08T14:34:34Z,is_foreign,0,bool,fda.inspections.history,raw/fda.inspections.history/2026/09/20260908T143434Z-548655809277.json.gz,1
fda.inspections.history,firm:3011248068,2015-02-13,2026-09-08T14:34:34Z,is_oai,0,bool,fda.inspections.history,raw/fda.inspections.history/2026/09/20260908T143434Z-548655809277.json.gz,1
fda.inspections.history,firm:3011248068,2015-02-13,2026-09-08T14:34:34Z,label,Melanie Thompson,,fda.inspections.history,raw/fda.inspections.history/2026/09/20260908T143434Z-548655809277.json.gz,1
fda.inspections.history,firm:3011252859,2015-02-06,2026-09-08T14:34:34Z,classification,1,ordinal,fda.inspections.history,raw/fda.inspections.history/2026/09/20260908T143434Z-548655809277.json.gz,1
fda.inspections.history,firm:3011252859,2015-02-06,2026-09-08T14:34:34Z,firm_key,TRACI A TURNER MD,,fda.inspections.history,raw/fda.inspections.history/2026/09/20260908T143434Z-548655809277.json.gz,1
fda.inspections.history,firm:3011252859,2015-02-06,2026-09-08T14:34:34Z,inspected,1,count,fda.inspections.history,raw/fda.inspections.history/2026/09/20260908T143434Z-548655809277.json.gz,1
fda.inspections.history,firm:3011252859,2015-02-06,2026-09-08T14:34:34Z,inspection_end,20150206,yyyymmdd,fda.inspections.history,raw/fda.inspections.history/2026/09/20260908T143434Z-548655809277.json.gz,1
fda.inspections.history,firm:3011252859,2015-02-06,2026-09-08T14:34:34Z,is_foreign,0,bool,fda.inspections.history,raw/fda.inspections.history/2026/09/20260908T143434Z-548655809277.json.gz,1
fda.inspections.history,firm:3011252859,2015-02-06,2026-09-08T14:34:34Z,is_oai,0,bool,fda.inspections.history,raw/fda.inspections.history/2026/09/20260908T143434Z-548655809277.json.gz,1
fda.inspections.history,firm:3011252859,2015-02-06,2026-09-08T14:34:34Z,label,Traci A Turner MD,,fda.inspections.history,raw/fda.inspections.history/2026/09/20260908T143434Z-548655809277.json.gz,1
fda.inspections.history,firm:3011266851,2015-02-27,2026-09-08T14:34:34Z,classification,1,ordinal,fda.inspections.history,raw/fda.inspections.history/2026/09/20260908T143434Z-548655809277.json.gz,1
fda.inspections.history,firm:3011266851,2015-02-27,2026-09-08T14:34:34Z,firm_key,KAREN S MCCOY MD,,fda.inspections.history,raw/fda.inspections.history/2026/09/20260908T143434Z-548655809277.json.gz,1
fda.inspections.history,firm:3011266851,2015-02-27,2026-09-08T14:34:34Z,inspected,1,count,fda.inspections.history,raw/fda.inspections.history/2026/09/20260908T143434Z-548655809277.json.gz,1
fda.inspections.history,firm:3011266851,2015-02-27,2026-09-08T14:34:34Z,inspection_end,20150227,yyyymmdd,fda.inspections.history,raw/fda.inspections.history/2026/09/20260908T143434Z-548655809277.json.gz,1
fda.inspections.history,firm:3011266851,2015-02-27,2026-09-08T14:34:34Z,is_foreign,0,bool,fda.inspections.history,raw/fda.inspections.history/2026/09/20260908T143434Z-548655809277.json.gz,1
fda.inspections.history,firm:3011266851,2015-02-27,2026-09-08T14:34:34Z,is_oai,0,bool,fda.inspections.history,raw/fda.inspections.history/2026/09/20260908T143434Z-548655809277.json.gz,1
fda.inspections.history,firm:3011266851,2015-02-27,2026-09-08T14:34:34Z,label,Karen S. McCoy MD,,fda.inspections.history,raw/fda.inspections.history/2026/09/20260908T143434Z-548655809277.json.gz,1
fda.inspections.history,firm:3011266868,2015-02-04,2026-09-08T14:34:34Z,classification,0,ordinal,fda.inspections.history,raw/fda.inspections.history/2026/09/20260908T143434Z-548655809277.json.gz,1
fda.inspections.history,firm:3011266868,2015-02-04,2026-09-08T14:34:34Z,firm_key,GIL VARDI MD,,fda.inspections.history,raw/fda.inspections.history/2026/09/20260908T143434Z-548655809277.json.gz,1
fda.inspections.history,firm:3011266868,2015-02-04,2026-09-08T14:34:34Z,inspected,1,count,fda.inspections.history,raw/fda.inspections.history/2026/09/20260908T143434Z-548655809277.json.gz,1
fda.inspections.history,firm:3011266868,2015-02-04,2026-09-08T14:34:34Z,inspection_end,20150204,yyyymmdd,fda.inspections.history,raw/fda.inspections.history/2026/09/20260908T143434Z-548655809277.json.gz,1
fda.inspections.history,firm:3011266868,2015-02-04,2026-09-08T14:34:34Z,is_foreign,0,bool,fda.inspections.history,raw/fda.inspections.history/2026/09/20260908T143434Z-548655809277.json.gz,1
fda.inspections.history,firm:3011266868,2015-02-04,2026-09-08T14:34:34Z,is_oai,0,bool,fda.inspections.history,raw/fda.inspections.history/2026/09/20260908T143434Z-548655809277.json.gz,1
fda.inspections.history,firm:3011266868,2015-02-04,2026-09-08T14:34:34Z,label,"Gil Vardi, MD",,fda.inspections.history,raw/fda.inspections.history/2026/09/20260908T143434Z-548655809277.json.gz,1
fda.inspections.history,firm:3011266899,2015-02-11,2026-09-08T14:34:34Z,classification,0,ordinal,fda.inspections.history,raw/fda.inspections.history/2026/09/20260908T143434Z-548655809277.json.gz,1
fda.inspections.history,firm:3011266899,2015-02-11,2026-09-08T14:34:34Z,firm_key,JOHN G SONNENBERG PH D,,fda.inspections.history,raw/fda.inspections.history/2026/09/20260908T143434Z-548655809277.json.gz,1
fda.inspections.history,firm:3011266899,2015-02-11,2026-09-08T14:34:34Z,inspected,1,count,fda.inspections.history,raw/fda.inspections.history/2026/09/20260908T143434Z-548655809277.json.gz,1
fda.inspections.history,firm:3011266899,2015-02-11,2026-09-08T14:34:34Z,inspection_end,20150211,yyyymmdd,fda.inspections.history,raw/fda.inspections.history/2026/09/20260908T143434Z-548655809277.json.gz,1
fda.inspections.history,firm:3011266899,2015-02-11,2026-09-08T14:34:34Z,is_foreign,0,bool,fda.inspections.history,raw/fda.inspections.history/2026/09/20260908T143434Z-548655809277.json.gz,1
fda.inspections.history,firm:3011266899,2015-02-11,2026-09-08T14:34:34Z,is_oai,0,bool,fda.inspections.history,raw/fda.inspections.history/2026/09/20260908T143434Z-548655809277.json.gz,1
fda.inspections.history,firm:3011266899,2015-02-11,2026-09-08T14:34:34Z,label,"John G. Sonnenberg, Ph.D.",,fda.inspections.history,raw/fda.inspections.history/2026/09/20260908T143434Z-548655809277.json.gz,1
fda.inspections.history,firm:3011267195,2015-02-11,2026-09-08T14:34:34Z,classification,0,ordinal,fda.inspections.history,raw/fda.inspections.history/2026/09/20260908T143434Z-548655809277.json.gz,1
fda.inspections.history,firm:3011267195,2015-02-11,2026-09-08T14:34:34Z,firm_key,EDWARD G NEILAN MD PHD,,fda.inspections.history,raw/fda.inspections.history/2026/09/20260908T143434Z-548655809277.json.gz,1
fda.inspections.history,firm:3011267195,2015-02-11,2026-09-08T14:34:34Z,inspected,1,count,fda.inspections.history,raw/fda.inspections.history/2026/09/20260908T143434Z-548655809277.json.gz,1
fda.inspections.history,firm:3011267195,2015-02-11,2026-09-08T14:34:34Z,inspection_end,20150211,yyyymmdd,fda.inspections.history,raw/fda.inspections.history/2026/09/20260908T143434Z-548655809277.json.gz,1
fda.inspections.history,firm:3011267195,2015-02-11,2026-09-08T14:34:34Z,is_foreign,0,bool,fda.inspections.history,raw/fda.inspections.history/2026/09/20260908T143434Z-548655809277.json.gz,1
fda.inspections.history,firm:3011267195,2015-02-11,2026-09-08T14:34:34Z,is_oai,0,bool,fda.inspections.history,raw/fda.inspections.history/2026/09/20260908T143434Z-548655809277.json.gz,1
fda.inspections.history,firm:3011267195,2015-02-11,2026-09-08T14:34:34Z,label,"Edward G. Neilan, MD, PhD",,fda.inspections.history,raw/fda.inspections.history/2026/09/20260908T143434Z-548655809277.json.gz,1
fda.inspections.history,firm:3011278953,2015-02-19,2026-09-08T14:34:34Z,classification,2,ordinal,fda.inspections.history,raw/fda.inspections.history/2026/09/20260908T143434Z-548655809277.json.gz,1
fda.inspections.history,firm:3011278953,2015-02-19,2026-09-08T14:34:34Z,firm_key,PHYSICIAN PREFERRED MEDICAL,,fda.inspections.history,raw/fda.inspections.history/2026/09/20260908T143434Z-548655809277.json.gz,1
fda.inspections.history,firm:3011278953,2015-02-19,2026-09-08T14:34:34Z,inspected,1,count,fda.inspections.history,raw/fda.inspections.history/2026/09/20260908T143434Z-548655809277.json.gz,1
fda.inspections.history,firm:3011278953,2015-02-19,2026-09-08T14:34:34Z,inspection_end,20150219,yyyymmdd,fda.inspections.history,raw/fda.inspections.history/2026/09/20260908T143434Z-548655809277.json.gz,1
fda.inspections.history,firm:3011278953,2015-02-19,2026-09-08T14:34:34Z,is_foreign,0,bool,fda.inspections.history,raw/fda.inspections.history/2026/09/20260908T143434Z-548655809277.json.gz,1
fda.inspections.history,firm:3011278953,2015-02-19,2026-09-08T14:34:34Z,is_oai,1,bool,fda.inspections.history,raw/fda.inspections.history/2026/09/20260908T143434Z-548655809277.json.gz,1
fda.inspections.history,firm:3011278953,2015-02-19,2026-09-08T14:34:34Z,label,"Physician Preferred Medical, LLC",,fda.inspections.history,raw/fda.inspections.history/2026/09/20260908T143434Z-548655809277.json.gz,1
fda.inspections.history,firm:3011285833,2015-02-04,2026-09-08T14:34:34Z,classification,0,ordinal,fda.inspections.history,raw/fda.inspections.history/2026/09/20260908T143434Z-548655809277.json.gz,1
fda.inspections.history,firm:3011285833,2015-02-04,2026-09-08T14:34:34Z,firm_key,MARK C LIU M D CLINICAL INVESTIGATOR,,fda.inspections.history,raw/fda.inspections.history/2026/09/20260908T143434Z-548655809277.json.gz,1
fda.inspections.history,firm:3011285833,2015-02-04,2026-09-08T14:34:34Z,inspected,1,count,fda.inspections.history,raw/fda.inspections.history/2026/09/20260908T143434Z-548655809277.json.gz,1
fda.inspections.history,firm:3011285833,2015-02-04,2026-09-08T14:34:34Z,inspection_end,20150204,yyyymmdd,fda.inspections.history,raw/fda.inspections.history/2026/09/20260908T143434Z-548655809277.json.gz,1
fda.inspections.history,firm:3011285833,2015-02-04,2026-09-08T14:34:34Z,is_foreign,0,bool,fda.inspections.history,raw/fda.inspections.history/2026/09/20260908T143434Z-548655809277.json.gz,1
fda.inspections.history,firm:3011285833,2015-02-04,2026-09-08T14:34:34Z,is_oai,0,bool,fda.inspections.history,raw/fda.inspections.history/2026/09/20260908T143434Z-548655809277.json.gz,1
fda.inspections.history,firm:3011285833,2015-02-04,2026-09-08T14:34:34Z,label,"Mark C. Liu, M.D., Clinical Investigator",,fda.inspections.history,raw/fda.inspections.history/2026/09/20260908T143434Z-548655809277.json.gz,1
fda.inspections.history,firm:3011286345,2015-02-11,2026-09-08T14:34:34Z,classification,1,ordinal,fda.inspections.history,raw/fda.inspections.history/2026/09/20260908T143434Z-548655809277.json.gz,1
fda.inspections.history,firm:3011286345,2015-02-11,2026-09-08T14:34:34Z,firm_key,BEAUFORT MEMORIAL HOSPITAL IRB,,fda.inspections.history,raw/fda.inspections.history/2026/09/20260908T143434Z-548655809277.json.gz,1
fda.inspections.history,firm:3011286345,2015-02-11,2026-09-08T14:34:34Z,inspected,1,count,fda.inspections.history,raw/fda.inspections.history/2026/09/20260908T143434Z-548655809277.json.gz,1
fda.inspections.history,firm:3011286345,2015-02-11,2026-09-08T14:34:34Z,inspection_end,20150211,yyyymmdd,fda.inspections.history,raw/fda.inspections.history/2026/09/20260908T143434Z-548655809277.json.gz,1
fda.inspections.history,firm:3011286345,2015-02-11,2026-09-08T14:34:34Z,is_foreign,0,bool,fda.inspections.history,raw/fda.inspections.history/2026/09/20260908T143434Z-548655809277.json.gz,1
fda.inspections.history,firm:3011286345,2015-02-11,2026-09-08T14:34:34Z,is_oai,0,bool,fda.inspections.history,raw/fda.inspections.history/2026/09/20260908T143434Z-548655809277.json.gz,1
fda.inspections.history,firm:3011286345,2015-02-11,2026-09-08T14:34:34Z,label,Beaufort Memorial Hospital IRB,,fda.inspections.history,raw/fda.inspections.history/2026/09/20260908T143434Z-548655809277.json.gz,1
fda.inspections.history,firm:3011289655,2015-02-09,2026-09-08T14:34:34Z,classification,1,ordinal,fda.inspections.history,raw/fda.inspections.history/2026/09/20260908T143434Z-548655809277.json.gz,1
fda.inspections.history,firm:3011289655,2015-02-09,2026-09-08T14:34:34Z,firm_key,KASHIV BIOSCIENCES,,fda.inspections.history,raw/fda.inspections.history/2026/09/20260908T143434Z-548655809277.json.gz,1
fda.inspections.history,firm:3011289655,2015-02-09,2026-09-08T14:34:34Z,inspected,1,count,fda.inspections.history,raw/fda.inspections.history/2026/09/20260908T143434Z-548655809277.json.gz,1
fda.inspections.history,firm:3011289655,2015-02-09,2026-09-08T14:34:34Z,inspection_end,20150209,yyyymmdd,fda.inspections.history,raw/fda.inspections.history/2026/09/20260908T143434Z-548655809277.json.gz,1
fda.inspections.history,firm:3011289655,2015-02-09,2026-09-08T14:34:34Z,is_foreign,0,bool,fda.inspections.history,raw/fda.inspections.history/2026/09/20260908T143434Z-548655809277.json.gz,1
fda.inspections.history,firm:3011289655,2015-02-09,2026-09-08T14:34:34Z,is_oai,0,bool,fda.inspections.history,raw/fda.inspections.history/2026/09/20260908T143434Z-548655809277.json.gz,1
fda.inspections.history,firm:3011289655,2015-02-09,2026-09-08T14:34:34Z,label,"Kashiv BioSciences, LLC",,fda.inspections.history,raw/fda.inspections.history/2026/09/20260908T143434Z-548655809277.json.gz,1
fda.inspections.history,firm:3011297851,2015-02-12,2026-09-08T14:34:34Z,classification,1,ordinal,fda.inspections.history,raw/fda.inspections.history/2026/09/20260908T143434Z-548655809277.json.gz,1
fda.inspections.history,firm:3011297851,2015-02-12,2026-09-08T14:34:34Z,firm_key,CARLOS MARTINEZ M D,,fda.inspections.history,raw/fda.inspections.history/2026/09/20260908T143434Z-548655809277.json.gz,1
fda.inspections.history,firm:3011297851,2015-02-12,2026-09-08T14:34:34Z,inspected,1,count,fda.inspections.history,raw/fda.inspections.history/2026/09/20260908T143434Z-548655809277.json.gz,1
fda.inspections.history,firm:3011297851,2015-02-12,2026-09-08T14:34:34Z,inspection_end,20150212,yyyymmdd,fda.inspections.history,raw/fda.inspections.history/2026/09/20260908T143434Z-548655809277.json.gz,1
fda.inspections.history,firm:3011297851,2015-02-12,2026-09-08T14:34:34Z,is_foreign,0,bool,fda.inspections.history,raw/fda.inspections.history/2026/09/20260908T143434Z-548655809277.json.gz,1
fda.inspections.history,firm:3011297851,2015-02-12,2026-09-08T14:34:34Z,is_oai,0,bool,fda.inspections.history,raw/fda.inspections.history/2026/09/20260908T143434Z-548655809277.json.gz,1
fda.inspections.history,firm:3011297851,2015-02-12,2026-09-08T14:34:34Z,label,"Carlos Martinez, M.D.",,fda.inspections.history,raw/fda.inspections.history/2026/09/20260908T143434Z-548655809277.json.gz,1
fda.inspections.history,firm:3011325768,2015-02-23,2026-09-08T14:34:34Z,classification,1,ordinal,fda.inspections.history,raw/fda.inspections.history/2026/09/20260908T143434Z-548655809277.json.gz,1
fda.inspections.history,firm:3011325768,2015-02-23,2026-09-08T14:34:34Z,firm_key,DAVID STOCKTON M D,,fda.inspections.history,raw/fda.inspections.history/2026/09/20260908T143434Z-548655809277.json.gz,1
fda.inspections.history,firm:3011325768,2015-02-23,2026-09-08T14:34:34Z,inspected,1,count,fda.inspections.history,raw/fda.inspections.history/2026/09/20260908T143434Z-548655809277.json.gz,1
fda.inspections.history,firm:3011325768,2015-02-23,2026-09-08T14:34:34Z,inspection_end,20150223,yyyymmdd,fda.inspections.history,raw/fda.inspections.history/2026/09/20260908T143434Z-548655809277.json.gz,1
fda.inspections.history,firm:3011325768,2015-02-23,2026-09-08T14:34:34Z,is_foreign,0,bool,fda.inspections.history,raw/fda.inspections.history/2026/09/20260908T143434Z-548655809277.json.gz,1
fda.inspections.history,firm:3011325768,2015-02-23,2026-09-08T14:34:34Z,is_oai,0,bool,fda.inspections.history,raw/fda.inspections.history/2026/09/20260908T143434Z-548655809277.json.gz,1
fda.inspections.history,firm:3011325768,2015-02-23,2026-09-08T14:34:34Z,label,"David Stockton, M.D.",,fda.inspections.history,raw/fda.inspections.history/2026/09/20260908T143434Z-548655809277.json.gz,1
fda.inspections.history,firm:3011357279,2015-02-23,2026-09-08T14:34:34Z,classification,2,ordinal,fda.inspections.history,raw/fda.inspections.history/2026/09/20260908T143434Z-548655809277.json.gz,1
fda.inspections.history,firm:3011357279,2015-02-23,2026-09-08T14:34:34Z,firm_key,TRI MED DBA ADVANCED CARE INFUSION SHELBY,,fda.inspections.history,raw/fda.inspections.history/2026/09/20260908T143434Z-548655809277.json.gz,1
fda.inspections.history,firm:3011357279,2015-02-23,2026-09-08T14:34:34Z,inspected,1,count,fda.inspections.history,raw/fda.inspections.history/2026/09/20260908T143434Z-548655809277.json.gz,1
fda.inspections.history,firm:3011357279,2015-02-23,2026-09-08T14:34:34Z,inspection_end,20150223,yyyymmdd,fda.inspections.history,raw/fda.inspections.history/2026/09/20260908T143434Z-548655809277.json.gz,1
fda.inspections.history,firm:3011357279,2015-02-23,2026-09-08T14:34:34Z,is_foreign,0,bool,fda.inspections.history,raw/fda.inspections.history/2026/09/20260908T143434Z-548655809277.json.gz,1
fda.inspections.history,firm:3011357279,2015-02-23,2026-09-08T14:34:34Z,is_oai,1,bool,fda.inspections.history,raw/fda.inspections.history/2026/09/20260908T143434Z-548655809277.json.gz,1
fda.inspections.history,firm:3011357279,2015-02-23,2026-09-08T14:34:34Z,label,"Tri-Med, Inc. dba Advanced Care Infusion-Shelby",,fda.inspections.history,raw/fda.inspections.history/2026/09/20260908T143434Z-548655809277.json.gz,1
fda.inspections.history,firm:3011364861,2015-02-27,2026-09-08T14:34:34Z,classification,2,ordinal,fda.inspections.history,raw/fda.inspections.history/2026/09/20260908T143434Z-548655809277.json.gz,1
fda.inspections.history,firm:3011364861,2015-02-27,2026-09-08T14:34:34Z,firm_key,HEALTH INNOVATIONS PHARMACY,,fda.inspections.history,raw/fda.inspections.history/2026/09/20260908T143434Z-548655809277.json.gz,1
fda.inspections.history,firm:3011364861,2015-02-27,2026-09-08T14:34:34Z,inspected,1,count,fda.inspections.history,raw/fda.inspections.history/2026/09/20260908T143434Z-548655809277.json.gz,1
fda.inspections.history,firm:3011364861,2015-02-27,2026-09-08T14:34:34Z,inspection_end,20150227,yyyymmdd,fda.inspections.history,raw/fda.inspections.history/2026/09/20260908T143434Z-548655809277.json.gz,1
fda.inspections.history,firm:3011364861,2015-02-27,2026-09-08T14:34:34Z,is_foreign,0,bool,fda.inspections.history,raw/fda.inspections.history/2026/09/20260908T143434Z-548655809277.json.gz,1
fda.inspections.history,firm:3011364861,2015-02-27,2026-09-08T14:34:34Z,is_oai,1,bool,fda.inspections.history,raw/fda.inspections.history/2026/09/20260908T143434Z-548655809277.json.gz,1
fda.inspections.history,firm:3011364861,2015-02-27,2026-09-08T14:34:34Z,label,"Health Innovations Pharmacy, Inc",,fda.inspections.history,raw/fda.inspections.history/2026/09/20260908T143434Z-548655809277.json.gz,1
fda.inspections.history,firm:3011558225,2015-02-27,2026-09-08T14:34:34Z,classification,1,ordinal,fda.inspections.history,raw/fda.inspections.history/2026/09/20260908T143434Z-548655809277.json.gz,1
fda.inspections.history,firm:3011558225,2015-02-27,2026-09-08T14:34:34Z,firm_key,EXCELLENTIA FLAVOURS,,fda.inspections.history,raw/fda.inspections.history/2026/09/20260908T143434Z-548655809277.json.gz,1
fda.inspections.history,firm:3011558225,2015-02-27,2026-09-08T14:34:34Z,inspected,1,count,fda.inspections.history,raw/fda.inspections.history/2026/09/20260908T143434Z-548655809277.json.gz,1
fda.inspections.history,firm:3011558225,2015-02-27,2026-09-08T14:34:34Z,inspection_end,20150227,yyyymmdd,fda.inspections.history,raw/fda.inspections.history/2026/09/20260908T143434Z-548655809277.json.gz,1
fda.inspections.history,firm:3011558225,2015-02-27,2026-09-08T14:34:34Z,is_foreign,0,bool,fda.inspections.history,raw/fda.inspections.history/2026/09/20260908T143434Z-548655809277.json.gz,1
fda.inspections.history,firm:3011558225,2015-02-27,2026-09-08T14:34:34Z,is_oai,0,bool,fda.inspections.history,raw/fda.inspections.history/2026/09/20260908T143434Z-548655809277.json.gz,1
fda.inspections.history,firm:3011558225,2015-02-27,2026-09-08T14:34:34Z,label,Excellentia Flavours LLC,,fda.inspections.history,raw/fda.inspections.history/2026/09/20260908T143434Z-548655809277.json.gz,1
fda.inspections.history,firm:3012971227,2015-02-20,2026-09-08T14:34:34Z,classification,1,ordinal,fda.inspections.history,raw/fda.inspections.history/2026/09/20260908T143434Z-548655809277.json.gz,1
fda.inspections.history,firm:3012971227,2015-02-20,2026-09-08T14:34:34Z,firm_key,NITTO AVECIA SERVICES,,fda.inspections.history,raw/fda.inspections.history/2026/09/20260908T143434Z-548655809277.json.gz,1
fda.inspections.history,firm:3012971227,2015-02-20,2026-09-08T14:34:34Z,inspected,1,count,fda.inspections.history,raw/fda.inspections.history/2026/09/20260908T143434Z-548655809277.json.gz,1
fda.inspections.history,firm:3012971227,2015-02-20,2026-09-08T14:34:34Z,inspection_end,20150220,yyyymmdd,fda.inspections.history,raw/fda.inspections.history/2026/09/20260908T143434Z-548655809277.json.gz,1
fda.inspections.history,firm:3012971227,2015-02-20,2026-09-08T14:34:34Z,is_foreign,0,bool,fda.inspections.history,raw/fda.inspections.history/2026/09/20260908T143434Z-548655809277.json.gz,1
fda.inspections.history,firm:3012971227,2015-02-20,2026-09-08T14:34:34Z,is_oai,0,bool,fda.inspections.history,raw/fda.inspections.history/2026/09/20260908T143434Z-548655809277.json.gz,1
fda.inspections.history,firm:3012971227,2015-02-20,2026-09-08T14:34:34Z,label,"Nitto Avecia Pharma Services, Inc.",,fda.inspections.history,raw/fda.inspections.history/2026/09/20260908T143434Z-548655809277.json.gz,1
fda.inspections.history,firm:3014243475,2015-02-13,2026-09-08T14:34:34Z,classification,0,ordinal,fda.inspections.history,raw/fda.inspections.history/2026/09/20260908T143434Z-548655809277.json.gz,1
fda.inspections.history,firm:3014243475,2015-02-13,2026-09-08T14:34:34Z,firm_key,GUERBET,,fda.inspections.history,raw/fda.inspections.history/2026/09/20260908T143434Z-548655809277.json.gz,1
fda.inspections.history,firm:3014243475,2015-02-13,2026-09-08T14:34:34Z,inspected,1,count,fda.inspections.history,raw/fda.inspections.history/2026/09/20260908T143434Z-548655809277.json.gz,1
fda.inspections.history,firm:3014243475,2015-02-13,2026-09-08T14:34:34Z,inspection_end,20150213,yyyymmdd,fda.inspections.history,raw/fda.inspections.history/2026/09/20260908T143434Z-548655809277.json.gz,1
fda.inspections.history,firm:3014243475,2015-02-13,2026-09-08T14:34:34Z,is_foreign,0,bool,fda.inspections.history,raw/fda.inspections.history/2026/09/20260908T143434Z-548655809277.json.gz,1
fda.inspections.history,firm:3014243475,2015-02-13,2026-09-08T14:34:34Z,is_oai,0,bool,fda.inspections.history,raw/fda.inspections.history/2026/09/20260908T143434Z-548655809277.json.gz,1
fda.inspections.history,firm:3014243475,2015-02-13,2026-09-08T14:34:34Z,label,GUERBET LLC,,fda.inspections.history,raw/fda.inspections.history/2026/09/20260908T143434Z-548655809277.json.gz,1
fda.inspections.history,firm:3015881013,2015-02-27,2026-09-08T14:34:34Z,classification,0,ordinal,fda.inspections.history,raw/fda.inspections.history/2026/09/20260908T143434Z-548655809277.json.gz,1
fda.inspections.history,firm:3015881013,2015-02-27,2026-09-08T14:34:34Z,firm_key,FORMULATED SOLUTIONS CLEVELAND,,fda.inspections.history,raw/fda.inspections.history/2026/09/20260908T143434Z-548655809277.json.gz,1
fda.inspections.history,firm:3015881013,2015-02-27,2026-09-08T14:34:34Z,inspected,1,count,fda.inspections.history,raw/fda.inspections.history/2026/09/20260908T143434Z-548655809277.json.gz,1
fda.inspections.history,firm:3015881013,2015-02-27,2026-09-08T14:34:34Z,inspection_end,20150227,yyyymmdd,fda.inspections.history,raw/fda.inspections.history/2026/09/20260908T143434Z-548655809277.json.gz,1
fda.inspections.history,firm:3015881013,2015-02-27,2026-09-08T14:34:34Z,is_foreign,0,bool,fda.inspections.history,raw/fda.inspections.history/2026/09/20260908T143434Z-548655809277.json.gz,1
fda.inspections.history,firm:3015881013,2015-02-27,2026-09-08T14:34:34Z,is_oai,0,bool,fda.inspections.history,raw/fda.inspections.history/2026/09/20260908T143434Z-548655809277.json.gz,1
fda.inspections.history,firm:3015881013,2015-02-27,2026-09-08T14:34:34Z,label,Formulated Solutions Cleveland LLC,,fda.inspections.history,raw/fda.inspections.history/2026/09/20260908T143434Z-548655809277.json.gz,1
fda.refusals.backfill,firm:1000117606,2015-02-23,2026-09-09T17:04:56Z,firm_key,SANOFI AVENTIS US,,fda.refusals.backfill,raw/fda.refusals.backfill/2026/09/20260909T170456Z-d19e1c7920aa.json.gz,1
fda.refusals.backfill,firm:1000117606,2015-02-23,2026-09-09T17:04:56Z,import_refusal,1,count,fda.refusals.backfill,raw/fda.refusals.backfill/2026/09/20260909T170456Z-d19e1c7920aa.json.gz,1
fda.refusals.backfill,firm:1000117606,2015-02-23,2026-09-09T17:04:56Z,is_drug_or_biologic,1,bool,fda.refusals.backfill,raw/fda.refusals.backfill/2026/09/20260909T170456Z-d19e1c7920aa.json.gz,1
fda.refusals.backfill,firm:1000117606,2015-02-23,2026-09-09T17:04:56Z,is_foreign,0,bool,fda.refusals.backfill,raw/fda.refusals.backfill/2026/09/20260909T170456Z-d19e1c7920aa.json.gz,1
fda.refusals.backfill,firm:1000117606,2015-02-23,2026-09-09T17:04:56Z,is_human_drug,1,bool,fda.refusals.backfill,raw/fda.refusals.backfill/2026/09/20260909T170456Z-d19e1c7920aa.json.gz,1
fda.refusals.backfill,firm:1000117606,2015-02-23,2026-09-09T17:04:56Z,label,Sanofi-Aventis US LLC,,fda.refusals.backfill,raw/fda.refusals.backfill/2026/09/20260909T170456Z-d19e1c7920aa.json.gz,1
fda.refusals.backfill,firm:1000117606,2015-02-23,2026-09-09T17:04:56Z,refused_at,20150223,yyyymmdd,fda.refusals.backfill,raw/fda.refusals.backfill/2026/09/20260909T170456Z-d19e1c7920aa.json.gz,1
fda.refusals.backfill,firm:1000117606,2015-02-24,2026-09-09T17:04:56Z,firm_key,SANOFI AVENTIS US,,fda.refusals.backfill,raw/fda.refusals.backfill/2026/09/20260909T170456Z-d19e1c7920aa.json.gz,1
fda.refusals.backfill,firm:1000117606,2015-02-24,2026-09-09T17:04:56Z,import_refusal,1,count,fda.refusals.backfill,raw/fda.refusals.backfill/2026/09/20260909T170456Z-d19e1c7920aa.json.gz,1
fda.refusals.backfill,firm:1000117606,2015-02-24,2026-09-09T17:04:56Z,is_drug_or_biologic,1,bool,fda.refusals.backfill,raw/fda.refusals.backfill/2026/09/20260909T170456Z-d19e1c7920aa.json.gz,1
fda.refusals.backfill,firm:1000117606,2015-02-24,2026-09-09T17:04:56Z,is_foreign,0,bool,fda.refusals.backfill,raw/fda.refusals.backfill/2026/09/20260909T170456Z-d19e1c7920aa.json.gz,1
fda.refusals.backfill,firm:1000117606,2015-02-24,2026-09-09T17:04:56Z,is_human_drug,1,bool,fda.refusals.backfill,raw/fda.refusals.backfill/2026/09/20260909T170456Z-d19e1c7920aa.json.gz,1
fda.refusals.backfill,firm:1000117606,2015-02-24,2026-09-09T17:04:56Z,label,Sanofi-Aventis US LLC,,fda.refusals.backfill,raw/fda.refusals.backfill/2026/09/20260909T170456Z-d19e1c7920aa.json.gz,1
fda.refusals.backfill,firm:1000117606,2015-02-24,2026-09-09T17:04:56Z,refused_at,20150224,yyyymmdd,fda.refusals.backfill,raw/fda.refusals.backfill/2026/09/20260909T170456Z-d19e1c7920aa.json.gz,1
fda.refusals.backfill,firm:1000135041,2015-02-03,2026-09-09T17:04:56Z,firm_key,BELLEGROVE MEDICAL SUPPLY,,fda.refusals.backfill,raw/fda.refusals.backfill/2026/09/20260909T170456Z-d19e1c7920aa.json.gz,1
fda.refusals.backfill,firm:1000135041,2015-02-03,2026-09-09T17:04:56Z,import_refusal,1,count,fda.refusals.backfill,raw/fda.refusals.backfill/2026/09/20260909T170456Z-d19e1c7920aa.json.gz,1
fda.refusals.backfill,firm:1000135041,2015-02-03,2026-09-09T17:04:56Z,is_drug_or_biologic,1,bool,fda.refusals.backfill,raw/fda.refusals.backfill/2026/09/20260909T170456Z-d19e1c7920aa.json.gz,1
fda.refusals.backfill,firm:1000135041,2015-02-03,2026-09-09T17:04:56Z,is_foreign,0,bool,fda.refusals.backfill,raw/fda.refusals.backfill/2026/09/20260909T170456Z-d19e1c7920aa.json.gz,1
fda.refusals.backfill,firm:1000135041,2015-02-03,2026-09-09T17:04:56Z,is_human_drug,1,bool,fda.refusals.backfill,raw/fda.refusals.backfill/2026/09/20260909T170456Z-d19e1c7920aa.json.gz,1
fda.refusals.backfill,firm:1000135041,2015-02-03,2026-09-09T17:04:56Z,label,"Bellegrove Medical Supply, Inc.",,fda.refusals.backfill,raw/fda.refusals.backfill/2026/09/20260909T170456Z-d19e1c7920aa.json.gz,1
fda.refusals.backfill,firm:1000135041,2015-02-03,2026-09-09T17:04:56Z,refused_at,20150203,yyyymmdd,fda.refusals.backfill,raw/fda.refusals.backfill/2026/09/20260909T170456Z-d19e1c7920aa.json.gz,1
fda.refusals.backfill,firm:1000135041,2015-02-04,2026-09-09T17:04:56Z,firm_key,BELLEGROVE MEDICAL SUPPLY,,fda.refusals.backfill,raw/fda.refusals.backfill/2026/09/20260909T170456Z-d19e1c7920aa.json.gz,1
fda.refusals.backfill,firm:1000135041,2015-02-04,2026-09-09T17:04:56Z,import_refusal,1,count,fda.refusals.backfill,raw/fda.refusals.backfill/2026/09/20260909T170456Z-d19e1c7920aa.json.gz,1
fda.refusals.backfill,firm:1000135041,2015-02-04,2026-09-09T17:04:56Z,is_drug_or_biologic,1,bool,fda.refusals.backfill,raw/fda.refusals.backfill/2026/09/20260909T170456Z-d19e1c7920aa.json.gz,1
fda.refusals.backfill,firm:1000135041,2015-02-04,2026-09-09T17:04:56Z,is_foreign,0,bool,fda.refusals.backfill,raw/fda.refusals.backfill/2026/09/20260909T170456Z-d19e1c7920aa.json.gz,1
fda.refusals.backfill,firm:1000135041,2015-02-04,2026-09-09T17:04:56Z,is_human_drug,1,bool,fda.refusals.backfill,raw/fda.refusals.backfill/2026/09/20260909T170456Z-d19e1c7920aa.json.gz,1
fda.refusals.backfill,firm:1000135041,2015-02-04,2026-09-09T17:04:56Z,label,"Bellegrove Medical Supply, Inc.",,fda.refusals.backfill,raw/fda.refusals.backfill/2026/09/20260909T170456Z-d19e1c7920aa.json.gz,1
fda.refusals.backfill,firm:1000135041,2015-02-04,2026-09-09T17:04:56Z,refused_at,20150204,yyyymmdd,fda.refusals.backfill,raw/fda.refusals.backfill/2026/09/20260909T170456Z-d19e1c7920aa.json.gz,1
fda.refusals.backfill,firm:1000135041,2015-02-26,2026-09-09T17:04:56Z,firm_key,BELLEGROVE MEDICAL SUPPLY,,fda.refusals.backfill,raw/fda.refusals.backfill/2026/09/20260909T170456Z-d19e1c7920aa.json.gz,1
fda.refusals.backfill,firm:1000135041,2015-02-26,2026-09-09T17:04:56Z,import_refusal,1,count,fda.refusals.backfill,raw/fda.refusals.backfill/2026/09/20260909T170456Z-d19e1c7920aa.json.gz,1
fda.refusals.backfill,firm:1000135041,2015-02-26,2026-09-09T17:04:56Z,is_drug_or_biologic,1,bool,fda.refusals.backfill,raw/fda.refusals.backfill/2026/09/20260909T170456Z-d19e1c7920aa.json.gz,1
fda.refusals.backfill,firm:1000135041,2015-02-26,2026-09-09T17:04:56Z,is_foreign,0,bool,fda.refusals.backfill,raw/fda.refusals.backfill/2026/09/20260909T170456Z-d19e1c7920aa.json.gz,1
fda.refusals.backfill,firm:1000135041,2015-02-26,2026-09-09T17:04:56Z,is_human_drug,1,bool,fda.refusals.backfill,raw/fda.refusals.backfill/2026/09/20260909T170456Z-d19e1c7920aa.json.gz,1
fda.refusals.backfill,firm:1000135041,2015-02-26,2026-09-09T17:04:56Z,label,"Bellegrove Medical Supply, Inc.",,fda.refusals.backfill,raw/fda.refusals.backfill/2026/09/20260909T170456Z-d19e1c7920aa.json.gz,1
fda.refusals.backfill,firm:1000135041,2015-02-26,2026-09-09T17:04:56Z,refused_at,20150226,yyyymmdd,fda.refusals.backfill,raw/fda.refusals.backfill/2026/09/20260909T170456Z-d19e1c7920aa.json.gz,1
fda.refusals.backfill,firm:1000153019,2015-02-24,2026-09-09T17:04:56Z,firm_key,BACHEM,,fda.refusals.backfill,raw/fda.refusals.backfill/2026/09/20260909T170456Z-d19e1c7920aa.json.gz,1
fda.refusals.backfill,firm:1000153019,2015-02-24,2026-09-09T17:04:56Z,import_refusal,1,count,fda.refusals.backfill,raw/fda.refusals.backfill/2026/09/20260909T170456Z-d19e1c7920aa.json.gz,1
fda.refusals.backfill,firm:1000153019,2015-02-24,2026-09-09T17:04:56Z,is_drug_or_biologic,1,bool,fda.refusals.backfill,raw/fda.refusals.backfill/2026/09/20260909T170456Z-d19e1c7920aa.json.gz,1
fda.refusals.backfill,firm:1000153019,2015-02-24,2026-09-09T17:04:56Z,is_foreign,1,bool,fda.refusals.backfill,raw/fda.refusals.backfill/2026/09/20260909T170456Z-d19e1c7920aa.json.gz,1
fda.refusals.backfill,firm:1000153019,2015-02-24,2026-09-09T17:04:56Z,is_human_drug,1,bool,fda.refusals.backfill,raw/fda.refusals.backfill/2026/09/20260909T170456Z-d19e1c7920aa.json.gz,1
fda.refusals.backfill,firm:1000153019,2015-02-24,2026-09-09T17:04:56Z,label,Bachem AG,,fda.refusals.backfill,raw/fda.refusals.backfill/2026/09/20260909T170456Z-d19e1c7920aa.json.gz,1
fda.refusals.backfill,firm:1000153019,2015-02-24,2026-09-09T17:04:56Z,refused_at,20150224,yyyymmdd,fda.refusals.backfill,raw/fda.refusals.backfill/2026/09/20260909T170456Z-d19e1c7920aa.json.gz,1
fda.refusals.backfill,firm:1000235777,2015-02-24,2026-09-09T17:04:56Z,firm_key,INSTITUTE CANCER RESEARCH,,fda.refusals.backfill,raw/fda.refusals.backfill/2026/09/20260909T170456Z-d19e1c7920aa.json.gz,1
fda.refusals.backfill,firm:1000235777,2015-02-24,2026-09-09T17:04:56Z,import_refusal,1,count,fda.refusals.backfill,raw/fda.refusals.backfill/2026/09/20260909T170456Z-d19e1c7920aa.json.gz,1
fda.refusals.backfill,firm:1000235777,2015-02-24,2026-09-09T17:04:56Z,is_drug_or_biologic,1,bool,fda.refusals.backfill,raw/fda.refusals.backfill/2026/09/20260909T170456Z-d19e1c7920aa.json.gz,1
fda.refusals.backfill,firm:1000235777,2015-02-24,2026-09-09T17:04:56Z,is_foreign,1,bool,fda.refusals.backfill,raw/fda.refusals.backfill/2026/09/20260909T170456Z-d19e1c7920aa.json.gz,1
fda.refusals.backfill,firm:1000235777,2015-02-24,2026-09-09T17:04:56Z,is_human_drug,0,bool,fda.refusals.backfill,raw/fda.refusals.backfill/2026/09/20260909T170456Z-d19e1c7920aa.json.gz,1
fda.refusals.backfill,firm:1000235777,2015-02-24,2026-09-09T17:04:56Z,label,Institute Cancer Research,,fda.refusals.backfill,raw/fda.refusals.backfill/2026/09/20260909T170456Z-d19e1c7920aa.json.gz,1
fda.refusals.backfill,firm:1000235777,2015-02-24,2026-09-09T17:04:56Z,refused_at,20150224,yyyymmdd,fda.refusals.backfill,raw/fda.refusals.backfill/2026/09/20260909T170456Z-d19e1c7920aa.json.gz,1
fda.refusals.backfill,firm:1000501683,2015-02-27,2026-09-09T17:04:56Z,firm_key,JUVENA PRODUITS OF BEAUTE,,fda.refusals.backfill,raw/fda.refusals.backfill/2026/09/20260909T170456Z-d19e1c7920aa.json.gz,1
fda.refusals.backfill,firm:1000501683,2015-02-27,2026-09-09T17:04:56Z,import_refusal,1,count,fda.refusals.backfill,raw/fda.refusals.backfill/2026/09/20260909T170456Z-d19e1c7920aa.json.gz,1
fda.refusals.backfill,firm:1000501683,2015-02-27,2026-09-09T17:04:56Z,is_drug_or_biologic,1,bool,fda.refusals.backfill,raw/fda.refusals.backfill/2026/09/20260909T170456Z-d19e1c7920aa.json.gz,1
fda.refusals.backfill,firm:1000501683,2015-02-27,2026-09-09T17:04:56Z,is_foreign,1,bool,fda.refusals.backfill,raw/fda.refusals.backfill/2026/09/20260909T170456Z-d19e1c7920aa.json.gz,1
fda.refusals.backfill,firm:1000501683,2015-02-27,2026-09-09T17:04:56Z,is_human_drug,1,bool,fda.refusals.backfill,raw/fda.refusals.backfill/2026/09/20260909T170456Z-d19e1c7920aa.json.gz,1
fda.refusals.backfill,firm:1000501683,2015-02-27,2026-09-09T17:04:56Z,label,Juvena Produits Of Beaute Gmbh,,fda.refusals.backfill,raw/fda.refusals.backfill/2026/09/20260909T170456Z-d19e1c7920aa.json.gz,1
fda.refusals.backfill,firm:1000501683,2015-02-27,2026-09-09T17:04:56Z,refused_at,20150227,yyyymmdd,fda.refusals.backfill,raw/fda.refusals.backfill/2026/09/20260909T170456Z-d19e1c7920aa.json.gz,1
fda.refusals.backfill,firm:2244771,2015-02-27,2026-09-09T17:04:56Z,firm_key,NOVO NORDISK,,fda.refusals.backfill,raw/fda.refusals.backfill/2026/09/20260909T170456Z-d19e1c7920aa.json.gz,1
fda.refusals.backfill,firm:2244771,2015-02-27,2026-09-09T17:04:56Z,import_refusal,1,count,fda.refusals.backfill,raw/fda.refusals.backfill/2026/09/20260909T170456Z-d19e1c7920aa.json.gz,1
fda.refusals.backfill,firm:2244771,2015-02-27,2026-09-09T17:04:56Z,is_drug_or_biologic,1,bool,fda.refusals.backfill,raw/fda.refusals.backfill/2026/09/20260909T170456Z-d19e1c7920aa.json.gz,1
fda.refusals.backfill,firm:2244771,2015-02-27,2026-09-09T17:04:56Z,is_foreign,0,bool,fda.refusals.backfill,raw/fda.refusals.backfill/2026/09/20260909T170456Z-d19e1c7920aa.json.gz,1
fda.refusals.backfill,firm:2244771,2015-02-27,2026-09-09T17:04:56Z,is_human_drug,1,bool,fda.refusals.backfill,raw/fda.refusals.backfill/2026/09/20260909T170456Z-d19e1c7920aa.json.gz,1
fda.refusals.backfill,firm:2244771,2015-02-27,2026-09-09T17:04:56Z,label,Novo Nordisk Inc.,,fda.refusals.backfill,raw/fda.refusals.backfill/2026/09/20260909T170456Z-d19e1c7920aa.json.gz,1
fda.refusals.backfill,firm:2244771,2015-02-27,2026-09-09T17:04:56Z,refused_at,20150227,yyyymmdd,fda.refusals.backfill,raw/fda.refusals.backfill/2026/09/20260909T170456Z-d19e1c7920aa.json.gz,1
fda.refusals.backfill,firm:3000243864,2015-02-27,2026-09-09T17:04:56Z,firm_key,CLARINS,,fda.refusals.backfill,raw/fda.refusals.backfill/2026/09/20260909T170456Z-d19e1c7920aa.json.gz,1
fda.refusals.backfill,firm:3000243864,2015-02-27,2026-09-09T17:04:56Z,import_refusal,1,count,fda.refusals.backfill,raw/fda.refusals.backfill/2026/09/20260909T170456Z-d19e1c7920aa.json.gz,1
fda.refusals.backfill,firm:3000243864,2015-02-27,2026-09-09T17:04:56Z,is_drug_or_biologic,1,bool,fda.refusals.backfill,raw/fda.refusals.backfill/2026/09/20260909T170456Z-d19e1c7920aa.json.gz,1
fda.refusals.backfill,firm:3000243864,2015-02-27,2026-09-09T17:04:56Z,is_foreign,1,bool,fda.refusals.backfill,raw/fda.refusals.backfill/2026/09/20260909T170456Z-d19e1c7920aa.json.gz,1
fda.refusals.backfill,firm:3000243864,2015-02-27,2026-09-09T17:04:56Z,is_human_drug,1,bool,fda.refusals.backfill,raw/fda.refusals.backfill/2026/09/20260909T170456Z-d19e1c7920aa.json.gz,1
fda.refusals.backfill,firm:3000243864,2015-02-27,2026-09-09T17:04:56Z,label,Clarins,,fda.refusals.backfill,raw/fda.refusals.backfill/2026/09/20260909T170456Z-d19e1c7920aa.json.gz,1
fda.refusals.backfill,firm:3000243864,2015-02-27,2026-09-09T17:04:56Z,refused_at,20150227,yyyymmdd,fda.refusals.backfill,raw/fda.refusals.backfill/2026/09/20260909T170456Z-d19e1c7920aa.json.gz,1
fda.refusals.backfill,firm:3001040579,2015-02-19,2026-09-09T17:04:56Z,firm_key,SHANDONG LUKANG SHELILE,,fda.refusals.backfill,raw/fda.refusals.backfill/2026/09/20260909T170456Z-d19e1c7920aa.json.gz,1
fda.refusals.backfill,firm:3001040579,2015-02-19,2026-09-09T17:04:56Z,import_refusal,1,count,fda.refusals.backfill,raw/fda.refusals.backfill/2026/09/20260909T170456Z-d19e1c7920aa.json.gz,1
fda.refusals.backfill,firm:3001040579,2015-02-19,2026-09-09T17:04:56Z,is_drug_or_biologic,1,bool,fda.refusals.backfill,raw/fda.refusals.backfill/2026/09/20260909T170456Z-d19e1c7920aa.json.gz,1
fda.refusals.backfill,firm:3001040579,2015-02-19,2026-09-09T17:04:56Z,is_foreign,1,bool,fda.refusals.backfill,raw/fda.refusals.backfill/2026/09/20260909T170456Z-d19e1c7920aa.json.gz,1
fda.refusals.backfill,firm:3001040579,2015-02-19,2026-09-09T17:04:56Z,is_human_drug,0,bool,fda.refusals.backfill,raw/fda.refusals.backfill/2026/09/20260909T170456Z-d19e1c7920aa.json.gz,1
fda.refusals.backfill,firm:3001040579,2015-02-19,2026-09-09T17:04:56Z,label,"Shandong Lukang Shelile Pharmaceutical Co., Ltd.",,fda.refusals.backfill,raw/fda.refusals.backfill/2026/09/20260909T170456Z-d19e1c7920aa.json.gz,1
fda.refusals.backfill,firm:3001040579,2015-02-19,2026-09-09T17:04:56Z,refused_at,20150219,yyyymmdd,fda.refusals.backfill,raw/fda.refusals.backfill/2026/09/20260909T170456Z-d19e1c7920aa.json.gz,1
fda.refusals.backfill,firm:3001413302,2015-02-27,2026-09-09T17:04:56Z,firm_key,DABUR INDIA,,fda.refusals.backfill,raw/fda.refusals.backfill/2026/09/20260909T170456Z-d19e1c7920aa.json.gz,1
fda.refusals.backfill,firm:3001413302,2015-02-27,2026-09-09T17:04:56Z,import_refusal,1,count,fda.refusals.backfill,raw/fda.refusals.backfill/2026/09/20260909T170456Z-d19e1c7920aa.json.gz,1
fda.refusals.backfill,firm:3001413302,2015-02-27,2026-09-09T17:04:56Z,is_drug_or_biologic,1,bool,fda.refusals.backfill,raw/fda.refusals.backfill/2026/09/20260909T170456Z-d19e1c7920aa.json.gz,1
fda.refusals.backfill,firm:3001413302,2015-02-27,2026-09-09T17:04:56Z,is_foreign,1,bool,fda.refusals.backfill,raw/fda.refusals.backfill/2026/09/20260909T170456Z-d19e1c7920aa.json.gz,1
fda.refusals.backfill,firm:3001413302,2015-02-27,2026-09-09T17:04:56Z,is_human_drug,1,bool,fda.refusals.backfill,raw/fda.refusals.backfill/2026/09/20260909T170456Z-d19e1c7920aa.json.gz,1
fda.refusals.backfill,firm:3001413302,2015-02-27,2026-09-09T17:04:56Z,label,Dabur India Limited,,fda.refusals.backfill,raw/fda.refusals.backfill/2026/09/20260909T170456Z-d19e1c7920aa.json.gz,1
fda.refusals.backfill,firm:3001413302,2015-02-27,2026-09-09T17:04:56Z,refused_at,20150227,yyyymmdd,fda.refusals.backfill,raw/fda.refusals.backfill/2026/09/20260909T170456Z-d19e1c7920aa.json.gz,1
fda.refusals.backfill,firm:3001642990,2015-02-10,2026-09-09T17:04:56Z,firm_key,NATCO,,fda.refusals.backfill,raw/fda.refusals.backfill/2026/09/20260909T170456Z-d19e1c7920aa.json.gz,1
fda.refusals.backfill,firm:3001642990,2015-02-10,2026-09-09T17:04:56Z,import_refusal,1,count,fda.refusals.backfill,raw/fda.refusals.backfill/2026/09/20260909T170456Z-d19e1c7920aa.json.gz,1
fda.refusals.backfill,firm:3001642990,2015-02-10,2026-09-09T17:04:56Z,is_drug_or_biologic,1,bool,fda.refusals.backfill,raw/fda.refusals.backfill/2026/09/20260909T170456Z-d19e1c7920aa.json.gz,1
fda.refusals.backfill,firm:3001642990,2015-02-10,2026-09-09T17:04:56Z,is_foreign,1,bool,fda.refusals.backfill,raw/fda.refusals.backfill/2026/09/20260909T170456Z-d19e1c7920aa.json.gz,1
fda.refusals.backfill,firm:3001642990,2015-02-10,2026-09-09T17:04:56Z,is_human_drug,1,bool,fda.refusals.backfill,raw/fda.refusals.backfill/2026/09/20260909T170456Z-d19e1c7920aa.json.gz,1
fda.refusals.backfill,firm:3001642990,2015-02-10,2026-09-09T17:04:56Z,label,Natco Pharma Limited,,fda.refusals.backfill,raw/fda.refusals.backfill/2026/09/20260909T170456Z-d19e1c7920aa.json.gz,1
fda.refusals.backfill,firm:3001642990,2015-02-10,2026-09-09T17:04:56Z,refused_at,20150210,yyyymmdd,fda.refusals.backfill,raw/fda.refusals.backfill/2026/09/20260909T170456Z-d19e1c7920aa.json.gz,1
fda.refusals.backfill,firm:3002394266,2015-02-27,2026-09-09T17:04:56Z,firm_key,HELENA RUBINSTEIN S A,,fda.refusals.backfill,raw/fda.refusals.backfill/2026/09/20260909T170456Z-d19e1c7920aa.json.gz,1
fda.refusals.backfill,firm:3002394266,2015-02-27,2026-09-09T17:04:56Z,import_refusal,1,count,fda.refusals.backfill,raw/fda.refusals.backfill/2026/09/20260909T170456Z-d19e1c7920aa.json.gz,1
fda.refusals.backfill,firm:3002394266,2015-02-27,2026-09-09T17:04:56Z,is_drug_or_biologic,1,bool,fda.refusals.backfill,raw/fda.refusals.backfill/2026/09/20260909T170456Z-d19e1c7920aa.json.gz,1
fda.refusals.backfill,firm:3002394266,2015-02-27,2026-09-09T17:04:56Z,is_foreign,1,bool,fda.refusals.backfill,raw/fda.refusals.backfill/2026/09/20260909T170456Z-d19e1c7920aa.json.gz,1
fda.refusals.backfill,firm:3002394266,2015-02-27,2026-09-09T17:04:56Z,is_human_drug,1,bool,fda.refusals.backfill,raw/fda.refusals.backfill/2026/09/20260909T170456Z-d19e1c7920aa.json.gz,1
fda.refusals.backfill,firm:3002394266,2015-02-27,2026-09-09T17:04:56Z,label,Helena Rubinstein S.A.,,fda.refusals.backfill,raw/fda.refusals.backfill/2026/09/20260909T170456Z-d19e1c7920aa.json.gz,1
fda.refusals.backfill,firm:3002394266,2015-02-27,2026-09-09T17:04:56Z,refused_at,20150227,yyyymmdd,fda.refusals.backfill,raw/fda.refusals.backfill/2026/09/20260909T170456Z-d19e1c7920aa.json.gz,1
fda.refusals.backfill,firm:3002654160,2015-02-09,2026-09-09T17:04:56Z,firm_key,CARIBBEAN LABEL CRAFTS,,fda.refusals.backfill,raw/fda.refusals.backfill/2026/09/20260909T170456Z-d19e1c7920aa.json.gz,1
fda.refusals.backfill,firm:3002654160,2015-02-09,2026-09-09T17:04:56Z,import_refusal,1,count,fda.refusals.backfill,raw/fda.refusals.backfill/2026/09/20260909T170456Z-d19e1c7920aa.json.gz,1
fda.refusals.backfill,firm:3002654160,2015-02-09,2026-09-09T17:04:56Z,is_drug_or_biologic,1,bool,fda.refusals.backfill,raw/fda.refusals.backfill/2026/09/20260909T170456Z-d19e1c7920aa.json.gz,1
fda.refusals.backfill,firm:3002654160,2015-02-09,2026-09-09T17:04:56Z,is_foreign,1,bool,fda.refusals.backfill,raw/fda.refusals.backfill/2026/09/20260909T170456Z-d19e1c7920aa.json.gz,1
fda.refusals.backfill,firm:3002654160,2015-02-09,2026-09-09T17:04:56Z,is_human_drug,1,bool,fda.refusals.backfill,raw/fda.refusals.backfill/2026/09/20260909T170456Z-d19e1c7920aa.json.gz,1
fda.refusals.backfill,firm:3002654160,2015-02-09,2026-09-09T17:04:56Z,label,Caribbean Label Crafts,,fda.refusals.backfill,raw/fda.refusals.backfill/2026/09/20260909T170456Z-d19e1c7920aa.json.gz,1
fda.refusals.backfill,firm:3002654160,2015-02-09,2026-09-09T17:04:56Z,refused_at,20150209,yyyymmdd,fda.refusals.backfill,raw/fda.refusals.backfill/2026/09/20260909T170456Z-d19e1c7920aa.json.gz,1
fda.refusals.backfill,firm:3002806411,2015-02-02,2026-09-09T17:04:56Z,firm_key,ASTRAZENECA,,fda.refusals.backfill,raw/fda.refusals.backfill/2026/09/20260909T170456Z-d19e1c7920aa.json.gz,1
fda.refusals.backfill,firm:3002806411,2015-02-02,2026-09-09T17:04:56Z,import_refusal,1,count,fda.refusals.backfill,raw/fda.refusals.backfill/2026/09/20260909T170456Z-d19e1c7920aa.json.gz,1
fda.refusals.backfill,firm:3002806411,2015-02-02,2026-09-09T17:04:56Z,is_drug_or_biologic,1,bool,fda.refusals.backfill,raw/fda.refusals.backfill/2026/09/20260909T170456Z-d19e1c7920aa.json.gz,1
fda.refusals.backfill,firm:3002806411,2015-02-02,2026-09-09T17:04:56Z,is_foreign,1,bool,fda.refusals.backfill,raw/fda.refusals.backfill/2026/09/20260909T170456Z-d19e1c7920aa.json.gz,1
fda.refusals.backfill,firm:3002806411,2015-02-02,2026-09-09T17:04:56Z,is_human_drug,1,bool,fda.refusals.backfill,raw/fda.refusals.backfill/2026/09/20260909T170456Z-d19e1c7920aa.json.gz,1
fda.refusals.backfill,firm:3002806411,2015-02-02,2026-09-09T17:04:56Z,label,AstraZeneca AB,,fda.refusals.backfill,raw/fda.refusals.backfill/2026/09/20260909T170456Z-d19e1c7920aa.json.gz,1
fda.refusals.backfill,firm:3002806411,2015-02-02,2026-09-09T17:04:56Z,refused_at,20150202,yyyymmdd,fda.refusals.backfill,raw/fda.refusals.backfill/2026/09/20260909T170456Z-d19e1c7920aa.json.gz,1
fda.refusals.backfill,firm:3002806462,2015-02-26,2026-09-09T17:04:56Z,firm_key,BAYER,,fda.refusals.backfill,raw/fda.refusals.backfill/2026/09/20260909T170456Z-d19e1c7920aa.json.gz,1
fda.refusals.backfill,firm:3002806462,2015-02-26,2026-09-09T17:04:56Z,import_refusal,1,count,fda.refusals.backfill,raw/fda.refusals.backfill/2026/09/20260909T170456Z-d19e1c7920aa.json.gz,1
fda.refusals.backfill,firm:3002806462,2015-02-26,2026-09-09T17:04:56Z,is_drug_or_biologic,1,bool,fda.refusals.backfill,raw/fda.refusals.backfill/2026/09/20260909T170456Z-d19e1c7920aa.json.gz,1
fda.refusals.backfill,firm:3002806462,2015-02-26,2026-09-09T17:04:56Z,is_foreign,1,bool,fda.refusals.backfill,raw/fda.refusals.backfill/2026/09/20260909T170456Z-d19e1c7920aa.json.gz,1
fda.refusals.backfill,firm:3002806462,2015-02-26,2026-09-09T17:04:56Z,is_human_drug,1,bool,fda.refusals.backfill,raw/fda.refusals.backfill/2026/09/20260909T170456Z-d19e1c7920aa.json.gz,1
fda.refusals.backfill,firm:3002806462,2015-02-26,2026-09-09T17:04:56Z,label,Bayer AG,,fda.refusals.backfill,raw/fda.refusals.backfill/2026/09/20260909T170456Z-d19e1c7920aa.json.gz,1
fda.refusals.backfill,firm:3002806462,2015-02-26,2026-09-09T17:04:56Z,refused_at,20150226,yyyymmdd,fda.refusals.backfill,raw/fda.refusals.backfill/2026/09/20260909T170456Z-d19e1c7920aa.json.gz,1
fda.refusals.backfill,firm:3002806633,2015-02-10,2026-09-09T17:04:56Z,firm_key,PURAC BIOCHEM,,fda.refusals.backfill,raw/fda.refusals.backfill/2026/09/20260909T170456Z-d19e1c7920aa.json.gz,1
fda.refusals.backfill,firm:3002806633,2015-02-10,2026-09-09T17:04:56Z,import_refusal,1,count,fda.refusals.backfill,raw/fda.refusals.backfill/2026/09/20260909T170456Z-d19e1c7920aa.json.gz,1
fda.refusals.backfill,firm:3002806633,2015-02-10,2026-09-09T17:04:56Z,is_drug_or_biologic,1,bool,fda.refusals.backfill,raw/fda.refusals.backfill/2026/09/20260909T170456Z-d19e1c7920aa.json.gz,1
fda.refusals.backfill,firm:3002806633,2015-02-10,2026-09-09T17:04:56Z,is_foreign,1,bool,fda.refusals.backfill,raw/fda.refusals.backfill/2026/09/20260909T170456Z-d19e1c7920aa.json.gz,1
fda.refusals.backfill,firm:3002806633,2015-02-10,2026-09-09T17:04:56Z,is_human_drug,1,bool,fda.refusals.backfill,raw/fda.refusals.backfill/2026/09/20260909T170456Z-d19e1c7920aa.json.gz,1
fda.refusals.backfill,firm:3002806633,2015-02-10,2026-09-09T17:04:56Z,label,Purac Biochem BV,,fda.refusals.backfill,raw/fda.refusals.backfill/2026/09/20260909T170456Z-d19e1c7920aa.json.gz,1
fda.refusals.backfill,firm:3002806633,2015-02-10,2026-09-09T17:04:56Z,refused_at,20150210,yyyymmdd,fda.refusals.backfill,raw/fda.refusals.backfill/2026/09/20260909T170456Z-d19e1c7920aa.json.gz,1
fda.refusals.backfill,firm:3002807108,2015-02-23,2026-09-09T17:04:56Z,firm_key,SANOFI S R L,,fda.refusals.backfill,raw/fda.refusals.backfill/2026/09/20260909T170456Z-d19e1c7920aa.json.gz,1
fda.refusals.backfill,firm:3002807108,2015-02-23,2026-09-09T17:04:56Z,import_refusal,1,count,fda.refusals.backfill,raw/fda.refusals.backfill/2026/09/20260909T170456Z-d19e1c7920aa.json.gz,1
fda.refusals.backfill,firm:3002807108,2015-02-23,2026-09-09T17:04:56Z,is_drug_or_biologic,1,bool,fda.refusals.backfill,raw/fda.refusals.backfill/2026/09/20260909T170456Z-d19e1c7920aa.json.gz,1
fda.refusals.backfill,firm:3002807108,2015-02-23,2026-09-09T17:04:56Z,is_foreign,1,bool,fda.refusals.backfill,raw/fda.refusals.backfill/2026/09/20260909T170456Z-d19e1c7920aa.json.gz,1
fda.refusals.backfill,firm:3002807108,2015-02-23,2026-09-09T17:04:56Z,is_human_drug,1,bool,fda.refusals.backfill,raw/fda.refusals.backfill/2026/09/20260909T170456Z-d19e1c7920aa.json.gz,1
fda.refusals.backfill,firm:3002807108,2015-02-23,2026-09-09T17:04:56Z,label,Sanofi S.r.l.,,fda.refusals.backfill,raw/fda.refusals.backfill/2026/09/20260909T170456Z-d19e1c7920aa.json.gz,1
fda.refusals.backfill,firm:3002807108,2015-02-23,2026-09-09T17:04:56Z,refused_at,20150223,yyyymmdd,fda.refusals.backfill,raw/fda.refusals.backfill/2026/09/20260909T170456Z-d19e1c7920aa.json.gz,1
fda.refusals.backfill,firm:3002807108,2015-02-24,2026-09-09T17:04:56Z,firm_key,SANOFI S R L,,fda.refusals.backfill,raw/fda.refusals.backfill/2026/09/20260909T170456Z-d19e1c7920aa.json.gz,1
fda.refusals.backfill,firm:3002807108,2015-02-24,2026-09-09T17:04:56Z,import_refusal,1,count,fda.refusals.backfill,raw/fda.refusals.backfill/2026/09/20260909T170456Z-d19e1c7920aa.json.gz,1
fda.refusals.backfill,firm:3002807108,2015-02-24,2026-09-09T17:04:56Z,is_drug_or_biologic,1,bool,fda.refusals.backfill,raw/fda.refusals.backfill/2026/09/20260909T170456Z-d19e1c7920aa.json.gz,1
fda.refusals.backfill,firm:3002807108,2015-02-24,2026-09-09T17:04:56Z,is_foreign,1,bool,fda.refusals.backfill,raw/fda.refusals.backfill/2026/09/20260909T170456Z-d19e1c7920aa.json.gz,1
fda.refusals.backfill,firm:3002807108,2015-02-24,2026-09-09T17:04:56Z,is_human_drug,1,bool,fda.refusals.backfill,raw/fda.refusals.backfill/2026/09/20260909T170456Z-d19e1c7920aa.json.gz,1
fda.refusals.backfill,firm:3002807108,2015-02-24,2026-09-09T17:04:56Z,label,Sanofi S.r.l.,,fda.refusals.backfill,raw/fda.refusals.backfill/2026/09/20260909T170456Z-d19e1c7920aa.json.gz,1
fda.refusals.backfill,firm:3002807108,2015-02-24,2026-09-09T17:04:56Z,refused_at,20150224,yyyymmdd,fda.refusals.backfill,raw/fda.refusals.backfill/2026/09/20260909T170456Z-d19e1c7920aa.json.gz,1
fda.refusals.backfill,firm:3002807114,2015-02-04,2026-09-09T17:04:56Z,firm_key,GLAXOSMITHKLINE MANUFACTURING S P A,,fda.refusals.backfill,raw/fda.refusals.backfill/2026/09/20260909T170456Z-d19e1c7920aa.json.gz,1
fda.refusals.backfill,firm:3002807114,2015-02-04,2026-09-09T17:04:56Z,import_refusal,1,count,fda.refusals.backfill,raw/fda.refusals.backfill/2026/09/20260909T170456Z-d19e1c7920aa.json.gz,1
fda.refusals.backfill,firm:3002807114,2015-02-04,2026-09-09T17:04:56Z,is_drug_or_biologic,1,bool,fda.refusals.backfill,raw/fda.refusals.backfill/2026/09/20260909T170456Z-d19e1c7920aa.json.gz,1
fda.refusals.backfill,firm:3002807114,2015-02-04,2026-09-09T17:04:56Z,is_foreign,1,bool,fda.refusals.backfill,raw/fda.refusals.backfill/2026/09/20260909T170456Z-d19e1c7920aa.json.gz,1
fda.refusals.backfill,firm:3002807114,2015-02-04,2026-09-09T17:04:56Z,is_human_drug,1,bool,fda.refusals.backfill,raw/fda.refusals.backfill/2026/09/20260909T170456Z-d19e1c7920aa.json.gz,1
fda.refusals.backfill,firm:3002807114,2015-02-04,2026-09-09T17:04:56Z,label,GlaxoSmithKline Manufacturing S.p.A.,,fda.refusals.backfill,raw/fda.refusals.backfill/2026/09/20260909T170456Z-d19e1c7920aa.json.gz,1
fda.refusals.backfill,firm:3002807114,2015-02-04,2026-09-09T17:04:56Z,refused_at,20150204,yyyymmdd,fda.refusals.backfill,raw/fda.refusals.backfill/2026/09/20260909T170456Z-d19e1c7920aa.json.gz,1
fda.refusals.backfill,firm:3002807297,2015-02-12,2026-09-09T17:04:56Z,firm_key,IPCA,,fda.refusals.backfill,raw/fda.refusals.backfill/2026/09/20260909T170456Z-d19e1c7920aa.json.gz,1
fda.refusals.backfill,firm:3002807297,2015-02-12,2026-09-09T17:04:56Z,import_refusal,1,count,fda.refusals.backfill,raw/fda.refusals.backfill/2026/09/20260909T170456Z-d19e1c7920aa.json.gz,1
fda.refusals.backfill,firm:3002807297,2015-02-12,2026-09-09T17:04:56Z,is_drug_or_biologic,1,bool,fda.refusals.backfill,raw/fda.refusals.backfill/2026/09/20260909T170456Z-d19e1c7920aa.json.gz,1
fda.refusals.backfill,firm:3002807297,2015-02-12,2026-09-09T17:04:56Z,is_foreign,1,bool,fda.refusals.backfill,raw/fda.refusals.backfill/2026/09/20260909T170456Z-d19e1c7920aa.json.gz,1
fda.refusals.backfill,firm:3002807297,2015-02-12,2026-09-09T17:04:56Z,is_human_drug,1,bool,fda.refusals.backfill,raw/fda.refusals.backfill/2026/09/20260909T170456Z-d19e1c7920aa.json.gz,1
fda.refusals.backfill,firm:3002807297,2015-02-12,2026-09-09T17:04:56Z,label,Ipca Laboratories Limited,,fda.refusals.backfill,raw/fda.refusals.backfill/2026/09/20260909T170456Z-d19e1c7920aa.json.gz,1
fda.refusals.backfill,firm:3002807297,2015-02-12,2026-09-09T17:04:56Z,refused_at,20150212,yyyymmdd,fda.refusals.backfill,raw/fda.refusals.backfill/2026/09/20260909T170456Z-d19e1c7920aa.json.gz,1
fda.refusals.backfill,firm:3002807500,2015-02-10,2026-09-09T17:04:56Z,firm_key,ELI LILLY CANADA,,fda.refusals.backfill,raw/fda.refusals.backfill/2026/09/20260909T170456Z-d19e1c7920aa.json.gz,1
fda.refusals.backfill,firm:3002807500,2015-02-10,2026-09-09T17:04:56Z,import_refusal,1,count,fda.refusals.backfill,raw/fda.refusals.backfill/2026/09/20260909T170456Z-d19e1c7920aa.json.gz,1
fda.refusals.backfill,firm:3002807500,2015-02-10,2026-09-09T17:04:56Z,is_drug_or_biologic,1,bool,fda.refusals.backfill,raw/fda.refusals.backfill/2026/09/20260909T170456Z-d19e1c7920aa.json.gz,1
fda.refusals.backfill,firm:3002807500,2015-02-10,2026-09-09T17:04:56Z,is_foreign,1,bool,fda.refusals.backfill,raw/fda.refusals.backfill/2026/09/20260909T170456Z-d19e1c7920aa.json.gz,1
fda.refusals.backfill,firm:3002807500,2015-02-10,2026-09-09T17:04:56Z,is_human_drug,1,bool,fda.refusals.backfill,raw/fda.refusals.backfill/2026/09/20260909T170456Z-d19e1c7920aa.json.gz,1
fda.refusals.backfill,firm:3002807500,2015-02-10,2026-09-09T17:04:56Z,label,Eli Lilly Canada Inc.,,fda.refusals.backfill,raw/fda.refusals.backfill/2026/09/20260909T170456Z-d19e1c7920aa.json.gz,1
fda.refusals.backfill,firm:3002807500,2015-02-10,2026-09-09T17:04:56Z,refused_at,20150210,yyyymmdd,fda.refusals.backfill,raw/fda.refusals.backfill/2026/09/20260909T170456Z-d19e1c7920aa.json.gz,1
fda.refusals.backfill,firm:3002886659,2015-02-23,2026-09-09T17:04:56Z,firm_key,PEPTECH ANIMAL HEALTH PTY,,fda.refusals.backfill,raw/fda.refusals.backfill/2026/09/20260909T170456Z-d19e1c7920aa.json.gz,1
fda.refusals.backfill,firm:3002886659,2015-02-23,2026-09-09T17:04:56Z,import_refusal,1,count,fda.refusals.backfill,raw/fda.refusals.backfill/2026/09/20260909T170456Z-d19e1c7920aa.json.gz,1
fda.refusals.backfill,firm:3002886659,2015-02-23,2026-09-09T17:04:56Z,is_drug_or_biologic,1,bool,fda.refusals.backfill,raw/fda.refusals.backfill/2026/09/20260909T170456Z-d19e1c7920aa.json.gz,1
fda.refusals.backfill,firm:3002886659,2015-02-23,2026-09-09T17:04:56Z,is_foreign,1,bool,fda.refusals.backfill,raw/fda.refusals.backfill/2026/09/20260909T170456Z-d19e1c7920aa.json.gz,1
fda.refusals.backfill,firm:3002886659,2015-02-23,2026-09-09T17:04:56Z,is_human_drug,1,bool,fda.refusals.backfill,raw/fda.refusals.backfill/2026/09/20260909T170456Z-d19e1c7920aa.json.gz,1
fda.refusals.backfill,firm:3002886659,2015-02-23,2026-09-09T17:04:56Z,label,Peptech Animal Health Pty Ltd.,,fda.refusals.backfill,raw/fda.refusals.backfill/2026/09/20260909T170456Z-d19e1c7920aa.json.gz,1
fda.refusals.backfill,firm:3002886659,2015-02-23,2026-09-09T17:04:56Z,refused_at,20150223,yyyymmdd,fda.refusals.backfill,raw/fda.refusals.backfill/2026/09/20260909T170456Z-d19e1c7920aa.json.gz,1
fda.refusals.backfill,firm:3003195501,2015-02-23,2026-09-09T17:04:56Z,firm_key,SANOFI AVENTIS DEUTSCHLAND,,fda.refusals.backfill,raw/fda.refusals.backfill/2026/09/20260909T170456Z-d19e1c7920aa.json.gz,1
fda.refusals.backfill,firm:3003195501,2015-02-23,2026-09-09T17:04:56Z,import_refusal,1,count,fda.refusals.backfill,raw/fda.refusals.backfill/2026/09/20260909T170456Z-d19e1c7920aa.json.gz,1
fda.refusals.backfill,firm:3003195501,2015-02-23,2026-09-09T17:04:56Z,is_drug_or_biologic,1,bool,fda.refusals.backfill,raw/fda.refusals.backfill/2026/09/20260909T170456Z-d19e1c7920aa.json.gz,1
fda.refusals.backfill,firm:3003195501,2015-02-23,2026-09-09T17:04:56Z,is_foreign,1,bool,fda.refusals.backfill,raw/fda.refusals.backfill/2026/09/20260909T170456Z-d19e1c7920aa.json.gz,1
fda.refusals.backfill,firm:3003195501,2015-02-23,2026-09-09T17:04:56Z,is_human_drug,1,bool,fda.refusals.backfill,raw/fda.refusals.backfill/2026/09/20260909T170456Z-d19e1c7920aa.json.gz,1
fda.refusals.backfill,firm:3003195501,2015-02-23,2026-09-09T17:04:56Z,label,Sanofi-Aventis Deutschland GmbH,,fda.refusals.backfill,raw/fda.refusals.backfill/2026/09/20260909T170456Z-d19e1c7920aa.json.gz,1
fda.refusals.backfill,firm:3003195501,2015-02-23,2026-09-09T17:04:56Z,refused_at,20150223,yyyymmdd,fda.refusals.backfill,raw/fda.refusals.backfill/2026/09/20260909T170456Z-d19e1c7920aa.json.gz,1
fda.refusals.backfill,firm:3003282644,2015-02-23,2026-09-09T17:04:56Z,firm_key,SANOFI WINTHROP INDUSTRIE,,fda.refusals.backfill,raw/fda.refusals.backfill/2026/09/20260909T170456Z-d19e1c7920aa.json.gz,1
fda.refusals.backfill,firm:3003282644,2015-02-23,2026-09-09T17:04:56Z,import_refusal,1,count,fda.refusals.backfill,raw/fda.refusals.backfill/2026/09/20260909T170456Z-d19e1c7920aa.json.gz,1
fda.refusals.backfill,firm:3003282644,2015-02-23,2026-09-09T17:04:56Z,is_drug_or_biologic,1,bool,fda.refusals.backfill,raw/fda.refusals.backfill/2026/09/20260909T170456Z-d19e1c7920aa.json.gz,1
fda.refusals.backfill,firm:3003282644,2015-02-23,2026-09-09T17:04:56Z,is_foreign,1,bool,fda.refusals.backfill,raw/fda.refusals.backfill/2026/09/20260909T170456Z-d19e1c7920aa.json.gz,1
fda.refusals.backfill,firm:3003282644,2015-02-23,2026-09-09T17:04:56Z,is_human_drug,1,bool,fda.refusals.backfill,raw/fda.refusals.backfill/2026/09/20260909T170456Z-d19e1c7920aa.json.gz,1
fda.refusals.backfill,firm:3003282644,2015-02-23,2026-09-09T17:04:56Z,label,Sanofi Winthrop Industrie,,fda.refusals.backfill,raw/fda.refusals.backfill/2026/09/20260909T170456Z-d19e1c7920aa.json.gz,1
fda.refusals.backfill,firm:3003282644,2015-02-23,2026-09-09T17:04:56Z,refused_at,20150223,yyyymmdd,fda.refusals.backfill,raw/fda.refusals.backfill/2026/09/20260909T170456Z-d19e1c7920aa.json.gz,1
fda.refusals.backfill,firm:3003282644,2015-02-24,2026-09-09T17:04:56Z,firm_key,SANOFI WINTHROP INDUSTRIE,,fda.refusals.backfill,raw/fda.refusals.backfill/2026/09/20260909T170456Z-d19e1c7920aa.json.gz,1
fda.refusals.backfill,firm:3003282644,2015-02-24,2026-09-09T17:04:56Z,import_refusal,1,count,fda.refusals.backfill,raw/fda.refusals.backfill/2026/09/20260909T170456Z-d19e1c7920aa.json.gz,1
fda.refusals.backfill,firm:3003282644,2015-02-24,2026-09-09T17:04:56Z,is_drug_or_biologic,1,bool,fda.refusals.backfill,raw/fda.refusals.backfill/2026/09/20260909T170456Z-d19e1c7920aa.json.gz,1
fda.refusals.backfill,firm:3003282644,2015-02-24,2026-09-09T17:04:56Z,is_foreign,1,bool,fda.refusals.backfill,raw/fda.refusals.backfill/2026/09/20260909T170456Z-d19e1c7920aa.json.gz,1
fda.refusals.backfill,firm:3003282644,2015-02-24,2026-09-09T17:04:56Z,is_human_drug,1,bool,fda.refusals.backfill,raw/fda.refusals.backfill/2026/09/20260909T170456Z-d19e1c7920aa.json.gz,1
fda.refusals.backfill,firm:3003282644,2015-02-24,2026-09-09T17:04:56Z,label,Sanofi Winthrop Industrie,,fda.refusals.backfill,raw/fda.refusals.backfill/2026/09/20260909T170456Z-d19e1c7920aa.json.gz,1
fda.refusals.backfill,firm:3003282644,2015-02-24,2026-09-09T17:04:56Z,refused_at,20150224,yyyymmdd,fda.refusals.backfill,raw/fda.refusals.backfill/2026/09/20260909T170456Z-d19e1c7920aa.json.gz,1
fda.refusals.backfill,firm:3003342394,2015-02-02,2026-09-09T17:04:56Z,firm_key,ASTRAZENECA,,fda.refusals.backfill,raw/fda.refusals.backfill/2026/09/20260909T170456Z-d19e1c7920aa.json.gz,1
fda.refusals.backfill,firm:3003342394,2015-02-02,2026-09-09T17:04:56Z,import_refusal,1,count,fda.refusals.backfill,raw/fda.refusals.backfill/2026/09/20260909T170456Z-d19e1c7920aa.json.gz,1
fda.refusals.backfill,firm:3003342394,2015-02-02,2026-09-09T17:04:56Z,is_drug_or_biologic,1,bool,fda.refusals.backfill,raw/fda.refusals.backfill/2026/09/20260909T170456Z-d19e1c7920aa.json.gz,1
fda.refusals.backfill,firm:3003342394,2015-02-02,2026-09-09T17:04:56Z,is_foreign,1,bool,fda.refusals.backfill,raw/fda.refusals.backfill/2026/09/20260909T170456Z-d19e1c7920aa.json.gz,1
fda.refusals.backfill,firm:3003342394,2015-02-02,2026-09-09T17:04:56Z,is_human_drug,1,bool,fda.refusals.backfill,raw/fda.refusals.backfill/2026/09/20260909T170456Z-d19e1c7920aa.json.gz,1
fda.refusals.backfill,firm:3003342394,2015-02-02,2026-09-09T17:04:56Z,label,AstraZeneca AB,,fda.refusals.backfill,raw/fda.refusals.backfill/2026/09/20260909T170456Z-d19e1c7920aa.json.gz,1
fda.refusals.backfill,firm:3003342394,2015-02-02,2026-09-09T17:04:56Z,refused_at,20150202,yyyymmdd,fda.refusals.backfill,raw/fda.refusals.backfill/2026/09/20260909T170456Z-d19e1c7920aa.json.gz,1
fda.refusals.backfill,firm:3003534718,2015-02-12,2026-09-09T17:04:56Z,firm_key,PIERRE FABRE DERMO COSMETIQUE,,fda.refusals.backfill,raw/fda.refusals.backfill/2026/09/20260909T170456Z-d19e1c7920aa.json.gz,1
fda.refusals.backfill,firm:3003534718,2015-02-12,2026-09-09T17:04:56Z,import_refusal,1,count,fda.refusals.backfill,raw/fda.refusals.backfill/2026/09/20260909T170456Z-d19e1c7920aa.json.gz,1
fda.refusals.backfill,firm:3003534718,2015-02-12,2026-09-09T17:04:56Z,is_drug_or_biologic,1,bool,fda.refusals.backfill,raw/fda.refusals.backfill/2026/09/20260909T170456Z-d19e1c7920aa.json.gz,1
fda.refusals.backfill,firm:3003534718,2015-02-12,2026-09-09T17:04:56Z,is_foreign,1,bool,fda.refusals.backfill,raw/fda.refusals.backfill/2026/09/20260909T170456Z-d19e1c7920aa.json.gz,1
fda.refusals.backfill,firm:3003534718,2015-02-12,2026-09-09T17:04:56Z,is_human_drug,1,bool,fda.refusals.backfill,raw/fda.refusals.backfill/2026/09/20260909T170456Z-d19e1c7920aa.json.gz,1
fda.refusals.backfill,firm:3003534718,2015-02-12,2026-09-09T17:04:56Z,label,Pierre Fabre Dermo Cosmetique,,fda.refusals.backfill,raw/fda.refusals.backfill/2026/09/20260909T170456Z-d19e1c7920aa.json.gz,1
fda.refusals.backfill,firm:3003534718,2015-02-12,2026-09-09T17:04:56Z,refused_at,20150212,yyyymmdd,fda.refusals.backfill,raw/fda.refusals.backfill/2026/09/20260909T170456Z-d19e1c7920aa.json.gz,1
fda.refusals.backfill,firm:3003534718,2015-02-17,2026-09-09T17:04:56Z,firm_key,PIERRE FABRE DERMO COSMETIQUE,,fda.refusals.backfill,raw/fda.refusals.backfill/2026/09/20260909T170456Z-d19e1c7920aa.json.gz,1
fda.refusals.backfill,firm:3003534718,2015-02-17,2026-09-09T17:04:56Z,import_refusal,1,count,fda.refusals.backfill,raw/fda.refusals.backfill/2026/09/20260909T170456Z-d19e1c7920aa.json.gz,1
fda.refusals.backfill,firm:3003534718,2015-02-17,2026-09-09T17:04:56Z,is_drug_or_biologic,1,bool,fda.refusals.backfill,raw/fda.refusals.backfill/2026/09/20260909T170456Z-d19e1c7920aa.json.gz,1
fda.refusals.backfill,firm:3003534718,2015-02-17,2026-09-09T17:04:56Z,is_foreign,1,bool,fda.refusals.backfill,raw/fda.refusals.backfill/2026/09/20260909T170456Z-d19e1c7920aa.json.gz,1
fda.refusals.backfill,firm:3003534718,2015-02-17,2026-09-09T17:04:56Z,is_human_drug,1,bool,fda.refusals.backfill,raw/fda.refusals.backfill/2026/09/20260909T170456Z-d19e1c7920aa.json.gz,1
fda.refusals.backfill,firm:3003534718,2015-02-17,2026-09-09T17:04:56Z,label,Pierre Fabre Dermo Cosmetique,,fda.refusals.backfill,raw/fda.refusals.backfill/2026/09/20260909T170456Z-d19e1c7920aa.json.gz,1
fda.refusals.backfill,firm:3003534718,2015-02-17,2026-09-09T17:04:56Z,refused_at,20150217,yyyymmdd,fda.refusals.backfill,raw/fda.refusals.backfill/2026/09/20260909T170456Z-d19e1c7920aa.json.gz,1
fda.refusals.backfill,firm:3003618827,2015-02-27,2026-09-09T17:04:56Z,firm_key,L OREAL USA DBA LUXURY PROD,,fda.refusals.backfill,raw/fda.refusals.backfill/2026/09/20260909T170456Z-d19e1c7920aa.json.gz,1
fda.refusals.backfill,firm:3003618827,2015-02-27,2026-09-09T17:04:56Z,import_refusal,1,count,fda.refusals.backfill,raw/fda.refusals.backfill/2026/09/20260909T170456Z-d19e1c7920aa.json.gz,1
fda.refusals.backfill,firm:3003618827,2015-02-27,2026-09-09T17:04:56Z,is_drug_or_biologic,1,bool,fda.refusals.backfill,raw/fda.refusals.backfill/2026/09/20260909T170456Z-d19e1c7920aa.json.gz,1
fda.refusals.backfill,firm:3003618827,2015-02-27,2026-09-09T17:04:56Z,is_foreign,0,bool,fda.refusals.backfill,raw/fda.refusals.backfill/2026/09/20260909T170456Z-d19e1c7920aa.json.gz,1
fda.refusals.backfill,firm:3003618827,2015-02-27,2026-09-09T17:04:56Z,is_human_drug,1,bool,fda.refusals.backfill,raw/fda.refusals.backfill/2026/09/20260909T170456Z-d19e1c7920aa.json.gz,1
fda.refusals.backfill,firm:3003618827,2015-02-27,2026-09-09T17:04:56Z,label,L'Oreal USA Dba Luxury Prod,,fda.refusals.backfill,raw/fda.refusals.backfill/2026/09/20260909T170456Z-d19e1c7920aa.json.gz,1
fda.refusals.backfill,firm:3003618827,2015-02-27,2026-09-09T17:04:56Z,refused_at,20150227,yyyymmdd,fda.refusals.backfill,raw/fda.refusals.backfill/2026/09/20260909T170456Z-d19e1c7920aa.json.gz,1
fda.refusals.backfill,firm:3003723117,2015-02-02,2026-09-09T17:04:56Z,firm_key,SRI KRISHNA,,fda.refusals.backfill,raw/fda.refusals.backfill/2026/09/20260909T170456Z-d19e1c7920aa.json.gz,1
fda.refusals.backfill,firm:3003723117,2015-02-02,2026-09-09T17:04:56Z,import_refusal,1,count,fda.refusals.backfill,raw/fda.refusals.backfill/2026/09/20260909T170456Z-d19e1c7920aa.json.gz,1
fda.refusals.backfill,firm:3003723117,2015-02-02,2026-09-09T17:04:56Z,is_drug_or_biologic,1,bool,fda.refusals.backfill,raw/fda.refusals.backfill/2026/09/20260909T170456Z-d19e1c7920aa.json.gz,1
fda.refusals.backfill,firm:3003723117,2015-02-02,2026-09-09T17:04:56Z,is_foreign,1,bool,fda.refusals.backfill,raw/fda.refusals.backfill/2026/09/20260909T170456Z-d19e1c7920aa.json.gz,1
fda.refusals.backfill,firm:3003723117,2015-02-02,2026-09-09T17:04:56Z,is_human_drug,1,bool,fda.refusals.backfill,raw/fda.refusals.backfill/2026/09/20260909T170456Z-d19e1c7920aa.json.gz,1
fda.refusals.backfill,firm:3003723117,2015-02-02,2026-09-09T17:04:56Z,label,SRI Krishna Pharmaceuticals Ltd,,fda.refusals.backfill,raw/fda.refusals.backfill/2026/09/20260909T170456Z-d19e1c7920aa.json.gz,1
fda.refusals.backfill,firm:3003723117,2015-02-02,2026-09-09T17:04:56Z,refused_at,20150202,yyyymmdd,fda.refusals.backfill,raw/fda.refusals.backfill/2026/09/20260909T170456Z-d19e1c7920aa.json.gz,1
fda.refusals.backfill,firm:3003854110,2015-02-13,2026-09-09T17:04:56Z,firm_key,TUBILUX SPA,,fda.refusals.backfill,raw/fda.refusals.backfill/2026/09/20260909T170456Z-d19e1c7920aa.json.gz,1
fda.refusals.backfill,firm:3003854110,2015-02-13,2026-09-09T17:04:56Z,import_refusal,1,count,fda.refusals.backfill,raw/fda.refusals.backfill/2026/09/20260909T170456Z-d19e1c7920aa.json.gz,1
fda.refusals.backfill,firm:3003854110,2015-02-13,2026-09-09T17:04:56Z,is_drug_or_biologic,1,bool,fda.refusals.backfill,raw/fda.refusals.backfill/2026/09/20260909T170456Z-d19e1c7920aa.json.gz,1
fda.refusals.backfill,firm:3003854110,2015-02-13,2026-09-09T17:04:56Z,is_foreign,1,bool,fda.refusals.backfill,raw/fda.refusals.backfill/2026/09/20260909T170456Z-d19e1c7920aa.json.gz,1
fda.refusals.backfill,firm:3003854110,2015-02-13,2026-09-09T17:04:56Z,is_human_drug,1,bool,fda.refusals.backfill,raw/fda.refusals.backfill/2026/09/20260909T170456Z-d19e1c7920aa.json.gz,1
fda.refusals.backfill,firm:3003854110,2015-02-13,2026-09-09T17:04:56Z,label,Tubilux Pharma Spa,,fda.refusals.backfill,raw/fda.refusals.backfill/2026/09/20260909T170456Z-d19e1c7920aa.json.gz,1
fda.refusals.backfill,firm:3003854110,2015-02-13,2026-09-09T17:04:56Z,refused_at,20150213,yyyymmdd,fda.refusals.backfill,raw/fda.refusals.backfill/2026/09/20260909T170456Z-d19e1c7920aa.json.gz,1
fda.refusals.backfill,firm:3003940704,2015-02-06,2026-09-09T17:04:56Z,firm_key,SOLCHEM SPA,,fda.refusals.backfill,raw/fda.refusals.backfill/2026/09/20260909T170456Z-d19e1c7920aa.json.gz,1
fda.refusals.backfill,firm:3003940704,2015-02-06,2026-09-09T17:04:56Z,import_refusal,1,count,fda.refusals.backfill,raw/fda.refusals.backfill/2026/09/20260909T170456Z-d19e1c7920aa.json.gz,1
fda.refusals.backfill,firm:3003940704,2015-02-06,2026-09-09T17:04:56Z,is_drug_or_biologic,1,bool,fda.refusals.backfill,raw/fda.refusals.backfill/2026/09/20260909T170456Z-d19e1c7920aa.json.gz,1
fda.refusals.backfill,firm:3003940704,2015-02-06,2026-09-09T17:04:56Z,is_foreign,1,bool,fda.refusals.backfill,raw/fda.refusals.backfill/2026/09/20260909T170456Z-d19e1c7920aa.json.gz,1
fda.refusals.backfill,firm:3003940704,2015-02-06,2026-09-09T17:04:56Z,is_human_drug,1,bool,fda.refusals.backfill,raw/fda.refusals.backfill/2026/09/20260909T170456Z-d19e1c7920aa.json.gz,1
fda.refusals.backfill,firm:3003940704,2015-02-06,2026-09-09T17:04:56Z,label,Solchem Spa,,fda.refusals.backfill,raw/fda.refusals.backfill/2026/09/20260909T170456Z-d19e1c7920aa.json.gz,1
fda.refusals.backfill,firm:3003940704,2015-02-06,2026-09-09T17:04:56Z,refused_at,20150206,yyyymmdd,fda.refusals.backfill,raw/fda.refusals.backfill/2026/09/20260909T170456Z-d19e1c7920aa.json.gz,1
fda.refusals.backfill,firm:3003995293,2015-02-05,2026-09-09T17:04:56Z,firm_key,SARA LEE PHILIPPINES,,fda.refusals.backfill,raw/fda.refusals.backfill/2026/09/20260909T170456Z-d19e1c7920aa.json.gz,1
fda.refusals.backfill,firm:3003995293,2015-02-05,2026-09-09T17:04:56Z,import_refusal,1,count,fda.refusals.backfill,raw/fda.refusals.backfill/2026/09/20260909T170456Z-d19e1c7920aa.json.gz,1
fda.refusals.backfill,firm:3003995293,2015-02-05,2026-09-09T17:04:56Z,is_drug_or_biologic,1,bool,fda.refusals.backfill,raw/fda.refusals.backfill/2026/09/20260909T170456Z-d19e1c7920aa.json.gz,1
fda.refusals.backfill,firm:3003995293,2015-02-05,2026-09-09T17:04:56Z,is_foreign,1,bool,fda.refusals.backfill,raw/fda.refusals.backfill/2026/09/20260909T170456Z-d19e1c7920aa.json.gz,1
fda.refusals.backfill,firm:3003995293,2015-02-05,2026-09-09T17:04:56Z,is_human_drug,1,bool,fda.refusals.backfill,raw/fda.refusals.backfill/2026/09/20260909T170456Z-d19e1c7920aa.json.gz,1
fda.refusals.backfill,firm:3003995293,2015-02-05,2026-09-09T17:04:56Z,label,"Sara Lee Philippines, Inc.",,fda.refusals.backfill,raw/fda.refusals.backfill/2026/09/20260909T170456Z-d19e1c7920aa.json.gz,1
fda.refusals.backfill,firm:3003995293,2015-02-05,2026-09-09T17:04:56Z,refused_at,20150205,yyyymmdd,fda.refusals.backfill,raw/fda.refusals.backfill/2026/09/20260909T170456Z-d19e1c7920aa.json.gz,1
fda.refusals.backfill,firm:3004002973,2015-02-26,2026-09-09T17:04:56Z,firm_key,JINAN JINDA CHEMISTRY,,fda.refusals.backfill,raw/fda.refusals.backfill/2026/09/20260909T170456Z-d19e1c7920aa.json.gz,1
fda.refusals.backfill,firm:3004002973,2015-02-26,2026-09-09T17:04:56Z,import_refusal,1,count,fda.refusals.backfill,raw/fda.refusals.backfill/2026/09/20260909T170456Z-d19e1c7920aa.json.gz,1
fda.refusals.backfill,firm:3004002973,2015-02-26,2026-09-09T17:04:56Z,is_drug_or_biologic,1,bool,fda.refusals.backfill,raw/fda.refusals.backfill/2026/09/20260909T170456Z-d19e1c7920aa.json.gz,1
fda.refusals.backfill,firm:3004002973,2015-02-26,2026-09-09T17:04:56Z,is_foreign,1,bool,fda.refusals.backfill,raw/fda.refusals.backfill/2026/09/20260909T170456Z-d19e1c7920aa.json.gz,1
fda.refusals.backfill,firm:3004002973,2015-02-26,2026-09-09T17:04:56Z,is_human_drug,1,bool,fda.refusals.backfill,raw/fda.refusals.backfill/2026/09/20260909T170456Z-d19e1c7920aa.json.gz,1
fda.refusals.backfill,firm:3004002973,2015-02-26,2026-09-09T17:04:56Z,label,"Jinan Jinda Pharmaceutical Chemistry Co., Ltd.",,fda.refusals.backfill,raw/fda.refusals.backfill/2026/09/20260909T170456Z-d19e1c7920aa.json.gz,1
fda.refusals.backfill,firm:3004002973,2015-02-26,2026-09-09T17:04:56Z,refused_at,20150226,yyyymmdd,fda.refusals.backfill,raw/fda.refusals.backfill/2026/09/20260909T170456Z-d19e1c7920aa.json.gz,1
fda.refusals.backfill,firm:3004055168,2015-02-04,2026-09-09T17:04:56Z,firm_key,LES SERVIER INDUSTRIE,,fda.refusals.backfill,raw/fda.refusals.backfill/2026/09/20260909T170456Z-d19e1c7920aa.json.gz,1
fda.refusals.backfill,firm:3004055168,2015-02-04,2026-09-09T17:04:56Z,import_refusal,1,count,fda.refusals.backfill,raw/fda.refusals.backfill/2026/09/20260909T170456Z-d19e1c7920aa.json.gz,1
fda.refusals.backfill,firm:3004055168,2015-02-04,2026-09-09T17:04:56Z,is_drug_or_biologic,1,bool,fda.refusals.backfill,raw/fda.refusals.backfill/2026/09/20260909T170456Z-d19e1c7920aa.json.gz,1
fda.refusals.backfill,firm:3004055168,2015-02-04,2026-09-09T17:04:56Z,is_foreign,1,bool,fda.refusals.backfill,raw/fda.refusals.backfill/2026/09/20260909T170456Z-d19e1c7920aa.json.gz,1
fda.refusals.backfill,firm:3004055168,2015-02-04,2026-09-09T17:04:56Z,is_human_drug,1,bool,fda.refusals.backfill,raw/fda.refusals.backfill/2026/09/20260909T170456Z-d19e1c7920aa.json.gz,1
fda.refusals.backfill,firm:3004055168,2015-02-04,2026-09-09T17:04:56Z,label,Les Laboratories Servier Industrie,,fda.refusals.backfill,raw/fda.refusals.backfill/2026/09/20260909T170456Z-d19e1c7920aa.json.gz,1
fda.refusals.backfill,firm:3004055168,2015-02-04,2026-09-09T17:04:56Z,refused_at,20150204,yyyymmdd,fda.refusals.backfill,raw/fda.refusals.backfill/2026/09/20260909T170456Z-d19e1c7920aa.json.gz,1
fda.refusals.backfill,firm:3004056026,2015-02-19,2026-09-09T17:04:56Z,firm_key,DUSART,,fda.refusals.backfill,raw/fda.refusals.backfill/2026/09/20260909T170456Z-d19e1c7920aa.json.gz,1
fda.refusals.backfill,firm:3004056026,2015-02-19,2026-09-09T17:04:56Z,import_refusal,1,count,fda.refusals.backfill,raw/fda.refusals.backfill/2026/09/20260909T170456Z-d19e1c7920aa.json.gz,1
fda.refusals.backfill,firm:3004056026,2015-02-19,2026-09-09T17:04:56Z,is_drug_or_biologic,1,bool,fda.refusals.backfill,raw/fda.refusals.backfill/2026/09/20260909T170456Z-d19e1c7920aa.json.gz,1
fda.refusals.backfill,firm:3004056026,2015-02-19,2026-09-09T17:04:56Z,is_foreign,1,bool,fda.refusals.backfill,raw/fda.refusals.backfill/2026/09/20260909T170456Z-d19e1c7920aa.json.gz,1
fda.refusals.backfill,firm:3004056026,2015-02-19,2026-09-09T17:04:56Z,is_human_drug,1,bool,fda.refusals.backfill,raw/fda.refusals.backfill/2026/09/20260909T170456Z-d19e1c7920aa.json.gz,1
fda.refusals.backfill,firm:3004056026,2015-02-19,2026-09-09T17:04:56Z,label,Dusart Pharma BV,,fda.refusals.backfill,raw/fda.refusals.backfill/2026/09/20260909T170456Z-d19e1c7920aa.json.gz,1
fda.refusals.backfill,firm:3004056026,2015-02-19,2026-09-09T17:04:56Z,refused_at,20150219,yyyymmdd,fda.refusals.backfill,raw/fda.refusals.backfill/2026/09/20260909T170456Z-d19e1c7920aa.json.gz,1
fda.refusals.backfill,firm:3004273572,2015-02-03,2026-09-09T17:04:56Z,firm_key,HAMDARD WAQF PAKISTAN,,fda.refusals.backfill,raw/fda.refusals.backfill/2026/09/20260909T170456Z-d19e1c7920aa.json.gz,1
fda.refusals.backfill,firm:3004273572,2015-02-03,2026-09-09T17:04:56Z,import_refusal,1,count,fda.refusals.backfill,raw/fda.refusals.backfill/2026/09/20260909T170456Z-d19e1c7920aa.json.gz,1
fda.refusals.backfill,firm:3004273572,2015-02-03,2026-09-09T17:04:56Z,is_drug_or_biologic,1,bool,fda.refusals.backfill,raw/fda.refusals.backfill/2026/09/20260909T170456Z-d19e1c7920aa.json.gz,1
fda.refusals.backfill,firm:3004273572,2015-02-03,2026-09-09T17:04:56Z,is_foreign,1,bool,fda.refusals.backfill,raw/fda.refusals.backfill/2026/09/20260909T170456Z-d19e1c7920aa.json.gz,1
fda.refusals.backfill,firm:3004273572,2015-02-03,2026-09-09T17:04:56Z,is_human_drug,1,bool,fda.refusals.backfill,raw/fda.refusals.backfill/2026/09/20260909T170456Z-d19e1c7920aa.json.gz,1
fda.refusals.backfill,firm:3004273572,2015-02-03,2026-09-09T17:04:56Z,label,HAMDARD LABORATORIES ( WAQF ) PAKISTAN,,fda.refusals.backfill,raw/fda.refusals.backfill/2026/09/20260909T170456Z-d19e1c7920aa.json.gz,1
fda.refusals.backfill,firm:3004273572,2015-02-03,2026-09-09T17:04:56Z,refused_at,20150203,yyyymmdd,fda.refusals.backfill,raw/fda.refusals.backfill/2026/09/20260909T170456Z-d19e1c7920aa.json.gz,1
fda.refusals.backfill,firm:3004412293,2015-02-26,2026-09-09T17:04:56Z,firm_key,DETO APS,,fda.refusals.backfill,raw/fda.refusals.backfill/2026/09/20260909T170456Z-d19e1c7920aa.json.gz,1
fda.refusals.backfill,firm:3004412293,2015-02-26,2026-09-09T17:04:56Z,import_refusal,1,count,fda.refusals.backfill,raw/fda.refusals.backfill/2026/09/20260909T170456Z-d19e1c7920aa.json.gz,1
fda.refusals.backfill,firm:3004412293,2015-02-26,2026-09-09T17:04:56Z,is_drug_or_biologic,1,bool,fda.refusals.backfill,raw/fda.refusals.backfill/2026/09/20260909T170456Z-d19e1c7920aa.json.gz,1
fda.refusals.backfill,firm:3004412293,2015-02-26,2026-09-09T17:04:56Z,is_foreign,1,bool,fda.refusals.backfill,raw/fda.refusals.backfill/2026/09/20260909T170456Z-d19e1c7920aa.json.gz,1
fda.refusals.backfill,firm:3004412293,2015-02-26,2026-09-09T17:04:56Z,is_human_drug,0,bool,fda.refusals.backfill,raw/fda.refusals.backfill/2026/09/20260909T170456Z-d19e1c7920aa.json.gz,1
fda.refusals.backfill,firm:3004412293,2015-02-26,2026-09-09T17:04:56Z,label,Deto Aps,,fda.refusals.backfill,raw/fda.refusals.backfill/2026/09/20260909T170456Z-d19e1c7920aa.json.gz,1
fda.refusals.backfill,firm:3004412293,2015-02-26,2026-09-09T17:04:56Z,refused_at,20150226,yyyymmdd,fda.refusals.backfill,raw/fda.refusals.backfill/2026/09/20260909T170456Z-d19e1c7920aa.json.gz,1
fda.refusals.backfill,firm:3004428513,2015-02-25,2026-09-09T17:04:56Z,firm_key,HAW PAR BROS,,fda.refusals.backfill,raw/fda.refusals.backfill/2026/09/20260909T170456Z-d19e1c7920aa.json.gz,1
fda.refusals.backfill,firm:3004428513,2015-02-25,2026-09-09T17:04:56Z,import_refusal,1,count,fda.refusals.backfill,raw/fda.refusals.backfill/2026/09/20260909T170456Z-d19e1c7920aa.json.gz,1
fda.refusals.backfill,firm:3004428513,2015-02-25,2026-09-09T17:04:56Z,is_drug_or_biologic,1,bool,fda.refusals.backfill,raw/fda.refusals.backfill/2026/09/20260909T170456Z-d19e1c7920aa.json.gz,1
fda.refusals.backfill,firm:3004428513,2015-02-25,2026-09-09T17:04:56Z,is_foreign,1,bool,fda.refusals.backfill,raw/fda.refusals.backfill/2026/09/20260909T170456Z-d19e1c7920aa.json.gz,1
fda.refusals.backfill,firm:3004428513,2015-02-25,2026-09-09T17:04:56Z,is_human_drug,1,bool,fda.refusals.backfill,raw/fda.refusals.backfill/2026/09/20260909T170456Z-d19e1c7920aa.json.gz,1
fda.refusals.backfill,firm:3004428513,2015-02-25,2026-09-09T17:04:56Z,label,Haw Par Bros International Ltd,,fda.refusals.backfill,raw/fda.refusals.backfill/2026/09/20260909T170456Z-d19e1c7920aa.json.gz,1
fda.refusals.backfill,firm:3004428513,2015-02-25,2026-09-09T17:04:56Z,refused_at,20150225,yyyymmdd,fda.refusals.backfill,raw/fda.refusals.backfill/2026/09/20260909T170456Z-d19e1c7920aa.json.gz,1
fda.refusals.backfill,firm:3004499992,2015-02-19,2026-09-09T17:04:56Z,firm_key,DECHRA,,fda.refusals.backfill,raw/fda.refusals.backfill/2026/09/20260909T170456Z-d19e1c7920aa.json.gz,1
fda.refusals.backfill,firm:3004499992,2015-02-19,2026-09-09T17:04:56Z,import_refusal,1,count,fda.refusals.backfill,raw/fda.refusals.backfill/2026/09/20260909T170456Z-d19e1c7920aa.json.gz,1
fda.refusals.backfill,firm:3004499992,2015-02-19,2026-09-09T17:04:56Z,is_drug_or_biologic,1,bool,fda.refusals.backfill,raw/fda.refusals.backfill/2026/09/20260909T170456Z-d19e1c7920aa.json.gz,1
fda.refusals.backfill,firm:3004499992,2015-02-19,2026-09-09T17:04:56Z,is_foreign,1,bool,fda.refusals.backfill,raw/fda.refusals.backfill/2026/09/20260909T170456Z-d19e1c7920aa.json.gz,1
fda.refusals.backfill,firm:3004499992,2015-02-19,2026-09-09T17:04:56Z,is_human_drug,1,bool,fda.refusals.backfill,raw/fda.refusals.backfill/2026/09/20260909T170456Z-d19e1c7920aa.json.gz,1
fda.refusals.backfill,firm:3004499992,2015-02-19,2026-09-09T17:04:56Z,label,Dechra Ltd,,fda.refusals.backfill,raw/fda.refusals.backfill/2026/09/20260909T170456Z-d19e1c7920aa.json.gz,1
fda.refusals.backfill,firm:3004499992,2015-02-19,2026-09-09T17:04:56Z,refused_at,20150219,yyyymmdd,fda.refusals.backfill,raw/fda.refusals.backfill/2026/09/20260909T170456Z-d19e1c7920aa.json.gz,1
fda.refusals.backfill,firm:3004672766,2015-02-04,2026-09-09T17:04:56Z,firm_key,GLENMARK,,fda.refusals.backfill,raw/fda.refusals.backfill/2026/09/20260909T170456Z-d19e1c7920aa.json.gz,1
fda.refusals.backfill,firm:3004672766,2015-02-04,2026-09-09T17:04:56Z,import_refusal,1,count,fda.refusals.backfill,raw/fda.refusals.backfill/2026/09/20260909T170456Z-d19e1c7920aa.json.gz,1
fda.refusals.backfill,firm:3004672766,2015-02-04,2026-09-09T17:04:56Z,is_drug_or_biologic,1,bool,fda.refusals.backfill,raw/fda.refusals.backfill/2026/09/20260909T170456Z-d19e1c7920aa.json.gz,1
fda.refusals.backfill,firm:3004672766,2015-02-04,2026-09-09T17:04:56Z,is_foreign,1,bool,fda.refusals.backfill,raw/fda.refusals.backfill/2026/09/20260909T170456Z-d19e1c7920aa.json.gz,1
fda.refusals.backfill,firm:3004672766,2015-02-04,2026-09-09T17:04:56Z,is_human_drug,1,bool,fda.refusals.backfill,raw/fda.refusals.backfill/2026/09/20260909T170456Z-d19e1c7920aa.json.gz,1
fda.refusals.backfill,firm:3004672766,2015-02-04,2026-09-09T17:04:56Z,label,Glenmark Pharmaceuticals Limited,,fda.refusals.backfill,raw/fda.refusals.backfill/2026/09/20260909T170456Z-d19e1c7920aa.json.gz,1
fda.refusals.backfill,firm:3004672766,2015-02-04,2026-09-09T17:04:56Z,refused_at,20150204,yyyymmdd,fda.refusals.backfill,raw/fda.refusals.backfill/2026/09/20260909T170456Z-d19e1c7920aa.json.gz,1
fda.refusals.backfill,firm:3005144955,2015-02-03,2026-09-09T17:04:56Z,firm_key,CHEMO S A LUGANO BRANCH,,fda.refusals.backfill,raw/fda.refusals.backfill/2026/09/20260909T170456Z-d19e1c7920aa.json.gz,1
fda.refusals.backfill,firm:3005144955,2015-02-03,2026-09-09T17:04:56Z,import_refusal,1,count,fda.refusals.backfill,raw/fda.refusals.backfill/2026/09/20260909T170456Z-d19e1c7920aa.json.gz,1
fda.refusals.backfill,firm:3005144955,2015-02-03,2026-09-09T17:04:56Z,is_drug_or_biologic,1,bool,fda.refusals.backfill,raw/fda.refusals.backfill/2026/09/20260909T170456Z-d19e1c7920aa.json.gz,1
fda.refusals.backfill,firm:3005144955,2015-02-03,2026-09-09T17:04:56Z,is_foreign,1,bool,fda.refusals.backfill,raw/fda.refusals.backfill/2026/09/20260909T170456Z-d19e1c7920aa.json.gz,1
fda.refusals.backfill,firm:3005144955,2015-02-03,2026-09-09T17:04:56Z,is_human_drug,1,bool,fda.refusals.backfill,raw/fda.refusals.backfill/2026/09/20260909T170456Z-d19e1c7920aa.json.gz,1
fda.refusals.backfill,firm:3005144955,2015-02-03,2026-09-09T17:04:56Z,label,Chemo S.A. Lugano Branch,,fda.refusals.backfill,raw/fda.refusals.backfill/2026/09/20260909T170456Z-d19e1c7920aa.json.gz,1
fda.refusals.backfill,firm:3005144955,2015-02-03,2026-09-09T17:04:56Z,refused_at,20150203,yyyymmdd,fda.refusals.backfill,raw/fda.refusals.backfill/2026/09/20260909T170456Z-d19e1c7920aa.json.gz,1
fda.refusals.backfill,firm:3005633478,2015-02-23,2026-09-09T17:04:56Z,firm_key,SANOFI,,fda.refusals.backfill,raw/fda.refusals.backfill/2026/09/20260909T170456Z-d19e1c7920aa.json.gz,1
fda.refusals.backfill,firm:3005633478,2015-02-23,2026-09-09T17:04:56Z,import_refusal,1,count,fda.refusals.backfill,raw/fda.refusals.backfill/2026/09/20260909T170456Z-d19e1c7920aa.json.gz,1
fda.refusals.backfill,firm:3005633478,2015-02-23,2026-09-09T17:04:56Z,is_drug_or_biologic,1,bool,fda.refusals.backfill,raw/fda.refusals.backfill/2026/09/20260909T170456Z-d19e1c7920aa.json.gz,1
fda.refusals.backfill,firm:3005633478,2015-02-23,2026-09-09T17:04:56Z,is_foreign,1,bool,fda.refusals.backfill,raw/fda.refusals.backfill/2026/09/20260909T170456Z-d19e1c7920aa.json.gz,1
fda.refusals.backfill,firm:3005633478,2015-02-23,2026-09-09T17:04:56Z,is_human_drug,1,bool,fda.refusals.backfill,raw/fda.refusals.backfill/2026/09/20260909T170456Z-d19e1c7920aa.json.gz,1
fda.refusals.backfill,firm:3005633478,2015-02-23,2026-09-09T17:04:56Z,label,Sanofi,,fda.refusals.backfill,raw/fda.refusals.backfill/2026/09/20260909T170456Z-d19e1c7920aa.json.gz,1
fda.refusals.backfill,firm:3005633478,2015-02-23,2026-09-09T17:04:56Z,refused_at,20150223,yyyymmdd,fda.refusals.backfill,raw/fda.refusals.backfill/2026/09/20260909T170456Z-d19e1c7920aa.json.gz,1
fda.refusals.backfill,firm:3006005111,2015-02-19,2026-09-09T17:04:56Z,firm_key,AADIVIGHNESH CHEM,,fda.refusals.backfill,raw/fda.refusals.backfill/2026/09/20260909T170456Z-d19e1c7920aa.json.gz,1
fda.refusals.backfill,firm:3006005111,2015-02-19,2026-09-09T17:04:56Z,import_refusal,1,count,fda.refusals.backfill,raw/fda.refusals.backfill/2026/09/20260909T170456Z-d19e1c7920aa.json.gz,1
fda.refusals.backfill,firm:3006005111,2015-02-19,2026-09-09T17:04:56Z,is_drug_or_biologic,1,bool,fda.refusals.backfill,raw/fda.refusals.backfill/2026/09/20260909T170456Z-d19e1c7920aa.json.gz,1
fda.refusals.backfill,firm:3006005111,2015-02-19,2026-09-09T17:04:56Z,is_foreign,1,bool,fda.refusals.backfill,raw/fda.refusals.backfill/2026/09/20260909T170456Z-d19e1c7920aa.json.gz,1
fda.refusals.backfill,firm:3006005111,2015-02-19,2026-09-09T17:04:56Z,is_human_drug,1,bool,fda.refusals.backfill,raw/fda.refusals.backfill/2026/09/20260909T170456Z-d19e1c7920aa.json.gz,1
fda.refusals.backfill,firm:3006005111,2015-02-19,2026-09-09T17:04:56Z,label,Aadivighnesh Chem PVT. LTD.,,fda.refusals.backfill,raw/fda.refusals.backfill/2026/09/20260909T170456Z-d19e1c7920aa.json.gz,1
fda.refusals.backfill,firm:3006005111,2015-02-19,2026-09-09T17:04:56Z,refused_at,20150219,yyyymmdd,fda.refusals.backfill,raw/fda.refusals.backfill/2026/09/20260909T170456Z-d19e1c7920aa.json.gz,1
fda.refusals.backfill,firm:3006294053,2015-02-13,2026-09-09T17:04:56Z,firm_key,UCB,,fda.refusals.backfill,raw/fda.refusals.backfill/2026/09/20260909T170456Z-d19e1c7920aa.json.gz,1
fda.refusals.backfill,firm:3006294053,2015-02-13,2026-09-09T17:04:56Z,import_refusal,1,count,fda.refusals.backfill,raw/fda.refusals.backfill/2026/09/20260909T170456Z-d19e1c7920aa.json.gz,1
fda.refusals.backfill,firm:3006294053,2015-02-13,2026-09-09T17:04:56Z,is_drug_or_biologic,1,bool,fda.refusals.backfill,raw/fda.refusals.backfill/2026/09/20260909T170456Z-d19e1c7920aa.json.gz,1
fda.refusals.backfill,firm:3006294053,2015-02-13,2026-09-09T17:04:56Z,is_foreign,1,bool,fda.refusals.backfill,raw/fda.refusals.backfill/2026/09/20260909T170456Z-d19e1c7920aa.json.gz,1
fda.refusals.backfill,firm:3006294053,2015-02-13,2026-09-09T17:04:56Z,is_human_drug,1,bool,fda.refusals.backfill,raw/fda.refusals.backfill/2026/09/20260909T170456Z-d19e1c7920aa.json.gz,1
fda.refusals.backfill,firm:3006294053,2015-02-13,2026-09-09T17:04:56Z,label,Ucb Pharma Ltd,,fda.refusals.backfill,raw/fda.refusals.backfill/2026/09/20260909T170456Z-d19e1c7920aa.json.gz,1
fda.refusals.backfill,firm:3006294053,2015-02-13,2026-09-09T17:04:56Z,refused_at,20150213,yyyymmdd,fda.refusals.backfill,raw/fda.refusals.backfill/2026/09/20260909T170456Z-d19e1c7920aa.json.gz,1
fda.refusals.backfill,firm:3006335163,2015-02-09,2026-09-09T17:04:56Z,firm_key,LABORATORIOS RIDER,,fda.refusals.backfill,raw/fda.refusals.backfill/2026/09/20260909T170456Z-d19e1c7920aa.json.gz,1
fda.refusals.backfill,firm:3006335163,2015-02-09,2026-09-09T17:04:56Z,import_refusal,1,count,fda.refusals.backfill,raw/fda.refusals.backfill/2026/09/20260909T170456Z-d19e1c7920aa.json.gz,1
fda.refusals.backfill,firm:3006335163,2015-02-09,2026-09-09T17:04:56Z,is_drug_or_biologic,1,bool,fda.refusals.backfill,raw/fda.refusals.backfill/2026/09/20260909T170456Z-d19e1c7920aa.json.gz,1
fda.refusals.backfill,firm:3006335163,2015-02-09,2026-09-09T17:04:56Z,is_foreign,1,bool,fda.refusals.backfill,raw/fda.refusals.backfill/2026/09/20260909T170456Z-d19e1c7920aa.json.gz,1
fda.refusals.backfill,firm:3006335163,2015-02-09,2026-09-09T17:04:56Z,is_human_drug,1,bool,fda.refusals.backfill,raw/fda.refusals.backfill/2026/09/20260909T170456Z-d19e1c7920aa.json.gz,1
fda.refusals.backfill,firm:3006335163,2015-02-09,2026-09-09T17:04:56Z,label,Laboratorios Rider Sa,,fda.refusals.backfill,raw/fda.refusals.backfill/2026/09/20260909T170456Z-d19e1c7920aa.json.gz,1
fda.refusals.backfill,firm:3006335163,2015-02-09,2026-09-09T17:04:56Z,refused_at,20150209,yyyymmdd,fda.refusals.backfill,raw/fda.refusals.backfill/2026/09/20260909T170456Z-d19e1c7920aa.json.gz,1
fda.refusals.backfill,firm:3006388688,2015-02-13,2026-09-09T17:04:56Z,firm_key,MERCK SHARP DUHME DE MEXICO,,fda.refusals.backfill,raw/fda.refusals.backfill/2026/09/20260909T170456Z-d19e1c7920aa.json.gz,1
fda.refusals.backfill,firm:3006388688,2015-02-13,2026-09-09T17:04:56Z,import_refusal,1,count,fda.refusals.backfill,raw/fda.refusals.backfill/2026/09/20260909T170456Z-d19e1c7920aa.json.gz,1
fda.refusals.backfill,firm:3006388688,2015-02-13,2026-09-09T17:04:56Z,is_drug_or_biologic,1,bool,fda.refusals.backfill,raw/fda.refusals.backfill/2026/09/20260909T170456Z-d19e1c7920aa.json.gz,1
fda.refusals.backfill,firm:3006388688,2015-02-13,2026-09-09T17:04:56Z,is_foreign,1,bool,fda.refusals.backfill,raw/fda.refusals.backfill/2026/09/20260909T170456Z-d19e1c7920aa.json.gz,1
fda.refusals.backfill,firm:3006388688,2015-02-13,2026-09-09T17:04:56Z,is_human_drug,1,bool,fda.refusals.backfill,raw/fda.refusals.backfill/2026/09/20260909T170456Z-d19e1c7920aa.json.gz,1
fda.refusals.backfill,firm:3006388688,2015-02-13,2026-09-09T17:04:56Z,label,Merck Sharp & Duhme De Mexico,,fda.refusals.backfill,raw/fda.refusals.backfill/2026/09/20260909T170456Z-d19e1c7920aa.json.gz,1
fda.refusals.backfill,firm:3006388688,2015-02-13,2026-09-09T17:04:56Z,refused_at,20150213,yyyymmdd,fda.refusals.backfill,raw/fda.refusals.backfill/2026/09/20260909T170456Z-d19e1c7920aa.json.gz,1
fda.refusals.backfill,firm:3006637730,2015-02-13,2026-09-09T17:04:56Z,firm_key,PT RECKITT BENCKISER,,fda.refusals.backfill,raw/fda.refusals.backfill/2026/09/20260909T170456Z-d19e1c7920aa.json.gz,1
fda.refusals.backfill,firm:3006637730,2015-02-13,2026-09-09T17:04:56Z,import_refusal,1,count,fda.refusals.backfill,raw/fda.refusals.backfill/2026/09/20260909T170456Z-d19e1c7920aa.json.gz,1
fda.refusals.backfill,firm:3006637730,2015-02-13,2026-09-09T17:04:56Z,is_drug_or_biologic,1,bool,fda.refusals.backfill,raw/fda.refusals.backfill/2026/09/20260909T170456Z-d19e1c7920aa.json.gz,1
fda.refusals.backfill,firm:3006637730,2015-02-13,2026-09-09T17:04:56Z,is_foreign,1,bool,fda.refusals.backfill,raw/fda.refusals.backfill/2026/09/20260909T170456Z-d19e1c7920aa.json.gz,1
fda.refusals.backfill,firm:3006637730,2015-02-13,2026-09-09T17:04:56Z,is_human_drug,1,bool,fda.refusals.backfill,raw/fda.refusals.backfill/2026/09/20260909T170456Z-d19e1c7920aa.json.gz,1
fda.refusals.backfill,firm:3006637730,2015-02-13,2026-09-09T17:04:56Z,label,Pt Reckitt Benckiser,,fda.refusals.backfill,raw/fda.refusals.backfill/2026/09/20260909T170456Z-d19e1c7920aa.json.gz,1
fda.refusals.backfill,firm:3006637730,2015-02-13,2026-09-09T17:04:56Z,refused_at,20150213,yyyymmdd,fda.refusals.backfill,raw/fda.refusals.backfill/2026/09/20260909T170456Z-d19e1c7920aa.json.gz,1
fda.refusals.backfill,firm:3006744199,2015-02-06,2026-09-09T17:04:56Z,firm_key,MAKSON HEALTH CARE,,fda.refusals.backfill,raw/fda.refusals.backfill/2026/09/20260909T170456Z-d19e1c7920aa.json.gz,1
fda.refusals.backfill,firm:3006744199,2015-02-06,2026-09-09T17:04:56Z,import_refusal,1,count,fda.refusals.backfill,raw/fda.refusals.backfill/2026/09/20260909T170456Z-d19e1c7920aa.json.gz,1
fda.refusals.backfill,firm:3006744199,2015-02-06,2026-09-09T17:04:56Z,is_drug_or_biologic,1,bool,fda.refusals.backfill,raw/fda.refusals.backfill/2026/09/20260909T170456Z-d19e1c7920aa.json.gz,1
fda.refusals.backfill,firm:3006744199,2015-02-06,2026-09-09T17:04:56Z,is_foreign,1,bool,fda.refusals.backfill,raw/fda.refusals.backfill/2026/09/20260909T170456Z-d19e1c7920aa.json.gz,1
fda.refusals.backfill,firm:3006744199,2015-02-06,2026-09-09T17:04:56Z,is_human_drug,1,bool,fda.refusals.backfill,raw/fda.refusals.backfill/2026/09/20260909T170456Z-d19e1c7920aa.json.gz,1
fda.refusals.backfill,firm:3006744199,2015-02-06,2026-09-09T17:04:56Z,label,Makson Health Care Private Ltd.,,fda.refusals.backfill,raw/fda.refusals.backfill/2026/09/20260909T170456Z-d19e1c7920aa.json.gz,1
fda.refusals.backfill,firm:3006744199,2015-02-06,2026-09-09T17:04:56Z,refused_at,20150206,yyyymmdd,fda.refusals.backfill,raw/fda.refusals.backfill/2026/09/20260909T170456Z-d19e1c7920aa.json.gz,1
fda.refusals.backfill,firm:3006803957,2015-02-06,2026-09-09T17:04:56Z,firm_key,COLGATE PALMOLIVE THAILAND BRANCH,,fda.refusals.backfill,raw/fda.refusals.backfill/2026/09/20260909T170456Z-d19e1c7920aa.json.gz,1
fda.refusals.backfill,firm:3006803957,2015-02-06,2026-09-09T17:04:56Z,import_refusal,1,count,fda.refusals.backfill,raw/fda.refusals.backfill/2026/09/20260909T170456Z-d19e1c7920aa.json.gz,1
fda.refusals.backfill,firm:3006803957,2015-02-06,2026-09-09T17:04:56Z,is_drug_or_biologic,1,bool,fda.refusals.backfill,raw/fda.refusals.backfill/2026/09/20260909T170456Z-d19e1c7920aa.json.gz,1
fda.refusals.backfill,firm:3006803957,2015-02-06,2026-09-09T17:04:56Z,is_foreign,1,bool,fda.refusals.backfill,raw/fda.refusals.backfill/2026/09/20260909T170456Z-d19e1c7920aa.json.gz,1
fda.refusals.backfill,firm:3006803957,2015-02-06,2026-09-09T17:04:56Z,is_human_drug,1,bool,fda.refusals.backfill,raw/fda.refusals.backfill/2026/09/20260909T170456Z-d19e1c7920aa.json.gz,1
fda.refusals.backfill,firm:3006803957,2015-02-06,2026-09-09T17:04:56Z,label,Colgate-Palmolive (Thailand) Limited - Branch,,fda.refusals.backfill,raw/fda.refusals.backfill/2026/09/20260909T170456Z-d19e1c7920aa.json.gz,1
fda.refusals.backfill,firm:3006803957,2015-02-06,2026-09-09T17:04:56Z,refused_at,20150206,yyyymmdd,fda.refusals.backfill,raw/fda.refusals.backfill/2026/09/20260909T170456Z-d19e1c7920aa.json.gz,1
fda.refusals.backfill,firm:3006897905,2015-02-10,2026-09-09T17:04:56Z,firm_key,CHIERON ACTIVE INGREDIENTS,,fda.refusals.backfill,raw/fda.refusals.backfill/2026/09/20260909T170456Z-d19e1c7920aa.json.gz,1
fda.refusals.backfill,firm:3006897905,2015-02-10,2026-09-09T17:04:56Z,import_refusal,1,count,fda.refusals.backfill,raw/fda.refusals.backfill/2026/09/20260909T170456Z-d19e1c7920aa.json.gz,1
fda.refusals.backfill,firm:3006897905,2015-02-10,2026-09-09T17:04:56Z,is_drug_or_biologic,1,bool,fda.refusals.backfill,raw/fda.refusals.backfill/2026/09/20260909T170456Z-d19e1c7920aa.json.gz,1
fda.refusals.backfill,firm:3006897905,2015-02-10,2026-09-09T17:04:56Z,is_foreign,1,bool,fda.refusals.backfill,raw/fda.refusals.backfill/2026/09/20260909T170456Z-d19e1c7920aa.json.gz,1
fda.refusals.backfill,firm:3006897905,2015-02-10,2026-09-09T17:04:56Z,is_human_drug,1,bool,fda.refusals.backfill,raw/fda.refusals.backfill/2026/09/20260909T170456Z-d19e1c7920aa.json.gz,1
fda.refusals.backfill,firm:3006897905,2015-02-10,2026-09-09T17:04:56Z,label,Chieron Active Ingredients Private Limited,,fda.refusals.backfill,raw/fda.refusals.backfill/2026/09/20260909T170456Z-d19e1c7920aa.json.gz,1
fda.refusals.backfill,firm:3006897905,2015-02-10,2026-09-09T17:04:56Z,refused_at,20150210,yyyymmdd,fda.refusals.backfill,raw/fda.refusals.backfill/2026/09/20260909T170456Z-d19e1c7920aa.json.gz,1
fda.refusals.backfill,firm:3007028791,2015-02-25,2026-09-09T17:04:56Z,firm_key,ALL PRO,,fda.refusals.backfill,raw/fda.refusals.backfill/2026/09/20260909T170456Z-d19e1c7920aa.json.gz,1
fda.refusals.backfill,firm:3007028791,2015-02-25,2026-09-09T17:04:56Z,import_refusal,1,count,fda.refusals.backfill,raw/fda.refusals.backfill/2026/09/20260909T170456Z-d19e1c7920aa.json.gz,1
fda.refusals.backfill,firm:3007028791,2015-02-25,2026-09-09T17:04:56Z,is_drug_or_biologic,1,bool,fda.refusals.backfill,raw/fda.refusals.backfill/2026/09/20260909T170456Z-d19e1c7920aa.json.gz,1
fda.refusals.backfill,firm:3007028791,2015-02-25,2026-09-09T17:04:56Z,is_foreign,1,bool,fda.refusals.backfill,raw/fda.refusals.backfill/2026/09/20260909T170456Z-d19e1c7920aa.json.gz,1
fda.refusals.backfill,firm:3007028791,2015-02-25,2026-09-09T17:04:56Z,is_human_drug,0,bool,fda.refusals.backfill,raw/fda.refusals.backfill/2026/09/20260909T170456Z-d19e1c7920aa.json.gz,1
fda.refusals.backfill,firm:3007028791,2015-02-25,2026-09-09T17:04:56Z,is_human_drug,1,bool,fda.refusals.backfill,raw/fda.refusals.backfill/2026/09/20260909T170456Z-d19e1c7920aa.json.gz,1
fda.refusals.backfill,firm:3007028791,2015-02-25,2026-09-09T17:04:56Z,label,ALL PRO CORPORATION,,fda.refusals.backfill,raw/fda.refusals.backfill/2026/09/20260909T170456Z-d19e1c7920aa.json.gz,1
fda.refusals.backfill,firm:3007028791,2015-02-25,2026-09-09T17:04:56Z,refused_at,20150225,yyyymmdd,fda.refusals.backfill,raw/fda.refusals.backfill/2026/09/20260909T170456Z-d19e1c7920aa.json.gz,1
fda.refusals.backfill,firm:3007124979,2015-02-25,2026-09-09T17:04:56Z,firm_key,ROOSIN MEDICAL,,fda.refusals.backfill,raw/fda.refusals.backfill/2026/09/20260909T170456Z-d19e1c7920aa.json.gz,1
fda.refusals.backfill,firm:3007124979,2015-02-25,2026-09-09T17:04:56Z,import_refusal,1,count,fda.refusals.backfill,raw/fda.refusals.backfill/2026/09/20260909T170456Z-d19e1c7920aa.json.gz,1
fda.refusals.backfill,firm:3007124979,2015-02-25,2026-09-09T17:04:56Z,is_drug_or_biologic,1,bool,fda.refusals.backfill,raw/fda.refusals.backfill/2026/09/20260909T170456Z-d19e1c7920aa.json.gz,1
fda.refusals.backfill,firm:3007124979,2015-02-25,2026-09-09T17:04:56Z,is_foreign,1,bool,fda.refusals.backfill,raw/fda.refusals.backfill/2026/09/20260909T170456Z-d19e1c7920aa.json.gz,1
fda.refusals.backfill,firm:3007124979,2015-02-25,2026-09-09T17:04:56Z,is_human_drug,1,bool,fda.refusals.backfill,raw/fda.refusals.backfill/2026/09/20260909T170456Z-d19e1c7920aa.json.gz,1
fda.refusals.backfill,firm:3007124979,2015-02-25,2026-09-09T17:04:56Z,label,"Roosin Medical Co., Ltd.",,fda.refusals.backfill,raw/fda.refusals.backfill/2026/09/20260909T170456Z-d19e1c7920aa.json.gz,1
fda.refusals.backfill,firm:3007124979,2015-02-25,2026-09-09T17:04:56Z,refused_at,20150225,yyyymmdd,fda.refusals.backfill,raw/fda.refusals.backfill/2026/09/20260909T170456Z-d19e1c7920aa.json.gz,1
fda.refusals.backfill,firm:3007216124,2015-02-13,2026-09-09T17:04:56Z,firm_key,LES LABORATOIRES SERVIER INDUSTRIE,,fda.refusals.backfill,raw/fda.refusals.backfill/2026/09/20260909T170456Z-d19e1c7920aa.json.gz,1
fda.refusals.backfill,firm:3007216124,2015-02-13,2026-09-09T17:04:56Z,import_refusal,1,count,fda.refusals.backfill,raw/fda.refusals.backfill/2026/09/20260909T170456Z-d19e1c7920aa.json.gz,1
fda.refusals.backfill,firm:3007216124,2015-02-13,2026-09-09T17:04:56Z,is_drug_or_biologic,1,bool,fda.refusals.backfill,raw/fda.refusals.backfill/2026/09/20260909T170456Z-d19e1c7920aa.json.gz,1
fda.refusals.backfill,firm:3007216124,2015-02-13,2026-09-09T17:04:56Z,is_foreign,1,bool,fda.refusals.backfill,raw/fda.refusals.backfill/2026/09/20260909T170456Z-d19e1c7920aa.json.gz,1
fda.refusals.backfill,firm:3007216124,2015-02-13,2026-09-09T17:04:56Z,is_human_drug,1,bool,fda.refusals.backfill,raw/fda.refusals.backfill/2026/09/20260909T170456Z-d19e1c7920aa.json.gz,1
fda.refusals.backfill,firm:3007216124,2015-02-13,2026-09-09T17:04:56Z,label,Les Laboratoires Servier Industrie,,fda.refusals.backfill,raw/fda.refusals.backfill/2026/09/20260909T170456Z-d19e1c7920aa.json.gz,1
fda.refusals.backfill,firm:3007216124,2015-02-13,2026-09-09T17:04:56Z,refused_at,20150213,yyyymmdd,fda.refusals.backfill,raw/fda.refusals.backfill/2026/09/20260909T170456Z-d19e1c7920aa.json.gz,1
fda.refusals.backfill,firm:3007838398,2015-02-26,2026-09-09T17:04:56Z,firm_key,G L,,fda.refusals.backfill,raw/fda.refusals.backfill/2026/09/20260909T170456Z-d19e1c7920aa.json.gz,1
fda.refusals.backfill,firm:3007838398,2015-02-26,2026-09-09T17:04:56Z,import_refusal,1,count,fda.refusals.backfill,raw/fda.refusals.backfill/2026/09/20260909T170456Z-d19e1c7920aa.json.gz,1
fda.refusals.backfill,firm:3007838398,2015-02-26,2026-09-09T17:04:56Z,is_drug_or_biologic,1,bool,fda.refusals.backfill,raw/fda.refusals.backfill/2026/09/20260909T170456Z-d19e1c7920aa.json.gz,1
fda.refusals.backfill,firm:3007838398,2015-02-26,2026-09-09T17:04:56Z,is_foreign,1,bool,fda.refusals.backfill,raw/fda.refusals.backfill/2026/09/20260909T170456Z-d19e1c7920aa.json.gz,1
fda.refusals.backfill,firm:3007838398,2015-02-26,2026-09-09T17:04:56Z,is_human_drug,1,bool,fda.refusals.backfill,raw/fda.refusals.backfill/2026/09/20260909T170456Z-d19e1c7920aa.json.gz,1
fda.refusals.backfill,firm:3007838398,2015-02-26,2026-09-09T17:04:56Z,label,G.L. Pharma Gmbh,,fda.refusals.backfill,raw/fda.refusals.backfill/2026/09/20260909T170456Z-d19e1c7920aa.json.gz,1
fda.refusals.backfill,firm:3007838398,2015-02-26,2026-09-09T17:04:56Z,refused_at,20150226,yyyymmdd,fda.refusals.backfill,raw/fda.refusals.backfill/2026/09/20260909T170456Z-d19e1c7920aa.json.gz,1
fda.refusals.backfill,firm:3008172379,2015-02-06,2026-09-09T17:04:56Z,firm_key,CARLOS ERNESTO VAZQUEZ,,fda.refusals.backfill,raw/fda.refusals.backfill/2026/09/20260909T170456Z-d19e1c7920aa.json.gz,1
fda.refusals.backfill,firm:3008172379,2015-02-06,2026-09-09T17:04:56Z,import_refusal,1,count,fda.refusals.backfill,raw/fda.refusals.backfill/2026/09/20260909T170456Z-d19e1c7920aa.json.gz,1
fda.refusals.backfill,firm:3008172379,2015-02-06,2026-09-09T17:04:56Z,is_drug_or_biologic,1,bool,fda.refusals.backfill,raw/fda.refusals.backfill/2026/09/20260909T170456Z-d19e1c7920aa.json.gz,1
fda.refusals.backfill,firm:3008172379,2015-02-06,2026-09-09T17:04:56Z,is_foreign,1,bool,fda.refusals.backfill,raw/fda.refusals.backfill/2026/09/20260909T170456Z-d19e1c7920aa.json.gz,1
fda.refusals.backfill,firm:3008172379,2015-02-06,2026-09-09T17:04:56Z,is_human_drug,1,bool,fda.refusals.backfill,raw/fda.refusals.backfill/2026/09/20260909T170456Z-d19e1c7920aa.json.gz,1
fda.refusals.backfill,firm:3008172379,2015-02-06,2026-09-09T17:04:56Z,label,Carlos Ernesto Vazquez,,fda.refusals.backfill,raw/fda.refusals.backfill/2026/09/20260909T170456Z-d19e1c7920aa.json.gz,1
fda.refusals.backfill,firm:3008172379,2015-02-06,2026-09-09T17:04:56Z,refused_at,20150206,yyyymmdd,fda.refusals.backfill,raw/fda.refusals.backfill/2026/09/20260909T170456Z-d19e1c7920aa.json.gz,1
fda.refusals.backfill,firm:3008285727,2015-02-23,2026-09-09T17:04:56Z,firm_key,SANOFI AVENTIS,,fda.refusals.backfill,raw/fda.refusals.backfill/2026/09/20260909T170456Z-d19e1c7920aa.json.gz,1
fda.refusals.backfill,firm:3008285727,2015-02-23,2026-09-09T17:04:56Z,import_refusal,1,count,fda.refusals.backfill,raw/fda.refusals.backfill/2026/09/20260909T170456Z-d19e1c7920aa.json.gz,1
fda.refusals.backfill,firm:3008285727,2015-02-23,2026-09-09T17:04:56Z,is_drug_or_biologic,1,bool,fda.refusals.backfill,raw/fda.refusals.backfill/2026/09/20260909T170456Z-d19e1c7920aa.json.gz,1
fda.refusals.backfill,firm:3008285727,2015-02-23,2026-09-09T17:04:56Z,is_foreign,1,bool,fda.refusals.backfill,raw/fda.refusals.backfill/2026/09/20260909T170456Z-d19e1c7920aa.json.gz,1
fda.refusals.backfill,firm:3008285727,2015-02-23,2026-09-09T17:04:56Z,is_human_drug,1,bool,fda.refusals.backfill,raw/fda.refusals.backfill/2026/09/20260909T170456Z-d19e1c7920aa.json.gz,1
fda.refusals.backfill,firm:3008285727,2015-02-23,2026-09-09T17:04:56Z,label,Sanofi Aventis Sa,,fda.refusals.backfill,raw/fda.refusals.backfill/2026/09/20260909T170456Z-d19e1c7920aa.json.gz,1
fda.refusals.backfill,firm:3008285727,2015-02-23,2026-09-09T17:04:56Z,refused_at,20150223,yyyymmdd,fda.refusals.backfill,raw/fda.refusals.backfill/2026/09/20260909T170456Z-d19e1c7920aa.json.gz,1
fda.refusals.backfill,firm:3008285727,2015-02-24,2026-09-09T17:04:56Z,firm_key,SANOFI AVENTIS,,fda.refusals.backfill,raw/fda.refusals.backfill/2026/09/20260909T170456Z-d19e1c7920aa.json.gz,1
fda.refusals.backfill,firm:3008285727,2015-02-24,2026-09-09T17:04:56Z,import_refusal,1,count,fda.refusals.backfill,raw/fda.refusals.backfill/2026/09/20260909T170456Z-d19e1c7920aa.json.gz,1
fda.refusals.backfill,firm:3008285727,2015-02-24,2026-09-09T17:04:56Z,is_drug_or_biologic,1,bool,fda.refusals.backfill,raw/fda.refusals.backfill/2026/09/20260909T170456Z-d19e1c7920aa.json.gz,1
fda.refusals.backfill,firm:3008285727,2015-02-24,2026-09-09T17:04:56Z,is_foreign,1,bool,fda.refusals.backfill,raw/fda.refusals.backfill/2026/09/20260909T170456Z-d19e1c7920aa.json.gz,1
fda.refusals.backfill,firm:3008285727,2015-02-24,2026-09-09T17:04:56Z,is_human_drug,1,bool,fda.refusals.backfill,raw/fda.refusals.backfill/2026/09/20260909T170456Z-d19e1c7920aa.json.gz,1
fda.refusals.backfill,firm:3008285727,2015-02-24,2026-09-09T17:04:56Z,label,Sanofi Aventis Sa,,fda.refusals.backfill,raw/fda.refusals.backfill/2026/09/20260909T170456Z-d19e1c7920aa.json.gz,1
fda.refusals.backfill,firm:3008285727,2015-02-24,2026-09-09T17:04:56Z,refused_at,20150224,yyyymmdd,fda.refusals.backfill,raw/fda.refusals.backfill/2026/09/20260909T170456Z-d19e1c7920aa.json.gz,1
fda.refusals.backfill,firm:3008332645,2015-02-25,2026-09-09T17:04:56Z,firm_key,THE FACE SHOP KOREA,,fda.refusals.backfill,raw/fda.refusals.backfill/2026/09/20260909T170456Z-d19e1c7920aa.json.gz,1
fda.refusals.backfill,firm:3008332645,2015-02-25,2026-09-09T17:04:56Z,import_refusal,1,count,fda.refusals.backfill,raw/fda.refusals.backfill/2026/09/20260909T170456Z-d19e1c7920aa.json.gz,1
fda.refusals.backfill,firm:3008332645,2015-02-25,2026-09-09T17:04:56Z,is_drug_or_biologic,1,bool,fda.refusals.backfill,raw/fda.refusals.backfill/2026/09/20260909T170456Z-d19e1c7920aa.json.gz,1
fda.refusals.backfill,firm:3008332645,2015-02-25,2026-09-09T17:04:56Z,is_foreign,1,bool,fda.refusals.backfill,raw/fda.refusals.backfill/2026/09/20260909T170456Z-d19e1c7920aa.json.gz,1
fda.refusals.backfill,firm:3008332645,2015-02-25,2026-09-09T17:04:56Z,is_human_drug,1,bool,fda.refusals.backfill,raw/fda.refusals.backfill/2026/09/20260909T170456Z-d19e1c7920aa.json.gz,1
fda.refusals.backfill,firm:3008332645,2015-02-25,2026-09-09T17:04:56Z,label,"The Face Shop Korea Co., Ltd",,fda.refusals.backfill,raw/fda.refusals.backfill/2026/09/20260909T170456Z-d19e1c7920aa.json.gz,1
fda.refusals.backfill,firm:3008332645,2015-02-25,2026-09-09T17:04:56Z,refused_at,20150225,yyyymmdd,fda.refusals.backfill,raw/fda.refusals.backfill/2026/09/20260909T170456Z-d19e1c7920aa.json.gz,1
fda.refusals.backfill,firm:3008524403,2015-02-26,2026-09-09T17:04:56Z,firm_key,SEPAI BEAUTICEUTICAL DIVISION S L,,fda.refusals.backfill,raw/fda.refusals.backfill/2026/09/20260909T170456Z-d19e1c7920aa.json.gz,1
fda.refusals.backfill,firm:3008524403,2015-02-26,2026-09-09T17:04:56Z,import_refusal,1,count,fda.refusals.backfill,raw/fda.refusals.backfill/2026/09/20260909T170456Z-d19e1c7920aa.json.gz,1
fda.refusals.backfill,firm:3008524403,2015-02-26,2026-09-09T17:04:56Z,is_drug_or_biologic,1,bool,fda.refusals.backfill,raw/fda.refusals.backfill/2026/09/20260909T170456Z-d19e1c7920aa.json.gz,1
fda.refusals.backfill,firm:3008524403,2015-02-26,2026-09-09T17:04:56Z,is_foreign,1,bool,fda.refusals.backfill,raw/fda.refusals.backfill/2026/09/20260909T170456Z-d19e1c7920aa.json.gz,1
fda.refusals.backfill,firm:3008524403,2015-02-26,2026-09-09T17:04:56Z,is_human_drug,1,bool,fda.refusals.backfill,raw/fda.refusals.backfill/2026/09/20260909T170456Z-d19e1c7920aa.json.gz,1
fda.refusals.backfill,firm:3008524403,2015-02-26,2026-09-09T17:04:56Z,label,"Sepai Beauticeutical Division, S.L.",,fda.refusals.backfill,raw/fda.refusals.backfill/2026/09/20260909T170456Z-d19e1c7920aa.json.gz,1
fda.refusals.backfill,firm:3008524403,2015-02-26,2026-09-09T17:04:56Z,refused_at,20150226,yyyymmdd,fda.refusals.backfill,raw/fda.refusals.backfill/2026/09/20260909T170456Z-d19e1c7920aa.json.gz,1
fda.refusals.backfill,firm:3008965251,2015-02-06,2026-09-09T17:04:56Z,firm_key,NINGBO DOWLAND DAILY HEALTH,,fda.refusals.backfill,raw/fda.refusals.backfill/2026/09/20260909T170456Z-d19e1c7920aa.json.gz,1
fda.refusals.backfill,firm:3008965251,2015-02-06,2026-09-09T17:04:56Z,import_refusal,1,count,fda.refusals.backfill,raw/fda.refusals.backfill/2026/09/20260909T170456Z-d19e1c7920aa.json.gz,1
fda.refusals.backfill,firm:3008965251,2015-02-06,2026-09-09T17:04:56Z,is_drug_or_biologic,1,bool,fda.refusals.backfill,raw/fda.refusals.backfill/2026/09/20260909T170456Z-d19e1c7920aa.json.gz,1
fda.refusals.backfill,firm:3008965251,2015-02-06,2026-09-09T17:04:56Z,is_foreign,1,bool,fda.refusals.backfill,raw/fda.refusals.backfill/2026/09/20260909T170456Z-d19e1c7920aa.json.gz,1
fda.refusals.backfill,firm:3008965251,2015-02-06,2026-09-09T17:04:56Z,is_human_drug,1,bool,fda.refusals.backfill,raw/fda.refusals.backfill/2026/09/20260909T170456Z-d19e1c7920aa.json.gz,1
fda.refusals.backfill,firm:3008965251,2015-02-06,2026-09-09T17:04:56Z,label,"Ningbo Dowland Daily Health Co., Ltd",,fda.refusals.backfill,raw/fda.refusals.backfill/2026/09/20260909T170456Z-d19e1c7920aa.json.gz,1
fda.refusals.backfill,firm:3008965251,2015-02-06,2026-09-09T17:04:56Z,refused_at,20150206,yyyymmdd,fda.refusals.backfill,raw/fda.refusals.backfill/2026/09/20260909T170456Z-d19e1c7920aa.json.gz,1
fda.refusals.backfill,firm:3009305088,2015-02-06,2026-09-09T17:04:56Z,firm_key,WESTERN INDIA CHEMICAL,,fda.refusals.backfill,raw/fda.refusals.backfill/2026/09/20260909T170456Z-d19e1c7920aa.json.gz,1
fda.refusals.backfill,firm:3009305088,2015-02-06,2026-09-09T17:04:56Z,import_refusal,1,count,fda.refusals.backfill,raw/fda.refusals.backfill/2026/09/20260909T170456Z-d19e1c7920aa.json.gz,1
fda.refusals.backfill,firm:3009305088,2015-02-06,2026-09-09T17:04:56Z,is_drug_or_biologic,1,bool,fda.refusals.backfill,raw/fda.refusals.backfill/2026/09/20260909T170456Z-d19e1c7920aa.json.gz,1
fda.refusals.backfill,firm:3009305088,2015-02-06,2026-09-09T17:04:56Z,is_foreign,1,bool,fda.refusals.backfill,raw/fda.refusals.backfill/2026/09/20260909T170456Z-d19e1c7920aa.json.gz,1
fda.refusals.backfill,firm:3009305088,2015-02-06,2026-09-09T17:04:56Z,is_human_drug,1,bool,fda.refusals.backfill,raw/fda.refusals.backfill/2026/09/20260909T170456Z-d19e1c7920aa.json.gz,1
fda.refusals.backfill,firm:3009305088,2015-02-06,2026-09-09T17:04:56Z,label,Western India Chemical Co,,fda.refusals.backfill,raw/fda.refusals.backfill/2026/09/20260909T170456Z-d19e1c7920aa.json.gz,1
fda.refusals.backfill,firm:3009305088,2015-02-06,2026-09-09T17:04:56Z,refused_at,20150206,yyyymmdd,fda.refusals.backfill,raw/fda.refusals.backfill/2026/09/20260909T170456Z-d19e1c7920aa.json.gz,1
fda.refusals.backfill,firm:3009309093,2015-02-17,2026-09-09T17:04:56Z,firm_key,RESEARCH,,fda.refusals.backfill,raw/fda.refusals.backfill/2026/09/20260909T170456Z-d19e1c7920aa.json.gz,1
fda.refusals.backfill,firm:3009309093,2015-02-17,2026-09-09T17:04:56Z,import_refusal,1,count,fda.refusals.backfill,raw/fda.refusals.backfill/2026/09/20260909T170456Z-d19e1c7920aa.json.gz,1
fda.refusals.backfill,firm:3009309093,2015-02-17,2026-09-09T17:04:56Z,is_drug_or_biologic,1,bool,fda.refusals.backfill,raw/fda.refusals.backfill/2026/09/20260909T170456Z-d19e1c7920aa.json.gz,1
fda.refusals.backfill,firm:3009309093,2015-02-17,2026-09-09T17:04:56Z,is_foreign,1,bool,fda.refusals.backfill,raw/fda.refusals.backfill/2026/09/20260909T170456Z-d19e1c7920aa.json.gz,1
fda.refusals.backfill,firm:3009309093,2015-02-17,2026-09-09T17:04:56Z,is_human_drug,1,bool,fda.refusals.backfill,raw/fda.refusals.backfill/2026/09/20260909T170456Z-d19e1c7920aa.json.gz,1
fda.refusals.backfill,firm:3009309093,2015-02-17,2026-09-09T17:04:56Z,label,Research Pharmaceutical Ltd,,fda.refusals.backfill,raw/fda.refusals.backfill/2026/09/20260909T170456Z-d19e1c7920aa.json.gz,1
fda.refusals.backfill,firm:3009309093,2015-02-17,2026-09-09T17:04:56Z,refused_at,20150217,yyyymmdd,fda.refusals.backfill,raw/fda.refusals.backfill/2026/09/20260909T170456Z-d19e1c7920aa.json.gz,1
fda.refusals.backfill,firm:3009556682,2015-02-25,2026-09-09T17:04:56Z,firm_key,SHIN SACHI,,fda.refusals.backfill,raw/fda.refusals.backfill/2026/09/20260909T170456Z-d19e1c7920aa.json.gz,1
fda.refusals.backfill,firm:3009556682,2015-02-25,2026-09-09T17:04:56Z,import_refusal,1,count,fda.refusals.backfill,raw/fda.refusals.backfill/2026/09/20260909T170456Z-d19e1c7920aa.json.gz,1
fda.refusals.backfill,firm:3009556682,2015-02-25,2026-09-09T17:04:56Z,is_drug_or_biologic,1,bool,fda.refusals.backfill,raw/fda.refusals.backfill/2026/09/20260909T170456Z-d19e1c7920aa.json.gz,1
fda.refusals.backfill,firm:3009556682,2015-02-25,2026-09-09T17:04:56Z,is_foreign,1,bool,fda.refusals.backfill,raw/fda.refusals.backfill/2026/09/20260909T170456Z-d19e1c7920aa.json.gz,1
fda.refusals.backfill,firm:3009556682,2015-02-25,2026-09-09T17:04:56Z,is_human_drug,1,bool,fda.refusals.backfill,raw/fda.refusals.backfill/2026/09/20260909T170456Z-d19e1c7920aa.json.gz,1
fda.refusals.backfill,firm:3009556682,2015-02-25,2026-09-09T17:04:56Z,label,Shin Sachi Pharmaceutical,,fda.refusals.backfill,raw/fda.refusals.backfill/2026/09/20260909T170456Z-d19e1c7920aa.json.gz,1
fda.refusals.backfill,firm:3009556682,2015-02-25,2026-09-09T17:04:56Z,refused_at,20150225,yyyymmdd,fda.refusals.backfill,raw/fda.refusals.backfill/2026/09/20260909T170456Z-d19e1c7920aa.json.gz,1
fda.refusals.backfill,firm:3010004177,2015-02-03,2026-09-09T17:04:56Z,firm_key,MYUNGMOON PHARM,,fda.refusals.backfill,raw/fda.refusals.backfill/2026/09/20260909T170456Z-d19e1c7920aa.json.gz,1
fda.refusals.backfill,firm:3010004177,2015-02-03,2026-09-09T17:04:56Z,import_refusal,1,count,fda.refusals.backfill,raw/fda.refusals.backfill/2026/09/20260909T170456Z-d19e1c7920aa.json.gz,1
fda.refusals.backfill,firm:3010004177,2015-02-03,2026-09-09T17:04:56Z,is_drug_or_biologic,1,bool,fda.refusals.backfill,raw/fda.refusals.backfill/2026/09/20260909T170456Z-d19e1c7920aa.json.gz,1
fda.refusals.backfill,firm:3010004177,2015-02-03,2026-09-09T17:04:56Z,is_foreign,1,bool,fda.refusals.backfill,raw/fda.refusals.backfill/2026/09/20260909T170456Z-d19e1c7920aa.json.gz,1
fda.refusals.backfill,firm:3010004177,2015-02-03,2026-09-09T17:04:56Z,is_human_drug,1,bool,fda.refusals.backfill,raw/fda.refusals.backfill/2026/09/20260909T170456Z-d19e1c7920aa.json.gz,1
fda.refusals.backfill,firm:3010004177,2015-02-03,2026-09-09T17:04:56Z,label,"Myungmoon Pharm Co., Ltd",,fda.refusals.backfill,raw/fda.refusals.backfill/2026/09/20260909T170456Z-d19e1c7920aa.json.gz,1
fda.refusals.backfill,firm:3010004177,2015-02-03,2026-09-09T17:04:56Z,refused_at,20150203,yyyymmdd,fda.refusals.backfill,raw/fda.refusals.backfill/2026/09/20260909T170456Z-d19e1c7920aa.json.gz,1
fda.refusals.backfill,firm:3010146372,2015-02-26,2026-09-09T17:04:56Z,firm_key,ZOETIS,,fda.refusals.backfill,raw/fda.refusals.backfill/2026/09/20260909T170456Z-d19e1c7920aa.json.gz,1
fda.refusals.backfill,firm:3010146372,2015-02-26,2026-09-09T17:04:56Z,import_refusal,1,count,fda.refusals.backfill,raw/fda.refusals.backfill/2026/09/20260909T170456Z-d19e1c7920aa.json.gz,1
fda.refusals.backfill,firm:3010146372,2015-02-26,2026-09-09T17:04:56Z,is_drug_or_biologic,1,bool,fda.refusals.backfill,raw/fda.refusals.backfill/2026/09/20260909T170456Z-d19e1c7920aa.json.gz,1
fda.refusals.backfill,firm:3010146372,2015-02-26,2026-09-09T17:04:56Z,is_foreign,0,bool,fda.refusals.backfill,raw/fda.refusals.backfill/2026/09/20260909T170456Z-d19e1c7920aa.json.gz,1
fda.refusals.backfill,firm:3010146372,2015-02-26,2026-09-09T17:04:56Z,is_human_drug,0,bool,fda.refusals.backfill,raw/fda.refusals.backfill/2026/09/20260909T170456Z-d19e1c7920aa.json.gz,1
fda.refusals.backfill,firm:3010146372,2015-02-26,2026-09-09T17:04:56Z,label,Zoetis LLC,,fda.refusals.backfill,raw/fda.refusals.backfill/2026/09/20260909T170456Z-d19e1c7920aa.json.gz,1
fda.refusals.backfill,firm:3010146372,2015-02-26,2026-09-09T17:04:56Z,refused_at,20150226,yyyymmdd,fda.refusals.backfill,raw/fda.refusals.backfill/2026/09/20260909T170456Z-d19e1c7920aa.json.gz,1
fda.refusals.backfill,firm:3010154591,2015-02-24,2026-09-09T17:04:56Z,firm_key,VEERPRABHU EXPORT HOUSE,,fda.refusals.backfill,raw/fda.refusals.backfill/2026/09/20260909T170456Z-d19e1c7920aa.json.gz,1
fda.refusals.backfill,firm:3010154591,2015-02-24,2026-09-09T17:04:56Z,import_refusal,1,count,fda.refusals.backfill,raw/fda.refusals.backfill/2026/09/20260909T170456Z-d19e1c7920aa.json.gz,1
fda.refusals.backfill,firm:3010154591,2015-02-24,2026-09-09T17:04:56Z,is_drug_or_biologic,1,bool,fda.refusals.backfill,raw/fda.refusals.backfill/2026/09/20260909T170456Z-d19e1c7920aa.json.gz,1
fda.refusals.backfill,firm:3010154591,2015-02-24,2026-09-09T17:04:56Z,is_foreign,1,bool,fda.refusals.backfill,raw/fda.refusals.backfill/2026/09/20260909T170456Z-d19e1c7920aa.json.gz,1
fda.refusals.backfill,firm:3010154591,2015-02-24,2026-09-09T17:04:56Z,is_human_drug,0,bool,fda.refusals.backfill,raw/fda.refusals.backfill/2026/09/20260909T170456Z-d19e1c7920aa.json.gz,1
fda.refusals.backfill,firm:3010154591,2015-02-24,2026-09-09T17:04:56Z,label,VEERPRABHU EXPORT HOUSE,,fda.refusals.backfill,raw/fda.refusals.backfill/2026/09/20260909T170456Z-d19e1c7920aa.json.gz,1
fda.refusals.backfill,firm:3010154591,2015-02-24,2026-09-09T17:04:56Z,refused_at,20150224,yyyymmdd,fda.refusals.backfill,raw/fda.refusals.backfill/2026/09/20260909T170456Z-d19e1c7920aa.json.gz,1
fda.refusals.backfill,firm:3010231761,2015-02-27,2026-09-09T17:04:56Z,firm_key,TRM,,fda.refusals.backfill,raw/fda.refusals.backfill/2026/09/20260909T170456Z-d19e1c7920aa.json.gz,1
fda.refusals.backfill,firm:3010231761,2015-02-27,2026-09-09T17:04:56Z,import_refusal,1,count,fda.refusals.backfill,raw/fda.refusals.backfill/2026/09/20260909T170456Z-d19e1c7920aa.json.gz,1
fda.refusals.backfill,firm:3010231761,2015-02-27,2026-09-09T17:04:56Z,is_drug_or_biologic,1,bool,fda.refusals.backfill,raw/fda.refusals.backfill/2026/09/20260909T170456Z-d19e1c7920aa.json.gz,1
fda.refusals.backfill,firm:3010231761,2015-02-27,2026-09-09T17:04:56Z,is_foreign,1,bool,fda.refusals.backfill,raw/fda.refusals.backfill/2026/09/20260909T170456Z-d19e1c7920aa.json.gz,1
fda.refusals.backfill,firm:3010231761,2015-02-27,2026-09-09T17:04:56Z,is_human_drug,1,bool,fda.refusals.backfill,raw/fda.refusals.backfill/2026/09/20260909T170456Z-d19e1c7920aa.json.gz,1
fda.refusals.backfill,firm:3010231761,2015-02-27,2026-09-09T17:04:56Z,label,Trm Ltd,,fda.refusals.backfill,raw/fda.refusals.backfill/2026/09/20260909T170456Z-d19e1c7920aa.json.gz,1
fda.refusals.backfill,firm:3010231761,2015-02-27,2026-09-09T17:04:56Z,refused_at,20150227,yyyymmdd,fda.refusals.backfill,raw/fda.refusals.backfill/2026/09/20260909T170456Z-d19e1c7920aa.json.gz,1
fda.refusals.backfill,firm:3010298320,2015-02-10,2026-09-09T17:04:56Z,firm_key,H ZINGBOIM COSMETICS PRODUCTS,,fda.refusals.backfill,raw/fda.refusals.backfill/2026/09/20260909T170456Z-d19e1c7920aa.json.gz,1
fda.refusals.backfill,firm:3010298320,2015-02-10,2026-09-09T17:04:56Z,import_refusal,1,count,fda.refusals.backfill,raw/fda.refusals.backfill/2026/09/20260909T170456Z-d19e1c7920aa.json.gz,1
fda.refusals.backfill,firm:3010298320,2015-02-10,2026-09-09T17:04:56Z,is_drug_or_biologic,1,bool,fda.refusals.backfill,raw/fda.refusals.backfill/2026/09/20260909T170456Z-d19e1c7920aa.json.gz,1
fda.refusals.backfill,firm:3010298320,2015-02-10,2026-09-09T17:04:56Z,is_foreign,1,bool,fda.refusals.backfill,raw/fda.refusals.backfill/2026/09/20260909T170456Z-d19e1c7920aa.json.gz,1
fda.refusals.backfill,firm:3010298320,2015-02-10,2026-09-09T17:04:56Z,is_human_drug,1,bool,fda.refusals.backfill,raw/fda.refusals.backfill/2026/09/20260909T170456Z-d19e1c7920aa.json.gz,1
fda.refusals.backfill,firm:3010298320,2015-02-10,2026-09-09T17:04:56Z,label,H. Zingboim Cosmetics Products Ltd,,fda.refusals.backfill,raw/fda.refusals.backfill/2026/09/20260909T170456Z-d19e1c7920aa.json.gz,1
fda.refusals.backfill,firm:3010298320,2015-02-10,2026-09-09T17:04:56Z,refused_at,20150210,yyyymmdd,fda.refusals.backfill,raw/fda.refusals.backfill/2026/09/20260909T170456Z-d19e1c7920aa.json.gz,1
fda.refusals.backfill,firm:3010322133,2015-02-26,2026-09-09T17:04:56Z,firm_key,POLA COSMETICS PTE,,fda.refusals.backfill,raw/fda.refusals.backfill/2026/09/20260909T170456Z-d19e1c7920aa.json.gz,1
fda.refusals.backfill,firm:3010322133,2015-02-26,2026-09-09T17:04:56Z,import_refusal,1,count,fda.refusals.backfill,raw/fda.refusals.backfill/2026/09/20260909T170456Z-d19e1c7920aa.json.gz,1
fda.refusals.backfill,firm:3010322133,2015-02-26,2026-09-09T17:04:56Z,is_drug_or_biologic,1,bool,fda.refusals.backfill,raw/fda.refusals.backfill/2026/09/20260909T170456Z-d19e1c7920aa.json.gz,1
fda.refusals.backfill,firm:3010322133,2015-02-26,2026-09-09T17:04:56Z,is_foreign,1,bool,fda.refusals.backfill,raw/fda.refusals.backfill/2026/09/20260909T170456Z-d19e1c7920aa.json.gz,1
fda.refusals.backfill,firm:3010322133,2015-02-26,2026-09-09T17:04:56Z,is_human_drug,1,bool,fda.refusals.backfill,raw/fda.refusals.backfill/2026/09/20260909T170456Z-d19e1c7920aa.json.gz,1
fda.refusals.backfill,firm:3010322133,2015-02-26,2026-09-09T17:04:56Z,label,Pola Cosmetics Pte Ltd,,fda.refusals.backfill,raw/fda.refusals.backfill/2026/09/20260909T170456Z-d19e1c7920aa.json.gz,1
fda.refusals.backfill,firm:3010322133,2015-02-26,2026-09-09T17:04:56Z,refused_at,20150226,yyyymmdd,fda.refusals.backfill,raw/fda.refusals.backfill/2026/09/20260909T170456Z-d19e1c7920aa.json.gz,1
fda.refusals.backfill,firm:3010432832,2015-02-05,2026-09-09T17:04:56Z,firm_key,SUZHOU VITAJOY BIO TECH,,fda.refusals.backfill,raw/fda.refusals.backfill/2026/09/20260909T170456Z-d19e1c7920aa.json.gz,1
fda.refusals.backfill,firm:3010432832,2015-02-05,2026-09-09T17:04:56Z,import_refusal,1,count,fda.refusals.backfill,raw/fda.refusals.backfill/2026/09/20260909T170456Z-d19e1c7920aa.json.gz,1
fda.refusals.backfill,firm:3010432832,2015-02-05,2026-09-09T17:04:56Z,is_drug_or_biologic,1,bool,fda.refusals.backfill,raw/fda.refusals.backfill/2026/09/20260909T170456Z-d19e1c7920aa.json.gz,1
fda.refusals.backfill,firm:3010432832,2015-02-05,2026-09-09T17:04:56Z,is_foreign,1,bool,fda.refusals.backfill,raw/fda.refusals.backfill/2026/09/20260909T170456Z-d19e1c7920aa.json.gz,1
fda.refusals.backfill,firm:3010432832,2015-02-05,2026-09-09T17:04:56Z,is_human_drug,1,bool,fda.refusals.backfill,raw/fda.refusals.backfill/2026/09/20260909T170456Z-d19e1c7920aa.json.gz,1
fda.refusals.backfill,firm:3010432832,2015-02-05,2026-09-09T17:04:56Z,label,"Suzhou Vitajoy Bio-Tech Co., LTD.",,fda.refusals.backfill,raw/fda.refusals.backfill/2026/09/20260909T170456Z-d19e1c7920aa.json.gz,1
fda.refusals.backfill,firm:3010432832,2015-02-05,2026-09-09T17:04:56Z,refused_at,20150205,yyyymmdd,fda.refusals.backfill,raw/fda.refusals.backfill/2026/09/20260909T170456Z-d19e1c7920aa.json.gz,1
fda.refusals.backfill,firm:3010461821,2015-02-24,2026-09-09T17:04:56Z,firm_key,ASSOL OOO,,fda.refusals.backfill,raw/fda.refusals.backfill/2026/09/20260909T170456Z-d19e1c7920aa.json.gz,1
fda.refusals.backfill,firm:3010461821,2015-02-24,2026-09-09T17:04:56Z,import_refusal,1,count,fda.refusals.backfill,raw/fda.refusals.backfill/2026/09/20260909T170456Z-d19e1c7920aa.json.gz,1
fda.refusals.backfill,firm:3010461821,2015-02-24,2026-09-09T17:04:56Z,is_drug_or_biologic,1,bool,fda.refusals.backfill,raw/fda.refusals.backfill/2026/09/20260909T170456Z-d19e1c7920aa.json.gz,1
fda.refusals.backfill,firm:3010461821,2015-02-24,2026-09-09T17:04:56Z,is_foreign,1,bool,fda.refusals.backfill,raw/fda.refusals.backfill/2026/09/20260909T170456Z-d19e1c7920aa.json.gz,1
fda.refusals.backfill,firm:3010461821,2015-02-24,2026-09-09T17:04:56Z,is_human_drug,1,bool,fda.refusals.backfill,raw/fda.refusals.backfill/2026/09/20260909T170456Z-d19e1c7920aa.json.gz,1
fda.refusals.backfill,firm:3010461821,2015-02-24,2026-09-09T17:04:56Z,label,Assol Ooo,,fda.refusals.backfill,raw/fda.refusals.backfill/2026/09/20260909T170456Z-d19e1c7920aa.json.gz,1
fda.refusals.backfill,firm:3010461821,2015-02-24,2026-09-09T17:04:56Z,refused_at,20150224,yyyymmdd,fda.refusals.backfill,raw/fda.refusals.backfill/2026/09/20260909T170456Z-d19e1c7920aa.json.gz,1
fda.refusals.backfill,firm:3010526849,2015-02-26,2026-09-09T17:04:56Z,firm_key,XIANGYANG GOTO CHEMICAL,,fda.refusals.backfill,raw/fda.refusals.backfill/2026/09/20260909T170456Z-d19e1c7920aa.json.gz,1
fda.refusals.backfill,firm:3010526849,2015-02-26,2026-09-09T17:04:56Z,import_refusal,1,count,fda.refusals.backfill,raw/fda.refusals.backfill/2026/09/20260909T170456Z-d19e1c7920aa.json.gz,1
fda.refusals.backfill,firm:3010526849,2015-02-26,2026-09-09T17:04:56Z,is_drug_or_biologic,1,bool,fda.refusals.backfill,raw/fda.refusals.backfill/2026/09/20260909T170456Z-d19e1c7920aa.json.gz,1
fda.refusals.backfill,firm:3010526849,2015-02-26,2026-09-09T17:04:56Z,is_foreign,1,bool,fda.refusals.backfill,raw/fda.refusals.backfill/2026/09/20260909T170456Z-d19e1c7920aa.json.gz,1
fda.refusals.backfill,firm:3010526849,2015-02-26,2026-09-09T17:04:56Z,is_human_drug,1,bool,fda.refusals.backfill,raw/fda.refusals.backfill/2026/09/20260909T170456Z-d19e1c7920aa.json.gz,1
fda.refusals.backfill,firm:3010526849,2015-02-26,2026-09-09T17:04:56Z,label,Xiangyang Goto Chemical Co. Ltd,,fda.refusals.backfill,raw/fda.refusals.backfill/2026/09/20260909T170456Z-d19e1c7920aa.json.gz,1
fda.refusals.backfill,firm:3010526849,2015-02-26,2026-09-09T17:04:56Z,refused_at,20150226,yyyymmdd,fda.refusals.backfill,raw/fda.refusals.backfill/2026/09/20260909T170456Z-d19e1c7920aa.json.gz,1
fda.refusals.backfill,firm:3010614728,2015-02-23,2026-09-09T17:04:56Z,firm_key,SANOFI UK,,fda.refusals.backfill,raw/fda.refusals.backfill/2026/09/20260909T170456Z-d19e1c7920aa.json.gz,1
fda.refusals.backfill,firm:3010614728,2015-02-23,2026-09-09T17:04:56Z,import_refusal,1,count,fda.refusals.backfill,raw/fda.refusals.backfill/2026/09/20260909T170456Z-d19e1c7920aa.json.gz,1
fda.refusals.backfill,firm:3010614728,2015-02-23,2026-09-09T17:04:56Z,is_drug_or_biologic,1,bool,fda.refusals.backfill,raw/fda.refusals.backfill/2026/09/20260909T170456Z-d19e1c7920aa.json.gz,1
fda.refusals.backfill,firm:3010614728,2015-02-23,2026-09-09T17:04:56Z,is_foreign,1,bool,fda.refusals.backfill,raw/fda.refusals.backfill/2026/09/20260909T170456Z-d19e1c7920aa.json.gz,1
fda.refusals.backfill,firm:3010614728,2015-02-23,2026-09-09T17:04:56Z,is_human_drug,1,bool,fda.refusals.backfill,raw/fda.refusals.backfill/2026/09/20260909T170456Z-d19e1c7920aa.json.gz,1
fda.refusals.backfill,firm:3010614728,2015-02-23,2026-09-09T17:04:56Z,label,Sanofi Uk,,fda.refusals.backfill,raw/fda.refusals.backfill/2026/09/20260909T170456Z-d19e1c7920aa.json.gz,1
fda.refusals.backfill,firm:3010614728,2015-02-23,2026-09-09T17:04:56Z,refused_at,20150223,yyyymmdd,fda.refusals.backfill,raw/fda.refusals.backfill/2026/09/20260909T170456Z-d19e1c7920aa.json.gz,1
fda.refusals.backfill,firm:3010717429,2015-02-24,2026-09-09T17:04:56Z,firm_key,BEIJING HUI YANG WOODEN PRODUCTS,,fda.refusals.backfill,raw/fda.refusals.backfill/2026/09/20260909T170456Z-d19e1c7920aa.json.gz,1
fda.refusals.backfill,firm:3010717429,2015-02-24,2026-09-09T17:04:56Z,import_refusal,1,count,fda.refusals.backfill,raw/fda.refusals.backfill/2026/09/20260909T170456Z-d19e1c7920aa.json.gz,1
fda.refusals.backfill,firm:3010717429,2015-02-24,2026-09-09T17:04:56Z,is_drug_or_biologic,1,bool,fda.refusals.backfill,raw/fda.refusals.backfill/2026/09/20260909T170456Z-d19e1c7920aa.json.gz,1
fda.refusals.backfill,firm:3010717429,2015-02-24,2026-09-09T17:04:56Z,is_foreign,1,bool,fda.refusals.backfill,raw/fda.refusals.backfill/2026/09/20260909T170456Z-d19e1c7920aa.json.gz,1
fda.refusals.backfill,firm:3010717429,2015-02-24,2026-09-09T17:04:56Z,is_human_drug,1,bool,fda.refusals.backfill,raw/fda.refusals.backfill/2026/09/20260909T170456Z-d19e1c7920aa.json.gz,1
fda.refusals.backfill,firm:3010717429,2015-02-24,2026-09-09T17:04:56Z,label,Beijing Hui Yang Wooden Products Co Ltd,,fda.refusals.backfill,raw/fda.refusals.backfill/2026/09/20260909T170456Z-d19e1c7920aa.json.gz,1
fda.refusals.backfill,firm:3010717429,2015-02-24,2026-09-09T17:04:56Z,refused_at,20150224,yyyymmdd,fda.refusals.backfill,raw/fda.refusals.backfill/2026/09/20260909T170456Z-d19e1c7920aa.json.gz,1
fda.refusals.backfill,firm:3010719184,2015-02-02,2026-09-09T17:04:56Z,firm_key,2F STEMCELLS,,fda.refusals.backfill,raw/fda.refusals.backfill/2026/09/20260909T170456Z-d19e1c7920aa.json.gz,1
fda.refusals.backfill,firm:3010719184,2015-02-02,2026-09-09T17:04:56Z,import_refusal,1,count,fda.refusals.backfill,raw/fda.refusals.backfill/2026/09/20260909T170456Z-d19e1c7920aa.json.gz,1
fda.refusals.backfill,firm:3010719184,2015-02-02,2026-09-09T17:04:56Z,is_drug_or_biologic,1,bool,fda.refusals.backfill,raw/fda.refusals.backfill/2026/09/20260909T170456Z-d19e1c7920aa.json.gz,1
fda.refusals.backfill,firm:3010719184,2015-02-02,2026-09-09T17:04:56Z,is_foreign,1,bool,fda.refusals.backfill,raw/fda.refusals.backfill/2026/09/20260909T170456Z-d19e1c7920aa.json.gz,1
fda.refusals.backfill,firm:3010719184,2015-02-02,2026-09-09T17:04:56Z,is_human_drug,1,bool,fda.refusals.backfill,raw/fda.refusals.backfill/2026/09/20260909T170456Z-d19e1c7920aa.json.gz,1
fda.refusals.backfill,firm:3010719184,2015-02-02,2026-09-09T17:04:56Z,label,2f-Stemcells Gmbh,,fda.refusals.backfill,raw/fda.refusals.backfill/2026/09/20260909T170456Z-d19e1c7920aa.json.gz,1
fda.refusals.backfill,firm:3010719184,2015-02-02,2026-09-09T17:04:56Z,refused_at,20150202,yyyymmdd,fda.refusals.backfill,raw/fda.refusals.backfill/2026/09/20260909T170456Z-d19e1c7920aa.json.gz,1
fda.refusals.backfill,firm:3010766812,2015-02-24,2026-09-09T17:04:56Z,firm_key,YONGKANG YIKE INDUSTRY TRADE,,fda.refusals.backfill,raw/fda.refusals.backfill/2026/09/20260909T170456Z-d19e1c7920aa.json.gz,1
fda.refusals.backfill,firm:3010766812,2015-02-24,2026-09-09T17:04:56Z,import_refusal,1,count,fda.refusals.backfill,raw/fda.refusals.backfill/2026/09/20260909T170456Z-d19e1c7920aa.json.gz,1
fda.refusals.backfill,firm:3010766812,2015-02-24,2026-09-09T17:04:56Z,is_drug_or_biologic,1,bool,fda.refusals.backfill,raw/fda.refusals.backfill/2026/09/20260909T170456Z-d19e1c7920aa.json.gz,1
fda.refusals.backfill,firm:3010766812,2015-02-24,2026-09-09T17:04:56Z,is_foreign,1,bool,fda.refusals.backfill,raw/fda.refusals.backfill/2026/09/20260909T170456Z-d19e1c7920aa.json.gz,1
fda.refusals.backfill,firm:3010766812,2015-02-24,2026-09-09T17:04:56Z,is_human_drug,1,bool,fda.refusals.backfill,raw/fda.refusals.backfill/2026/09/20260909T170456Z-d19e1c7920aa.json.gz,1
fda.refusals.backfill,firm:3010766812,2015-02-24,2026-09-09T17:04:56Z,label,Yongkang Yike Industry & Trade,,fda.refusals.backfill,raw/fda.refusals.backfill/2026/09/20260909T170456Z-d19e1c7920aa.json.gz,1
fda.refusals.backfill,firm:3010766812,2015-02-24,2026-09-09T17:04:56Z,refused_at,20150224,yyyymmdd,fda.refusals.backfill,raw/fda.refusals.backfill/2026/09/20260909T170456Z-d19e1c7920aa.json.gz,1
fda.refusals.backfill,firm:3010889085,2015-02-25,2026-09-09T17:04:56Z,firm_key,ADVAN,,fda.refusals.backfill,raw/fda.refusals.backfill/2026/09/20260909T170456Z-d19e1c7920aa.json.gz,1
fda.refusals.backfill,firm:3010889085,2015-02-25,2026-09-09T17:04:56Z,import_refusal,1,count,fda.refusals.backfill,raw/fda.refusals.backfill/2026/09/20260909T170456Z-d19e1c7920aa.json.gz,1
fda.refusals.backfill,firm:3010889085,2015-02-25,2026-09-09T17:04:56Z,is_drug_or_biologic,1,bool,fda.refusals.backfill,raw/fda.refusals.backfill/2026/09/20260909T170456Z-d19e1c7920aa.json.gz,1
fda.refusals.backfill,firm:3010889085,2015-02-25,2026-09-09T17:04:56Z,is_foreign,1,bool,fda.refusals.backfill,raw/fda.refusals.backfill/2026/09/20260909T170456Z-d19e1c7920aa.json.gz,1
fda.refusals.backfill,firm:3010889085,2015-02-25,2026-09-09T17:04:56Z,is_human_drug,0,bool,fda.refusals.backfill,raw/fda.refusals.backfill/2026/09/20260909T170456Z-d19e1c7920aa.json.gz,1
fda.refusals.backfill,firm:3010889085,2015-02-25,2026-09-09T17:04:56Z,label,Advan Pharmaceuticals Co Ltd,,fda.refusals.backfill,raw/fda.refusals.backfill/2026/09/20260909T170456Z-d19e1c7920aa.json.gz,1
fda.refusals.backfill,firm:3010889085,2015-02-25,2026-09-09T17:04:56Z,refused_at,20150225,yyyymmdd,fda.refusals.backfill,raw/fda.refusals.backfill/2026/09/20260909T170456Z-d19e1c7920aa.json.gz,1
fda.refusals.backfill,firm:3010944464,2015-02-27,2026-09-09T17:04:56Z,firm_key,SHIJIAZHUANG YUANRUN HEALT,,fda.refusals.backfill,raw/fda.refusals.backfill/2026/09/20260909T170456Z-d19e1c7920aa.json.gz,1
fda.refusals.backfill,firm:3010944464,2015-02-27,2026-09-09T17:04:56Z,import_refusal,1,count,fda.refusals.backfill,raw/fda.refusals.backfill/2026/09/20260909T170456Z-d19e1c7920aa.json.gz,1
fda.refusals.backfill,firm:3010944464,2015-02-27,2026-09-09T17:04:56Z,is_drug_or_biologic,1,bool,fda.refusals.backfill,raw/fda.refusals.backfill/2026/09/20260909T170456Z-d19e1c7920aa.json.gz,1
fda.refusals.backfill,firm:3010944464,2015-02-27,2026-09-09T17:04:56Z,is_foreign,1,bool,fda.refusals.backfill,raw/fda.refusals.backfill/2026/09/20260909T170456Z-d19e1c7920aa.json.gz,1
fda.refusals.backfill,firm:3010944464,2015-02-27,2026-09-09T17:04:56Z,is_human_drug,1,bool,fda.refusals.backfill,raw/fda.refusals.backfill/2026/09/20260909T170456Z-d19e1c7920aa.json.gz,1
fda.refusals.backfill,firm:3010944464,2015-02-27,2026-09-09T17:04:56Z,label,Shijiazhuang Yuanrun Healt,,fda.refusals.backfill,raw/fda.refusals.backfill/2026/09/20260909T170456Z-d19e1c7920aa.json.gz,1
fda.refusals.backfill,firm:3010944464,2015-02-27,2026-09-09T17:04:56Z,refused_at,20150227,yyyymmdd,fda.refusals.backfill,raw/fda.refusals.backfill/2026/09/20260909T170456Z-d19e1c7920aa.json.gz,1
fda.refusals.backfill,firm:3011002458,2015-02-17,2026-09-09T17:04:56Z,firm_key,VOPEC,,fda.refusals.backfill,raw/fda.refusals.backfill/2026/09/20260909T170456Z-d19e1c7920aa.json.gz,1
fda.refusals.backfill,firm:3011002458,2015-02-17,2026-09-09T17:04:56Z,import_refusal,1,count,fda.refusals.backfill,raw/fda.refusals.backfill/2026/09/20260909T170456Z-d19e1c7920aa.json.gz,1
fda.refusals.backfill,firm:3011002458,2015-02-17,2026-09-09T17:04:56Z,is_drug_or_biologic,1,bool,fda.refusals.backfill,raw/fda.refusals.backfill/2026/09/20260909T170456Z-d19e1c7920aa.json.gz,1
fda.refusals.backfill,firm:3011002458,2015-02-17,2026-09-09T17:04:56Z,is_foreign,1,bool,fda.refusals.backfill,raw/fda.refusals.backfill/2026/09/20260909T170456Z-d19e1c7920aa.json.gz,1
fda.refusals.backfill,firm:3011002458,2015-02-17,2026-09-09T17:04:56Z,is_human_drug,1,bool,fda.refusals.backfill,raw/fda.refusals.backfill/2026/09/20260909T170456Z-d19e1c7920aa.json.gz,1
fda.refusals.backfill,firm:3011002458,2015-02-17,2026-09-09T17:04:56Z,label,Vopec Pharmaceuticals,,fda.refusals.backfill,raw/fda.refusals.backfill/2026/09/20260909T170456Z-d19e1c7920aa.json.gz,1
fda.refusals.backfill,firm:3011002458,2015-02-17,2026-09-09T17:04:56Z,refused_at,20150217,yyyymmdd,fda.refusals.backfill,raw/fda.refusals.backfill/2026/09/20260909T170456Z-d19e1c7920aa.json.gz,1
fda.refusals.backfill,firm:3011003244,2015-02-10,2026-09-09T17:04:56Z,firm_key,FROM THE MEADOW,,fda.refusals.backfill,raw/fda.refusals.backfill/2026/09/20260909T170456Z-d19e1c7920aa.json.gz,1
fda.refusals.backfill,firm:3011003244,2015-02-10,2026-09-09T17:04:56Z,import_refusal,1,count,fda.refusals.backfill,raw/fda.refusals.backfill/2026/09/20260909T170456Z-d19e1c7920aa.json.gz,1
fda.refusals.backfill,firm:3011003244,2015-02-10,2026-09-09T17:04:56Z,is_drug_or_biologic,1,bool,fda.refusals.backfill,raw/fda.refusals.backfill/2026/09/20260909T170456Z-d19e1c7920aa.json.gz,1
fda.refusals.backfill,firm:3011003244,2015-02-10,2026-09-09T17:04:56Z,is_foreign,1,bool,fda.refusals.backfill,raw/fda.refusals.backfill/2026/09/20260909T170456Z-d19e1c7920aa.json.gz,1
fda.refusals.backfill,firm:3011003244,2015-02-10,2026-09-09T17:04:56Z,is_human_drug,1,bool,fda.refusals.backfill,raw/fda.refusals.backfill/2026/09/20260909T170456Z-d19e1c7920aa.json.gz,1
fda.refusals.backfill,firm:3011003244,2015-02-10,2026-09-09T17:04:56Z,label,From The Meadow Inc,,fda.refusals.backfill,raw/fda.refusals.backfill/2026/09/20260909T170456Z-d19e1c7920aa.json.gz,1
fda.refusals.backfill,firm:3011003244,2015-02-10,2026-09-09T17:04:56Z,refused_at,20150210,yyyymmdd,fda.refusals.backfill,raw/fda.refusals.backfill/2026/09/20260909T170456Z-d19e1c7920aa.json.gz,1
fda.refusals.backfill,firm:3011082642,2015-02-25,2026-09-09T17:04:56Z,firm_key,BIOPAS,,fda.refusals.backfill,raw/fda.refusals.backfill/2026/09/20260909T170456Z-d19e1c7920aa.json.gz,1
fda.refusals.backfill,firm:3011082642,2015-02-25,2026-09-09T17:04:56Z,import_refusal,1,count,fda.refusals.backfill,raw/fda.refusals.backfill/2026/09/20260909T170456Z-d19e1c7920aa.json.gz,1
fda.refusals.backfill,firm:3011082642,2015-02-25,2026-09-09T17:04:56Z,is_drug_or_biologic,1,bool,fda.refusals.backfill,raw/fda.refusals.backfill/2026/09/20260909T170456Z-d19e1c7920aa.json.gz,1
fda.refusals.backfill,firm:3011082642,2015-02-25,2026-09-09T17:04:56Z,is_foreign,1,bool,fda.refusals.backfill,raw/fda.refusals.backfill/2026/09/20260909T170456Z-d19e1c7920aa.json.gz,1
fda.refusals.backfill,firm:3011082642,2015-02-25,2026-09-09T17:04:56Z,is_human_drug,1,bool,fda.refusals.backfill,raw/fda.refusals.backfill/2026/09/20260909T170456Z-d19e1c7920aa.json.gz,1
fda.refusals.backfill,firm:3011082642,2015-02-25,2026-09-09T17:04:56Z,label,Biopas,,fda.refusals.backfill,raw/fda.refusals.backfill/2026/09/20260909T170456Z-d19e1c7920aa.json.gz,1
fda.refusals.backfill,firm:3011082642,2015-02-25,2026-09-09T17:04:56Z,refused_at,20150225,yyyymmdd,fda.refusals.backfill,raw/fda.refusals.backfill/2026/09/20260909T170456Z-d19e1c7920aa.json.gz,1
fda.refusals.backfill,firm:3011085517,2015-02-27,2026-09-09T17:04:56Z,firm_key,AIKON INTERNATION,,fda.refusals.backfill,raw/fda.refusals.backfill/2026/09/20260909T170456Z-d19e1c7920aa.json.gz,1
fda.refusals.backfill,firm:3011085517,2015-02-27,2026-09-09T17:04:56Z,import_refusal,1,count,fda.refusals.backfill,raw/fda.refusals.backfill/2026/09/20260909T170456Z-d19e1c7920aa.json.gz,1
fda.refusals.backfill,firm:3011085517,2015-02-27,2026-09-09T17:04:56Z,is_drug_or_biologic,1,bool,fda.refusals.backfill,raw/fda.refusals.backfill/2026/09/20260909T170456Z-d19e1c7920aa.json.gz,1
fda.refusals.backfill,firm:3011085517,2015-02-27,2026-09-09T17:04:56Z,is_foreign,1,bool,fda.refusals.backfill,raw/fda.refusals.backfill/2026/09/20260909T170456Z-d19e1c7920aa.json.gz,1
fda.refusals.backfill,firm:3011085517,2015-02-27,2026-09-09T17:04:56Z,is_human_drug,1,bool,fda.refusals.backfill,raw/fda.refusals.backfill/2026/09/20260909T170456Z-d19e1c7920aa.json.gz,1
fda.refusals.backfill,firm:3011085517,2015-02-27,2026-09-09T17:04:56Z,label,Aikon Internation,,fda.refusals.backfill,raw/fda.refusals.backfill/2026/09/20260909T170456Z-d19e1c7920aa.json.gz,1
fda.refusals.backfill,firm:3011085517,2015-02-27,2026-09-09T17:04:56Z,refused_at,20150227,yyyymmdd,fda.refusals.backfill,raw/fda.refusals.backfill/2026/09/20260909T170456Z-d19e1c7920aa.json.gz,1
fda.refusals.backfill,firm:3011106522,2015-02-20,2026-09-09T17:04:56Z,firm_key,PHARMICELL,,fda.refusals.backfill,raw/fda.refusals.backfill/2026/09/20260909T170456Z-d19e1c7920aa.json.gz,1
fda.refusals.backfill,firm:3011106522,2015-02-20,2026-09-09T17:04:56Z,import_refusal,1,count,fda.refusals.backfill,raw/fda.refusals.backfill/2026/09/20260909T170456Z-d19e1c7920aa.json.gz,1
fda.refusals.backfill,firm:3011106522,2015-02-20,2026-09-09T17:04:56Z,is_drug_or_biologic,1,bool,fda.refusals.backfill,raw/fda.refusals.backfill/2026/09/20260909T170456Z-d19e1c7920aa.json.gz,1
fda.refusals.backfill,firm:3011106522,2015-02-20,2026-09-09T17:04:56Z,is_foreign,1,bool,fda.refusals.backfill,raw/fda.refusals.backfill/2026/09/20260909T170456Z-d19e1c7920aa.json.gz,1
fda.refusals.backfill,firm:3011106522,2015-02-20,2026-09-09T17:04:56Z,is_human_drug,1,bool,fda.refusals.backfill,raw/fda.refusals.backfill/2026/09/20260909T170456Z-d19e1c7920aa.json.gz,1
fda.refusals.backfill,firm:3011106522,2015-02-20,2026-09-09T17:04:56Z,label,"Pharmicell Co., Ltd",,fda.refusals.backfill,raw/fda.refusals.backfill/2026/09/20260909T170456Z-d19e1c7920aa.json.gz,1
fda.refusals.backfill,firm:3011106522,2015-02-20,2026-09-09T17:04:56Z,refused_at,20150220,yyyymmdd,fda.refusals.backfill,raw/fda.refusals.backfill/2026/09/20260909T170456Z-d19e1c7920aa.json.gz,1
fda.refusals.backfill,firm:3011151607,2015-02-23,2026-09-09T17:04:56Z,firm_key,RAKIATU KASSIMU,,fda.refusals.backfill,raw/fda.refusals.backfill/2026/09/20260909T170456Z-d19e1c7920aa.json.gz,1
fda.refusals.backfill,firm:3011151607,2015-02-23,2026-09-09T17:04:56Z,import_refusal,1,count,fda.refusals.backfill,raw/fda.refusals.backfill/2026/09/20260909T170456Z-d19e1c7920aa.json.gz,1
fda.refusals.backfill,firm:3011151607,2015-02-23,2026-09-09T17:04:56Z,is_drug_or_biologic,1,bool,fda.refusals.backfill,raw/fda.refusals.backfill/2026/09/20260909T170456Z-d19e1c7920aa.json.gz,1
fda.refusals.backfill,firm:3011151607,2015-02-23,2026-09-09T17:04:56Z,is_foreign,1,bool,fda.refusals.backfill,raw/fda.refusals.backfill/2026/09/20260909T170456Z-d19e1c7920aa.json.gz,1
fda.refusals.backfill,firm:3011151607,2015-02-23,2026-09-09T17:04:56Z,is_human_drug,1,bool,fda.refusals.backfill,raw/fda.refusals.backfill/2026/09/20260909T170456Z-d19e1c7920aa.json.gz,1
fda.refusals.backfill,firm:3011151607,2015-02-23,2026-09-09T17:04:56Z,label,Rakiatu Kassimu,,fda.refusals.backfill,raw/fda.refusals.backfill/2026/09/20260909T170456Z-d19e1c7920aa.json.gz,1
fda.refusals.backfill,firm:3011151607,2015-02-23,2026-09-09T17:04:56Z,refused_at,20150223,yyyymmdd,fda.refusals.backfill,raw/fda.refusals.backfill/2026/09/20260909T170456Z-d19e1c7920aa.json.gz,1
fda.refusals.backfill,firm:3011192741,2015-02-12,2026-09-09T17:04:56Z,firm_key,VAADI HERBALS,,fda.refusals.backfill,raw/fda.refusals.backfill/2026/09/20260909T170456Z-d19e1c7920aa.json.gz,1
fda.refusals.backfill,firm:3011192741,2015-02-12,2026-09-09T17:04:56Z,import_refusal,1,count,fda.refusals.backfill,raw/fda.refusals.backfill/2026/09/20260909T170456Z-d19e1c7920aa.json.gz,1
fda.refusals.backfill,firm:3011192741,2015-02-12,2026-09-09T17:04:56Z,is_drug_or_biologic,1,bool,fda.refusals.backfill,raw/fda.refusals.backfill/2026/09/20260909T170456Z-d19e1c7920aa.json.gz,1
fda.refusals.backfill,firm:3011192741,2015-02-12,2026-09-09T17:04:56Z,is_foreign,1,bool,fda.refusals.backfill,raw/fda.refusals.backfill/2026/09/20260909T170456Z-d19e1c7920aa.json.gz,1
fda.refusals.backfill,firm:3011192741,2015-02-12,2026-09-09T17:04:56Z,is_human_drug,1,bool,fda.refusals.backfill,raw/fda.refusals.backfill/2026/09/20260909T170456Z-d19e1c7920aa.json.gz,1
fda.refusals.backfill,firm:3011192741,2015-02-12,2026-09-09T17:04:56Z,label,Vaadi Herbals Pvt Ltd,,fda.refusals.backfill,raw/fda.refusals.backfill/2026/09/20260909T170456Z-d19e1c7920aa.json.gz,1
fda.refusals.backfill,firm:3011192741,2015-02-12,2026-09-09T17:04:56Z,refused_at,20150212,yyyymmdd,fda.refusals.backfill,raw/fda.refusals.backfill/2026/09/20260909T170456Z-d19e1c7920aa.json.gz,1
fda.refusals.backfill,firm:3011263666,2015-02-11,2026-09-09T17:04:56Z,firm_key,RIEMSER ARNZNEIMITTEL,,fda.refusals.backfill,raw/fda.refusals.backfill/2026/09/20260909T170456Z-d19e1c7920aa.json.gz,1
fda.refusals.backfill,firm:3011263666,2015-02-11,2026-09-09T17:04:56Z,import_refusal,1,count,fda.refusals.backfill,raw/fda.refusals.backfill/2026/09/20260909T170456Z-d19e1c7920aa.json.gz,1
fda.refusals.backfill,firm:3011263666,2015-02-11,2026-09-09T17:04:56Z,is_drug_or_biologic,1,bool,fda.refusals.backfill,raw/fda.refusals.backfill/2026/09/20260909T170456Z-d19e1c7920aa.json.gz,1
fda.refusals.backfill,firm:3011263666,2015-02-11,2026-09-09T17:04:56Z,is_foreign,1,bool,fda.refusals.backfill,raw/fda.refusals.backfill/2026/09/20260909T170456Z-d19e1c7920aa.json.gz,1
fda.refusals.backfill,firm:3011263666,2015-02-11,2026-09-09T17:04:56Z,is_human_drug,1,bool,fda.refusals.backfill,raw/fda.refusals.backfill/2026/09/20260909T170456Z-d19e1c7920aa.json.gz,1
fda.refusals.backfill,firm:3011263666,2015-02-11,2026-09-09T17:04:56Z,label,Riemser Arnzneimittel,,fda.refusals.backfill,raw/fda.refusals.backfill/2026/09/20260909T170456Z-d19e1c7920aa.json.gz,1
fda.refusals.backfill,firm:3011263666,2015-02-11,2026-09-09T17:04:56Z,refused_at,20150211,yyyymmdd,fda.refusals.backfill,raw/fda.refusals.backfill/2026/09/20260909T170456Z-d19e1c7920aa.json.gz,1
fda.refusals.backfill,firm:3011269196,2015-02-13,2026-09-09T17:04:56Z,firm_key,JANSSEN DE MEXICO,,fda.refusals.backfill,raw/fda.refusals.backfill/2026/09/20260909T170456Z-d19e1c7920aa.json.gz,1
fda.refusals.backfill,firm:3011269196,2015-02-13,2026-09-09T17:04:56Z,import_refusal,1,count,fda.refusals.backfill,raw/fda.refusals.backfill/2026/09/20260909T170456Z-d19e1c7920aa.json.gz,1
fda.refusals.backfill,firm:3011269196,2015-02-13,2026-09-09T17:04:56Z,is_drug_or_biologic,1,bool,fda.refusals.backfill,raw/fda.refusals.backfill/2026/09/20260909T170456Z-d19e1c7920aa.json.gz,1
fda.refusals.backfill,firm:3011269196,2015-02-13,2026-09-09T17:04:56Z,is_foreign,1,bool,fda.refusals.backfill,raw/fda.refusals.backfill/2026/09/20260909T170456Z-d19e1c7920aa.json.gz,1
fda.refusals.backfill,firm:3011269196,2015-02-13,2026-09-09T17:04:56Z,is_human_drug,1,bool,fda.refusals.backfill,raw/fda.refusals.backfill/2026/09/20260909T170456Z-d19e1c7920aa.json.gz,1
fda.refusals.backfill,firm:3011269196,2015-02-13,2026-09-09T17:04:56Z,label,Janssen De Mexico,,fda.refusals.backfill,raw/fda.refusals.backfill/2026/09/20260909T170456Z-d19e1c7920aa.json.gz,1
fda.refusals.backfill,firm:3011269196,2015-02-13,2026-09-09T17:04:56Z,refused_at,20150213,yyyymmdd,fda.refusals.backfill,raw/fda.refusals.backfill/2026/09/20260909T170456Z-d19e1c7920aa.json.gz,1
fda.refusals.backfill,firm:3011269198,2015-02-13,2026-09-09T17:04:56Z,firm_key,VENDERVELL HOUSE,,fda.refusals.backfill,raw/fda.refusals.backfill/2026/09/20260909T170456Z-d19e1c7920aa.json.gz,1
fda.refusals.backfill,firm:3011269198,2015-02-13,2026-09-09T17:04:56Z,import_refusal,1,count,fda.refusals.backfill,raw/fda.refusals.backfill/2026/09/20260909T170456Z-d19e1c7920aa.json.gz,1
fda.refusals.backfill,firm:3011269198,2015-02-13,2026-09-09T17:04:56Z,is_drug_or_biologic,1,bool,fda.refusals.backfill,raw/fda.refusals.backfill/2026/09/20260909T170456Z-d19e1c7920aa.json.gz,1
fda.refusals.backfill,firm:3011269198,2015-02-13,2026-09-09T17:04:56Z,is_foreign,1,bool,fda.refusals.backfill,raw/fda.refusals.backfill/2026/09/20260909T170456Z-d19e1c7920aa.json.gz,1
fda.refusals.backfill,firm:3011269198,2015-02-13,2026-09-09T17:04:56Z,is_human_drug,1,bool,fda.refusals.backfill,raw/fda.refusals.backfill/2026/09/20260909T170456Z-d19e1c7920aa.json.gz,1
fda.refusals.backfill,firm:3011269198,2015-02-13,2026-09-09T17:04:56Z,label,Vendervell House,,fda.refusals.backfill,raw/fda.refusals.backfill/2026/09/20260909T170456Z-d19e1c7920aa.json.gz,1
fda.refusals.backfill,firm:3011269198,2015-02-13,2026-09-09T17:04:56Z,refused_at,20150213,yyyymmdd,fda.refusals.backfill,raw/fda.refusals.backfill/2026/09/20260909T170456Z-d19e1c7920aa.json.gz,1
fda.refusals.backfill,firm:3011269764,2015-02-05,2026-09-09T17:04:56Z,firm_key,BIOFERTILITY CENTER,,fda.refusals.backfill,raw/fda.refusals.backfill/2026/09/20260909T170456Z-d19e1c7920aa.json.gz,1
fda.refusals.backfill,firm:3011269764,2015-02-05,2026-09-09T17:04:56Z,import_refusal,1,count,fda.refusals.backfill,raw/fda.refusals.backfill/2026/09/20260909T170456Z-d19e1c7920aa.json.gz,1
fda.refusals.backfill,firm:3011269764,2015-02-05,2026-09-09T17:04:56Z,is_drug_or_biologic,1,bool,fda.refusals.backfill,raw/fda.refusals.backfill/2026/09/20260909T170456Z-d19e1c7920aa.json.gz,1
fda.refusals.backfill,firm:3011269764,2015-02-05,2026-09-09T17:04:56Z,is_foreign,1,bool,fda.refusals.backfill,raw/fda.refusals.backfill/2026/09/20260909T170456Z-d19e1c7920aa.json.gz,1
fda.refusals.backfill,firm:3011269764,2015-02-05,2026-09-09T17:04:56Z,is_human_drug,1,bool,fda.refusals.backfill,raw/fda.refusals.backfill/2026/09/20260909T170456Z-d19e1c7920aa.json.gz,1
fda.refusals.backfill,firm:3011269764,2015-02-05,2026-09-09T17:04:56Z,label,Biofertility Center,,fda.refusals.backfill,raw/fda.refusals.backfill/2026/09/20260909T170456Z-d19e1c7920aa.json.gz,1
fda.refusals.backfill,firm:3011269764,2015-02-05,2026-09-09T17:04:56Z,refused_at,20150205,yyyymmdd,fda.refusals.backfill,raw/fda.refusals.backfill/2026/09/20260909T170456Z-d19e1c7920aa.json.gz,1
fda.refusals.backfill,firm:3011279455,2015-02-13,2026-09-09T17:04:56Z,firm_key,DISORGA,,fda.refusals.backfill,raw/fda.refusals.backfill/2026/09/20260909T170456Z-d19e1c7920aa.json.gz,1
fda.refusals.backfill,firm:3011279455,2015-02-13,2026-09-09T17:04:56Z,import_refusal,1,count,fda.refusals.backfill,raw/fda.refusals.backfill/2026/09/20260909T170456Z-d19e1c7920aa.json.gz,1
fda.refusals.backfill,firm:3011279455,2015-02-13,2026-09-09T17:04:56Z,is_drug_or_biologic,1,bool,fda.refusals.backfill,raw/fda.refusals.backfill/2026/09/20260909T170456Z-d19e1c7920aa.json.gz,1
fda.refusals.backfill,firm:3011279455,2015-02-13,2026-09-09T17:04:56Z,is_foreign,1,bool,fda.refusals.backfill,raw/fda.refusals.backfill/2026/09/20260909T170456Z-d19e1c7920aa.json.gz,1
fda.refusals.backfill,firm:3011279455,2015-02-13,2026-09-09T17:04:56Z,is_human_drug,0,bool,fda.refusals.backfill,raw/fda.refusals.backfill/2026/09/20260909T170456Z-d19e1c7920aa.json.gz,1
fda.refusals.backfill,firm:3011279455,2015-02-13,2026-09-09T17:04:56Z,is_human_drug,1,bool,fda.refusals.backfill,raw/fda.refusals.backfill/2026/09/20260909T170456Z-d19e1c7920aa.json.gz,1
fda.refusals.backfill,firm:3011279455,2015-02-13,2026-09-09T17:04:56Z,label,Disorga Sa,,fda.refusals.backfill,raw/fda.refusals.backfill/2026/09/20260909T170456Z-d19e1c7920aa.json.gz,1
fda.refusals.backfill,firm:3011279455,2015-02-13,2026-09-09T17:04:56Z,refused_at,20150213,yyyymmdd,fda.refusals.backfill,raw/fda.refusals.backfill/2026/09/20260909T170456Z-d19e1c7920aa.json.gz,1
fda.refusals.backfill,firm:3011299110,2015-02-13,2026-09-09T17:04:56Z,firm_key,TV PRODUCTION CENTER ZURICH,,fda.refusals.backfill,raw/fda.refusals.backfill/2026/09/20260909T170456Z-d19e1c7920aa.json.gz,1
fda.refusals.backfill,firm:3011299110,2015-02-13,2026-09-09T17:04:56Z,import_refusal,1,count,fda.refusals.backfill,raw/fda.refusals.backfill/2026/09/20260909T170456Z-d19e1c7920aa.json.gz,1
fda.refusals.backfill,firm:3011299110,2015-02-13,2026-09-09T17:04:56Z,is_drug_or_biologic,1,bool,fda.refusals.backfill,raw/fda.refusals.backfill/2026/09/20260909T170456Z-d19e1c7920aa.json.gz,1
fda.refusals.backfill,firm:3011299110,2015-02-13,2026-09-09T17:04:56Z,is_foreign,1,bool,fda.refusals.backfill,raw/fda.refusals.backfill/2026/09/20260909T170456Z-d19e1c7920aa.json.gz,1
fda.refusals.backfill,firm:3011299110,2015-02-13,2026-09-09T17:04:56Z,is_human_drug,1,bool,fda.refusals.backfill,raw/fda.refusals.backfill/2026/09/20260909T170456Z-d19e1c7920aa.json.gz,1
fda.refusals.backfill,firm:3011299110,2015-02-13,2026-09-09T17:04:56Z,label,Tv Production Center Zurich Ag,,fda.refusals.backfill,raw/fda.refusals.backfill/2026/09/20260909T170456Z-d19e1c7920aa.json.gz,1
fda.refusals.backfill,firm:3011299110,2015-02-13,2026-09-09T17:04:56Z,refused_at,20150213,yyyymmdd,fda.refusals.backfill,raw/fda.refusals.backfill/2026/09/20260909T170456Z-d19e1c7920aa.json.gz,1
fda.refusals.backfill,firm:3011302114,2015-02-26,2026-09-09T17:04:56Z,firm_key,HL HEALTHCARE,,fda.refusals.backfill,raw/fda.refusals.backfill/2026/09/20260909T170456Z-d19e1c7920aa.json.gz,1
fda.refusals.backfill,firm:3011302114,2015-02-26,2026-09-09T17:04:56Z,import_refusal,1,count,fda.refusals.backfill,raw/fda.refusals.backfill/2026/09/20260909T170456Z-d19e1c7920aa.json.gz,1
fda.refusals.backfill,firm:3011302114,2015-02-26,2026-09-09T17:04:56Z,is_drug_or_biologic,1,bool,fda.refusals.backfill,raw/fda.refusals.backfill/2026/09/20260909T170456Z-d19e1c7920aa.json.gz,1
fda.refusals.backfill,firm:3011302114,2015-02-26,2026-09-09T17:04:56Z,is_foreign,1,bool,fda.refusals.backfill,raw/fda.refusals.backfill/2026/09/20260909T170456Z-d19e1c7920aa.json.gz,1
fda.refusals.backfill,firm:3011302114,2015-02-26,2026-09-09T17:04:56Z,is_human_drug,1,bool,fda.refusals.backfill,raw/fda.refusals.backfill/2026/09/20260909T170456Z-d19e1c7920aa.json.gz,1
fda.refusals.backfill,firm:3011302114,2015-02-26,2026-09-09T17:04:56Z,label,Hl Healthcare Ltd,,fda.refusals.backfill,raw/fda.refusals.backfill/2026/09/20260909T170456Z-d19e1c7920aa.json.gz,1
fda.refusals.backfill,firm:3011302114,2015-02-26,2026-09-09T17:04:56Z,refused_at,20150226,yyyymmdd,fda.refusals.backfill,raw/fda.refusals.backfill/2026/09/20260909T170456Z-d19e1c7920aa.json.gz,1
fda.refusals.backfill,firm:3011306344,2015-02-25,2026-09-09T17:04:56Z,firm_key,CHEMINGER S A,,fda.refusals.backfill,raw/fda.refusals.backfill/2026/09/20260909T170456Z-d19e1c7920aa.json.gz,1
fda.refusals.backfill,firm:3011306344,2015-02-25,2026-09-09T17:04:56Z,import_refusal,1,count,fda.refusals.backfill,raw/fda.refusals.backfill/2026/09/20260909T170456Z-d19e1c7920aa.json.gz,1
fda.refusals.backfill,firm:3011306344,2015-02-25,2026-09-09T17:04:56Z,is_drug_or_biologic,1,bool,fda.refusals.backfill,raw/fda.refusals.backfill/2026/09/20260909T170456Z-d19e1c7920aa.json.gz,1
fda.refusals.backfill,firm:3011306344,2015-02-25,2026-09-09T17:04:56Z,is_foreign,1,bool,fda.refusals.backfill,raw/fda.refusals.backfill/2026/09/20260909T170456Z-d19e1c7920aa.json.gz,1
fda.refusals.backfill,firm:3011306344,2015-02-25,2026-09-09T17:04:56Z,is_human_drug,1,bool,fda.refusals.backfill,raw/fda.refusals.backfill/2026/09/20260909T170456Z-d19e1c7920aa.json.gz,1
fda.refusals.backfill,firm:3011306344,2015-02-25,2026-09-09T17:04:56Z,label,Cheminger S.A,,fda.refusals.backfill,raw/fda.refusals.backfill/2026/09/20260909T170456Z-d19e1c7920aa.json.gz,1
fda.refusals.backfill,firm:3011306344,2015-02-25,2026-09-09T17:04:56Z,refused_at,20150225,yyyymmdd,fda.refusals.backfill,raw/fda.refusals.backfill/2026/09/20260909T170456Z-d19e1c7920aa.json.gz,1
fda.refusals.backfill,firm:3011311042,2015-02-23,2026-09-09T17:04:56Z,firm_key,CYNDAN MANUFACTURING,,fda.refusals.backfill,raw/fda.refusals.backfill/2026/09/20260909T170456Z-d19e1c7920aa.json.gz,1
fda.refusals.backfill,firm:3011311042,2015-02-23,2026-09-09T17:04:56Z,import_refusal,1,count,fda.refusals.backfill,raw/fda.refusals.backfill/2026/09/20260909T170456Z-d19e1c7920aa.json.gz,1
fda.refusals.backfill,firm:3011311042,2015-02-23,2026-09-09T17:04:56Z,is_drug_or_biologic,1,bool,fda.refusals.backfill,raw/fda.refusals.backfill/2026/09/20260909T170456Z-d19e1c7920aa.json.gz,1
fda.refusals.backfill,firm:3011311042,2015-02-23,2026-09-09T17:04:56Z,is_foreign,1,bool,fda.refusals.backfill,raw/fda.refusals.backfill/2026/09/20260909T170456Z-d19e1c7920aa.json.gz,1
fda.refusals.backfill,firm:3011311042,2015-02-23,2026-09-09T17:04:56Z,is_human_drug,1,bool,fda.refusals.backfill,raw/fda.refusals.backfill/2026/09/20260909T170456Z-d19e1c7920aa.json.gz,1
fda.refusals.backfill,firm:3011311042,2015-02-23,2026-09-09T17:04:56Z,label,Cyndan Manufacturing,,fda.refusals.backfill,raw/fda.refusals.backfill/2026/09/20260909T170456Z-d19e1c7920aa.json.gz,1
fda.refusals.backfill,firm:3011311042,2015-02-23,2026-09-09T17:04:56Z,refused_at,20150223,yyyymmdd,fda.refusals.backfill,raw/fda.refusals.backfill/2026/09/20260909T170456Z-d19e1c7920aa.json.gz,1
fda.refusals.backfill,firm:3011311417,2015-02-25,2026-09-09T17:04:56Z,firm_key,SUELI CIPRANI,,fda.refusals.backfill,raw/fda.refusals.backfill/2026/09/20260909T170456Z-d19e1c7920aa.json.gz,1
fda.refusals.backfill,firm:3011311417,2015-02-25,2026-09-09T17:04:56Z,import_refusal,1,count,fda.refusals.backfill,raw/fda.refusals.backfill/2026/09/20260909T170456Z-d19e1c7920aa.json.gz,1
fda.refusals.backfill,firm:3011311417,2015-02-25,2026-09-09T17:04:56Z,is_drug_or_biologic,1,bool,fda.refusals.backfill,raw/fda.refusals.backfill/2026/09/20260909T170456Z-d19e1c7920aa.json.gz,1
fda.refusals.backfill,firm:3011311417,2015-02-25,2026-09-09T17:04:56Z,is_foreign,1,bool,fda.refusals.backfill,raw/fda.refusals.backfill/2026/09/20260909T170456Z-d19e1c7920aa.json.gz,1
fda.refusals.backfill,firm:3011311417,2015-02-25,2026-09-09T17:04:56Z,is_human_drug,1,bool,fda.refusals.backfill,raw/fda.refusals.backfill/2026/09/20260909T170456Z-d19e1c7920aa.json.gz,1
fda.refusals.backfill,firm:3011311417,2015-02-25,2026-09-09T17:04:56Z,label,Sueli Ciprani,,fda.refusals.backfill,raw/fda.refusals.backfill/2026/09/20260909T170456Z-d19e1c7920aa.json.gz,1
fda.refusals.backfill,firm:3011311417,2015-02-25,2026-09-09T17:04:56Z,refused_at,20150225,yyyymmdd,fda.refusals.backfill,raw/fda.refusals.backfill/2026/09/20260909T170456Z-d19e1c7920aa.json.gz,1
fda.refusals.backfill,firm:3011311801,2015-02-25,2026-09-09T17:04:56Z,firm_key,ETEX,,fda.refusals.backfill,raw/fda.refusals.backfill/2026/09/20260909T170456Z-d19e1c7920aa.json.gz,1
fda.refusals.backfill,firm:3011311801,2015-02-25,2026-09-09T17:04:56Z,import_refusal,1,count,fda.refusals.backfill,raw/fda.refusals.backfill/2026/09/20260909T170456Z-d19e1c7920aa.json.gz,1
fda.refusals.backfill,firm:3011311801,2015-02-25,2026-09-09T17:04:56Z,is_drug_or_biologic,1,bool,fda.refusals.backfill,raw/fda.refusals.backfill/2026/09/20260909T170456Z-d19e1c7920aa.json.gz,1
fda.refusals.backfill,firm:3011311801,2015-02-25,2026-09-09T17:04:56Z,is_foreign,1,bool,fda.refusals.backfill,raw/fda.refusals.backfill/2026/09/20260909T170456Z-d19e1c7920aa.json.gz,1
fda.refusals.backfill,firm:3011311801,2015-02-25,2026-09-09T17:04:56Z,is_human_drug,1,bool,fda.refusals.backfill,raw/fda.refusals.backfill/2026/09/20260909T170456Z-d19e1c7920aa.json.gz,1
fda.refusals.backfill,firm:3011311801,2015-02-25,2026-09-09T17:04:56Z,label,Etex Pharmaceutical Sa,,fda.refusals.backfill,raw/fda.refusals.backfill/2026/09/20260909T170456Z-d19e1c7920aa.json.gz,1
fda.refusals.backfill,firm:3011311801,2015-02-25,2026-09-09T17:04:56Z,refused_at,20150225,yyyymmdd,fda.refusals.backfill,raw/fda.refusals.backfill/2026/09/20260909T170456Z-d19e1c7920aa.json.gz,1
fda.refusals.backfill,firm:3011332790,2015-02-09,2026-09-09T17:04:56Z,firm_key,ASTRAL SCIENTIFIC,,fda.refusals.backfill,raw/fda.refusals.backfill/2026/09/20260909T170456Z-d19e1c7920aa.json.gz,1
fda.refusals.backfill,firm:3011332790,2015-02-09,2026-09-09T17:04:56Z,import_refusal,1,count,fda.refusals.backfill,raw/fda.refusals.backfill/2026/09/20260909T170456Z-d19e1c7920aa.json.gz,1
fda.refusals.backfill,firm:3011332790,2015-02-09,2026-09-09T17:04:56Z,is_drug_or_biologic,1,bool,fda.refusals.backfill,raw/fda.refusals.backfill/2026/09/20260909T170456Z-d19e1c7920aa.json.gz,1
fda.refusals.backfill,firm:3011332790,2015-02-09,2026-09-09T17:04:56Z,is_foreign,1,bool,fda.refusals.backfill,raw/fda.refusals.backfill/2026/09/20260909T170456Z-d19e1c7920aa.json.gz,1
fda.refusals.backfill,firm:3011332790,2015-02-09,2026-09-09T17:04:56Z,is_human_drug,1,bool,fda.refusals.backfill,raw/fda.refusals.backfill/2026/09/20260909T170456Z-d19e1c7920aa.json.gz,1
fda.refusals.backfill,firm:3011332790,2015-02-09,2026-09-09T17:04:56Z,label,Astral Scientific,,fda.refusals.backfill,raw/fda.refusals.backfill/2026/09/20260909T170456Z-d19e1c7920aa.json.gz,1
fda.refusals.backfill,firm:3011332790,2015-02-09,2026-09-09T17:04:56Z,refused_at,20150209,yyyymmdd,fda.refusals.backfill,raw/fda.refusals.backfill/2026/09/20260909T170456Z-d19e1c7920aa.json.gz,1
fda.refusals.backfill,firm:3011333633,2015-02-24,2026-09-09T17:04:56Z,firm_key,SANOFI AVENTIS DE PANAMA S A,,fda.refusals.backfill,raw/fda.refusals.backfill/2026/09/20260909T170456Z-d19e1c7920aa.json.gz,1
fda.refusals.backfill,firm:3011333633,2015-02-24,2026-09-09T17:04:56Z,import_refusal,1,count,fda.refusals.backfill,raw/fda.refusals.backfill/2026/09/20260909T170456Z-d19e1c7920aa.json.gz,1
fda.refusals.backfill,firm:3011333633,2015-02-24,2026-09-09T17:04:56Z,is_drug_or_biologic,1,bool,fda.refusals.backfill,raw/fda.refusals.backfill/2026/09/20260909T170456Z-d19e1c7920aa.json.gz,1
fda.refusals.backfill,firm:3011333633,2015-02-24,2026-09-09T17:04:56Z,is_foreign,1,bool,fda.refusals.backfill,raw/fda.refusals.backfill/2026/09/20260909T170456Z-d19e1c7920aa.json.gz,1
fda.refusals.backfill,firm:3011333633,2015-02-24,2026-09-09T17:04:56Z,is_human_drug,1,bool,fda.refusals.backfill,raw/fda.refusals.backfill/2026/09/20260909T170456Z-d19e1c7920aa.json.gz,1
fda.refusals.backfill,firm:3011333633,2015-02-24,2026-09-09T17:04:56Z,label,Sanofi Aventis De Panama S.A.,,fda.refusals.backfill,raw/fda.refusals.backfill/2026/09/20260909T170456Z-d19e1c7920aa.json.gz,1
fda.refusals.backfill,firm:3011333633,2015-02-24,2026-09-09T17:04:56Z,refused_at,20150224,yyyymmdd,fda.refusals.backfill,raw/fda.refusals.backfill/2026/09/20260909T170456Z-d19e1c7920aa.json.gz,1
fda.refusals.backfill,firm:3011333634,2015-02-23,2026-09-09T17:04:56Z,firm_key,SANOFI AVENTIS,,fda.refusals.backfill,raw/fda.refusals.backfill/2026/09/20260909T170456Z-d19e1c7920aa.json.gz,1
fda.refusals.backfill,firm:3011333634,2015-02-23,2026-09-09T17:04:56Z,import_refusal,1,count,fda.refusals.backfill,raw/fda.refusals.backfill/2026/09/20260909T170456Z-d19e1c7920aa.json.gz,1
fda.refusals.backfill,firm:3011333634,2015-02-23,2026-09-09T17:04:56Z,is_drug_or_biologic,1,bool,fda.refusals.backfill,raw/fda.refusals.backfill/2026/09/20260909T170456Z-d19e1c7920aa.json.gz,1
fda.refusals.backfill,firm:3011333634,2015-02-23,2026-09-09T17:04:56Z,is_foreign,1,bool,fda.refusals.backfill,raw/fda.refusals.backfill/2026/09/20260909T170456Z-d19e1c7920aa.json.gz,1
fda.refusals.backfill,firm:3011333634,2015-02-23,2026-09-09T17:04:56Z,is_human_drug,1,bool,fda.refusals.backfill,raw/fda.refusals.backfill/2026/09/20260909T170456Z-d19e1c7920aa.json.gz,1
fda.refusals.backfill,firm:3011333634,2015-02-23,2026-09-09T17:04:56Z,label,Sanofi Aventis,,fda.refusals.backfill,raw/fda.refusals.backfill/2026/09/20260909T170456Z-d19e1c7920aa.json.gz,1
fda.refusals.backfill,firm:3011333634,2015-02-23,2026-09-09T17:04:56Z,refused_at,20150223,yyyymmdd,fda.refusals.backfill,raw/fda.refusals.backfill/2026/09/20260909T170456Z-d19e1c7920aa.json.gz,1
fda.refusals.backfill,firm:3012224722,2015-02-17,2026-09-09T17:04:56Z,firm_key,SOUTHERN DRUGS,,fda.refusals.backfill,raw/fda.refusals.backfill/2026/09/20260909T170456Z-d19e1c7920aa.json.gz,1
fda.refusals.backfill,firm:3012224722,2015-02-17,2026-09-09T17:04:56Z,import_refusal,1,count,fda.refusals.backfill,raw/fda.refusals.backfill/2026/09/20260909T170456Z-d19e1c7920aa.json.gz,1
fda.refusals.backfill,firm:3012224722,2015-02-17,2026-09-09T17:04:56Z,is_drug_or_biologic,1,bool,fda.refusals.backfill,raw/fda.refusals.backfill/2026/09/20260909T170456Z-d19e1c7920aa.json.gz,1
fda.refusals.backfill,firm:3012224722,2015-02-17,2026-09-09T17:04:56Z,is_foreign,1,bool,fda.refusals.backfill,raw/fda.refusals.backfill/2026/09/20260909T170456Z-d19e1c7920aa.json.gz,1
fda.refusals.backfill,firm:3012224722,2015-02-17,2026-09-09T17:04:56Z,is_human_drug,1,bool,fda.refusals.backfill,raw/fda.refusals.backfill/2026/09/20260909T170456Z-d19e1c7920aa.json.gz,1
fda.refusals.backfill,firm:3012224722,2015-02-17,2026-09-09T17:04:56Z,label,southern drugs pharmaceuticals,,fda.refusals.backfill,raw/fda.refusals.backfill/2026/09/20260909T170456Z-d19e1c7920aa.json.gz,1
fda.refusals.backfill,firm:3012224722,2015-02-17,2026-09-09T17:04:56Z,refused_at,20150217,yyyymmdd,fda.refusals.backfill,raw/fda.refusals.backfill/2026/09/20260909T170456Z-d19e1c7920aa.json.gz,1
fda.refusals.backfill,firm:3012802233,2015-02-27,2026-09-09T17:04:56Z,firm_key,MONDELEZ MEXICO S DE R L DE C V,,fda.refusals.backfill,raw/fda.refusals.backfill/2026/09/20260909T170456Z-d19e1c7920aa.json.gz,1
fda.refusals.backfill,firm:3012802233,2015-02-27,2026-09-09T17:04:56Z,import_refusal,1,count,fda.refusals.backfill,raw/fda.refusals.backfill/2026/09/20260909T170456Z-d19e1c7920aa.json.gz,1
fda.refusals.backfill,firm:3012802233,2015-02-27,2026-09-09T17:04:56Z,is_drug_or_biologic,1,bool,fda.refusals.backfill,raw/fda.refusals.backfill/2026/09/20260909T170456Z-d19e1c7920aa.json.gz,1
fda.refusals.backfill,firm:3012802233,2015-02-27,2026-09-09T17:04:56Z,is_foreign,1,bool,fda.refusals.backfill,raw/fda.refusals.backfill/2026/09/20260909T170456Z-d19e1c7920aa.json.gz,1
fda.refusals.backfill,firm:3012802233,2015-02-27,2026-09-09T17:04:56Z,is_human_drug,1,bool,fda.refusals.backfill,raw/fda.refusals.backfill/2026/09/20260909T170456Z-d19e1c7920aa.json.gz,1
fda.refusals.backfill,firm:3012802233,2015-02-27,2026-09-09T17:04:56Z,label,"Mondelez Mexico, S. de R.L. de C.V.",,fda.refusals.backfill,raw/fda.refusals.backfill/2026/09/20260909T170456Z-d19e1c7920aa.json.gz,1
fda.refusals.backfill,firm:3012802233,2015-02-27,2026-09-09T17:04:56Z,refused_at,20150227,yyyymmdd,fda.refusals.backfill,raw/fda.refusals.backfill/2026/09/20260909T170456Z-d19e1c7920aa.json.gz,1
fda.refusals.backfill,firm:3013249698,2015-02-03,2026-09-09T17:04:56Z,firm_key,SINOCHEM,,fda.refusals.backfill,raw/fda.refusals.backfill/2026/09/20260909T170456Z-d19e1c7920aa.json.gz,1
fda.refusals.backfill,firm:3013249698,2015-02-03,2026-09-09T17:04:56Z,import_refusal,1,count,fda.refusals.backfill,raw/fda.refusals.backfill/2026/09/20260909T170456Z-d19e1c7920aa.json.gz,1
fda.refusals.backfill,firm:3013249698,2015-02-03,2026-09-09T17:04:56Z,is_drug_or_biologic,1,bool,fda.refusals.backfill,raw/fda.refusals.backfill/2026/09/20260909T170456Z-d19e1c7920aa.json.gz,1
fda.refusals.backfill,firm:3013249698,2015-02-03,2026-09-09T17:04:56Z,is_foreign,1,bool,fda.refusals.backfill,raw/fda.refusals.backfill/2026/09/20260909T170456Z-d19e1c7920aa.json.gz,1
fda.refusals.backfill,firm:3013249698,2015-02-03,2026-09-09T17:04:56Z,is_human_drug,1,bool,fda.refusals.backfill,raw/fda.refusals.backfill/2026/09/20260909T170456Z-d19e1c7920aa.json.gz,1
fda.refusals.backfill,firm:3013249698,2015-02-03,2026-09-09T17:04:56Z,label,"Sinochem Pharmaceutical Co., Ltd.",,fda.refusals.backfill,raw/fda.refusals.backfill/2026/09/20260909T170456Z-d19e1c7920aa.json.gz,1
fda.refusals.backfill,firm:3013249698,2015-02-03,2026-09-09T17:04:56Z,refused_at,20150203,yyyymmdd,fda.refusals.backfill,raw/fda.refusals.backfill/2026/09/20260909T170456Z-d19e1c7920aa.json.gz,1
fda.refusals.backfill,firm:3025432989,2015-02-06,2026-09-09T17:04:56Z,firm_key,THE HIMALAYA WELLNESS,,fda.refusals.backfill,raw/fda.refusals.backfill/2026/09/20260909T170456Z-d19e1c7920aa.json.gz,1
fda.refusals.backfill,firm:3025432989,2015-02-06,2026-09-09T17:04:56Z,import_refusal,1,count,fda.refusals.backfill,raw/fda.refusals.backfill/2026/09/20260909T170456Z-d19e1c7920aa.json.gz,1
fda.refusals.backfill,firm:3025432989,2015-02-06,2026-09-09T17:04:56Z,is_drug_or_biologic,1,bool,fda.refusals.backfill,raw/fda.refusals.backfill/2026/09/20260909T170456Z-d19e1c7920aa.json.gz,1
fda.refusals.backfill,firm:3025432989,2015-02-06,2026-09-09T17:04:56Z,is_foreign,1,bool,fda.refusals.backfill,raw/fda.refusals.backfill/2026/09/20260909T170456Z-d19e1c7920aa.json.gz,1
fda.refusals.backfill,firm:3025432989,2015-02-06,2026-09-09T17:04:56Z,is_human_drug,1,bool,fda.refusals.backfill,raw/fda.refusals.backfill/2026/09/20260909T170456Z-d19e1c7920aa.json.gz,1
fda.refusals.backfill,firm:3025432989,2015-02-06,2026-09-09T17:04:56Z,label,THE HIMALAYA WELLNESS LTD,,fda.refusals.backfill,raw/fda.refusals.backfill/2026/09/20260909T170456Z-d19e1c7920aa.json.gz,1
fda.refusals.backfill,firm:3025432989,2015-02-06,2026-09-09T17:04:56Z,refused_at,20150206,yyyymmdd,fda.refusals.backfill,raw/fda.refusals.backfill/2026/09/20260909T170456Z-d19e1c7920aa.json.gz,1
