series_id,entity_id,observed_at,captured_at,metric,value,unit,source_id,raw_ref,parser_version
fda.complianceactions.drugs,firm:1000071237,2023-11-08,2026-09-07T21:01:42Z,action_taken,20231108,yyyymmdd,fda.complianceactions.drugs,raw/fda.complianceactions.drugs/2026/09/20260907T210142Z-90b93f350b34.json.gz,1
fda.complianceactions.drugs,firm:1000071237,2023-11-08,2026-09-07T21:01:42Z,action_warning_letter,1,count,fda.complianceactions.drugs,raw/fda.complianceactions.drugs/2026/09/20260907T210142Z-90b93f350b34.json.gz,1
fda.complianceactions.drugs,firm:1000071237,2023-11-08,2026-09-07T21:01:42Z,compliance_action,1,count,fda.complianceactions.drugs,raw/fda.complianceactions.drugs/2026/09/20260907T210142Z-90b93f350b34.json.gz,1
fda.complianceactions.drugs,firm:1000071237,2023-11-08,2026-09-07T21:01:42Z,is_foreign,0,bool,fda.complianceactions.drugs,raw/fda.complianceactions.drugs/2026/09/20260907T210142Z-90b93f350b34.json.gz,1
fda.complianceactions.drugs,firm:3003157498,2023-11-21,2026-09-07T21:01:42Z,action_taken,20231121,yyyymmdd,fda.complianceactions.drugs,raw/fda.complianceactions.drugs/2026/09/20260907T210142Z-90b93f350b34.json.gz,1
fda.complianceactions.drugs,firm:3003157498,2023-11-21,2026-09-07T21:01:42Z,action_warning_letter,1,count,fda.complianceactions.drugs,raw/fda.complianceactions.drugs/2026/09/20260907T210142Z-90b93f350b34.json.gz,1
fda.complianceactions.drugs,firm:3003157498,2023-11-21,2026-09-07T21:01:42Z,compliance_action,1,count,fda.complianceactions.drugs,raw/fda.complianceactions.drugs/2026/09/20260907T210142Z-90b93f350b34.json.gz,1
fda.complianceactions.drugs,firm:3003157498,2023-11-21,2026-09-07T21:01:42Z,is_foreign,1,bool,fda.complianceactions.drugs,raw/fda.complianceactions.drugs/2026/09/20260907T210142Z-90b93f350b34.json.gz,1
fda.complianceactions.drugs,firm:3004647124,2023-11-13,2026-09-07T21:01:42Z,action_taken,20231113,yyyymmdd,fda.complianceactions.drugs,raw/fda.complianceactions.drugs/2026/09/20260907T210142Z-90b93f350b34.json.gz,1
fda.complianceactions.drugs,firm:3004647124,2023-11-13,2026-09-07T21:01:42Z,action_warning_letter,1,count,fda.complianceactions.drugs,raw/fda.complianceactions.drugs/2026/09/20260907T210142Z-90b93f350b34.json.gz,1
fda.complianceactions.drugs,firm:3004647124,2023-11-13,2026-09-07T21:01:42Z,compliance_action,1,count,fda.complianceactions.drugs,raw/fda.complianceactions.drugs/2026/09/20260907T210142Z-90b93f350b34.json.gz,1
fda.complianceactions.drugs,firm:3004647124,2023-11-13,2026-09-07T21:01:42Z,is_foreign,1,bool,fda.complianceactions.drugs,raw/fda.complianceactions.drugs/2026/09/20260907T210142Z-90b93f350b34.json.gz,1
fda.complianceactions.drugs,firm:3005672908,2023-11-13,2026-09-07T21:01:42Z,action_taken,20231113,yyyymmdd,fda.complianceactions.drugs,raw/fda.complianceactions.drugs/2026/09/20260907T210142Z-90b93f350b34.json.gz,1
fda.complianceactions.drugs,firm:3005672908,2023-11-13,2026-09-07T21:01:42Z,action_warning_letter,1,count,fda.complianceactions.drugs,raw/fda.complianceactions.drugs/2026/09/20260907T210142Z-90b93f350b34.json.gz,1
fda.complianceactions.drugs,firm:3005672908,2023-11-13,2026-09-07T21:01:42Z,compliance_action,1,count,fda.complianceactions.drugs,raw/fda.complianceactions.drugs/2026/09/20260907T210142Z-90b93f350b34.json.gz,1
fda.complianceactions.drugs,firm:3005672908,2023-11-13,2026-09-07T21:01:42Z,is_foreign,0,bool,fda.complianceactions.drugs,raw/fda.complianceactions.drugs/2026/09/20260907T210142Z-90b93f350b34.json.gz,1
fda.complianceactions.drugs,firm:3006057298,2023-11-17,2026-09-07T21:01:42Z,action_taken,20231117,yyyymmdd,fda.complianceactions.drugs,raw/fda.complianceactions.drugs/2026/09/20260907T210142Z-90b93f350b34.json.gz,1
fda.complianceactions.drugs,firm:3006057298,2023-11-17,2026-09-07T21:01:42Z,action_warning_letter,1,count,fda.complianceactions.drugs,raw/fda.complianceactions.drugs/2026/09/20260907T210142Z-90b93f350b34.json.gz,1
fda.complianceactions.drugs,firm:3006057298,2023-11-17,2026-09-07T21:01:42Z,compliance_action,1,count,fda.complianceactions.drugs,raw/fda.complianceactions.drugs/2026/09/20260907T210142Z-90b93f350b34.json.gz,1
fda.complianceactions.drugs,firm:3006057298,2023-11-17,2026-09-07T21:01:42Z,is_foreign,1,bool,fda.complianceactions.drugs,raw/fda.complianceactions.drugs/2026/09/20260907T210142Z-90b93f350b34.json.gz,1
fda.complianceactions.drugs,firm:3008581988,2023-11-17,2026-09-07T21:01:42Z,action_taken,20231117,yyyymmdd,fda.complianceactions.drugs,raw/fda.complianceactions.drugs/2026/09/20260907T210142Z-90b93f350b34.json.gz,1
fda.complianceactions.drugs,firm:3008581988,2023-11-17,2026-09-07T21:01:42Z,action_warning_letter,1,count,fda.complianceactions.drugs,raw/fda.complianceactions.drugs/2026/09/20260907T210142Z-90b93f350b34.json.gz,1
fda.complianceactions.drugs,firm:3008581988,2023-11-17,2026-09-07T21:01:42Z,compliance_action,1,count,fda.complianceactions.drugs,raw/fda.complianceactions.drugs/2026/09/20260907T210142Z-90b93f350b34.json.gz,1
fda.complianceactions.drugs,firm:3008581988,2023-11-17,2026-09-07T21:01:42Z,is_foreign,1,bool,fda.complianceactions.drugs,raw/fda.complianceactions.drugs/2026/09/20260907T210142Z-90b93f350b34.json.gz,1
fda.complianceactions.drugs,firm:3009675687,2023-11-15,2026-09-07T21:01:42Z,action_taken,20231115,yyyymmdd,fda.complianceactions.drugs,raw/fda.complianceactions.drugs/2026/09/20260907T210142Z-90b93f350b34.json.gz,1
fda.complianceactions.drugs,firm:3009675687,2023-11-15,2026-09-07T21:01:42Z,action_warning_letter,1,count,fda.complianceactions.drugs,raw/fda.complianceactions.drugs/2026/09/20260907T210142Z-90b93f350b34.json.gz,1
fda.complianceactions.drugs,firm:3009675687,2023-11-15,2026-09-07T21:01:42Z,compliance_action,1,count,fda.complianceactions.drugs,raw/fda.complianceactions.drugs/2026/09/20260907T210142Z-90b93f350b34.json.gz,1
fda.complianceactions.drugs,firm:3009675687,2023-11-15,2026-09-07T21:01:42Z,is_foreign,1,bool,fda.complianceactions.drugs,raw/fda.complianceactions.drugs/2026/09/20260907T210142Z-90b93f350b34.json.gz,1
fda.complianceactions.drugs,firm:3015509579,2023-11-17,2026-09-07T21:01:42Z,action_taken,20231117,yyyymmdd,fda.complianceactions.drugs,raw/fda.complianceactions.drugs/2026/09/20260907T210142Z-90b93f350b34.json.gz,1
fda.complianceactions.drugs,firm:3015509579,2023-11-17,2026-09-07T21:01:42Z,action_warning_letter,1,count,fda.complianceactions.drugs,raw/fda.complianceactions.drugs/2026/09/20260907T210142Z-90b93f350b34.json.gz,1
fda.complianceactions.drugs,firm:3015509579,2023-11-17,2026-09-07T21:01:42Z,compliance_action,1,count,fda.complianceactions.drugs,raw/fda.complianceactions.drugs/2026/09/20260907T210142Z-90b93f350b34.json.gz,1
fda.complianceactions.drugs,firm:3015509579,2023-11-17,2026-09-07T21:01:42Z,is_foreign,1,bool,fda.complianceactions.drugs,raw/fda.complianceactions.drugs/2026/09/20260907T210142Z-90b93f350b34.json.gz,1
fda.complianceactions.drugs,firm:3015596082,2023-11-16,2026-09-07T21:01:42Z,action_taken,20231116,yyyymmdd,fda.complianceactions.drugs,raw/fda.complianceactions.drugs/2026/09/20260907T210142Z-90b93f350b34.json.gz,1
fda.complianceactions.drugs,firm:3015596082,2023-11-16,2026-09-07T21:01:42Z,action_warning_letter,1,count,fda.complianceactions.drugs,raw/fda.complianceactions.drugs/2026/09/20260907T210142Z-90b93f350b34.json.gz,1
fda.complianceactions.drugs,firm:3015596082,2023-11-16,2026-09-07T21:01:42Z,compliance_action,1,count,fda.complianceactions.drugs,raw/fda.complianceactions.drugs/2026/09/20260907T210142Z-90b93f350b34.json.gz,1
fda.complianceactions.drugs,firm:3015596082,2023-11-16,2026-09-07T21:01:42Z,is_foreign,1,bool,fda.complianceactions.drugs,raw/fda.complianceactions.drugs/2026/09/20260907T210142Z-90b93f350b34.json.gz,1
fda.complianceactions.drugs,firm:3016000795,2023-11-16,2026-09-07T21:01:42Z,action_taken,20231116,yyyymmdd,fda.complianceactions.drugs,raw/fda.complianceactions.drugs/2026/09/20260907T210142Z-90b93f350b34.json.gz,1
fda.complianceactions.drugs,firm:3016000795,2023-11-16,2026-09-07T21:01:42Z,action_warning_letter,1,count,fda.complianceactions.drugs,raw/fda.complianceactions.drugs/2026/09/20260907T210142Z-90b93f350b34.json.gz,1
fda.complianceactions.drugs,firm:3016000795,2023-11-16,2026-09-07T21:01:42Z,compliance_action,1,count,fda.complianceactions.drugs,raw/fda.complianceactions.drugs/2026/09/20260907T210142Z-90b93f350b34.json.gz,1
fda.complianceactions.drugs,firm:3016000795,2023-11-16,2026-09-07T21:01:42Z,is_foreign,0,bool,fda.complianceactions.drugs,raw/fda.complianceactions.drugs/2026/09/20260907T210142Z-90b93f350b34.json.gz,1
fda.complianceactions.drugs,firm:3016994737,2023-11-13,2026-09-07T21:01:42Z,action_taken,20231113,yyyymmdd,fda.complianceactions.drugs,raw/fda.complianceactions.drugs/2026/09/20260907T210142Z-90b93f350b34.json.gz,1
fda.complianceactions.drugs,firm:3016994737,2023-11-13,2026-09-07T21:01:42Z,action_warning_letter,1,count,fda.complianceactions.drugs,raw/fda.complianceactions.drugs/2026/09/20260907T210142Z-90b93f350b34.json.gz,1
fda.complianceactions.drugs,firm:3016994737,2023-11-13,2026-09-07T21:01:42Z,compliance_action,1,count,fda.complianceactions.drugs,raw/fda.complianceactions.drugs/2026/09/20260907T210142Z-90b93f350b34.json.gz,1
fda.complianceactions.drugs,firm:3016994737,2023-11-13,2026-09-07T21:01:42Z,is_foreign,0,bool,fda.complianceactions.drugs,raw/fda.complianceactions.drugs/2026/09/20260907T210142Z-90b93f350b34.json.gz,1
fda.complianceactions.drugs,firm:3017978054,2023-11-17,2026-09-07T21:01:42Z,action_taken,20231117,yyyymmdd,fda.complianceactions.drugs,raw/fda.complianceactions.drugs/2026/09/20260907T210142Z-90b93f350b34.json.gz,1
fda.complianceactions.drugs,firm:3017978054,2023-11-17,2026-09-07T21:01:42Z,action_warning_letter,1,count,fda.complianceactions.drugs,raw/fda.complianceactions.drugs/2026/09/20260907T210142Z-90b93f350b34.json.gz,1
fda.complianceactions.drugs,firm:3017978054,2023-11-17,2026-09-07T21:01:42Z,compliance_action,1,count,fda.complianceactions.drugs,raw/fda.complianceactions.drugs/2026/09/20260907T210142Z-90b93f350b34.json.gz,1
fda.complianceactions.drugs,firm:3017978054,2023-11-17,2026-09-07T21:01:42Z,is_foreign,1,bool,fda.complianceactions.drugs,raw/fda.complianceactions.drugs/2026/09/20260907T210142Z-90b93f350b34.json.gz,1
fda.complianceactions.drugs,firm:3018310083,2023-11-06,2026-09-07T21:01:42Z,action_taken,20231106,yyyymmdd,fda.complianceactions.drugs,raw/fda.complianceactions.drugs/2026/09/20260907T210142Z-90b93f350b34.json.gz,1
fda.complianceactions.drugs,firm:3018310083,2023-11-06,2026-09-07T21:01:42Z,action_warning_letter,1,count,fda.complianceactions.drugs,raw/fda.complianceactions.drugs/2026/09/20260907T210142Z-90b93f350b34.json.gz,1
fda.complianceactions.drugs,firm:3018310083,2023-11-06,2026-09-07T21:01:42Z,compliance_action,1,count,fda.complianceactions.drugs,raw/fda.complianceactions.drugs/2026/09/20260907T210142Z-90b93f350b34.json.gz,1
fda.complianceactions.drugs,firm:3018310083,2023-11-06,2026-09-07T21:01:42Z,is_foreign,1,bool,fda.complianceactions.drugs,raw/fda.complianceactions.drugs/2026/09/20260907T210142Z-90b93f350b34.json.gz,1
fda.complianceactions.drugs,firm:3023878838,2023-11-08,2026-09-07T21:01:42Z,action_taken,20231108,yyyymmdd,fda.complianceactions.drugs,raw/fda.complianceactions.drugs/2026/09/20260907T210142Z-90b93f350b34.json.gz,1
fda.complianceactions.drugs,firm:3023878838,2023-11-08,2026-09-07T21:01:42Z,action_warning_letter,1,count,fda.complianceactions.drugs,raw/fda.complianceactions.drugs/2026/09/20260907T210142Z-90b93f350b34.json.gz,1
fda.complianceactions.drugs,firm:3023878838,2023-11-08,2026-09-07T21:01:42Z,compliance_action,1,count,fda.complianceactions.drugs,raw/fda.complianceactions.drugs/2026/09/20260907T210142Z-90b93f350b34.json.gz,1
fda.complianceactions.drugs,firm:3023878838,2023-11-08,2026-09-07T21:01:42Z,is_foreign,0,bool,fda.complianceactions.drugs,raw/fda.complianceactions.drugs/2026/09/20260907T210142Z-90b93f350b34.json.gz,1
fda.complianceactions.drugs,firm:3027822578,2023-11-22,2026-09-07T21:01:42Z,action_taken,20231122,yyyymmdd,fda.complianceactions.drugs,raw/fda.complianceactions.drugs/2026/09/20260907T210142Z-90b93f350b34.json.gz,1
fda.complianceactions.drugs,firm:3027822578,2023-11-22,2026-09-07T21:01:42Z,action_warning_letter,1,count,fda.complianceactions.drugs,raw/fda.complianceactions.drugs/2026/09/20260907T210142Z-90b93f350b34.json.gz,1
fda.complianceactions.drugs,firm:3027822578,2023-11-22,2026-09-07T21:01:42Z,compliance_action,1,count,fda.complianceactions.drugs,raw/fda.complianceactions.drugs/2026/09/20260907T210142Z-90b93f350b34.json.gz,1
fda.complianceactions.drugs,firm:3027822578,2023-11-22,2026-09-07T21:01:42Z,is_foreign,0,bool,fda.complianceactions.drugs,raw/fda.complianceactions.drugs/2026/09/20260907T210142Z-90b93f350b34.json.gz,1
fda.inspections.drugs,firm:1000125370,2023-11-17,2026-09-07T21:02:33Z,classification,2,ordinal,fda.inspections.drugs,raw/fda.inspections.drugs/2026/09/20260907T210233Z-485f15e8f496.json.gz,1
fda.inspections.drugs,firm:1000125370,2023-11-17,2026-09-07T21:02:33Z,inspected,1,count,fda.inspections.drugs,raw/fda.inspections.drugs/2026/09/20260907T210233Z-485f15e8f496.json.gz,1
fda.inspections.drugs,firm:1000125370,2023-11-17,2026-09-07T21:02:33Z,inspection_end,20231117,yyyymmdd,fda.inspections.drugs,raw/fda.inspections.drugs/2026/09/20260907T210233Z-485f15e8f496.json.gz,1
fda.inspections.drugs,firm:1000125370,2023-11-17,2026-09-07T21:02:33Z,is_foreign,0,bool,fda.inspections.drugs,raw/fda.inspections.drugs/2026/09/20260907T210233Z-485f15e8f496.json.gz,1
fda.inspections.drugs,firm:1000125370,2023-11-17,2026-09-07T21:02:33Z,is_oai,1,bool,fda.inspections.drugs,raw/fda.inspections.drugs/2026/09/20260907T210233Z-485f15e8f496.json.gz,1
fda.inspections.drugs,firm:1000208816,2023-11-17,2026-09-07T21:02:33Z,classification,0,ordinal,fda.inspections.drugs,raw/fda.inspections.drugs/2026/09/20260907T210233Z-485f15e8f496.json.gz,1
fda.inspections.drugs,firm:1000208816,2023-11-17,2026-09-07T21:02:33Z,inspected,1,count,fda.inspections.drugs,raw/fda.inspections.drugs/2026/09/20260907T210233Z-485f15e8f496.json.gz,1
fda.inspections.drugs,firm:1000208816,2023-11-17,2026-09-07T21:02:33Z,inspection_end,20231117,yyyymmdd,fda.inspections.drugs,raw/fda.inspections.drugs/2026/09/20260907T210233Z-485f15e8f496.json.gz,1
fda.inspections.drugs,firm:1000208816,2023-11-17,2026-09-07T21:02:33Z,is_foreign,0,bool,fda.inspections.drugs,raw/fda.inspections.drugs/2026/09/20260907T210233Z-485f15e8f496.json.gz,1
fda.inspections.drugs,firm:1000208816,2023-11-17,2026-09-07T21:02:33Z,is_oai,0,bool,fda.inspections.drugs,raw/fda.inspections.drugs/2026/09/20260907T210233Z-485f15e8f496.json.gz,1
fda.inspections.drugs,firm:1051805,2023-11-03,2026-09-07T21:02:33Z,classification,1,ordinal,fda.inspections.drugs,raw/fda.inspections.drugs/2026/09/20260907T210233Z-485f15e8f496.json.gz,1
fda.inspections.drugs,firm:1051805,2023-11-03,2026-09-07T21:02:33Z,inspected,1,count,fda.inspections.drugs,raw/fda.inspections.drugs/2026/09/20260907T210233Z-485f15e8f496.json.gz,1
fda.inspections.drugs,firm:1051805,2023-11-03,2026-09-07T21:02:33Z,inspection_end,20231103,yyyymmdd,fda.inspections.drugs,raw/fda.inspections.drugs/2026/09/20260907T210233Z-485f15e8f496.json.gz,1
fda.inspections.drugs,firm:1051805,2023-11-03,2026-09-07T21:02:33Z,is_foreign,0,bool,fda.inspections.drugs,raw/fda.inspections.drugs/2026/09/20260907T210233Z-485f15e8f496.json.gz,1
fda.inspections.drugs,firm:1051805,2023-11-03,2026-09-07T21:02:33Z,is_oai,0,bool,fda.inspections.drugs,raw/fda.inspections.drugs/2026/09/20260907T210233Z-485f15e8f496.json.gz,1
fda.inspections.drugs,firm:1120762,2023-11-16,2026-09-07T21:02:33Z,classification,0,ordinal,fda.inspections.drugs,raw/fda.inspections.drugs/2026/09/20260907T210233Z-485f15e8f496.json.gz,1
fda.inspections.drugs,firm:1120762,2023-11-16,2026-09-07T21:02:33Z,inspected,1,count,fda.inspections.drugs,raw/fda.inspections.drugs/2026/09/20260907T210233Z-485f15e8f496.json.gz,1
fda.inspections.drugs,firm:1120762,2023-11-16,2026-09-07T21:02:33Z,inspection_end,20231116,yyyymmdd,fda.inspections.drugs,raw/fda.inspections.drugs/2026/09/20260907T210233Z-485f15e8f496.json.gz,1
fda.inspections.drugs,firm:1120762,2023-11-16,2026-09-07T21:02:33Z,is_foreign,0,bool,fda.inspections.drugs,raw/fda.inspections.drugs/2026/09/20260907T210233Z-485f15e8f496.json.gz,1
fda.inspections.drugs,firm:1120762,2023-11-16,2026-09-07T21:02:33Z,is_oai,0,bool,fda.inspections.drugs,raw/fda.inspections.drugs/2026/09/20260907T210233Z-485f15e8f496.json.gz,1
fda.inspections.drugs,firm:1283046,2023-11-30,2026-09-07T21:02:33Z,classification,0,ordinal,fda.inspections.drugs,raw/fda.inspections.drugs/2026/09/20260907T210233Z-485f15e8f496.json.gz,1
fda.inspections.drugs,firm:1283046,2023-11-30,2026-09-07T21:02:33Z,inspected,1,count,fda.inspections.drugs,raw/fda.inspections.drugs/2026/09/20260907T210233Z-485f15e8f496.json.gz,1
fda.inspections.drugs,firm:1283046,2023-11-30,2026-09-07T21:02:33Z,inspection_end,20231130,yyyymmdd,fda.inspections.drugs,raw/fda.inspections.drugs/2026/09/20260907T210233Z-485f15e8f496.json.gz,1
fda.inspections.drugs,firm:1283046,2023-11-30,2026-09-07T21:02:33Z,is_foreign,0,bool,fda.inspections.drugs,raw/fda.inspections.drugs/2026/09/20260907T210233Z-485f15e8f496.json.gz,1
fda.inspections.drugs,firm:1283046,2023-11-30,2026-09-07T21:02:33Z,is_oai,0,bool,fda.inspections.drugs,raw/fda.inspections.drugs/2026/09/20260907T210233Z-485f15e8f496.json.gz,1
fda.inspections.drugs,firm:1310298,2023-11-01,2026-09-07T21:02:33Z,classification,1,ordinal,fda.inspections.drugs,raw/fda.inspections.drugs/2026/09/20260907T210233Z-485f15e8f496.json.gz,1
fda.inspections.drugs,firm:1310298,2023-11-01,2026-09-07T21:02:33Z,inspected,1,count,fda.inspections.drugs,raw/fda.inspections.drugs/2026/09/20260907T210233Z-485f15e8f496.json.gz,1
fda.inspections.drugs,firm:1310298,2023-11-01,2026-09-07T21:02:33Z,inspection_end,20231101,yyyymmdd,fda.inspections.drugs,raw/fda.inspections.drugs/2026/09/20260907T210233Z-485f15e8f496.json.gz,1
fda.inspections.drugs,firm:1310298,2023-11-01,2026-09-07T21:02:33Z,is_foreign,0,bool,fda.inspections.drugs,raw/fda.inspections.drugs/2026/09/20260907T210233Z-485f15e8f496.json.gz,1
fda.inspections.drugs,firm:1310298,2023-11-01,2026-09-07T21:02:33Z,is_oai,0,bool,fda.inspections.drugs,raw/fda.inspections.drugs/2026/09/20260907T210233Z-485f15e8f496.json.gz,1
fda.inspections.drugs,firm:1417519,2023-11-13,2026-09-07T21:02:33Z,classification,1,ordinal,fda.inspections.drugs,raw/fda.inspections.drugs/2026/09/20260907T210233Z-485f15e8f496.json.gz,1
fda.inspections.drugs,firm:1417519,2023-11-13,2026-09-07T21:02:33Z,inspected,1,count,fda.inspections.drugs,raw/fda.inspections.drugs/2026/09/20260907T210233Z-485f15e8f496.json.gz,1
fda.inspections.drugs,firm:1417519,2023-11-13,2026-09-07T21:02:33Z,inspection_end,20231113,yyyymmdd,fda.inspections.drugs,raw/fda.inspections.drugs/2026/09/20260907T210233Z-485f15e8f496.json.gz,1
fda.inspections.drugs,firm:1417519,2023-11-13,2026-09-07T21:02:33Z,is_foreign,0,bool,fda.inspections.drugs,raw/fda.inspections.drugs/2026/09/20260907T210233Z-485f15e8f496.json.gz,1
fda.inspections.drugs,firm:1417519,2023-11-13,2026-09-07T21:02:33Z,is_oai,0,bool,fda.inspections.drugs,raw/fda.inspections.drugs/2026/09/20260907T210233Z-485f15e8f496.json.gz,1
fda.inspections.drugs,firm:1527691,2023-11-09,2026-09-07T21:02:33Z,classification,1,ordinal,fda.inspections.drugs,raw/fda.inspections.drugs/2026/09/20260907T210233Z-485f15e8f496.json.gz,1
fda.inspections.drugs,firm:1527691,2023-11-09,2026-09-07T21:02:33Z,inspected,1,count,fda.inspections.drugs,raw/fda.inspections.drugs/2026/09/20260907T210233Z-485f15e8f496.json.gz,1
fda.inspections.drugs,firm:1527691,2023-11-09,2026-09-07T21:02:33Z,inspection_end,20231109,yyyymmdd,fda.inspections.drugs,raw/fda.inspections.drugs/2026/09/20260907T210233Z-485f15e8f496.json.gz,1
fda.inspections.drugs,firm:1527691,2023-11-09,2026-09-07T21:02:33Z,is_foreign,0,bool,fda.inspections.drugs,raw/fda.inspections.drugs/2026/09/20260907T210233Z-485f15e8f496.json.gz,1
fda.inspections.drugs,firm:1527691,2023-11-09,2026-09-07T21:02:33Z,is_oai,0,bool,fda.inspections.drugs,raw/fda.inspections.drugs/2026/09/20260907T210233Z-485f15e8f496.json.gz,1
fda.inspections.drugs,firm:1825134,2023-11-20,2026-09-07T21:02:33Z,classification,0,ordinal,fda.inspections.drugs,raw/fda.inspections.drugs/2026/09/20260907T210233Z-485f15e8f496.json.gz,1
fda.inspections.drugs,firm:1825134,2023-11-20,2026-09-07T21:02:33Z,inspected,1,count,fda.inspections.drugs,raw/fda.inspections.drugs/2026/09/20260907T210233Z-485f15e8f496.json.gz,1
fda.inspections.drugs,firm:1825134,2023-11-20,2026-09-07T21:02:33Z,inspection_end,20231120,yyyymmdd,fda.inspections.drugs,raw/fda.inspections.drugs/2026/09/20260907T210233Z-485f15e8f496.json.gz,1
fda.inspections.drugs,firm:1825134,2023-11-20,2026-09-07T21:02:33Z,is_foreign,0,bool,fda.inspections.drugs,raw/fda.inspections.drugs/2026/09/20260907T210233Z-485f15e8f496.json.gz,1
fda.inspections.drugs,firm:1825134,2023-11-20,2026-09-07T21:02:33Z,is_oai,0,bool,fda.inspections.drugs,raw/fda.inspections.drugs/2026/09/20260907T210233Z-485f15e8f496.json.gz,1
fda.inspections.drugs,firm:1937531,2023-11-06,2026-09-07T21:02:33Z,classification,1,ordinal,fda.inspections.drugs,raw/fda.inspections.drugs/2026/09/20260907T210233Z-485f15e8f496.json.gz,1
fda.inspections.drugs,firm:1937531,2023-11-06,2026-09-07T21:02:33Z,inspected,1,count,fda.inspections.drugs,raw/fda.inspections.drugs/2026/09/20260907T210233Z-485f15e8f496.json.gz,1
fda.inspections.drugs,firm:1937531,2023-11-06,2026-09-07T21:02:33Z,inspection_end,20231106,yyyymmdd,fda.inspections.drugs,raw/fda.inspections.drugs/2026/09/20260907T210233Z-485f15e8f496.json.gz,1
fda.inspections.drugs,firm:1937531,2023-11-06,2026-09-07T21:02:33Z,is_foreign,0,bool,fda.inspections.drugs,raw/fda.inspections.drugs/2026/09/20260907T210233Z-485f15e8f496.json.gz,1
fda.inspections.drugs,firm:1937531,2023-11-06,2026-09-07T21:02:33Z,is_oai,0,bool,fda.inspections.drugs,raw/fda.inspections.drugs/2026/09/20260907T210233Z-485f15e8f496.json.gz,1
fda.inspections.drugs,firm:2000027163,2023-11-03,2026-09-07T21:02:33Z,classification,1,ordinal,fda.inspections.drugs,raw/fda.inspections.drugs/2026/09/20260907T210233Z-485f15e8f496.json.gz,1
fda.inspections.drugs,firm:2000027163,2023-11-03,2026-09-07T21:02:33Z,inspected,1,count,fda.inspections.drugs,raw/fda.inspections.drugs/2026/09/20260907T210233Z-485f15e8f496.json.gz,1
fda.inspections.drugs,firm:2000027163,2023-11-03,2026-09-07T21:02:33Z,inspection_end,20231103,yyyymmdd,fda.inspections.drugs,raw/fda.inspections.drugs/2026/09/20260907T210233Z-485f15e8f496.json.gz,1
fda.inspections.drugs,firm:2000027163,2023-11-03,2026-09-07T21:02:33Z,is_foreign,1,bool,fda.inspections.drugs,raw/fda.inspections.drugs/2026/09/20260907T210233Z-485f15e8f496.json.gz,1
fda.inspections.drugs,firm:2000027163,2023-11-03,2026-09-07T21:02:33Z,is_oai,0,bool,fda.inspections.drugs,raw/fda.inspections.drugs/2026/09/20260907T210233Z-485f15e8f496.json.gz,1
fda.inspections.drugs,firm:2020372,2023-11-20,2026-09-07T21:02:33Z,classification,2,ordinal,fda.inspections.drugs,raw/fda.inspections.drugs/2026/09/20260907T210233Z-485f15e8f496.json.gz,1
fda.inspections.drugs,firm:2020372,2023-11-20,2026-09-07T21:02:33Z,inspected,1,count,fda.inspections.drugs,raw/fda.inspections.drugs/2026/09/20260907T210233Z-485f15e8f496.json.gz,1
fda.inspections.drugs,firm:2020372,2023-11-20,2026-09-07T21:02:33Z,inspection_end,20231120,yyyymmdd,fda.inspections.drugs,raw/fda.inspections.drugs/2026/09/20260907T210233Z-485f15e8f496.json.gz,1
fda.inspections.drugs,firm:2020372,2023-11-20,2026-09-07T21:02:33Z,is_foreign,0,bool,fda.inspections.drugs,raw/fda.inspections.drugs/2026/09/20260907T210233Z-485f15e8f496.json.gz,1
fda.inspections.drugs,firm:2020372,2023-11-20,2026-09-07T21:02:33Z,is_oai,1,bool,fda.inspections.drugs,raw/fda.inspections.drugs/2026/09/20260907T210233Z-485f15e8f496.json.gz,1
fda.inspections.drugs,firm:2024261,2023-11-02,2026-09-07T21:02:33Z,classification,1,ordinal,fda.inspections.drugs,raw/fda.inspections.drugs/2026/09/20260907T210233Z-485f15e8f496.json.gz,1
fda.inspections.drugs,firm:2024261,2023-11-02,2026-09-07T21:02:33Z,inspected,1,count,fda.inspections.drugs,raw/fda.inspections.drugs/2026/09/20260907T210233Z-485f15e8f496.json.gz,1
fda.inspections.drugs,firm:2024261,2023-11-02,2026-09-07T21:02:33Z,inspection_end,20231102,yyyymmdd,fda.inspections.drugs,raw/fda.inspections.drugs/2026/09/20260907T210233Z-485f15e8f496.json.gz,1
fda.inspections.drugs,firm:2024261,2023-11-02,2026-09-07T21:02:33Z,is_foreign,0,bool,fda.inspections.drugs,raw/fda.inspections.drugs/2026/09/20260907T210233Z-485f15e8f496.json.gz,1
fda.inspections.drugs,firm:2024261,2023-11-02,2026-09-07T21:02:33Z,is_oai,0,bool,fda.inspections.drugs,raw/fda.inspections.drugs/2026/09/20260907T210233Z-485f15e8f496.json.gz,1
fda.inspections.drugs,firm:2050024,2023-11-03,2026-09-07T21:02:33Z,classification,1,ordinal,fda.inspections.drugs,raw/fda.inspections.drugs/2026/09/20260907T210233Z-485f15e8f496.json.gz,1
fda.inspections.drugs,firm:2050024,2023-11-03,2026-09-07T21:02:33Z,inspected,1,count,fda.inspections.drugs,raw/fda.inspections.drugs/2026/09/20260907T210233Z-485f15e8f496.json.gz,1
fda.inspections.drugs,firm:2050024,2023-11-03,2026-09-07T21:02:33Z,inspection_end,20231103,yyyymmdd,fda.inspections.drugs,raw/fda.inspections.drugs/2026/09/20260907T210233Z-485f15e8f496.json.gz,1
fda.inspections.drugs,firm:2050024,2023-11-03,2026-09-07T21:02:33Z,is_foreign,0,bool,fda.inspections.drugs,raw/fda.inspections.drugs/2026/09/20260907T210233Z-485f15e8f496.json.gz,1
fda.inspections.drugs,firm:2050024,2023-11-03,2026-09-07T21:02:33Z,is_oai,0,bool,fda.inspections.drugs,raw/fda.inspections.drugs/2026/09/20260907T210233Z-485f15e8f496.json.gz,1
fda.inspections.drugs,firm:2111760,2023-11-30,2026-09-07T21:02:33Z,classification,0,ordinal,fda.inspections.drugs,raw/fda.inspections.drugs/2026/09/20260907T210233Z-485f15e8f496.json.gz,1
fda.inspections.drugs,firm:2111760,2023-11-30,2026-09-07T21:02:33Z,inspected,1,count,fda.inspections.drugs,raw/fda.inspections.drugs/2026/09/20260907T210233Z-485f15e8f496.json.gz,1
fda.inspections.drugs,firm:2111760,2023-11-30,2026-09-07T21:02:33Z,inspection_end,20231130,yyyymmdd,fda.inspections.drugs,raw/fda.inspections.drugs/2026/09/20260907T210233Z-485f15e8f496.json.gz,1
fda.inspections.drugs,firm:2111760,2023-11-30,2026-09-07T21:02:33Z,is_foreign,0,bool,fda.inspections.drugs,raw/fda.inspections.drugs/2026/09/20260907T210233Z-485f15e8f496.json.gz,1
fda.inspections.drugs,firm:2111760,2023-11-30,2026-09-07T21:02:33Z,is_oai,0,bool,fda.inspections.drugs,raw/fda.inspections.drugs/2026/09/20260907T210233Z-485f15e8f496.json.gz,1
fda.inspections.drugs,firm:2121163,2023-11-14,2026-09-07T21:02:33Z,classification,1,ordinal,fda.inspections.drugs,raw/fda.inspections.drugs/2026/09/20260907T210233Z-485f15e8f496.json.gz,1
fda.inspections.drugs,firm:2121163,2023-11-14,2026-09-07T21:02:33Z,inspected,1,count,fda.inspections.drugs,raw/fda.inspections.drugs/2026/09/20260907T210233Z-485f15e8f496.json.gz,1
fda.inspections.drugs,firm:2121163,2023-11-14,2026-09-07T21:02:33Z,inspection_end,20231114,yyyymmdd,fda.inspections.drugs,raw/fda.inspections.drugs/2026/09/20260907T210233Z-485f15e8f496.json.gz,1
fda.inspections.drugs,firm:2121163,2023-11-14,2026-09-07T21:02:33Z,is_foreign,0,bool,fda.inspections.drugs,raw/fda.inspections.drugs/2026/09/20260907T210233Z-485f15e8f496.json.gz,1
fda.inspections.drugs,firm:2121163,2023-11-14,2026-09-07T21:02:33Z,is_oai,0,bool,fda.inspections.drugs,raw/fda.inspections.drugs/2026/09/20260907T210233Z-485f15e8f496.json.gz,1
fda.inspections.drugs,firm:2220525,2023-11-03,2026-09-07T21:02:33Z,classification,1,ordinal,fda.inspections.drugs,raw/fda.inspections.drugs/2026/09/20260907T210233Z-485f15e8f496.json.gz,1
fda.inspections.drugs,firm:2220525,2023-11-03,2026-09-07T21:02:33Z,inspected,1,count,fda.inspections.drugs,raw/fda.inspections.drugs/2026/09/20260907T210233Z-485f15e8f496.json.gz,1
fda.inspections.drugs,firm:2220525,2023-11-03,2026-09-07T21:02:33Z,inspection_end,20231103,yyyymmdd,fda.inspections.drugs,raw/fda.inspections.drugs/2026/09/20260907T210233Z-485f15e8f496.json.gz,1
fda.inspections.drugs,firm:2220525,2023-11-03,2026-09-07T21:02:33Z,is_foreign,0,bool,fda.inspections.drugs,raw/fda.inspections.drugs/2026/09/20260907T210233Z-485f15e8f496.json.gz,1
fda.inspections.drugs,firm:2220525,2023-11-03,2026-09-07T21:02:33Z,is_oai,0,bool,fda.inspections.drugs,raw/fda.inspections.drugs/2026/09/20260907T210233Z-485f15e8f496.json.gz,1
fda.inspections.drugs,firm:2431838,2023-11-20,2026-09-07T21:02:33Z,classification,0,ordinal,fda.inspections.drugs,raw/fda.inspections.drugs/2026/09/20260907T210233Z-485f15e8f496.json.gz,1
fda.inspections.drugs,firm:2431838,2023-11-20,2026-09-07T21:02:33Z,inspected,1,count,fda.inspections.drugs,raw/fda.inspections.drugs/2026/09/20260907T210233Z-485f15e8f496.json.gz,1
fda.inspections.drugs,firm:2431838,2023-11-20,2026-09-07T21:02:33Z,inspection_end,20231120,yyyymmdd,fda.inspections.drugs,raw/fda.inspections.drugs/2026/09/20260907T210233Z-485f15e8f496.json.gz,1
fda.inspections.drugs,firm:2431838,2023-11-20,2026-09-07T21:02:33Z,is_foreign,0,bool,fda.inspections.drugs,raw/fda.inspections.drugs/2026/09/20260907T210233Z-485f15e8f496.json.gz,1
fda.inspections.drugs,firm:2431838,2023-11-20,2026-09-07T21:02:33Z,is_oai,0,bool,fda.inspections.drugs,raw/fda.inspections.drugs/2026/09/20260907T210233Z-485f15e8f496.json.gz,1
fda.inspections.drugs,firm:2523518,2023-11-16,2026-09-07T21:02:33Z,classification,1,ordinal,fda.inspections.drugs,raw/fda.inspections.drugs/2026/09/20260907T210233Z-485f15e8f496.json.gz,1
fda.inspections.drugs,firm:2523518,2023-11-16,2026-09-07T21:02:33Z,inspected,1,count,fda.inspections.drugs,raw/fda.inspections.drugs/2026/09/20260907T210233Z-485f15e8f496.json.gz,1
fda.inspections.drugs,firm:2523518,2023-11-16,2026-09-07T21:02:33Z,inspection_end,20231116,yyyymmdd,fda.inspections.drugs,raw/fda.inspections.drugs/2026/09/20260907T210233Z-485f15e8f496.json.gz,1
fda.inspections.drugs,firm:2523518,2023-11-16,2026-09-07T21:02:33Z,is_foreign,0,bool,fda.inspections.drugs,raw/fda.inspections.drugs/2026/09/20260907T210233Z-485f15e8f496.json.gz,1
fda.inspections.drugs,firm:2523518,2023-11-16,2026-09-07T21:02:33Z,is_oai,0,bool,fda.inspections.drugs,raw/fda.inspections.drugs/2026/09/20260907T210233Z-485f15e8f496.json.gz,1
fda.inspections.drugs,firm:2649614,2023-11-15,2026-09-07T21:02:33Z,classification,0,ordinal,fda.inspections.drugs,raw/fda.inspections.drugs/2026/09/20260907T210233Z-485f15e8f496.json.gz,1
fda.inspections.drugs,firm:2649614,2023-11-15,2026-09-07T21:02:33Z,inspected,1,count,fda.inspections.drugs,raw/fda.inspections.drugs/2026/09/20260907T210233Z-485f15e8f496.json.gz,1
fda.inspections.drugs,firm:2649614,2023-11-15,2026-09-07T21:02:33Z,inspection_end,20231115,yyyymmdd,fda.inspections.drugs,raw/fda.inspections.drugs/2026/09/20260907T210233Z-485f15e8f496.json.gz,1
fda.inspections.drugs,firm:2649614,2023-11-15,2026-09-07T21:02:33Z,is_foreign,0,bool,fda.inspections.drugs,raw/fda.inspections.drugs/2026/09/20260907T210233Z-485f15e8f496.json.gz,1
fda.inspections.drugs,firm:2649614,2023-11-15,2026-09-07T21:02:33Z,is_oai,0,bool,fda.inspections.drugs,raw/fda.inspections.drugs/2026/09/20260907T210233Z-485f15e8f496.json.gz,1
fda.inspections.drugs,firm:2649614,2023-11-29,2026-09-07T21:02:33Z,classification,1,ordinal,fda.inspections.drugs,raw/fda.inspections.drugs/2026/09/20260907T210233Z-485f15e8f496.json.gz,1
fda.inspections.drugs,firm:2649614,2023-11-29,2026-09-07T21:02:33Z,inspected,1,count,fda.inspections.drugs,raw/fda.inspections.drugs/2026/09/20260907T210233Z-485f15e8f496.json.gz,1
fda.inspections.drugs,firm:2649614,2023-11-29,2026-09-07T21:02:33Z,inspection_end,20231129,yyyymmdd,fda.inspections.drugs,raw/fda.inspections.drugs/2026/09/20260907T210233Z-485f15e8f496.json.gz,1
fda.inspections.drugs,firm:2649614,2023-11-29,2026-09-07T21:02:33Z,is_foreign,0,bool,fda.inspections.drugs,raw/fda.inspections.drugs/2026/09/20260907T210233Z-485f15e8f496.json.gz,1
fda.inspections.drugs,firm:2649614,2023-11-29,2026-09-07T21:02:33Z,is_oai,0,bool,fda.inspections.drugs,raw/fda.inspections.drugs/2026/09/20260907T210233Z-485f15e8f496.json.gz,1
fda.inspections.drugs,firm:3000310219,2023-11-09,2026-09-07T21:02:33Z,classification,1,ordinal,fda.inspections.drugs,raw/fda.inspections.drugs/2026/09/20260907T210233Z-485f15e8f496.json.gz,1
fda.inspections.drugs,firm:3000310219,2023-11-09,2026-09-07T21:02:33Z,inspected,1,count,fda.inspections.drugs,raw/fda.inspections.drugs/2026/09/20260907T210233Z-485f15e8f496.json.gz,1
fda.inspections.drugs,firm:3000310219,2023-11-09,2026-09-07T21:02:33Z,inspection_end,20231109,yyyymmdd,fda.inspections.drugs,raw/fda.inspections.drugs/2026/09/20260907T210233Z-485f15e8f496.json.gz,1
fda.inspections.drugs,firm:3000310219,2023-11-09,2026-09-07T21:02:33Z,is_foreign,1,bool,fda.inspections.drugs,raw/fda.inspections.drugs/2026/09/20260907T210233Z-485f15e8f496.json.gz,1
fda.inspections.drugs,firm:3000310219,2023-11-09,2026-09-07T21:02:33Z,is_oai,0,bool,fda.inspections.drugs,raw/fda.inspections.drugs/2026/09/20260907T210233Z-485f15e8f496.json.gz,1
fda.inspections.drugs,firm:3001581899,2023-11-03,2026-09-07T21:02:33Z,classification,1,ordinal,fda.inspections.drugs,raw/fda.inspections.drugs/2026/09/20260907T210233Z-485f15e8f496.json.gz,1
fda.inspections.drugs,firm:3001581899,2023-11-03,2026-09-07T21:02:33Z,inspected,1,count,fda.inspections.drugs,raw/fda.inspections.drugs/2026/09/20260907T210233Z-485f15e8f496.json.gz,1
fda.inspections.drugs,firm:3001581899,2023-11-03,2026-09-07T21:02:33Z,inspection_end,20231103,yyyymmdd,fda.inspections.drugs,raw/fda.inspections.drugs/2026/09/20260907T210233Z-485f15e8f496.json.gz,1
fda.inspections.drugs,firm:3001581899,2023-11-03,2026-09-07T21:02:33Z,is_foreign,1,bool,fda.inspections.drugs,raw/fda.inspections.drugs/2026/09/20260907T210233Z-485f15e8f496.json.gz,1
fda.inspections.drugs,firm:3001581899,2023-11-03,2026-09-07T21:02:33Z,is_oai,0,bool,fda.inspections.drugs,raw/fda.inspections.drugs/2026/09/20260907T210233Z-485f15e8f496.json.gz,1
fda.inspections.drugs,firm:3002523846,2023-11-02,2026-09-07T21:02:33Z,classification,1,ordinal,fda.inspections.drugs,raw/fda.inspections.drugs/2026/09/20260907T210233Z-485f15e8f496.json.gz,1
fda.inspections.drugs,firm:3002523846,2023-11-02,2026-09-07T21:02:33Z,inspected,1,count,fda.inspections.drugs,raw/fda.inspections.drugs/2026/09/20260907T210233Z-485f15e8f496.json.gz,1
fda.inspections.drugs,firm:3002523846,2023-11-02,2026-09-07T21:02:33Z,inspection_end,20231102,yyyymmdd,fda.inspections.drugs,raw/fda.inspections.drugs/2026/09/20260907T210233Z-485f15e8f496.json.gz,1
fda.inspections.drugs,firm:3002523846,2023-11-02,2026-09-07T21:02:33Z,is_foreign,0,bool,fda.inspections.drugs,raw/fda.inspections.drugs/2026/09/20260907T210233Z-485f15e8f496.json.gz,1
fda.inspections.drugs,firm:3002523846,2023-11-02,2026-09-07T21:02:33Z,is_oai,0,bool,fda.inspections.drugs,raw/fda.inspections.drugs/2026/09/20260907T210233Z-485f15e8f496.json.gz,1
fda.inspections.drugs,firm:3002614107,2023-11-17,2026-09-07T21:02:33Z,classification,1,ordinal,fda.inspections.drugs,raw/fda.inspections.drugs/2026/09/20260907T210233Z-485f15e8f496.json.gz,1
fda.inspections.drugs,firm:3002614107,2023-11-17,2026-09-07T21:02:33Z,inspected,1,count,fda.inspections.drugs,raw/fda.inspections.drugs/2026/09/20260907T210233Z-485f15e8f496.json.gz,1
fda.inspections.drugs,firm:3002614107,2023-11-17,2026-09-07T21:02:33Z,inspection_end,20231117,yyyymmdd,fda.inspections.drugs,raw/fda.inspections.drugs/2026/09/20260907T210233Z-485f15e8f496.json.gz,1
fda.inspections.drugs,firm:3002614107,2023-11-17,2026-09-07T21:02:33Z,is_foreign,1,bool,fda.inspections.drugs,raw/fda.inspections.drugs/2026/09/20260907T210233Z-485f15e8f496.json.gz,1
fda.inspections.drugs,firm:3002614107,2023-11-17,2026-09-07T21:02:33Z,is_oai,0,bool,fda.inspections.drugs,raw/fda.inspections.drugs/2026/09/20260907T210233Z-485f15e8f496.json.gz,1
fda.inspections.drugs,firm:3002718545,2023-11-20,2026-09-07T21:02:33Z,classification,2,ordinal,fda.inspections.drugs,raw/fda.inspections.drugs/2026/09/20260907T210233Z-485f15e8f496.json.gz,1
fda.inspections.drugs,firm:3002718545,2023-11-20,2026-09-07T21:02:33Z,inspected,1,count,fda.inspections.drugs,raw/fda.inspections.drugs/2026/09/20260907T210233Z-485f15e8f496.json.gz,1
fda.inspections.drugs,firm:3002718545,2023-11-20,2026-09-07T21:02:33Z,inspection_end,20231120,yyyymmdd,fda.inspections.drugs,raw/fda.inspections.drugs/2026/09/20260907T210233Z-485f15e8f496.json.gz,1
fda.inspections.drugs,firm:3002718545,2023-11-20,2026-09-07T21:02:33Z,is_foreign,0,bool,fda.inspections.drugs,raw/fda.inspections.drugs/2026/09/20260907T210233Z-485f15e8f496.json.gz,1
fda.inspections.drugs,firm:3002718545,2023-11-20,2026-09-07T21:02:33Z,is_oai,1,bool,fda.inspections.drugs,raw/fda.inspections.drugs/2026/09/20260907T210233Z-485f15e8f496.json.gz,1
fda.inspections.drugs,firm:3002779991,2023-11-03,2026-09-07T21:02:33Z,classification,1,ordinal,fda.inspections.drugs,raw/fda.inspections.drugs/2026/09/20260907T210233Z-485f15e8f496.json.gz,1
fda.inspections.drugs,firm:3002779991,2023-11-03,2026-09-07T21:02:33Z,inspected,1,count,fda.inspections.drugs,raw/fda.inspections.drugs/2026/09/20260907T210233Z-485f15e8f496.json.gz,1
fda.inspections.drugs,firm:3002779991,2023-11-03,2026-09-07T21:02:33Z,inspection_end,20231103,yyyymmdd,fda.inspections.drugs,raw/fda.inspections.drugs/2026/09/20260907T210233Z-485f15e8f496.json.gz,1
fda.inspections.drugs,firm:3002779991,2023-11-03,2026-09-07T21:02:33Z,is_foreign,1,bool,fda.inspections.drugs,raw/fda.inspections.drugs/2026/09/20260907T210233Z-485f15e8f496.json.gz,1
fda.inspections.drugs,firm:3002779991,2023-11-03,2026-09-07T21:02:33Z,is_oai,0,bool,fda.inspections.drugs,raw/fda.inspections.drugs/2026/09/20260907T210233Z-485f15e8f496.json.gz,1
fda.inspections.drugs,firm:3002806298,2023-11-23,2026-09-07T21:02:33Z,classification,1,ordinal,fda.inspections.drugs,raw/fda.inspections.drugs/2026/09/20260907T210233Z-485f15e8f496.json.gz,1
fda.inspections.drugs,firm:3002806298,2023-11-23,2026-09-07T21:02:33Z,inspected,1,count,fda.inspections.drugs,raw/fda.inspections.drugs/2026/09/20260907T210233Z-485f15e8f496.json.gz,1
fda.inspections.drugs,firm:3002806298,2023-11-23,2026-09-07T21:02:33Z,inspection_end,20231123,yyyymmdd,fda.inspections.drugs,raw/fda.inspections.drugs/2026/09/20260907T210233Z-485f15e8f496.json.gz,1
fda.inspections.drugs,firm:3002806298,2023-11-23,2026-09-07T21:02:33Z,is_foreign,1,bool,fda.inspections.drugs,raw/fda.inspections.drugs/2026/09/20260907T210233Z-485f15e8f496.json.gz,1
fda.inspections.drugs,firm:3002806298,2023-11-23,2026-09-07T21:02:33Z,is_oai,0,bool,fda.inspections.drugs,raw/fda.inspections.drugs/2026/09/20260907T210233Z-485f15e8f496.json.gz,1
fda.inspections.drugs,firm:3002806523,2023-11-17,2026-09-07T21:02:33Z,classification,1,ordinal,fda.inspections.drugs,raw/fda.inspections.drugs/2026/09/20260907T210233Z-485f15e8f496.json.gz,1
fda.inspections.drugs,firm:3002806523,2023-11-17,2026-09-07T21:02:33Z,inspected,1,count,fda.inspections.drugs,raw/fda.inspections.drugs/2026/09/20260907T210233Z-485f15e8f496.json.gz,1
fda.inspections.drugs,firm:3002806523,2023-11-17,2026-09-07T21:02:33Z,inspection_end,20231117,yyyymmdd,fda.inspections.drugs,raw/fda.inspections.drugs/2026/09/20260907T210233Z-485f15e8f496.json.gz,1
fda.inspections.drugs,firm:3002806523,2023-11-17,2026-09-07T21:02:33Z,is_foreign,1,bool,fda.inspections.drugs,raw/fda.inspections.drugs/2026/09/20260907T210233Z-485f15e8f496.json.gz,1
fda.inspections.drugs,firm:3002806523,2023-11-17,2026-09-07T21:02:33Z,is_oai,0,bool,fda.inspections.drugs,raw/fda.inspections.drugs/2026/09/20260907T210233Z-485f15e8f496.json.gz,1
fda.inspections.drugs,firm:3002806781,2023-11-08,2026-09-07T21:02:33Z,classification,1,ordinal,fda.inspections.drugs,raw/fda.inspections.drugs/2026/09/20260907T210233Z-485f15e8f496.json.gz,1
fda.inspections.drugs,firm:3002806781,2023-11-08,2026-09-07T21:02:33Z,inspected,1,count,fda.inspections.drugs,raw/fda.inspections.drugs/2026/09/20260907T210233Z-485f15e8f496.json.gz,1
fda.inspections.drugs,firm:3002806781,2023-11-08,2026-09-07T21:02:33Z,inspection_end,20231108,yyyymmdd,fda.inspections.drugs,raw/fda.inspections.drugs/2026/09/20260907T210233Z-485f15e8f496.json.gz,1
fda.inspections.drugs,firm:3002806781,2023-11-08,2026-09-07T21:02:33Z,is_foreign,1,bool,fda.inspections.drugs,raw/fda.inspections.drugs/2026/09/20260907T210233Z-485f15e8f496.json.gz,1
fda.inspections.drugs,firm:3002806781,2023-11-08,2026-09-07T21:02:33Z,is_oai,0,bool,fda.inspections.drugs,raw/fda.inspections.drugs/2026/09/20260907T210233Z-485f15e8f496.json.gz,1
fda.inspections.drugs,firm:3002806998,2023-11-24,2026-09-07T21:02:33Z,classification,1,ordinal,fda.inspections.drugs,raw/fda.inspections.drugs/2026/09/20260907T210233Z-485f15e8f496.json.gz,1
fda.inspections.drugs,firm:3002806998,2023-11-24,2026-09-07T21:02:33Z,inspected,1,count,fda.inspections.drugs,raw/fda.inspections.drugs/2026/09/20260907T210233Z-485f15e8f496.json.gz,1
fda.inspections.drugs,firm:3002806998,2023-11-24,2026-09-07T21:02:33Z,inspection_end,20231124,yyyymmdd,fda.inspections.drugs,raw/fda.inspections.drugs/2026/09/20260907T210233Z-485f15e8f496.json.gz,1
fda.inspections.drugs,firm:3002806998,2023-11-24,2026-09-07T21:02:33Z,is_foreign,1,bool,fda.inspections.drugs,raw/fda.inspections.drugs/2026/09/20260907T210233Z-485f15e8f496.json.gz,1
fda.inspections.drugs,firm:3002806998,2023-11-24,2026-09-07T21:02:33Z,is_oai,0,bool,fda.inspections.drugs,raw/fda.inspections.drugs/2026/09/20260907T210233Z-485f15e8f496.json.gz,1
fda.inspections.drugs,firm:3002807069,2023-11-29,2026-09-07T21:02:33Z,classification,1,ordinal,fda.inspections.drugs,raw/fda.inspections.drugs/2026/09/20260907T210233Z-485f15e8f496.json.gz,1
fda.inspections.drugs,firm:3002807069,2023-11-29,2026-09-07T21:02:33Z,inspected,1,count,fda.inspections.drugs,raw/fda.inspections.drugs/2026/09/20260907T210233Z-485f15e8f496.json.gz,1
fda.inspections.drugs,firm:3002807069,2023-11-29,2026-09-07T21:02:33Z,inspection_end,20231129,yyyymmdd,fda.inspections.drugs,raw/fda.inspections.drugs/2026/09/20260907T210233Z-485f15e8f496.json.gz,1
fda.inspections.drugs,firm:3002807069,2023-11-29,2026-09-07T21:02:33Z,is_foreign,1,bool,fda.inspections.drugs,raw/fda.inspections.drugs/2026/09/20260907T210233Z-485f15e8f496.json.gz,1
fda.inspections.drugs,firm:3002807069,2023-11-29,2026-09-07T21:02:33Z,is_oai,0,bool,fda.inspections.drugs,raw/fda.inspections.drugs/2026/09/20260907T210233Z-485f15e8f496.json.gz,1
fda.inspections.drugs,firm:3002807312,2023-11-17,2026-09-07T21:02:33Z,classification,1,ordinal,fda.inspections.drugs,raw/fda.inspections.drugs/2026/09/20260907T210233Z-485f15e8f496.json.gz,1
fda.inspections.drugs,firm:3002807312,2023-11-17,2026-09-07T21:02:33Z,inspected,1,count,fda.inspections.drugs,raw/fda.inspections.drugs/2026/09/20260907T210233Z-485f15e8f496.json.gz,1
fda.inspections.drugs,firm:3002807312,2023-11-17,2026-09-07T21:02:33Z,inspection_end,20231117,yyyymmdd,fda.inspections.drugs,raw/fda.inspections.drugs/2026/09/20260907T210233Z-485f15e8f496.json.gz,1
fda.inspections.drugs,firm:3002807312,2023-11-17,2026-09-07T21:02:33Z,is_foreign,1,bool,fda.inspections.drugs,raw/fda.inspections.drugs/2026/09/20260907T210233Z-485f15e8f496.json.gz,1
fda.inspections.drugs,firm:3002807312,2023-11-17,2026-09-07T21:02:33Z,is_oai,0,bool,fda.inspections.drugs,raw/fda.inspections.drugs/2026/09/20260907T210233Z-485f15e8f496.json.gz,1
fda.inspections.drugs,firm:3002807632,2023-11-10,2026-09-07T21:02:33Z,classification,1,ordinal,fda.inspections.drugs,raw/fda.inspections.drugs/2026/09/20260907T210233Z-485f15e8f496.json.gz,1
fda.inspections.drugs,firm:3002807632,2023-11-10,2026-09-07T21:02:33Z,inspected,1,count,fda.inspections.drugs,raw/fda.inspections.drugs/2026/09/20260907T210233Z-485f15e8f496.json.gz,1
fda.inspections.drugs,firm:3002807632,2023-11-10,2026-09-07T21:02:33Z,inspection_end,20231110,yyyymmdd,fda.inspections.drugs,raw/fda.inspections.drugs/2026/09/20260907T210233Z-485f15e8f496.json.gz,1
fda.inspections.drugs,firm:3002807632,2023-11-10,2026-09-07T21:02:33Z,is_foreign,1,bool,fda.inspections.drugs,raw/fda.inspections.drugs/2026/09/20260907T210233Z-485f15e8f496.json.gz,1
fda.inspections.drugs,firm:3002807632,2023-11-10,2026-09-07T21:02:33Z,is_oai,0,bool,fda.inspections.drugs,raw/fda.inspections.drugs/2026/09/20260907T210233Z-485f15e8f496.json.gz,1
fda.inspections.drugs,firm:3002807664,2023-11-17,2026-09-07T21:02:33Z,classification,1,ordinal,fda.inspections.drugs,raw/fda.inspections.drugs/2026/09/20260907T210233Z-485f15e8f496.json.gz,1
fda.inspections.drugs,firm:3002807664,2023-11-17,2026-09-07T21:02:33Z,inspected,1,count,fda.inspections.drugs,raw/fda.inspections.drugs/2026/09/20260907T210233Z-485f15e8f496.json.gz,1
fda.inspections.drugs,firm:3002807664,2023-11-17,2026-09-07T21:02:33Z,inspection_end,20231117,yyyymmdd,fda.inspections.drugs,raw/fda.inspections.drugs/2026/09/20260907T210233Z-485f15e8f496.json.gz,1
fda.inspections.drugs,firm:3002807664,2023-11-17,2026-09-07T21:02:33Z,is_foreign,1,bool,fda.inspections.drugs,raw/fda.inspections.drugs/2026/09/20260907T210233Z-485f15e8f496.json.gz,1
fda.inspections.drugs,firm:3002807664,2023-11-17,2026-09-07T21:02:33Z,is_oai,0,bool,fda.inspections.drugs,raw/fda.inspections.drugs/2026/09/20260907T210233Z-485f15e8f496.json.gz,1
fda.inspections.drugs,firm:3002807750,2023-11-03,2026-09-07T21:02:33Z,classification,0,ordinal,fda.inspections.drugs,raw/fda.inspections.drugs/2026/09/20260907T210233Z-485f15e8f496.json.gz,1
fda.inspections.drugs,firm:3002807750,2023-11-03,2026-09-07T21:02:33Z,inspected,1,count,fda.inspections.drugs,raw/fda.inspections.drugs/2026/09/20260907T210233Z-485f15e8f496.json.gz,1
fda.inspections.drugs,firm:3002807750,2023-11-03,2026-09-07T21:02:33Z,inspection_end,20231103,yyyymmdd,fda.inspections.drugs,raw/fda.inspections.drugs/2026/09/20260907T210233Z-485f15e8f496.json.gz,1
fda.inspections.drugs,firm:3002807750,2023-11-03,2026-09-07T21:02:33Z,is_foreign,1,bool,fda.inspections.drugs,raw/fda.inspections.drugs/2026/09/20260907T210233Z-485f15e8f496.json.gz,1
fda.inspections.drugs,firm:3002807750,2023-11-03,2026-09-07T21:02:33Z,is_oai,0,bool,fda.inspections.drugs,raw/fda.inspections.drugs/2026/09/20260907T210233Z-485f15e8f496.json.gz,1
fda.inspections.drugs,firm:3002807756,2023-11-10,2026-09-07T21:02:33Z,classification,0,ordinal,fda.inspections.drugs,raw/fda.inspections.drugs/2026/09/20260907T210233Z-485f15e8f496.json.gz,1
fda.inspections.drugs,firm:3002807756,2023-11-10,2026-09-07T21:02:33Z,inspected,1,count,fda.inspections.drugs,raw/fda.inspections.drugs/2026/09/20260907T210233Z-485f15e8f496.json.gz,1
fda.inspections.drugs,firm:3002807756,2023-11-10,2026-09-07T21:02:33Z,inspection_end,20231110,yyyymmdd,fda.inspections.drugs,raw/fda.inspections.drugs/2026/09/20260907T210233Z-485f15e8f496.json.gz,1
fda.inspections.drugs,firm:3002807756,2023-11-10,2026-09-07T21:02:33Z,is_foreign,1,bool,fda.inspections.drugs,raw/fda.inspections.drugs/2026/09/20260907T210233Z-485f15e8f496.json.gz,1
fda.inspections.drugs,firm:3002807756,2023-11-10,2026-09-07T21:02:33Z,is_oai,0,bool,fda.inspections.drugs,raw/fda.inspections.drugs/2026/09/20260907T210233Z-485f15e8f496.json.gz,1
fda.inspections.drugs,firm:3002807933,2023-11-16,2026-09-07T21:02:33Z,classification,1,ordinal,fda.inspections.drugs,raw/fda.inspections.drugs/2026/09/20260907T210233Z-485f15e8f496.json.gz,1
fda.inspections.drugs,firm:3002807933,2023-11-16,2026-09-07T21:02:33Z,inspected,1,count,fda.inspections.drugs,raw/fda.inspections.drugs/2026/09/20260907T210233Z-485f15e8f496.json.gz,1
fda.inspections.drugs,firm:3002807933,2023-11-16,2026-09-07T21:02:33Z,inspection_end,20231116,yyyymmdd,fda.inspections.drugs,raw/fda.inspections.drugs/2026/09/20260907T210233Z-485f15e8f496.json.gz,1
fda.inspections.drugs,firm:3002807933,2023-11-16,2026-09-07T21:02:33Z,is_foreign,1,bool,fda.inspections.drugs,raw/fda.inspections.drugs/2026/09/20260907T210233Z-485f15e8f496.json.gz,1
fda.inspections.drugs,firm:3002807933,2023-11-16,2026-09-07T21:02:33Z,is_oai,0,bool,fda.inspections.drugs,raw/fda.inspections.drugs/2026/09/20260907T210233Z-485f15e8f496.json.gz,1
fda.inspections.drugs,firm:3002807997,2023-11-24,2026-09-07T21:02:33Z,classification,1,ordinal,fda.inspections.drugs,raw/fda.inspections.drugs/2026/09/20260907T210233Z-485f15e8f496.json.gz,1
fda.inspections.drugs,firm:3002807997,2023-11-24,2026-09-07T21:02:33Z,inspected,1,count,fda.inspections.drugs,raw/fda.inspections.drugs/2026/09/20260907T210233Z-485f15e8f496.json.gz,1
fda.inspections.drugs,firm:3002807997,2023-11-24,2026-09-07T21:02:33Z,inspection_end,20231124,yyyymmdd,fda.inspections.drugs,raw/fda.inspections.drugs/2026/09/20260907T210233Z-485f15e8f496.json.gz,1
fda.inspections.drugs,firm:3002807997,2023-11-24,2026-09-07T21:02:33Z,is_foreign,1,bool,fda.inspections.drugs,raw/fda.inspections.drugs/2026/09/20260907T210233Z-485f15e8f496.json.gz,1
fda.inspections.drugs,firm:3002807997,2023-11-24,2026-09-07T21:02:33Z,is_oai,0,bool,fda.inspections.drugs,raw/fda.inspections.drugs/2026/09/20260907T210233Z-485f15e8f496.json.gz,1
fda.inspections.drugs,firm:3002808126,2023-11-10,2026-09-07T21:02:33Z,classification,0,ordinal,fda.inspections.drugs,raw/fda.inspections.drugs/2026/09/20260907T210233Z-485f15e8f496.json.gz,1
fda.inspections.drugs,firm:3002808126,2023-11-10,2026-09-07T21:02:33Z,inspected,1,count,fda.inspections.drugs,raw/fda.inspections.drugs/2026/09/20260907T210233Z-485f15e8f496.json.gz,1
fda.inspections.drugs,firm:3002808126,2023-11-10,2026-09-07T21:02:33Z,inspection_end,20231110,yyyymmdd,fda.inspections.drugs,raw/fda.inspections.drugs/2026/09/20260907T210233Z-485f15e8f496.json.gz,1
fda.inspections.drugs,firm:3002808126,2023-11-10,2026-09-07T21:02:33Z,is_foreign,1,bool,fda.inspections.drugs,raw/fda.inspections.drugs/2026/09/20260907T210233Z-485f15e8f496.json.gz,1
fda.inspections.drugs,firm:3002808126,2023-11-10,2026-09-07T21:02:33Z,is_oai,0,bool,fda.inspections.drugs,raw/fda.inspections.drugs/2026/09/20260907T210233Z-485f15e8f496.json.gz,1
fda.inspections.drugs,firm:3002808134,2023-11-03,2026-09-07T21:02:33Z,classification,0,ordinal,fda.inspections.drugs,raw/fda.inspections.drugs/2026/09/20260907T210233Z-485f15e8f496.json.gz,1
fda.inspections.drugs,firm:3002808134,2023-11-03,2026-09-07T21:02:33Z,inspected,1,count,fda.inspections.drugs,raw/fda.inspections.drugs/2026/09/20260907T210233Z-485f15e8f496.json.gz,1
fda.inspections.drugs,firm:3002808134,2023-11-03,2026-09-07T21:02:33Z,inspection_end,20231103,yyyymmdd,fda.inspections.drugs,raw/fda.inspections.drugs/2026/09/20260907T210233Z-485f15e8f496.json.gz,1
fda.inspections.drugs,firm:3002808134,2023-11-03,2026-09-07T21:02:33Z,is_foreign,1,bool,fda.inspections.drugs,raw/fda.inspections.drugs/2026/09/20260907T210233Z-485f15e8f496.json.gz,1
fda.inspections.drugs,firm:3002808134,2023-11-03,2026-09-07T21:02:33Z,is_oai,0,bool,fda.inspections.drugs,raw/fda.inspections.drugs/2026/09/20260907T210233Z-485f15e8f496.json.gz,1
fda.inspections.drugs,firm:3002808208,2023-11-22,2026-09-07T21:02:33Z,classification,1,ordinal,fda.inspections.drugs,raw/fda.inspections.drugs/2026/09/20260907T210233Z-485f15e8f496.json.gz,1
fda.inspections.drugs,firm:3002808208,2023-11-22,2026-09-07T21:02:33Z,inspected,1,count,fda.inspections.drugs,raw/fda.inspections.drugs/2026/09/20260907T210233Z-485f15e8f496.json.gz,1
fda.inspections.drugs,firm:3002808208,2023-11-22,2026-09-07T21:02:33Z,inspection_end,20231122,yyyymmdd,fda.inspections.drugs,raw/fda.inspections.drugs/2026/09/20260907T210233Z-485f15e8f496.json.gz,1
fda.inspections.drugs,firm:3002808208,2023-11-22,2026-09-07T21:02:33Z,is_foreign,1,bool,fda.inspections.drugs,raw/fda.inspections.drugs/2026/09/20260907T210233Z-485f15e8f496.json.gz,1
fda.inspections.drugs,firm:3002808208,2023-11-22,2026-09-07T21:02:33Z,is_oai,0,bool,fda.inspections.drugs,raw/fda.inspections.drugs/2026/09/20260907T210233Z-485f15e8f496.json.gz,1
fda.inspections.drugs,firm:3002808260,2023-11-30,2026-09-07T21:02:33Z,classification,1,ordinal,fda.inspections.drugs,raw/fda.inspections.drugs/2026/09/20260907T210233Z-485f15e8f496.json.gz,1
fda.inspections.drugs,firm:3002808260,2023-11-30,2026-09-07T21:02:33Z,inspected,1,count,fda.inspections.drugs,raw/fda.inspections.drugs/2026/09/20260907T210233Z-485f15e8f496.json.gz,1
fda.inspections.drugs,firm:3002808260,2023-11-30,2026-09-07T21:02:33Z,inspection_end,20231130,yyyymmdd,fda.inspections.drugs,raw/fda.inspections.drugs/2026/09/20260907T210233Z-485f15e8f496.json.gz,1
fda.inspections.drugs,firm:3002808260,2023-11-30,2026-09-07T21:02:33Z,is_foreign,1,bool,fda.inspections.drugs,raw/fda.inspections.drugs/2026/09/20260907T210233Z-485f15e8f496.json.gz,1
fda.inspections.drugs,firm:3002808260,2023-11-30,2026-09-07T21:02:33Z,is_oai,0,bool,fda.inspections.drugs,raw/fda.inspections.drugs/2026/09/20260907T210233Z-485f15e8f496.json.gz,1
fda.inspections.drugs,firm:3002808528,2023-11-10,2026-09-07T21:02:33Z,classification,1,ordinal,fda.inspections.drugs,raw/fda.inspections.drugs/2026/09/20260907T210233Z-485f15e8f496.json.gz,1
fda.inspections.drugs,firm:3002808528,2023-11-10,2026-09-07T21:02:33Z,inspected,1,count,fda.inspections.drugs,raw/fda.inspections.drugs/2026/09/20260907T210233Z-485f15e8f496.json.gz,1
fda.inspections.drugs,firm:3002808528,2023-11-10,2026-09-07T21:02:33Z,inspection_end,20231110,yyyymmdd,fda.inspections.drugs,raw/fda.inspections.drugs/2026/09/20260907T210233Z-485f15e8f496.json.gz,1
fda.inspections.drugs,firm:3002808528,2023-11-10,2026-09-07T21:02:33Z,is_foreign,1,bool,fda.inspections.drugs,raw/fda.inspections.drugs/2026/09/20260907T210233Z-485f15e8f496.json.gz,1
fda.inspections.drugs,firm:3002808528,2023-11-10,2026-09-07T21:02:33Z,is_oai,0,bool,fda.inspections.drugs,raw/fda.inspections.drugs/2026/09/20260907T210233Z-485f15e8f496.json.gz,1
fda.inspections.drugs,firm:3002910457,2023-11-17,2026-09-07T21:02:33Z,classification,1,ordinal,fda.inspections.drugs,raw/fda.inspections.drugs/2026/09/20260907T210233Z-485f15e8f496.json.gz,1
fda.inspections.drugs,firm:3002910457,2023-11-17,2026-09-07T21:02:33Z,inspected,1,count,fda.inspections.drugs,raw/fda.inspections.drugs/2026/09/20260907T210233Z-485f15e8f496.json.gz,1
fda.inspections.drugs,firm:3002910457,2023-11-17,2026-09-07T21:02:33Z,inspection_end,20231117,yyyymmdd,fda.inspections.drugs,raw/fda.inspections.drugs/2026/09/20260907T210233Z-485f15e8f496.json.gz,1
fda.inspections.drugs,firm:3002910457,2023-11-17,2026-09-07T21:02:33Z,is_foreign,1,bool,fda.inspections.drugs,raw/fda.inspections.drugs/2026/09/20260907T210233Z-485f15e8f496.json.gz,1
fda.inspections.drugs,firm:3002910457,2023-11-17,2026-09-07T21:02:33Z,is_oai,0,bool,fda.inspections.drugs,raw/fda.inspections.drugs/2026/09/20260907T210233Z-485f15e8f496.json.gz,1
fda.inspections.drugs,firm:3002996761,2023-11-15,2026-09-07T21:02:33Z,classification,0,ordinal,fda.inspections.drugs,raw/fda.inspections.drugs/2026/09/20260907T210233Z-485f15e8f496.json.gz,1
fda.inspections.drugs,firm:3002996761,2023-11-15,2026-09-07T21:02:33Z,inspected,1,count,fda.inspections.drugs,raw/fda.inspections.drugs/2026/09/20260907T210233Z-485f15e8f496.json.gz,1
fda.inspections.drugs,firm:3002996761,2023-11-15,2026-09-07T21:02:33Z,inspection_end,20231115,yyyymmdd,fda.inspections.drugs,raw/fda.inspections.drugs/2026/09/20260907T210233Z-485f15e8f496.json.gz,1
fda.inspections.drugs,firm:3002996761,2023-11-15,2026-09-07T21:02:33Z,is_foreign,1,bool,fda.inspections.drugs,raw/fda.inspections.drugs/2026/09/20260907T210233Z-485f15e8f496.json.gz,1
fda.inspections.drugs,firm:3002996761,2023-11-15,2026-09-07T21:02:33Z,is_oai,0,bool,fda.inspections.drugs,raw/fda.inspections.drugs/2026/09/20260907T210233Z-485f15e8f496.json.gz,1
fda.inspections.drugs,firm:3003029000,2023-11-17,2026-09-07T21:02:33Z,classification,1,ordinal,fda.inspections.drugs,raw/fda.inspections.drugs/2026/09/20260907T210233Z-485f15e8f496.json.gz,1
fda.inspections.drugs,firm:3003029000,2023-11-17,2026-09-07T21:02:33Z,inspected,1,count,fda.inspections.drugs,raw/fda.inspections.drugs/2026/09/20260907T210233Z-485f15e8f496.json.gz,1
fda.inspections.drugs,firm:3003029000,2023-11-17,2026-09-07T21:02:33Z,inspection_end,20231117,yyyymmdd,fda.inspections.drugs,raw/fda.inspections.drugs/2026/09/20260907T210233Z-485f15e8f496.json.gz,1
fda.inspections.drugs,firm:3003029000,2023-11-17,2026-09-07T21:02:33Z,is_foreign,1,bool,fda.inspections.drugs,raw/fda.inspections.drugs/2026/09/20260907T210233Z-485f15e8f496.json.gz,1
fda.inspections.drugs,firm:3003029000,2023-11-17,2026-09-07T21:02:33Z,is_oai,0,bool,fda.inspections.drugs,raw/fda.inspections.drugs/2026/09/20260907T210233Z-485f15e8f496.json.gz,1
fda.inspections.drugs,firm:3003157245,2023-11-30,2026-09-07T21:02:33Z,classification,1,ordinal,fda.inspections.drugs,raw/fda.inspections.drugs/2026/09/20260907T210233Z-485f15e8f496.json.gz,1
fda.inspections.drugs,firm:3003157245,2023-11-30,2026-09-07T21:02:33Z,inspected,1,count,fda.inspections.drugs,raw/fda.inspections.drugs/2026/09/20260907T210233Z-485f15e8f496.json.gz,1
fda.inspections.drugs,firm:3003157245,2023-11-30,2026-09-07T21:02:33Z,inspection_end,20231130,yyyymmdd,fda.inspections.drugs,raw/fda.inspections.drugs/2026/09/20260907T210233Z-485f15e8f496.json.gz,1
fda.inspections.drugs,firm:3003157245,2023-11-30,2026-09-07T21:02:33Z,is_foreign,1,bool,fda.inspections.drugs,raw/fda.inspections.drugs/2026/09/20260907T210233Z-485f15e8f496.json.gz,1
fda.inspections.drugs,firm:3003157245,2023-11-30,2026-09-07T21:02:33Z,is_oai,0,bool,fda.inspections.drugs,raw/fda.inspections.drugs/2026/09/20260907T210233Z-485f15e8f496.json.gz,1
fda.inspections.drugs,firm:3003245787,2023-11-24,2026-09-07T21:02:33Z,classification,1,ordinal,fda.inspections.drugs,raw/fda.inspections.drugs/2026/09/20260907T210233Z-485f15e8f496.json.gz,1
fda.inspections.drugs,firm:3003245787,2023-11-24,2026-09-07T21:02:33Z,inspected,1,count,fda.inspections.drugs,raw/fda.inspections.drugs/2026/09/20260907T210233Z-485f15e8f496.json.gz,1
fda.inspections.drugs,firm:3003245787,2023-11-24,2026-09-07T21:02:33Z,inspection_end,20231124,yyyymmdd,fda.inspections.drugs,raw/fda.inspections.drugs/2026/09/20260907T210233Z-485f15e8f496.json.gz,1
fda.inspections.drugs,firm:3003245787,2023-11-24,2026-09-07T21:02:33Z,is_foreign,1,bool,fda.inspections.drugs,raw/fda.inspections.drugs/2026/09/20260907T210233Z-485f15e8f496.json.gz,1
fda.inspections.drugs,firm:3003245787,2023-11-24,2026-09-07T21:02:33Z,is_oai,0,bool,fda.inspections.drugs,raw/fda.inspections.drugs/2026/09/20260907T210233Z-485f15e8f496.json.gz,1
fda.inspections.drugs,firm:3003285511,2023-11-03,2026-09-07T21:02:33Z,classification,0,ordinal,fda.inspections.drugs,raw/fda.inspections.drugs/2026/09/20260907T210233Z-485f15e8f496.json.gz,1
fda.inspections.drugs,firm:3003285511,2023-11-03,2026-09-07T21:02:33Z,inspected,1,count,fda.inspections.drugs,raw/fda.inspections.drugs/2026/09/20260907T210233Z-485f15e8f496.json.gz,1
fda.inspections.drugs,firm:3003285511,2023-11-03,2026-09-07T21:02:33Z,inspection_end,20231103,yyyymmdd,fda.inspections.drugs,raw/fda.inspections.drugs/2026/09/20260907T210233Z-485f15e8f496.json.gz,1
fda.inspections.drugs,firm:3003285511,2023-11-03,2026-09-07T21:02:33Z,is_foreign,1,bool,fda.inspections.drugs,raw/fda.inspections.drugs/2026/09/20260907T210233Z-485f15e8f496.json.gz,1
fda.inspections.drugs,firm:3003285511,2023-11-03,2026-09-07T21:02:33Z,is_oai,0,bool,fda.inspections.drugs,raw/fda.inspections.drugs/2026/09/20260907T210233Z-485f15e8f496.json.gz,1
fda.inspections.drugs,firm:3003320065,2023-11-10,2026-09-07T21:02:33Z,classification,2,ordinal,fda.inspections.drugs,raw/fda.inspections.drugs/2026/09/20260907T210233Z-485f15e8f496.json.gz,1
fda.inspections.drugs,firm:3003320065,2023-11-10,2026-09-07T21:02:33Z,inspected,1,count,fda.inspections.drugs,raw/fda.inspections.drugs/2026/09/20260907T210233Z-485f15e8f496.json.gz,1
fda.inspections.drugs,firm:3003320065,2023-11-10,2026-09-07T21:02:33Z,inspection_end,20231110,yyyymmdd,fda.inspections.drugs,raw/fda.inspections.drugs/2026/09/20260907T210233Z-485f15e8f496.json.gz,1
fda.inspections.drugs,firm:3003320065,2023-11-10,2026-09-07T21:02:33Z,is_foreign,1,bool,fda.inspections.drugs,raw/fda.inspections.drugs/2026/09/20260907T210233Z-485f15e8f496.json.gz,1
fda.inspections.drugs,firm:3003320065,2023-11-10,2026-09-07T21:02:33Z,is_oai,1,bool,fda.inspections.drugs,raw/fda.inspections.drugs/2026/09/20260907T210233Z-485f15e8f496.json.gz,1
fda.inspections.drugs,firm:3003322477,2023-11-08,2026-09-07T21:02:33Z,classification,0,ordinal,fda.inspections.drugs,raw/fda.inspections.drugs/2026/09/20260907T210233Z-485f15e8f496.json.gz,1
fda.inspections.drugs,firm:3003322477,2023-11-08,2026-09-07T21:02:33Z,inspected,1,count,fda.inspections.drugs,raw/fda.inspections.drugs/2026/09/20260907T210233Z-485f15e8f496.json.gz,1
fda.inspections.drugs,firm:3003322477,2023-11-08,2026-09-07T21:02:33Z,inspection_end,20231108,yyyymmdd,fda.inspections.drugs,raw/fda.inspections.drugs/2026/09/20260907T210233Z-485f15e8f496.json.gz,1
fda.inspections.drugs,firm:3003322477,2023-11-08,2026-09-07T21:02:33Z,is_foreign,0,bool,fda.inspections.drugs,raw/fda.inspections.drugs/2026/09/20260907T210233Z-485f15e8f496.json.gz,1
fda.inspections.drugs,firm:3003322477,2023-11-08,2026-09-07T21:02:33Z,is_oai,0,bool,fda.inspections.drugs,raw/fda.inspections.drugs/2026/09/20260907T210233Z-485f15e8f496.json.gz,1
fda.inspections.drugs,firm:3003434972,2023-11-17,2026-09-07T21:02:33Z,classification,1,ordinal,fda.inspections.drugs,raw/fda.inspections.drugs/2026/09/20260907T210233Z-485f15e8f496.json.gz,1
fda.inspections.drugs,firm:3003434972,2023-11-17,2026-09-07T21:02:33Z,inspected,1,count,fda.inspections.drugs,raw/fda.inspections.drugs/2026/09/20260907T210233Z-485f15e8f496.json.gz,1
fda.inspections.drugs,firm:3003434972,2023-11-17,2026-09-07T21:02:33Z,inspection_end,20231117,yyyymmdd,fda.inspections.drugs,raw/fda.inspections.drugs/2026/09/20260907T210233Z-485f15e8f496.json.gz,1
fda.inspections.drugs,firm:3003434972,2023-11-17,2026-09-07T21:02:33Z,is_foreign,0,bool,fda.inspections.drugs,raw/fda.inspections.drugs/2026/09/20260907T210233Z-485f15e8f496.json.gz,1
fda.inspections.drugs,firm:3003434972,2023-11-17,2026-09-07T21:02:33Z,is_oai,0,bool,fda.inspections.drugs,raw/fda.inspections.drugs/2026/09/20260907T210233Z-485f15e8f496.json.gz,1
fda.inspections.drugs,firm:3003491490,2023-11-24,2026-09-07T21:02:33Z,classification,1,ordinal,fda.inspections.drugs,raw/fda.inspections.drugs/2026/09/20260907T210233Z-485f15e8f496.json.gz,1
fda.inspections.drugs,firm:3003491490,2023-11-24,2026-09-07T21:02:33Z,inspected,1,count,fda.inspections.drugs,raw/fda.inspections.drugs/2026/09/20260907T210233Z-485f15e8f496.json.gz,1
fda.inspections.drugs,firm:3003491490,2023-11-24,2026-09-07T21:02:33Z,inspection_end,20231124,yyyymmdd,fda.inspections.drugs,raw/fda.inspections.drugs/2026/09/20260907T210233Z-485f15e8f496.json.gz,1
fda.inspections.drugs,firm:3003491490,2023-11-24,2026-09-07T21:02:33Z,is_foreign,1,bool,fda.inspections.drugs,raw/fda.inspections.drugs/2026/09/20260907T210233Z-485f15e8f496.json.gz,1
fda.inspections.drugs,firm:3003491490,2023-11-24,2026-09-07T21:02:33Z,is_oai,0,bool,fda.inspections.drugs,raw/fda.inspections.drugs/2026/09/20260907T210233Z-485f15e8f496.json.gz,1
fda.inspections.drugs,firm:3003591774,2023-11-17,2026-09-07T21:02:33Z,classification,1,ordinal,fda.inspections.drugs,raw/fda.inspections.drugs/2026/09/20260907T210233Z-485f15e8f496.json.gz,1
fda.inspections.drugs,firm:3003591774,2023-11-17,2026-09-07T21:02:33Z,inspected,1,count,fda.inspections.drugs,raw/fda.inspections.drugs/2026/09/20260907T210233Z-485f15e8f496.json.gz,1
fda.inspections.drugs,firm:3003591774,2023-11-17,2026-09-07T21:02:33Z,inspection_end,20231117,yyyymmdd,fda.inspections.drugs,raw/fda.inspections.drugs/2026/09/20260907T210233Z-485f15e8f496.json.gz,1
fda.inspections.drugs,firm:3003591774,2023-11-17,2026-09-07T21:02:33Z,is_foreign,1,bool,fda.inspections.drugs,raw/fda.inspections.drugs/2026/09/20260907T210233Z-485f15e8f496.json.gz,1
fda.inspections.drugs,firm:3003591774,2023-11-17,2026-09-07T21:02:33Z,is_oai,0,bool,fda.inspections.drugs,raw/fda.inspections.drugs/2026/09/20260907T210233Z-485f15e8f496.json.gz,1
fda.inspections.drugs,firm:3003882630,2023-11-10,2026-09-07T21:02:33Z,classification,1,ordinal,fda.inspections.drugs,raw/fda.inspections.drugs/2026/09/20260907T210233Z-485f15e8f496.json.gz,1
fda.inspections.drugs,firm:3003882630,2023-11-10,2026-09-07T21:02:33Z,inspected,1,count,fda.inspections.drugs,raw/fda.inspections.drugs/2026/09/20260907T210233Z-485f15e8f496.json.gz,1
fda.inspections.drugs,firm:3003882630,2023-11-10,2026-09-07T21:02:33Z,inspection_end,20231110,yyyymmdd,fda.inspections.drugs,raw/fda.inspections.drugs/2026/09/20260907T210233Z-485f15e8f496.json.gz,1
fda.inspections.drugs,firm:3003882630,2023-11-10,2026-09-07T21:02:33Z,is_foreign,1,bool,fda.inspections.drugs,raw/fda.inspections.drugs/2026/09/20260907T210233Z-485f15e8f496.json.gz,1
fda.inspections.drugs,firm:3003882630,2023-11-10,2026-09-07T21:02:33Z,is_oai,0,bool,fda.inspections.drugs,raw/fda.inspections.drugs/2026/09/20260907T210233Z-485f15e8f496.json.gz,1
fda.inspections.drugs,firm:3003918018,2023-11-14,2026-09-07T21:02:33Z,classification,2,ordinal,fda.inspections.drugs,raw/fda.inspections.drugs/2026/09/20260907T210233Z-485f15e8f496.json.gz,1
fda.inspections.drugs,firm:3003918018,2023-11-14,2026-09-07T21:02:33Z,inspected,1,count,fda.inspections.drugs,raw/fda.inspections.drugs/2026/09/20260907T210233Z-485f15e8f496.json.gz,1
fda.inspections.drugs,firm:3003918018,2023-11-14,2026-09-07T21:02:33Z,inspection_end,20231114,yyyymmdd,fda.inspections.drugs,raw/fda.inspections.drugs/2026/09/20260907T210233Z-485f15e8f496.json.gz,1
fda.inspections.drugs,firm:3003918018,2023-11-14,2026-09-07T21:02:33Z,is_foreign,0,bool,fda.inspections.drugs,raw/fda.inspections.drugs/2026/09/20260907T210233Z-485f15e8f496.json.gz,1
fda.inspections.drugs,firm:3003918018,2023-11-14,2026-09-07T21:02:33Z,is_oai,1,bool,fda.inspections.drugs,raw/fda.inspections.drugs/2026/09/20260907T210233Z-485f15e8f496.json.gz,1
fda.inspections.drugs,firm:3003973514,2023-11-02,2026-09-07T21:02:33Z,classification,0,ordinal,fda.inspections.drugs,raw/fda.inspections.drugs/2026/09/20260907T210233Z-485f15e8f496.json.gz,1
fda.inspections.drugs,firm:3003973514,2023-11-02,2026-09-07T21:02:33Z,inspected,1,count,fda.inspections.drugs,raw/fda.inspections.drugs/2026/09/20260907T210233Z-485f15e8f496.json.gz,1
fda.inspections.drugs,firm:3003973514,2023-11-02,2026-09-07T21:02:33Z,inspection_end,20231102,yyyymmdd,fda.inspections.drugs,raw/fda.inspections.drugs/2026/09/20260907T210233Z-485f15e8f496.json.gz,1
fda.inspections.drugs,firm:3003973514,2023-11-02,2026-09-07T21:02:33Z,is_foreign,1,bool,fda.inspections.drugs,raw/fda.inspections.drugs/2026/09/20260907T210233Z-485f15e8f496.json.gz,1
fda.inspections.drugs,firm:3003973514,2023-11-02,2026-09-07T21:02:33Z,is_oai,0,bool,fda.inspections.drugs,raw/fda.inspections.drugs/2026/09/20260907T210233Z-485f15e8f496.json.gz,1
fda.inspections.drugs,firm:3004010078,2023-11-17,2026-09-07T21:02:33Z,classification,0,ordinal,fda.inspections.drugs,raw/fda.inspections.drugs/2026/09/20260907T210233Z-485f15e8f496.json.gz,1
fda.inspections.drugs,firm:3004010078,2023-11-17,2026-09-07T21:02:33Z,inspected,1,count,fda.inspections.drugs,raw/fda.inspections.drugs/2026/09/20260907T210233Z-485f15e8f496.json.gz,1
fda.inspections.drugs,firm:3004010078,2023-11-17,2026-09-07T21:02:33Z,inspection_end,20231117,yyyymmdd,fda.inspections.drugs,raw/fda.inspections.drugs/2026/09/20260907T210233Z-485f15e8f496.json.gz,1
fda.inspections.drugs,firm:3004010078,2023-11-17,2026-09-07T21:02:33Z,is_foreign,0,bool,fda.inspections.drugs,raw/fda.inspections.drugs/2026/09/20260907T210233Z-485f15e8f496.json.gz,1
fda.inspections.drugs,firm:3004010078,2023-11-17,2026-09-07T21:02:33Z,is_oai,0,bool,fda.inspections.drugs,raw/fda.inspections.drugs/2026/09/20260907T210233Z-485f15e8f496.json.gz,1
fda.inspections.drugs,firm:3004058163,2023-11-09,2026-09-07T21:02:33Z,classification,1,ordinal,fda.inspections.drugs,raw/fda.inspections.drugs/2026/09/20260907T210233Z-485f15e8f496.json.gz,1
fda.inspections.drugs,firm:3004058163,2023-11-09,2026-09-07T21:02:33Z,inspected,1,count,fda.inspections.drugs,raw/fda.inspections.drugs/2026/09/20260907T210233Z-485f15e8f496.json.gz,1
fda.inspections.drugs,firm:3004058163,2023-11-09,2026-09-07T21:02:33Z,inspection_end,20231109,yyyymmdd,fda.inspections.drugs,raw/fda.inspections.drugs/2026/09/20260907T210233Z-485f15e8f496.json.gz,1
fda.inspections.drugs,firm:3004058163,2023-11-09,2026-09-07T21:02:33Z,is_foreign,1,bool,fda.inspections.drugs,raw/fda.inspections.drugs/2026/09/20260907T210233Z-485f15e8f496.json.gz,1
fda.inspections.drugs,firm:3004058163,2023-11-09,2026-09-07T21:02:33Z,is_oai,0,bool,fda.inspections.drugs,raw/fda.inspections.drugs/2026/09/20260907T210233Z-485f15e8f496.json.gz,1
fda.inspections.drugs,firm:3004109292,2023-11-10,2026-09-07T21:02:33Z,classification,0,ordinal,fda.inspections.drugs,raw/fda.inspections.drugs/2026/09/20260907T210233Z-485f15e8f496.json.gz,1
fda.inspections.drugs,firm:3004109292,2023-11-10,2026-09-07T21:02:33Z,inspected,1,count,fda.inspections.drugs,raw/fda.inspections.drugs/2026/09/20260907T210233Z-485f15e8f496.json.gz,1
fda.inspections.drugs,firm:3004109292,2023-11-10,2026-09-07T21:02:33Z,inspection_end,20231110,yyyymmdd,fda.inspections.drugs,raw/fda.inspections.drugs/2026/09/20260907T210233Z-485f15e8f496.json.gz,1
fda.inspections.drugs,firm:3004109292,2023-11-10,2026-09-07T21:02:33Z,is_foreign,1,bool,fda.inspections.drugs,raw/fda.inspections.drugs/2026/09/20260907T210233Z-485f15e8f496.json.gz,1
fda.inspections.drugs,firm:3004109292,2023-11-10,2026-09-07T21:02:33Z,is_oai,0,bool,fda.inspections.drugs,raw/fda.inspections.drugs/2026/09/20260907T210233Z-485f15e8f496.json.gz,1
fda.inspections.drugs,firm:3004117460,2023-11-16,2026-09-07T21:02:33Z,classification,2,ordinal,fda.inspections.drugs,raw/fda.inspections.drugs/2026/09/20260907T210233Z-485f15e8f496.json.gz,1
fda.inspections.drugs,firm:3004117460,2023-11-16,2026-09-07T21:02:33Z,inspected,1,count,fda.inspections.drugs,raw/fda.inspections.drugs/2026/09/20260907T210233Z-485f15e8f496.json.gz,1
fda.inspections.drugs,firm:3004117460,2023-11-16,2026-09-07T21:02:33Z,inspection_end,20231116,yyyymmdd,fda.inspections.drugs,raw/fda.inspections.drugs/2026/09/20260907T210233Z-485f15e8f496.json.gz,1
fda.inspections.drugs,firm:3004117460,2023-11-16,2026-09-07T21:02:33Z,is_foreign,1,bool,fda.inspections.drugs,raw/fda.inspections.drugs/2026/09/20260907T210233Z-485f15e8f496.json.gz,1
fda.inspections.drugs,firm:3004117460,2023-11-16,2026-09-07T21:02:33Z,is_oai,1,bool,fda.inspections.drugs,raw/fda.inspections.drugs/2026/09/20260907T210233Z-485f15e8f496.json.gz,1
fda.inspections.drugs,firm:3004175957,2023-11-10,2026-09-07T21:02:33Z,classification,0,ordinal,fda.inspections.drugs,raw/fda.inspections.drugs/2026/09/20260907T210233Z-485f15e8f496.json.gz,1
fda.inspections.drugs,firm:3004175957,2023-11-10,2026-09-07T21:02:33Z,inspected,1,count,fda.inspections.drugs,raw/fda.inspections.drugs/2026/09/20260907T210233Z-485f15e8f496.json.gz,1
fda.inspections.drugs,firm:3004175957,2023-11-10,2026-09-07T21:02:33Z,inspection_end,20231110,yyyymmdd,fda.inspections.drugs,raw/fda.inspections.drugs/2026/09/20260907T210233Z-485f15e8f496.json.gz,1
fda.inspections.drugs,firm:3004175957,2023-11-10,2026-09-07T21:02:33Z,is_foreign,1,bool,fda.inspections.drugs,raw/fda.inspections.drugs/2026/09/20260907T210233Z-485f15e8f496.json.gz,1
fda.inspections.drugs,firm:3004175957,2023-11-10,2026-09-07T21:02:33Z,is_oai,0,bool,fda.inspections.drugs,raw/fda.inspections.drugs/2026/09/20260907T210233Z-485f15e8f496.json.gz,1
fda.inspections.drugs,firm:3004181104,2023-11-02,2026-09-07T21:02:33Z,classification,0,ordinal,fda.inspections.drugs,raw/fda.inspections.drugs/2026/09/20260907T210233Z-485f15e8f496.json.gz,1
fda.inspections.drugs,firm:3004181104,2023-11-02,2026-09-07T21:02:33Z,inspected,1,count,fda.inspections.drugs,raw/fda.inspections.drugs/2026/09/20260907T210233Z-485f15e8f496.json.gz,1
fda.inspections.drugs,firm:3004181104,2023-11-02,2026-09-07T21:02:33Z,inspection_end,20231102,yyyymmdd,fda.inspections.drugs,raw/fda.inspections.drugs/2026/09/20260907T210233Z-485f15e8f496.json.gz,1
fda.inspections.drugs,firm:3004181104,2023-11-02,2026-09-07T21:02:33Z,is_foreign,1,bool,fda.inspections.drugs,raw/fda.inspections.drugs/2026/09/20260907T210233Z-485f15e8f496.json.gz,1
fda.inspections.drugs,firm:3004181104,2023-11-02,2026-09-07T21:02:33Z,is_oai,0,bool,fda.inspections.drugs,raw/fda.inspections.drugs/2026/09/20260907T210233Z-485f15e8f496.json.gz,1
fda.inspections.drugs,firm:3004291553,2023-11-16,2026-09-07T21:02:33Z,classification,1,ordinal,fda.inspections.drugs,raw/fda.inspections.drugs/2026/09/20260907T210233Z-485f15e8f496.json.gz,1
fda.inspections.drugs,firm:3004291553,2023-11-16,2026-09-07T21:02:33Z,inspected,1,count,fda.inspections.drugs,raw/fda.inspections.drugs/2026/09/20260907T210233Z-485f15e8f496.json.gz,1
fda.inspections.drugs,firm:3004291553,2023-11-16,2026-09-07T21:02:33Z,inspection_end,20231116,yyyymmdd,fda.inspections.drugs,raw/fda.inspections.drugs/2026/09/20260907T210233Z-485f15e8f496.json.gz,1
fda.inspections.drugs,firm:3004291553,2023-11-16,2026-09-07T21:02:33Z,is_foreign,1,bool,fda.inspections.drugs,raw/fda.inspections.drugs/2026/09/20260907T210233Z-485f15e8f496.json.gz,1
fda.inspections.drugs,firm:3004291553,2023-11-16,2026-09-07T21:02:33Z,is_oai,0,bool,fda.inspections.drugs,raw/fda.inspections.drugs/2026/09/20260907T210233Z-485f15e8f496.json.gz,1
fda.inspections.drugs,firm:3004396466,2023-11-15,2026-09-07T21:02:33Z,classification,0,ordinal,fda.inspections.drugs,raw/fda.inspections.drugs/2026/09/20260907T210233Z-485f15e8f496.json.gz,1
fda.inspections.drugs,firm:3004396466,2023-11-15,2026-09-07T21:02:33Z,inspected,1,count,fda.inspections.drugs,raw/fda.inspections.drugs/2026/09/20260907T210233Z-485f15e8f496.json.gz,1
fda.inspections.drugs,firm:3004396466,2023-11-15,2026-09-07T21:02:33Z,inspection_end,20231115,yyyymmdd,fda.inspections.drugs,raw/fda.inspections.drugs/2026/09/20260907T210233Z-485f15e8f496.json.gz,1
fda.inspections.drugs,firm:3004396466,2023-11-15,2026-09-07T21:02:33Z,is_foreign,1,bool,fda.inspections.drugs,raw/fda.inspections.drugs/2026/09/20260907T210233Z-485f15e8f496.json.gz,1
fda.inspections.drugs,firm:3004396466,2023-11-15,2026-09-07T21:02:33Z,is_oai,0,bool,fda.inspections.drugs,raw/fda.inspections.drugs/2026/09/20260907T210233Z-485f15e8f496.json.gz,1
fda.inspections.drugs,firm:3004637474,2023-11-17,2026-09-07T21:02:33Z,classification,1,ordinal,fda.inspections.drugs,raw/fda.inspections.drugs/2026/09/20260907T210233Z-485f15e8f496.json.gz,1
fda.inspections.drugs,firm:3004637474,2023-11-17,2026-09-07T21:02:33Z,inspected,1,count,fda.inspections.drugs,raw/fda.inspections.drugs/2026/09/20260907T210233Z-485f15e8f496.json.gz,1
fda.inspections.drugs,firm:3004637474,2023-11-17,2026-09-07T21:02:33Z,inspection_end,20231117,yyyymmdd,fda.inspections.drugs,raw/fda.inspections.drugs/2026/09/20260907T210233Z-485f15e8f496.json.gz,1
fda.inspections.drugs,firm:3004637474,2023-11-17,2026-09-07T21:02:33Z,is_foreign,1,bool,fda.inspections.drugs,raw/fda.inspections.drugs/2026/09/20260907T210233Z-485f15e8f496.json.gz,1
fda.inspections.drugs,firm:3004637474,2023-11-17,2026-09-07T21:02:33Z,is_oai,0,bool,fda.inspections.drugs,raw/fda.inspections.drugs/2026/09/20260907T210233Z-485f15e8f496.json.gz,1
fda.inspections.drugs,firm:3004664162,2023-11-06,2026-09-07T21:02:33Z,classification,1,ordinal,fda.inspections.drugs,raw/fda.inspections.drugs/2026/09/20260907T210233Z-485f15e8f496.json.gz,1
fda.inspections.drugs,firm:3004664162,2023-11-06,2026-09-07T21:02:33Z,inspected,1,count,fda.inspections.drugs,raw/fda.inspections.drugs/2026/09/20260907T210233Z-485f15e8f496.json.gz,1
fda.inspections.drugs,firm:3004664162,2023-11-06,2026-09-07T21:02:33Z,inspection_end,20231106,yyyymmdd,fda.inspections.drugs,raw/fda.inspections.drugs/2026/09/20260907T210233Z-485f15e8f496.json.gz,1
fda.inspections.drugs,firm:3004664162,2023-11-06,2026-09-07T21:02:33Z,is_foreign,1,bool,fda.inspections.drugs,raw/fda.inspections.drugs/2026/09/20260907T210233Z-485f15e8f496.json.gz,1
fda.inspections.drugs,firm:3004664162,2023-11-06,2026-09-07T21:02:33Z,is_oai,0,bool,fda.inspections.drugs,raw/fda.inspections.drugs/2026/09/20260907T210233Z-485f15e8f496.json.gz,1
fda.inspections.drugs,firm:3004723373,2023-11-10,2026-09-07T21:02:33Z,classification,1,ordinal,fda.inspections.drugs,raw/fda.inspections.drugs/2026/09/20260907T210233Z-485f15e8f496.json.gz,1
fda.inspections.drugs,firm:3004723373,2023-11-10,2026-09-07T21:02:33Z,inspected,1,count,fda.inspections.drugs,raw/fda.inspections.drugs/2026/09/20260907T210233Z-485f15e8f496.json.gz,1
fda.inspections.drugs,firm:3004723373,2023-11-10,2026-09-07T21:02:33Z,inspection_end,20231110,yyyymmdd,fda.inspections.drugs,raw/fda.inspections.drugs/2026/09/20260907T210233Z-485f15e8f496.json.gz,1
fda.inspections.drugs,firm:3004723373,2023-11-10,2026-09-07T21:02:33Z,is_foreign,1,bool,fda.inspections.drugs,raw/fda.inspections.drugs/2026/09/20260907T210233Z-485f15e8f496.json.gz,1
fda.inspections.drugs,firm:3004723373,2023-11-10,2026-09-07T21:02:33Z,is_oai,0,bool,fda.inspections.drugs,raw/fda.inspections.drugs/2026/09/20260907T210233Z-485f15e8f496.json.gz,1
fda.inspections.drugs,firm:3004908885,2023-11-23,2026-09-07T21:02:33Z,classification,0,ordinal,fda.inspections.drugs,raw/fda.inspections.drugs/2026/09/20260907T210233Z-485f15e8f496.json.gz,1
fda.inspections.drugs,firm:3004908885,2023-11-23,2026-09-07T21:02:33Z,inspected,1,count,fda.inspections.drugs,raw/fda.inspections.drugs/2026/09/20260907T210233Z-485f15e8f496.json.gz,1
fda.inspections.drugs,firm:3004908885,2023-11-23,2026-09-07T21:02:33Z,inspection_end,20231123,yyyymmdd,fda.inspections.drugs,raw/fda.inspections.drugs/2026/09/20260907T210233Z-485f15e8f496.json.gz,1
fda.inspections.drugs,firm:3004908885,2023-11-23,2026-09-07T21:02:33Z,is_foreign,1,bool,fda.inspections.drugs,raw/fda.inspections.drugs/2026/09/20260907T210233Z-485f15e8f496.json.gz,1
fda.inspections.drugs,firm:3004908885,2023-11-23,2026-09-07T21:02:33Z,is_oai,0,bool,fda.inspections.drugs,raw/fda.inspections.drugs/2026/09/20260907T210233Z-485f15e8f496.json.gz,1
fda.inspections.drugs,firm:3005175594,2023-11-02,2026-09-07T21:02:33Z,classification,1,ordinal,fda.inspections.drugs,raw/fda.inspections.drugs/2026/09/20260907T210233Z-485f15e8f496.json.gz,1
fda.inspections.drugs,firm:3005175594,2023-11-02,2026-09-07T21:02:33Z,inspected,1,count,fda.inspections.drugs,raw/fda.inspections.drugs/2026/09/20260907T210233Z-485f15e8f496.json.gz,1
fda.inspections.drugs,firm:3005175594,2023-11-02,2026-09-07T21:02:33Z,inspection_end,20231102,yyyymmdd,fda.inspections.drugs,raw/fda.inspections.drugs/2026/09/20260907T210233Z-485f15e8f496.json.gz,1
fda.inspections.drugs,firm:3005175594,2023-11-02,2026-09-07T21:02:33Z,is_foreign,1,bool,fda.inspections.drugs,raw/fda.inspections.drugs/2026/09/20260907T210233Z-485f15e8f496.json.gz,1
fda.inspections.drugs,firm:3005175594,2023-11-02,2026-09-07T21:02:33Z,is_oai,0,bool,fda.inspections.drugs,raw/fda.inspections.drugs/2026/09/20260907T210233Z-485f15e8f496.json.gz,1
fda.inspections.drugs,firm:3005191225,2023-11-07,2026-09-07T21:02:33Z,classification,0,ordinal,fda.inspections.drugs,raw/fda.inspections.drugs/2026/09/20260907T210233Z-485f15e8f496.json.gz,1
fda.inspections.drugs,firm:3005191225,2023-11-07,2026-09-07T21:02:33Z,inspected,1,count,fda.inspections.drugs,raw/fda.inspections.drugs/2026/09/20260907T210233Z-485f15e8f496.json.gz,1
fda.inspections.drugs,firm:3005191225,2023-11-07,2026-09-07T21:02:33Z,inspection_end,20231107,yyyymmdd,fda.inspections.drugs,raw/fda.inspections.drugs/2026/09/20260907T210233Z-485f15e8f496.json.gz,1
fda.inspections.drugs,firm:3005191225,2023-11-07,2026-09-07T21:02:33Z,is_foreign,0,bool,fda.inspections.drugs,raw/fda.inspections.drugs/2026/09/20260907T210233Z-485f15e8f496.json.gz,1
fda.inspections.drugs,firm:3005191225,2023-11-07,2026-09-07T21:02:33Z,is_oai,0,bool,fda.inspections.drugs,raw/fda.inspections.drugs/2026/09/20260907T210233Z-485f15e8f496.json.gz,1
fda.inspections.drugs,firm:3005193435,2023-11-10,2026-09-07T21:02:33Z,classification,1,ordinal,fda.inspections.drugs,raw/fda.inspections.drugs/2026/09/20260907T210233Z-485f15e8f496.json.gz,1
fda.inspections.drugs,firm:3005193435,2023-11-10,2026-09-07T21:02:33Z,inspected,1,count,fda.inspections.drugs,raw/fda.inspections.drugs/2026/09/20260907T210233Z-485f15e8f496.json.gz,1
fda.inspections.drugs,firm:3005193435,2023-11-10,2026-09-07T21:02:33Z,inspection_end,20231110,yyyymmdd,fda.inspections.drugs,raw/fda.inspections.drugs/2026/09/20260907T210233Z-485f15e8f496.json.gz,1
fda.inspections.drugs,firm:3005193435,2023-11-10,2026-09-07T21:02:33Z,is_foreign,1,bool,fda.inspections.drugs,raw/fda.inspections.drugs/2026/09/20260907T210233Z-485f15e8f496.json.gz,1
fda.inspections.drugs,firm:3005193435,2023-11-10,2026-09-07T21:02:33Z,is_oai,0,bool,fda.inspections.drugs,raw/fda.inspections.drugs/2026/09/20260907T210233Z-485f15e8f496.json.gz,1
fda.inspections.drugs,firm:3005260401,2023-11-17,2026-09-07T21:02:33Z,classification,1,ordinal,fda.inspections.drugs,raw/fda.inspections.drugs/2026/09/20260907T210233Z-485f15e8f496.json.gz,1
fda.inspections.drugs,firm:3005260401,2023-11-17,2026-09-07T21:02:33Z,inspected,1,count,fda.inspections.drugs,raw/fda.inspections.drugs/2026/09/20260907T210233Z-485f15e8f496.json.gz,1
fda.inspections.drugs,firm:3005260401,2023-11-17,2026-09-07T21:02:33Z,inspection_end,20231117,yyyymmdd,fda.inspections.drugs,raw/fda.inspections.drugs/2026/09/20260907T210233Z-485f15e8f496.json.gz,1
fda.inspections.drugs,firm:3005260401,2023-11-17,2026-09-07T21:02:33Z,is_foreign,1,bool,fda.inspections.drugs,raw/fda.inspections.drugs/2026/09/20260907T210233Z-485f15e8f496.json.gz,1
fda.inspections.drugs,firm:3005260401,2023-11-17,2026-09-07T21:02:33Z,is_oai,0,bool,fda.inspections.drugs,raw/fda.inspections.drugs/2026/09/20260907T210233Z-485f15e8f496.json.gz,1
fda.inspections.drugs,firm:3005385720,2023-11-17,2026-09-07T21:02:33Z,classification,1,ordinal,fda.inspections.drugs,raw/fda.inspections.drugs/2026/09/20260907T210233Z-485f15e8f496.json.gz,1
fda.inspections.drugs,firm:3005385720,2023-11-17,2026-09-07T21:02:33Z,inspected,1,count,fda.inspections.drugs,raw/fda.inspections.drugs/2026/09/20260907T210233Z-485f15e8f496.json.gz,1
fda.inspections.drugs,firm:3005385720,2023-11-17,2026-09-07T21:02:33Z,inspection_end,20231117,yyyymmdd,fda.inspections.drugs,raw/fda.inspections.drugs/2026/09/20260907T210233Z-485f15e8f496.json.gz,1
fda.inspections.drugs,firm:3005385720,2023-11-17,2026-09-07T21:02:33Z,is_foreign,1,bool,fda.inspections.drugs,raw/fda.inspections.drugs/2026/09/20260907T210233Z-485f15e8f496.json.gz,1
fda.inspections.drugs,firm:3005385720,2023-11-17,2026-09-07T21:02:33Z,is_oai,0,bool,fda.inspections.drugs,raw/fda.inspections.drugs/2026/09/20260907T210233Z-485f15e8f496.json.gz,1
fda.inspections.drugs,firm:3005468265,2023-11-17,2026-09-07T21:02:33Z,classification,1,ordinal,fda.inspections.drugs,raw/fda.inspections.drugs/2026/09/20260907T210233Z-485f15e8f496.json.gz,1
fda.inspections.drugs,firm:3005468265,2023-11-17,2026-09-07T21:02:33Z,inspected,1,count,fda.inspections.drugs,raw/fda.inspections.drugs/2026/09/20260907T210233Z-485f15e8f496.json.gz,1
fda.inspections.drugs,firm:3005468265,2023-11-17,2026-09-07T21:02:33Z,inspection_end,20231117,yyyymmdd,fda.inspections.drugs,raw/fda.inspections.drugs/2026/09/20260907T210233Z-485f15e8f496.json.gz,1
fda.inspections.drugs,firm:3005468265,2023-11-17,2026-09-07T21:02:33Z,is_foreign,1,bool,fda.inspections.drugs,raw/fda.inspections.drugs/2026/09/20260907T210233Z-485f15e8f496.json.gz,1
fda.inspections.drugs,firm:3005468265,2023-11-17,2026-09-07T21:02:33Z,is_oai,0,bool,fda.inspections.drugs,raw/fda.inspections.drugs/2026/09/20260907T210233Z-485f15e8f496.json.gz,1
fda.inspections.drugs,firm:3005889724,2023-11-17,2026-09-07T21:02:33Z,classification,1,ordinal,fda.inspections.drugs,raw/fda.inspections.drugs/2026/09/20260907T210233Z-485f15e8f496.json.gz,1
fda.inspections.drugs,firm:3005889724,2023-11-17,2026-09-07T21:02:33Z,inspected,1,count,fda.inspections.drugs,raw/fda.inspections.drugs/2026/09/20260907T210233Z-485f15e8f496.json.gz,1
fda.inspections.drugs,firm:3005889724,2023-11-17,2026-09-07T21:02:33Z,inspection_end,20231117,yyyymmdd,fda.inspections.drugs,raw/fda.inspections.drugs/2026/09/20260907T210233Z-485f15e8f496.json.gz,1
fda.inspections.drugs,firm:3005889724,2023-11-17,2026-09-07T21:02:33Z,is_foreign,1,bool,fda.inspections.drugs,raw/fda.inspections.drugs/2026/09/20260907T210233Z-485f15e8f496.json.gz,1
fda.inspections.drugs,firm:3005889724,2023-11-17,2026-09-07T21:02:33Z,is_oai,0,bool,fda.inspections.drugs,raw/fda.inspections.drugs/2026/09/20260907T210233Z-485f15e8f496.json.gz,1
fda.inspections.drugs,firm:3005945400,2023-11-30,2026-09-07T21:02:33Z,classification,2,ordinal,fda.inspections.drugs,raw/fda.inspections.drugs/2026/09/20260907T210233Z-485f15e8f496.json.gz,1
fda.inspections.drugs,firm:3005945400,2023-11-30,2026-09-07T21:02:33Z,inspected,1,count,fda.inspections.drugs,raw/fda.inspections.drugs/2026/09/20260907T210233Z-485f15e8f496.json.gz,1
fda.inspections.drugs,firm:3005945400,2023-11-30,2026-09-07T21:02:33Z,inspection_end,20231130,yyyymmdd,fda.inspections.drugs,raw/fda.inspections.drugs/2026/09/20260907T210233Z-485f15e8f496.json.gz,1
fda.inspections.drugs,firm:3005945400,2023-11-30,2026-09-07T21:02:33Z,is_foreign,0,bool,fda.inspections.drugs,raw/fda.inspections.drugs/2026/09/20260907T210233Z-485f15e8f496.json.gz,1
fda.inspections.drugs,firm:3005945400,2023-11-30,2026-09-07T21:02:33Z,is_oai,1,bool,fda.inspections.drugs,raw/fda.inspections.drugs/2026/09/20260907T210233Z-485f15e8f496.json.gz,1
fda.inspections.drugs,firm:3005949964,2023-11-15,2026-09-07T21:02:33Z,classification,1,ordinal,fda.inspections.drugs,raw/fda.inspections.drugs/2026/09/20260907T210233Z-485f15e8f496.json.gz,1
fda.inspections.drugs,firm:3005949964,2023-11-15,2026-09-07T21:02:33Z,inspected,1,count,fda.inspections.drugs,raw/fda.inspections.drugs/2026/09/20260907T210233Z-485f15e8f496.json.gz,1
fda.inspections.drugs,firm:3005949964,2023-11-15,2026-09-07T21:02:33Z,inspection_end,20231115,yyyymmdd,fda.inspections.drugs,raw/fda.inspections.drugs/2026/09/20260907T210233Z-485f15e8f496.json.gz,1
fda.inspections.drugs,firm:3005949964,2023-11-15,2026-09-07T21:02:33Z,is_foreign,0,bool,fda.inspections.drugs,raw/fda.inspections.drugs/2026/09/20260907T210233Z-485f15e8f496.json.gz,1
fda.inspections.drugs,firm:3005949964,2023-11-15,2026-09-07T21:02:33Z,is_oai,0,bool,fda.inspections.drugs,raw/fda.inspections.drugs/2026/09/20260907T210233Z-485f15e8f496.json.gz,1
fda.inspections.drugs,firm:3006003481,2023-11-03,2026-09-07T21:02:33Z,classification,1,ordinal,fda.inspections.drugs,raw/fda.inspections.drugs/2026/09/20260907T210233Z-485f15e8f496.json.gz,1
fda.inspections.drugs,firm:3006003481,2023-11-03,2026-09-07T21:02:33Z,inspected,1,count,fda.inspections.drugs,raw/fda.inspections.drugs/2026/09/20260907T210233Z-485f15e8f496.json.gz,1
fda.inspections.drugs,firm:3006003481,2023-11-03,2026-09-07T21:02:33Z,inspection_end,20231103,yyyymmdd,fda.inspections.drugs,raw/fda.inspections.drugs/2026/09/20260907T210233Z-485f15e8f496.json.gz,1
fda.inspections.drugs,firm:3006003481,2023-11-03,2026-09-07T21:02:33Z,is_foreign,1,bool,fda.inspections.drugs,raw/fda.inspections.drugs/2026/09/20260907T210233Z-485f15e8f496.json.gz,1
fda.inspections.drugs,firm:3006003481,2023-11-03,2026-09-07T21:02:33Z,is_oai,0,bool,fda.inspections.drugs,raw/fda.inspections.drugs/2026/09/20260907T210233Z-485f15e8f496.json.gz,1
fda.inspections.drugs,firm:3006118993,2023-11-03,2026-09-07T21:02:33Z,classification,1,ordinal,fda.inspections.drugs,raw/fda.inspections.drugs/2026/09/20260907T210233Z-485f15e8f496.json.gz,1
fda.inspections.drugs,firm:3006118993,2023-11-03,2026-09-07T21:02:33Z,inspected,1,count,fda.inspections.drugs,raw/fda.inspections.drugs/2026/09/20260907T210233Z-485f15e8f496.json.gz,1
fda.inspections.drugs,firm:3006118993,2023-11-03,2026-09-07T21:02:33Z,inspection_end,20231103,yyyymmdd,fda.inspections.drugs,raw/fda.inspections.drugs/2026/09/20260907T210233Z-485f15e8f496.json.gz,1
fda.inspections.drugs,firm:3006118993,2023-11-03,2026-09-07T21:02:33Z,is_foreign,1,bool,fda.inspections.drugs,raw/fda.inspections.drugs/2026/09/20260907T210233Z-485f15e8f496.json.gz,1
fda.inspections.drugs,firm:3006118993,2023-11-03,2026-09-07T21:02:33Z,is_oai,0,bool,fda.inspections.drugs,raw/fda.inspections.drugs/2026/09/20260907T210233Z-485f15e8f496.json.gz,1
fda.inspections.drugs,firm:3006329331,2023-11-21,2026-09-07T21:02:33Z,classification,1,ordinal,fda.inspections.drugs,raw/fda.inspections.drugs/2026/09/20260907T210233Z-485f15e8f496.json.gz,1
fda.inspections.drugs,firm:3006329331,2023-11-21,2026-09-07T21:02:33Z,inspected,1,count,fda.inspections.drugs,raw/fda.inspections.drugs/2026/09/20260907T210233Z-485f15e8f496.json.gz,1
fda.inspections.drugs,firm:3006329331,2023-11-21,2026-09-07T21:02:33Z,inspection_end,20231121,yyyymmdd,fda.inspections.drugs,raw/fda.inspections.drugs/2026/09/20260907T210233Z-485f15e8f496.json.gz,1
fda.inspections.drugs,firm:3006329331,2023-11-21,2026-09-07T21:02:33Z,is_foreign,1,bool,fda.inspections.drugs,raw/fda.inspections.drugs/2026/09/20260907T210233Z-485f15e8f496.json.gz,1
fda.inspections.drugs,firm:3006329331,2023-11-21,2026-09-07T21:02:33Z,is_oai,0,bool,fda.inspections.drugs,raw/fda.inspections.drugs/2026/09/20260907T210233Z-485f15e8f496.json.gz,1
fda.inspections.drugs,firm:3006358320,2023-11-22,2026-09-07T21:02:33Z,classification,1,ordinal,fda.inspections.drugs,raw/fda.inspections.drugs/2026/09/20260907T210233Z-485f15e8f496.json.gz,1
fda.inspections.drugs,firm:3006358320,2023-11-22,2026-09-07T21:02:33Z,inspected,1,count,fda.inspections.drugs,raw/fda.inspections.drugs/2026/09/20260907T210233Z-485f15e8f496.json.gz,1
fda.inspections.drugs,firm:3006358320,2023-11-22,2026-09-07T21:02:33Z,inspection_end,20231122,yyyymmdd,fda.inspections.drugs,raw/fda.inspections.drugs/2026/09/20260907T210233Z-485f15e8f496.json.gz,1
fda.inspections.drugs,firm:3006358320,2023-11-22,2026-09-07T21:02:33Z,is_foreign,1,bool,fda.inspections.drugs,raw/fda.inspections.drugs/2026/09/20260907T210233Z-485f15e8f496.json.gz,1
fda.inspections.drugs,firm:3006358320,2023-11-22,2026-09-07T21:02:33Z,is_oai,0,bool,fda.inspections.drugs,raw/fda.inspections.drugs/2026/09/20260907T210233Z-485f15e8f496.json.gz,1
fda.inspections.drugs,firm:3006358789,2023-11-15,2026-09-07T21:02:33Z,classification,0,ordinal,fda.inspections.drugs,raw/fda.inspections.drugs/2026/09/20260907T210233Z-485f15e8f496.json.gz,1
fda.inspections.drugs,firm:3006358789,2023-11-15,2026-09-07T21:02:33Z,inspected,1,count,fda.inspections.drugs,raw/fda.inspections.drugs/2026/09/20260907T210233Z-485f15e8f496.json.gz,1
fda.inspections.drugs,firm:3006358789,2023-11-15,2026-09-07T21:02:33Z,inspection_end,20231115,yyyymmdd,fda.inspections.drugs,raw/fda.inspections.drugs/2026/09/20260907T210233Z-485f15e8f496.json.gz,1
fda.inspections.drugs,firm:3006358789,2023-11-15,2026-09-07T21:02:33Z,is_foreign,0,bool,fda.inspections.drugs,raw/fda.inspections.drugs/2026/09/20260907T210233Z-485f15e8f496.json.gz,1
fda.inspections.drugs,firm:3006358789,2023-11-15,2026-09-07T21:02:33Z,is_oai,0,bool,fda.inspections.drugs,raw/fda.inspections.drugs/2026/09/20260907T210233Z-485f15e8f496.json.gz,1
fda.inspections.drugs,firm:3006895951,2023-11-17,2026-09-07T21:02:33Z,classification,1,ordinal,fda.inspections.drugs,raw/fda.inspections.drugs/2026/09/20260907T210233Z-485f15e8f496.json.gz,1
fda.inspections.drugs,firm:3006895951,2023-11-17,2026-09-07T21:02:33Z,inspected,1,count,fda.inspections.drugs,raw/fda.inspections.drugs/2026/09/20260907T210233Z-485f15e8f496.json.gz,1
fda.inspections.drugs,firm:3006895951,2023-11-17,2026-09-07T21:02:33Z,inspection_end,20231117,yyyymmdd,fda.inspections.drugs,raw/fda.inspections.drugs/2026/09/20260907T210233Z-485f15e8f496.json.gz,1
fda.inspections.drugs,firm:3006895951,2023-11-17,2026-09-07T21:02:33Z,is_foreign,1,bool,fda.inspections.drugs,raw/fda.inspections.drugs/2026/09/20260907T210233Z-485f15e8f496.json.gz,1
fda.inspections.drugs,firm:3006895951,2023-11-17,2026-09-07T21:02:33Z,is_oai,0,bool,fda.inspections.drugs,raw/fda.inspections.drugs/2026/09/20260907T210233Z-485f15e8f496.json.gz,1
fda.inspections.drugs,firm:3007170694,2023-11-15,2026-09-07T21:02:33Z,classification,0,ordinal,fda.inspections.drugs,raw/fda.inspections.drugs/2026/09/20260907T210233Z-485f15e8f496.json.gz,1
fda.inspections.drugs,firm:3007170694,2023-11-15,2026-09-07T21:02:33Z,inspected,1,count,fda.inspections.drugs,raw/fda.inspections.drugs/2026/09/20260907T210233Z-485f15e8f496.json.gz,1
fda.inspections.drugs,firm:3007170694,2023-11-15,2026-09-07T21:02:33Z,inspection_end,20231115,yyyymmdd,fda.inspections.drugs,raw/fda.inspections.drugs/2026/09/20260907T210233Z-485f15e8f496.json.gz,1
fda.inspections.drugs,firm:3007170694,2023-11-15,2026-09-07T21:02:33Z,is_foreign,1,bool,fda.inspections.drugs,raw/fda.inspections.drugs/2026/09/20260907T210233Z-485f15e8f496.json.gz,1
fda.inspections.drugs,firm:3007170694,2023-11-15,2026-09-07T21:02:33Z,is_oai,0,bool,fda.inspections.drugs,raw/fda.inspections.drugs/2026/09/20260907T210233Z-485f15e8f496.json.gz,1
fda.inspections.drugs,firm:3007503037,2023-11-10,2026-09-07T21:02:33Z,classification,1,ordinal,fda.inspections.drugs,raw/fda.inspections.drugs/2026/09/20260907T210233Z-485f15e8f496.json.gz,1
fda.inspections.drugs,firm:3007503037,2023-11-10,2026-09-07T21:02:33Z,inspected,1,count,fda.inspections.drugs,raw/fda.inspections.drugs/2026/09/20260907T210233Z-485f15e8f496.json.gz,1
fda.inspections.drugs,firm:3007503037,2023-11-10,2026-09-07T21:02:33Z,inspection_end,20231110,yyyymmdd,fda.inspections.drugs,raw/fda.inspections.drugs/2026/09/20260907T210233Z-485f15e8f496.json.gz,1
fda.inspections.drugs,firm:3007503037,2023-11-10,2026-09-07T21:02:33Z,is_foreign,1,bool,fda.inspections.drugs,raw/fda.inspections.drugs/2026/09/20260907T210233Z-485f15e8f496.json.gz,1
fda.inspections.drugs,firm:3007503037,2023-11-10,2026-09-07T21:02:33Z,is_oai,0,bool,fda.inspections.drugs,raw/fda.inspections.drugs/2026/09/20260907T210233Z-485f15e8f496.json.gz,1
fda.inspections.drugs,firm:3007632373,2023-11-15,2026-09-07T21:02:33Z,classification,0,ordinal,fda.inspections.drugs,raw/fda.inspections.drugs/2026/09/20260907T210233Z-485f15e8f496.json.gz,1
fda.inspections.drugs,firm:3007632373,2023-11-15,2026-09-07T21:02:33Z,inspected,1,count,fda.inspections.drugs,raw/fda.inspections.drugs/2026/09/20260907T210233Z-485f15e8f496.json.gz,1
fda.inspections.drugs,firm:3007632373,2023-11-15,2026-09-07T21:02:33Z,inspection_end,20231115,yyyymmdd,fda.inspections.drugs,raw/fda.inspections.drugs/2026/09/20260907T210233Z-485f15e8f496.json.gz,1
fda.inspections.drugs,firm:3007632373,2023-11-15,2026-09-07T21:02:33Z,is_foreign,1,bool,fda.inspections.drugs,raw/fda.inspections.drugs/2026/09/20260907T210233Z-485f15e8f496.json.gz,1
fda.inspections.drugs,firm:3007632373,2023-11-15,2026-09-07T21:02:33Z,is_oai,0,bool,fda.inspections.drugs,raw/fda.inspections.drugs/2026/09/20260907T210233Z-485f15e8f496.json.gz,1
fda.inspections.drugs,firm:3007869649,2023-11-03,2026-09-07T21:02:33Z,classification,0,ordinal,fda.inspections.drugs,raw/fda.inspections.drugs/2026/09/20260907T210233Z-485f15e8f496.json.gz,1
fda.inspections.drugs,firm:3007869649,2023-11-03,2026-09-07T21:02:33Z,inspected,1,count,fda.inspections.drugs,raw/fda.inspections.drugs/2026/09/20260907T210233Z-485f15e8f496.json.gz,1
fda.inspections.drugs,firm:3007869649,2023-11-03,2026-09-07T21:02:33Z,inspection_end,20231103,yyyymmdd,fda.inspections.drugs,raw/fda.inspections.drugs/2026/09/20260907T210233Z-485f15e8f496.json.gz,1
fda.inspections.drugs,firm:3007869649,2023-11-03,2026-09-07T21:02:33Z,is_foreign,1,bool,fda.inspections.drugs,raw/fda.inspections.drugs/2026/09/20260907T210233Z-485f15e8f496.json.gz,1
fda.inspections.drugs,firm:3007869649,2023-11-03,2026-09-07T21:02:33Z,is_oai,0,bool,fda.inspections.drugs,raw/fda.inspections.drugs/2026/09/20260907T210233Z-485f15e8f496.json.gz,1
fda.inspections.drugs,firm:3007991333,2023-11-24,2026-09-07T21:02:33Z,classification,1,ordinal,fda.inspections.drugs,raw/fda.inspections.drugs/2026/09/20260907T210233Z-485f15e8f496.json.gz,1
fda.inspections.drugs,firm:3007991333,2023-11-24,2026-09-07T21:02:33Z,inspected,1,count,fda.inspections.drugs,raw/fda.inspections.drugs/2026/09/20260907T210233Z-485f15e8f496.json.gz,1
fda.inspections.drugs,firm:3007991333,2023-11-24,2026-09-07T21:02:33Z,inspection_end,20231124,yyyymmdd,fda.inspections.drugs,raw/fda.inspections.drugs/2026/09/20260907T210233Z-485f15e8f496.json.gz,1
fda.inspections.drugs,firm:3007991333,2023-11-24,2026-09-07T21:02:33Z,is_foreign,1,bool,fda.inspections.drugs,raw/fda.inspections.drugs/2026/09/20260907T210233Z-485f15e8f496.json.gz,1
fda.inspections.drugs,firm:3007991333,2023-11-24,2026-09-07T21:02:33Z,is_oai,0,bool,fda.inspections.drugs,raw/fda.inspections.drugs/2026/09/20260907T210233Z-485f15e8f496.json.gz,1
fda.inspections.drugs,firm:3008255136,2023-11-10,2026-09-07T21:02:33Z,classification,1,ordinal,fda.inspections.drugs,raw/fda.inspections.drugs/2026/09/20260907T210233Z-485f15e8f496.json.gz,1
fda.inspections.drugs,firm:3008255136,2023-11-10,2026-09-07T21:02:33Z,inspected,1,count,fda.inspections.drugs,raw/fda.inspections.drugs/2026/09/20260907T210233Z-485f15e8f496.json.gz,1
fda.inspections.drugs,firm:3008255136,2023-11-10,2026-09-07T21:02:33Z,inspection_end,20231110,yyyymmdd,fda.inspections.drugs,raw/fda.inspections.drugs/2026/09/20260907T210233Z-485f15e8f496.json.gz,1
fda.inspections.drugs,firm:3008255136,2023-11-10,2026-09-07T21:02:33Z,is_foreign,1,bool,fda.inspections.drugs,raw/fda.inspections.drugs/2026/09/20260907T210233Z-485f15e8f496.json.gz,1
fda.inspections.drugs,firm:3008255136,2023-11-10,2026-09-07T21:02:33Z,is_oai,0,bool,fda.inspections.drugs,raw/fda.inspections.drugs/2026/09/20260907T210233Z-485f15e8f496.json.gz,1
fda.inspections.drugs,firm:3008360647,2023-11-20,2026-09-07T21:02:33Z,classification,1,ordinal,fda.inspections.drugs,raw/fda.inspections.drugs/2026/09/20260907T210233Z-485f15e8f496.json.gz,1
fda.inspections.drugs,firm:3008360647,2023-11-20,2026-09-07T21:02:33Z,inspected,1,count,fda.inspections.drugs,raw/fda.inspections.drugs/2026/09/20260907T210233Z-485f15e8f496.json.gz,1
fda.inspections.drugs,firm:3008360647,2023-11-20,2026-09-07T21:02:33Z,inspection_end,20231120,yyyymmdd,fda.inspections.drugs,raw/fda.inspections.drugs/2026/09/20260907T210233Z-485f15e8f496.json.gz,1
fda.inspections.drugs,firm:3008360647,2023-11-20,2026-09-07T21:02:33Z,is_foreign,0,bool,fda.inspections.drugs,raw/fda.inspections.drugs/2026/09/20260907T210233Z-485f15e8f496.json.gz,1
fda.inspections.drugs,firm:3008360647,2023-11-20,2026-09-07T21:02:33Z,is_oai,0,bool,fda.inspections.drugs,raw/fda.inspections.drugs/2026/09/20260907T210233Z-485f15e8f496.json.gz,1
fda.inspections.drugs,firm:3008470621,2023-11-06,2026-09-07T21:02:33Z,classification,1,ordinal,fda.inspections.drugs,raw/fda.inspections.drugs/2026/09/20260907T210233Z-485f15e8f496.json.gz,1
fda.inspections.drugs,firm:3008470621,2023-11-06,2026-09-07T21:02:33Z,inspected,1,count,fda.inspections.drugs,raw/fda.inspections.drugs/2026/09/20260907T210233Z-485f15e8f496.json.gz,1
fda.inspections.drugs,firm:3008470621,2023-11-06,2026-09-07T21:02:33Z,inspection_end,20231106,yyyymmdd,fda.inspections.drugs,raw/fda.inspections.drugs/2026/09/20260907T210233Z-485f15e8f496.json.gz,1
fda.inspections.drugs,firm:3008470621,2023-11-06,2026-09-07T21:02:33Z,is_foreign,1,bool,fda.inspections.drugs,raw/fda.inspections.drugs/2026/09/20260907T210233Z-485f15e8f496.json.gz,1
fda.inspections.drugs,firm:3008470621,2023-11-06,2026-09-07T21:02:33Z,is_oai,0,bool,fda.inspections.drugs,raw/fda.inspections.drugs/2026/09/20260907T210233Z-485f15e8f496.json.gz,1
fda.inspections.drugs,firm:3008477155,2023-11-09,2026-09-07T21:02:33Z,classification,0,ordinal,fda.inspections.drugs,raw/fda.inspections.drugs/2026/09/20260907T210233Z-485f15e8f496.json.gz,1
fda.inspections.drugs,firm:3008477155,2023-11-09,2026-09-07T21:02:33Z,inspected,1,count,fda.inspections.drugs,raw/fda.inspections.drugs/2026/09/20260907T210233Z-485f15e8f496.json.gz,1
fda.inspections.drugs,firm:3008477155,2023-11-09,2026-09-07T21:02:33Z,inspection_end,20231109,yyyymmdd,fda.inspections.drugs,raw/fda.inspections.drugs/2026/09/20260907T210233Z-485f15e8f496.json.gz,1
fda.inspections.drugs,firm:3008477155,2023-11-09,2026-09-07T21:02:33Z,is_foreign,0,bool,fda.inspections.drugs,raw/fda.inspections.drugs/2026/09/20260907T210233Z-485f15e8f496.json.gz,1
fda.inspections.drugs,firm:3008477155,2023-11-09,2026-09-07T21:02:33Z,is_oai,0,bool,fda.inspections.drugs,raw/fda.inspections.drugs/2026/09/20260907T210233Z-485f15e8f496.json.gz,1
fda.inspections.drugs,firm:3008609738,2023-11-03,2026-09-07T21:02:33Z,classification,0,ordinal,fda.inspections.drugs,raw/fda.inspections.drugs/2026/09/20260907T210233Z-485f15e8f496.json.gz,1
fda.inspections.drugs,firm:3008609738,2023-11-03,2026-09-07T21:02:33Z,inspected,1,count,fda.inspections.drugs,raw/fda.inspections.drugs/2026/09/20260907T210233Z-485f15e8f496.json.gz,1
fda.inspections.drugs,firm:3008609738,2023-11-03,2026-09-07T21:02:33Z,inspection_end,20231103,yyyymmdd,fda.inspections.drugs,raw/fda.inspections.drugs/2026/09/20260907T210233Z-485f15e8f496.json.gz,1
fda.inspections.drugs,firm:3008609738,2023-11-03,2026-09-07T21:02:33Z,is_foreign,1,bool,fda.inspections.drugs,raw/fda.inspections.drugs/2026/09/20260907T210233Z-485f15e8f496.json.gz,1
fda.inspections.drugs,firm:3008609738,2023-11-03,2026-09-07T21:02:33Z,is_oai,0,bool,fda.inspections.drugs,raw/fda.inspections.drugs/2026/09/20260907T210233Z-485f15e8f496.json.gz,1
fda.inspections.drugs,firm:3008661444,2023-11-10,2026-09-07T21:02:33Z,classification,1,ordinal,fda.inspections.drugs,raw/fda.inspections.drugs/2026/09/20260907T210233Z-485f15e8f496.json.gz,1
fda.inspections.drugs,firm:3008661444,2023-11-10,2026-09-07T21:02:33Z,inspected,1,count,fda.inspections.drugs,raw/fda.inspections.drugs/2026/09/20260907T210233Z-485f15e8f496.json.gz,1
fda.inspections.drugs,firm:3008661444,2023-11-10,2026-09-07T21:02:33Z,inspection_end,20231110,yyyymmdd,fda.inspections.drugs,raw/fda.inspections.drugs/2026/09/20260907T210233Z-485f15e8f496.json.gz,1
fda.inspections.drugs,firm:3008661444,2023-11-10,2026-09-07T21:02:33Z,is_foreign,1,bool,fda.inspections.drugs,raw/fda.inspections.drugs/2026/09/20260907T210233Z-485f15e8f496.json.gz,1
fda.inspections.drugs,firm:3008661444,2023-11-10,2026-09-07T21:02:33Z,is_oai,0,bool,fda.inspections.drugs,raw/fda.inspections.drugs/2026/09/20260907T210233Z-485f15e8f496.json.gz,1
fda.inspections.drugs,firm:3008861605,2023-11-21,2026-09-07T21:02:33Z,classification,0,ordinal,fda.inspections.drugs,raw/fda.inspections.drugs/2026/09/20260907T210233Z-485f15e8f496.json.gz,1
fda.inspections.drugs,firm:3008861605,2023-11-21,2026-09-07T21:02:33Z,inspected,1,count,fda.inspections.drugs,raw/fda.inspections.drugs/2026/09/20260907T210233Z-485f15e8f496.json.gz,1
fda.inspections.drugs,firm:3008861605,2023-11-21,2026-09-07T21:02:33Z,inspection_end,20231121,yyyymmdd,fda.inspections.drugs,raw/fda.inspections.drugs/2026/09/20260907T210233Z-485f15e8f496.json.gz,1
fda.inspections.drugs,firm:3008861605,2023-11-21,2026-09-07T21:02:33Z,is_foreign,0,bool,fda.inspections.drugs,raw/fda.inspections.drugs/2026/09/20260907T210233Z-485f15e8f496.json.gz,1
fda.inspections.drugs,firm:3008861605,2023-11-21,2026-09-07T21:02:33Z,is_oai,0,bool,fda.inspections.drugs,raw/fda.inspections.drugs/2026/09/20260907T210233Z-485f15e8f496.json.gz,1
fda.inspections.drugs,firm:3008993976,2023-11-03,2026-09-07T21:02:33Z,classification,0,ordinal,fda.inspections.drugs,raw/fda.inspections.drugs/2026/09/20260907T210233Z-485f15e8f496.json.gz,1
fda.inspections.drugs,firm:3008993976,2023-11-03,2026-09-07T21:02:33Z,inspected,1,count,fda.inspections.drugs,raw/fda.inspections.drugs/2026/09/20260907T210233Z-485f15e8f496.json.gz,1
fda.inspections.drugs,firm:3008993976,2023-11-03,2026-09-07T21:02:33Z,inspection_end,20231103,yyyymmdd,fda.inspections.drugs,raw/fda.inspections.drugs/2026/09/20260907T210233Z-485f15e8f496.json.gz,1
fda.inspections.drugs,firm:3008993976,2023-11-03,2026-09-07T21:02:33Z,is_foreign,1,bool,fda.inspections.drugs,raw/fda.inspections.drugs/2026/09/20260907T210233Z-485f15e8f496.json.gz,1
fda.inspections.drugs,firm:3008993976,2023-11-03,2026-09-07T21:02:33Z,is_oai,0,bool,fda.inspections.drugs,raw/fda.inspections.drugs/2026/09/20260907T210233Z-485f15e8f496.json.gz,1
fda.inspections.drugs,firm:3009005003,2023-11-08,2026-09-07T21:02:33Z,classification,1,ordinal,fda.inspections.drugs,raw/fda.inspections.drugs/2026/09/20260907T210233Z-485f15e8f496.json.gz,1
fda.inspections.drugs,firm:3009005003,2023-11-08,2026-09-07T21:02:33Z,inspected,1,count,fda.inspections.drugs,raw/fda.inspections.drugs/2026/09/20260907T210233Z-485f15e8f496.json.gz,1
fda.inspections.drugs,firm:3009005003,2023-11-08,2026-09-07T21:02:33Z,inspection_end,20231108,yyyymmdd,fda.inspections.drugs,raw/fda.inspections.drugs/2026/09/20260907T210233Z-485f15e8f496.json.gz,1
fda.inspections.drugs,firm:3009005003,2023-11-08,2026-09-07T21:02:33Z,is_foreign,1,bool,fda.inspections.drugs,raw/fda.inspections.drugs/2026/09/20260907T210233Z-485f15e8f496.json.gz,1
fda.inspections.drugs,firm:3009005003,2023-11-08,2026-09-07T21:02:33Z,is_oai,0,bool,fda.inspections.drugs,raw/fda.inspections.drugs/2026/09/20260907T210233Z-485f15e8f496.json.gz,1
fda.inspections.drugs,firm:3009203427,2023-11-21,2026-09-07T21:02:33Z,classification,1,ordinal,fda.inspections.drugs,raw/fda.inspections.drugs/2026/09/20260907T210233Z-485f15e8f496.json.gz,1
fda.inspections.drugs,firm:3009203427,2023-11-21,2026-09-07T21:02:33Z,inspected,1,count,fda.inspections.drugs,raw/fda.inspections.drugs/2026/09/20260907T210233Z-485f15e8f496.json.gz,1
fda.inspections.drugs,firm:3009203427,2023-11-21,2026-09-07T21:02:33Z,inspection_end,20231121,yyyymmdd,fda.inspections.drugs,raw/fda.inspections.drugs/2026/09/20260907T210233Z-485f15e8f496.json.gz,1
fda.inspections.drugs,firm:3009203427,2023-11-21,2026-09-07T21:02:33Z,is_foreign,0,bool,fda.inspections.drugs,raw/fda.inspections.drugs/2026/09/20260907T210233Z-485f15e8f496.json.gz,1
fda.inspections.drugs,firm:3009203427,2023-11-21,2026-09-07T21:02:33Z,is_oai,0,bool,fda.inspections.drugs,raw/fda.inspections.drugs/2026/09/20260907T210233Z-485f15e8f496.json.gz,1
fda.inspections.drugs,firm:3009341839,2023-11-17,2026-09-07T21:02:33Z,classification,0,ordinal,fda.inspections.drugs,raw/fda.inspections.drugs/2026/09/20260907T210233Z-485f15e8f496.json.gz,1
fda.inspections.drugs,firm:3009341839,2023-11-17,2026-09-07T21:02:33Z,inspected,1,count,fda.inspections.drugs,raw/fda.inspections.drugs/2026/09/20260907T210233Z-485f15e8f496.json.gz,1
fda.inspections.drugs,firm:3009341839,2023-11-17,2026-09-07T21:02:33Z,inspection_end,20231117,yyyymmdd,fda.inspections.drugs,raw/fda.inspections.drugs/2026/09/20260907T210233Z-485f15e8f496.json.gz,1
fda.inspections.drugs,firm:3009341839,2023-11-17,2026-09-07T21:02:33Z,is_foreign,1,bool,fda.inspections.drugs,raw/fda.inspections.drugs/2026/09/20260907T210233Z-485f15e8f496.json.gz,1
fda.inspections.drugs,firm:3009341839,2023-11-17,2026-09-07T21:02:33Z,is_oai,0,bool,fda.inspections.drugs,raw/fda.inspections.drugs/2026/09/20260907T210233Z-485f15e8f496.json.gz,1
fda.inspections.drugs,firm:3009574457,2023-11-21,2026-09-07T21:02:33Z,classification,1,ordinal,fda.inspections.drugs,raw/fda.inspections.drugs/2026/09/20260907T210233Z-485f15e8f496.json.gz,1
fda.inspections.drugs,firm:3009574457,2023-11-21,2026-09-07T21:02:33Z,inspected,1,count,fda.inspections.drugs,raw/fda.inspections.drugs/2026/09/20260907T210233Z-485f15e8f496.json.gz,1
fda.inspections.drugs,firm:3009574457,2023-11-21,2026-09-07T21:02:33Z,inspection_end,20231121,yyyymmdd,fda.inspections.drugs,raw/fda.inspections.drugs/2026/09/20260907T210233Z-485f15e8f496.json.gz,1
fda.inspections.drugs,firm:3009574457,2023-11-21,2026-09-07T21:02:33Z,is_foreign,1,bool,fda.inspections.drugs,raw/fda.inspections.drugs/2026/09/20260907T210233Z-485f15e8f496.json.gz,1
fda.inspections.drugs,firm:3009574457,2023-11-21,2026-09-07T21:02:33Z,is_oai,0,bool,fda.inspections.drugs,raw/fda.inspections.drugs/2026/09/20260907T210233Z-485f15e8f496.json.gz,1
fda.inspections.drugs,firm:3009883135,2023-11-03,2026-09-07T21:02:33Z,classification,1,ordinal,fda.inspections.drugs,raw/fda.inspections.drugs/2026/09/20260907T210233Z-485f15e8f496.json.gz,1
fda.inspections.drugs,firm:3009883135,2023-11-03,2026-09-07T21:02:33Z,inspected,1,count,fda.inspections.drugs,raw/fda.inspections.drugs/2026/09/20260907T210233Z-485f15e8f496.json.gz,1
fda.inspections.drugs,firm:3009883135,2023-11-03,2026-09-07T21:02:33Z,inspection_end,20231103,yyyymmdd,fda.inspections.drugs,raw/fda.inspections.drugs/2026/09/20260907T210233Z-485f15e8f496.json.gz,1
fda.inspections.drugs,firm:3009883135,2023-11-03,2026-09-07T21:02:33Z,is_foreign,1,bool,fda.inspections.drugs,raw/fda.inspections.drugs/2026/09/20260907T210233Z-485f15e8f496.json.gz,1
fda.inspections.drugs,firm:3009883135,2023-11-03,2026-09-07T21:02:33Z,is_oai,0,bool,fda.inspections.drugs,raw/fda.inspections.drugs/2026/09/20260907T210233Z-485f15e8f496.json.gz,1
fda.inspections.drugs,firm:3010026101,2023-11-17,2026-09-07T21:02:33Z,classification,2,ordinal,fda.inspections.drugs,raw/fda.inspections.drugs/2026/09/20260907T210233Z-485f15e8f496.json.gz,1
fda.inspections.drugs,firm:3010026101,2023-11-17,2026-09-07T21:02:33Z,inspected,1,count,fda.inspections.drugs,raw/fda.inspections.drugs/2026/09/20260907T210233Z-485f15e8f496.json.gz,1
fda.inspections.drugs,firm:3010026101,2023-11-17,2026-09-07T21:02:33Z,inspection_end,20231117,yyyymmdd,fda.inspections.drugs,raw/fda.inspections.drugs/2026/09/20260907T210233Z-485f15e8f496.json.gz,1
fda.inspections.drugs,firm:3010026101,2023-11-17,2026-09-07T21:02:33Z,is_foreign,1,bool,fda.inspections.drugs,raw/fda.inspections.drugs/2026/09/20260907T210233Z-485f15e8f496.json.gz,1
fda.inspections.drugs,firm:3010026101,2023-11-17,2026-09-07T21:02:33Z,is_oai,1,bool,fda.inspections.drugs,raw/fda.inspections.drugs/2026/09/20260907T210233Z-485f15e8f496.json.gz,1
fda.inspections.drugs,firm:3010062344,2023-11-21,2026-09-07T21:02:33Z,classification,1,ordinal,fda.inspections.drugs,raw/fda.inspections.drugs/2026/09/20260907T210233Z-485f15e8f496.json.gz,1
fda.inspections.drugs,firm:3010062344,2023-11-21,2026-09-07T21:02:33Z,inspected,1,count,fda.inspections.drugs,raw/fda.inspections.drugs/2026/09/20260907T210233Z-485f15e8f496.json.gz,1
fda.inspections.drugs,firm:3010062344,2023-11-21,2026-09-07T21:02:33Z,inspection_end,20231121,yyyymmdd,fda.inspections.drugs,raw/fda.inspections.drugs/2026/09/20260907T210233Z-485f15e8f496.json.gz,1
fda.inspections.drugs,firm:3010062344,2023-11-21,2026-09-07T21:02:33Z,is_foreign,0,bool,fda.inspections.drugs,raw/fda.inspections.drugs/2026/09/20260907T210233Z-485f15e8f496.json.gz,1
fda.inspections.drugs,firm:3010062344,2023-11-21,2026-09-07T21:02:33Z,is_oai,0,bool,fda.inspections.drugs,raw/fda.inspections.drugs/2026/09/20260907T210233Z-485f15e8f496.json.gz,1
fda.inspections.drugs,firm:3010092818,2023-11-08,2026-09-07T21:02:33Z,classification,0,ordinal,fda.inspections.drugs,raw/fda.inspections.drugs/2026/09/20260907T210233Z-485f15e8f496.json.gz,1
fda.inspections.drugs,firm:3010092818,2023-11-08,2026-09-07T21:02:33Z,inspected,1,count,fda.inspections.drugs,raw/fda.inspections.drugs/2026/09/20260907T210233Z-485f15e8f496.json.gz,1
fda.inspections.drugs,firm:3010092818,2023-11-08,2026-09-07T21:02:33Z,inspection_end,20231108,yyyymmdd,fda.inspections.drugs,raw/fda.inspections.drugs/2026/09/20260907T210233Z-485f15e8f496.json.gz,1
fda.inspections.drugs,firm:3010092818,2023-11-08,2026-09-07T21:02:33Z,is_foreign,1,bool,fda.inspections.drugs,raw/fda.inspections.drugs/2026/09/20260907T210233Z-485f15e8f496.json.gz,1
fda.inspections.drugs,firm:3010092818,2023-11-08,2026-09-07T21:02:33Z,is_oai,0,bool,fda.inspections.drugs,raw/fda.inspections.drugs/2026/09/20260907T210233Z-485f15e8f496.json.gz,1
fda.inspections.drugs,firm:3010164449,2023-11-07,2026-09-07T21:02:33Z,classification,2,ordinal,fda.inspections.drugs,raw/fda.inspections.drugs/2026/09/20260907T210233Z-485f15e8f496.json.gz,1
fda.inspections.drugs,firm:3010164449,2023-11-07,2026-09-07T21:02:33Z,inspected,1,count,fda.inspections.drugs,raw/fda.inspections.drugs/2026/09/20260907T210233Z-485f15e8f496.json.gz,1
fda.inspections.drugs,firm:3010164449,2023-11-07,2026-09-07T21:02:33Z,inspection_end,20231107,yyyymmdd,fda.inspections.drugs,raw/fda.inspections.drugs/2026/09/20260907T210233Z-485f15e8f496.json.gz,1
fda.inspections.drugs,firm:3010164449,2023-11-07,2026-09-07T21:02:33Z,is_foreign,0,bool,fda.inspections.drugs,raw/fda.inspections.drugs/2026/09/20260907T210233Z-485f15e8f496.json.gz,1
fda.inspections.drugs,firm:3010164449,2023-11-07,2026-09-07T21:02:33Z,is_oai,1,bool,fda.inspections.drugs,raw/fda.inspections.drugs/2026/09/20260907T210233Z-485f15e8f496.json.gz,1
fda.inspections.drugs,firm:3010228842,2023-11-02,2026-09-07T21:02:33Z,classification,0,ordinal,fda.inspections.drugs,raw/fda.inspections.drugs/2026/09/20260907T210233Z-485f15e8f496.json.gz,1
fda.inspections.drugs,firm:3010228842,2023-11-02,2026-09-07T21:02:33Z,inspected,1,count,fda.inspections.drugs,raw/fda.inspections.drugs/2026/09/20260907T210233Z-485f15e8f496.json.gz,1
fda.inspections.drugs,firm:3010228842,2023-11-02,2026-09-07T21:02:33Z,inspection_end,20231102,yyyymmdd,fda.inspections.drugs,raw/fda.inspections.drugs/2026/09/20260907T210233Z-485f15e8f496.json.gz,1
fda.inspections.drugs,firm:3010228842,2023-11-02,2026-09-07T21:02:33Z,is_foreign,1,bool,fda.inspections.drugs,raw/fda.inspections.drugs/2026/09/20260907T210233Z-485f15e8f496.json.gz,1
fda.inspections.drugs,firm:3010228842,2023-11-02,2026-09-07T21:02:33Z,is_oai,0,bool,fda.inspections.drugs,raw/fda.inspections.drugs/2026/09/20260907T210233Z-485f15e8f496.json.gz,1
fda.inspections.drugs,firm:3010577308,2023-11-08,2026-09-07T21:02:33Z,classification,1,ordinal,fda.inspections.drugs,raw/fda.inspections.drugs/2026/09/20260907T210233Z-485f15e8f496.json.gz,1
fda.inspections.drugs,firm:3010577308,2023-11-08,2026-09-07T21:02:33Z,inspected,1,count,fda.inspections.drugs,raw/fda.inspections.drugs/2026/09/20260907T210233Z-485f15e8f496.json.gz,1
fda.inspections.drugs,firm:3010577308,2023-11-08,2026-09-07T21:02:33Z,inspection_end,20231108,yyyymmdd,fda.inspections.drugs,raw/fda.inspections.drugs/2026/09/20260907T210233Z-485f15e8f496.json.gz,1
fda.inspections.drugs,firm:3010577308,2023-11-08,2026-09-07T21:02:33Z,is_foreign,0,bool,fda.inspections.drugs,raw/fda.inspections.drugs/2026/09/20260907T210233Z-485f15e8f496.json.gz,1
fda.inspections.drugs,firm:3010577308,2023-11-08,2026-09-07T21:02:33Z,is_oai,0,bool,fda.inspections.drugs,raw/fda.inspections.drugs/2026/09/20260907T210233Z-485f15e8f496.json.gz,1
fda.inspections.drugs,firm:3010602046,2023-11-14,2026-09-07T21:02:33Z,classification,1,ordinal,fda.inspections.drugs,raw/fda.inspections.drugs/2026/09/20260907T210233Z-485f15e8f496.json.gz,1
fda.inspections.drugs,firm:3010602046,2023-11-14,2026-09-07T21:02:33Z,inspected,1,count,fda.inspections.drugs,raw/fda.inspections.drugs/2026/09/20260907T210233Z-485f15e8f496.json.gz,1
fda.inspections.drugs,firm:3010602046,2023-11-14,2026-09-07T21:02:33Z,inspection_end,20231114,yyyymmdd,fda.inspections.drugs,raw/fda.inspections.drugs/2026/09/20260907T210233Z-485f15e8f496.json.gz,1
fda.inspections.drugs,firm:3010602046,2023-11-14,2026-09-07T21:02:33Z,is_foreign,0,bool,fda.inspections.drugs,raw/fda.inspections.drugs/2026/09/20260907T210233Z-485f15e8f496.json.gz,1
fda.inspections.drugs,firm:3010602046,2023-11-14,2026-09-07T21:02:33Z,is_oai,0,bool,fda.inspections.drugs,raw/fda.inspections.drugs/2026/09/20260907T210233Z-485f15e8f496.json.gz,1
fda.inspections.drugs,firm:3010625707,2023-11-10,2026-09-07T21:02:33Z,classification,1,ordinal,fda.inspections.drugs,raw/fda.inspections.drugs/2026/09/20260907T210233Z-485f15e8f496.json.gz,1
fda.inspections.drugs,firm:3010625707,2023-11-10,2026-09-07T21:02:33Z,inspected,1,count,fda.inspections.drugs,raw/fda.inspections.drugs/2026/09/20260907T210233Z-485f15e8f496.json.gz,1
fda.inspections.drugs,firm:3010625707,2023-11-10,2026-09-07T21:02:33Z,inspection_end,20231110,yyyymmdd,fda.inspections.drugs,raw/fda.inspections.drugs/2026/09/20260907T210233Z-485f15e8f496.json.gz,1
fda.inspections.drugs,firm:3010625707,2023-11-10,2026-09-07T21:02:33Z,is_foreign,1,bool,fda.inspections.drugs,raw/fda.inspections.drugs/2026/09/20260907T210233Z-485f15e8f496.json.gz,1
fda.inspections.drugs,firm:3010625707,2023-11-10,2026-09-07T21:02:33Z,is_oai,0,bool,fda.inspections.drugs,raw/fda.inspections.drugs/2026/09/20260907T210233Z-485f15e8f496.json.gz,1
fda.inspections.drugs,firm:3010643037,2023-11-17,2026-09-07T21:02:33Z,classification,0,ordinal,fda.inspections.drugs,raw/fda.inspections.drugs/2026/09/20260907T210233Z-485f15e8f496.json.gz,1
fda.inspections.drugs,firm:3010643037,2023-11-17,2026-09-07T21:02:33Z,inspected,1,count,fda.inspections.drugs,raw/fda.inspections.drugs/2026/09/20260907T210233Z-485f15e8f496.json.gz,1
fda.inspections.drugs,firm:3010643037,2023-11-17,2026-09-07T21:02:33Z,inspection_end,20231117,yyyymmdd,fda.inspections.drugs,raw/fda.inspections.drugs/2026/09/20260907T210233Z-485f15e8f496.json.gz,1
fda.inspections.drugs,firm:3010643037,2023-11-17,2026-09-07T21:02:33Z,is_foreign,0,bool,fda.inspections.drugs,raw/fda.inspections.drugs/2026/09/20260907T210233Z-485f15e8f496.json.gz,1
fda.inspections.drugs,firm:3010643037,2023-11-17,2026-09-07T21:02:33Z,is_oai,0,bool,fda.inspections.drugs,raw/fda.inspections.drugs/2026/09/20260907T210233Z-485f15e8f496.json.gz,1
fda.inspections.drugs,firm:3010741204,2023-11-15,2026-09-07T21:02:33Z,classification,1,ordinal,fda.inspections.drugs,raw/fda.inspections.drugs/2026/09/20260907T210233Z-485f15e8f496.json.gz,1
fda.inspections.drugs,firm:3010741204,2023-11-15,2026-09-07T21:02:33Z,inspected,1,count,fda.inspections.drugs,raw/fda.inspections.drugs/2026/09/20260907T210233Z-485f15e8f496.json.gz,1
fda.inspections.drugs,firm:3010741204,2023-11-15,2026-09-07T21:02:33Z,inspection_end,20231115,yyyymmdd,fda.inspections.drugs,raw/fda.inspections.drugs/2026/09/20260907T210233Z-485f15e8f496.json.gz,1
fda.inspections.drugs,firm:3010741204,2023-11-15,2026-09-07T21:02:33Z,is_foreign,1,bool,fda.inspections.drugs,raw/fda.inspections.drugs/2026/09/20260907T210233Z-485f15e8f496.json.gz,1
fda.inspections.drugs,firm:3010741204,2023-11-15,2026-09-07T21:02:33Z,is_oai,0,bool,fda.inspections.drugs,raw/fda.inspections.drugs/2026/09/20260907T210233Z-485f15e8f496.json.gz,1
fda.inspections.drugs,firm:3011007122,2023-11-21,2026-09-07T21:02:33Z,classification,1,ordinal,fda.inspections.drugs,raw/fda.inspections.drugs/2026/09/20260907T210233Z-485f15e8f496.json.gz,1
fda.inspections.drugs,firm:3011007122,2023-11-21,2026-09-07T21:02:33Z,inspected,1,count,fda.inspections.drugs,raw/fda.inspections.drugs/2026/09/20260907T210233Z-485f15e8f496.json.gz,1
fda.inspections.drugs,firm:3011007122,2023-11-21,2026-09-07T21:02:33Z,inspection_end,20231121,yyyymmdd,fda.inspections.drugs,raw/fda.inspections.drugs/2026/09/20260907T210233Z-485f15e8f496.json.gz,1
fda.inspections.drugs,firm:3011007122,2023-11-21,2026-09-07T21:02:33Z,is_foreign,1,bool,fda.inspections.drugs,raw/fda.inspections.drugs/2026/09/20260907T210233Z-485f15e8f496.json.gz,1
fda.inspections.drugs,firm:3011007122,2023-11-21,2026-09-07T21:02:33Z,is_oai,0,bool,fda.inspections.drugs,raw/fda.inspections.drugs/2026/09/20260907T210233Z-485f15e8f496.json.gz,1
fda.inspections.drugs,firm:3011071488,2023-11-10,2026-09-07T21:02:33Z,classification,0,ordinal,fda.inspections.drugs,raw/fda.inspections.drugs/2026/09/20260907T210233Z-485f15e8f496.json.gz,1
fda.inspections.drugs,firm:3011071488,2023-11-10,2026-09-07T21:02:33Z,inspected,1,count,fda.inspections.drugs,raw/fda.inspections.drugs/2026/09/20260907T210233Z-485f15e8f496.json.gz,1
fda.inspections.drugs,firm:3011071488,2023-11-10,2026-09-07T21:02:33Z,inspection_end,20231110,yyyymmdd,fda.inspections.drugs,raw/fda.inspections.drugs/2026/09/20260907T210233Z-485f15e8f496.json.gz,1
fda.inspections.drugs,firm:3011071488,2023-11-10,2026-09-07T21:02:33Z,is_foreign,1,bool,fda.inspections.drugs,raw/fda.inspections.drugs/2026/09/20260907T210233Z-485f15e8f496.json.gz,1
fda.inspections.drugs,firm:3011071488,2023-11-10,2026-09-07T21:02:33Z,is_oai,0,bool,fda.inspections.drugs,raw/fda.inspections.drugs/2026/09/20260907T210233Z-485f15e8f496.json.gz,1
fda.inspections.drugs,firm:3011115378,2023-11-10,2026-09-07T21:02:33Z,classification,0,ordinal,fda.inspections.drugs,raw/fda.inspections.drugs/2026/09/20260907T210233Z-485f15e8f496.json.gz,1
fda.inspections.drugs,firm:3011115378,2023-11-10,2026-09-07T21:02:33Z,inspected,1,count,fda.inspections.drugs,raw/fda.inspections.drugs/2026/09/20260907T210233Z-485f15e8f496.json.gz,1
fda.inspections.drugs,firm:3011115378,2023-11-10,2026-09-07T21:02:33Z,inspection_end,20231110,yyyymmdd,fda.inspections.drugs,raw/fda.inspections.drugs/2026/09/20260907T210233Z-485f15e8f496.json.gz,1
fda.inspections.drugs,firm:3011115378,2023-11-10,2026-09-07T21:02:33Z,is_foreign,1,bool,fda.inspections.drugs,raw/fda.inspections.drugs/2026/09/20260907T210233Z-485f15e8f496.json.gz,1
fda.inspections.drugs,firm:3011115378,2023-11-10,2026-09-07T21:02:33Z,is_oai,0,bool,fda.inspections.drugs,raw/fda.inspections.drugs/2026/09/20260907T210233Z-485f15e8f496.json.gz,1
fda.inspections.drugs,firm:3011183638,2023-11-03,2026-09-07T21:02:33Z,classification,0,ordinal,fda.inspections.drugs,raw/fda.inspections.drugs/2026/09/20260907T210233Z-485f15e8f496.json.gz,1
fda.inspections.drugs,firm:3011183638,2023-11-03,2026-09-07T21:02:33Z,inspected,1,count,fda.inspections.drugs,raw/fda.inspections.drugs/2026/09/20260907T210233Z-485f15e8f496.json.gz,1
fda.inspections.drugs,firm:3011183638,2023-11-03,2026-09-07T21:02:33Z,inspection_end,20231103,yyyymmdd,fda.inspections.drugs,raw/fda.inspections.drugs/2026/09/20260907T210233Z-485f15e8f496.json.gz,1
fda.inspections.drugs,firm:3011183638,2023-11-03,2026-09-07T21:02:33Z,is_foreign,1,bool,fda.inspections.drugs,raw/fda.inspections.drugs/2026/09/20260907T210233Z-485f15e8f496.json.gz,1
fda.inspections.drugs,firm:3011183638,2023-11-03,2026-09-07T21:02:33Z,is_oai,0,bool,fda.inspections.drugs,raw/fda.inspections.drugs/2026/09/20260907T210233Z-485f15e8f496.json.gz,1
fda.inspections.drugs,firm:3011263308,2023-11-16,2026-09-07T21:02:33Z,classification,0,ordinal,fda.inspections.drugs,raw/fda.inspections.drugs/2026/09/20260907T210233Z-485f15e8f496.json.gz,1
fda.inspections.drugs,firm:3011263308,2023-11-16,2026-09-07T21:02:33Z,inspected,1,count,fda.inspections.drugs,raw/fda.inspections.drugs/2026/09/20260907T210233Z-485f15e8f496.json.gz,1
fda.inspections.drugs,firm:3011263308,2023-11-16,2026-09-07T21:02:33Z,inspection_end,20231116,yyyymmdd,fda.inspections.drugs,raw/fda.inspections.drugs/2026/09/20260907T210233Z-485f15e8f496.json.gz,1
fda.inspections.drugs,firm:3011263308,2023-11-16,2026-09-07T21:02:33Z,is_foreign,0,bool,fda.inspections.drugs,raw/fda.inspections.drugs/2026/09/20260907T210233Z-485f15e8f496.json.gz,1
fda.inspections.drugs,firm:3011263308,2023-11-16,2026-09-07T21:02:33Z,is_oai,0,bool,fda.inspections.drugs,raw/fda.inspections.drugs/2026/09/20260907T210233Z-485f15e8f496.json.gz,1
fda.inspections.drugs,firm:3011298355,2023-11-10,2026-09-07T21:02:33Z,classification,1,ordinal,fda.inspections.drugs,raw/fda.inspections.drugs/2026/09/20260907T210233Z-485f15e8f496.json.gz,1
fda.inspections.drugs,firm:3011298355,2023-11-10,2026-09-07T21:02:33Z,inspected,1,count,fda.inspections.drugs,raw/fda.inspections.drugs/2026/09/20260907T210233Z-485f15e8f496.json.gz,1
fda.inspections.drugs,firm:3011298355,2023-11-10,2026-09-07T21:02:33Z,inspection_end,20231110,yyyymmdd,fda.inspections.drugs,raw/fda.inspections.drugs/2026/09/20260907T210233Z-485f15e8f496.json.gz,1
fda.inspections.drugs,firm:3011298355,2023-11-10,2026-09-07T21:02:33Z,is_foreign,1,bool,fda.inspections.drugs,raw/fda.inspections.drugs/2026/09/20260907T210233Z-485f15e8f496.json.gz,1
fda.inspections.drugs,firm:3011298355,2023-11-10,2026-09-07T21:02:33Z,is_oai,0,bool,fda.inspections.drugs,raw/fda.inspections.drugs/2026/09/20260907T210233Z-485f15e8f496.json.gz,1
fda.inspections.drugs,firm:3011319445,2023-11-09,2026-09-07T21:02:33Z,classification,2,ordinal,fda.inspections.drugs,raw/fda.inspections.drugs/2026/09/20260907T210233Z-485f15e8f496.json.gz,1
fda.inspections.drugs,firm:3011319445,2023-11-09,2026-09-07T21:02:33Z,inspected,1,count,fda.inspections.drugs,raw/fda.inspections.drugs/2026/09/20260907T210233Z-485f15e8f496.json.gz,1
fda.inspections.drugs,firm:3011319445,2023-11-09,2026-09-07T21:02:33Z,inspection_end,20231109,yyyymmdd,fda.inspections.drugs,raw/fda.inspections.drugs/2026/09/20260907T210233Z-485f15e8f496.json.gz,1
fda.inspections.drugs,firm:3011319445,2023-11-09,2026-09-07T21:02:33Z,is_foreign,0,bool,fda.inspections.drugs,raw/fda.inspections.drugs/2026/09/20260907T210233Z-485f15e8f496.json.gz,1
fda.inspections.drugs,firm:3011319445,2023-11-09,2026-09-07T21:02:33Z,is_oai,1,bool,fda.inspections.drugs,raw/fda.inspections.drugs/2026/09/20260907T210233Z-485f15e8f496.json.gz,1
fda.inspections.drugs,firm:3011368010,2023-11-22,2026-09-07T21:02:33Z,classification,2,ordinal,fda.inspections.drugs,raw/fda.inspections.drugs/2026/09/20260907T210233Z-485f15e8f496.json.gz,1
fda.inspections.drugs,firm:3011368010,2023-11-22,2026-09-07T21:02:33Z,inspected,1,count,fda.inspections.drugs,raw/fda.inspections.drugs/2026/09/20260907T210233Z-485f15e8f496.json.gz,1
fda.inspections.drugs,firm:3011368010,2023-11-22,2026-09-07T21:02:33Z,inspection_end,20231122,yyyymmdd,fda.inspections.drugs,raw/fda.inspections.drugs/2026/09/20260907T210233Z-485f15e8f496.json.gz,1
fda.inspections.drugs,firm:3011368010,2023-11-22,2026-09-07T21:02:33Z,is_foreign,0,bool,fda.inspections.drugs,raw/fda.inspections.drugs/2026/09/20260907T210233Z-485f15e8f496.json.gz,1
fda.inspections.drugs,firm:3011368010,2023-11-22,2026-09-07T21:02:33Z,is_oai,1,bool,fda.inspections.drugs,raw/fda.inspections.drugs/2026/09/20260907T210233Z-485f15e8f496.json.gz,1
fda.inspections.drugs,firm:3011773798,2023-11-01,2026-09-07T21:02:33Z,classification,1,ordinal,fda.inspections.drugs,raw/fda.inspections.drugs/2026/09/20260907T210233Z-485f15e8f496.json.gz,1
fda.inspections.drugs,firm:3011773798,2023-11-01,2026-09-07T21:02:33Z,inspected,1,count,fda.inspections.drugs,raw/fda.inspections.drugs/2026/09/20260907T210233Z-485f15e8f496.json.gz,1
fda.inspections.drugs,firm:3011773798,2023-11-01,2026-09-07T21:02:33Z,inspection_end,20231101,yyyymmdd,fda.inspections.drugs,raw/fda.inspections.drugs/2026/09/20260907T210233Z-485f15e8f496.json.gz,1
fda.inspections.drugs,firm:3011773798,2023-11-01,2026-09-07T21:02:33Z,is_foreign,0,bool,fda.inspections.drugs,raw/fda.inspections.drugs/2026/09/20260907T210233Z-485f15e8f496.json.gz,1
fda.inspections.drugs,firm:3011773798,2023-11-01,2026-09-07T21:02:33Z,is_oai,0,bool,fda.inspections.drugs,raw/fda.inspections.drugs/2026/09/20260907T210233Z-485f15e8f496.json.gz,1
fda.inspections.drugs,firm:3011851548,2023-11-08,2026-09-07T21:02:33Z,classification,2,ordinal,fda.inspections.drugs,raw/fda.inspections.drugs/2026/09/20260907T210233Z-485f15e8f496.json.gz,1
fda.inspections.drugs,firm:3011851548,2023-11-08,2026-09-07T21:02:33Z,inspected,1,count,fda.inspections.drugs,raw/fda.inspections.drugs/2026/09/20260907T210233Z-485f15e8f496.json.gz,1
fda.inspections.drugs,firm:3011851548,2023-11-08,2026-09-07T21:02:33Z,inspection_end,20231108,yyyymmdd,fda.inspections.drugs,raw/fda.inspections.drugs/2026/09/20260907T210233Z-485f15e8f496.json.gz,1
fda.inspections.drugs,firm:3011851548,2023-11-08,2026-09-07T21:02:33Z,is_foreign,0,bool,fda.inspections.drugs,raw/fda.inspections.drugs/2026/09/20260907T210233Z-485f15e8f496.json.gz,1
fda.inspections.drugs,firm:3011851548,2023-11-08,2026-09-07T21:02:33Z,is_oai,1,bool,fda.inspections.drugs,raw/fda.inspections.drugs/2026/09/20260907T210233Z-485f15e8f496.json.gz,1
fda.inspections.drugs,firm:3011965331,2023-11-16,2026-09-07T21:02:33Z,classification,0,ordinal,fda.inspections.drugs,raw/fda.inspections.drugs/2026/09/20260907T210233Z-485f15e8f496.json.gz,1
fda.inspections.drugs,firm:3011965331,2023-11-16,2026-09-07T21:02:33Z,inspected,1,count,fda.inspections.drugs,raw/fda.inspections.drugs/2026/09/20260907T210233Z-485f15e8f496.json.gz,1
fda.inspections.drugs,firm:3011965331,2023-11-16,2026-09-07T21:02:33Z,inspection_end,20231116,yyyymmdd,fda.inspections.drugs,raw/fda.inspections.drugs/2026/09/20260907T210233Z-485f15e8f496.json.gz,1
fda.inspections.drugs,firm:3011965331,2023-11-16,2026-09-07T21:02:33Z,is_foreign,0,bool,fda.inspections.drugs,raw/fda.inspections.drugs/2026/09/20260907T210233Z-485f15e8f496.json.gz,1
fda.inspections.drugs,firm:3011965331,2023-11-16,2026-09-07T21:02:33Z,is_oai,0,bool,fda.inspections.drugs,raw/fda.inspections.drugs/2026/09/20260907T210233Z-485f15e8f496.json.gz,1
fda.inspections.drugs,firm:3012232287,2023-11-08,2026-09-07T21:02:33Z,classification,1,ordinal,fda.inspections.drugs,raw/fda.inspections.drugs/2026/09/20260907T210233Z-485f15e8f496.json.gz,1
fda.inspections.drugs,firm:3012232287,2023-11-08,2026-09-07T21:02:33Z,inspected,1,count,fda.inspections.drugs,raw/fda.inspections.drugs/2026/09/20260907T210233Z-485f15e8f496.json.gz,1
fda.inspections.drugs,firm:3012232287,2023-11-08,2026-09-07T21:02:33Z,inspection_end,20231108,yyyymmdd,fda.inspections.drugs,raw/fda.inspections.drugs/2026/09/20260907T210233Z-485f15e8f496.json.gz,1
fda.inspections.drugs,firm:3012232287,2023-11-08,2026-09-07T21:02:33Z,is_foreign,0,bool,fda.inspections.drugs,raw/fda.inspections.drugs/2026/09/20260907T210233Z-485f15e8f496.json.gz,1
fda.inspections.drugs,firm:3012232287,2023-11-08,2026-09-07T21:02:33Z,is_oai,0,bool,fda.inspections.drugs,raw/fda.inspections.drugs/2026/09/20260907T210233Z-485f15e8f496.json.gz,1
fda.inspections.drugs,firm:3012257735,2023-11-03,2026-09-07T21:02:33Z,classification,1,ordinal,fda.inspections.drugs,raw/fda.inspections.drugs/2026/09/20260907T210233Z-485f15e8f496.json.gz,1
fda.inspections.drugs,firm:3012257735,2023-11-03,2026-09-07T21:02:33Z,inspected,1,count,fda.inspections.drugs,raw/fda.inspections.drugs/2026/09/20260907T210233Z-485f15e8f496.json.gz,1
fda.inspections.drugs,firm:3012257735,2023-11-03,2026-09-07T21:02:33Z,inspection_end,20231103,yyyymmdd,fda.inspections.drugs,raw/fda.inspections.drugs/2026/09/20260907T210233Z-485f15e8f496.json.gz,1
fda.inspections.drugs,firm:3012257735,2023-11-03,2026-09-07T21:02:33Z,is_foreign,0,bool,fda.inspections.drugs,raw/fda.inspections.drugs/2026/09/20260907T210233Z-485f15e8f496.json.gz,1
fda.inspections.drugs,firm:3012257735,2023-11-03,2026-09-07T21:02:33Z,is_oai,0,bool,fda.inspections.drugs,raw/fda.inspections.drugs/2026/09/20260907T210233Z-485f15e8f496.json.gz,1
fda.inspections.drugs,firm:3012281081,2023-11-22,2026-09-07T21:02:33Z,classification,2,ordinal,fda.inspections.drugs,raw/fda.inspections.drugs/2026/09/20260907T210233Z-485f15e8f496.json.gz,1
fda.inspections.drugs,firm:3012281081,2023-11-22,2026-09-07T21:02:33Z,inspected,1,count,fda.inspections.drugs,raw/fda.inspections.drugs/2026/09/20260907T210233Z-485f15e8f496.json.gz,1
fda.inspections.drugs,firm:3012281081,2023-11-22,2026-09-07T21:02:33Z,inspection_end,20231122,yyyymmdd,fda.inspections.drugs,raw/fda.inspections.drugs/2026/09/20260907T210233Z-485f15e8f496.json.gz,1
fda.inspections.drugs,firm:3012281081,2023-11-22,2026-09-07T21:02:33Z,is_foreign,1,bool,fda.inspections.drugs,raw/fda.inspections.drugs/2026/09/20260907T210233Z-485f15e8f496.json.gz,1
fda.inspections.drugs,firm:3012281081,2023-11-22,2026-09-07T21:02:33Z,is_oai,1,bool,fda.inspections.drugs,raw/fda.inspections.drugs/2026/09/20260907T210233Z-485f15e8f496.json.gz,1
fda.inspections.drugs,firm:3012668529,2023-11-10,2026-09-07T21:02:33Z,classification,2,ordinal,fda.inspections.drugs,raw/fda.inspections.drugs/2026/09/20260907T210233Z-485f15e8f496.json.gz,1
fda.inspections.drugs,firm:3012668529,2023-11-10,2026-09-07T21:02:33Z,inspected,1,count,fda.inspections.drugs,raw/fda.inspections.drugs/2026/09/20260907T210233Z-485f15e8f496.json.gz,1
fda.inspections.drugs,firm:3012668529,2023-11-10,2026-09-07T21:02:33Z,inspection_end,20231110,yyyymmdd,fda.inspections.drugs,raw/fda.inspections.drugs/2026/09/20260907T210233Z-485f15e8f496.json.gz,1
fda.inspections.drugs,firm:3012668529,2023-11-10,2026-09-07T21:02:33Z,is_foreign,1,bool,fda.inspections.drugs,raw/fda.inspections.drugs/2026/09/20260907T210233Z-485f15e8f496.json.gz,1
fda.inspections.drugs,firm:3012668529,2023-11-10,2026-09-07T21:02:33Z,is_oai,1,bool,fda.inspections.drugs,raw/fda.inspections.drugs/2026/09/20260907T210233Z-485f15e8f496.json.gz,1
fda.inspections.drugs,firm:3013154634,2023-11-10,2026-09-07T21:02:33Z,classification,0,ordinal,fda.inspections.drugs,raw/fda.inspections.drugs/2026/09/20260907T210233Z-485f15e8f496.json.gz,1
fda.inspections.drugs,firm:3013154634,2023-11-10,2026-09-07T21:02:33Z,inspected,1,count,fda.inspections.drugs,raw/fda.inspections.drugs/2026/09/20260907T210233Z-485f15e8f496.json.gz,1
fda.inspections.drugs,firm:3013154634,2023-11-10,2026-09-07T21:02:33Z,inspection_end,20231110,yyyymmdd,fda.inspections.drugs,raw/fda.inspections.drugs/2026/09/20260907T210233Z-485f15e8f496.json.gz,1
fda.inspections.drugs,firm:3013154634,2023-11-10,2026-09-07T21:02:33Z,is_foreign,1,bool,fda.inspections.drugs,raw/fda.inspections.drugs/2026/09/20260907T210233Z-485f15e8f496.json.gz,1
fda.inspections.drugs,firm:3013154634,2023-11-10,2026-09-07T21:02:33Z,is_oai,0,bool,fda.inspections.drugs,raw/fda.inspections.drugs/2026/09/20260907T210233Z-485f15e8f496.json.gz,1
fda.inspections.drugs,firm:3013167427,2023-11-03,2026-09-07T21:02:33Z,classification,0,ordinal,fda.inspections.drugs,raw/fda.inspections.drugs/2026/09/20260907T210233Z-485f15e8f496.json.gz,1
fda.inspections.drugs,firm:3013167427,2023-11-03,2026-09-07T21:02:33Z,inspected,1,count,fda.inspections.drugs,raw/fda.inspections.drugs/2026/09/20260907T210233Z-485f15e8f496.json.gz,1
fda.inspections.drugs,firm:3013167427,2023-11-03,2026-09-07T21:02:33Z,inspection_end,20231103,yyyymmdd,fda.inspections.drugs,raw/fda.inspections.drugs/2026/09/20260907T210233Z-485f15e8f496.json.gz,1
fda.inspections.drugs,firm:3013167427,2023-11-03,2026-09-07T21:02:33Z,is_foreign,1,bool,fda.inspections.drugs,raw/fda.inspections.drugs/2026/09/20260907T210233Z-485f15e8f496.json.gz,1
fda.inspections.drugs,firm:3013167427,2023-11-03,2026-09-07T21:02:33Z,is_oai,0,bool,fda.inspections.drugs,raw/fda.inspections.drugs/2026/09/20260907T210233Z-485f15e8f496.json.gz,1
fda.inspections.drugs,firm:3013395518,2023-11-15,2026-09-07T21:02:33Z,classification,1,ordinal,fda.inspections.drugs,raw/fda.inspections.drugs/2026/09/20260907T210233Z-485f15e8f496.json.gz,1
fda.inspections.drugs,firm:3013395518,2023-11-15,2026-09-07T21:02:33Z,inspected,1,count,fda.inspections.drugs,raw/fda.inspections.drugs/2026/09/20260907T210233Z-485f15e8f496.json.gz,1
fda.inspections.drugs,firm:3013395518,2023-11-15,2026-09-07T21:02:33Z,inspection_end,20231115,yyyymmdd,fda.inspections.drugs,raw/fda.inspections.drugs/2026/09/20260907T210233Z-485f15e8f496.json.gz,1
fda.inspections.drugs,firm:3013395518,2023-11-15,2026-09-07T21:02:33Z,is_foreign,0,bool,fda.inspections.drugs,raw/fda.inspections.drugs/2026/09/20260907T210233Z-485f15e8f496.json.gz,1
fda.inspections.drugs,firm:3013395518,2023-11-15,2026-09-07T21:02:33Z,is_oai,0,bool,fda.inspections.drugs,raw/fda.inspections.drugs/2026/09/20260907T210233Z-485f15e8f496.json.gz,1
fda.inspections.drugs,firm:3013563688,2023-11-03,2026-09-07T21:02:33Z,classification,1,ordinal,fda.inspections.drugs,raw/fda.inspections.drugs/2026/09/20260907T210233Z-485f15e8f496.json.gz,1
fda.inspections.drugs,firm:3013563688,2023-11-03,2026-09-07T21:02:33Z,inspected,1,count,fda.inspections.drugs,raw/fda.inspections.drugs/2026/09/20260907T210233Z-485f15e8f496.json.gz,1
fda.inspections.drugs,firm:3013563688,2023-11-03,2026-09-07T21:02:33Z,inspection_end,20231103,yyyymmdd,fda.inspections.drugs,raw/fda.inspections.drugs/2026/09/20260907T210233Z-485f15e8f496.json.gz,1
fda.inspections.drugs,firm:3013563688,2023-11-03,2026-09-07T21:02:33Z,is_foreign,1,bool,fda.inspections.drugs,raw/fda.inspections.drugs/2026/09/20260907T210233Z-485f15e8f496.json.gz,1
fda.inspections.drugs,firm:3013563688,2023-11-03,2026-09-07T21:02:33Z,is_oai,0,bool,fda.inspections.drugs,raw/fda.inspections.drugs/2026/09/20260907T210233Z-485f15e8f496.json.gz,1
fda.inspections.drugs,firm:3013593602,2023-11-10,2026-09-07T21:02:33Z,classification,0,ordinal,fda.inspections.drugs,raw/fda.inspections.drugs/2026/09/20260907T210233Z-485f15e8f496.json.gz,1
fda.inspections.drugs,firm:3013593602,2023-11-10,2026-09-07T21:02:33Z,inspected,1,count,fda.inspections.drugs,raw/fda.inspections.drugs/2026/09/20260907T210233Z-485f15e8f496.json.gz,1
fda.inspections.drugs,firm:3013593602,2023-11-10,2026-09-07T21:02:33Z,inspection_end,20231110,yyyymmdd,fda.inspections.drugs,raw/fda.inspections.drugs/2026/09/20260907T210233Z-485f15e8f496.json.gz,1
fda.inspections.drugs,firm:3013593602,2023-11-10,2026-09-07T21:02:33Z,is_foreign,1,bool,fda.inspections.drugs,raw/fda.inspections.drugs/2026/09/20260907T210233Z-485f15e8f496.json.gz,1
fda.inspections.drugs,firm:3013593602,2023-11-10,2026-09-07T21:02:33Z,is_oai,0,bool,fda.inspections.drugs,raw/fda.inspections.drugs/2026/09/20260907T210233Z-485f15e8f496.json.gz,1
fda.inspections.drugs,firm:3013834440,2023-11-06,2026-09-07T21:02:33Z,classification,1,ordinal,fda.inspections.drugs,raw/fda.inspections.drugs/2026/09/20260907T210233Z-485f15e8f496.json.gz,1
fda.inspections.drugs,firm:3013834440,2023-11-06,2026-09-07T21:02:33Z,inspected,1,count,fda.inspections.drugs,raw/fda.inspections.drugs/2026/09/20260907T210233Z-485f15e8f496.json.gz,1
fda.inspections.drugs,firm:3013834440,2023-11-06,2026-09-07T21:02:33Z,inspection_end,20231106,yyyymmdd,fda.inspections.drugs,raw/fda.inspections.drugs/2026/09/20260907T210233Z-485f15e8f496.json.gz,1
fda.inspections.drugs,firm:3013834440,2023-11-06,2026-09-07T21:02:33Z,is_foreign,0,bool,fda.inspections.drugs,raw/fda.inspections.drugs/2026/09/20260907T210233Z-485f15e8f496.json.gz,1
fda.inspections.drugs,firm:3013834440,2023-11-06,2026-09-07T21:02:33Z,is_oai,0,bool,fda.inspections.drugs,raw/fda.inspections.drugs/2026/09/20260907T210233Z-485f15e8f496.json.gz,1
fda.inspections.drugs,firm:3013989101,2023-11-10,2026-09-07T21:02:33Z,classification,1,ordinal,fda.inspections.drugs,raw/fda.inspections.drugs/2026/09/20260907T210233Z-485f15e8f496.json.gz,1
fda.inspections.drugs,firm:3013989101,2023-11-10,2026-09-07T21:02:33Z,inspected,1,count,fda.inspections.drugs,raw/fda.inspections.drugs/2026/09/20260907T210233Z-485f15e8f496.json.gz,1
fda.inspections.drugs,firm:3013989101,2023-11-10,2026-09-07T21:02:33Z,inspection_end,20231110,yyyymmdd,fda.inspections.drugs,raw/fda.inspections.drugs/2026/09/20260907T210233Z-485f15e8f496.json.gz,1
fda.inspections.drugs,firm:3013989101,2023-11-10,2026-09-07T21:02:33Z,is_foreign,1,bool,fda.inspections.drugs,raw/fda.inspections.drugs/2026/09/20260907T210233Z-485f15e8f496.json.gz,1
fda.inspections.drugs,firm:3013989101,2023-11-10,2026-09-07T21:02:33Z,is_oai,0,bool,fda.inspections.drugs,raw/fda.inspections.drugs/2026/09/20260907T210233Z-485f15e8f496.json.gz,1
fda.inspections.drugs,firm:3014115036,2023-11-10,2026-09-07T21:02:33Z,classification,0,ordinal,fda.inspections.drugs,raw/fda.inspections.drugs/2026/09/20260907T210233Z-485f15e8f496.json.gz,1
fda.inspections.drugs,firm:3014115036,2023-11-10,2026-09-07T21:02:33Z,inspected,1,count,fda.inspections.drugs,raw/fda.inspections.drugs/2026/09/20260907T210233Z-485f15e8f496.json.gz,1
fda.inspections.drugs,firm:3014115036,2023-11-10,2026-09-07T21:02:33Z,inspection_end,20231110,yyyymmdd,fda.inspections.drugs,raw/fda.inspections.drugs/2026/09/20260907T210233Z-485f15e8f496.json.gz,1
fda.inspections.drugs,firm:3014115036,2023-11-10,2026-09-07T21:02:33Z,is_foreign,1,bool,fda.inspections.drugs,raw/fda.inspections.drugs/2026/09/20260907T210233Z-485f15e8f496.json.gz,1
fda.inspections.drugs,firm:3014115036,2023-11-10,2026-09-07T21:02:33Z,is_oai,0,bool,fda.inspections.drugs,raw/fda.inspections.drugs/2026/09/20260907T210233Z-485f15e8f496.json.gz,1
fda.inspections.drugs,firm:3014325189,2023-11-01,2026-09-07T21:02:33Z,classification,0,ordinal,fda.inspections.drugs,raw/fda.inspections.drugs/2026/09/20260907T210233Z-485f15e8f496.json.gz,1
fda.inspections.drugs,firm:3014325189,2023-11-01,2026-09-07T21:02:33Z,inspected,1,count,fda.inspections.drugs,raw/fda.inspections.drugs/2026/09/20260907T210233Z-485f15e8f496.json.gz,1
fda.inspections.drugs,firm:3014325189,2023-11-01,2026-09-07T21:02:33Z,inspection_end,20231101,yyyymmdd,fda.inspections.drugs,raw/fda.inspections.drugs/2026/09/20260907T210233Z-485f15e8f496.json.gz,1
fda.inspections.drugs,firm:3014325189,2023-11-01,2026-09-07T21:02:33Z,is_foreign,1,bool,fda.inspections.drugs,raw/fda.inspections.drugs/2026/09/20260907T210233Z-485f15e8f496.json.gz,1
fda.inspections.drugs,firm:3014325189,2023-11-01,2026-09-07T21:02:33Z,is_oai,0,bool,fda.inspections.drugs,raw/fda.inspections.drugs/2026/09/20260907T210233Z-485f15e8f496.json.gz,1
fda.inspections.drugs,firm:3014630458,2023-11-09,2026-09-07T21:02:33Z,classification,2,ordinal,fda.inspections.drugs,raw/fda.inspections.drugs/2026/09/20260907T210233Z-485f15e8f496.json.gz,1
fda.inspections.drugs,firm:3014630458,2023-11-09,2026-09-07T21:02:33Z,inspected,1,count,fda.inspections.drugs,raw/fda.inspections.drugs/2026/09/20260907T210233Z-485f15e8f496.json.gz,1
fda.inspections.drugs,firm:3014630458,2023-11-09,2026-09-07T21:02:33Z,inspection_end,20231109,yyyymmdd,fda.inspections.drugs,raw/fda.inspections.drugs/2026/09/20260907T210233Z-485f15e8f496.json.gz,1
fda.inspections.drugs,firm:3014630458,2023-11-09,2026-09-07T21:02:33Z,is_foreign,0,bool,fda.inspections.drugs,raw/fda.inspections.drugs/2026/09/20260907T210233Z-485f15e8f496.json.gz,1
fda.inspections.drugs,firm:3014630458,2023-11-09,2026-09-07T21:02:33Z,is_oai,1,bool,fda.inspections.drugs,raw/fda.inspections.drugs/2026/09/20260907T210233Z-485f15e8f496.json.gz,1
fda.inspections.drugs,firm:3014759234,2023-11-03,2026-09-07T21:02:33Z,classification,2,ordinal,fda.inspections.drugs,raw/fda.inspections.drugs/2026/09/20260907T210233Z-485f15e8f496.json.gz,1
fda.inspections.drugs,firm:3014759234,2023-11-03,2026-09-07T21:02:33Z,inspected,1,count,fda.inspections.drugs,raw/fda.inspections.drugs/2026/09/20260907T210233Z-485f15e8f496.json.gz,1
fda.inspections.drugs,firm:3014759234,2023-11-03,2026-09-07T21:02:33Z,inspection_end,20231103,yyyymmdd,fda.inspections.drugs,raw/fda.inspections.drugs/2026/09/20260907T210233Z-485f15e8f496.json.gz,1
fda.inspections.drugs,firm:3014759234,2023-11-03,2026-09-07T21:02:33Z,is_foreign,0,bool,fda.inspections.drugs,raw/fda.inspections.drugs/2026/09/20260907T210233Z-485f15e8f496.json.gz,1
fda.inspections.drugs,firm:3014759234,2023-11-03,2026-09-07T21:02:33Z,is_oai,1,bool,fda.inspections.drugs,raw/fda.inspections.drugs/2026/09/20260907T210233Z-485f15e8f496.json.gz,1
fda.inspections.drugs,firm:3014835951,2023-11-03,2026-09-07T21:02:33Z,classification,0,ordinal,fda.inspections.drugs,raw/fda.inspections.drugs/2026/09/20260907T210233Z-485f15e8f496.json.gz,1
fda.inspections.drugs,firm:3014835951,2023-11-03,2026-09-07T21:02:33Z,inspected,1,count,fda.inspections.drugs,raw/fda.inspections.drugs/2026/09/20260907T210233Z-485f15e8f496.json.gz,1
fda.inspections.drugs,firm:3014835951,2023-11-03,2026-09-07T21:02:33Z,inspection_end,20231103,yyyymmdd,fda.inspections.drugs,raw/fda.inspections.drugs/2026/09/20260907T210233Z-485f15e8f496.json.gz,1
fda.inspections.drugs,firm:3014835951,2023-11-03,2026-09-07T21:02:33Z,is_foreign,0,bool,fda.inspections.drugs,raw/fda.inspections.drugs/2026/09/20260907T210233Z-485f15e8f496.json.gz,1
fda.inspections.drugs,firm:3014835951,2023-11-03,2026-09-07T21:02:33Z,is_oai,0,bool,fda.inspections.drugs,raw/fda.inspections.drugs/2026/09/20260907T210233Z-485f15e8f496.json.gz,1
fda.inspections.drugs,firm:3015116573,2023-11-03,2026-09-07T21:02:33Z,classification,0,ordinal,fda.inspections.drugs,raw/fda.inspections.drugs/2026/09/20260907T210233Z-485f15e8f496.json.gz,1
fda.inspections.drugs,firm:3015116573,2023-11-03,2026-09-07T21:02:33Z,inspected,1,count,fda.inspections.drugs,raw/fda.inspections.drugs/2026/09/20260907T210233Z-485f15e8f496.json.gz,1
fda.inspections.drugs,firm:3015116573,2023-11-03,2026-09-07T21:02:33Z,inspection_end,20231103,yyyymmdd,fda.inspections.drugs,raw/fda.inspections.drugs/2026/09/20260907T210233Z-485f15e8f496.json.gz,1
fda.inspections.drugs,firm:3015116573,2023-11-03,2026-09-07T21:02:33Z,is_foreign,1,bool,fda.inspections.drugs,raw/fda.inspections.drugs/2026/09/20260907T210233Z-485f15e8f496.json.gz,1
fda.inspections.drugs,firm:3015116573,2023-11-03,2026-09-07T21:02:33Z,is_oai,0,bool,fda.inspections.drugs,raw/fda.inspections.drugs/2026/09/20260907T210233Z-485f15e8f496.json.gz,1
fda.inspections.drugs,firm:3015196287,2023-11-03,2026-09-07T21:02:33Z,classification,1,ordinal,fda.inspections.drugs,raw/fda.inspections.drugs/2026/09/20260907T210233Z-485f15e8f496.json.gz,1
fda.inspections.drugs,firm:3015196287,2023-11-03,2026-09-07T21:02:33Z,inspected,1,count,fda.inspections.drugs,raw/fda.inspections.drugs/2026/09/20260907T210233Z-485f15e8f496.json.gz,1
fda.inspections.drugs,firm:3015196287,2023-11-03,2026-09-07T21:02:33Z,inspection_end,20231103,yyyymmdd,fda.inspections.drugs,raw/fda.inspections.drugs/2026/09/20260907T210233Z-485f15e8f496.json.gz,1
fda.inspections.drugs,firm:3015196287,2023-11-03,2026-09-07T21:02:33Z,is_foreign,0,bool,fda.inspections.drugs,raw/fda.inspections.drugs/2026/09/20260907T210233Z-485f15e8f496.json.gz,1
fda.inspections.drugs,firm:3015196287,2023-11-03,2026-09-07T21:02:33Z,is_oai,0,bool,fda.inspections.drugs,raw/fda.inspections.drugs/2026/09/20260907T210233Z-485f15e8f496.json.gz,1
fda.inspections.drugs,firm:3015305066,2023-11-17,2026-09-07T21:02:33Z,classification,2,ordinal,fda.inspections.drugs,raw/fda.inspections.drugs/2026/09/20260907T210233Z-485f15e8f496.json.gz,1
fda.inspections.drugs,firm:3015305066,2023-11-17,2026-09-07T21:02:33Z,inspected,1,count,fda.inspections.drugs,raw/fda.inspections.drugs/2026/09/20260907T210233Z-485f15e8f496.json.gz,1
fda.inspections.drugs,firm:3015305066,2023-11-17,2026-09-07T21:02:33Z,inspection_end,20231117,yyyymmdd,fda.inspections.drugs,raw/fda.inspections.drugs/2026/09/20260907T210233Z-485f15e8f496.json.gz,1
fda.inspections.drugs,firm:3015305066,2023-11-17,2026-09-07T21:02:33Z,is_foreign,0,bool,fda.inspections.drugs,raw/fda.inspections.drugs/2026/09/20260907T210233Z-485f15e8f496.json.gz,1
fda.inspections.drugs,firm:3015305066,2023-11-17,2026-09-07T21:02:33Z,is_oai,1,bool,fda.inspections.drugs,raw/fda.inspections.drugs/2026/09/20260907T210233Z-485f15e8f496.json.gz,1
fda.inspections.drugs,firm:3015474688,2023-11-15,2026-09-07T21:02:33Z,classification,1,ordinal,fda.inspections.drugs,raw/fda.inspections.drugs/2026/09/20260907T210233Z-485f15e8f496.json.gz,1
fda.inspections.drugs,firm:3015474688,2023-11-15,2026-09-07T21:02:33Z,inspected,1,count,fda.inspections.drugs,raw/fda.inspections.drugs/2026/09/20260907T210233Z-485f15e8f496.json.gz,1
fda.inspections.drugs,firm:3015474688,2023-11-15,2026-09-07T21:02:33Z,inspection_end,20231115,yyyymmdd,fda.inspections.drugs,raw/fda.inspections.drugs/2026/09/20260907T210233Z-485f15e8f496.json.gz,1
fda.inspections.drugs,firm:3015474688,2023-11-15,2026-09-07T21:02:33Z,is_foreign,0,bool,fda.inspections.drugs,raw/fda.inspections.drugs/2026/09/20260907T210233Z-485f15e8f496.json.gz,1
fda.inspections.drugs,firm:3015474688,2023-11-15,2026-09-07T21:02:33Z,is_oai,0,bool,fda.inspections.drugs,raw/fda.inspections.drugs/2026/09/20260907T210233Z-485f15e8f496.json.gz,1
fda.inspections.drugs,firm:3015528193,2023-11-10,2026-09-07T21:02:33Z,classification,1,ordinal,fda.inspections.drugs,raw/fda.inspections.drugs/2026/09/20260907T210233Z-485f15e8f496.json.gz,1
fda.inspections.drugs,firm:3015528193,2023-11-10,2026-09-07T21:02:33Z,inspected,1,count,fda.inspections.drugs,raw/fda.inspections.drugs/2026/09/20260907T210233Z-485f15e8f496.json.gz,1
fda.inspections.drugs,firm:3015528193,2023-11-10,2026-09-07T21:02:33Z,inspection_end,20231110,yyyymmdd,fda.inspections.drugs,raw/fda.inspections.drugs/2026/09/20260907T210233Z-485f15e8f496.json.gz,1
fda.inspections.drugs,firm:3015528193,2023-11-10,2026-09-07T21:02:33Z,is_foreign,1,bool,fda.inspections.drugs,raw/fda.inspections.drugs/2026/09/20260907T210233Z-485f15e8f496.json.gz,1
fda.inspections.drugs,firm:3015528193,2023-11-10,2026-09-07T21:02:33Z,is_oai,0,bool,fda.inspections.drugs,raw/fda.inspections.drugs/2026/09/20260907T210233Z-485f15e8f496.json.gz,1
fda.inspections.drugs,firm:3015549985,2023-11-17,2026-09-07T21:02:33Z,classification,0,ordinal,fda.inspections.drugs,raw/fda.inspections.drugs/2026/09/20260907T210233Z-485f15e8f496.json.gz,1
fda.inspections.drugs,firm:3015549985,2023-11-17,2026-09-07T21:02:33Z,inspected,1,count,fda.inspections.drugs,raw/fda.inspections.drugs/2026/09/20260907T210233Z-485f15e8f496.json.gz,1
fda.inspections.drugs,firm:3015549985,2023-11-17,2026-09-07T21:02:33Z,inspection_end,20231117,yyyymmdd,fda.inspections.drugs,raw/fda.inspections.drugs/2026/09/20260907T210233Z-485f15e8f496.json.gz,1
fda.inspections.drugs,firm:3015549985,2023-11-17,2026-09-07T21:02:33Z,is_foreign,0,bool,fda.inspections.drugs,raw/fda.inspections.drugs/2026/09/20260907T210233Z-485f15e8f496.json.gz,1
fda.inspections.drugs,firm:3015549985,2023-11-17,2026-09-07T21:02:33Z,is_oai,0,bool,fda.inspections.drugs,raw/fda.inspections.drugs/2026/09/20260907T210233Z-485f15e8f496.json.gz,1
fda.inspections.drugs,firm:3015784623,2023-11-03,2026-09-07T21:02:33Z,classification,0,ordinal,fda.inspections.drugs,raw/fda.inspections.drugs/2026/09/20260907T210233Z-485f15e8f496.json.gz,1
fda.inspections.drugs,firm:3015784623,2023-11-03,2026-09-07T21:02:33Z,inspected,1,count,fda.inspections.drugs,raw/fda.inspections.drugs/2026/09/20260907T210233Z-485f15e8f496.json.gz,1
fda.inspections.drugs,firm:3015784623,2023-11-03,2026-09-07T21:02:33Z,inspection_end,20231103,yyyymmdd,fda.inspections.drugs,raw/fda.inspections.drugs/2026/09/20260907T210233Z-485f15e8f496.json.gz,1
fda.inspections.drugs,firm:3015784623,2023-11-03,2026-09-07T21:02:33Z,is_foreign,0,bool,fda.inspections.drugs,raw/fda.inspections.drugs/2026/09/20260907T210233Z-485f15e8f496.json.gz,1
fda.inspections.drugs,firm:3015784623,2023-11-03,2026-09-07T21:02:33Z,is_oai,0,bool,fda.inspections.drugs,raw/fda.inspections.drugs/2026/09/20260907T210233Z-485f15e8f496.json.gz,1
fda.inspections.drugs,firm:3016244679,2023-11-20,2026-09-07T21:02:33Z,classification,1,ordinal,fda.inspections.drugs,raw/fda.inspections.drugs/2026/09/20260907T210233Z-485f15e8f496.json.gz,1
fda.inspections.drugs,firm:3016244679,2023-11-20,2026-09-07T21:02:33Z,inspected,1,count,fda.inspections.drugs,raw/fda.inspections.drugs/2026/09/20260907T210233Z-485f15e8f496.json.gz,1
fda.inspections.drugs,firm:3016244679,2023-11-20,2026-09-07T21:02:33Z,inspection_end,20231120,yyyymmdd,fda.inspections.drugs,raw/fda.inspections.drugs/2026/09/20260907T210233Z-485f15e8f496.json.gz,1
fda.inspections.drugs,firm:3016244679,2023-11-20,2026-09-07T21:02:33Z,is_foreign,0,bool,fda.inspections.drugs,raw/fda.inspections.drugs/2026/09/20260907T210233Z-485f15e8f496.json.gz,1
fda.inspections.drugs,firm:3016244679,2023-11-20,2026-09-07T21:02:33Z,is_oai,0,bool,fda.inspections.drugs,raw/fda.inspections.drugs/2026/09/20260907T210233Z-485f15e8f496.json.gz,1
fda.inspections.drugs,firm:3016519508,2023-11-09,2026-09-07T21:02:33Z,classification,0,ordinal,fda.inspections.drugs,raw/fda.inspections.drugs/2026/09/20260907T210233Z-485f15e8f496.json.gz,1
fda.inspections.drugs,firm:3016519508,2023-11-09,2026-09-07T21:02:33Z,inspected,1,count,fda.inspections.drugs,raw/fda.inspections.drugs/2026/09/20260907T210233Z-485f15e8f496.json.gz,1
fda.inspections.drugs,firm:3016519508,2023-11-09,2026-09-07T21:02:33Z,inspection_end,20231109,yyyymmdd,fda.inspections.drugs,raw/fda.inspections.drugs/2026/09/20260907T210233Z-485f15e8f496.json.gz,1
fda.inspections.drugs,firm:3016519508,2023-11-09,2026-09-07T21:02:33Z,is_foreign,1,bool,fda.inspections.drugs,raw/fda.inspections.drugs/2026/09/20260907T210233Z-485f15e8f496.json.gz,1
fda.inspections.drugs,firm:3016519508,2023-11-09,2026-09-07T21:02:33Z,is_oai,0,bool,fda.inspections.drugs,raw/fda.inspections.drugs/2026/09/20260907T210233Z-485f15e8f496.json.gz,1
fda.inspections.drugs,firm:3016998650,2023-11-10,2026-09-07T21:02:33Z,classification,2,ordinal,fda.inspections.drugs,raw/fda.inspections.drugs/2026/09/20260907T210233Z-485f15e8f496.json.gz,1
fda.inspections.drugs,firm:3016998650,2023-11-10,2026-09-07T21:02:33Z,inspected,1,count,fda.inspections.drugs,raw/fda.inspections.drugs/2026/09/20260907T210233Z-485f15e8f496.json.gz,1
fda.inspections.drugs,firm:3016998650,2023-11-10,2026-09-07T21:02:33Z,inspection_end,20231110,yyyymmdd,fda.inspections.drugs,raw/fda.inspections.drugs/2026/09/20260907T210233Z-485f15e8f496.json.gz,1
fda.inspections.drugs,firm:3016998650,2023-11-10,2026-09-07T21:02:33Z,is_foreign,1,bool,fda.inspections.drugs,raw/fda.inspections.drugs/2026/09/20260907T210233Z-485f15e8f496.json.gz,1
fda.inspections.drugs,firm:3016998650,2023-11-10,2026-09-07T21:02:33Z,is_oai,1,bool,fda.inspections.drugs,raw/fda.inspections.drugs/2026/09/20260907T210233Z-485f15e8f496.json.gz,1
fda.inspections.drugs,firm:3017064484,2023-11-01,2026-09-07T21:02:33Z,classification,0,ordinal,fda.inspections.drugs,raw/fda.inspections.drugs/2026/09/20260907T210233Z-485f15e8f496.json.gz,1
fda.inspections.drugs,firm:3017064484,2023-11-01,2026-09-07T21:02:33Z,inspected,1,count,fda.inspections.drugs,raw/fda.inspections.drugs/2026/09/20260907T210233Z-485f15e8f496.json.gz,1
fda.inspections.drugs,firm:3017064484,2023-11-01,2026-09-07T21:02:33Z,inspection_end,20231101,yyyymmdd,fda.inspections.drugs,raw/fda.inspections.drugs/2026/09/20260907T210233Z-485f15e8f496.json.gz,1
fda.inspections.drugs,firm:3017064484,2023-11-01,2026-09-07T21:02:33Z,is_foreign,1,bool,fda.inspections.drugs,raw/fda.inspections.drugs/2026/09/20260907T210233Z-485f15e8f496.json.gz,1
fda.inspections.drugs,firm:3017064484,2023-11-01,2026-09-07T21:02:33Z,is_oai,0,bool,fda.inspections.drugs,raw/fda.inspections.drugs/2026/09/20260907T210233Z-485f15e8f496.json.gz,1
fda.inspections.drugs,firm:3017953760,2023-11-03,2026-09-07T21:02:33Z,classification,0,ordinal,fda.inspections.drugs,raw/fda.inspections.drugs/2026/09/20260907T210233Z-485f15e8f496.json.gz,1
fda.inspections.drugs,firm:3017953760,2023-11-03,2026-09-07T21:02:33Z,inspected,1,count,fda.inspections.drugs,raw/fda.inspections.drugs/2026/09/20260907T210233Z-485f15e8f496.json.gz,1
fda.inspections.drugs,firm:3017953760,2023-11-03,2026-09-07T21:02:33Z,inspection_end,20231103,yyyymmdd,fda.inspections.drugs,raw/fda.inspections.drugs/2026/09/20260907T210233Z-485f15e8f496.json.gz,1
fda.inspections.drugs,firm:3017953760,2023-11-03,2026-09-07T21:02:33Z,is_foreign,1,bool,fda.inspections.drugs,raw/fda.inspections.drugs/2026/09/20260907T210233Z-485f15e8f496.json.gz,1
fda.inspections.drugs,firm:3017953760,2023-11-03,2026-09-07T21:02:33Z,is_oai,0,bool,fda.inspections.drugs,raw/fda.inspections.drugs/2026/09/20260907T210233Z-485f15e8f496.json.gz,1
fda.inspections.drugs,firm:3019953732,2023-11-03,2026-09-07T21:02:33Z,classification,0,ordinal,fda.inspections.drugs,raw/fda.inspections.drugs/2026/09/20260907T210233Z-485f15e8f496.json.gz,1
fda.inspections.drugs,firm:3019953732,2023-11-03,2026-09-07T21:02:33Z,inspected,1,count,fda.inspections.drugs,raw/fda.inspections.drugs/2026/09/20260907T210233Z-485f15e8f496.json.gz,1
fda.inspections.drugs,firm:3019953732,2023-11-03,2026-09-07T21:02:33Z,inspection_end,20231103,yyyymmdd,fda.inspections.drugs,raw/fda.inspections.drugs/2026/09/20260907T210233Z-485f15e8f496.json.gz,1
fda.inspections.drugs,firm:3019953732,2023-11-03,2026-09-07T21:02:33Z,is_foreign,1,bool,fda.inspections.drugs,raw/fda.inspections.drugs/2026/09/20260907T210233Z-485f15e8f496.json.gz,1
fda.inspections.drugs,firm:3019953732,2023-11-03,2026-09-07T21:02:33Z,is_oai,0,bool,fda.inspections.drugs,raw/fda.inspections.drugs/2026/09/20260907T210233Z-485f15e8f496.json.gz,1
fda.inspections.drugs,firm:3019956301,2023-11-17,2026-09-07T21:02:33Z,classification,2,ordinal,fda.inspections.drugs,raw/fda.inspections.drugs/2026/09/20260907T210233Z-485f15e8f496.json.gz,1
fda.inspections.drugs,firm:3019956301,2023-11-17,2026-09-07T21:02:33Z,inspected,1,count,fda.inspections.drugs,raw/fda.inspections.drugs/2026/09/20260907T210233Z-485f15e8f496.json.gz,1
fda.inspections.drugs,firm:3019956301,2023-11-17,2026-09-07T21:02:33Z,inspection_end,20231117,yyyymmdd,fda.inspections.drugs,raw/fda.inspections.drugs/2026/09/20260907T210233Z-485f15e8f496.json.gz,1
fda.inspections.drugs,firm:3019956301,2023-11-17,2026-09-07T21:02:33Z,is_foreign,1,bool,fda.inspections.drugs,raw/fda.inspections.drugs/2026/09/20260907T210233Z-485f15e8f496.json.gz,1
fda.inspections.drugs,firm:3019956301,2023-11-17,2026-09-07T21:02:33Z,is_oai,1,bool,fda.inspections.drugs,raw/fda.inspections.drugs/2026/09/20260907T210233Z-485f15e8f496.json.gz,1
fda.inspections.drugs,firm:3020306555,2023-11-10,2026-09-07T21:02:33Z,classification,0,ordinal,fda.inspections.drugs,raw/fda.inspections.drugs/2026/09/20260907T210233Z-485f15e8f496.json.gz,1
fda.inspections.drugs,firm:3020306555,2023-11-10,2026-09-07T21:02:33Z,inspected,1,count,fda.inspections.drugs,raw/fda.inspections.drugs/2026/09/20260907T210233Z-485f15e8f496.json.gz,1
fda.inspections.drugs,firm:3020306555,2023-11-10,2026-09-07T21:02:33Z,inspection_end,20231110,yyyymmdd,fda.inspections.drugs,raw/fda.inspections.drugs/2026/09/20260907T210233Z-485f15e8f496.json.gz,1
fda.inspections.drugs,firm:3020306555,2023-11-10,2026-09-07T21:02:33Z,is_foreign,1,bool,fda.inspections.drugs,raw/fda.inspections.drugs/2026/09/20260907T210233Z-485f15e8f496.json.gz,1
fda.inspections.drugs,firm:3020306555,2023-11-10,2026-09-07T21:02:33Z,is_oai,0,bool,fda.inspections.drugs,raw/fda.inspections.drugs/2026/09/20260907T210233Z-485f15e8f496.json.gz,1
fda.inspections.drugs,firm:3020974705,2023-11-09,2026-09-07T21:02:33Z,classification,0,ordinal,fda.inspections.drugs,raw/fda.inspections.drugs/2026/09/20260907T210233Z-485f15e8f496.json.gz,1
fda.inspections.drugs,firm:3020974705,2023-11-09,2026-09-07T21:02:33Z,inspected,1,count,fda.inspections.drugs,raw/fda.inspections.drugs/2026/09/20260907T210233Z-485f15e8f496.json.gz,1
fda.inspections.drugs,firm:3020974705,2023-11-09,2026-09-07T21:02:33Z,inspection_end,20231109,yyyymmdd,fda.inspections.drugs,raw/fda.inspections.drugs/2026/09/20260907T210233Z-485f15e8f496.json.gz,1
fda.inspections.drugs,firm:3020974705,2023-11-09,2026-09-07T21:02:33Z,is_foreign,1,bool,fda.inspections.drugs,raw/fda.inspections.drugs/2026/09/20260907T210233Z-485f15e8f496.json.gz,1
fda.inspections.drugs,firm:3020974705,2023-11-09,2026-09-07T21:02:33Z,is_oai,0,bool,fda.inspections.drugs,raw/fda.inspections.drugs/2026/09/20260907T210233Z-485f15e8f496.json.gz,1
fda.inspections.drugs,firm:3021639644,2023-11-10,2026-09-07T21:02:33Z,classification,0,ordinal,fda.inspections.drugs,raw/fda.inspections.drugs/2026/09/20260907T210233Z-485f15e8f496.json.gz,1
fda.inspections.drugs,firm:3021639644,2023-11-10,2026-09-07T21:02:33Z,inspected,1,count,fda.inspections.drugs,raw/fda.inspections.drugs/2026/09/20260907T210233Z-485f15e8f496.json.gz,1
fda.inspections.drugs,firm:3021639644,2023-11-10,2026-09-07T21:02:33Z,inspection_end,20231110,yyyymmdd,fda.inspections.drugs,raw/fda.inspections.drugs/2026/09/20260907T210233Z-485f15e8f496.json.gz,1
fda.inspections.drugs,firm:3021639644,2023-11-10,2026-09-07T21:02:33Z,is_foreign,1,bool,fda.inspections.drugs,raw/fda.inspections.drugs/2026/09/20260907T210233Z-485f15e8f496.json.gz,1
fda.inspections.drugs,firm:3021639644,2023-11-10,2026-09-07T21:02:33Z,is_oai,0,bool,fda.inspections.drugs,raw/fda.inspections.drugs/2026/09/20260907T210233Z-485f15e8f496.json.gz,1
fda.inspections.drugs,firm:3021640824,2023-11-17,2026-09-07T21:02:33Z,classification,0,ordinal,fda.inspections.drugs,raw/fda.inspections.drugs/2026/09/20260907T210233Z-485f15e8f496.json.gz,1
fda.inspections.drugs,firm:3021640824,2023-11-17,2026-09-07T21:02:33Z,inspected,1,count,fda.inspections.drugs,raw/fda.inspections.drugs/2026/09/20260907T210233Z-485f15e8f496.json.gz,1
fda.inspections.drugs,firm:3021640824,2023-11-17,2026-09-07T21:02:33Z,inspection_end,20231117,yyyymmdd,fda.inspections.drugs,raw/fda.inspections.drugs/2026/09/20260907T210233Z-485f15e8f496.json.gz,1
fda.inspections.drugs,firm:3021640824,2023-11-17,2026-09-07T21:02:33Z,is_foreign,1,bool,fda.inspections.drugs,raw/fda.inspections.drugs/2026/09/20260907T210233Z-485f15e8f496.json.gz,1
fda.inspections.drugs,firm:3021640824,2023-11-17,2026-09-07T21:02:33Z,is_oai,0,bool,fda.inspections.drugs,raw/fda.inspections.drugs/2026/09/20260907T210233Z-485f15e8f496.json.gz,1
fda.inspections.drugs,firm:3021640841,2023-11-03,2026-09-07T21:02:33Z,classification,0,ordinal,fda.inspections.drugs,raw/fda.inspections.drugs/2026/09/20260907T210233Z-485f15e8f496.json.gz,1
fda.inspections.drugs,firm:3021640841,2023-11-03,2026-09-07T21:02:33Z,inspected,1,count,fda.inspections.drugs,raw/fda.inspections.drugs/2026/09/20260907T210233Z-485f15e8f496.json.gz,1
fda.inspections.drugs,firm:3021640841,2023-11-03,2026-09-07T21:02:33Z,inspection_end,20231103,yyyymmdd,fda.inspections.drugs,raw/fda.inspections.drugs/2026/09/20260907T210233Z-485f15e8f496.json.gz,1
fda.inspections.drugs,firm:3021640841,2023-11-03,2026-09-07T21:02:33Z,is_foreign,1,bool,fda.inspections.drugs,raw/fda.inspections.drugs/2026/09/20260907T210233Z-485f15e8f496.json.gz,1
fda.inspections.drugs,firm:3021640841,2023-11-03,2026-09-07T21:02:33Z,is_oai,0,bool,fda.inspections.drugs,raw/fda.inspections.drugs/2026/09/20260907T210233Z-485f15e8f496.json.gz,1
fda.inspections.drugs,firm:3022883614,2023-11-13,2026-09-07T21:02:33Z,classification,1,ordinal,fda.inspections.drugs,raw/fda.inspections.drugs/2026/09/20260907T210233Z-485f15e8f496.json.gz,1
fda.inspections.drugs,firm:3022883614,2023-11-13,2026-09-07T21:02:33Z,inspected,1,count,fda.inspections.drugs,raw/fda.inspections.drugs/2026/09/20260907T210233Z-485f15e8f496.json.gz,1
fda.inspections.drugs,firm:3022883614,2023-11-13,2026-09-07T21:02:33Z,inspection_end,20231113,yyyymmdd,fda.inspections.drugs,raw/fda.inspections.drugs/2026/09/20260907T210233Z-485f15e8f496.json.gz,1
fda.inspections.drugs,firm:3022883614,2023-11-13,2026-09-07T21:02:33Z,is_foreign,0,bool,fda.inspections.drugs,raw/fda.inspections.drugs/2026/09/20260907T210233Z-485f15e8f496.json.gz,1
fda.inspections.drugs,firm:3022883614,2023-11-13,2026-09-07T21:02:33Z,is_oai,0,bool,fda.inspections.drugs,raw/fda.inspections.drugs/2026/09/20260907T210233Z-485f15e8f496.json.gz,1
fda.inspections.drugs,firm:3023167609,2023-11-10,2026-09-07T21:02:33Z,classification,0,ordinal,fda.inspections.drugs,raw/fda.inspections.drugs/2026/09/20260907T210233Z-485f15e8f496.json.gz,1
fda.inspections.drugs,firm:3023167609,2023-11-10,2026-09-07T21:02:33Z,inspected,1,count,fda.inspections.drugs,raw/fda.inspections.drugs/2026/09/20260907T210233Z-485f15e8f496.json.gz,1
fda.inspections.drugs,firm:3023167609,2023-11-10,2026-09-07T21:02:33Z,inspection_end,20231110,yyyymmdd,fda.inspections.drugs,raw/fda.inspections.drugs/2026/09/20260907T210233Z-485f15e8f496.json.gz,1
fda.inspections.drugs,firm:3023167609,2023-11-10,2026-09-07T21:02:33Z,is_foreign,0,bool,fda.inspections.drugs,raw/fda.inspections.drugs/2026/09/20260907T210233Z-485f15e8f496.json.gz,1
fda.inspections.drugs,firm:3023167609,2023-11-10,2026-09-07T21:02:33Z,is_oai,0,bool,fda.inspections.drugs,raw/fda.inspections.drugs/2026/09/20260907T210233Z-485f15e8f496.json.gz,1
fda.inspections.drugs,firm:3025978151,2023-11-17,2026-09-07T21:02:33Z,classification,2,ordinal,fda.inspections.drugs,raw/fda.inspections.drugs/2026/09/20260907T210233Z-485f15e8f496.json.gz,1
fda.inspections.drugs,firm:3025978151,2023-11-17,2026-09-07T21:02:33Z,inspected,1,count,fda.inspections.drugs,raw/fda.inspections.drugs/2026/09/20260907T210233Z-485f15e8f496.json.gz,1
fda.inspections.drugs,firm:3025978151,2023-11-17,2026-09-07T21:02:33Z,inspection_end,20231117,yyyymmdd,fda.inspections.drugs,raw/fda.inspections.drugs/2026/09/20260907T210233Z-485f15e8f496.json.gz,1
fda.inspections.drugs,firm:3025978151,2023-11-17,2026-09-07T21:02:33Z,is_foreign,1,bool,fda.inspections.drugs,raw/fda.inspections.drugs/2026/09/20260907T210233Z-485f15e8f496.json.gz,1
fda.inspections.drugs,firm:3025978151,2023-11-17,2026-09-07T21:02:33Z,is_oai,1,bool,fda.inspections.drugs,raw/fda.inspections.drugs/2026/09/20260907T210233Z-485f15e8f496.json.gz,1
fda.inspections.drugs,firm:3026057413,2023-11-13,2026-09-07T21:02:33Z,classification,2,ordinal,fda.inspections.drugs,raw/fda.inspections.drugs/2026/09/20260907T210233Z-485f15e8f496.json.gz,1
fda.inspections.drugs,firm:3026057413,2023-11-13,2026-09-07T21:02:33Z,inspected,1,count,fda.inspections.drugs,raw/fda.inspections.drugs/2026/09/20260907T210233Z-485f15e8f496.json.gz,1
fda.inspections.drugs,firm:3026057413,2023-11-13,2026-09-07T21:02:33Z,inspection_end,20231113,yyyymmdd,fda.inspections.drugs,raw/fda.inspections.drugs/2026/09/20260907T210233Z-485f15e8f496.json.gz,1
fda.inspections.drugs,firm:3026057413,2023-11-13,2026-09-07T21:02:33Z,is_foreign,0,bool,fda.inspections.drugs,raw/fda.inspections.drugs/2026/09/20260907T210233Z-485f15e8f496.json.gz,1
fda.inspections.drugs,firm:3026057413,2023-11-13,2026-09-07T21:02:33Z,is_oai,1,bool,fda.inspections.drugs,raw/fda.inspections.drugs/2026/09/20260907T210233Z-485f15e8f496.json.gz,1
fda.inspections.drugs,firm:3027314209,2023-11-17,2026-09-07T21:02:33Z,classification,0,ordinal,fda.inspections.drugs,raw/fda.inspections.drugs/2026/09/20260907T210233Z-485f15e8f496.json.gz,1
fda.inspections.drugs,firm:3027314209,2023-11-17,2026-09-07T21:02:33Z,inspected,1,count,fda.inspections.drugs,raw/fda.inspections.drugs/2026/09/20260907T210233Z-485f15e8f496.json.gz,1
fda.inspections.drugs,firm:3027314209,2023-11-17,2026-09-07T21:02:33Z,inspection_end,20231117,yyyymmdd,fda.inspections.drugs,raw/fda.inspections.drugs/2026/09/20260907T210233Z-485f15e8f496.json.gz,1
fda.inspections.drugs,firm:3027314209,2023-11-17,2026-09-07T21:02:33Z,is_foreign,0,bool,fda.inspections.drugs,raw/fda.inspections.drugs/2026/09/20260907T210233Z-485f15e8f496.json.gz,1
fda.inspections.drugs,firm:3027314209,2023-11-17,2026-09-07T21:02:33Z,is_oai,0,bool,fda.inspections.drugs,raw/fda.inspections.drugs/2026/09/20260907T210233Z-485f15e8f496.json.gz,1
fda.inspections.drugs,firm:3027339889,2023-11-16,2026-09-07T21:02:33Z,classification,1,ordinal,fda.inspections.drugs,raw/fda.inspections.drugs/2026/09/20260907T210233Z-485f15e8f496.json.gz,1
fda.inspections.drugs,firm:3027339889,2023-11-16,2026-09-07T21:02:33Z,inspected,1,count,fda.inspections.drugs,raw/fda.inspections.drugs/2026/09/20260907T210233Z-485f15e8f496.json.gz,1
fda.inspections.drugs,firm:3027339889,2023-11-16,2026-09-07T21:02:33Z,inspection_end,20231116,yyyymmdd,fda.inspections.drugs,raw/fda.inspections.drugs/2026/09/20260907T210233Z-485f15e8f496.json.gz,1
fda.inspections.drugs,firm:3027339889,2023-11-16,2026-09-07T21:02:33Z,is_foreign,0,bool,fda.inspections.drugs,raw/fda.inspections.drugs/2026/09/20260907T210233Z-485f15e8f496.json.gz,1
fda.inspections.drugs,firm:3027339889,2023-11-16,2026-09-07T21:02:33Z,is_oai,0,bool,fda.inspections.drugs,raw/fda.inspections.drugs/2026/09/20260907T210233Z-485f15e8f496.json.gz,1
fda.inspections.drugs,firm:3027476867,2023-11-03,2026-09-07T21:02:33Z,classification,0,ordinal,fda.inspections.drugs,raw/fda.inspections.drugs/2026/09/20260907T210233Z-485f15e8f496.json.gz,1
fda.inspections.drugs,firm:3027476867,2023-11-03,2026-09-07T21:02:33Z,inspected,1,count,fda.inspections.drugs,raw/fda.inspections.drugs/2026/09/20260907T210233Z-485f15e8f496.json.gz,1
fda.inspections.drugs,firm:3027476867,2023-11-03,2026-09-07T21:02:33Z,inspection_end,20231103,yyyymmdd,fda.inspections.drugs,raw/fda.inspections.drugs/2026/09/20260907T210233Z-485f15e8f496.json.gz,1
fda.inspections.drugs,firm:3027476867,2023-11-03,2026-09-07T21:02:33Z,is_foreign,1,bool,fda.inspections.drugs,raw/fda.inspections.drugs/2026/09/20260907T210233Z-485f15e8f496.json.gz,1
fda.inspections.drugs,firm:3027476867,2023-11-03,2026-09-07T21:02:33Z,is_oai,0,bool,fda.inspections.drugs,raw/fda.inspections.drugs/2026/09/20260907T210233Z-485f15e8f496.json.gz,1
fda.inspections.drugs,firm:3027576605,2023-11-02,2026-09-07T21:02:33Z,classification,0,ordinal,fda.inspections.drugs,raw/fda.inspections.drugs/2026/09/20260907T210233Z-485f15e8f496.json.gz,1
fda.inspections.drugs,firm:3027576605,2023-11-02,2026-09-07T21:02:33Z,inspected,1,count,fda.inspections.drugs,raw/fda.inspections.drugs/2026/09/20260907T210233Z-485f15e8f496.json.gz,1
fda.inspections.drugs,firm:3027576605,2023-11-02,2026-09-07T21:02:33Z,inspection_end,20231102,yyyymmdd,fda.inspections.drugs,raw/fda.inspections.drugs/2026/09/20260907T210233Z-485f15e8f496.json.gz,1
fda.inspections.drugs,firm:3027576605,2023-11-02,2026-09-07T21:02:33Z,is_foreign,1,bool,fda.inspections.drugs,raw/fda.inspections.drugs/2026/09/20260907T210233Z-485f15e8f496.json.gz,1
fda.inspections.drugs,firm:3027576605,2023-11-02,2026-09-07T21:02:33Z,is_oai,0,bool,fda.inspections.drugs,raw/fda.inspections.drugs/2026/09/20260907T210233Z-485f15e8f496.json.gz,1
fda.inspections.drugs,firm:3027696596,2023-11-03,2026-09-07T21:02:33Z,classification,0,ordinal,fda.inspections.drugs,raw/fda.inspections.drugs/2026/09/20260907T210233Z-485f15e8f496.json.gz,1
fda.inspections.drugs,firm:3027696596,2023-11-03,2026-09-07T21:02:33Z,inspected,1,count,fda.inspections.drugs,raw/fda.inspections.drugs/2026/09/20260907T210233Z-485f15e8f496.json.gz,1
fda.inspections.drugs,firm:3027696596,2023-11-03,2026-09-07T21:02:33Z,inspection_end,20231103,yyyymmdd,fda.inspections.drugs,raw/fda.inspections.drugs/2026/09/20260907T210233Z-485f15e8f496.json.gz,1
fda.inspections.drugs,firm:3027696596,2023-11-03,2026-09-07T21:02:33Z,is_foreign,0,bool,fda.inspections.drugs,raw/fda.inspections.drugs/2026/09/20260907T210233Z-485f15e8f496.json.gz,1
fda.inspections.drugs,firm:3027696596,2023-11-03,2026-09-07T21:02:33Z,is_oai,0,bool,fda.inspections.drugs,raw/fda.inspections.drugs/2026/09/20260907T210233Z-485f15e8f496.json.gz,1
fda.inspections.drugs,firm:3027770074,2023-11-03,2026-09-07T21:02:33Z,classification,0,ordinal,fda.inspections.drugs,raw/fda.inspections.drugs/2026/09/20260907T210233Z-485f15e8f496.json.gz,1
fda.inspections.drugs,firm:3027770074,2023-11-03,2026-09-07T21:02:33Z,inspected,1,count,fda.inspections.drugs,raw/fda.inspections.drugs/2026/09/20260907T210233Z-485f15e8f496.json.gz,1
fda.inspections.drugs,firm:3027770074,2023-11-03,2026-09-07T21:02:33Z,inspection_end,20231103,yyyymmdd,fda.inspections.drugs,raw/fda.inspections.drugs/2026/09/20260907T210233Z-485f15e8f496.json.gz,1
fda.inspections.drugs,firm:3027770074,2023-11-03,2026-09-07T21:02:33Z,is_foreign,0,bool,fda.inspections.drugs,raw/fda.inspections.drugs/2026/09/20260907T210233Z-485f15e8f496.json.gz,1
fda.inspections.drugs,firm:3027770074,2023-11-03,2026-09-07T21:02:33Z,is_oai,0,bool,fda.inspections.drugs,raw/fda.inspections.drugs/2026/09/20260907T210233Z-485f15e8f496.json.gz,1
fda.inspections.drugs,firm:3027771577,2023-11-10,2026-09-07T21:02:33Z,classification,0,ordinal,fda.inspections.drugs,raw/fda.inspections.drugs/2026/09/20260907T210233Z-485f15e8f496.json.gz,1
fda.inspections.drugs,firm:3027771577,2023-11-10,2026-09-07T21:02:33Z,inspected,1,count,fda.inspections.drugs,raw/fda.inspections.drugs/2026/09/20260907T210233Z-485f15e8f496.json.gz,1
fda.inspections.drugs,firm:3027771577,2023-11-10,2026-09-07T21:02:33Z,inspection_end,20231110,yyyymmdd,fda.inspections.drugs,raw/fda.inspections.drugs/2026/09/20260907T210233Z-485f15e8f496.json.gz,1
fda.inspections.drugs,firm:3027771577,2023-11-10,2026-09-07T21:02:33Z,is_foreign,1,bool,fda.inspections.drugs,raw/fda.inspections.drugs/2026/09/20260907T210233Z-485f15e8f496.json.gz,1
fda.inspections.drugs,firm:3027771577,2023-11-10,2026-09-07T21:02:33Z,is_oai,0,bool,fda.inspections.drugs,raw/fda.inspections.drugs/2026/09/20260907T210233Z-485f15e8f496.json.gz,1
fda.inspections.drugs,firm:3027771580,2023-11-03,2026-09-07T21:02:33Z,classification,0,ordinal,fda.inspections.drugs,raw/fda.inspections.drugs/2026/09/20260907T210233Z-485f15e8f496.json.gz,1
fda.inspections.drugs,firm:3027771580,2023-11-03,2026-09-07T21:02:33Z,inspected,1,count,fda.inspections.drugs,raw/fda.inspections.drugs/2026/09/20260907T210233Z-485f15e8f496.json.gz,1
fda.inspections.drugs,firm:3027771580,2023-11-03,2026-09-07T21:02:33Z,inspection_end,20231103,yyyymmdd,fda.inspections.drugs,raw/fda.inspections.drugs/2026/09/20260907T210233Z-485f15e8f496.json.gz,1
fda.inspections.drugs,firm:3027771580,2023-11-03,2026-09-07T21:02:33Z,is_foreign,1,bool,fda.inspections.drugs,raw/fda.inspections.drugs/2026/09/20260907T210233Z-485f15e8f496.json.gz,1
fda.inspections.drugs,firm:3027771580,2023-11-03,2026-09-07T21:02:33Z,is_oai,0,bool,fda.inspections.drugs,raw/fda.inspections.drugs/2026/09/20260907T210233Z-485f15e8f496.json.gz,1
fda.inspections.drugs,firm:3027960557,2023-11-03,2026-09-07T21:02:33Z,classification,0,ordinal,fda.inspections.drugs,raw/fda.inspections.drugs/2026/09/20260907T210233Z-485f15e8f496.json.gz,1
fda.inspections.drugs,firm:3027960557,2023-11-03,2026-09-07T21:02:33Z,inspected,1,count,fda.inspections.drugs,raw/fda.inspections.drugs/2026/09/20260907T210233Z-485f15e8f496.json.gz,1
fda.inspections.drugs,firm:3027960557,2023-11-03,2026-09-07T21:02:33Z,inspection_end,20231103,yyyymmdd,fda.inspections.drugs,raw/fda.inspections.drugs/2026/09/20260907T210233Z-485f15e8f496.json.gz,1
fda.inspections.drugs,firm:3027960557,2023-11-03,2026-09-07T21:02:33Z,is_foreign,0,bool,fda.inspections.drugs,raw/fda.inspections.drugs/2026/09/20260907T210233Z-485f15e8f496.json.gz,1
fda.inspections.drugs,firm:3027960557,2023-11-03,2026-09-07T21:02:33Z,is_oai,0,bool,fda.inspections.drugs,raw/fda.inspections.drugs/2026/09/20260907T210233Z-485f15e8f496.json.gz,1
fda.inspections.drugs,firm:3027960558,2023-11-16,2026-09-07T21:02:33Z,classification,0,ordinal,fda.inspections.drugs,raw/fda.inspections.drugs/2026/09/20260907T210233Z-485f15e8f496.json.gz,1
fda.inspections.drugs,firm:3027960558,2023-11-16,2026-09-07T21:02:33Z,inspected,1,count,fda.inspections.drugs,raw/fda.inspections.drugs/2026/09/20260907T210233Z-485f15e8f496.json.gz,1
fda.inspections.drugs,firm:3027960558,2023-11-16,2026-09-07T21:02:33Z,inspection_end,20231116,yyyymmdd,fda.inspections.drugs,raw/fda.inspections.drugs/2026/09/20260907T210233Z-485f15e8f496.json.gz,1
fda.inspections.drugs,firm:3027960558,2023-11-16,2026-09-07T21:02:33Z,is_foreign,0,bool,fda.inspections.drugs,raw/fda.inspections.drugs/2026/09/20260907T210233Z-485f15e8f496.json.gz,1
fda.inspections.drugs,firm:3027960558,2023-11-16,2026-09-07T21:02:33Z,is_oai,0,bool,fda.inspections.drugs,raw/fda.inspections.drugs/2026/09/20260907T210233Z-485f15e8f496.json.gz,1
fda.inspections.drugs,firm:3027966284,2023-11-30,2026-09-07T21:02:33Z,classification,0,ordinal,fda.inspections.drugs,raw/fda.inspections.drugs/2026/09/20260907T210233Z-485f15e8f496.json.gz,1
fda.inspections.drugs,firm:3027966284,2023-11-30,2026-09-07T21:02:33Z,inspected,1,count,fda.inspections.drugs,raw/fda.inspections.drugs/2026/09/20260907T210233Z-485f15e8f496.json.gz,1
fda.inspections.drugs,firm:3027966284,2023-11-30,2026-09-07T21:02:33Z,inspection_end,20231130,yyyymmdd,fda.inspections.drugs,raw/fda.inspections.drugs/2026/09/20260907T210233Z-485f15e8f496.json.gz,1
fda.inspections.drugs,firm:3027966284,2023-11-30,2026-09-07T21:02:33Z,is_foreign,0,bool,fda.inspections.drugs,raw/fda.inspections.drugs/2026/09/20260907T210233Z-485f15e8f496.json.gz,1
fda.inspections.drugs,firm:3027966284,2023-11-30,2026-09-07T21:02:33Z,is_oai,0,bool,fda.inspections.drugs,raw/fda.inspections.drugs/2026/09/20260907T210233Z-485f15e8f496.json.gz,1
fda.inspections.drugs,firm:3027966287,2023-11-03,2026-09-07T21:02:33Z,classification,0,ordinal,fda.inspections.drugs,raw/fda.inspections.drugs/2026/09/20260907T210233Z-485f15e8f496.json.gz,1
fda.inspections.drugs,firm:3027966287,2023-11-03,2026-09-07T21:02:33Z,inspected,1,count,fda.inspections.drugs,raw/fda.inspections.drugs/2026/09/20260907T210233Z-485f15e8f496.json.gz,1
fda.inspections.drugs,firm:3027966287,2023-11-03,2026-09-07T21:02:33Z,inspection_end,20231103,yyyymmdd,fda.inspections.drugs,raw/fda.inspections.drugs/2026/09/20260907T210233Z-485f15e8f496.json.gz,1
fda.inspections.drugs,firm:3027966287,2023-11-03,2026-09-07T21:02:33Z,is_foreign,0,bool,fda.inspections.drugs,raw/fda.inspections.drugs/2026/09/20260907T210233Z-485f15e8f496.json.gz,1
fda.inspections.drugs,firm:3027966287,2023-11-03,2026-09-07T21:02:33Z,is_oai,0,bool,fda.inspections.drugs,raw/fda.inspections.drugs/2026/09/20260907T210233Z-485f15e8f496.json.gz,1
fda.inspections.drugs,firm:3027976957,2023-11-16,2026-09-07T21:02:33Z,classification,0,ordinal,fda.inspections.drugs,raw/fda.inspections.drugs/2026/09/20260907T210233Z-485f15e8f496.json.gz,1
fda.inspections.drugs,firm:3027976957,2023-11-16,2026-09-07T21:02:33Z,inspected,1,count,fda.inspections.drugs,raw/fda.inspections.drugs/2026/09/20260907T210233Z-485f15e8f496.json.gz,1
fda.inspections.drugs,firm:3027976957,2023-11-16,2026-09-07T21:02:33Z,inspection_end,20231116,yyyymmdd,fda.inspections.drugs,raw/fda.inspections.drugs/2026/09/20260907T210233Z-485f15e8f496.json.gz,1
fda.inspections.drugs,firm:3027976957,2023-11-16,2026-09-07T21:02:33Z,is_foreign,0,bool,fda.inspections.drugs,raw/fda.inspections.drugs/2026/09/20260907T210233Z-485f15e8f496.json.gz,1
fda.inspections.drugs,firm:3027976957,2023-11-16,2026-09-07T21:02:33Z,is_oai,0,bool,fda.inspections.drugs,raw/fda.inspections.drugs/2026/09/20260907T210233Z-485f15e8f496.json.gz,1
fda.inspections.drugs,firm:3027983345,2023-11-17,2026-09-07T21:02:33Z,classification,0,ordinal,fda.inspections.drugs,raw/fda.inspections.drugs/2026/09/20260907T210233Z-485f15e8f496.json.gz,1
fda.inspections.drugs,firm:3027983345,2023-11-17,2026-09-07T21:02:33Z,inspected,1,count,fda.inspections.drugs,raw/fda.inspections.drugs/2026/09/20260907T210233Z-485f15e8f496.json.gz,1
fda.inspections.drugs,firm:3027983345,2023-11-17,2026-09-07T21:02:33Z,inspection_end,20231117,yyyymmdd,fda.inspections.drugs,raw/fda.inspections.drugs/2026/09/20260907T210233Z-485f15e8f496.json.gz,1
fda.inspections.drugs,firm:3027983345,2023-11-17,2026-09-07T21:02:33Z,is_foreign,1,bool,fda.inspections.drugs,raw/fda.inspections.drugs/2026/09/20260907T210233Z-485f15e8f496.json.gz,1
fda.inspections.drugs,firm:3027983345,2023-11-17,2026-09-07T21:02:33Z,is_oai,0,bool,fda.inspections.drugs,raw/fda.inspections.drugs/2026/09/20260907T210233Z-485f15e8f496.json.gz,1
fda.inspections.drugs,firm:3027983350,2023-11-03,2026-09-07T21:02:33Z,classification,0,ordinal,fda.inspections.drugs,raw/fda.inspections.drugs/2026/09/20260907T210233Z-485f15e8f496.json.gz,1
fda.inspections.drugs,firm:3027983350,2023-11-03,2026-09-07T21:02:33Z,inspected,1,count,fda.inspections.drugs,raw/fda.inspections.drugs/2026/09/20260907T210233Z-485f15e8f496.json.gz,1
fda.inspections.drugs,firm:3027983350,2023-11-03,2026-09-07T21:02:33Z,inspection_end,20231103,yyyymmdd,fda.inspections.drugs,raw/fda.inspections.drugs/2026/09/20260907T210233Z-485f15e8f496.json.gz,1
fda.inspections.drugs,firm:3027983350,2023-11-03,2026-09-07T21:02:33Z,is_foreign,0,bool,fda.inspections.drugs,raw/fda.inspections.drugs/2026/09/20260907T210233Z-485f15e8f496.json.gz,1
fda.inspections.drugs,firm:3027983350,2023-11-03,2026-09-07T21:02:33Z,is_oai,0,bool,fda.inspections.drugs,raw/fda.inspections.drugs/2026/09/20260907T210233Z-485f15e8f496.json.gz,1
fda.inspections.drugs,firm:3028442826,2023-11-10,2026-09-07T21:02:33Z,classification,0,ordinal,fda.inspections.drugs,raw/fda.inspections.drugs/2026/09/20260907T210233Z-485f15e8f496.json.gz,1
fda.inspections.drugs,firm:3028442826,2023-11-10,2026-09-07T21:02:33Z,inspected,1,count,fda.inspections.drugs,raw/fda.inspections.drugs/2026/09/20260907T210233Z-485f15e8f496.json.gz,1
fda.inspections.drugs,firm:3028442826,2023-11-10,2026-09-07T21:02:33Z,inspection_end,20231110,yyyymmdd,fda.inspections.drugs,raw/fda.inspections.drugs/2026/09/20260907T210233Z-485f15e8f496.json.gz,1
fda.inspections.drugs,firm:3028442826,2023-11-10,2026-09-07T21:02:33Z,is_foreign,1,bool,fda.inspections.drugs,raw/fda.inspections.drugs/2026/09/20260907T210233Z-485f15e8f496.json.gz,1
fda.inspections.drugs,firm:3028442826,2023-11-10,2026-09-07T21:02:33Z,is_oai,0,bool,fda.inspections.drugs,raw/fda.inspections.drugs/2026/09/20260907T210233Z-485f15e8f496.json.gz,1
fda.inspections.drugs,firm:3028442840,2023-11-16,2026-09-07T21:02:33Z,classification,0,ordinal,fda.inspections.drugs,raw/fda.inspections.drugs/2026/09/20260907T210233Z-485f15e8f496.json.gz,1
fda.inspections.drugs,firm:3028442840,2023-11-16,2026-09-07T21:02:33Z,inspected,1,count,fda.inspections.drugs,raw/fda.inspections.drugs/2026/09/20260907T210233Z-485f15e8f496.json.gz,1
fda.inspections.drugs,firm:3028442840,2023-11-16,2026-09-07T21:02:33Z,inspection_end,20231116,yyyymmdd,fda.inspections.drugs,raw/fda.inspections.drugs/2026/09/20260907T210233Z-485f15e8f496.json.gz,1
fda.inspections.drugs,firm:3028442840,2023-11-16,2026-09-07T21:02:33Z,is_foreign,1,bool,fda.inspections.drugs,raw/fda.inspections.drugs/2026/09/20260907T210233Z-485f15e8f496.json.gz,1
fda.inspections.drugs,firm:3028442840,2023-11-16,2026-09-07T21:02:33Z,is_oai,0,bool,fda.inspections.drugs,raw/fda.inspections.drugs/2026/09/20260907T210233Z-485f15e8f496.json.gz,1
fda.inspections.drugs,firm:3028634874,2023-11-30,2026-09-07T21:02:33Z,classification,0,ordinal,fda.inspections.drugs,raw/fda.inspections.drugs/2026/09/20260907T210233Z-485f15e8f496.json.gz,1
fda.inspections.drugs,firm:3028634874,2023-11-30,2026-09-07T21:02:33Z,inspected,1,count,fda.inspections.drugs,raw/fda.inspections.drugs/2026/09/20260907T210233Z-485f15e8f496.json.gz,1
fda.inspections.drugs,firm:3028634874,2023-11-30,2026-09-07T21:02:33Z,inspection_end,20231130,yyyymmdd,fda.inspections.drugs,raw/fda.inspections.drugs/2026/09/20260907T210233Z-485f15e8f496.json.gz,1
fda.inspections.drugs,firm:3028634874,2023-11-30,2026-09-07T21:02:33Z,is_foreign,0,bool,fda.inspections.drugs,raw/fda.inspections.drugs/2026/09/20260907T210233Z-485f15e8f496.json.gz,1
fda.inspections.drugs,firm:3028634874,2023-11-30,2026-09-07T21:02:33Z,is_oai,0,bool,fda.inspections.drugs,raw/fda.inspections.drugs/2026/09/20260907T210233Z-485f15e8f496.json.gz,1
fda.inspections.drugs,firm:3028697108,2023-11-08,2026-09-07T21:02:33Z,classification,0,ordinal,fda.inspections.drugs,raw/fda.inspections.drugs/2026/09/20260907T210233Z-485f15e8f496.json.gz,1
fda.inspections.drugs,firm:3028697108,2023-11-08,2026-09-07T21:02:33Z,inspected,1,count,fda.inspections.drugs,raw/fda.inspections.drugs/2026/09/20260907T210233Z-485f15e8f496.json.gz,1
fda.inspections.drugs,firm:3028697108,2023-11-08,2026-09-07T21:02:33Z,inspection_end,20231108,yyyymmdd,fda.inspections.drugs,raw/fda.inspections.drugs/2026/09/20260907T210233Z-485f15e8f496.json.gz,1
fda.inspections.drugs,firm:3028697108,2023-11-08,2026-09-07T21:02:33Z,is_foreign,0,bool,fda.inspections.drugs,raw/fda.inspections.drugs/2026/09/20260907T210233Z-485f15e8f496.json.gz,1
fda.inspections.drugs,firm:3028697108,2023-11-08,2026-09-07T21:02:33Z,is_oai,0,bool,fda.inspections.drugs,raw/fda.inspections.drugs/2026/09/20260907T210233Z-485f15e8f496.json.gz,1
fda.inspections.drugs,firm:3028899579,2023-11-08,2026-09-07T21:02:33Z,classification,0,ordinal,fda.inspections.drugs,raw/fda.inspections.drugs/2026/09/20260907T210233Z-485f15e8f496.json.gz,1
fda.inspections.drugs,firm:3028899579,2023-11-08,2026-09-07T21:02:33Z,inspected,1,count,fda.inspections.drugs,raw/fda.inspections.drugs/2026/09/20260907T210233Z-485f15e8f496.json.gz,1
fda.inspections.drugs,firm:3028899579,2023-11-08,2026-09-07T21:02:33Z,inspection_end,20231108,yyyymmdd,fda.inspections.drugs,raw/fda.inspections.drugs/2026/09/20260907T210233Z-485f15e8f496.json.gz,1
fda.inspections.drugs,firm:3028899579,2023-11-08,2026-09-07T21:02:33Z,is_foreign,0,bool,fda.inspections.drugs,raw/fda.inspections.drugs/2026/09/20260907T210233Z-485f15e8f496.json.gz,1
fda.inspections.drugs,firm:3028899579,2023-11-08,2026-09-07T21:02:33Z,is_oai,0,bool,fda.inspections.drugs,raw/fda.inspections.drugs/2026/09/20260907T210233Z-485f15e8f496.json.gz,1
fda.inspections.drugs,firm:3028899584,2023-11-17,2026-09-07T21:02:33Z,classification,0,ordinal,fda.inspections.drugs,raw/fda.inspections.drugs/2026/09/20260907T210233Z-485f15e8f496.json.gz,1
fda.inspections.drugs,firm:3028899584,2023-11-17,2026-09-07T21:02:33Z,inspected,1,count,fda.inspections.drugs,raw/fda.inspections.drugs/2026/09/20260907T210233Z-485f15e8f496.json.gz,1
fda.inspections.drugs,firm:3028899584,2023-11-17,2026-09-07T21:02:33Z,inspection_end,20231117,yyyymmdd,fda.inspections.drugs,raw/fda.inspections.drugs/2026/09/20260907T210233Z-485f15e8f496.json.gz,1
fda.inspections.drugs,firm:3028899584,2023-11-17,2026-09-07T21:02:33Z,is_foreign,1,bool,fda.inspections.drugs,raw/fda.inspections.drugs/2026/09/20260907T210233Z-485f15e8f496.json.gz,1
fda.inspections.drugs,firm:3028899584,2023-11-17,2026-09-07T21:02:33Z,is_oai,0,bool,fda.inspections.drugs,raw/fda.inspections.drugs/2026/09/20260907T210233Z-485f15e8f496.json.gz,1
fda.inspections.drugs,firm:3028951372,2023-11-24,2026-09-07T21:02:33Z,classification,0,ordinal,fda.inspections.drugs,raw/fda.inspections.drugs/2026/09/20260907T210233Z-485f15e8f496.json.gz,1
fda.inspections.drugs,firm:3028951372,2023-11-24,2026-09-07T21:02:33Z,inspected,1,count,fda.inspections.drugs,raw/fda.inspections.drugs/2026/09/20260907T210233Z-485f15e8f496.json.gz,1
fda.inspections.drugs,firm:3028951372,2023-11-24,2026-09-07T21:02:33Z,inspection_end,20231124,yyyymmdd,fda.inspections.drugs,raw/fda.inspections.drugs/2026/09/20260907T210233Z-485f15e8f496.json.gz,1
fda.inspections.drugs,firm:3028951372,2023-11-24,2026-09-07T21:02:33Z,is_foreign,1,bool,fda.inspections.drugs,raw/fda.inspections.drugs/2026/09/20260907T210233Z-485f15e8f496.json.gz,1
fda.inspections.drugs,firm:3028951372,2023-11-24,2026-09-07T21:02:33Z,is_oai,0,bool,fda.inspections.drugs,raw/fda.inspections.drugs/2026/09/20260907T210233Z-485f15e8f496.json.gz,1
fda.inspections.drugs,firm:3029023357,2023-11-16,2026-09-07T21:02:33Z,classification,0,ordinal,fda.inspections.drugs,raw/fda.inspections.drugs/2026/09/20260907T210233Z-485f15e8f496.json.gz,1
fda.inspections.drugs,firm:3029023357,2023-11-16,2026-09-07T21:02:33Z,inspected,1,count,fda.inspections.drugs,raw/fda.inspections.drugs/2026/09/20260907T210233Z-485f15e8f496.json.gz,1
fda.inspections.drugs,firm:3029023357,2023-11-16,2026-09-07T21:02:33Z,inspection_end,20231116,yyyymmdd,fda.inspections.drugs,raw/fda.inspections.drugs/2026/09/20260907T210233Z-485f15e8f496.json.gz,1
fda.inspections.drugs,firm:3029023357,2023-11-16,2026-09-07T21:02:33Z,is_foreign,0,bool,fda.inspections.drugs,raw/fda.inspections.drugs/2026/09/20260907T210233Z-485f15e8f496.json.gz,1
fda.inspections.drugs,firm:3029023357,2023-11-16,2026-09-07T21:02:33Z,is_oai,0,bool,fda.inspections.drugs,raw/fda.inspections.drugs/2026/09/20260907T210233Z-485f15e8f496.json.gz,1
fda.inspections.drugs,firm:3029412636,2023-11-17,2026-09-07T21:02:33Z,classification,1,ordinal,fda.inspections.drugs,raw/fda.inspections.drugs/2026/09/20260907T210233Z-485f15e8f496.json.gz,1
fda.inspections.drugs,firm:3029412636,2023-11-17,2026-09-07T21:02:33Z,inspected,1,count,fda.inspections.drugs,raw/fda.inspections.drugs/2026/09/20260907T210233Z-485f15e8f496.json.gz,1
fda.inspections.drugs,firm:3029412636,2023-11-17,2026-09-07T21:02:33Z,inspection_end,20231117,yyyymmdd,fda.inspections.drugs,raw/fda.inspections.drugs/2026/09/20260907T210233Z-485f15e8f496.json.gz,1
fda.inspections.drugs,firm:3029412636,2023-11-17,2026-09-07T21:02:33Z,is_foreign,0,bool,fda.inspections.drugs,raw/fda.inspections.drugs/2026/09/20260907T210233Z-485f15e8f496.json.gz,1
fda.inspections.drugs,firm:3029412636,2023-11-17,2026-09-07T21:02:33Z,is_oai,0,bool,fda.inspections.drugs,raw/fda.inspections.drugs/2026/09/20260907T210233Z-485f15e8f496.json.gz,1
fda.inspections.drugs,firm:3029800338,2023-11-17,2026-09-07T21:02:33Z,classification,1,ordinal,fda.inspections.drugs,raw/fda.inspections.drugs/2026/09/20260907T210233Z-485f15e8f496.json.gz,1
fda.inspections.drugs,firm:3029800338,2023-11-17,2026-09-07T21:02:33Z,inspected,1,count,fda.inspections.drugs,raw/fda.inspections.drugs/2026/09/20260907T210233Z-485f15e8f496.json.gz,1
fda.inspections.drugs,firm:3029800338,2023-11-17,2026-09-07T21:02:33Z,inspection_end,20231117,yyyymmdd,fda.inspections.drugs,raw/fda.inspections.drugs/2026/09/20260907T210233Z-485f15e8f496.json.gz,1
fda.inspections.drugs,firm:3029800338,2023-11-17,2026-09-07T21:02:33Z,is_foreign,0,bool,fda.inspections.drugs,raw/fda.inspections.drugs/2026/09/20260907T210233Z-485f15e8f496.json.gz,1
fda.inspections.drugs,firm:3029800338,2023-11-17,2026-09-07T21:02:33Z,is_oai,0,bool,fda.inspections.drugs,raw/fda.inspections.drugs/2026/09/20260907T210233Z-485f15e8f496.json.gz,1
fda.recalls.cder,firm:1051651,2023-11-09,2026-09-07T20:58:43Z,is_class_i,0,bool,fda.recalls.cder,raw/fda.recalls.cder/2026/09/20260907T205843Z-909bfeed529d.json.gz,1
fda.recalls.cder,firm:1051651,2023-11-09,2026-09-07T20:58:43Z,recall,1,count,fda.recalls.cder,raw/fda.recalls.cder/2026/09/20260907T205843Z-909bfeed529d.json.gz,1
fda.recalls.cder,firm:1051651,2023-11-09,2026-09-07T20:58:43Z,recall_class,2,class,fda.recalls.cder,raw/fda.recalls.cder/2026/09/20260907T205843Z-909bfeed529d.json.gz,1
fda.recalls.cder,firm:1051651,2023-11-09,2026-09-07T20:58:43Z,recall_initiated,20231109,yyyymmdd,fda.recalls.cder,raw/fda.recalls.cder/2026/09/20260907T205843Z-909bfeed529d.json.gz,1
fda.recalls.cder,firm:1051651,2023-11-09,2026-09-07T20:58:43Z,recall_terminated,1,bool,fda.recalls.cder,raw/fda.recalls.cder/2026/09/20260907T205843Z-909bfeed529d.json.gz,1
fda.recalls.cder,firm:1417572,2023-11-14,2026-09-07T20:58:43Z,is_class_i,0,bool,fda.recalls.cder,raw/fda.recalls.cder/2026/09/20260907T205843Z-909bfeed529d.json.gz,1
fda.recalls.cder,firm:1417572,2023-11-14,2026-09-07T20:58:43Z,recall,1,count,fda.recalls.cder,raw/fda.recalls.cder/2026/09/20260907T205843Z-909bfeed529d.json.gz,1
fda.recalls.cder,firm:1417572,2023-11-14,2026-09-07T20:58:43Z,recall_class,2,class,fda.recalls.cder,raw/fda.recalls.cder/2026/09/20260907T205843Z-909bfeed529d.json.gz,1
fda.recalls.cder,firm:1417572,2023-11-14,2026-09-07T20:58:43Z,recall_initiated,20231114,yyyymmdd,fda.recalls.cder,raw/fda.recalls.cder/2026/09/20260907T205843Z-909bfeed529d.json.gz,1
fda.recalls.cder,firm:1417572,2023-11-14,2026-09-07T20:58:43Z,recall_terminated,0,bool,fda.recalls.cder,raw/fda.recalls.cder/2026/09/20260907T205843Z-909bfeed529d.json.gz,1
fda.recalls.cder,firm:2127022,2023-11-01,2026-09-07T20:58:43Z,is_class_i,0,bool,fda.recalls.cder,raw/fda.recalls.cder/2026/09/20260907T205843Z-909bfeed529d.json.gz,1
fda.recalls.cder,firm:2127022,2023-11-01,2026-09-07T20:58:43Z,recall,1,count,fda.recalls.cder,raw/fda.recalls.cder/2026/09/20260907T205843Z-909bfeed529d.json.gz,1
fda.recalls.cder,firm:2127022,2023-11-01,2026-09-07T20:58:43Z,recall_class,2,class,fda.recalls.cder,raw/fda.recalls.cder/2026/09/20260907T205843Z-909bfeed529d.json.gz,1
fda.recalls.cder,firm:2127022,2023-11-01,2026-09-07T20:58:43Z,recall_initiated,20231101,yyyymmdd,fda.recalls.cder,raw/fda.recalls.cder/2026/09/20260907T205843Z-909bfeed529d.json.gz,1
fda.recalls.cder,firm:2127022,2023-11-01,2026-09-07T20:58:43Z,recall_terminated,0,bool,fda.recalls.cder,raw/fda.recalls.cder/2026/09/20260907T205843Z-909bfeed529d.json.gz,1
fda.recalls.cder,firm:2210396,2023-11-22,2026-09-07T20:58:43Z,is_class_i,1,bool,fda.recalls.cder,raw/fda.recalls.cder/2026/09/20260907T205843Z-909bfeed529d.json.gz,1
fda.recalls.cder,firm:2210396,2023-11-22,2026-09-07T20:58:43Z,recall,1,count,fda.recalls.cder,raw/fda.recalls.cder/2026/09/20260907T205843Z-909bfeed529d.json.gz,1
fda.recalls.cder,firm:2210396,2023-11-22,2026-09-07T20:58:43Z,recall_class,1,class,fda.recalls.cder,raw/fda.recalls.cder/2026/09/20260907T205843Z-909bfeed529d.json.gz,1
fda.recalls.cder,firm:2210396,2023-11-22,2026-09-07T20:58:43Z,recall_initiated,20231122,yyyymmdd,fda.recalls.cder,raw/fda.recalls.cder/2026/09/20260907T205843Z-909bfeed529d.json.gz,1
fda.recalls.cder,firm:2210396,2023-11-22,2026-09-07T20:58:43Z,recall_terminated,0,bool,fda.recalls.cder,raw/fda.recalls.cder/2026/09/20260907T205843Z-909bfeed529d.json.gz,1
fda.recalls.cder,firm:2243252,2023-11-06,2026-09-07T20:58:43Z,is_class_i,1,bool,fda.recalls.cder,raw/fda.recalls.cder/2026/09/20260907T205843Z-909bfeed529d.json.gz,1
fda.recalls.cder,firm:2243252,2023-11-06,2026-09-07T20:58:43Z,recall,1,count,fda.recalls.cder,raw/fda.recalls.cder/2026/09/20260907T205843Z-909bfeed529d.json.gz,1
fda.recalls.cder,firm:2243252,2023-11-06,2026-09-07T20:58:43Z,recall_class,1,class,fda.recalls.cder,raw/fda.recalls.cder/2026/09/20260907T205843Z-909bfeed529d.json.gz,1
fda.recalls.cder,firm:2243252,2023-11-06,2026-09-07T20:58:43Z,recall_initiated,20231106,yyyymmdd,fda.recalls.cder,raw/fda.recalls.cder/2026/09/20260907T205843Z-909bfeed529d.json.gz,1
fda.recalls.cder,firm:2243252,2023-11-06,2026-09-07T20:58:43Z,recall_terminated,1,bool,fda.recalls.cder,raw/fda.recalls.cder/2026/09/20260907T205843Z-909bfeed529d.json.gz,1
fda.recalls.cder,firm:3002808384,2023-11-06,2026-09-07T20:58:43Z,is_class_i,0,bool,fda.recalls.cder,raw/fda.recalls.cder/2026/09/20260907T205843Z-909bfeed529d.json.gz,1
fda.recalls.cder,firm:3002808384,2023-11-06,2026-09-07T20:58:43Z,recall,1,count,fda.recalls.cder,raw/fda.recalls.cder/2026/09/20260907T205843Z-909bfeed529d.json.gz,1
fda.recalls.cder,firm:3002808384,2023-11-06,2026-09-07T20:58:43Z,recall_class,3,class,fda.recalls.cder,raw/fda.recalls.cder/2026/09/20260907T205843Z-909bfeed529d.json.gz,1
fda.recalls.cder,firm:3002808384,2023-11-06,2026-09-07T20:58:43Z,recall_initiated,20231106,yyyymmdd,fda.recalls.cder,raw/fda.recalls.cder/2026/09/20260907T205843Z-909bfeed529d.json.gz,1
fda.recalls.cder,firm:3002808384,2023-11-06,2026-09-07T20:58:43Z,recall_terminated,1,bool,fda.recalls.cder,raw/fda.recalls.cder/2026/09/20260907T205843Z-909bfeed529d.json.gz,1
fda.recalls.cder,firm:3002910506,2023-11-20,2026-09-07T20:58:43Z,is_class_i,0,bool,fda.recalls.cder,raw/fda.recalls.cder/2026/09/20260907T205843Z-909bfeed529d.json.gz,1
fda.recalls.cder,firm:3002910506,2023-11-20,2026-09-07T20:58:43Z,recall,1,count,fda.recalls.cder,raw/fda.recalls.cder/2026/09/20260907T205843Z-909bfeed529d.json.gz,1
fda.recalls.cder,firm:3002910506,2023-11-20,2026-09-07T20:58:43Z,recall_class,3,class,fda.recalls.cder,raw/fda.recalls.cder/2026/09/20260907T205843Z-909bfeed529d.json.gz,1
fda.recalls.cder,firm:3002910506,2023-11-20,2026-09-07T20:58:43Z,recall_initiated,20231120,yyyymmdd,fda.recalls.cder,raw/fda.recalls.cder/2026/09/20260907T205843Z-909bfeed529d.json.gz,1
fda.recalls.cder,firm:3002910506,2023-11-20,2026-09-07T20:58:43Z,recall_terminated,0,bool,fda.recalls.cder,raw/fda.recalls.cder/2026/09/20260907T205843Z-909bfeed529d.json.gz,1
fda.recalls.cder,firm:3003092769,2023-11-10,2026-09-07T20:58:43Z,is_class_i,0,bool,fda.recalls.cder,raw/fda.recalls.cder/2026/09/20260907T205843Z-909bfeed529d.json.gz,1
fda.recalls.cder,firm:3003092769,2023-11-10,2026-09-07T20:58:43Z,recall,1,count,fda.recalls.cder,raw/fda.recalls.cder/2026/09/20260907T205843Z-909bfeed529d.json.gz,1
fda.recalls.cder,firm:3003092769,2023-11-10,2026-09-07T20:58:43Z,recall_class,3,class,fda.recalls.cder,raw/fda.recalls.cder/2026/09/20260907T205843Z-909bfeed529d.json.gz,1
fda.recalls.cder,firm:3003092769,2023-11-10,2026-09-07T20:58:43Z,recall_initiated,20231110,yyyymmdd,fda.recalls.cder,raw/fda.recalls.cder/2026/09/20260907T205843Z-909bfeed529d.json.gz,1
fda.recalls.cder,firm:3003092769,2023-11-10,2026-09-07T20:58:43Z,recall_terminated,1,bool,fda.recalls.cder,raw/fda.recalls.cder/2026/09/20260907T205843Z-909bfeed529d.json.gz,1
fda.recalls.cder,firm:3004097115,2023-11-22,2026-09-07T20:58:43Z,is_class_i,0,bool,fda.recalls.cder,raw/fda.recalls.cder/2026/09/20260907T205843Z-909bfeed529d.json.gz,1
fda.recalls.cder,firm:3004097115,2023-11-22,2026-09-07T20:58:43Z,recall,1,count,fda.recalls.cder,raw/fda.recalls.cder/2026/09/20260907T205843Z-909bfeed529d.json.gz,1
fda.recalls.cder,firm:3004097115,2023-11-22,2026-09-07T20:58:43Z,recall_class,2,class,fda.recalls.cder,raw/fda.recalls.cder/2026/09/20260907T205843Z-909bfeed529d.json.gz,1
fda.recalls.cder,firm:3004097115,2023-11-22,2026-09-07T20:58:43Z,recall_initiated,20231122,yyyymmdd,fda.recalls.cder,raw/fda.recalls.cder/2026/09/20260907T205843Z-909bfeed529d.json.gz,1
fda.recalls.cder,firm:3004097115,2023-11-22,2026-09-07T20:58:43Z,recall_terminated,1,bool,fda.recalls.cder,raw/fda.recalls.cder/2026/09/20260907T205843Z-909bfeed529d.json.gz,1
fda.recalls.cder,firm:3004569035,2023-11-22,2026-09-07T20:58:43Z,is_class_i,1,bool,fda.recalls.cder,raw/fda.recalls.cder/2026/09/20260907T205843Z-909bfeed529d.json.gz,1
fda.recalls.cder,firm:3004569035,2023-11-22,2026-09-07T20:58:43Z,recall,1,count,fda.recalls.cder,raw/fda.recalls.cder/2026/09/20260907T205843Z-909bfeed529d.json.gz,1
fda.recalls.cder,firm:3004569035,2023-11-22,2026-09-07T20:58:43Z,recall_class,1,class,fda.recalls.cder,raw/fda.recalls.cder/2026/09/20260907T205843Z-909bfeed529d.json.gz,1
fda.recalls.cder,firm:3004569035,2023-11-22,2026-09-07T20:58:43Z,recall_initiated,20231122,yyyymmdd,fda.recalls.cder,raw/fda.recalls.cder/2026/09/20260907T205843Z-909bfeed529d.json.gz,1
fda.recalls.cder,firm:3004569035,2023-11-22,2026-09-07T20:58:43Z,recall_terminated,0,bool,fda.recalls.cder,raw/fda.recalls.cder/2026/09/20260907T205843Z-909bfeed529d.json.gz,1
fda.recalls.cder,firm:3005658103,2023-11-07,2026-09-07T20:58:43Z,is_class_i,0,bool,fda.recalls.cder,raw/fda.recalls.cder/2026/09/20260907T205843Z-909bfeed529d.json.gz,1
fda.recalls.cder,firm:3005658103,2023-11-07,2026-09-07T20:58:43Z,recall,1,count,fda.recalls.cder,raw/fda.recalls.cder/2026/09/20260907T205843Z-909bfeed529d.json.gz,1
fda.recalls.cder,firm:3005658103,2023-11-07,2026-09-07T20:58:43Z,recall_class,2,class,fda.recalls.cder,raw/fda.recalls.cder/2026/09/20260907T205843Z-909bfeed529d.json.gz,1
fda.recalls.cder,firm:3005658103,2023-11-07,2026-09-07T20:58:43Z,recall_initiated,20231107,yyyymmdd,fda.recalls.cder,raw/fda.recalls.cder/2026/09/20260907T205843Z-909bfeed529d.json.gz,1
fda.recalls.cder,firm:3005658103,2023-11-07,2026-09-07T20:58:43Z,recall_terminated,0,bool,fda.recalls.cder,raw/fda.recalls.cder/2026/09/20260907T205843Z-909bfeed529d.json.gz,1
fda.recalls.cder,firm:3006458969,2023-11-10,2026-09-07T20:58:43Z,is_class_i,0,bool,fda.recalls.cder,raw/fda.recalls.cder/2026/09/20260907T205843Z-909bfeed529d.json.gz,1
fda.recalls.cder,firm:3006458969,2023-11-10,2026-09-07T20:58:43Z,recall,1,count,fda.recalls.cder,raw/fda.recalls.cder/2026/09/20260907T205843Z-909bfeed529d.json.gz,1
fda.recalls.cder,firm:3006458969,2023-11-10,2026-09-07T20:58:43Z,recall_class,2,class,fda.recalls.cder,raw/fda.recalls.cder/2026/09/20260907T205843Z-909bfeed529d.json.gz,1
fda.recalls.cder,firm:3006458969,2023-11-10,2026-09-07T20:58:43Z,recall_initiated,20231110,yyyymmdd,fda.recalls.cder,raw/fda.recalls.cder/2026/09/20260907T205843Z-909bfeed529d.json.gz,1
fda.recalls.cder,firm:3006458969,2023-11-10,2026-09-07T20:58:43Z,recall_terminated,1,bool,fda.recalls.cder,raw/fda.recalls.cder/2026/09/20260907T205843Z-909bfeed529d.json.gz,1
fda.recalls.cder,firm:3006727872,2023-11-01,2026-09-07T20:58:43Z,is_class_i,0,bool,fda.recalls.cder,raw/fda.recalls.cder/2026/09/20260907T205843Z-909bfeed529d.json.gz,1
fda.recalls.cder,firm:3006727872,2023-11-01,2026-09-07T20:58:43Z,recall,1,count,fda.recalls.cder,raw/fda.recalls.cder/2026/09/20260907T205843Z-909bfeed529d.json.gz,1
fda.recalls.cder,firm:3006727872,2023-11-01,2026-09-07T20:58:43Z,recall_class,2,class,fda.recalls.cder,raw/fda.recalls.cder/2026/09/20260907T205843Z-909bfeed529d.json.gz,1
fda.recalls.cder,firm:3006727872,2023-11-01,2026-09-07T20:58:43Z,recall_initiated,20231101,yyyymmdd,fda.recalls.cder,raw/fda.recalls.cder/2026/09/20260907T205843Z-909bfeed529d.json.gz,1
fda.recalls.cder,firm:3006727872,2023-11-01,2026-09-07T20:58:43Z,recall_terminated,0,bool,fda.recalls.cder,raw/fda.recalls.cder/2026/09/20260907T205843Z-909bfeed529d.json.gz,1
fda.recalls.cder,firm:3010589333,2023-11-09,2026-09-07T20:58:43Z,is_class_i,0,bool,fda.recalls.cder,raw/fda.recalls.cder/2026/09/20260907T205843Z-909bfeed529d.json.gz,1
fda.recalls.cder,firm:3010589333,2023-11-09,2026-09-07T20:58:43Z,recall,1,count,fda.recalls.cder,raw/fda.recalls.cder/2026/09/20260907T205843Z-909bfeed529d.json.gz,1
fda.recalls.cder,firm:3010589333,2023-11-09,2026-09-07T20:58:43Z,recall_class,3,class,fda.recalls.cder,raw/fda.recalls.cder/2026/09/20260907T205843Z-909bfeed529d.json.gz,1
fda.recalls.cder,firm:3010589333,2023-11-09,2026-09-07T20:58:43Z,recall_initiated,20231109,yyyymmdd,fda.recalls.cder,raw/fda.recalls.cder/2026/09/20260907T205843Z-909bfeed529d.json.gz,1
fda.recalls.cder,firm:3010589333,2023-11-09,2026-09-07T20:58:43Z,recall_terminated,1,bool,fda.recalls.cder,raw/fda.recalls.cder/2026/09/20260907T205843Z-909bfeed529d.json.gz,1
fda.recalls.cder,firm:3011152407,2023-11-22,2026-09-07T20:58:43Z,is_class_i,0,bool,fda.recalls.cder,raw/fda.recalls.cder/2026/09/20260907T205843Z-909bfeed529d.json.gz,1
fda.recalls.cder,firm:3011152407,2023-11-22,2026-09-07T20:58:43Z,recall,1,count,fda.recalls.cder,raw/fda.recalls.cder/2026/09/20260907T205843Z-909bfeed529d.json.gz,1
fda.recalls.cder,firm:3011152407,2023-11-22,2026-09-07T20:58:43Z,recall_class,2,class,fda.recalls.cder,raw/fda.recalls.cder/2026/09/20260907T205843Z-909bfeed529d.json.gz,1
fda.recalls.cder,firm:3011152407,2023-11-22,2026-09-07T20:58:43Z,recall_initiated,20231122,yyyymmdd,fda.recalls.cder,raw/fda.recalls.cder/2026/09/20260907T205843Z-909bfeed529d.json.gz,1
fda.recalls.cder,firm:3011152407,2023-11-22,2026-09-07T20:58:43Z,recall_terminated,1,bool,fda.recalls.cder,raw/fda.recalls.cder/2026/09/20260907T205843Z-909bfeed529d.json.gz,1
fda.recalls.cder,firm:3011853060,2023-11-13,2026-09-07T20:58:43Z,is_class_i,1,bool,fda.recalls.cder,raw/fda.recalls.cder/2026/09/20260907T205843Z-909bfeed529d.json.gz,1
fda.recalls.cder,firm:3011853060,2023-11-13,2026-09-07T20:58:43Z,recall,1,count,fda.recalls.cder,raw/fda.recalls.cder/2026/09/20260907T205843Z-909bfeed529d.json.gz,1
fda.recalls.cder,firm:3011853060,2023-11-13,2026-09-07T20:58:43Z,recall_class,1,class,fda.recalls.cder,raw/fda.recalls.cder/2026/09/20260907T205843Z-909bfeed529d.json.gz,1
fda.recalls.cder,firm:3011853060,2023-11-13,2026-09-07T20:58:43Z,recall_initiated,20231113,yyyymmdd,fda.recalls.cder,raw/fda.recalls.cder/2026/09/20260907T205843Z-909bfeed529d.json.gz,1
fda.recalls.cder,firm:3011853060,2023-11-13,2026-09-07T20:58:43Z,recall_terminated,0,bool,fda.recalls.cder,raw/fda.recalls.cder/2026/09/20260907T205843Z-909bfeed529d.json.gz,1
fda.recalls.cder,firm:3012104093,2023-11-10,2026-09-07T20:58:43Z,is_class_i,0,bool,fda.recalls.cder,raw/fda.recalls.cder/2026/09/20260907T205843Z-909bfeed529d.json.gz,1
fda.recalls.cder,firm:3012104093,2023-11-10,2026-09-07T20:58:43Z,recall,1,count,fda.recalls.cder,raw/fda.recalls.cder/2026/09/20260907T205843Z-909bfeed529d.json.gz,1
fda.recalls.cder,firm:3012104093,2023-11-10,2026-09-07T20:58:43Z,recall_class,3,class,fda.recalls.cder,raw/fda.recalls.cder/2026/09/20260907T205843Z-909bfeed529d.json.gz,1
fda.recalls.cder,firm:3012104093,2023-11-10,2026-09-07T20:58:43Z,recall_initiated,20231110,yyyymmdd,fda.recalls.cder,raw/fda.recalls.cder/2026/09/20260907T205843Z-909bfeed529d.json.gz,1
fda.recalls.cder,firm:3012104093,2023-11-10,2026-09-07T20:58:43Z,recall_terminated,0,bool,fda.recalls.cder,raw/fda.recalls.cder/2026/09/20260907T205843Z-909bfeed529d.json.gz,1
fda.recalls.cder,firm:3012696190,2023-11-17,2026-09-07T20:58:43Z,is_class_i,1,bool,fda.recalls.cder,raw/fda.recalls.cder/2026/09/20260907T205843Z-909bfeed529d.json.gz,1
fda.recalls.cder,firm:3012696190,2023-11-17,2026-09-07T20:58:43Z,recall,1,count,fda.recalls.cder,raw/fda.recalls.cder/2026/09/20260907T205843Z-909bfeed529d.json.gz,1
fda.recalls.cder,firm:3012696190,2023-11-17,2026-09-07T20:58:43Z,recall_class,1,class,fda.recalls.cder,raw/fda.recalls.cder/2026/09/20260907T205843Z-909bfeed529d.json.gz,1
fda.recalls.cder,firm:3012696190,2023-11-17,2026-09-07T20:58:43Z,recall_initiated,20231117,yyyymmdd,fda.recalls.cder,raw/fda.recalls.cder/2026/09/20260907T205843Z-909bfeed529d.json.gz,1
fda.recalls.cder,firm:3012696190,2023-11-17,2026-09-07T20:58:43Z,recall_terminated,0,bool,fda.recalls.cder,raw/fda.recalls.cder/2026/09/20260907T205843Z-909bfeed529d.json.gz,1
fda.recalls.cder,firm:3013472760,2023-11-22,2026-09-07T20:58:43Z,is_class_i,0,bool,fda.recalls.cder,raw/fda.recalls.cder/2026/09/20260907T205843Z-909bfeed529d.json.gz,1
fda.recalls.cder,firm:3013472760,2023-11-22,2026-09-07T20:58:43Z,recall,1,count,fda.recalls.cder,raw/fda.recalls.cder/2026/09/20260907T205843Z-909bfeed529d.json.gz,1
fda.recalls.cder,firm:3013472760,2023-11-22,2026-09-07T20:58:43Z,recall_class,3,class,fda.recalls.cder,raw/fda.recalls.cder/2026/09/20260907T205843Z-909bfeed529d.json.gz,1
fda.recalls.cder,firm:3013472760,2023-11-22,2026-09-07T20:58:43Z,recall_initiated,20231122,yyyymmdd,fda.recalls.cder,raw/fda.recalls.cder/2026/09/20260907T205843Z-909bfeed529d.json.gz,1
fda.recalls.cder,firm:3013472760,2023-11-22,2026-09-07T20:58:43Z,recall_terminated,1,bool,fda.recalls.cder,raw/fda.recalls.cder/2026/09/20260907T205843Z-909bfeed529d.json.gz,1
fda.recalls.cder,firm:3013736415,2023-11-09,2026-09-07T20:58:43Z,is_class_i,0,bool,fda.recalls.cder,raw/fda.recalls.cder/2026/09/20260907T205843Z-909bfeed529d.json.gz,1
fda.recalls.cder,firm:3013736415,2023-11-09,2026-09-07T20:58:43Z,recall,1,count,fda.recalls.cder,raw/fda.recalls.cder/2026/09/20260907T205843Z-909bfeed529d.json.gz,1
fda.recalls.cder,firm:3013736415,2023-11-09,2026-09-07T20:58:43Z,recall_class,2,class,fda.recalls.cder,raw/fda.recalls.cder/2026/09/20260907T205843Z-909bfeed529d.json.gz,1
fda.recalls.cder,firm:3013736415,2023-11-09,2026-09-07T20:58:43Z,recall_initiated,20231109,yyyymmdd,fda.recalls.cder,raw/fda.recalls.cder/2026/09/20260907T205843Z-909bfeed529d.json.gz,1
fda.recalls.cder,firm:3013736415,2023-11-09,2026-09-07T20:58:43Z,recall_terminated,1,bool,fda.recalls.cder,raw/fda.recalls.cder/2026/09/20260907T205843Z-909bfeed529d.json.gz,1
fda.recalls.cder,firm:3015144909,2023-11-29,2026-09-07T20:58:43Z,is_class_i,0,bool,fda.recalls.cder,raw/fda.recalls.cder/2026/09/20260907T205843Z-909bfeed529d.json.gz,1
fda.recalls.cder,firm:3015144909,2023-11-29,2026-09-07T20:58:43Z,recall,1,count,fda.recalls.cder,raw/fda.recalls.cder/2026/09/20260907T205843Z-909bfeed529d.json.gz,1
fda.recalls.cder,firm:3015144909,2023-11-29,2026-09-07T20:58:43Z,recall_class,2,class,fda.recalls.cder,raw/fda.recalls.cder/2026/09/20260907T205843Z-909bfeed529d.json.gz,1
fda.recalls.cder,firm:3015144909,2023-11-29,2026-09-07T20:58:43Z,recall_initiated,20231129,yyyymmdd,fda.recalls.cder,raw/fda.recalls.cder/2026/09/20260907T205843Z-909bfeed529d.json.gz,1
fda.recalls.cder,firm:3015144909,2023-11-29,2026-09-07T20:58:43Z,recall_terminated,0,bool,fda.recalls.cder,raw/fda.recalls.cder/2026/09/20260907T205843Z-909bfeed529d.json.gz,1
fda.recalls.cder,firm:3016710931,2023-11-22,2026-09-07T20:58:43Z,is_class_i,0,bool,fda.recalls.cder,raw/fda.recalls.cder/2026/09/20260907T205843Z-909bfeed529d.json.gz,1
fda.recalls.cder,firm:3016710931,2023-11-22,2026-09-07T20:58:43Z,recall,1,count,fda.recalls.cder,raw/fda.recalls.cder/2026/09/20260907T205843Z-909bfeed529d.json.gz,1
fda.recalls.cder,firm:3016710931,2023-11-22,2026-09-07T20:58:43Z,recall_class,2,class,fda.recalls.cder,raw/fda.recalls.cder/2026/09/20260907T205843Z-909bfeed529d.json.gz,1
fda.recalls.cder,firm:3016710931,2023-11-22,2026-09-07T20:58:43Z,recall_initiated,20231122,yyyymmdd,fda.recalls.cder,raw/fda.recalls.cder/2026/09/20260907T205843Z-909bfeed529d.json.gz,1
fda.recalls.cder,firm:3016710931,2023-11-22,2026-09-07T20:58:43Z,recall_terminated,0,bool,fda.recalls.cder,raw/fda.recalls.cder/2026/09/20260907T205843Z-909bfeed529d.json.gz,1
fda.recalls.cder,firm:3019402832,2023-11-13,2026-09-07T20:58:43Z,is_class_i,0,bool,fda.recalls.cder,raw/fda.recalls.cder/2026/09/20260907T205843Z-909bfeed529d.json.gz,1
fda.recalls.cder,firm:3019402832,2023-11-13,2026-09-07T20:58:43Z,recall,1,count,fda.recalls.cder,raw/fda.recalls.cder/2026/09/20260907T205843Z-909bfeed529d.json.gz,1
fda.recalls.cder,firm:3019402832,2023-11-13,2026-09-07T20:58:43Z,recall_class,2,class,fda.recalls.cder,raw/fda.recalls.cder/2026/09/20260907T205843Z-909bfeed529d.json.gz,1
fda.recalls.cder,firm:3019402832,2023-11-13,2026-09-07T20:58:43Z,recall_initiated,20231113,yyyymmdd,fda.recalls.cder,raw/fda.recalls.cder/2026/09/20260907T205843Z-909bfeed529d.json.gz,1
fda.recalls.cder,firm:3019402832,2023-11-13,2026-09-07T20:58:43Z,recall_terminated,0,bool,fda.recalls.cder,raw/fda.recalls.cder/2026/09/20260907T205843Z-909bfeed529d.json.gz,1
fda.recalls.cder,firm:3029777070,2023-11-08,2026-09-07T20:58:43Z,is_class_i,1,bool,fda.recalls.cder,raw/fda.recalls.cder/2026/09/20260907T205843Z-909bfeed529d.json.gz,1
fda.recalls.cder,firm:3029777070,2023-11-08,2026-09-07T20:58:43Z,recall,1,count,fda.recalls.cder,raw/fda.recalls.cder/2026/09/20260907T205843Z-909bfeed529d.json.gz,1
fda.recalls.cder,firm:3029777070,2023-11-08,2026-09-07T20:58:43Z,recall_class,1,class,fda.recalls.cder,raw/fda.recalls.cder/2026/09/20260907T205843Z-909bfeed529d.json.gz,1
fda.recalls.cder,firm:3029777070,2023-11-08,2026-09-07T20:58:43Z,recall_initiated,20231108,yyyymmdd,fda.recalls.cder,raw/fda.recalls.cder/2026/09/20260907T205843Z-909bfeed529d.json.gz,1
fda.recalls.cder,firm:3029777070,2023-11-08,2026-09-07T20:58:43Z,recall_terminated,0,bool,fda.recalls.cder,raw/fda.recalls.cder/2026/09/20260907T205843Z-909bfeed529d.json.gz,1
fda.recalls.cder,firm:3029984774,2023-11-29,2026-09-07T20:58:43Z,is_class_i,1,bool,fda.recalls.cder,raw/fda.recalls.cder/2026/09/20260907T205843Z-909bfeed529d.json.gz,1
fda.recalls.cder,firm:3029984774,2023-11-29,2026-09-07T20:58:43Z,recall,1,count,fda.recalls.cder,raw/fda.recalls.cder/2026/09/20260907T205843Z-909bfeed529d.json.gz,1
fda.recalls.cder,firm:3029984774,2023-11-29,2026-09-07T20:58:43Z,recall_class,1,class,fda.recalls.cder,raw/fda.recalls.cder/2026/09/20260907T205843Z-909bfeed529d.json.gz,1
fda.recalls.cder,firm:3029984774,2023-11-29,2026-09-07T20:58:43Z,recall_initiated,20231129,yyyymmdd,fda.recalls.cder,raw/fda.recalls.cder/2026/09/20260907T205843Z-909bfeed529d.json.gz,1
fda.recalls.cder,firm:3029984774,2023-11-29,2026-09-07T20:58:43Z,recall_terminated,0,bool,fda.recalls.cder,raw/fda.recalls.cder/2026/09/20260907T205843Z-909bfeed529d.json.gz,1
