series_id,entity_id,observed_at,captured_at,metric,value,unit,source_id,raw_ref,parser_version
fda.citations.history,firm:1000114834,2024-03-08,2026-09-08T14:32:38Z,cfr,21 CFR 211.113(a),,fda.citations.history,raw/fda.citations.history/2026/09/20260908T143238Z-4f77a2c64940.json.gz,1
fda.citations.history,firm:1000114834,2024-03-08,2026-09-08T14:32:38Z,cfr,21 CFR 211.22(d),,fda.citations.history,raw/fda.citations.history/2026/09/20260908T143238Z-4f77a2c64940.json.gz,1
fda.citations.history,firm:1000114834,2024-03-08,2026-09-08T14:32:38Z,cfr,21 CFR 211.42(a),,fda.citations.history,raw/fda.citations.history/2026/09/20260908T143238Z-4f77a2c64940.json.gz,1
fda.citations.history,firm:1000114834,2024-03-08,2026-09-08T14:32:38Z,cfr,21 CFR 211.68(b),,fda.citations.history,raw/fda.citations.history/2026/09/20260908T143238Z-4f77a2c64940.json.gz,1
fda.citations.history,firm:1000114834,2024-03-08,2026-09-08T14:32:38Z,cfr_part,211,part,fda.citations.history,raw/fda.citations.history/2026/09/20260908T143238Z-4f77a2c64940.json.gz,1
fda.citations.history,firm:1000114834,2024-03-08,2026-09-08T14:32:38Z,citation,1,count,fda.citations.history,raw/fda.citations.history/2026/09/20260908T143238Z-4f77a2c64940.json.gz,1
fda.citations.history,firm:1000114834,2024-03-08,2026-09-08T14:32:38Z,citation_topic,"Buildings of Suitable Size, Construction, Location",,fda.citations.history,raw/fda.citations.history/2026/09/20260908T143238Z-4f77a2c64940.json.gz,1
fda.citations.history,firm:1000114834,2024-03-08,2026-09-08T14:32:38Z,citation_topic,Computer control of master formula records,,fda.citations.history,raw/fda.citations.history/2026/09/20260908T143238Z-4f77a2c64940.json.gz,1
fda.citations.history,firm:1000114834,2024-03-08,2026-09-08T14:32:38Z,citation_topic,Procedures for non-sterile drug products,,fda.citations.history,raw/fda.citations.history/2026/09/20260908T143238Z-4f77a2c64940.json.gz,1
fda.citations.history,firm:1000114834,2024-03-08,2026-09-08T14:32:38Z,citation_topic,"Procedures not  in writing, fully followed",,fda.citations.history,raw/fda.citations.history/2026/09/20260908T143238Z-4f77a2c64940.json.gz,1
fda.citations.history,firm:1000114834,2024-03-08,2026-09-08T14:32:38Z,firm_key,RNA,,fda.citations.history,raw/fda.citations.history/2026/09/20260908T143238Z-4f77a2c64940.json.gz,1
fda.citations.history,firm:1000114834,2024-03-08,2026-09-08T14:32:38Z,is_gmp,1,bool,fda.citations.history,raw/fda.citations.history/2026/09/20260908T143238Z-4f77a2c64940.json.gz,1
fda.citations.history,firm:1000114834,2024-03-08,2026-09-08T14:32:38Z,label,"RNA Pharma, LLC",,fda.citations.history,raw/fda.citations.history/2026/09/20260908T143238Z-4f77a2c64940.json.gz,1
fda.citations.history,firm:1000117147,2024-03-19,2026-09-08T14:32:38Z,cfr,21 CFR 211.113(a),,fda.citations.history,raw/fda.citations.history/2026/09/20260908T143238Z-4f77a2c64940.json.gz,1
fda.citations.history,firm:1000117147,2024-03-19,2026-09-08T14:32:38Z,cfr,21 CFR 211.22(d),,fda.citations.history,raw/fda.citations.history/2026/09/20260908T143238Z-4f77a2c64940.json.gz,1
fda.citations.history,firm:1000117147,2024-03-19,2026-09-08T14:32:38Z,cfr,21 CFR 211.42(c)(10)(iv),,fda.citations.history,raw/fda.citations.history/2026/09/20260908T143238Z-4f77a2c64940.json.gz,1
fda.citations.history,firm:1000117147,2024-03-19,2026-09-08T14:32:38Z,cfr,21 CFR 211.56(a),,fda.citations.history,raw/fda.citations.history/2026/09/20260908T143238Z-4f77a2c64940.json.gz,1
fda.citations.history,firm:1000117147,2024-03-19,2026-09-08T14:32:38Z,cfr,21 CFR 211.67(b),,fda.citations.history,raw/fda.citations.history/2026/09/20260908T143238Z-4f77a2c64940.json.gz,1
fda.citations.history,firm:1000117147,2024-03-19,2026-09-08T14:32:38Z,cfr_part,211,part,fda.citations.history,raw/fda.citations.history/2026/09/20260908T143238Z-4f77a2c64940.json.gz,1
fda.citations.history,firm:1000117147,2024-03-19,2026-09-08T14:32:38Z,citation,1,count,fda.citations.history,raw/fda.citations.history/2026/09/20260908T143238Z-4f77a2c64940.json.gz,1
fda.citations.history,firm:1000117147,2024-03-19,2026-09-08T14:32:38Z,citation_topic,Environmental Monitoring System,,fda.citations.history,raw/fda.citations.history/2026/09/20260908T143238Z-4f77a2c64940.json.gz,1
fda.citations.history,firm:1000117147,2024-03-19,2026-09-08T14:32:38Z,citation_topic,Procedures for non-sterile drug products,,fda.citations.history,raw/fda.citations.history/2026/09/20260908T143238Z-4f77a2c64940.json.gz,1
fda.citations.history,firm:1000117147,2024-03-19,2026-09-08T14:32:38Z,citation_topic,"Procedures not  in writing, fully followed",,fda.citations.history,raw/fda.citations.history/2026/09/20260908T143238Z-4f77a2c64940.json.gz,1
fda.citations.history,firm:1000117147,2024-03-19,2026-09-08T14:32:38Z,citation_topic,"Sanitation--buildings not clean, free of infestation",,fda.citations.history,raw/fda.citations.history/2026/09/20260908T143238Z-4f77a2c64940.json.gz,1
fda.citations.history,firm:1000117147,2024-03-19,2026-09-08T14:32:38Z,citation_topic,Written procedures fail to include,,fda.citations.history,raw/fda.citations.history/2026/09/20260908T143238Z-4f77a2c64940.json.gz,1
fda.citations.history,firm:1000117147,2024-03-19,2026-09-08T14:32:38Z,firm_key,ACTAVIS UT,,fda.citations.history,raw/fda.citations.history/2026/09/20260908T143238Z-4f77a2c64940.json.gz,1
fda.citations.history,firm:1000117147,2024-03-19,2026-09-08T14:32:38Z,is_gmp,1,bool,fda.citations.history,raw/fda.citations.history/2026/09/20260908T143238Z-4f77a2c64940.json.gz,1
fda.citations.history,firm:1000117147,2024-03-19,2026-09-08T14:32:38Z,label,"Actavis Laboratories UT, Inc.",,fda.citations.history,raw/fda.citations.history/2026/09/20260908T143238Z-4f77a2c64940.json.gz,1
fda.citations.history,firm:1000181428,2024-03-15,2026-09-08T14:32:38Z,cfr,21 CFR 211.192,,fda.citations.history,raw/fda.citations.history/2026/09/20260908T143238Z-4f77a2c64940.json.gz,1
fda.citations.history,firm:1000181428,2024-03-15,2026-09-08T14:32:38Z,cfr,21 CFR 211.194(a),,fda.citations.history,raw/fda.citations.history/2026/09/20260908T143238Z-4f77a2c64940.json.gz,1
fda.citations.history,firm:1000181428,2024-03-15,2026-09-08T14:32:38Z,cfr,21 CFR 211.67(b),,fda.citations.history,raw/fda.citations.history/2026/09/20260908T143238Z-4f77a2c64940.json.gz,1
fda.citations.history,firm:1000181428,2024-03-15,2026-09-08T14:32:38Z,cfr,21 CFR 211.84(b),,fda.citations.history,raw/fda.citations.history/2026/09/20260908T143238Z-4f77a2c64940.json.gz,1
fda.citations.history,firm:1000181428,2024-03-15,2026-09-08T14:32:38Z,cfr,21 CFR 211.84(d)(2),,fda.citations.history,raw/fda.citations.history/2026/09/20260908T143238Z-4f77a2c64940.json.gz,1
fda.citations.history,firm:1000181428,2024-03-15,2026-09-08T14:32:38Z,cfr_part,211,part,fda.citations.history,raw/fda.citations.history/2026/09/20260908T143238Z-4f77a2c64940.json.gz,1
fda.citations.history,firm:1000181428,2024-03-15,2026-09-08T14:32:38Z,citation,1,count,fda.citations.history,raw/fda.citations.history/2026/09/20260908T143238Z-4f77a2c64940.json.gz,1
fda.citations.history,firm:1000181428,2024-03-15,2026-09-08T14:32:38Z,citation_topic,Complete test data included in records,,fda.citations.history,raw/fda.citations.history/2026/09/20260908T143238Z-4f77a2c64940.json.gz,1
fda.citations.history,firm:1000181428,2024-03-15,2026-09-08T14:32:38Z,citation_topic,"Investigations of discrepancies, failures",,fda.citations.history,raw/fda.citations.history/2026/09/20260908T143238Z-4f77a2c64940.json.gz,1
fda.citations.history,firm:1000181428,2024-03-15,2026-09-08T14:32:38Z,citation_topic,Reports of Analysis (Components),,fda.citations.history,raw/fda.citations.history/2026/09/20260908T143238Z-4f77a2c64940.json.gz,1
fda.citations.history,firm:1000181428,2024-03-15,2026-09-08T14:32:38Z,citation_topic,Representative Samples Criteria,,fda.citations.history,raw/fda.citations.history/2026/09/20260908T143238Z-4f77a2c64940.json.gz,1
fda.citations.history,firm:1000181428,2024-03-15,2026-09-08T14:32:38Z,citation_topic,Written procedures not established/followed,,fda.citations.history,raw/fda.citations.history/2026/09/20260908T143238Z-4f77a2c64940.json.gz,1
fda.citations.history,firm:1000181428,2024-03-15,2026-09-08T14:32:38Z,firm_key,INTERCOS EUROPE S P A,,fda.citations.history,raw/fda.citations.history/2026/09/20260908T143238Z-4f77a2c64940.json.gz,1
fda.citations.history,firm:1000181428,2024-03-15,2026-09-08T14:32:38Z,is_gmp,1,bool,fda.citations.history,raw/fda.citations.history/2026/09/20260908T143238Z-4f77a2c64940.json.gz,1
fda.citations.history,firm:1000181428,2024-03-15,2026-09-08T14:32:38Z,label,Intercos Europe S.p.A,,fda.citations.history,raw/fda.citations.history/2026/09/20260908T143238Z-4f77a2c64940.json.gz,1
fda.citations.history,firm:1117358,2024-03-06,2026-09-08T14:32:38Z,cfr,21 CFR 211.180(e)(1),,fda.citations.history,raw/fda.citations.history/2026/09/20260908T143238Z-4f77a2c64940.json.gz,1
fda.citations.history,firm:1117358,2024-03-06,2026-09-08T14:32:38Z,cfr,21 CFR 211.192,,fda.citations.history,raw/fda.citations.history/2026/09/20260908T143238Z-4f77a2c64940.json.gz,1
fda.citations.history,firm:1117358,2024-03-06,2026-09-08T14:32:38Z,cfr,21 CFR 211.22(d),,fda.citations.history,raw/fda.citations.history/2026/09/20260908T143238Z-4f77a2c64940.json.gz,1
fda.citations.history,firm:1117358,2024-03-06,2026-09-08T14:32:38Z,cfr,21 CFR 211.25(a),,fda.citations.history,raw/fda.citations.history/2026/09/20260908T143238Z-4f77a2c64940.json.gz,1
fda.citations.history,firm:1117358,2024-03-06,2026-09-08T14:32:38Z,cfr,21 CFR 211.67(a),,fda.citations.history,raw/fda.citations.history/2026/09/20260908T143238Z-4f77a2c64940.json.gz,1
fda.citations.history,firm:1117358,2024-03-06,2026-09-08T14:32:38Z,cfr_part,211,part,fda.citations.history,raw/fda.citations.history/2026/09/20260908T143238Z-4f77a2c64940.json.gz,1
fda.citations.history,firm:1117358,2024-03-06,2026-09-08T14:32:38Z,citation,1,count,fda.citations.history,raw/fda.citations.history/2026/09/20260908T143238Z-4f77a2c64940.json.gz,1
fda.citations.history,firm:1117358,2024-03-06,2026-09-08T14:32:38Z,citation_topic,Cleaning / Sanitizing / Maintenance,,fda.citations.history,raw/fda.citations.history/2026/09/20260908T143238Z-4f77a2c64940.json.gz,1
fda.citations.history,firm:1117358,2024-03-06,2026-09-08T14:32:38Z,citation_topic,GMP Training Frequency,,fda.citations.history,raw/fda.citations.history/2026/09/20260908T143238Z-4f77a2c64940.json.gz,1
fda.citations.history,firm:1117358,2024-03-06,2026-09-08T14:32:38Z,citation_topic,"Investigations of discrepancies, failures",,fda.citations.history,raw/fda.citations.history/2026/09/20260908T143238Z-4f77a2c64940.json.gz,1
fda.citations.history,firm:1117358,2024-03-06,2026-09-08T14:32:38Z,citation_topic,"Procedures not  in writing, fully followed",,fda.citations.history,raw/fda.citations.history/2026/09/20260908T143238Z-4f77a2c64940.json.gz,1
fda.citations.history,firm:1117358,2024-03-06,2026-09-08T14:32:38Z,citation_topic,Review of representative number of batches,,fda.citations.history,raw/fda.citations.history/2026/09/20260908T143238Z-4f77a2c64940.json.gz,1
fda.citations.history,firm:1117358,2024-03-06,2026-09-08T14:32:38Z,firm_key,MESSER,,fda.citations.history,raw/fda.citations.history/2026/09/20260908T143238Z-4f77a2c64940.json.gz,1
fda.citations.history,firm:1117358,2024-03-06,2026-09-08T14:32:38Z,is_gmp,1,bool,fda.citations.history,raw/fda.citations.history/2026/09/20260908T143238Z-4f77a2c64940.json.gz,1
fda.citations.history,firm:1117358,2024-03-06,2026-09-08T14:32:38Z,label,MESSER LLC,,fda.citations.history,raw/fda.citations.history/2026/09/20260908T143238Z-4f77a2c64940.json.gz,1
fda.citations.history,firm:1211177,2024-03-15,2026-09-08T14:32:38Z,cfr,21 CFR 314.80(b),,fda.citations.history,raw/fda.citations.history/2026/09/20260908T143238Z-4f77a2c64940.json.gz,1
fda.citations.history,firm:1211177,2024-03-15,2026-09-08T14:32:38Z,cfr,21 CFR 314.80(c)(2),,fda.citations.history,raw/fda.citations.history/2026/09/20260908T143238Z-4f77a2c64940.json.gz,1
fda.citations.history,firm:1211177,2024-03-15,2026-09-08T14:32:38Z,cfr,21 CFR 314.80(c)(2)(ii)(A),,fda.citations.history,raw/fda.citations.history/2026/09/20260908T143238Z-4f77a2c64940.json.gz,1
fda.citations.history,firm:1211177,2024-03-15,2026-09-08T14:32:38Z,cfr,21 CFR 314.80(j),,fda.citations.history,raw/fda.citations.history/2026/09/20260908T143238Z-4f77a2c64940.json.gz,1
fda.citations.history,firm:1211177,2024-03-15,2026-09-08T14:32:38Z,cfr,21 CFR 314.81(b)(2),,fda.citations.history,raw/fda.citations.history/2026/09/20260908T143238Z-4f77a2c64940.json.gz,1
fda.citations.history,firm:1211177,2024-03-15,2026-09-08T14:32:38Z,cfr_part,314,part,fda.citations.history,raw/fda.citations.history/2026/09/20260908T143238Z-4f77a2c64940.json.gz,1
fda.citations.history,firm:1211177,2024-03-15,2026-09-08T14:32:38Z,citation,1,count,fda.citations.history,raw/fda.citations.history/2026/09/20260908T143238Z-4f77a2c64940.json.gz,1
fda.citations.history,firm:1211177,2024-03-15,2026-09-08T14:32:38Z,citation_topic,Failure to develop written procedures,,fda.citations.history,raw/fda.citations.history/2026/09/20260908T143238Z-4f77a2c64940.json.gz,1
fda.citations.history,firm:1211177,2024-03-15,2026-09-08T14:32:38Z,citation_topic,Failure to maintain records,,fda.citations.history,raw/fda.citations.history/2026/09/20260908T143238Z-4f77a2c64940.json.gz,1
fda.citations.history,firm:1211177,2024-03-15,2026-09-08T14:32:38Z,citation_topic,Incomplete periodic safety report,,fda.citations.history,raw/fda.citations.history/2026/09/20260908T143238Z-4f77a2c64940.json.gz,1
fda.citations.history,firm:1211177,2024-03-15,2026-09-08T14:32:38Z,citation_topic,Interval,,fda.citations.history,raw/fda.citations.history/2026/09/20260908T143238Z-4f77a2c64940.json.gz,1
fda.citations.history,firm:1211177,2024-03-15,2026-09-08T14:32:38Z,citation_topic,Timely submission,,fda.citations.history,raw/fda.citations.history/2026/09/20260908T143238Z-4f77a2c64940.json.gz,1
fda.citations.history,firm:1211177,2024-03-15,2026-09-08T14:32:38Z,firm_key,K W GRIFFEN,,fda.citations.history,raw/fda.citations.history/2026/09/20260908T143238Z-4f77a2c64940.json.gz,1
fda.citations.history,firm:1211177,2024-03-15,2026-09-08T14:32:38Z,is_gmp,0,bool,fda.citations.history,raw/fda.citations.history/2026/09/20260908T143238Z-4f77a2c64940.json.gz,1
fda.citations.history,firm:1211177,2024-03-15,2026-09-08T14:32:38Z,label,K.W. Griffen Company,,fda.citations.history,raw/fda.citations.history/2026/09/20260908T143238Z-4f77a2c64940.json.gz,1
fda.citations.history,firm:1216032,2024-03-08,2026-09-08T14:32:38Z,cfr,21 CFR 211.100(b),,fda.citations.history,raw/fda.citations.history/2026/09/20260908T143238Z-4f77a2c64940.json.gz,1
fda.citations.history,firm:1216032,2024-03-08,2026-09-08T14:32:38Z,cfr,21 CFR 211.58,,fda.citations.history,raw/fda.citations.history/2026/09/20260908T143238Z-4f77a2c64940.json.gz,1
fda.citations.history,firm:1216032,2024-03-08,2026-09-08T14:32:38Z,cfr,21 CFR 211.67(a),,fda.citations.history,raw/fda.citations.history/2026/09/20260908T143238Z-4f77a2c64940.json.gz,1
fda.citations.history,firm:1216032,2024-03-08,2026-09-08T14:32:38Z,cfr,21 CFR 211.67(b),,fda.citations.history,raw/fda.citations.history/2026/09/20260908T143238Z-4f77a2c64940.json.gz,1
fda.citations.history,firm:1216032,2024-03-08,2026-09-08T14:32:38Z,cfr_part,211,part,fda.citations.history,raw/fda.citations.history/2026/09/20260908T143238Z-4f77a2c64940.json.gz,1
fda.citations.history,firm:1216032,2024-03-08,2026-09-08T14:32:38Z,citation,1,count,fda.citations.history,raw/fda.citations.history/2026/09/20260908T143238Z-4f77a2c64940.json.gz,1
fda.citations.history,firm:1216032,2024-03-08,2026-09-08T14:32:38Z,citation_topic,Buildings not maintained in good state of repair,,fda.citations.history,raw/fda.citations.history/2026/09/20260908T143238Z-4f77a2c64940.json.gz,1
fda.citations.history,firm:1216032,2024-03-08,2026-09-08T14:32:38Z,citation_topic,Cleaning / Sanitizing / Maintenance,,fda.citations.history,raw/fda.citations.history/2026/09/20260908T143238Z-4f77a2c64940.json.gz,1
fda.citations.history,firm:1216032,2024-03-08,2026-09-08T14:32:38Z,citation_topic,SOPs not followed / documented,,fda.citations.history,raw/fda.citations.history/2026/09/20260908T143238Z-4f77a2c64940.json.gz,1
fda.citations.history,firm:1216032,2024-03-08,2026-09-08T14:32:38Z,citation_topic,Written procedures not established/followed,,fda.citations.history,raw/fda.citations.history/2026/09/20260908T143238Z-4f77a2c64940.json.gz,1
fda.citations.history,firm:1216032,2024-03-08,2026-09-08T14:32:38Z,firm_key,CITRA,,fda.citations.history,raw/fda.citations.history/2026/09/20260908T143238Z-4f77a2c64940.json.gz,1
fda.citations.history,firm:1216032,2024-03-08,2026-09-08T14:32:38Z,is_gmp,1,bool,fda.citations.history,raw/fda.citations.history/2026/09/20260908T143238Z-4f77a2c64940.json.gz,1
fda.citations.history,firm:1216032,2024-03-08,2026-09-08T14:32:38Z,label,"Citra Labs, LLC",,fda.citations.history,raw/fda.citations.history/2026/09/20260908T143238Z-4f77a2c64940.json.gz,1
fda.citations.history,firm:1643811,2024-03-01,2026-09-08T14:32:38Z,cfr,21 CFR 211.160(b)(4),,fda.citations.history,raw/fda.citations.history/2026/09/20260908T143238Z-4f77a2c64940.json.gz,1
fda.citations.history,firm:1643811,2024-03-01,2026-09-08T14:32:38Z,cfr,21 CFR 211.165(b),,fda.citations.history,raw/fda.citations.history/2026/09/20260908T143238Z-4f77a2c64940.json.gz,1
fda.citations.history,firm:1643811,2024-03-01,2026-09-08T14:32:38Z,cfr,21 CFR 211.192,,fda.citations.history,raw/fda.citations.history/2026/09/20260908T143238Z-4f77a2c64940.json.gz,1
fda.citations.history,firm:1643811,2024-03-01,2026-09-08T14:32:38Z,cfr,21 CFR 211.22(d),,fda.citations.history,raw/fda.citations.history/2026/09/20260908T143238Z-4f77a2c64940.json.gz,1
fda.citations.history,firm:1643811,2024-03-01,2026-09-08T14:32:38Z,cfr,21 CFR 211.48(a),,fda.citations.history,raw/fda.citations.history/2026/09/20260908T143238Z-4f77a2c64940.json.gz,1
fda.citations.history,firm:1643811,2024-03-01,2026-09-08T14:32:38Z,cfr,21 CFR 211.58,,fda.citations.history,raw/fda.citations.history/2026/09/20260908T143238Z-4f77a2c64940.json.gz,1
fda.citations.history,firm:1643811,2024-03-01,2026-09-08T14:32:38Z,cfr,21 CFR 211.63,,fda.citations.history,raw/fda.citations.history/2026/09/20260908T143238Z-4f77a2c64940.json.gz,1
fda.citations.history,firm:1643811,2024-03-01,2026-09-08T14:32:38Z,cfr,21 CFR 211.67(a),,fda.citations.history,raw/fda.citations.history/2026/09/20260908T143238Z-4f77a2c64940.json.gz,1
fda.citations.history,firm:1643811,2024-03-01,2026-09-08T14:32:38Z,cfr,21 CFR 211.84(d)(1),,fda.citations.history,raw/fda.citations.history/2026/09/20260908T143238Z-4f77a2c64940.json.gz,1
fda.citations.history,firm:1643811,2024-03-01,2026-09-08T14:32:38Z,cfr_part,211,part,fda.citations.history,raw/fda.citations.history/2026/09/20260908T143238Z-4f77a2c64940.json.gz,1
fda.citations.history,firm:1643811,2024-03-01,2026-09-08T14:32:38Z,citation,1,count,fda.citations.history,raw/fda.citations.history/2026/09/20260908T143238Z-4f77a2c64940.json.gz,1
fda.citations.history,firm:1643811,2024-03-01,2026-09-08T14:32:38Z,citation_topic,Buildings not maintained in good state of repair,,fda.citations.history,raw/fda.citations.history/2026/09/20260908T143238Z-4f77a2c64940.json.gz,1
fda.citations.history,firm:1643811,2024-03-01,2026-09-08T14:32:38Z,citation_topic,"Calibration - at intervals, written program, remedial action",,fda.citations.history,raw/fda.citations.history/2026/09/20260908T143238Z-4f77a2c64940.json.gz,1
fda.citations.history,firm:1643811,2024-03-01,2026-09-08T14:32:38Z,citation_topic,Cleaning / Sanitizing / Maintenance,,fda.citations.history,raw/fda.citations.history/2026/09/20260908T143238Z-4f77a2c64940.json.gz,1
fda.citations.history,firm:1643811,2024-03-01,2026-09-08T14:32:38Z,citation_topic,Component identity verification,,fda.citations.history,raw/fda.citations.history/2026/09/20260908T143238Z-4f77a2c64940.json.gz,1
fda.citations.history,firm:1643811,2024-03-01,2026-09-08T14:32:38Z,citation_topic,"Equipment Design, Size and Location",,fda.citations.history,raw/fda.citations.history/2026/09/20260908T143238Z-4f77a2c64940.json.gz,1
fda.citations.history,firm:1643811,2024-03-01,2026-09-08T14:32:38Z,citation_topic,"Investigations of discrepancies, failures",,fda.citations.history,raw/fda.citations.history/2026/09/20260908T143238Z-4f77a2c64940.json.gz,1
fda.citations.history,firm:1643811,2024-03-01,2026-09-08T14:32:38Z,citation_topic,Microbiological testing,,fda.citations.history,raw/fda.citations.history/2026/09/20260908T143238Z-4f77a2c64940.json.gz,1
fda.citations.history,firm:1643811,2024-03-01,2026-09-08T14:32:38Z,citation_topic,Plumbing System Defects,,fda.citations.history,raw/fda.citations.history/2026/09/20260908T143238Z-4f77a2c64940.json.gz,1
fda.citations.history,firm:1643811,2024-03-01,2026-09-08T14:32:38Z,citation_topic,"Procedures not  in writing, fully followed",,fda.citations.history,raw/fda.citations.history/2026/09/20260908T143238Z-4f77a2c64940.json.gz,1
fda.citations.history,firm:1643811,2024-03-01,2026-09-08T14:32:38Z,firm_key,NATURAL TECHNOLOGY,,fda.citations.history,raw/fda.citations.history/2026/09/20260908T143238Z-4f77a2c64940.json.gz,1
fda.citations.history,firm:1643811,2024-03-01,2026-09-08T14:32:38Z,is_gmp,1,bool,fda.citations.history,raw/fda.citations.history/2026/09/20260908T143238Z-4f77a2c64940.json.gz,1
fda.citations.history,firm:1643811,2024-03-01,2026-09-08T14:32:38Z,label,Natural Technology LLC,,fda.citations.history,raw/fda.citations.history/2026/09/20260908T143238Z-4f77a2c64940.json.gz,1
fda.citations.history,firm:2246315,2024-03-18,2026-09-08T14:32:38Z,cfr,21 CFR 211.113(b),,fda.citations.history,raw/fda.citations.history/2026/09/20260908T143238Z-4f77a2c64940.json.gz,1
fda.citations.history,firm:2246315,2024-03-18,2026-09-08T14:32:38Z,cfr_part,211,part,fda.citations.history,raw/fda.citations.history/2026/09/20260908T143238Z-4f77a2c64940.json.gz,1
fda.citations.history,firm:2246315,2024-03-18,2026-09-08T14:32:38Z,citation,1,count,fda.citations.history,raw/fda.citations.history/2026/09/20260908T143238Z-4f77a2c64940.json.gz,1
fda.citations.history,firm:2246315,2024-03-18,2026-09-08T14:32:38Z,citation_topic,Procedures for sterile drug products,,fda.citations.history,raw/fda.citations.history/2026/09/20260908T143238Z-4f77a2c64940.json.gz,1
fda.citations.history,firm:2246315,2024-03-18,2026-09-08T14:32:38Z,firm_key,PATHEON MANUFACTURING SERVICES,,fda.citations.history,raw/fda.citations.history/2026/09/20260908T143238Z-4f77a2c64940.json.gz,1
fda.citations.history,firm:2246315,2024-03-18,2026-09-08T14:32:38Z,is_gmp,1,bool,fda.citations.history,raw/fda.citations.history/2026/09/20260908T143238Z-4f77a2c64940.json.gz,1
fda.citations.history,firm:2246315,2024-03-18,2026-09-08T14:32:38Z,label,Patheon Manufacturing Services LLC,,fda.citations.history,raw/fda.citations.history/2026/09/20260908T143238Z-4f77a2c64940.json.gz,1
fda.citations.history,firm:2428848,2024-03-26,2026-09-08T14:32:38Z,cfr,21 CFR 211.110(a),,fda.citations.history,raw/fda.citations.history/2026/09/20260908T143238Z-4f77a2c64940.json.gz,1
fda.citations.history,firm:2428848,2024-03-26,2026-09-08T14:32:38Z,cfr,21 CFR 211.142(b),,fda.citations.history,raw/fda.citations.history/2026/09/20260908T143238Z-4f77a2c64940.json.gz,1
fda.citations.history,firm:2428848,2024-03-26,2026-09-08T14:32:38Z,cfr,21 CFR 211.160(b),,fda.citations.history,raw/fda.citations.history/2026/09/20260908T143238Z-4f77a2c64940.json.gz,1
fda.citations.history,firm:2428848,2024-03-26,2026-09-08T14:32:38Z,cfr,21 CFR 211.160(b)(4),,fda.citations.history,raw/fda.citations.history/2026/09/20260908T143238Z-4f77a2c64940.json.gz,1
fda.citations.history,firm:2428848,2024-03-26,2026-09-08T14:32:38Z,cfr,21 CFR 211.166(a),,fda.citations.history,raw/fda.citations.history/2026/09/20260908T143238Z-4f77a2c64940.json.gz,1
fda.citations.history,firm:2428848,2024-03-26,2026-09-08T14:32:38Z,cfr,21 CFR 211.180(e)(2),,fda.citations.history,raw/fda.citations.history/2026/09/20260908T143238Z-4f77a2c64940.json.gz,1
fda.citations.history,firm:2428848,2024-03-26,2026-09-08T14:32:38Z,cfr,21 CFR 211.182,,fda.citations.history,raw/fda.citations.history/2026/09/20260908T143238Z-4f77a2c64940.json.gz,1
fda.citations.history,firm:2428848,2024-03-26,2026-09-08T14:32:38Z,cfr,21 CFR 211.188,,fda.citations.history,raw/fda.citations.history/2026/09/20260908T143238Z-4f77a2c64940.json.gz,1
fda.citations.history,firm:2428848,2024-03-26,2026-09-08T14:32:38Z,cfr,21 CFR 211.25(a),,fda.citations.history,raw/fda.citations.history/2026/09/20260908T143238Z-4f77a2c64940.json.gz,1
fda.citations.history,firm:2428848,2024-03-26,2026-09-08T14:32:38Z,cfr,21 CFR 211.84(d)(1),,fda.citations.history,raw/fda.citations.history/2026/09/20260908T143238Z-4f77a2c64940.json.gz,1
fda.citations.history,firm:2428848,2024-03-26,2026-09-08T14:32:38Z,cfr_part,211,part,fda.citations.history,raw/fda.citations.history/2026/09/20260908T143238Z-4f77a2c64940.json.gz,1
fda.citations.history,firm:2428848,2024-03-26,2026-09-08T14:32:38Z,citation,1,count,fda.citations.history,raw/fda.citations.history/2026/09/20260908T143238Z-4f77a2c64940.json.gz,1
fda.citations.history,firm:2428848,2024-03-26,2026-09-08T14:32:38Z,citation_topic,Component identity verification,,fda.citations.history,raw/fda.citations.history/2026/09/20260908T143238Z-4f77a2c64940.json.gz,1
fda.citations.history,firm:2428848,2024-03-26,2026-09-08T14:32:38Z,citation_topic,Control procedures to monitor and validate performance,,fda.citations.history,raw/fda.citations.history/2026/09/20260908T143238Z-4f77a2c64940.json.gz,1
fda.citations.history,firm:2428848,2024-03-26,2026-09-08T14:32:38Z,citation_topic,Establishment of calibration procedures,,fda.citations.history,raw/fda.citations.history/2026/09/20260908T143238Z-4f77a2c64940.json.gz,1
fda.citations.history,firm:2428848,2024-03-26,2026-09-08T14:32:38Z,citation_topic,GMP Training Frequency,,fda.citations.history,raw/fda.citations.history/2026/09/20260908T143238Z-4f77a2c64940.json.gz,1
fda.citations.history,firm:2428848,2024-03-26,2026-09-08T14:32:38Z,citation_topic,Items to cover on annual reviews,,fda.citations.history,raw/fda.citations.history/2026/09/20260908T143238Z-4f77a2c64940.json.gz,1
fda.citations.history,firm:2428848,2024-03-26,2026-09-08T14:32:38Z,citation_topic,"Prepared for each batch, include complete information",,fda.citations.history,raw/fda.citations.history/2026/09/20260908T143238Z-4f77a2c64940.json.gz,1
fda.citations.history,firm:2428848,2024-03-26,2026-09-08T14:32:38Z,citation_topic,Scientifically sound laboratory controls,,fda.citations.history,raw/fda.citations.history/2026/09/20260908T143238Z-4f77a2c64940.json.gz,1
fda.citations.history,firm:2428848,2024-03-26,2026-09-08T14:32:38Z,citation_topic,Specific information required in individual logs,,fda.citations.history,raw/fda.citations.history/2026/09/20260908T143238Z-4f77a2c64940.json.gz,1
fda.citations.history,firm:2428848,2024-03-26,2026-09-08T14:32:38Z,citation_topic,Storage under appropriate conditions,,fda.citations.history,raw/fda.citations.history/2026/09/20260908T143238Z-4f77a2c64940.json.gz,1
fda.citations.history,firm:2428848,2024-03-26,2026-09-08T14:32:38Z,citation_topic,Written program not followed,,fda.citations.history,raw/fda.citations.history/2026/09/20260908T143238Z-4f77a2c64940.json.gz,1
fda.citations.history,firm:2428848,2024-03-26,2026-09-08T14:32:38Z,firm_key,COSCO ENTERPRISES,,fda.citations.history,raw/fda.citations.history/2026/09/20260908T143238Z-4f77a2c64940.json.gz,1
fda.citations.history,firm:2428848,2024-03-26,2026-09-08T14:32:38Z,is_gmp,1,bool,fda.citations.history,raw/fda.citations.history/2026/09/20260908T143238Z-4f77a2c64940.json.gz,1
fda.citations.history,firm:2428848,2024-03-26,2026-09-08T14:32:38Z,label,"Cosco Enterprises, Inc",,fda.citations.history,raw/fda.citations.history/2026/09/20260908T143238Z-4f77a2c64940.json.gz,1
fda.citations.history,firm:2623531,2024-03-21,2026-09-08T14:32:38Z,cfr,21 CFR 211.22(d),,fda.citations.history,raw/fda.citations.history/2026/09/20260908T143238Z-4f77a2c64940.json.gz,1
fda.citations.history,firm:2623531,2024-03-21,2026-09-08T14:32:38Z,cfr_part,211,part,fda.citations.history,raw/fda.citations.history/2026/09/20260908T143238Z-4f77a2c64940.json.gz,1
fda.citations.history,firm:2623531,2024-03-21,2026-09-08T14:32:38Z,citation,1,count,fda.citations.history,raw/fda.citations.history/2026/09/20260908T143238Z-4f77a2c64940.json.gz,1
fda.citations.history,firm:2623531,2024-03-21,2026-09-08T14:32:38Z,citation_topic,"Procedures not  in writing, fully followed",,fda.citations.history,raw/fda.citations.history/2026/09/20260908T143238Z-4f77a2c64940.json.gz,1
fda.citations.history,firm:2623531,2024-03-21,2026-09-08T14:32:38Z,firm_key,PACE ANALYTICAL,,fda.citations.history,raw/fda.citations.history/2026/09/20260908T143238Z-4f77a2c64940.json.gz,1
fda.citations.history,firm:2623531,2024-03-21,2026-09-08T14:32:38Z,is_gmp,1,bool,fda.citations.history,raw/fda.citations.history/2026/09/20260908T143238Z-4f77a2c64940.json.gz,1
fda.citations.history,firm:2623531,2024-03-21,2026-09-08T14:32:38Z,label,Pace Analytical Inc.,,fda.citations.history,raw/fda.citations.history/2026/09/20260908T143238Z-4f77a2c64940.json.gz,1
fda.citations.history,firm:3001802820,2024-03-21,2026-09-08T14:32:38Z,cfr,21 CFR 211.113(b),,fda.citations.history,raw/fda.citations.history/2026/09/20260908T143238Z-4f77a2c64940.json.gz,1
fda.citations.history,firm:3001802820,2024-03-21,2026-09-08T14:32:38Z,cfr,21 CFR 211.160(b),,fda.citations.history,raw/fda.citations.history/2026/09/20260908T143238Z-4f77a2c64940.json.gz,1
fda.citations.history,firm:3001802820,2024-03-21,2026-09-08T14:32:38Z,cfr,21 CFR 211.192,,fda.citations.history,raw/fda.citations.history/2026/09/20260908T143238Z-4f77a2c64940.json.gz,1
fda.citations.history,firm:3001802820,2024-03-21,2026-09-08T14:32:38Z,cfr,21 CFR 211.194(a),,fda.citations.history,raw/fda.citations.history/2026/09/20260908T143238Z-4f77a2c64940.json.gz,1
fda.citations.history,firm:3001802820,2024-03-21,2026-09-08T14:32:38Z,cfr,21 CFR 211.194(a)(6),,fda.citations.history,raw/fda.citations.history/2026/09/20260908T143238Z-4f77a2c64940.json.gz,1
fda.citations.history,firm:3001802820,2024-03-21,2026-09-08T14:32:38Z,cfr,21 CFR 211.22(d),,fda.citations.history,raw/fda.citations.history/2026/09/20260908T143238Z-4f77a2c64940.json.gz,1
fda.citations.history,firm:3001802820,2024-03-21,2026-09-08T14:32:38Z,cfr,21 CFR 211.42(c)(10),,fda.citations.history,raw/fda.citations.history/2026/09/20260908T143238Z-4f77a2c64940.json.gz,1
fda.citations.history,firm:3001802820,2024-03-21,2026-09-08T14:32:38Z,cfr,21 CFR 211.42(c)(10)(iv),,fda.citations.history,raw/fda.citations.history/2026/09/20260908T143238Z-4f77a2c64940.json.gz,1
fda.citations.history,firm:3001802820,2024-03-21,2026-09-08T14:32:38Z,cfr,21 CFR 211.42(c)(10)(v),,fda.citations.history,raw/fda.citations.history/2026/09/20260908T143238Z-4f77a2c64940.json.gz,1
fda.citations.history,firm:3001802820,2024-03-21,2026-09-08T14:32:38Z,cfr_part,211,part,fda.citations.history,raw/fda.citations.history/2026/09/20260908T143238Z-4f77a2c64940.json.gz,1
fda.citations.history,firm:3001802820,2024-03-21,2026-09-08T14:32:38Z,citation,1,count,fda.citations.history,raw/fda.citations.history/2026/09/20260908T143238Z-4f77a2c64940.json.gz,1
fda.citations.history,firm:3001802820,2024-03-21,2026-09-08T14:32:38Z,citation_topic,Aseptic Processing Area,,fda.citations.history,raw/fda.citations.history/2026/09/20260908T143238Z-4f77a2c64940.json.gz,1
fda.citations.history,firm:3001802820,2024-03-21,2026-09-08T14:32:38Z,citation_topic,Cleaning System,,fda.citations.history,raw/fda.citations.history/2026/09/20260908T143238Z-4f77a2c64940.json.gz,1
fda.citations.history,firm:3001802820,2024-03-21,2026-09-08T14:32:38Z,citation_topic,Comparison of Test Results to Specifications,,fda.citations.history,raw/fda.citations.history/2026/09/20260908T143238Z-4f77a2c64940.json.gz,1
fda.citations.history,firm:3001802820,2024-03-21,2026-09-08T14:32:38Z,citation_topic,Complete test data included in records,,fda.citations.history,raw/fda.citations.history/2026/09/20260908T143238Z-4f77a2c64940.json.gz,1
fda.citations.history,firm:3001802820,2024-03-21,2026-09-08T14:32:38Z,citation_topic,Environmental Monitoring System,,fda.citations.history,raw/fda.citations.history/2026/09/20260908T143238Z-4f77a2c64940.json.gz,1
fda.citations.history,firm:3001802820,2024-03-21,2026-09-08T14:32:38Z,citation_topic,"Investigations of discrepancies, failures",,fda.citations.history,raw/fda.citations.history/2026/09/20260908T143238Z-4f77a2c64940.json.gz,1
fda.citations.history,firm:3001802820,2024-03-21,2026-09-08T14:32:38Z,citation_topic,Procedures for sterile drug products,,fda.citations.history,raw/fda.citations.history/2026/09/20260908T143238Z-4f77a2c64940.json.gz,1
fda.citations.history,firm:3001802820,2024-03-21,2026-09-08T14:32:38Z,citation_topic,"Procedures not  in writing, fully followed",,fda.citations.history,raw/fda.citations.history/2026/09/20260908T143238Z-4f77a2c64940.json.gz,1
fda.citations.history,firm:3001802820,2024-03-21,2026-09-08T14:32:38Z,citation_topic,Scientifically sound laboratory controls,,fda.citations.history,raw/fda.citations.history/2026/09/20260908T143238Z-4f77a2c64940.json.gz,1
fda.citations.history,firm:3001802820,2024-03-21,2026-09-08T14:32:38Z,firm_key,KP TECHNOLOGY,,fda.citations.history,raw/fda.citations.history/2026/09/20260908T143238Z-4f77a2c64940.json.gz,1
fda.citations.history,firm:3001802820,2024-03-21,2026-09-08T14:32:38Z,is_gmp,1,bool,fda.citations.history,raw/fda.citations.history/2026/09/20260908T143238Z-4f77a2c64940.json.gz,1
fda.citations.history,firm:3001802820,2024-03-21,2026-09-08T14:32:38Z,label,KP Pharmaceutical Technology,,fda.citations.history,raw/fda.citations.history/2026/09/20260908T143238Z-4f77a2c64940.json.gz,1
fda.citations.history,firm:3002088200,2024-03-15,2026-09-08T14:32:38Z,cfr,21 CFR 211.165(a),,fda.citations.history,raw/fda.citations.history/2026/09/20260908T143238Z-4f77a2c64940.json.gz,1
fda.citations.history,firm:3002088200,2024-03-15,2026-09-08T14:32:38Z,cfr,21 CFR 211.166(a),,fda.citations.history,raw/fda.citations.history/2026/09/20260908T143238Z-4f77a2c64940.json.gz,1
fda.citations.history,firm:3002088200,2024-03-15,2026-09-08T14:32:38Z,cfr,21 CFR 211.192,,fda.citations.history,raw/fda.citations.history/2026/09/20260908T143238Z-4f77a2c64940.json.gz,1
fda.citations.history,firm:3002088200,2024-03-15,2026-09-08T14:32:38Z,cfr,21 CFR 211.22(d),,fda.citations.history,raw/fda.citations.history/2026/09/20260908T143238Z-4f77a2c64940.json.gz,1
fda.citations.history,firm:3002088200,2024-03-15,2026-09-08T14:32:38Z,cfr,21 CFR 211.63,,fda.citations.history,raw/fda.citations.history/2026/09/20260908T143238Z-4f77a2c64940.json.gz,1
fda.citations.history,firm:3002088200,2024-03-15,2026-09-08T14:32:38Z,cfr,21 CFR 211.84(d)(1),,fda.citations.history,raw/fda.citations.history/2026/09/20260908T143238Z-4f77a2c64940.json.gz,1
fda.citations.history,firm:3002088200,2024-03-15,2026-09-08T14:32:38Z,cfr_part,211,part,fda.citations.history,raw/fda.citations.history/2026/09/20260908T143238Z-4f77a2c64940.json.gz,1
fda.citations.history,firm:3002088200,2024-03-15,2026-09-08T14:32:38Z,citation,1,count,fda.citations.history,raw/fda.citations.history/2026/09/20260908T143238Z-4f77a2c64940.json.gz,1
fda.citations.history,firm:3002088200,2024-03-15,2026-09-08T14:32:38Z,citation_topic,Component identity verification,,fda.citations.history,raw/fda.citations.history/2026/09/20260908T143238Z-4f77a2c64940.json.gz,1
fda.citations.history,firm:3002088200,2024-03-15,2026-09-08T14:32:38Z,citation_topic,"Equipment Design, Size and Location",,fda.citations.history,raw/fda.citations.history/2026/09/20260908T143238Z-4f77a2c64940.json.gz,1
fda.citations.history,firm:3002088200,2024-03-15,2026-09-08T14:32:38Z,citation_topic,"Investigations of discrepancies, failures",,fda.citations.history,raw/fda.citations.history/2026/09/20260908T143238Z-4f77a2c64940.json.gz,1
fda.citations.history,firm:3002088200,2024-03-15,2026-09-08T14:32:38Z,citation_topic,Lack of written stability program,,fda.citations.history,raw/fda.citations.history/2026/09/20260908T143238Z-4f77a2c64940.json.gz,1
fda.citations.history,firm:3002088200,2024-03-15,2026-09-08T14:32:38Z,citation_topic,"Procedures not  in writing, fully followed",,fda.citations.history,raw/fda.citations.history/2026/09/20260908T143238Z-4f77a2c64940.json.gz,1
fda.citations.history,firm:3002088200,2024-03-15,2026-09-08T14:32:38Z,citation_topic,Testing and release for distribution,,fda.citations.history,raw/fda.citations.history/2026/09/20260908T143238Z-4f77a2c64940.json.gz,1
fda.citations.history,firm:3002088200,2024-03-15,2026-09-08T14:32:38Z,firm_key,MAX CHEMICAL,,fda.citations.history,raw/fda.citations.history/2026/09/20260908T143238Z-4f77a2c64940.json.gz,1
fda.citations.history,firm:3002088200,2024-03-15,2026-09-08T14:32:38Z,is_gmp,1,bool,fda.citations.history,raw/fda.citations.history/2026/09/20260908T143238Z-4f77a2c64940.json.gz,1
fda.citations.history,firm:3002088200,2024-03-15,2026-09-08T14:32:38Z,label,Max Chemical Inc,,fda.citations.history,raw/fda.citations.history/2026/09/20260908T143238Z-4f77a2c64940.json.gz,1
fda.citations.history,firm:3002807834,2024-03-22,2026-09-08T14:32:38Z,cfr,21 CFR 211.160(a),,fda.citations.history,raw/fda.citations.history/2026/09/20260908T143238Z-4f77a2c64940.json.gz,1
fda.citations.history,firm:3002807834,2024-03-22,2026-09-08T14:32:38Z,cfr,21 CFR 211.192,,fda.citations.history,raw/fda.citations.history/2026/09/20260908T143238Z-4f77a2c64940.json.gz,1
fda.citations.history,firm:3002807834,2024-03-22,2026-09-08T14:32:38Z,cfr,21 CFR 211.42(c)(10)(iv),,fda.citations.history,raw/fda.citations.history/2026/09/20260908T143238Z-4f77a2c64940.json.gz,1
fda.citations.history,firm:3002807834,2024-03-22,2026-09-08T14:32:38Z,cfr,21 CFR 211.67(a),,fda.citations.history,raw/fda.citations.history/2026/09/20260908T143238Z-4f77a2c64940.json.gz,1
fda.citations.history,firm:3002807834,2024-03-22,2026-09-08T14:32:38Z,cfr,21 CFR 211.84(d)(2),,fda.citations.history,raw/fda.citations.history/2026/09/20260908T143238Z-4f77a2c64940.json.gz,1
fda.citations.history,firm:3002807834,2024-03-22,2026-09-08T14:32:38Z,cfr_part,211,part,fda.citations.history,raw/fda.citations.history/2026/09/20260908T143238Z-4f77a2c64940.json.gz,1
fda.citations.history,firm:3002807834,2024-03-22,2026-09-08T14:32:38Z,citation,1,count,fda.citations.history,raw/fda.citations.history/2026/09/20260908T143238Z-4f77a2c64940.json.gz,1
fda.citations.history,firm:3002807834,2024-03-22,2026-09-08T14:32:38Z,citation_topic,Cleaning / Sanitizing / Maintenance,,fda.citations.history,raw/fda.citations.history/2026/09/20260908T143238Z-4f77a2c64940.json.gz,1
fda.citations.history,firm:3002807834,2024-03-22,2026-09-08T14:32:38Z,citation_topic,Deviations from laboratory control requirements,,fda.citations.history,raw/fda.citations.history/2026/09/20260908T143238Z-4f77a2c64940.json.gz,1
fda.citations.history,firm:3002807834,2024-03-22,2026-09-08T14:32:38Z,citation_topic,Environmental Monitoring System,,fda.citations.history,raw/fda.citations.history/2026/09/20260908T143238Z-4f77a2c64940.json.gz,1
fda.citations.history,firm:3002807834,2024-03-22,2026-09-08T14:32:38Z,citation_topic,"Investigations of discrepancies, failures",,fda.citations.history,raw/fda.citations.history/2026/09/20260908T143238Z-4f77a2c64940.json.gz,1
fda.citations.history,firm:3002807834,2024-03-22,2026-09-08T14:32:38Z,citation_topic,Reports of Analysis (Components),,fda.citations.history,raw/fda.citations.history/2026/09/20260908T143238Z-4f77a2c64940.json.gz,1
fda.citations.history,firm:3002807834,2024-03-22,2026-09-08T14:32:38Z,firm_key,SECOND TOKUSHIMA FACTORY OTSUKA,,fda.citations.history,raw/fda.citations.history/2026/09/20260908T143238Z-4f77a2c64940.json.gz,1
fda.citations.history,firm:3002807834,2024-03-22,2026-09-08T14:32:38Z,is_gmp,1,bool,fda.citations.history,raw/fda.citations.history/2026/09/20260908T143238Z-4f77a2c64940.json.gz,1
fda.citations.history,firm:3002807834,2024-03-22,2026-09-08T14:32:38Z,label,"Second Tokushima Factory, Otsuka Pharmaceutical Co., Ltd.",,fda.citations.history,raw/fda.citations.history/2026/09/20260908T143238Z-4f77a2c64940.json.gz,1
fda.citations.history,firm:3003079019,2024-03-15,2026-09-08T14:32:38Z,cfr,21 CFR 211.137(a),,fda.citations.history,raw/fda.citations.history/2026/09/20260908T143238Z-4f77a2c64940.json.gz,1
fda.citations.history,firm:3003079019,2024-03-15,2026-09-08T14:32:38Z,cfr_part,211,part,fda.citations.history,raw/fda.citations.history/2026/09/20260908T143238Z-4f77a2c64940.json.gz,1
fda.citations.history,firm:3003079019,2024-03-15,2026-09-08T14:32:38Z,citation,1,count,fda.citations.history,raw/fda.citations.history/2026/09/20260908T143238Z-4f77a2c64940.json.gz,1
fda.citations.history,firm:3003079019,2024-03-15,2026-09-08T14:32:38Z,citation_topic,Expiration date lacking,,fda.citations.history,raw/fda.citations.history/2026/09/20260908T143238Z-4f77a2c64940.json.gz,1
fda.citations.history,firm:3003079019,2024-03-15,2026-09-08T14:32:38Z,firm_key,KOBAYASHI AMERICA MANUFACTURING,,fda.citations.history,raw/fda.citations.history/2026/09/20260908T143238Z-4f77a2c64940.json.gz,1
fda.citations.history,firm:3003079019,2024-03-15,2026-09-08T14:32:38Z,is_gmp,1,bool,fda.citations.history,raw/fda.citations.history/2026/09/20260908T143238Z-4f77a2c64940.json.gz,1
fda.citations.history,firm:3003079019,2024-03-15,2026-09-08T14:32:38Z,label,"Kobayashi America Manufacturing, LLC",,fda.citations.history,raw/fda.citations.history/2026/09/20260908T143238Z-4f77a2c64940.json.gz,1
fda.citations.history,firm:3003535240,2024-03-15,2026-09-08T14:32:38Z,cfr,21 CFR 211.22(a),,fda.citations.history,raw/fda.citations.history/2026/09/20260908T143238Z-4f77a2c64940.json.gz,1
fda.citations.history,firm:3003535240,2024-03-15,2026-09-08T14:32:38Z,cfr,21 CFR 211.25(a),,fda.citations.history,raw/fda.citations.history/2026/09/20260908T143238Z-4f77a2c64940.json.gz,1
fda.citations.history,firm:3003535240,2024-03-15,2026-09-08T14:32:38Z,cfr,21 CFR 211.63,,fda.citations.history,raw/fda.citations.history/2026/09/20260908T143238Z-4f77a2c64940.json.gz,1
fda.citations.history,firm:3003535240,2024-03-15,2026-09-08T14:32:38Z,cfr,21 CFR 211.67(b),,fda.citations.history,raw/fda.citations.history/2026/09/20260908T143238Z-4f77a2c64940.json.gz,1
fda.citations.history,firm:3003535240,2024-03-15,2026-09-08T14:32:38Z,cfr_part,211,part,fda.citations.history,raw/fda.citations.history/2026/09/20260908T143238Z-4f77a2c64940.json.gz,1
fda.citations.history,firm:3003535240,2024-03-15,2026-09-08T14:32:38Z,citation,1,count,fda.citations.history,raw/fda.citations.history/2026/09/20260908T143238Z-4f77a2c64940.json.gz,1
fda.citations.history,firm:3003535240,2024-03-15,2026-09-08T14:32:38Z,citation_topic,"Equipment Design, Size and Location",,fda.citations.history,raw/fda.citations.history/2026/09/20260908T143238Z-4f77a2c64940.json.gz,1
fda.citations.history,firm:3003535240,2024-03-15,2026-09-08T14:32:38Z,citation_topic,Lack of quality control unit,,fda.citations.history,raw/fda.citations.history/2026/09/20260908T143238Z-4f77a2c64940.json.gz,1
fda.citations.history,firm:3003535240,2024-03-15,2026-09-08T14:32:38Z,citation_topic,"Training--operations, GMPs, written procedures",,fda.citations.history,raw/fda.citations.history/2026/09/20260908T143238Z-4f77a2c64940.json.gz,1
fda.citations.history,firm:3003535240,2024-03-15,2026-09-08T14:32:38Z,citation_topic,Written procedures not established/followed,,fda.citations.history,raw/fda.citations.history/2026/09/20260908T143238Z-4f77a2c64940.json.gz,1
fda.citations.history,firm:3003535240,2024-03-15,2026-09-08T14:32:38Z,firm_key,WEST COAST COSMETICS,,fda.citations.history,raw/fda.citations.history/2026/09/20260908T143238Z-4f77a2c64940.json.gz,1
fda.citations.history,firm:3003535240,2024-03-15,2026-09-08T14:32:38Z,is_gmp,1,bool,fda.citations.history,raw/fda.citations.history/2026/09/20260908T143238Z-4f77a2c64940.json.gz,1
fda.citations.history,firm:3003535240,2024-03-15,2026-09-08T14:32:38Z,label,West Coast Cosmetics Inc,,fda.citations.history,raw/fda.citations.history/2026/09/20260908T143238Z-4f77a2c64940.json.gz,1
fda.citations.history,firm:3003813519,2024-03-28,2026-09-08T14:32:38Z,cfr,21 CFR 211.113(b),,fda.citations.history,raw/fda.citations.history/2026/09/20260908T143238Z-4f77a2c64940.json.gz,1
fda.citations.history,firm:3003813519,2024-03-28,2026-09-08T14:32:38Z,cfr,21 CFR 211.160(b)(3),,fda.citations.history,raw/fda.citations.history/2026/09/20260908T143238Z-4f77a2c64940.json.gz,1
fda.citations.history,firm:3003813519,2024-03-28,2026-09-08T14:32:38Z,cfr,21 CFR 211.165(f),,fda.citations.history,raw/fda.citations.history/2026/09/20260908T143238Z-4f77a2c64940.json.gz,1
fda.citations.history,firm:3003813519,2024-03-28,2026-09-08T14:32:38Z,cfr,21 CFR 211.180(b),,fda.citations.history,raw/fda.citations.history/2026/09/20260908T143238Z-4f77a2c64940.json.gz,1
fda.citations.history,firm:3003813519,2024-03-28,2026-09-08T14:32:38Z,cfr,21 CFR 211.192,,fda.citations.history,raw/fda.citations.history/2026/09/20260908T143238Z-4f77a2c64940.json.gz,1
fda.citations.history,firm:3003813519,2024-03-28,2026-09-08T14:32:38Z,cfr,21 CFR 211.22(d),,fda.citations.history,raw/fda.citations.history/2026/09/20260908T143238Z-4f77a2c64940.json.gz,1
fda.citations.history,firm:3003813519,2024-03-28,2026-09-08T14:32:38Z,cfr,21 CFR 211.25(a),,fda.citations.history,raw/fda.citations.history/2026/09/20260908T143238Z-4f77a2c64940.json.gz,1
fda.citations.history,firm:3003813519,2024-03-28,2026-09-08T14:32:38Z,cfr,21 CFR 211.84(b),,fda.citations.history,raw/fda.citations.history/2026/09/20260908T143238Z-4f77a2c64940.json.gz,1
fda.citations.history,firm:3003813519,2024-03-28,2026-09-08T14:32:38Z,cfr_part,211,part,fda.citations.history,raw/fda.citations.history/2026/09/20260908T143238Z-4f77a2c64940.json.gz,1
fda.citations.history,firm:3003813519,2024-03-28,2026-09-08T14:32:38Z,citation,1,count,fda.citations.history,raw/fda.citations.history/2026/09/20260908T143238Z-4f77a2c64940.json.gz,1
fda.citations.history,firm:3003813519,2024-03-28,2026-09-08T14:32:38Z,citation_topic,Acceptance of drug products,,fda.citations.history,raw/fda.citations.history/2026/09/20260908T143238Z-4f77a2c64940.json.gz,1
fda.citations.history,firm:3003813519,2024-03-28,2026-09-08T14:32:38Z,citation_topic,Failing drug products not rejected,,fda.citations.history,raw/fda.citations.history/2026/09/20260908T143238Z-4f77a2c64940.json.gz,1
fda.citations.history,firm:3003813519,2024-03-28,2026-09-08T14:32:38Z,citation_topic,No written record of investigation,,fda.citations.history,raw/fda.citations.history/2026/09/20260908T143238Z-4f77a2c64940.json.gz,1
fda.citations.history,firm:3003813519,2024-03-28,2026-09-08T14:32:38Z,citation_topic,Procedures for sterile drug products,,fda.citations.history,raw/fda.citations.history/2026/09/20260908T143238Z-4f77a2c64940.json.gz,1
fda.citations.history,firm:3003813519,2024-03-28,2026-09-08T14:32:38Z,citation_topic,"Procedures not  in writing, fully followed",,fda.citations.history,raw/fda.citations.history/2026/09/20260908T143238Z-4f77a2c64940.json.gz,1
fda.citations.history,firm:3003813519,2024-03-28,2026-09-08T14:32:38Z,citation_topic,Record maintenance 1 year (except exempt OTC),,fda.citations.history,raw/fda.citations.history/2026/09/20260908T143238Z-4f77a2c64940.json.gz,1
fda.citations.history,firm:3003813519,2024-03-28,2026-09-08T14:32:38Z,citation_topic,Representative Samples,,fda.citations.history,raw/fda.citations.history/2026/09/20260908T143238Z-4f77a2c64940.json.gz,1
fda.citations.history,firm:3003813519,2024-03-28,2026-09-08T14:32:38Z,citation_topic,"Training , Education , Experience overall",,fda.citations.history,raw/fda.citations.history/2026/09/20260908T143238Z-4f77a2c64940.json.gz,1
fda.citations.history,firm:3003813519,2024-03-28,2026-09-08T14:32:38Z,firm_key,ONESOURCE SPECIALTY,,fda.citations.history,raw/fda.citations.history/2026/09/20260908T143238Z-4f77a2c64940.json.gz,1
fda.citations.history,firm:3003813519,2024-03-28,2026-09-08T14:32:38Z,is_gmp,1,bool,fda.citations.history,raw/fda.citations.history/2026/09/20260908T143238Z-4f77a2c64940.json.gz,1
fda.citations.history,firm:3003813519,2024-03-28,2026-09-08T14:32:38Z,label,OneSource Specialty Pharma Limited,,fda.citations.history,raw/fda.citations.history/2026/09/20260908T143238Z-4f77a2c64940.json.gz,1
fda.citations.history,firm:3004014911,2024-03-08,2026-09-08T14:32:38Z,cfr,21 CFR 211.194(a),,fda.citations.history,raw/fda.citations.history/2026/09/20260908T143238Z-4f77a2c64940.json.gz,1
fda.citations.history,firm:3004014911,2024-03-08,2026-09-08T14:32:38Z,cfr,21 CFR 211.67(b),,fda.citations.history,raw/fda.citations.history/2026/09/20260908T143238Z-4f77a2c64940.json.gz,1
fda.citations.history,firm:3004014911,2024-03-08,2026-09-08T14:32:38Z,cfr,21 CFR 211.68(b),,fda.citations.history,raw/fda.citations.history/2026/09/20260908T143238Z-4f77a2c64940.json.gz,1
fda.citations.history,firm:3004014911,2024-03-08,2026-09-08T14:32:38Z,cfr,21 CFR 211.84(d)(2),,fda.citations.history,raw/fda.citations.history/2026/09/20260908T143238Z-4f77a2c64940.json.gz,1
fda.citations.history,firm:3004014911,2024-03-08,2026-09-08T14:32:38Z,cfr_part,211,part,fda.citations.history,raw/fda.citations.history/2026/09/20260908T143238Z-4f77a2c64940.json.gz,1
fda.citations.history,firm:3004014911,2024-03-08,2026-09-08T14:32:38Z,citation,1,count,fda.citations.history,raw/fda.citations.history/2026/09/20260908T143238Z-4f77a2c64940.json.gz,1
fda.citations.history,firm:3004014911,2024-03-08,2026-09-08T14:32:38Z,citation_topic,Complete test data included in records,,fda.citations.history,raw/fda.citations.history/2026/09/20260908T143238Z-4f77a2c64940.json.gz,1
fda.citations.history,firm:3004014911,2024-03-08,2026-09-08T14:32:38Z,citation_topic,Computer control of master formula records,,fda.citations.history,raw/fda.citations.history/2026/09/20260908T143238Z-4f77a2c64940.json.gz,1
fda.citations.history,firm:3004014911,2024-03-08,2026-09-08T14:32:38Z,citation_topic,Reports of Analysis (Components),,fda.citations.history,raw/fda.citations.history/2026/09/20260908T143238Z-4f77a2c64940.json.gz,1
fda.citations.history,firm:3004014911,2024-03-08,2026-09-08T14:32:38Z,citation_topic,Written procedures not established/followed,,fda.citations.history,raw/fda.citations.history/2026/09/20260908T143238Z-4f77a2c64940.json.gz,1
fda.citations.history,firm:3004014911,2024-03-08,2026-09-08T14:32:38Z,firm_key,ART COSMETICS S R L,,fda.citations.history,raw/fda.citations.history/2026/09/20260908T143238Z-4f77a2c64940.json.gz,1
fda.citations.history,firm:3004014911,2024-03-08,2026-09-08T14:32:38Z,is_gmp,1,bool,fda.citations.history,raw/fda.citations.history/2026/09/20260908T143238Z-4f77a2c64940.json.gz,1
fda.citations.history,firm:3004014911,2024-03-08,2026-09-08T14:32:38Z,label,Art Cosmetics S.R.L.,,fda.citations.history,raw/fda.citations.history/2026/09/20260908T143238Z-4f77a2c64940.json.gz,1
fda.citations.history,firm:3004712471,2024-03-08,2026-09-08T14:32:38Z,cfr,21 CFR 314.80(b),,fda.citations.history,raw/fda.citations.history/2026/09/20260908T143238Z-4f77a2c64940.json.gz,1
fda.citations.history,firm:3004712471,2024-03-08,2026-09-08T14:32:38Z,cfr,21 CFR 314.80(d),,fda.citations.history,raw/fda.citations.history/2026/09/20260908T143238Z-4f77a2c64940.json.gz,1
fda.citations.history,firm:3004712471,2024-03-08,2026-09-08T14:32:38Z,cfr_part,314,part,fda.citations.history,raw/fda.citations.history/2026/09/20260908T143238Z-4f77a2c64940.json.gz,1
fda.citations.history,firm:3004712471,2024-03-08,2026-09-08T14:32:38Z,citation,1,count,fda.citations.history,raw/fda.citations.history/2026/09/20260908T143238Z-4f77a2c64940.json.gz,1
fda.citations.history,firm:3004712471,2024-03-08,2026-09-08T14:32:38Z,citation_topic,Failure to develop written procedures,,fda.citations.history,raw/fda.citations.history/2026/09/20260908T143238Z-4f77a2c64940.json.gz,1
fda.citations.history,firm:3004712471,2024-03-08,2026-09-08T14:32:38Z,citation_topic,Failure to submit scientific article,,fda.citations.history,raw/fda.citations.history/2026/09/20260908T143238Z-4f77a2c64940.json.gz,1
fda.citations.history,firm:3004712471,2024-03-08,2026-09-08T14:32:38Z,firm_key,TRIS,,fda.citations.history,raw/fda.citations.history/2026/09/20260908T143238Z-4f77a2c64940.json.gz,1
fda.citations.history,firm:3004712471,2024-03-08,2026-09-08T14:32:38Z,is_gmp,0,bool,fda.citations.history,raw/fda.citations.history/2026/09/20260908T143238Z-4f77a2c64940.json.gz,1
fda.citations.history,firm:3004712471,2024-03-08,2026-09-08T14:32:38Z,label,Tris Pharma Inc.,,fda.citations.history,raw/fda.citations.history/2026/09/20260908T143238Z-4f77a2c64940.json.gz,1
fda.citations.history,firm:3004835618,2024-03-15,2026-09-08T14:32:38Z,cfr,21 CFR 211.160(b),,fda.citations.history,raw/fda.citations.history/2026/09/20260908T143238Z-4f77a2c64940.json.gz,1
fda.citations.history,firm:3004835618,2024-03-15,2026-09-08T14:32:38Z,cfr_part,211,part,fda.citations.history,raw/fda.citations.history/2026/09/20260908T143238Z-4f77a2c64940.json.gz,1
fda.citations.history,firm:3004835618,2024-03-15,2026-09-08T14:32:38Z,citation,1,count,fda.citations.history,raw/fda.citations.history/2026/09/20260908T143238Z-4f77a2c64940.json.gz,1
fda.citations.history,firm:3004835618,2024-03-15,2026-09-08T14:32:38Z,citation_topic,Scientifically sound laboratory controls,,fda.citations.history,raw/fda.citations.history/2026/09/20260908T143238Z-4f77a2c64940.json.gz,1
fda.citations.history,firm:3004835618,2024-03-15,2026-09-08T14:32:38Z,firm_key,SMITHKLINE BEECHAM,,fda.citations.history,raw/fda.citations.history/2026/09/20260908T143238Z-4f77a2c64940.json.gz,1
fda.citations.history,firm:3004835618,2024-03-15,2026-09-08T14:32:38Z,is_gmp,1,bool,fda.citations.history,raw/fda.citations.history/2026/09/20260908T143238Z-4f77a2c64940.json.gz,1
fda.citations.history,firm:3004835618,2024-03-15,2026-09-08T14:32:38Z,label,SmithKline Beecham Pharma GmbH & co. KG,,fda.citations.history,raw/fda.citations.history/2026/09/20260908T143238Z-4f77a2c64940.json.gz,1
fda.citations.history,firm:3005315117,2024-03-05,2026-09-08T14:32:38Z,cfr,21 CFR 211.198(a),,fda.citations.history,raw/fda.citations.history/2026/09/20260908T143238Z-4f77a2c64940.json.gz,1
fda.citations.history,firm:3005315117,2024-03-05,2026-09-08T14:32:38Z,cfr,21 CFR 211.22(d),,fda.citations.history,raw/fda.citations.history/2026/09/20260908T143238Z-4f77a2c64940.json.gz,1
fda.citations.history,firm:3005315117,2024-03-05,2026-09-08T14:32:38Z,cfr,21 CFR 211.42(c)(10)(iv),,fda.citations.history,raw/fda.citations.history/2026/09/20260908T143238Z-4f77a2c64940.json.gz,1
fda.citations.history,firm:3005315117,2024-03-05,2026-09-08T14:32:38Z,cfr_part,211,part,fda.citations.history,raw/fda.citations.history/2026/09/20260908T143238Z-4f77a2c64940.json.gz,1
fda.citations.history,firm:3005315117,2024-03-05,2026-09-08T14:32:38Z,citation,1,count,fda.citations.history,raw/fda.citations.history/2026/09/20260908T143238Z-4f77a2c64940.json.gz,1
fda.citations.history,firm:3005315117,2024-03-05,2026-09-08T14:32:38Z,citation_topic,Complaint Handling Procedure,,fda.citations.history,raw/fda.citations.history/2026/09/20260908T143238Z-4f77a2c64940.json.gz,1
fda.citations.history,firm:3005315117,2024-03-05,2026-09-08T14:32:38Z,citation_topic,Environmental Monitoring System,,fda.citations.history,raw/fda.citations.history/2026/09/20260908T143238Z-4f77a2c64940.json.gz,1
fda.citations.history,firm:3005315117,2024-03-05,2026-09-08T14:32:38Z,citation_topic,"Procedures not  in writing, fully followed",,fda.citations.history,raw/fda.citations.history/2026/09/20260908T143238Z-4f77a2c64940.json.gz,1
fda.citations.history,firm:3005315117,2024-03-05,2026-09-08T14:32:38Z,firm_key,VALNEVA SCOTLAND,,fda.citations.history,raw/fda.citations.history/2026/09/20260908T143238Z-4f77a2c64940.json.gz,1
fda.citations.history,firm:3005315117,2024-03-05,2026-09-08T14:32:38Z,is_gmp,1,bool,fda.citations.history,raw/fda.citations.history/2026/09/20260908T143238Z-4f77a2c64940.json.gz,1
fda.citations.history,firm:3005315117,2024-03-05,2026-09-08T14:32:38Z,label,Valneva Scotland Ltd.,,fda.citations.history,raw/fda.citations.history/2026/09/20260908T143238Z-4f77a2c64940.json.gz,1
fda.citations.history,firm:3005350897,2024-03-15,2026-09-08T14:32:38Z,cfr,21 CFR 211.113(a),,fda.citations.history,raw/fda.citations.history/2026/09/20260908T143238Z-4f77a2c64940.json.gz,1
fda.citations.history,firm:3005350897,2024-03-15,2026-09-08T14:32:38Z,cfr,21 CFR 211.160(b),,fda.citations.history,raw/fda.citations.history/2026/09/20260908T143238Z-4f77a2c64940.json.gz,1
fda.citations.history,firm:3005350897,2024-03-15,2026-09-08T14:32:38Z,cfr,21 CFR 211.165(a),,fda.citations.history,raw/fda.citations.history/2026/09/20260908T143238Z-4f77a2c64940.json.gz,1
fda.citations.history,firm:3005350897,2024-03-15,2026-09-08T14:32:38Z,cfr,21 CFR 211.22(d),,fda.citations.history,raw/fda.citations.history/2026/09/20260908T143238Z-4f77a2c64940.json.gz,1
fda.citations.history,firm:3005350897,2024-03-15,2026-09-08T14:32:38Z,cfr,21 CFR 211.63,,fda.citations.history,raw/fda.citations.history/2026/09/20260908T143238Z-4f77a2c64940.json.gz,1
fda.citations.history,firm:3005350897,2024-03-15,2026-09-08T14:32:38Z,cfr,21 CFR 211.67(b),,fda.citations.history,raw/fda.citations.history/2026/09/20260908T143238Z-4f77a2c64940.json.gz,1
fda.citations.history,firm:3005350897,2024-03-15,2026-09-08T14:32:38Z,cfr,21 CFR 211.84(d)(2),,fda.citations.history,raw/fda.citations.history/2026/09/20260908T143238Z-4f77a2c64940.json.gz,1
fda.citations.history,firm:3005350897,2024-03-15,2026-09-08T14:32:38Z,cfr_part,211,part,fda.citations.history,raw/fda.citations.history/2026/09/20260908T143238Z-4f77a2c64940.json.gz,1
fda.citations.history,firm:3005350897,2024-03-15,2026-09-08T14:32:38Z,citation,1,count,fda.citations.history,raw/fda.citations.history/2026/09/20260908T143238Z-4f77a2c64940.json.gz,1
fda.citations.history,firm:3005350897,2024-03-15,2026-09-08T14:32:38Z,citation_topic,Component identification test,,fda.citations.history,raw/fda.citations.history/2026/09/20260908T143238Z-4f77a2c64940.json.gz,1
fda.citations.history,firm:3005350897,2024-03-15,2026-09-08T14:32:38Z,citation_topic,"Equipment Design, Size and Location",,fda.citations.history,raw/fda.citations.history/2026/09/20260908T143238Z-4f77a2c64940.json.gz,1
fda.citations.history,firm:3005350897,2024-03-15,2026-09-08T14:32:38Z,citation_topic,Procedures for non-sterile drug products,,fda.citations.history,raw/fda.citations.history/2026/09/20260908T143238Z-4f77a2c64940.json.gz,1
fda.citations.history,firm:3005350897,2024-03-15,2026-09-08T14:32:38Z,citation_topic,"Procedures not  in writing, fully followed",,fda.citations.history,raw/fda.citations.history/2026/09/20260908T143238Z-4f77a2c64940.json.gz,1
fda.citations.history,firm:3005350897,2024-03-15,2026-09-08T14:32:38Z,citation_topic,Scientifically sound laboratory controls,,fda.citations.history,raw/fda.citations.history/2026/09/20260908T143238Z-4f77a2c64940.json.gz,1
fda.citations.history,firm:3005350897,2024-03-15,2026-09-08T14:32:38Z,citation_topic,Testing and release for distribution,,fda.citations.history,raw/fda.citations.history/2026/09/20260908T143238Z-4f77a2c64940.json.gz,1
fda.citations.history,firm:3005350897,2024-03-15,2026-09-08T14:32:38Z,citation_topic,Written procedures not established/followed,,fda.citations.history,raw/fda.citations.history/2026/09/20260908T143238Z-4f77a2c64940.json.gz,1
fda.citations.history,firm:3005350897,2024-03-15,2026-09-08T14:32:38Z,firm_key,BELLEVIEW 402,,fda.citations.history,raw/fda.citations.history/2026/09/20260908T143238Z-4f77a2c64940.json.gz,1
fda.citations.history,firm:3005350897,2024-03-15,2026-09-08T14:32:38Z,is_gmp,1,bool,fda.citations.history,raw/fda.citations.history/2026/09/20260908T143238Z-4f77a2c64940.json.gz,1
fda.citations.history,firm:3005350897,2024-03-15,2026-09-08T14:32:38Z,label,Belleview 402 LLC,,fda.citations.history,raw/fda.citations.history/2026/09/20260908T143238Z-4f77a2c64940.json.gz,1
fda.citations.history,firm:3005849473,2024-03-01,2026-09-08T14:32:38Z,cfr,21 CFR 211.100(a),,fda.citations.history,raw/fda.citations.history/2026/09/20260908T143238Z-4f77a2c64940.json.gz,1
fda.citations.history,firm:3005849473,2024-03-01,2026-09-08T14:32:38Z,cfr,21 CFR 211.188,,fda.citations.history,raw/fda.citations.history/2026/09/20260908T143238Z-4f77a2c64940.json.gz,1
fda.citations.history,firm:3005849473,2024-03-01,2026-09-08T14:32:38Z,cfr,21 CFR 211.192,,fda.citations.history,raw/fda.citations.history/2026/09/20260908T143238Z-4f77a2c64940.json.gz,1
fda.citations.history,firm:3005849473,2024-03-01,2026-09-08T14:32:38Z,cfr,21 CFR 211.194(a),,fda.citations.history,raw/fda.citations.history/2026/09/20260908T143238Z-4f77a2c64940.json.gz,1
fda.citations.history,firm:3005849473,2024-03-01,2026-09-08T14:32:38Z,cfr,21 CFR 211.22(d),,fda.citations.history,raw/fda.citations.history/2026/09/20260908T143238Z-4f77a2c64940.json.gz,1
fda.citations.history,firm:3005849473,2024-03-01,2026-09-08T14:32:38Z,cfr,21 CFR 211.67(b),,fda.citations.history,raw/fda.citations.history/2026/09/20260908T143238Z-4f77a2c64940.json.gz,1
fda.citations.history,firm:3005849473,2024-03-01,2026-09-08T14:32:38Z,cfr,21 CFR 211.84(b),,fda.citations.history,raw/fda.citations.history/2026/09/20260908T143238Z-4f77a2c64940.json.gz,1
fda.citations.history,firm:3005849473,2024-03-01,2026-09-08T14:32:38Z,cfr,21 CFR 211.84(d)(2),,fda.citations.history,raw/fda.citations.history/2026/09/20260908T143238Z-4f77a2c64940.json.gz,1
fda.citations.history,firm:3005849473,2024-03-01,2026-09-08T14:32:38Z,cfr_part,211,part,fda.citations.history,raw/fda.citations.history/2026/09/20260908T143238Z-4f77a2c64940.json.gz,1
fda.citations.history,firm:3005849473,2024-03-01,2026-09-08T14:32:38Z,citation,1,count,fda.citations.history,raw/fda.citations.history/2026/09/20260908T143238Z-4f77a2c64940.json.gz,1
fda.citations.history,firm:3005849473,2024-03-01,2026-09-08T14:32:38Z,citation_topic,Absence of Written Procedures,,fda.citations.history,raw/fda.citations.history/2026/09/20260908T143238Z-4f77a2c64940.json.gz,1
fda.citations.history,firm:3005849473,2024-03-01,2026-09-08T14:32:38Z,citation_topic,Complete test data included in records,,fda.citations.history,raw/fda.citations.history/2026/09/20260908T143238Z-4f77a2c64940.json.gz,1
fda.citations.history,firm:3005849473,2024-03-01,2026-09-08T14:32:38Z,citation_topic,"Investigations of discrepancies, failures",,fda.citations.history,raw/fda.citations.history/2026/09/20260908T143238Z-4f77a2c64940.json.gz,1
fda.citations.history,firm:3005849473,2024-03-01,2026-09-08T14:32:38Z,citation_topic,"Prepared for each batch, include complete information",,fda.citations.history,raw/fda.citations.history/2026/09/20260908T143238Z-4f77a2c64940.json.gz,1
fda.citations.history,firm:3005849473,2024-03-01,2026-09-08T14:32:38Z,citation_topic,"Procedures not  in writing, fully followed",,fda.citations.history,raw/fda.citations.history/2026/09/20260908T143238Z-4f77a2c64940.json.gz,1
fda.citations.history,firm:3005849473,2024-03-01,2026-09-08T14:32:38Z,citation_topic,Reports of Analysis (Components),,fda.citations.history,raw/fda.citations.history/2026/09/20260908T143238Z-4f77a2c64940.json.gz,1
fda.citations.history,firm:3005849473,2024-03-01,2026-09-08T14:32:38Z,citation_topic,Representative Samples Criteria,,fda.citations.history,raw/fda.citations.history/2026/09/20260908T143238Z-4f77a2c64940.json.gz,1
fda.citations.history,firm:3005849473,2024-03-01,2026-09-08T14:32:38Z,citation_topic,Written procedures not established/followed,,fda.citations.history,raw/fda.citations.history/2026/09/20260908T143238Z-4f77a2c64940.json.gz,1
fda.citations.history,firm:3005849473,2024-03-01,2026-09-08T14:32:38Z,firm_key,GOTHA COSMETICS,,fda.citations.history,raw/fda.citations.history/2026/09/20260908T143238Z-4f77a2c64940.json.gz,1
fda.citations.history,firm:3005849473,2024-03-01,2026-09-08T14:32:38Z,is_gmp,1,bool,fda.citations.history,raw/fda.citations.history/2026/09/20260908T143238Z-4f77a2c64940.json.gz,1
fda.citations.history,firm:3005849473,2024-03-01,2026-09-08T14:32:38Z,label,Gotha Cosmetics Srl,,fda.citations.history,raw/fda.citations.history/2026/09/20260908T143238Z-4f77a2c64940.json.gz,1
fda.citations.history,firm:3007255059,2024-03-22,2026-09-08T14:32:38Z,cfr,21 CFR 211.110(a),,fda.citations.history,raw/fda.citations.history/2026/09/20260908T143238Z-4f77a2c64940.json.gz,1
fda.citations.history,firm:3007255059,2024-03-22,2026-09-08T14:32:38Z,cfr,21 CFR 211.137(a),,fda.citations.history,raw/fda.citations.history/2026/09/20260908T143238Z-4f77a2c64940.json.gz,1
fda.citations.history,firm:3007255059,2024-03-22,2026-09-08T14:32:38Z,cfr,21 CFR 211.160(b),,fda.citations.history,raw/fda.citations.history/2026/09/20260908T143238Z-4f77a2c64940.json.gz,1
fda.citations.history,firm:3007255059,2024-03-22,2026-09-08T14:32:38Z,cfr,21 CFR 211.180(c),,fda.citations.history,raw/fda.citations.history/2026/09/20260908T143238Z-4f77a2c64940.json.gz,1
fda.citations.history,firm:3007255059,2024-03-22,2026-09-08T14:32:38Z,cfr,21 CFR 211.188,,fda.citations.history,raw/fda.citations.history/2026/09/20260908T143238Z-4f77a2c64940.json.gz,1
fda.citations.history,firm:3007255059,2024-03-22,2026-09-08T14:32:38Z,cfr,21 CFR 211.198(b)(2),,fda.citations.history,raw/fda.citations.history/2026/09/20260908T143238Z-4f77a2c64940.json.gz,1
fda.citations.history,firm:3007255059,2024-03-22,2026-09-08T14:32:38Z,cfr,21 CFR 211.22(c),,fda.citations.history,raw/fda.citations.history/2026/09/20260908T143238Z-4f77a2c64940.json.gz,1
fda.citations.history,firm:3007255059,2024-03-22,2026-09-08T14:32:38Z,cfr,21 CFR 211.25(b),,fda.citations.history,raw/fda.citations.history/2026/09/20260908T143238Z-4f77a2c64940.json.gz,1
fda.citations.history,firm:3007255059,2024-03-22,2026-09-08T14:32:38Z,cfr,21 CFR 211.63,,fda.citations.history,raw/fda.citations.history/2026/09/20260908T143238Z-4f77a2c64940.json.gz,1
fda.citations.history,firm:3007255059,2024-03-22,2026-09-08T14:32:38Z,cfr,21 CFR 211.67(b)(3),,fda.citations.history,raw/fda.citations.history/2026/09/20260908T143238Z-4f77a2c64940.json.gz,1
fda.citations.history,firm:3007255059,2024-03-22,2026-09-08T14:32:38Z,cfr,21 CFR 211.84(d)(2),,fda.citations.history,raw/fda.citations.history/2026/09/20260908T143238Z-4f77a2c64940.json.gz,1
fda.citations.history,firm:3007255059,2024-03-22,2026-09-08T14:32:38Z,cfr_part,211,part,fda.citations.history,raw/fda.citations.history/2026/09/20260908T143238Z-4f77a2c64940.json.gz,1
fda.citations.history,firm:3007255059,2024-03-22,2026-09-08T14:32:38Z,citation,1,count,fda.citations.history,raw/fda.citations.history/2026/09/20260908T143238Z-4f77a2c64940.json.gz,1
fda.citations.history,firm:3007255059,2024-03-22,2026-09-08T14:32:38Z,citation_topic,Approve or reject procedures or specs,,fda.citations.history,raw/fda.citations.history/2026/09/20260908T143238Z-4f77a2c64940.json.gz,1
fda.citations.history,firm:3007255059,2024-03-22,2026-09-08T14:32:38Z,citation_topic,Cleaning SOPs/instructions,,fda.citations.history,raw/fda.citations.history/2026/09/20260908T143238Z-4f77a2c64940.json.gz,1
fda.citations.history,firm:3007255059,2024-03-22,2026-09-08T14:32:38Z,citation_topic,Complaint Investigation/Follow-Up Findings,,fda.citations.history,raw/fda.citations.history/2026/09/20260908T143238Z-4f77a2c64940.json.gz,1
fda.citations.history,firm:3007255059,2024-03-22,2026-09-08T14:32:38Z,citation_topic,Control procedures to monitor and validate performance,,fda.citations.history,raw/fda.citations.history/2026/09/20260908T143238Z-4f77a2c64940.json.gz,1
fda.citations.history,firm:3007255059,2024-03-22,2026-09-08T14:32:38Z,citation_topic,"Equipment Design, Size and Location",,fda.citations.history,raw/fda.citations.history/2026/09/20260908T143238Z-4f77a2c64940.json.gz,1
fda.citations.history,firm:3007255059,2024-03-22,2026-09-08T14:32:38Z,citation_topic,Expiration date lacking,,fda.citations.history,raw/fda.citations.history/2026/09/20260908T143238Z-4f77a2c64940.json.gz,1
fda.citations.history,firm:3007255059,2024-03-22,2026-09-08T14:32:38Z,citation_topic,"Prepared for each batch, include complete information",,fda.citations.history,raw/fda.citations.history/2026/09/20260908T143238Z-4f77a2c64940.json.gz,1
fda.citations.history,firm:3007255059,2024-03-22,2026-09-08T14:32:38Z,citation_topic,Records not made readily available to FDA,,fda.citations.history,raw/fda.citations.history/2026/09/20260908T143238Z-4f77a2c64940.json.gz,1
fda.citations.history,firm:3007255059,2024-03-22,2026-09-08T14:32:38Z,citation_topic,Scientifically sound laboratory controls,,fda.citations.history,raw/fda.citations.history/2026/09/20260908T143238Z-4f77a2c64940.json.gz,1
fda.citations.history,firm:3007255059,2024-03-22,2026-09-08T14:32:38Z,citation_topic,Supervisor Training/Education/Experience,,fda.citations.history,raw/fda.citations.history/2026/09/20260908T143238Z-4f77a2c64940.json.gz,1
fda.citations.history,firm:3007255059,2024-03-22,2026-09-08T14:32:38Z,citation_topic,Testing Each Component for Conformity with Specs,,fda.citations.history,raw/fda.citations.history/2026/09/20260908T143238Z-4f77a2c64940.json.gz,1
fda.citations.history,firm:3007255059,2024-03-22,2026-09-08T14:32:38Z,firm_key,LCC,,fda.citations.history,raw/fda.citations.history/2026/09/20260908T143238Z-4f77a2c64940.json.gz,1
fda.citations.history,firm:3007255059,2024-03-22,2026-09-08T14:32:38Z,is_gmp,1,bool,fda.citations.history,raw/fda.citations.history/2026/09/20260908T143238Z-4f77a2c64940.json.gz,1
fda.citations.history,firm:3007255059,2024-03-22,2026-09-08T14:32:38Z,label,LCC Ltd.,,fda.citations.history,raw/fda.citations.history/2026/09/20260908T143238Z-4f77a2c64940.json.gz,1
fda.citations.history,firm:3007621329,2024-03-27,2026-09-08T14:32:38Z,cfr,21 CFR 211.113(b),,fda.citations.history,raw/fda.citations.history/2026/09/20260908T143238Z-4f77a2c64940.json.gz,1
fda.citations.history,firm:3007621329,2024-03-27,2026-09-08T14:32:38Z,cfr,21 CFR 211.42(c)(10)(iv),,fda.citations.history,raw/fda.citations.history/2026/09/20260908T143238Z-4f77a2c64940.json.gz,1
fda.citations.history,firm:3007621329,2024-03-27,2026-09-08T14:32:38Z,cfr,21 CFR 211.58,,fda.citations.history,raw/fda.citations.history/2026/09/20260908T143238Z-4f77a2c64940.json.gz,1
fda.citations.history,firm:3007621329,2024-03-27,2026-09-08T14:32:38Z,cfr,21 CFR 211.67(a),,fda.citations.history,raw/fda.citations.history/2026/09/20260908T143238Z-4f77a2c64940.json.gz,1
fda.citations.history,firm:3007621329,2024-03-27,2026-09-08T14:32:38Z,cfr_part,211,part,fda.citations.history,raw/fda.citations.history/2026/09/20260908T143238Z-4f77a2c64940.json.gz,1
fda.citations.history,firm:3007621329,2024-03-27,2026-09-08T14:32:38Z,citation,1,count,fda.citations.history,raw/fda.citations.history/2026/09/20260908T143238Z-4f77a2c64940.json.gz,1
fda.citations.history,firm:3007621329,2024-03-27,2026-09-08T14:32:38Z,citation_topic,Buildings not maintained in good state of repair,,fda.citations.history,raw/fda.citations.history/2026/09/20260908T143238Z-4f77a2c64940.json.gz,1
fda.citations.history,firm:3007621329,2024-03-27,2026-09-08T14:32:38Z,citation_topic,Cleaning / Sanitizing / Maintenance,,fda.citations.history,raw/fda.citations.history/2026/09/20260908T143238Z-4f77a2c64940.json.gz,1
fda.citations.history,firm:3007621329,2024-03-27,2026-09-08T14:32:38Z,citation_topic,Environmental Monitoring System,,fda.citations.history,raw/fda.citations.history/2026/09/20260908T143238Z-4f77a2c64940.json.gz,1
fda.citations.history,firm:3007621329,2024-03-27,2026-09-08T14:32:38Z,citation_topic,Procedures for sterile drug products,,fda.citations.history,raw/fda.citations.history/2026/09/20260908T143238Z-4f77a2c64940.json.gz,1
fda.citations.history,firm:3007621329,2024-03-27,2026-09-08T14:32:38Z,firm_key,ZYDUS LIFESCIENCES,,fda.citations.history,raw/fda.citations.history/2026/09/20260908T143238Z-4f77a2c64940.json.gz,1
fda.citations.history,firm:3007621329,2024-03-27,2026-09-08T14:32:38Z,is_gmp,1,bool,fda.citations.history,raw/fda.citations.history/2026/09/20260908T143238Z-4f77a2c64940.json.gz,1
fda.citations.history,firm:3007621329,2024-03-27,2026-09-08T14:32:38Z,label,Zydus Lifesciences Limited,,fda.citations.history,raw/fda.citations.history/2026/09/20260908T143238Z-4f77a2c64940.json.gz,1
fda.citations.history,firm:3008420443,2024-03-20,2026-09-08T14:32:38Z,cfr,21 CFR 211.100(a),,fda.citations.history,raw/fda.citations.history/2026/09/20260908T143238Z-4f77a2c64940.json.gz,1
fda.citations.history,firm:3008420443,2024-03-20,2026-09-08T14:32:38Z,cfr,21 CFR 211.160(b),,fda.citations.history,raw/fda.citations.history/2026/09/20260908T143238Z-4f77a2c64940.json.gz,1
fda.citations.history,firm:3008420443,2024-03-20,2026-09-08T14:32:38Z,cfr,21 CFR 211.165(e),,fda.citations.history,raw/fda.citations.history/2026/09/20260908T143238Z-4f77a2c64940.json.gz,1
fda.citations.history,firm:3008420443,2024-03-20,2026-09-08T14:32:38Z,cfr,21 CFR 211.186(b)(9),,fda.citations.history,raw/fda.citations.history/2026/09/20260908T143238Z-4f77a2c64940.json.gz,1
fda.citations.history,firm:3008420443,2024-03-20,2026-09-08T14:32:38Z,cfr,21 CFR 211.188,,fda.citations.history,raw/fda.citations.history/2026/09/20260908T143238Z-4f77a2c64940.json.gz,1
fda.citations.history,firm:3008420443,2024-03-20,2026-09-08T14:32:38Z,cfr,21 CFR 211.192,,fda.citations.history,raw/fda.citations.history/2026/09/20260908T143238Z-4f77a2c64940.json.gz,1
fda.citations.history,firm:3008420443,2024-03-20,2026-09-08T14:32:38Z,cfr,21 CFR 211.28(a),,fda.citations.history,raw/fda.citations.history/2026/09/20260908T143238Z-4f77a2c64940.json.gz,1
fda.citations.history,firm:3008420443,2024-03-20,2026-09-08T14:32:38Z,cfr,21 CFR 211.56(a),,fda.citations.history,raw/fda.citations.history/2026/09/20260908T143238Z-4f77a2c64940.json.gz,1
fda.citations.history,firm:3008420443,2024-03-20,2026-09-08T14:32:38Z,cfr,21 CFR 211.63,,fda.citations.history,raw/fda.citations.history/2026/09/20260908T143238Z-4f77a2c64940.json.gz,1
fda.citations.history,firm:3008420443,2024-03-20,2026-09-08T14:32:38Z,cfr,21 CFR 211.67(a),,fda.citations.history,raw/fda.citations.history/2026/09/20260908T143238Z-4f77a2c64940.json.gz,1
fda.citations.history,firm:3008420443,2024-03-20,2026-09-08T14:32:38Z,cfr,21 CFR 211.67(b)(3),,fda.citations.history,raw/fda.citations.history/2026/09/20260908T143238Z-4f77a2c64940.json.gz,1
fda.citations.history,firm:3008420443,2024-03-20,2026-09-08T14:32:38Z,cfr,21 CFR 211.84(d)(2),,fda.citations.history,raw/fda.citations.history/2026/09/20260908T143238Z-4f77a2c64940.json.gz,1
fda.citations.history,firm:3008420443,2024-03-20,2026-09-08T14:32:38Z,cfr_part,211,part,fda.citations.history,raw/fda.citations.history/2026/09/20260908T143238Z-4f77a2c64940.json.gz,1
fda.citations.history,firm:3008420443,2024-03-20,2026-09-08T14:32:38Z,citation,1,count,fda.citations.history,raw/fda.citations.history/2026/09/20260908T143238Z-4f77a2c64940.json.gz,1
fda.citations.history,firm:3008420443,2024-03-20,2026-09-08T14:32:38Z,citation_topic,Absence of Written Procedures,,fda.citations.history,raw/fda.citations.history/2026/09/20260908T143238Z-4f77a2c64940.json.gz,1
fda.citations.history,firm:3008420443,2024-03-20,2026-09-08T14:32:38Z,citation_topic,Cleaning / Sanitizing / Maintenance,,fda.citations.history,raw/fda.citations.history/2026/09/20260908T143238Z-4f77a2c64940.json.gz,1
fda.citations.history,firm:3008420443,2024-03-20,2026-09-08T14:32:38Z,citation_topic,Cleaning SOPs/instructions,,fda.citations.history,raw/fda.citations.history/2026/09/20260908T143238Z-4f77a2c64940.json.gz,1
fda.citations.history,firm:3008420443,2024-03-20,2026-09-08T14:32:38Z,citation_topic,"Equipment Design, Size and Location",,fda.citations.history,raw/fda.citations.history/2026/09/20260908T143238Z-4f77a2c64940.json.gz,1
fda.citations.history,firm:3008420443,2024-03-20,2026-09-08T14:32:38Z,citation_topic,Establish reliability of supplier's C of A,,fda.citations.history,raw/fda.citations.history/2026/09/20260908T143238Z-4f77a2c64940.json.gz,1
fda.citations.history,firm:3008420443,2024-03-20,2026-09-08T14:32:38Z,citation_topic,Manufacturing Instructions and Specifications,,fda.citations.history,raw/fda.citations.history/2026/09/20260908T143238Z-4f77a2c64940.json.gz,1
fda.citations.history,firm:3008420443,2024-03-20,2026-09-08T14:32:38Z,citation_topic,No written record of investigation,,fda.citations.history,raw/fda.citations.history/2026/09/20260908T143238Z-4f77a2c64940.json.gz,1
fda.citations.history,firm:3008420443,2024-03-20,2026-09-08T14:32:38Z,citation_topic,"Prepared for each batch, include complete information",,fda.citations.history,raw/fda.citations.history/2026/09/20260908T143238Z-4f77a2c64940.json.gz,1
fda.citations.history,firm:3008420443,2024-03-20,2026-09-08T14:32:38Z,citation_topic,Protective Apparel Not Worn,,fda.citations.history,raw/fda.citations.history/2026/09/20260908T143238Z-4f77a2c64940.json.gz,1
fda.citations.history,firm:3008420443,2024-03-20,2026-09-08T14:32:38Z,citation_topic,"Sanitation--buildings not clean, free of infestation",,fda.citations.history,raw/fda.citations.history/2026/09/20260908T143238Z-4f77a2c64940.json.gz,1
fda.citations.history,firm:3008420443,2024-03-20,2026-09-08T14:32:38Z,citation_topic,Scientifically sound laboratory controls,,fda.citations.history,raw/fda.citations.history/2026/09/20260908T143238Z-4f77a2c64940.json.gz,1
fda.citations.history,firm:3008420443,2024-03-20,2026-09-08T14:32:38Z,citation_topic,Test methods,,fda.citations.history,raw/fda.citations.history/2026/09/20260908T143238Z-4f77a2c64940.json.gz,1
fda.citations.history,firm:3008420443,2024-03-20,2026-09-08T14:32:38Z,firm_key,HOMEOCARE,,fda.citations.history,raw/fda.citations.history/2026/09/20260908T143238Z-4f77a2c64940.json.gz,1
fda.citations.history,firm:3008420443,2024-03-20,2026-09-08T14:32:38Z,is_gmp,1,bool,fda.citations.history,raw/fda.citations.history/2026/09/20260908T143238Z-4f77a2c64940.json.gz,1
fda.citations.history,firm:3008420443,2024-03-20,2026-09-08T14:32:38Z,label,"Homeocare Laboratories, Inc.",,fda.citations.history,raw/fda.citations.history/2026/09/20260908T143238Z-4f77a2c64940.json.gz,1
fda.citations.history,firm:3008460260,2024-03-29,2026-09-08T14:32:38Z,cfr,21 CFR 211.22(d),,fda.citations.history,raw/fda.citations.history/2026/09/20260908T143238Z-4f77a2c64940.json.gz,1
fda.citations.history,firm:3008460260,2024-03-29,2026-09-08T14:32:38Z,cfr_part,211,part,fda.citations.history,raw/fda.citations.history/2026/09/20260908T143238Z-4f77a2c64940.json.gz,1
fda.citations.history,firm:3008460260,2024-03-29,2026-09-08T14:32:38Z,citation,1,count,fda.citations.history,raw/fda.citations.history/2026/09/20260908T143238Z-4f77a2c64940.json.gz,1
fda.citations.history,firm:3008460260,2024-03-29,2026-09-08T14:32:38Z,citation_topic,"Procedures not  in writing, fully followed",,fda.citations.history,raw/fda.citations.history/2026/09/20260908T143238Z-4f77a2c64940.json.gz,1
fda.citations.history,firm:3008460260,2024-03-29,2026-09-08T14:32:38Z,firm_key,UMEDICA,,fda.citations.history,raw/fda.citations.history/2026/09/20260908T143238Z-4f77a2c64940.json.gz,1
fda.citations.history,firm:3008460260,2024-03-29,2026-09-08T14:32:38Z,is_gmp,1,bool,fda.citations.history,raw/fda.citations.history/2026/09/20260908T143238Z-4f77a2c64940.json.gz,1
fda.citations.history,firm:3008460260,2024-03-29,2026-09-08T14:32:38Z,label,Umedica Laboratories Pvt. Ltd.,,fda.citations.history,raw/fda.citations.history/2026/09/20260908T143238Z-4f77a2c64940.json.gz,1
fda.citations.history,firm:3009039996,2024-03-13,2026-09-08T14:32:38Z,cfr,21 CFR 211.180(e)(2),,fda.citations.history,raw/fda.citations.history/2026/09/20260908T143238Z-4f77a2c64940.json.gz,1
fda.citations.history,firm:3009039996,2024-03-13,2026-09-08T14:32:38Z,cfr,21 CFR 211.198(a),,fda.citations.history,raw/fda.citations.history/2026/09/20260908T143238Z-4f77a2c64940.json.gz,1
fda.citations.history,firm:3009039996,2024-03-13,2026-09-08T14:32:38Z,cfr,21 CFR 211.22(d),,fda.citations.history,raw/fda.citations.history/2026/09/20260908T143238Z-4f77a2c64940.json.gz,1
fda.citations.history,firm:3009039996,2024-03-13,2026-09-08T14:32:38Z,cfr,21 CFR 211.67(a),,fda.citations.history,raw/fda.citations.history/2026/09/20260908T143238Z-4f77a2c64940.json.gz,1
fda.citations.history,firm:3009039996,2024-03-13,2026-09-08T14:32:38Z,cfr,21 CFR 211.67(b)(3),,fda.citations.history,raw/fda.citations.history/2026/09/20260908T143238Z-4f77a2c64940.json.gz,1
fda.citations.history,firm:3009039996,2024-03-13,2026-09-08T14:32:38Z,cfr_part,211,part,fda.citations.history,raw/fda.citations.history/2026/09/20260908T143238Z-4f77a2c64940.json.gz,1
fda.citations.history,firm:3009039996,2024-03-13,2026-09-08T14:32:38Z,citation,1,count,fda.citations.history,raw/fda.citations.history/2026/09/20260908T143238Z-4f77a2c64940.json.gz,1
fda.citations.history,firm:3009039996,2024-03-13,2026-09-08T14:32:38Z,citation_topic,Cleaning / Sanitizing / Maintenance,,fda.citations.history,raw/fda.citations.history/2026/09/20260908T143238Z-4f77a2c64940.json.gz,1
fda.citations.history,firm:3009039996,2024-03-13,2026-09-08T14:32:38Z,citation_topic,Cleaning SOPs/instructions,,fda.citations.history,raw/fda.citations.history/2026/09/20260908T143238Z-4f77a2c64940.json.gz,1
fda.citations.history,firm:3009039996,2024-03-13,2026-09-08T14:32:38Z,citation_topic,Items to cover on annual reviews,,fda.citations.history,raw/fda.citations.history/2026/09/20260908T143238Z-4f77a2c64940.json.gz,1
fda.citations.history,firm:3009039996,2024-03-13,2026-09-08T14:32:38Z,citation_topic,"Procedures not  in writing, fully followed",,fda.citations.history,raw/fda.citations.history/2026/09/20260908T143238Z-4f77a2c64940.json.gz,1
fda.citations.history,firm:3009039996,2024-03-13,2026-09-08T14:32:38Z,citation_topic,Procedures to be written and followed,,fda.citations.history,raw/fda.citations.history/2026/09/20260908T143238Z-4f77a2c64940.json.gz,1
fda.citations.history,firm:3009039996,2024-03-13,2026-09-08T14:32:38Z,firm_key,ORGANIC AND SUSTAINABLE BEAUTY,,fda.citations.history,raw/fda.citations.history/2026/09/20260908T143238Z-4f77a2c64940.json.gz,1
fda.citations.history,firm:3009039996,2024-03-13,2026-09-08T14:32:38Z,is_gmp,1,bool,fda.citations.history,raw/fda.citations.history/2026/09/20260908T143238Z-4f77a2c64940.json.gz,1
fda.citations.history,firm:3009039996,2024-03-13,2026-09-08T14:32:38Z,label,Organic and sustainable Beauty Inc,,fda.citations.history,raw/fda.citations.history/2026/09/20260908T143238Z-4f77a2c64940.json.gz,1
fda.citations.history,firm:3009339218,2024-03-13,2026-09-08T14:32:38Z,cfr,FDCA 501(a)(2)(A),,fda.citations.history,raw/fda.citations.history/2026/09/20260908T143238Z-4f77a2c64940.json.gz,1
fda.citations.history,firm:3009339218,2024-03-13,2026-09-08T14:32:38Z,cfr_part,501,part,fda.citations.history,raw/fda.citations.history/2026/09/20260908T143238Z-4f77a2c64940.json.gz,1
fda.citations.history,firm:3009339218,2024-03-13,2026-09-08T14:32:38Z,citation,1,count,fda.citations.history,raw/fda.citations.history/2026/09/20260908T143238Z-4f77a2c64940.json.gz,1
fda.citations.history,firm:3009339218,2024-03-13,2026-09-08T14:32:38Z,citation_topic,Aseptic processing outside ISO 5 area,,fda.citations.history,raw/fda.citations.history/2026/09/20260908T143238Z-4f77a2c64940.json.gz,1
fda.citations.history,firm:3009339218,2024-03-13,2026-09-08T14:32:38Z,citation_topic,Inadequate smoke studies,,fda.citations.history,raw/fda.citations.history/2026/09/20260908T143238Z-4f77a2c64940.json.gz,1
fda.citations.history,firm:3009339218,2024-03-13,2026-09-08T14:32:38Z,citation_topic,"Lack of/inadequate, environmental monitoring",,fda.citations.history,raw/fda.citations.history/2026/09/20260908T143238Z-4f77a2c64940.json.gz,1
fda.citations.history,firm:3009339218,2024-03-13,2026-09-08T14:32:38Z,citation_topic,"Media fills, failure",,fda.citations.history,raw/fda.citations.history/2026/09/20260908T143238Z-4f77a2c64940.json.gz,1
fda.citations.history,firm:3009339218,2024-03-13,2026-09-08T14:32:38Z,citation_topic,"Non-sterile disinfecting agents, ISO 5 area/classified areas",,fda.citations.history,raw/fda.citations.history/2026/09/20260908T143238Z-4f77a2c64940.json.gz,1
fda.citations.history,firm:3009339218,2024-03-13,2026-09-08T14:32:38Z,citation_topic,"Personnel, blocked or disrupted first air",,fda.citations.history,raw/fda.citations.history/2026/09/20260908T143238Z-4f77a2c64940.json.gz,1
fda.citations.history,firm:3009339218,2024-03-13,2026-09-08T14:32:38Z,firm_key,JUBILANT DRAXIMAGE RADIOPHARMACIES DBA JUBILANT RADIOPHARMA,,fda.citations.history,raw/fda.citations.history/2026/09/20260908T143238Z-4f77a2c64940.json.gz,1
fda.citations.history,firm:3009339218,2024-03-13,2026-09-08T14:32:38Z,is_gmp,0,bool,fda.citations.history,raw/fda.citations.history/2026/09/20260908T143238Z-4f77a2c64940.json.gz,1
fda.citations.history,firm:3009339218,2024-03-13,2026-09-08T14:32:38Z,label,Jubilant DraxImage Radiopharmacies Inc. dba Jubilant Radiopharma,,fda.citations.history,raw/fda.citations.history/2026/09/20260908T143238Z-4f77a2c64940.json.gz,1
fda.citations.history,firm:3009883190,2024-03-08,2026-09-08T14:32:38Z,cfr,21 CFR 211.22(d),,fda.citations.history,raw/fda.citations.history/2026/09/20260908T143238Z-4f77a2c64940.json.gz,1
fda.citations.history,firm:3009883190,2024-03-08,2026-09-08T14:32:38Z,cfr_part,211,part,fda.citations.history,raw/fda.citations.history/2026/09/20260908T143238Z-4f77a2c64940.json.gz,1
fda.citations.history,firm:3009883190,2024-03-08,2026-09-08T14:32:38Z,citation,1,count,fda.citations.history,raw/fda.citations.history/2026/09/20260908T143238Z-4f77a2c64940.json.gz,1
fda.citations.history,firm:3009883190,2024-03-08,2026-09-08T14:32:38Z,citation_topic,"Procedures not  in writing, fully followed",,fda.citations.history,raw/fda.citations.history/2026/09/20260908T143238Z-4f77a2c64940.json.gz,1
fda.citations.history,firm:3009883190,2024-03-08,2026-09-08T14:32:38Z,firm_key,LUCID,,fda.citations.history,raw/fda.citations.history/2026/09/20260908T143238Z-4f77a2c64940.json.gz,1
fda.citations.history,firm:3009883190,2024-03-08,2026-09-08T14:32:38Z,is_gmp,1,bool,fda.citations.history,raw/fda.citations.history/2026/09/20260908T143238Z-4f77a2c64940.json.gz,1
fda.citations.history,firm:3009883190,2024-03-08,2026-09-08T14:32:38Z,label,Lucid Laboratories Private Limited,,fda.citations.history,raw/fda.citations.history/2026/09/20260908T143238Z-4f77a2c64940.json.gz,1
fda.citations.history,firm:3010014758,2024-03-11,2026-09-08T14:32:38Z,cfr,21 CFR 314.80(b),,fda.citations.history,raw/fda.citations.history/2026/09/20260908T143238Z-4f77a2c64940.json.gz,1
fda.citations.history,firm:3010014758,2024-03-11,2026-09-08T14:32:38Z,cfr,21 CFR 314.80(c)(1)(ii),,fda.citations.history,raw/fda.citations.history/2026/09/20260908T143238Z-4f77a2c64940.json.gz,1
fda.citations.history,firm:3010014758,2024-03-11,2026-09-08T14:32:38Z,cfr_part,314,part,fda.citations.history,raw/fda.citations.history/2026/09/20260908T143238Z-4f77a2c64940.json.gz,1
fda.citations.history,firm:3010014758,2024-03-11,2026-09-08T14:32:38Z,citation,1,count,fda.citations.history,raw/fda.citations.history/2026/09/20260908T143238Z-4f77a2c64940.json.gz,1
fda.citations.history,firm:3010014758,2024-03-11,2026-09-08T14:32:38Z,citation_topic,Failure to develop written procedures,,fda.citations.history,raw/fda.citations.history/2026/09/20260908T143238Z-4f77a2c64940.json.gz,1
fda.citations.history,firm:3010014758,2024-03-11,2026-09-08T14:32:38Z,citation_topic,"Failure to investigate serious, unexpected events",,fda.citations.history,raw/fda.citations.history/2026/09/20260908T143238Z-4f77a2c64940.json.gz,1
fda.citations.history,firm:3010014758,2024-03-11,2026-09-08T14:32:38Z,firm_key,APPCO,,fda.citations.history,raw/fda.citations.history/2026/09/20260908T143238Z-4f77a2c64940.json.gz,1
fda.citations.history,firm:3010014758,2024-03-11,2026-09-08T14:32:38Z,is_gmp,0,bool,fda.citations.history,raw/fda.citations.history/2026/09/20260908T143238Z-4f77a2c64940.json.gz,1
fda.citations.history,firm:3010014758,2024-03-11,2026-09-08T14:32:38Z,label,Appco Pharma LLC,,fda.citations.history,raw/fda.citations.history/2026/09/20260908T143238Z-4f77a2c64940.json.gz,1
fda.citations.history,firm:3010164154,2024-03-01,2026-09-08T14:32:38Z,cfr,21 CFR 211.22(d),,fda.citations.history,raw/fda.citations.history/2026/09/20260908T143238Z-4f77a2c64940.json.gz,1
fda.citations.history,firm:3010164154,2024-03-01,2026-09-08T14:32:38Z,cfr,21 CFR 211.56(a),,fda.citations.history,raw/fda.citations.history/2026/09/20260908T143238Z-4f77a2c64940.json.gz,1
fda.citations.history,firm:3010164154,2024-03-01,2026-09-08T14:32:38Z,cfr,21 CFR 211.67(a),,fda.citations.history,raw/fda.citations.history/2026/09/20260908T143238Z-4f77a2c64940.json.gz,1
fda.citations.history,firm:3010164154,2024-03-01,2026-09-08T14:32:38Z,cfr_part,211,part,fda.citations.history,raw/fda.citations.history/2026/09/20260908T143238Z-4f77a2c64940.json.gz,1
fda.citations.history,firm:3010164154,2024-03-01,2026-09-08T14:32:38Z,citation,1,count,fda.citations.history,raw/fda.citations.history/2026/09/20260908T143238Z-4f77a2c64940.json.gz,1
fda.citations.history,firm:3010164154,2024-03-01,2026-09-08T14:32:38Z,citation_topic,Cleaning / Sanitizing / Maintenance,,fda.citations.history,raw/fda.citations.history/2026/09/20260908T143238Z-4f77a2c64940.json.gz,1
fda.citations.history,firm:3010164154,2024-03-01,2026-09-08T14:32:38Z,citation_topic,"Procedures not  in writing, fully followed",,fda.citations.history,raw/fda.citations.history/2026/09/20260908T143238Z-4f77a2c64940.json.gz,1
fda.citations.history,firm:3010164154,2024-03-01,2026-09-08T14:32:38Z,citation_topic,"Sanitation--buildings not clean, free of infestation",,fda.citations.history,raw/fda.citations.history/2026/09/20260908T143238Z-4f77a2c64940.json.gz,1
fda.citations.history,firm:3010164154,2024-03-01,2026-09-08T14:32:38Z,firm_key,DERMACEUTICAL,,fda.citations.history,raw/fda.citations.history/2026/09/20260908T143238Z-4f77a2c64940.json.gz,1
fda.citations.history,firm:3010164154,2024-03-01,2026-09-08T14:32:38Z,is_gmp,1,bool,fda.citations.history,raw/fda.citations.history/2026/09/20260908T143238Z-4f77a2c64940.json.gz,1
fda.citations.history,firm:3010164154,2024-03-01,2026-09-08T14:32:38Z,label,"Dermaceutical Laboratories, LLC",,fda.citations.history,raw/fda.citations.history/2026/09/20260908T143238Z-4f77a2c64940.json.gz,1
fda.citations.history,firm:3010387507,2024-03-16,2026-09-08T14:32:38Z,cfr,21 CFR 211.137(a),,fda.citations.history,raw/fda.citations.history/2026/09/20260908T143238Z-4f77a2c64940.json.gz,1
fda.citations.history,firm:3010387507,2024-03-16,2026-09-08T14:32:38Z,cfr,21 CFR 211.160(b),,fda.citations.history,raw/fda.citations.history/2026/09/20260908T143238Z-4f77a2c64940.json.gz,1
fda.citations.history,firm:3010387507,2024-03-16,2026-09-08T14:32:38Z,cfr,21 CFR 211.192,,fda.citations.history,raw/fda.citations.history/2026/09/20260908T143238Z-4f77a2c64940.json.gz,1
fda.citations.history,firm:3010387507,2024-03-16,2026-09-08T14:32:38Z,cfr,21 CFR 211.22(c),,fda.citations.history,raw/fda.citations.history/2026/09/20260908T143238Z-4f77a2c64940.json.gz,1
fda.citations.history,firm:3010387507,2024-03-16,2026-09-08T14:32:38Z,cfr,21 CFR 211.67(b)(6),,fda.citations.history,raw/fda.citations.history/2026/09/20260908T143238Z-4f77a2c64940.json.gz,1
fda.citations.history,firm:3010387507,2024-03-16,2026-09-08T14:32:38Z,cfr_part,211,part,fda.citations.history,raw/fda.citations.history/2026/09/20260908T143238Z-4f77a2c64940.json.gz,1
fda.citations.history,firm:3010387507,2024-03-16,2026-09-08T14:32:38Z,citation,1,count,fda.citations.history,raw/fda.citations.history/2026/09/20260908T143238Z-4f77a2c64940.json.gz,1
fda.citations.history,firm:3010387507,2024-03-16,2026-09-08T14:32:38Z,citation_topic,Approve or reject procedures or specs,,fda.citations.history,raw/fda.citations.history/2026/09/20260908T143238Z-4f77a2c64940.json.gz,1
fda.citations.history,firm:3010387507,2024-03-16,2026-09-08T14:32:38Z,citation_topic,Cleaning SOP/inspection,,fda.citations.history,raw/fda.citations.history/2026/09/20260908T143238Z-4f77a2c64940.json.gz,1
fda.citations.history,firm:3010387507,2024-03-16,2026-09-08T14:32:38Z,citation_topic,Expiration date lacking,,fda.citations.history,raw/fda.citations.history/2026/09/20260908T143238Z-4f77a2c64940.json.gz,1
fda.citations.history,firm:3010387507,2024-03-16,2026-09-08T14:32:38Z,citation_topic,Scientifically sound laboratory controls,,fda.citations.history,raw/fda.citations.history/2026/09/20260908T143238Z-4f77a2c64940.json.gz,1
fda.citations.history,firm:3010387507,2024-03-16,2026-09-08T14:32:38Z,citation_topic,Written record of investigation incomplete,,fda.citations.history,raw/fda.citations.history/2026/09/20260908T143238Z-4f77a2c64940.json.gz,1
fda.citations.history,firm:3010387507,2024-03-16,2026-09-08T14:32:38Z,firm_key,AMOREPACIFIC,,fda.citations.history,raw/fda.citations.history/2026/09/20260908T143238Z-4f77a2c64940.json.gz,1
fda.citations.history,firm:3010387507,2024-03-16,2026-09-08T14:32:38Z,is_gmp,1,bool,fda.citations.history,raw/fda.citations.history/2026/09/20260908T143238Z-4f77a2c64940.json.gz,1
fda.citations.history,firm:3010387507,2024-03-16,2026-09-08T14:32:38Z,label,Amorepacific Corporation,,fda.citations.history,raw/fda.citations.history/2026/09/20260908T143238Z-4f77a2c64940.json.gz,1
fda.citations.history,firm:3010999645,2024-03-15,2026-09-08T14:32:38Z,cfr,21 CFR 211.100(a),,fda.citations.history,raw/fda.citations.history/2026/09/20260908T143238Z-4f77a2c64940.json.gz,1
fda.citations.history,firm:3010999645,2024-03-15,2026-09-08T14:32:38Z,cfr,21 CFR 211.192,,fda.citations.history,raw/fda.citations.history/2026/09/20260908T143238Z-4f77a2c64940.json.gz,1
fda.citations.history,firm:3010999645,2024-03-15,2026-09-08T14:32:38Z,cfr,21 CFR 211.22(d),,fda.citations.history,raw/fda.citations.history/2026/09/20260908T143238Z-4f77a2c64940.json.gz,1
fda.citations.history,firm:3010999645,2024-03-15,2026-09-08T14:32:38Z,cfr,21 CFR 211.63,,fda.citations.history,raw/fda.citations.history/2026/09/20260908T143238Z-4f77a2c64940.json.gz,1
fda.citations.history,firm:3010999645,2024-03-15,2026-09-08T14:32:38Z,cfr,21 CFR 211.67(a),,fda.citations.history,raw/fda.citations.history/2026/09/20260908T143238Z-4f77a2c64940.json.gz,1
fda.citations.history,firm:3010999645,2024-03-15,2026-09-08T14:32:38Z,cfr,21 CFR 211.80(b),,fda.citations.history,raw/fda.citations.history/2026/09/20260908T143238Z-4f77a2c64940.json.gz,1
fda.citations.history,firm:3010999645,2024-03-15,2026-09-08T14:32:38Z,cfr,21 CFR 211.84(d)(2),,fda.citations.history,raw/fda.citations.history/2026/09/20260908T143238Z-4f77a2c64940.json.gz,1
fda.citations.history,firm:3010999645,2024-03-15,2026-09-08T14:32:38Z,cfr_part,211,part,fda.citations.history,raw/fda.citations.history/2026/09/20260908T143238Z-4f77a2c64940.json.gz,1
fda.citations.history,firm:3010999645,2024-03-15,2026-09-08T14:32:38Z,citation,1,count,fda.citations.history,raw/fda.citations.history/2026/09/20260908T143238Z-4f77a2c64940.json.gz,1
fda.citations.history,firm:3010999645,2024-03-15,2026-09-08T14:32:38Z,citation_topic,Absence of Written Procedures,,fda.citations.history,raw/fda.citations.history/2026/09/20260908T143238Z-4f77a2c64940.json.gz,1
fda.citations.history,firm:3010999645,2024-03-15,2026-09-08T14:32:38Z,citation_topic,Cleaning / Sanitizing / Maintenance,,fda.citations.history,raw/fda.citations.history/2026/09/20260908T143238Z-4f77a2c64940.json.gz,1
fda.citations.history,firm:3010999645,2024-03-15,2026-09-08T14:32:38Z,citation_topic,"Equipment Design, Size and Location",,fda.citations.history,raw/fda.citations.history/2026/09/20260908T143238Z-4f77a2c64940.json.gz,1
fda.citations.history,firm:3010999645,2024-03-15,2026-09-08T14:32:38Z,citation_topic,Handling and Storage to Prevent Contamination,,fda.citations.history,raw/fda.citations.history/2026/09/20260908T143238Z-4f77a2c64940.json.gz,1
fda.citations.history,firm:3010999645,2024-03-15,2026-09-08T14:32:38Z,citation_topic,"Investigations of discrepancies, failures",,fda.citations.history,raw/fda.citations.history/2026/09/20260908T143238Z-4f77a2c64940.json.gz,1
fda.citations.history,firm:3010999645,2024-03-15,2026-09-08T14:32:38Z,citation_topic,"Procedures not  in writing, fully followed",,fda.citations.history,raw/fda.citations.history/2026/09/20260908T143238Z-4f77a2c64940.json.gz,1
fda.citations.history,firm:3010999645,2024-03-15,2026-09-08T14:32:38Z,citation_topic,Reports of Analysis (Components),,fda.citations.history,raw/fda.citations.history/2026/09/20260908T143238Z-4f77a2c64940.json.gz,1
fda.citations.history,firm:3010999645,2024-03-15,2026-09-08T14:32:38Z,firm_key,OREAN PERSONAL CARE,,fda.citations.history,raw/fda.citations.history/2026/09/20260908T143238Z-4f77a2c64940.json.gz,1
fda.citations.history,firm:3010999645,2024-03-15,2026-09-08T14:32:38Z,is_gmp,1,bool,fda.citations.history,raw/fda.citations.history/2026/09/20260908T143238Z-4f77a2c64940.json.gz,1
fda.citations.history,firm:3010999645,2024-03-15,2026-09-08T14:32:38Z,label,Orean Personal Care Ltd,,fda.citations.history,raw/fda.citations.history/2026/09/20260908T143238Z-4f77a2c64940.json.gz,1
fda.citations.history,firm:3011103533,2024-03-14,2026-09-08T14:32:38Z,cfr,21 CFR 211.160(a),,fda.citations.history,raw/fda.citations.history/2026/09/20260908T143238Z-4f77a2c64940.json.gz,1
fda.citations.history,firm:3011103533,2024-03-14,2026-09-08T14:32:38Z,cfr_part,211,part,fda.citations.history,raw/fda.citations.history/2026/09/20260908T143238Z-4f77a2c64940.json.gz,1
fda.citations.history,firm:3011103533,2024-03-14,2026-09-08T14:32:38Z,citation,1,count,fda.citations.history,raw/fda.citations.history/2026/09/20260908T143238Z-4f77a2c64940.json.gz,1
fda.citations.history,firm:3011103533,2024-03-14,2026-09-08T14:32:38Z,citation_topic,Following/documenting laboratory controls,,fda.citations.history,raw/fda.citations.history/2026/09/20260908T143238Z-4f77a2c64940.json.gz,1
fda.citations.history,firm:3011103533,2024-03-14,2026-09-08T14:32:38Z,firm_key,FIRST TIME US INDIA,,fda.citations.history,raw/fda.citations.history/2026/09/20260908T143238Z-4f77a2c64940.json.gz,1
fda.citations.history,firm:3011103533,2024-03-14,2026-09-08T14:32:38Z,is_gmp,1,bool,fda.citations.history,raw/fda.citations.history/2026/09/20260908T143238Z-4f77a2c64940.json.gz,1
fda.citations.history,firm:3011103533,2024-03-14,2026-09-08T14:32:38Z,label,First Time US Pharmaceuticals (India) Pvt Ltd.,,fda.citations.history,raw/fda.citations.history/2026/09/20260908T143238Z-4f77a2c64940.json.gz,1
fda.citations.history,firm:3011286349,2024-03-19,2026-09-08T14:32:38Z,cfr,21 CFR 211.100(a),,fda.citations.history,raw/fda.citations.history/2026/09/20260908T143238Z-4f77a2c64940.json.gz,1
fda.citations.history,firm:3011286349,2024-03-19,2026-09-08T14:32:38Z,cfr,21 CFR 211.113(b),,fda.citations.history,raw/fda.citations.history/2026/09/20260908T143238Z-4f77a2c64940.json.gz,1
fda.citations.history,firm:3011286349,2024-03-19,2026-09-08T14:32:38Z,cfr,21 CFR 211.125(f),,fda.citations.history,raw/fda.citations.history/2026/09/20260908T143238Z-4f77a2c64940.json.gz,1
fda.citations.history,firm:3011286349,2024-03-19,2026-09-08T14:32:38Z,cfr,21 CFR 211.186(b)(8),,fda.citations.history,raw/fda.citations.history/2026/09/20260908T143238Z-4f77a2c64940.json.gz,1
fda.citations.history,firm:3011286349,2024-03-19,2026-09-08T14:32:38Z,cfr,21 CFR 211.188(b)(8),,fda.citations.history,raw/fda.citations.history/2026/09/20260908T143238Z-4f77a2c64940.json.gz,1
fda.citations.history,firm:3011286349,2024-03-19,2026-09-08T14:32:38Z,cfr,21 CFR 211.192,,fda.citations.history,raw/fda.citations.history/2026/09/20260908T143238Z-4f77a2c64940.json.gz,1
fda.citations.history,firm:3011286349,2024-03-19,2026-09-08T14:32:38Z,cfr,21 CFR 211.198(a),,fda.citations.history,raw/fda.citations.history/2026/09/20260908T143238Z-4f77a2c64940.json.gz,1
fda.citations.history,firm:3011286349,2024-03-19,2026-09-08T14:32:38Z,cfr,21 CFR 211.22(d),,fda.citations.history,raw/fda.citations.history/2026/09/20260908T143238Z-4f77a2c64940.json.gz,1
fda.citations.history,firm:3011286349,2024-03-19,2026-09-08T14:32:38Z,cfr,21 CFR 211.25(a),,fda.citations.history,raw/fda.citations.history/2026/09/20260908T143238Z-4f77a2c64940.json.gz,1
fda.citations.history,firm:3011286349,2024-03-19,2026-09-08T14:32:38Z,cfr,21 CFR 211.56(b),,fda.citations.history,raw/fda.citations.history/2026/09/20260908T143238Z-4f77a2c64940.json.gz,1
fda.citations.history,firm:3011286349,2024-03-19,2026-09-08T14:32:38Z,cfr,21 CFR 211.58,,fda.citations.history,raw/fda.citations.history/2026/09/20260908T143238Z-4f77a2c64940.json.gz,1
fda.citations.history,firm:3011286349,2024-03-19,2026-09-08T14:32:38Z,cfr,21 CFR 211.67(a),,fda.citations.history,raw/fda.citations.history/2026/09/20260908T143238Z-4f77a2c64940.json.gz,1
fda.citations.history,firm:3011286349,2024-03-19,2026-09-08T14:32:38Z,cfr,21 CFR 211.68(a),,fda.citations.history,raw/fda.citations.history/2026/09/20260908T143238Z-4f77a2c64940.json.gz,1
fda.citations.history,firm:3011286349,2024-03-19,2026-09-08T14:32:38Z,cfr_part,211,part,fda.citations.history,raw/fda.citations.history/2026/09/20260908T143238Z-4f77a2c64940.json.gz,1
fda.citations.history,firm:3011286349,2024-03-19,2026-09-08T14:32:38Z,citation,1,count,fda.citations.history,raw/fda.citations.history/2026/09/20260908T143238Z-4f77a2c64940.json.gz,1
fda.citations.history,firm:3011286349,2024-03-19,2026-09-08T14:32:38Z,citation_topic,Absence of Written Procedures,,fda.citations.history,raw/fda.citations.history/2026/09/20260908T143238Z-4f77a2c64940.json.gz,1
fda.citations.history,firm:3011286349,2024-03-19,2026-09-08T14:32:38Z,citation_topic,Buildings not maintained in good state of repair,,fda.citations.history,raw/fda.citations.history/2026/09/20260908T143238Z-4f77a2c64940.json.gz,1
fda.citations.history,firm:3011286349,2024-03-19,2026-09-08T14:32:38Z,citation_topic,Calibration/Inspection/Checking not done,,fda.citations.history,raw/fda.citations.history/2026/09/20260908T143238Z-4f77a2c64940.json.gz,1
fda.citations.history,firm:3011286349,2024-03-19,2026-09-08T14:32:38Z,citation_topic,Cleaning / Sanitizing / Maintenance,,fda.citations.history,raw/fda.citations.history/2026/09/20260908T143238Z-4f77a2c64940.json.gz,1
fda.citations.history,firm:3011286349,2024-03-19,2026-09-08T14:32:38Z,citation_topic,"Description of containers, labels, et. al.",,fda.citations.history,raw/fda.citations.history/2026/09/20260908T143238Z-4f77a2c64940.json.gz,1
fda.citations.history,firm:3011286349,2024-03-19,2026-09-08T14:32:38Z,citation_topic,"Investigations of discrepancies, failures",,fda.citations.history,raw/fda.citations.history/2026/09/20260908T143238Z-4f77a2c64940.json.gz,1
fda.citations.history,firm:3011286349,2024-03-19,2026-09-08T14:32:38Z,citation_topic,Labeling Control Records and Label Copies,,fda.citations.history,raw/fda.citations.history/2026/09/20260908T143238Z-4f77a2c64940.json.gz,1
fda.citations.history,firm:3011286349,2024-03-19,2026-09-08T14:32:38Z,citation_topic,Procedures Written and Followed,,fda.citations.history,raw/fda.citations.history/2026/09/20260908T143238Z-4f77a2c64940.json.gz,1
fda.citations.history,firm:3011286349,2024-03-19,2026-09-08T14:32:38Z,citation_topic,Procedures for sterile drug products,,fda.citations.history,raw/fda.citations.history/2026/09/20260908T143238Z-4f77a2c64940.json.gz,1
fda.citations.history,firm:3011286349,2024-03-19,2026-09-08T14:32:38Z,citation_topic,"Procedures not  in writing, fully followed",,fda.citations.history,raw/fda.citations.history/2026/09/20260908T143238Z-4f77a2c64940.json.gz,1
fda.citations.history,firm:3011286349,2024-03-19,2026-09-08T14:32:38Z,citation_topic,Procedures to be written and followed,,fda.citations.history,raw/fda.citations.history/2026/09/20260908T143238Z-4f77a2c64940.json.gz,1
fda.citations.history,firm:3011286349,2024-03-19,2026-09-08T14:32:38Z,citation_topic,"Training , Education , Experience overall",,fda.citations.history,raw/fda.citations.history/2026/09/20260908T143238Z-4f77a2c64940.json.gz,1
fda.citations.history,firm:3011286349,2024-03-19,2026-09-08T14:32:38Z,citation_topic,Validation lacking for sterile drug products,,fda.citations.history,raw/fda.citations.history/2026/09/20260908T143238Z-4f77a2c64940.json.gz,1
fda.citations.history,firm:3011286349,2024-03-19,2026-09-08T14:32:38Z,citation_topic,Written sanitation procedures lacking,,fda.citations.history,raw/fda.citations.history/2026/09/20260908T143238Z-4f77a2c64940.json.gz,1
fda.citations.history,firm:3011286349,2024-03-19,2026-09-08T14:32:38Z,firm_key,QUALGEN,,fda.citations.history,raw/fda.citations.history/2026/09/20260908T143238Z-4f77a2c64940.json.gz,1
fda.citations.history,firm:3011286349,2024-03-19,2026-09-08T14:32:38Z,is_gmp,1,bool,fda.citations.history,raw/fda.citations.history/2026/09/20260908T143238Z-4f77a2c64940.json.gz,1
fda.citations.history,firm:3011286349,2024-03-19,2026-09-08T14:32:38Z,label,"Qualgen, LLC",,fda.citations.history,raw/fda.citations.history/2026/09/20260908T143238Z-4f77a2c64940.json.gz,1
fda.citations.history,firm:3011407349,2024-03-15,2026-09-08T14:32:38Z,cfr,21 CFR 211.100(a),,fda.citations.history,raw/fda.citations.history/2026/09/20260908T143238Z-4f77a2c64940.json.gz,1
fda.citations.history,firm:3011407349,2024-03-15,2026-09-08T14:32:38Z,cfr,21 CFR 211.67(b)(3),,fda.citations.history,raw/fda.citations.history/2026/09/20260908T143238Z-4f77a2c64940.json.gz,1
fda.citations.history,firm:3011407349,2024-03-15,2026-09-08T14:32:38Z,cfr_part,211,part,fda.citations.history,raw/fda.citations.history/2026/09/20260908T143238Z-4f77a2c64940.json.gz,1
fda.citations.history,firm:3011407349,2024-03-15,2026-09-08T14:32:38Z,citation,1,count,fda.citations.history,raw/fda.citations.history/2026/09/20260908T143238Z-4f77a2c64940.json.gz,1
fda.citations.history,firm:3011407349,2024-03-15,2026-09-08T14:32:38Z,citation_topic,Absence of Written Procedures,,fda.citations.history,raw/fda.citations.history/2026/09/20260908T143238Z-4f77a2c64940.json.gz,1
fda.citations.history,firm:3011407349,2024-03-15,2026-09-08T14:32:38Z,citation_topic,Cleaning SOPs/instructions,,fda.citations.history,raw/fda.citations.history/2026/09/20260908T143238Z-4f77a2c64940.json.gz,1
fda.citations.history,firm:3011407349,2024-03-15,2026-09-08T14:32:38Z,firm_key,HAPPY FARM BOTANICALS,,fda.citations.history,raw/fda.citations.history/2026/09/20260908T143238Z-4f77a2c64940.json.gz,1
fda.citations.history,firm:3011407349,2024-03-15,2026-09-08T14:32:38Z,is_gmp,1,bool,fda.citations.history,raw/fda.citations.history/2026/09/20260908T143238Z-4f77a2c64940.json.gz,1
fda.citations.history,firm:3011407349,2024-03-15,2026-09-08T14:32:38Z,label,"Happy Farm Botanicals, Inc.",,fda.citations.history,raw/fda.citations.history/2026/09/20260908T143238Z-4f77a2c64940.json.gz,1
fda.citations.history,firm:3011572099,2024-03-29,2026-09-08T14:32:38Z,cfr,21 CFR 211.110(a),,fda.citations.history,raw/fda.citations.history/2026/09/20260908T143238Z-4f77a2c64940.json.gz,1
fda.citations.history,firm:3011572099,2024-03-29,2026-09-08T14:32:38Z,cfr,21 CFR 211.110(c),,fda.citations.history,raw/fda.citations.history/2026/09/20260908T143238Z-4f77a2c64940.json.gz,1
fda.citations.history,firm:3011572099,2024-03-29,2026-09-08T14:32:38Z,cfr,21 CFR 211.160(b),,fda.citations.history,raw/fda.citations.history/2026/09/20260908T143238Z-4f77a2c64940.json.gz,1
fda.citations.history,firm:3011572099,2024-03-29,2026-09-08T14:32:38Z,cfr,21 CFR 211.166(a),,fda.citations.history,raw/fda.citations.history/2026/09/20260908T143238Z-4f77a2c64940.json.gz,1
fda.citations.history,firm:3011572099,2024-03-29,2026-09-08T14:32:38Z,cfr,21 CFR 211.180(e)(1),,fda.citations.history,raw/fda.citations.history/2026/09/20260908T143238Z-4f77a2c64940.json.gz,1
fda.citations.history,firm:3011572099,2024-03-29,2026-09-08T14:32:38Z,cfr,21 CFR 211.192,,fda.citations.history,raw/fda.citations.history/2026/09/20260908T143238Z-4f77a2c64940.json.gz,1
fda.citations.history,firm:3011572099,2024-03-29,2026-09-08T14:32:38Z,cfr,21 CFR 211.22(a),,fda.citations.history,raw/fda.citations.history/2026/09/20260908T143238Z-4f77a2c64940.json.gz,1
fda.citations.history,firm:3011572099,2024-03-29,2026-09-08T14:32:38Z,cfr,21 CFR 211.22(d),,fda.citations.history,raw/fda.citations.history/2026/09/20260908T143238Z-4f77a2c64940.json.gz,1
fda.citations.history,firm:3011572099,2024-03-29,2026-09-08T14:32:38Z,cfr,21 CFR 211.67(b)(5),,fda.citations.history,raw/fda.citations.history/2026/09/20260908T143238Z-4f77a2c64940.json.gz,1
fda.citations.history,firm:3011572099,2024-03-29,2026-09-08T14:32:38Z,cfr_part,211,part,fda.citations.history,raw/fda.citations.history/2026/09/20260908T143238Z-4f77a2c64940.json.gz,1
fda.citations.history,firm:3011572099,2024-03-29,2026-09-08T14:32:38Z,citation,1,count,fda.citations.history,raw/fda.citations.history/2026/09/20260908T143238Z-4f77a2c64940.json.gz,1
fda.citations.history,firm:3011572099,2024-03-29,2026-09-08T14:32:38Z,citation_topic,"Approve or reject components, products",,fda.citations.history,raw/fda.citations.history/2026/09/20260908T143238Z-4f77a2c64940.json.gz,1
fda.citations.history,firm:3011572099,2024-03-29,2026-09-08T14:32:38Z,citation_topic,Cleaning SOPs/equipment protection,,fda.citations.history,raw/fda.citations.history/2026/09/20260908T143238Z-4f77a2c64940.json.gz,1
fda.citations.history,firm:3011572099,2024-03-29,2026-09-08T14:32:38Z,citation_topic,Control procedures to monitor and validate performance,,fda.citations.history,raw/fda.citations.history/2026/09/20260908T143238Z-4f77a2c64940.json.gz,1
fda.citations.history,firm:3011572099,2024-03-29,2026-09-08T14:32:38Z,citation_topic,In-process materials characteristics testing,,fda.citations.history,raw/fda.citations.history/2026/09/20260908T143238Z-4f77a2c64940.json.gz,1
fda.citations.history,firm:3011572099,2024-03-29,2026-09-08T14:32:38Z,citation_topic,Lack of written stability program,,fda.citations.history,raw/fda.citations.history/2026/09/20260908T143238Z-4f77a2c64940.json.gz,1
fda.citations.history,firm:3011572099,2024-03-29,2026-09-08T14:32:38Z,citation_topic,No written record of investigation,,fda.citations.history,raw/fda.citations.history/2026/09/20260908T143238Z-4f77a2c64940.json.gz,1
fda.citations.history,firm:3011572099,2024-03-29,2026-09-08T14:32:38Z,citation_topic,"Procedures not  in writing, fully followed",,fda.citations.history,raw/fda.citations.history/2026/09/20260908T143238Z-4f77a2c64940.json.gz,1
fda.citations.history,firm:3011572099,2024-03-29,2026-09-08T14:32:38Z,citation_topic,Review of representative number of batches,,fda.citations.history,raw/fda.citations.history/2026/09/20260908T143238Z-4f77a2c64940.json.gz,1
fda.citations.history,firm:3011572099,2024-03-29,2026-09-08T14:32:38Z,citation_topic,Scientifically sound laboratory controls,,fda.citations.history,raw/fda.citations.history/2026/09/20260908T143238Z-4f77a2c64940.json.gz,1
fda.citations.history,firm:3011572099,2024-03-29,2026-09-08T14:32:38Z,firm_key,OUTIN FUTURES,,fda.citations.history,raw/fda.citations.history/2026/09/20260908T143238Z-4f77a2c64940.json.gz,1
fda.citations.history,firm:3011572099,2024-03-29,2026-09-08T14:32:38Z,is_gmp,1,bool,fda.citations.history,raw/fda.citations.history/2026/09/20260908T143238Z-4f77a2c64940.json.gz,1
fda.citations.history,firm:3011572099,2024-03-29,2026-09-08T14:32:38Z,label,Outin Futures Corp,,fda.citations.history,raw/fda.citations.history/2026/09/20260908T143238Z-4f77a2c64940.json.gz,1
fda.citations.history,firm:3012286613,2024-03-13,2026-09-08T14:32:38Z,cfr,21 CFR 211.56(a),,fda.citations.history,raw/fda.citations.history/2026/09/20260908T143238Z-4f77a2c64940.json.gz,1
fda.citations.history,firm:3012286613,2024-03-13,2026-09-08T14:32:38Z,cfr,21 CFR 211.80(a),,fda.citations.history,raw/fda.citations.history/2026/09/20260908T143238Z-4f77a2c64940.json.gz,1
fda.citations.history,firm:3012286613,2024-03-13,2026-09-08T14:32:38Z,cfr_part,211,part,fda.citations.history,raw/fda.citations.history/2026/09/20260908T143238Z-4f77a2c64940.json.gz,1
fda.citations.history,firm:3012286613,2024-03-13,2026-09-08T14:32:38Z,citation,1,count,fda.citations.history,raw/fda.citations.history/2026/09/20260908T143238Z-4f77a2c64940.json.gz,1
fda.citations.history,firm:3012286613,2024-03-13,2026-09-08T14:32:38Z,citation_topic,Procedures To Be in Writing,,fda.citations.history,raw/fda.citations.history/2026/09/20260908T143238Z-4f77a2c64940.json.gz,1
fda.citations.history,firm:3012286613,2024-03-13,2026-09-08T14:32:38Z,citation_topic,"Sanitation--buildings not clean, free of infestation",,fda.citations.history,raw/fda.citations.history/2026/09/20260908T143238Z-4f77a2c64940.json.gz,1
fda.citations.history,firm:3012286613,2024-03-13,2026-09-08T14:32:38Z,firm_key,PURISYS,,fda.citations.history,raw/fda.citations.history/2026/09/20260908T143238Z-4f77a2c64940.json.gz,1
fda.citations.history,firm:3012286613,2024-03-13,2026-09-08T14:32:38Z,is_gmp,1,bool,fda.citations.history,raw/fda.citations.history/2026/09/20260908T143238Z-4f77a2c64940.json.gz,1
fda.citations.history,firm:3012286613,2024-03-13,2026-09-08T14:32:38Z,label,Purisys LLC,,fda.citations.history,raw/fda.citations.history/2026/09/20260908T143238Z-4f77a2c64940.json.gz,1
fda.citations.history,firm:3013880204,2024-03-07,2026-09-08T14:32:38Z,cfr,21 CFR 361.1(c)(2),,fda.citations.history,raw/fda.citations.history/2026/09/20260908T143238Z-4f77a2c64940.json.gz,1
fda.citations.history,firm:3013880204,2024-03-07,2026-09-08T14:32:38Z,cfr,21 CFR 361.1(c)(3),,fda.citations.history,raw/fda.citations.history/2026/09/20260908T143238Z-4f77a2c64940.json.gz,1
fda.citations.history,firm:3013880204,2024-03-07,2026-09-08T14:32:38Z,cfr_part,361,part,fda.citations.history,raw/fda.citations.history/2026/09/20260908T143238Z-4f77a2c64940.json.gz,1
fda.citations.history,firm:3013880204,2024-03-07,2026-09-08T14:32:38Z,citation,1,count,fda.citations.history,raw/fda.citations.history/2026/09/20260908T143238Z-4f77a2c64940.json.gz,1
fda.citations.history,firm:3013880204,2024-03-07,2026-09-08T14:32:38Z,citation_topic,>50% of members not at RDRC meeting,,fda.citations.history,raw/fda.citations.history/2026/09/20260908T143238Z-4f77a2c64940.json.gz,1
fda.citations.history,firm:3013880204,2024-03-07,2026-09-08T14:32:38Z,citation_topic,Annual reports not submitted to FDA,,fda.citations.history,raw/fda.citations.history/2026/09/20260908T143238Z-4f77a2c64940.json.gz,1
fda.citations.history,firm:3013880204,2024-03-07,2026-09-08T14:32:38Z,citation_topic,FDA research proposals not reported +30 subjects,,fda.citations.history,raw/fda.citations.history/2026/09/20260908T143238Z-4f77a2c64940.json.gz,1
fda.citations.history,firm:3013880204,2024-03-07,2026-09-08T14:32:38Z,citation_topic,Numerical votes not in the minutes of any RDRC meetings,,fda.citations.history,raw/fda.citations.history/2026/09/20260908T143238Z-4f77a2c64940.json.gz,1
fda.citations.history,firm:3013880204,2024-03-07,2026-09-08T14:32:38Z,citation_topic,RDRC has not kept minutes of its meetings,,fda.citations.history,raw/fda.citations.history/2026/09/20260908T143238Z-4f77a2c64940.json.gz,1
fda.citations.history,firm:3013880204,2024-03-07,2026-09-08T14:32:38Z,citation_topic,Representation of the required fields of expertise,,fda.citations.history,raw/fda.citations.history/2026/09/20260908T143238Z-4f77a2c64940.json.gz,1
fda.citations.history,firm:3013880204,2024-03-07,2026-09-08T14:32:38Z,firm_key,WAKE FOREST UNIVERSITY HEALTH SCIENCES RDRC,,fda.citations.history,raw/fda.citations.history/2026/09/20260908T143238Z-4f77a2c64940.json.gz,1
fda.citations.history,firm:3013880204,2024-03-07,2026-09-08T14:32:38Z,is_gmp,0,bool,fda.citations.history,raw/fda.citations.history/2026/09/20260908T143238Z-4f77a2c64940.json.gz,1
fda.citations.history,firm:3013880204,2024-03-07,2026-09-08T14:32:38Z,label,Wake Forest University Health Sciences RDRC,,fda.citations.history,raw/fda.citations.history/2026/09/20260908T143238Z-4f77a2c64940.json.gz,1
fda.citations.history,firm:3014483112,2024-03-01,2026-09-08T14:32:38Z,cfr,21 CFR 211.100(a),,fda.citations.history,raw/fda.citations.history/2026/09/20260908T143238Z-4f77a2c64940.json.gz,1
fda.citations.history,firm:3014483112,2024-03-01,2026-09-08T14:32:38Z,cfr,21 CFR 211.113(b),,fda.citations.history,raw/fda.citations.history/2026/09/20260908T143238Z-4f77a2c64940.json.gz,1
fda.citations.history,firm:3014483112,2024-03-01,2026-09-08T14:32:38Z,cfr,21 CFR 211.192,,fda.citations.history,raw/fda.citations.history/2026/09/20260908T143238Z-4f77a2c64940.json.gz,1
fda.citations.history,firm:3014483112,2024-03-01,2026-09-08T14:32:38Z,cfr,21 CFR 211.22(c),,fda.citations.history,raw/fda.citations.history/2026/09/20260908T143238Z-4f77a2c64940.json.gz,1
fda.citations.history,firm:3014483112,2024-03-01,2026-09-08T14:32:38Z,cfr,21 CFR 211.42(c),,fda.citations.history,raw/fda.citations.history/2026/09/20260908T143238Z-4f77a2c64940.json.gz,1
fda.citations.history,firm:3014483112,2024-03-01,2026-09-08T14:32:38Z,cfr,21 CFR 211.42(c)(10)(v),,fda.citations.history,raw/fda.citations.history/2026/09/20260908T143238Z-4f77a2c64940.json.gz,1
fda.citations.history,firm:3014483112,2024-03-01,2026-09-08T14:32:38Z,cfr,21 CFR 211.42(c)(10)(vi),,fda.citations.history,raw/fda.citations.history/2026/09/20260908T143238Z-4f77a2c64940.json.gz,1
fda.citations.history,firm:3014483112,2024-03-01,2026-09-08T14:32:38Z,cfr,FDCA 503B(b)(2)(A),,fda.citations.history,raw/fda.citations.history/2026/09/20260908T143238Z-4f77a2c64940.json.gz,1
fda.citations.history,firm:3014483112,2024-03-01,2026-09-08T14:32:38Z,cfr_part,211,part,fda.citations.history,raw/fda.citations.history/2026/09/20260908T143238Z-4f77a2c64940.json.gz,1
fda.citations.history,firm:3014483112,2024-03-01,2026-09-08T14:32:38Z,cfr_part,503,part,fda.citations.history,raw/fda.citations.history/2026/09/20260908T143238Z-4f77a2c64940.json.gz,1
fda.citations.history,firm:3014483112,2024-03-01,2026-09-08T14:32:38Z,citation,1,count,fda.citations.history,raw/fda.citations.history/2026/09/20260908T143238Z-4f77a2c64940.json.gz,1
fda.citations.history,firm:3014483112,2024-03-01,2026-09-08T14:32:38Z,citation_topic,Absence of Written Procedures,,fda.citations.history,raw/fda.citations.history/2026/09/20260908T143238Z-4f77a2c64940.json.gz,1
fda.citations.history,firm:3014483112,2024-03-01,2026-09-08T14:32:38Z,citation_topic,Approve or reject procedures or specs,,fda.citations.history,raw/fda.citations.history/2026/09/20260908T143238Z-4f77a2c64940.json.gz,1
fda.citations.history,firm:3014483112,2024-03-01,2026-09-08T14:32:38Z,citation_topic,Cleaning System,,fda.citations.history,raw/fda.citations.history/2026/09/20260908T143238Z-4f77a2c64940.json.gz,1
fda.citations.history,firm:3014483112,2024-03-01,2026-09-08T14:32:38Z,citation_topic,Defined areas of adequate size for operations,,fda.citations.history,raw/fda.citations.history/2026/09/20260908T143238Z-4f77a2c64940.json.gz,1
fda.citations.history,firm:3014483112,2024-03-01,2026-09-08T14:32:38Z,citation_topic,Equipment to control conditions,,fda.citations.history,raw/fda.citations.history/2026/09/20260908T143238Z-4f77a2c64940.json.gz,1
fda.citations.history,firm:3014483112,2024-03-01,2026-09-08T14:32:38Z,citation_topic,"Investigations of discrepancies, failures",,fda.citations.history,raw/fda.citations.history/2026/09/20260908T143238Z-4f77a2c64940.json.gz,1
fda.citations.history,firm:3014483112,2024-03-01,2026-09-08T14:32:38Z,citation_topic,"Outsourcing facility, compounded drug report follow up",,fda.citations.history,raw/fda.citations.history/2026/09/20260908T143238Z-4f77a2c64940.json.gz,1
fda.citations.history,firm:3014483112,2024-03-01,2026-09-08T14:32:38Z,citation_topic,Procedures for sterile drug products,,fda.citations.history,raw/fda.citations.history/2026/09/20260908T143238Z-4f77a2c64940.json.gz,1
fda.citations.history,firm:3014483112,2024-03-01,2026-09-08T14:32:38Z,firm_key,INTEGRADOSE COMPOUNDING SERVICES,,fda.citations.history,raw/fda.citations.history/2026/09/20260908T143238Z-4f77a2c64940.json.gz,1
fda.citations.history,firm:3014483112,2024-03-01,2026-09-08T14:32:38Z,is_gmp,0,bool,fda.citations.history,raw/fda.citations.history/2026/09/20260908T143238Z-4f77a2c64940.json.gz,1
fda.citations.history,firm:3014483112,2024-03-01,2026-09-08T14:32:38Z,is_gmp,1,bool,fda.citations.history,raw/fda.citations.history/2026/09/20260908T143238Z-4f77a2c64940.json.gz,1
fda.citations.history,firm:3014483112,2024-03-01,2026-09-08T14:32:38Z,label,IntegraDose Compounding Services LLC,,fda.citations.history,raw/fda.citations.history/2026/09/20260908T143238Z-4f77a2c64940.json.gz,1
fda.citations.history,firm:3014556381,2024-03-08,2026-09-08T14:32:38Z,cfr,21 CFR 211.122(d),,fda.citations.history,raw/fda.citations.history/2026/09/20260908T143238Z-4f77a2c64940.json.gz,1
fda.citations.history,firm:3014556381,2024-03-08,2026-09-08T14:32:38Z,cfr,21 CFR 211.166(a),,fda.citations.history,raw/fda.citations.history/2026/09/20260908T143238Z-4f77a2c64940.json.gz,1
fda.citations.history,firm:3014556381,2024-03-08,2026-09-08T14:32:38Z,cfr,21 CFR 211.180(e),,fda.citations.history,raw/fda.citations.history/2026/09/20260908T143238Z-4f77a2c64940.json.gz,1
fda.citations.history,firm:3014556381,2024-03-08,2026-09-08T14:32:38Z,cfr,21 CFR 211.80(b),,fda.citations.history,raw/fda.citations.history/2026/09/20260908T143238Z-4f77a2c64940.json.gz,1
fda.citations.history,firm:3014556381,2024-03-08,2026-09-08T14:32:38Z,cfr_part,211,part,fda.citations.history,raw/fda.citations.history/2026/09/20260908T143238Z-4f77a2c64940.json.gz,1
fda.citations.history,firm:3014556381,2024-03-08,2026-09-08T14:32:38Z,citation,1,count,fda.citations.history,raw/fda.citations.history/2026/09/20260908T143238Z-4f77a2c64940.json.gz,1
fda.citations.history,firm:3014556381,2024-03-08,2026-09-08T14:32:38Z,citation_topic,Handling and Storage to Prevent Contamination,,fda.citations.history,raw/fda.citations.history/2026/09/20260908T143238Z-4f77a2c64940.json.gz,1
fda.citations.history,firm:3014556381,2024-03-08,2026-09-08T14:32:38Z,citation_topic,Label storage access limited to authorized personnel,,fda.citations.history,raw/fda.citations.history/2026/09/20260908T143238Z-4f77a2c64940.json.gz,1
fda.citations.history,firm:3014556381,2024-03-08,2026-09-08T14:32:38Z,citation_topic,Lack of written stability program,,fda.citations.history,raw/fda.citations.history/2026/09/20260908T143238Z-4f77a2c64940.json.gz,1
fda.citations.history,firm:3014556381,2024-03-08,2026-09-08T14:32:38Z,citation_topic,Records reviewed annually,,fda.citations.history,raw/fda.citations.history/2026/09/20260908T143238Z-4f77a2c64940.json.gz,1
fda.citations.history,firm:3014556381,2024-03-08,2026-09-08T14:32:38Z,firm_key,ACTIVE INTELLIGENCE,,fda.citations.history,raw/fda.citations.history/2026/09/20260908T143238Z-4f77a2c64940.json.gz,1
fda.citations.history,firm:3014556381,2024-03-08,2026-09-08T14:32:38Z,is_gmp,1,bool,fda.citations.history,raw/fda.citations.history/2026/09/20260908T143238Z-4f77a2c64940.json.gz,1
fda.citations.history,firm:3014556381,2024-03-08,2026-09-08T14:32:38Z,label,Active Intelligence LLC,,fda.citations.history,raw/fda.citations.history/2026/09/20260908T143238Z-4f77a2c64940.json.gz,1
fda.citations.history,firm:3014752610,2024-03-12,2026-09-08T14:32:38Z,cfr,21 CFR 211.170(b),,fda.citations.history,raw/fda.citations.history/2026/09/20260908T143238Z-4f77a2c64940.json.gz,1
fda.citations.history,firm:3014752610,2024-03-12,2026-09-08T14:32:38Z,cfr,21 CFR 211.192,,fda.citations.history,raw/fda.citations.history/2026/09/20260908T143238Z-4f77a2c64940.json.gz,1
fda.citations.history,firm:3014752610,2024-03-12,2026-09-08T14:32:38Z,cfr,21 CFR 211.67(b)(6),,fda.citations.history,raw/fda.citations.history/2026/09/20260908T143238Z-4f77a2c64940.json.gz,1
fda.citations.history,firm:3014752610,2024-03-12,2026-09-08T14:32:38Z,cfr_part,211,part,fda.citations.history,raw/fda.citations.history/2026/09/20260908T143238Z-4f77a2c64940.json.gz,1
fda.citations.history,firm:3014752610,2024-03-12,2026-09-08T14:32:38Z,citation,1,count,fda.citations.history,raw/fda.citations.history/2026/09/20260908T143238Z-4f77a2c64940.json.gz,1
fda.citations.history,firm:3014752610,2024-03-12,2026-09-08T14:32:38Z,citation_topic,Annual visual exams of drug products,,fda.citations.history,raw/fda.citations.history/2026/09/20260908T143238Z-4f77a2c64940.json.gz,1
fda.citations.history,firm:3014752610,2024-03-12,2026-09-08T14:32:38Z,citation_topic,Cleaning SOP/inspection,,fda.citations.history,raw/fda.citations.history/2026/09/20260908T143238Z-4f77a2c64940.json.gz,1
fda.citations.history,firm:3014752610,2024-03-12,2026-09-08T14:32:38Z,citation_topic,"Investigations of discrepancies, failures",,fda.citations.history,raw/fda.citations.history/2026/09/20260908T143238Z-4f77a2c64940.json.gz,1
fda.citations.history,firm:3014752610,2024-03-12,2026-09-08T14:32:38Z,firm_key,GLAXOSMITHKLINE BIOLOGICALS,,fda.citations.history,raw/fda.citations.history/2026/09/20260908T143238Z-4f77a2c64940.json.gz,1
fda.citations.history,firm:3014752610,2024-03-12,2026-09-08T14:32:38Z,is_gmp,1,bool,fda.citations.history,raw/fda.citations.history/2026/09/20260908T143238Z-4f77a2c64940.json.gz,1
fda.citations.history,firm:3014752610,2024-03-12,2026-09-08T14:32:38Z,label,GlaxoSmithKline Biologicals,,fda.citations.history,raw/fda.citations.history/2026/09/20260908T143238Z-4f77a2c64940.json.gz,1
fda.citations.history,firm:3014773352,2024-03-30,2026-09-08T14:32:38Z,cfr,21 CFR 211.103,,fda.citations.history,raw/fda.citations.history/2026/09/20260908T143238Z-4f77a2c64940.json.gz,1
fda.citations.history,firm:3014773352,2024-03-30,2026-09-08T14:32:38Z,cfr,21 CFR 211.160(a),,fda.citations.history,raw/fda.citations.history/2026/09/20260908T143238Z-4f77a2c64940.json.gz,1
fda.citations.history,firm:3014773352,2024-03-30,2026-09-08T14:32:38Z,cfr,21 CFR 211.160(b),,fda.citations.history,raw/fda.citations.history/2026/09/20260908T143238Z-4f77a2c64940.json.gz,1
fda.citations.history,firm:3014773352,2024-03-30,2026-09-08T14:32:38Z,cfr,21 CFR 211.165(a),,fda.citations.history,raw/fda.citations.history/2026/09/20260908T143238Z-4f77a2c64940.json.gz,1
fda.citations.history,firm:3014773352,2024-03-30,2026-09-08T14:32:38Z,cfr,21 CFR 211.188(b)(12),,fda.citations.history,raw/fda.citations.history/2026/09/20260908T143238Z-4f77a2c64940.json.gz,1
fda.citations.history,firm:3014773352,2024-03-30,2026-09-08T14:32:38Z,cfr,21 CFR 211.192,,fda.citations.history,raw/fda.citations.history/2026/09/20260908T143238Z-4f77a2c64940.json.gz,1
fda.citations.history,firm:3014773352,2024-03-30,2026-09-08T14:32:38Z,cfr,21 CFR 211.22(a),,fda.citations.history,raw/fda.citations.history/2026/09/20260908T143238Z-4f77a2c64940.json.gz,1
fda.citations.history,firm:3014773352,2024-03-30,2026-09-08T14:32:38Z,cfr,21 CFR 211.52,,fda.citations.history,raw/fda.citations.history/2026/09/20260908T143238Z-4f77a2c64940.json.gz,1
fda.citations.history,firm:3014773352,2024-03-30,2026-09-08T14:32:38Z,cfr_part,211,part,fda.citations.history,raw/fda.citations.history/2026/09/20260908T143238Z-4f77a2c64940.json.gz,1
fda.citations.history,firm:3014773352,2024-03-30,2026-09-08T14:32:38Z,citation,1,count,fda.citations.history,raw/fda.citations.history/2026/09/20260908T143238Z-4f77a2c64940.json.gz,1
fda.citations.history,firm:3014773352,2024-03-30,2026-09-08T14:32:38Z,citation_topic,Actual vs. theoretical yields not determined,,fda.citations.history,raw/fda.citations.history/2026/09/20260908T143238Z-4f77a2c64940.json.gz,1
fda.citations.history,firm:3014773352,2024-03-30,2026-09-08T14:32:38Z,citation_topic,Following/documenting laboratory controls,,fda.citations.history,raw/fda.citations.history/2026/09/20260908T143238Z-4f77a2c64940.json.gz,1
fda.citations.history,firm:3014773352,2024-03-30,2026-09-08T14:32:38Z,citation_topic,Investigations made into any unexplained discrepancy,,fda.citations.history,raw/fda.citations.history/2026/09/20260908T143238Z-4f77a2c64940.json.gz,1
fda.citations.history,firm:3014773352,2024-03-30,2026-09-08T14:32:38Z,citation_topic,Lack of quality control unit,,fda.citations.history,raw/fda.citations.history/2026/09/20260908T143238Z-4f77a2c64940.json.gz,1
fda.citations.history,firm:3014773352,2024-03-30,2026-09-08T14:32:38Z,citation_topic,Quality control unit review of records,,fda.citations.history,raw/fda.citations.history/2026/09/20260908T143238Z-4f77a2c64940.json.gz,1
fda.citations.history,firm:3014773352,2024-03-30,2026-09-08T14:32:38Z,citation_topic,Scientifically sound laboratory controls,,fda.citations.history,raw/fda.citations.history/2026/09/20260908T143238Z-4f77a2c64940.json.gz,1
fda.citations.history,firm:3014773352,2024-03-30,2026-09-08T14:32:38Z,citation_topic,Testing and release for distribution,,fda.citations.history,raw/fda.citations.history/2026/09/20260908T143238Z-4f77a2c64940.json.gz,1
fda.citations.history,firm:3014773352,2024-03-30,2026-09-08T14:32:38Z,citation_topic,Washing and toilet facilities are deficient,,fda.citations.history,raw/fda.citations.history/2026/09/20260908T143238Z-4f77a2c64940.json.gz,1
fda.citations.history,firm:3014773352,2024-03-30,2026-09-08T14:32:38Z,firm_key,MMC HEALTHCARE,,fda.citations.history,raw/fda.citations.history/2026/09/20260908T143238Z-4f77a2c64940.json.gz,1
fda.citations.history,firm:3014773352,2024-03-30,2026-09-08T14:32:38Z,is_gmp,1,bool,fda.citations.history,raw/fda.citations.history/2026/09/20260908T143238Z-4f77a2c64940.json.gz,1
fda.citations.history,firm:3014773352,2024-03-30,2026-09-08T14:32:38Z,label,MMC HEALTHCARE LTD.,,fda.citations.history,raw/fda.citations.history/2026/09/20260908T143238Z-4f77a2c64940.json.gz,1
fda.citations.history,firm:3014866088,2024-03-08,2026-09-08T14:32:38Z,cfr,21 CFR 211.142(b),,fda.citations.history,raw/fda.citations.history/2026/09/20260908T143238Z-4f77a2c64940.json.gz,1
fda.citations.history,firm:3014866088,2024-03-08,2026-09-08T14:32:38Z,cfr,21 CFR 211.160(b),,fda.citations.history,raw/fda.citations.history/2026/09/20260908T143238Z-4f77a2c64940.json.gz,1
fda.citations.history,firm:3014866088,2024-03-08,2026-09-08T14:32:38Z,cfr,21 CFR 211.180(e)(1),,fda.citations.history,raw/fda.citations.history/2026/09/20260908T143238Z-4f77a2c64940.json.gz,1
fda.citations.history,firm:3014866088,2024-03-08,2026-09-08T14:32:38Z,cfr,21 CFR 211.192,,fda.citations.history,raw/fda.citations.history/2026/09/20260908T143238Z-4f77a2c64940.json.gz,1
fda.citations.history,firm:3014866088,2024-03-08,2026-09-08T14:32:38Z,cfr_part,211,part,fda.citations.history,raw/fda.citations.history/2026/09/20260908T143238Z-4f77a2c64940.json.gz,1
fda.citations.history,firm:3014866088,2024-03-08,2026-09-08T14:32:38Z,citation,1,count,fda.citations.history,raw/fda.citations.history/2026/09/20260908T143238Z-4f77a2c64940.json.gz,1
fda.citations.history,firm:3014866088,2024-03-08,2026-09-08T14:32:38Z,citation_topic,Review of representative number of batches,,fda.citations.history,raw/fda.citations.history/2026/09/20260908T143238Z-4f77a2c64940.json.gz,1
fda.citations.history,firm:3014866088,2024-03-08,2026-09-08T14:32:38Z,citation_topic,Scientifically sound laboratory controls,,fda.citations.history,raw/fda.citations.history/2026/09/20260908T143238Z-4f77a2c64940.json.gz,1
fda.citations.history,firm:3014866088,2024-03-08,2026-09-08T14:32:38Z,citation_topic,Storage under appropriate conditions,,fda.citations.history,raw/fda.citations.history/2026/09/20260908T143238Z-4f77a2c64940.json.gz,1
fda.citations.history,firm:3014866088,2024-03-08,2026-09-08T14:32:38Z,citation_topic,Written record of investigation incomplete,,fda.citations.history,raw/fda.citations.history/2026/09/20260908T143238Z-4f77a2c64940.json.gz,1
fda.citations.history,firm:3014866088,2024-03-08,2026-09-08T14:32:38Z,firm_key,ALEMBIC,,fda.citations.history,raw/fda.citations.history/2026/09/20260908T143238Z-4f77a2c64940.json.gz,1
fda.citations.history,firm:3014866088,2024-03-08,2026-09-08T14:32:38Z,is_gmp,1,bool,fda.citations.history,raw/fda.citations.history/2026/09/20260908T143238Z-4f77a2c64940.json.gz,1
fda.citations.history,firm:3014866088,2024-03-08,2026-09-08T14:32:38Z,label,Alembic Pharmaceuticals Limited,,fda.citations.history,raw/fda.citations.history/2026/09/20260908T143238Z-4f77a2c64940.json.gz,1
fda.citations.history,firm:3015365441,2024-03-15,2026-09-08T14:32:38Z,cfr,21 CFR 211.100(a),,fda.citations.history,raw/fda.citations.history/2026/09/20260908T143238Z-4f77a2c64940.json.gz,1
fda.citations.history,firm:3015365441,2024-03-15,2026-09-08T14:32:38Z,cfr,21 CFR 211.113(b),,fda.citations.history,raw/fda.citations.history/2026/09/20260908T143238Z-4f77a2c64940.json.gz,1
fda.citations.history,firm:3015365441,2024-03-15,2026-09-08T14:32:38Z,cfr,21 CFR 211.166(a),,fda.citations.history,raw/fda.citations.history/2026/09/20260908T143238Z-4f77a2c64940.json.gz,1
fda.citations.history,firm:3015365441,2024-03-15,2026-09-08T14:32:38Z,cfr,21 CFR 211.170(b),,fda.citations.history,raw/fda.citations.history/2026/09/20260908T143238Z-4f77a2c64940.json.gz,1
fda.citations.history,firm:3015365441,2024-03-15,2026-09-08T14:32:38Z,cfr,21 CFR 211.180(c),,fda.citations.history,raw/fda.citations.history/2026/09/20260908T143238Z-4f77a2c64940.json.gz,1
fda.citations.history,firm:3015365441,2024-03-15,2026-09-08T14:32:38Z,cfr,21 CFR 211.42(c)(10)(i),,fda.citations.history,raw/fda.citations.history/2026/09/20260908T143238Z-4f77a2c64940.json.gz,1
fda.citations.history,firm:3015365441,2024-03-15,2026-09-08T14:32:38Z,cfr,21 CFR 211.42(c)(10)(ii),,fda.citations.history,raw/fda.citations.history/2026/09/20260908T143238Z-4f77a2c64940.json.gz,1
fda.citations.history,firm:3015365441,2024-03-15,2026-09-08T14:32:38Z,cfr,21 CFR 211.42(c)(10)(v),,fda.citations.history,raw/fda.citations.history/2026/09/20260908T143238Z-4f77a2c64940.json.gz,1
fda.citations.history,firm:3015365441,2024-03-15,2026-09-08T14:32:38Z,cfr,21 CFR 211.42(c)(10)(vi),,fda.citations.history,raw/fda.citations.history/2026/09/20260908T143238Z-4f77a2c64940.json.gz,1
fda.citations.history,firm:3015365441,2024-03-15,2026-09-08T14:32:38Z,cfr,21 CFR 211.46(b),,fda.citations.history,raw/fda.citations.history/2026/09/20260908T143238Z-4f77a2c64940.json.gz,1
fda.citations.history,firm:3015365441,2024-03-15,2026-09-08T14:32:38Z,cfr,21 CFR 211.56(c),,fda.citations.history,raw/fda.citations.history/2026/09/20260908T143238Z-4f77a2c64940.json.gz,1
fda.citations.history,firm:3015365441,2024-03-15,2026-09-08T14:32:38Z,cfr,21 CFR 211.67(a),,fda.citations.history,raw/fda.citations.history/2026/09/20260908T143238Z-4f77a2c64940.json.gz,1
fda.citations.history,firm:3015365441,2024-03-15,2026-09-08T14:32:38Z,cfr,21 CFR 211.68(b),,fda.citations.history,raw/fda.citations.history/2026/09/20260908T143238Z-4f77a2c64940.json.gz,1
fda.citations.history,firm:3015365441,2024-03-15,2026-09-08T14:32:38Z,cfr,21 CFR 211.84(d)(2),,fda.citations.history,raw/fda.citations.history/2026/09/20260908T143238Z-4f77a2c64940.json.gz,1
fda.citations.history,firm:3015365441,2024-03-15,2026-09-08T14:32:38Z,cfr_part,211,part,fda.citations.history,raw/fda.citations.history/2026/09/20260908T143238Z-4f77a2c64940.json.gz,1
fda.citations.history,firm:3015365441,2024-03-15,2026-09-08T14:32:38Z,citation,1,count,fda.citations.history,raw/fda.citations.history/2026/09/20260908T143238Z-4f77a2c64940.json.gz,1
fda.citations.history,firm:3015365441,2024-03-15,2026-09-08T14:32:38Z,citation_topic,Absence of Written Procedures,,fda.citations.history,raw/fda.citations.history/2026/09/20260908T143238Z-4f77a2c64940.json.gz,1
fda.citations.history,firm:3015365441,2024-03-15,2026-09-08T14:32:38Z,citation_topic,Cleaning / Sanitizing / Maintenance,,fda.citations.history,raw/fda.citations.history/2026/09/20260908T143238Z-4f77a2c64940.json.gz,1
fda.citations.history,firm:3015365441,2024-03-15,2026-09-08T14:32:38Z,citation_topic,Cleaning System,,fda.citations.history,raw/fda.citations.history/2026/09/20260908T143238Z-4f77a2c64940.json.gz,1
fda.citations.history,firm:3015365441,2024-03-15,2026-09-08T14:32:38Z,citation_topic,Component identification test,,fda.citations.history,raw/fda.citations.history/2026/09/20260908T143238Z-4f77a2c64940.json.gz,1
fda.citations.history,firm:3015365441,2024-03-15,2026-09-08T14:32:38Z,citation_topic,Equipment for Environmental Control,,fda.citations.history,raw/fda.citations.history/2026/09/20260908T143238Z-4f77a2c64940.json.gz,1
fda.citations.history,firm:3015365441,2024-03-15,2026-09-08T14:32:38Z,citation_topic,Equipment to control conditions,,fda.citations.history,raw/fda.citations.history/2026/09/20260908T143238Z-4f77a2c64940.json.gz,1
fda.citations.history,firm:3015365441,2024-03-15,2026-09-08T14:32:38Z,citation_topic,"Floors, walls, ceiling surfaces",,fda.citations.history,raw/fda.citations.history/2026/09/20260908T143238Z-4f77a2c64940.json.gz,1
fda.citations.history,firm:3015365441,2024-03-15,2026-09-08T14:32:38Z,citation_topic,Lack of written stability program,,fda.citations.history,raw/fda.citations.history/2026/09/20260908T143238Z-4f77a2c64940.json.gz,1
fda.citations.history,firm:3015365441,2024-03-15,2026-09-08T14:32:38Z,citation_topic,Records not made readily available to FDA,,fda.citations.history,raw/fda.citations.history/2026/09/20260908T143238Z-4f77a2c64940.json.gz,1
fda.citations.history,firm:3015365441,2024-03-15,2026-09-08T14:32:38Z,citation_topic,"Reserve samples identified, representative, stored",,fda.citations.history,raw/fda.citations.history/2026/09/20260908T143238Z-4f77a2c64940.json.gz,1
fda.citations.history,firm:3015365441,2024-03-15,2026-09-08T14:32:38Z,citation_topic,Temperature / Humidity Controls,,fda.citations.history,raw/fda.citations.history/2026/09/20260908T143238Z-4f77a2c64940.json.gz,1
fda.citations.history,firm:3015365441,2024-03-15,2026-09-08T14:32:38Z,citation_topic,Validation lacking for sterile drug products,,fda.citations.history,raw/fda.citations.history/2026/09/20260908T143238Z-4f77a2c64940.json.gz,1
fda.citations.history,firm:3015365441,2024-03-15,2026-09-08T14:32:38Z,citation_topic,Written procedures lacking for use of pesticides etc.,,fda.citations.history,raw/fda.citations.history/2026/09/20260908T143238Z-4f77a2c64940.json.gz,1
fda.citations.history,firm:3015365441,2024-03-15,2026-09-08T14:32:38Z,citation_topic,input/output verification,,fda.citations.history,raw/fda.citations.history/2026/09/20260908T143238Z-4f77a2c64940.json.gz,1
fda.citations.history,firm:3015365441,2024-03-15,2026-09-08T14:32:38Z,firm_key,VITTI,,fda.citations.history,raw/fda.citations.history/2026/09/20260908T143238Z-4f77a2c64940.json.gz,1
fda.citations.history,firm:3015365441,2024-03-15,2026-09-08T14:32:38Z,is_gmp,1,bool,fda.citations.history,raw/fda.citations.history/2026/09/20260908T143238Z-4f77a2c64940.json.gz,1
fda.citations.history,firm:3015365441,2024-03-15,2026-09-08T14:32:38Z,label,"Vitti Labs, LLC",,fda.citations.history,raw/fda.citations.history/2026/09/20260908T143238Z-4f77a2c64940.json.gz,1
fda.citations.history,firm:3017140477,2024-03-01,2026-09-08T14:32:38Z,cfr,21 CFR 211.100(a),,fda.citations.history,raw/fda.citations.history/2026/09/20260908T143238Z-4f77a2c64940.json.gz,1
fda.citations.history,firm:3017140477,2024-03-01,2026-09-08T14:32:38Z,cfr,21 CFR 211.160(a),,fda.citations.history,raw/fda.citations.history/2026/09/20260908T143238Z-4f77a2c64940.json.gz,1
fda.citations.history,firm:3017140477,2024-03-01,2026-09-08T14:32:38Z,cfr,21 CFR 211.22(d),,fda.citations.history,raw/fda.citations.history/2026/09/20260908T143238Z-4f77a2c64940.json.gz,1
fda.citations.history,firm:3017140477,2024-03-01,2026-09-08T14:32:38Z,cfr,21 CFR 211.67(b),,fda.citations.history,raw/fda.citations.history/2026/09/20260908T143238Z-4f77a2c64940.json.gz,1
fda.citations.history,firm:3017140477,2024-03-01,2026-09-08T14:32:38Z,cfr_part,211,part,fda.citations.history,raw/fda.citations.history/2026/09/20260908T143238Z-4f77a2c64940.json.gz,1
fda.citations.history,firm:3017140477,2024-03-01,2026-09-08T14:32:38Z,citation,1,count,fda.citations.history,raw/fda.citations.history/2026/09/20260908T143238Z-4f77a2c64940.json.gz,1
fda.citations.history,firm:3017140477,2024-03-01,2026-09-08T14:32:38Z,citation_topic,Absence of Written Procedures,,fda.citations.history,raw/fda.citations.history/2026/09/20260908T143238Z-4f77a2c64940.json.gz,1
fda.citations.history,firm:3017140477,2024-03-01,2026-09-08T14:32:38Z,citation_topic,Deviations from laboratory control requirements,,fda.citations.history,raw/fda.citations.history/2026/09/20260908T143238Z-4f77a2c64940.json.gz,1
fda.citations.history,firm:3017140477,2024-03-01,2026-09-08T14:32:38Z,citation_topic,"Procedures not  in writing, fully followed",,fda.citations.history,raw/fda.citations.history/2026/09/20260908T143238Z-4f77a2c64940.json.gz,1
fda.citations.history,firm:3017140477,2024-03-01,2026-09-08T14:32:38Z,citation_topic,Written procedures not established/followed,,fda.citations.history,raw/fda.citations.history/2026/09/20260908T143238Z-4f77a2c64940.json.gz,1
fda.citations.history,firm:3017140477,2024-03-01,2026-09-08T14:32:38Z,firm_key,LGM SOLUTIONS,,fda.citations.history,raw/fda.citations.history/2026/09/20260908T143238Z-4f77a2c64940.json.gz,1
fda.citations.history,firm:3017140477,2024-03-01,2026-09-08T14:32:38Z,is_gmp,1,bool,fda.citations.history,raw/fda.citations.history/2026/09/20260908T143238Z-4f77a2c64940.json.gz,1
fda.citations.history,firm:3017140477,2024-03-01,2026-09-08T14:32:38Z,label,"LGM Pharma Solutions, LLC",,fda.citations.history,raw/fda.citations.history/2026/09/20260908T143238Z-4f77a2c64940.json.gz,1
fda.citations.history,firm:3017670223,2024-03-28,2026-09-08T14:32:38Z,cfr,21 CFR 314.80(c)(1)(i),,fda.citations.history,raw/fda.citations.history/2026/09/20260908T143238Z-4f77a2c64940.json.gz,1
fda.citations.history,firm:3017670223,2024-03-28,2026-09-08T14:32:38Z,cfr,21 CFR 314.80(c)(1)(ii),,fda.citations.history,raw/fda.citations.history/2026/09/20260908T143238Z-4f77a2c64940.json.gz,1
fda.citations.history,firm:3017670223,2024-03-28,2026-09-08T14:32:38Z,cfr,21 CFR 314.80(d),,fda.citations.history,raw/fda.citations.history/2026/09/20260908T143238Z-4f77a2c64940.json.gz,1
fda.citations.history,firm:3017670223,2024-03-28,2026-09-08T14:32:38Z,cfr_part,314,part,fda.citations.history,raw/fda.citations.history/2026/09/20260908T143238Z-4f77a2c64940.json.gz,1
fda.citations.history,firm:3017670223,2024-03-28,2026-09-08T14:32:38Z,citation,1,count,fda.citations.history,raw/fda.citations.history/2026/09/20260908T143238Z-4f77a2c64940.json.gz,1
fda.citations.history,firm:3017670223,2024-03-28,2026-09-08T14:32:38Z,citation_topic,Failure to submit scientific article,,fda.citations.history,raw/fda.citations.history/2026/09/20260908T143238Z-4f77a2c64940.json.gz,1
fda.citations.history,firm:3017670223,2024-03-28,2026-09-08T14:32:38Z,citation_topic,Late submission of 15-day report,,fda.citations.history,raw/fda.citations.history/2026/09/20260908T143238Z-4f77a2c64940.json.gz,1
fda.citations.history,firm:3017670223,2024-03-28,2026-09-08T14:32:38Z,citation_topic,Submission of report follow-up,,fda.citations.history,raw/fda.citations.history/2026/09/20260908T143238Z-4f77a2c64940.json.gz,1
fda.citations.history,firm:3017670223,2024-03-28,2026-09-08T14:32:38Z,firm_key,WOODWARD SERVICES,,fda.citations.history,raw/fda.citations.history/2026/09/20260908T143238Z-4f77a2c64940.json.gz,1
fda.citations.history,firm:3017670223,2024-03-28,2026-09-08T14:32:38Z,is_gmp,0,bool,fda.citations.history,raw/fda.citations.history/2026/09/20260908T143238Z-4f77a2c64940.json.gz,1
fda.citations.history,firm:3017670223,2024-03-28,2026-09-08T14:32:38Z,label,Woodward Pharma Services LLC,,fda.citations.history,raw/fda.citations.history/2026/09/20260908T143238Z-4f77a2c64940.json.gz,1
fda.citations.history,firm:3018748915,2024-03-08,2026-09-08T14:32:38Z,cfr,21 CFR 211.100(a),,fda.citations.history,raw/fda.citations.history/2026/09/20260908T143238Z-4f77a2c64940.json.gz,1
fda.citations.history,firm:3018748915,2024-03-08,2026-09-08T14:32:38Z,cfr,21 CFR 211.110(a),,fda.citations.history,raw/fda.citations.history/2026/09/20260908T143238Z-4f77a2c64940.json.gz,1
fda.citations.history,firm:3018748915,2024-03-08,2026-09-08T14:32:38Z,cfr,21 CFR 211.113(b),,fda.citations.history,raw/fda.citations.history/2026/09/20260908T143238Z-4f77a2c64940.json.gz,1
fda.citations.history,firm:3018748915,2024-03-08,2026-09-08T14:32:38Z,cfr,21 CFR 211.142(b),,fda.citations.history,raw/fda.citations.history/2026/09/20260908T143238Z-4f77a2c64940.json.gz,1
fda.citations.history,firm:3018748915,2024-03-08,2026-09-08T14:32:38Z,cfr,21 CFR 211.165(a),,fda.citations.history,raw/fda.citations.history/2026/09/20260908T143238Z-4f77a2c64940.json.gz,1
fda.citations.history,firm:3018748915,2024-03-08,2026-09-08T14:32:38Z,cfr,21 CFR 211.166(a),,fda.citations.history,raw/fda.citations.history/2026/09/20260908T143238Z-4f77a2c64940.json.gz,1
fda.citations.history,firm:3018748915,2024-03-08,2026-09-08T14:32:38Z,cfr,21 CFR 211.188,,fda.citations.history,raw/fda.citations.history/2026/09/20260908T143238Z-4f77a2c64940.json.gz,1
fda.citations.history,firm:3018748915,2024-03-08,2026-09-08T14:32:38Z,cfr,21 CFR 211.192,,fda.citations.history,raw/fda.citations.history/2026/09/20260908T143238Z-4f77a2c64940.json.gz,1
fda.citations.history,firm:3018748915,2024-03-08,2026-09-08T14:32:38Z,cfr,21 CFR 211.196,,fda.citations.history,raw/fda.citations.history/2026/09/20260908T143238Z-4f77a2c64940.json.gz,1
fda.citations.history,firm:3018748915,2024-03-08,2026-09-08T14:32:38Z,cfr,21 CFR 211.198(a),,fda.citations.history,raw/fda.citations.history/2026/09/20260908T143238Z-4f77a2c64940.json.gz,1
fda.citations.history,firm:3018748915,2024-03-08,2026-09-08T14:32:38Z,cfr,21 CFR 211.42(c)(10)(iv),,fda.citations.history,raw/fda.citations.history/2026/09/20260908T143238Z-4f77a2c64940.json.gz,1
fda.citations.history,firm:3018748915,2024-03-08,2026-09-08T14:32:38Z,cfr,21 CFR 211.42(c)(10)(v),,fda.citations.history,raw/fda.citations.history/2026/09/20260908T143238Z-4f77a2c64940.json.gz,1
fda.citations.history,firm:3018748915,2024-03-08,2026-09-08T14:32:38Z,cfr,21 CFR 211.84(d)(2),,fda.citations.history,raw/fda.citations.history/2026/09/20260908T143238Z-4f77a2c64940.json.gz,1
fda.citations.history,firm:3018748915,2024-03-08,2026-09-08T14:32:38Z,cfr,21 CFR 211.87,,fda.citations.history,raw/fda.citations.history/2026/09/20260908T143238Z-4f77a2c64940.json.gz,1
fda.citations.history,firm:3018748915,2024-03-08,2026-09-08T14:32:38Z,cfr_part,211,part,fda.citations.history,raw/fda.citations.history/2026/09/20260908T143238Z-4f77a2c64940.json.gz,1
fda.citations.history,firm:3018748915,2024-03-08,2026-09-08T14:32:38Z,citation,1,count,fda.citations.history,raw/fda.citations.history/2026/09/20260908T143238Z-4f77a2c64940.json.gz,1
fda.citations.history,firm:3018748915,2024-03-08,2026-09-08T14:32:38Z,citation_topic,Absence of Written Procedures,,fda.citations.history,raw/fda.citations.history/2026/09/20260908T143238Z-4f77a2c64940.json.gz,1
fda.citations.history,firm:3018748915,2024-03-08,2026-09-08T14:32:38Z,citation_topic,Cleaning System,,fda.citations.history,raw/fda.citations.history/2026/09/20260908T143238Z-4f77a2c64940.json.gz,1
fda.citations.history,firm:3018748915,2024-03-08,2026-09-08T14:32:38Z,citation_topic,Complaint Handling Procedure,,fda.citations.history,raw/fda.citations.history/2026/09/20260908T143238Z-4f77a2c64940.json.gz,1
fda.citations.history,firm:3018748915,2024-03-08,2026-09-08T14:32:38Z,citation_topic,Distribution Record Requirements,,fda.citations.history,raw/fda.citations.history/2026/09/20260908T143238Z-4f77a2c64940.json.gz,1
fda.citations.history,firm:3018748915,2024-03-08,2026-09-08T14:32:38Z,citation_topic,Environmental Monitoring System,,fda.citations.history,raw/fda.citations.history/2026/09/20260908T143238Z-4f77a2c64940.json.gz,1
fda.citations.history,firm:3018748915,2024-03-08,2026-09-08T14:32:38Z,citation_topic,"Investigations of discrepancies, failures",,fda.citations.history,raw/fda.citations.history/2026/09/20260908T143238Z-4f77a2c64940.json.gz,1
fda.citations.history,firm:3018748915,2024-03-08,2026-09-08T14:32:38Z,citation_topic,Lack of written stability program,,fda.citations.history,raw/fda.citations.history/2026/09/20260908T143238Z-4f77a2c64940.json.gz,1
fda.citations.history,firm:3018748915,2024-03-08,2026-09-08T14:32:38Z,citation_topic,"Prepared for each batch, include complete information",,fda.citations.history,raw/fda.citations.history/2026/09/20260908T143238Z-4f77a2c64940.json.gz,1
fda.citations.history,firm:3018748915,2024-03-08,2026-09-08T14:32:38Z,citation_topic,Procedures for sterile drug products,,fda.citations.history,raw/fda.citations.history/2026/09/20260908T143238Z-4f77a2c64940.json.gz,1
fda.citations.history,firm:3018748915,2024-03-08,2026-09-08T14:32:38Z,citation_topic,Retest of approved components/containers/closures,,fda.citations.history,raw/fda.citations.history/2026/09/20260908T143238Z-4f77a2c64940.json.gz,1
fda.citations.history,firm:3018748915,2024-03-08,2026-09-08T14:32:38Z,citation_topic,Storage under appropriate conditions,,fda.citations.history,raw/fda.citations.history/2026/09/20260908T143238Z-4f77a2c64940.json.gz,1
fda.citations.history,firm:3018748915,2024-03-08,2026-09-08T14:32:38Z,citation_topic,Testing Each Component for Conformity with Specs,,fda.citations.history,raw/fda.citations.history/2026/09/20260908T143238Z-4f77a2c64940.json.gz,1
fda.citations.history,firm:3018748915,2024-03-08,2026-09-08T14:32:38Z,citation_topic,Testing and release for distribution,,fda.citations.history,raw/fda.citations.history/2026/09/20260908T143238Z-4f77a2c64940.json.gz,1
fda.citations.history,firm:3018748915,2024-03-08,2026-09-08T14:32:38Z,citation_topic,Written in-process control procedures,,fda.citations.history,raw/fda.citations.history/2026/09/20260908T143238Z-4f77a2c64940.json.gz,1
fda.citations.history,firm:3018748915,2024-03-08,2026-09-08T14:32:38Z,firm_key,FRONTIER BIOLOGICS,,fda.citations.history,raw/fda.citations.history/2026/09/20260908T143238Z-4f77a2c64940.json.gz,1
fda.citations.history,firm:3018748915,2024-03-08,2026-09-08T14:32:38Z,is_gmp,1,bool,fda.citations.history,raw/fda.citations.history/2026/09/20260908T143238Z-4f77a2c64940.json.gz,1
fda.citations.history,firm:3018748915,2024-03-08,2026-09-08T14:32:38Z,label,Frontier Biologics LLC,,fda.citations.history,raw/fda.citations.history/2026/09/20260908T143238Z-4f77a2c64940.json.gz,1
fda.citations.history,firm:3021091668,2024-03-01,2026-09-08T14:32:38Z,cfr,21 CFR 211.100(a),,fda.citations.history,raw/fda.citations.history/2026/09/20260908T143238Z-4f77a2c64940.json.gz,1
fda.citations.history,firm:3021091668,2024-03-01,2026-09-08T14:32:38Z,cfr,21 CFR 211.101(d),,fda.citations.history,raw/fda.citations.history/2026/09/20260908T143238Z-4f77a2c64940.json.gz,1
fda.citations.history,firm:3021091668,2024-03-01,2026-09-08T14:32:38Z,cfr,21 CFR 211.165(a),,fda.citations.history,raw/fda.citations.history/2026/09/20260908T143238Z-4f77a2c64940.json.gz,1
fda.citations.history,firm:3021091668,2024-03-01,2026-09-08T14:32:38Z,cfr,21 CFR 211.166(b),,fda.citations.history,raw/fda.citations.history/2026/09/20260908T143238Z-4f77a2c64940.json.gz,1
fda.citations.history,firm:3021091668,2024-03-01,2026-09-08T14:32:38Z,cfr,21 CFR 211.180(e)(1),,fda.citations.history,raw/fda.citations.history/2026/09/20260908T143238Z-4f77a2c64940.json.gz,1
fda.citations.history,firm:3021091668,2024-03-01,2026-09-08T14:32:38Z,cfr,21 CFR 211.188(b),,fda.citations.history,raw/fda.citations.history/2026/09/20260908T143238Z-4f77a2c64940.json.gz,1
fda.citations.history,firm:3021091668,2024-03-01,2026-09-08T14:32:38Z,cfr,21 CFR 211.192,,fda.citations.history,raw/fda.citations.history/2026/09/20260908T143238Z-4f77a2c64940.json.gz,1
fda.citations.history,firm:3021091668,2024-03-01,2026-09-08T14:32:38Z,cfr,21 CFR 211.22(a),,fda.citations.history,raw/fda.citations.history/2026/09/20260908T143238Z-4f77a2c64940.json.gz,1
fda.citations.history,firm:3021091668,2024-03-01,2026-09-08T14:32:38Z,cfr,21 CFR 211.25(a),,fda.citations.history,raw/fda.citations.history/2026/09/20260908T143238Z-4f77a2c64940.json.gz,1
fda.citations.history,firm:3021091668,2024-03-01,2026-09-08T14:32:38Z,cfr,21 CFR 211.58,,fda.citations.history,raw/fda.citations.history/2026/09/20260908T143238Z-4f77a2c64940.json.gz,1
fda.citations.history,firm:3021091668,2024-03-01,2026-09-08T14:32:38Z,cfr,21 CFR 211.63,,fda.citations.history,raw/fda.citations.history/2026/09/20260908T143238Z-4f77a2c64940.json.gz,1
fda.citations.history,firm:3021091668,2024-03-01,2026-09-08T14:32:38Z,cfr,21 CFR 211.67(b),,fda.citations.history,raw/fda.citations.history/2026/09/20260908T143238Z-4f77a2c64940.json.gz,1
fda.citations.history,firm:3021091668,2024-03-01,2026-09-08T14:32:38Z,cfr,21 CFR 211.84(d)(1),,fda.citations.history,raw/fda.citations.history/2026/09/20260908T143238Z-4f77a2c64940.json.gz,1
fda.citations.history,firm:3021091668,2024-03-01,2026-09-08T14:32:38Z,cfr_part,211,part,fda.citations.history,raw/fda.citations.history/2026/09/20260908T143238Z-4f77a2c64940.json.gz,1
fda.citations.history,firm:3021091668,2024-03-01,2026-09-08T14:32:38Z,citation,1,count,fda.citations.history,raw/fda.citations.history/2026/09/20260908T143238Z-4f77a2c64940.json.gz,1
fda.citations.history,firm:3021091668,2024-03-01,2026-09-08T14:32:38Z,citation_topic,Absence of Written Procedures,,fda.citations.history,raw/fda.citations.history/2026/09/20260908T143238Z-4f77a2c64940.json.gz,1
fda.citations.history,firm:3021091668,2024-03-01,2026-09-08T14:32:38Z,citation_topic,Adequate number of batches on stability,,fda.citations.history,raw/fda.citations.history/2026/09/20260908T143238Z-4f77a2c64940.json.gz,1
fda.citations.history,firm:3021091668,2024-03-01,2026-09-08T14:32:38Z,citation_topic,Batch production and Batch Control Record Requirements,,fda.citations.history,raw/fda.citations.history/2026/09/20260908T143238Z-4f77a2c64940.json.gz,1
fda.citations.history,firm:3021091668,2024-03-01,2026-09-08T14:32:38Z,citation_topic,Buildings not maintained in good state of repair,,fda.citations.history,raw/fda.citations.history/2026/09/20260908T143238Z-4f77a2c64940.json.gz,1
fda.citations.history,firm:3021091668,2024-03-01,2026-09-08T14:32:38Z,citation_topic,Component identity verification,,fda.citations.history,raw/fda.citations.history/2026/09/20260908T143238Z-4f77a2c64940.json.gz,1
fda.citations.history,firm:3021091668,2024-03-01,2026-09-08T14:32:38Z,citation_topic,"Equipment Design, Size and Location",,fda.citations.history,raw/fda.citations.history/2026/09/20260908T143238Z-4f77a2c64940.json.gz,1
fda.citations.history,firm:3021091668,2024-03-01,2026-09-08T14:32:38Z,citation_topic,"Investigations of discrepancies, failures",,fda.citations.history,raw/fda.citations.history/2026/09/20260908T143238Z-4f77a2c64940.json.gz,1
fda.citations.history,firm:3021091668,2024-03-01,2026-09-08T14:32:38Z,citation_topic,Lack of quality control unit,,fda.citations.history,raw/fda.citations.history/2026/09/20260908T143238Z-4f77a2c64940.json.gz,1
fda.citations.history,firm:3021091668,2024-03-01,2026-09-08T14:32:38Z,citation_topic,Review of representative number of batches,,fda.citations.history,raw/fda.citations.history/2026/09/20260908T143238Z-4f77a2c64940.json.gz,1
fda.citations.history,firm:3021091668,2024-03-01,2026-09-08T14:32:38Z,citation_topic,Testing and release for distribution,,fda.citations.history,raw/fda.citations.history/2026/09/20260908T143238Z-4f77a2c64940.json.gz,1
fda.citations.history,firm:3021091668,2024-03-01,2026-09-08T14:32:38Z,citation_topic,"Training , Education , Experience overall",,fda.citations.history,raw/fda.citations.history/2026/09/20260908T143238Z-4f77a2c64940.json.gz,1
fda.citations.history,firm:3021091668,2024-03-01,2026-09-08T14:32:38Z,citation_topic,Verification of component addition,,fda.citations.history,raw/fda.citations.history/2026/09/20260908T143238Z-4f77a2c64940.json.gz,1
fda.citations.history,firm:3021091668,2024-03-01,2026-09-08T14:32:38Z,citation_topic,Written procedures not established/followed,,fda.citations.history,raw/fda.citations.history/2026/09/20260908T143238Z-4f77a2c64940.json.gz,1
fda.citations.history,firm:3021091668,2024-03-01,2026-09-08T14:32:38Z,firm_key,KAYLAAN,,fda.citations.history,raw/fda.citations.history/2026/09/20260908T143238Z-4f77a2c64940.json.gz,1
fda.citations.history,firm:3021091668,2024-03-01,2026-09-08T14:32:38Z,is_gmp,1,bool,fda.citations.history,raw/fda.citations.history/2026/09/20260908T143238Z-4f77a2c64940.json.gz,1
fda.citations.history,firm:3021091668,2024-03-01,2026-09-08T14:32:38Z,label,Kaylaan LLC,,fda.citations.history,raw/fda.citations.history/2026/09/20260908T143238Z-4f77a2c64940.json.gz,1
fda.citations.history,firm:3023533273,2024-03-08,2026-09-08T14:32:38Z,cfr,21 CFR 211.180(c),,fda.citations.history,raw/fda.citations.history/2026/09/20260908T143238Z-4f77a2c64940.json.gz,1
fda.citations.history,firm:3023533273,2024-03-08,2026-09-08T14:32:38Z,cfr_part,211,part,fda.citations.history,raw/fda.citations.history/2026/09/20260908T143238Z-4f77a2c64940.json.gz,1
fda.citations.history,firm:3023533273,2024-03-08,2026-09-08T14:32:38Z,citation,1,count,fda.citations.history,raw/fda.citations.history/2026/09/20260908T143238Z-4f77a2c64940.json.gz,1
fda.citations.history,firm:3023533273,2024-03-08,2026-09-08T14:32:38Z,citation_topic,Records not made readily available to FDA,,fda.citations.history,raw/fda.citations.history/2026/09/20260908T143238Z-4f77a2c64940.json.gz,1
fda.citations.history,firm:3023533273,2024-03-08,2026-09-08T14:32:38Z,firm_key,SURE BIOCHEM,,fda.citations.history,raw/fda.citations.history/2026/09/20260908T143238Z-4f77a2c64940.json.gz,1
fda.citations.history,firm:3023533273,2024-03-08,2026-09-08T14:32:38Z,is_gmp,1,bool,fda.citations.history,raw/fda.citations.history/2026/09/20260908T143238Z-4f77a2c64940.json.gz,1
fda.citations.history,firm:3023533273,2024-03-08,2026-09-08T14:32:38Z,label,"Sure-Biochem Laboratories, LLC",,fda.citations.history,raw/fda.citations.history/2026/09/20260908T143238Z-4f77a2c64940.json.gz,1
fda.complianceactions.drugs,firm:2431841,2024-03-21,2026-09-07T21:01:42Z,action_taken,20240321,yyyymmdd,fda.complianceactions.drugs,raw/fda.complianceactions.drugs/2026/09/20260907T210142Z-90b93f350b34.json.gz,1
fda.complianceactions.drugs,firm:2431841,2024-03-21,2026-09-07T21:01:42Z,action_warning_letter,1,count,fda.complianceactions.drugs,raw/fda.complianceactions.drugs/2026/09/20260907T210142Z-90b93f350b34.json.gz,1
fda.complianceactions.drugs,firm:2431841,2024-03-21,2026-09-07T21:01:42Z,compliance_action,1,count,fda.complianceactions.drugs,raw/fda.complianceactions.drugs/2026/09/20260907T210142Z-90b93f350b34.json.gz,1
fda.complianceactions.drugs,firm:2431841,2024-03-21,2026-09-07T21:01:42Z,firm_key,N Y S PSYCHIATRIC INSTITUTE IRB,,fda.complianceactions.drugs,raw/fda.complianceactions.drugs/2026/09/20260907T210142Z-90b93f350b34.json.gz,1
fda.complianceactions.drugs,firm:2431841,2024-03-21,2026-09-07T21:01:42Z,is_foreign,0,bool,fda.complianceactions.drugs,raw/fda.complianceactions.drugs/2026/09/20260907T210142Z-90b93f350b34.json.gz,1
fda.complianceactions.drugs,firm:2431841,2024-03-21,2026-09-07T21:01:42Z,label,N.Y.S. Psychiatric Institute IRB,,fda.complianceactions.drugs,raw/fda.complianceactions.drugs/2026/09/20260907T210142Z-90b93f350b34.json.gz,1
fda.complianceactions.drugs,firm:3002718545,2024-03-27,2026-09-07T21:01:42Z,action_taken,20240327,yyyymmdd,fda.complianceactions.drugs,raw/fda.complianceactions.drugs/2026/09/20260907T210142Z-90b93f350b34.json.gz,1
fda.complianceactions.drugs,firm:3002718545,2024-03-27,2026-09-07T21:01:42Z,action_warning_letter,1,count,fda.complianceactions.drugs,raw/fda.complianceactions.drugs/2026/09/20260907T210142Z-90b93f350b34.json.gz,1
fda.complianceactions.drugs,firm:3002718545,2024-03-27,2026-09-07T21:01:42Z,compliance_action,1,count,fda.complianceactions.drugs,raw/fda.complianceactions.drugs/2026/09/20260907T210142Z-90b93f350b34.json.gz,1
fda.complianceactions.drugs,firm:3002718545,2024-03-27,2026-09-07T21:01:42Z,firm_key,VINTAGE CHEMICAL,,fda.complianceactions.drugs,raw/fda.complianceactions.drugs/2026/09/20260907T210142Z-90b93f350b34.json.gz,1
fda.complianceactions.drugs,firm:3002718545,2024-03-27,2026-09-07T21:01:42Z,is_foreign,0,bool,fda.complianceactions.drugs,raw/fda.complianceactions.drugs/2026/09/20260907T210142Z-90b93f350b34.json.gz,1
fda.complianceactions.drugs,firm:3002718545,2024-03-27,2026-09-07T21:01:42Z,label,"Vintage Chemical, Inc.",,fda.complianceactions.drugs,raw/fda.complianceactions.drugs/2026/09/20260907T210142Z-90b93f350b34.json.gz,1
fda.complianceactions.drugs,firm:3009590582,2024-03-29,2026-09-07T21:01:42Z,action_taken,20240329,yyyymmdd,fda.complianceactions.drugs,raw/fda.complianceactions.drugs/2026/09/20260907T210142Z-90b93f350b34.json.gz,1
fda.complianceactions.drugs,firm:3009590582,2024-03-29,2026-09-07T21:01:42Z,action_warning_letter,1,count,fda.complianceactions.drugs,raw/fda.complianceactions.drugs/2026/09/20260907T210142Z-90b93f350b34.json.gz,1
fda.complianceactions.drugs,firm:3009590582,2024-03-29,2026-09-07T21:01:42Z,compliance_action,1,count,fda.complianceactions.drugs,raw/fda.complianceactions.drugs/2026/09/20260907T210142Z-90b93f350b34.json.gz,1
fda.complianceactions.drugs,firm:3009590582,2024-03-29,2026-09-07T21:01:42Z,firm_key,CENTRAL ADMIXTURE PHARMACY SERVICES,,fda.complianceactions.drugs,raw/fda.complianceactions.drugs/2026/09/20260907T210142Z-90b93f350b34.json.gz,1
fda.complianceactions.drugs,firm:3009590582,2024-03-29,2026-09-07T21:01:42Z,is_foreign,0,bool,fda.complianceactions.drugs,raw/fda.complianceactions.drugs/2026/09/20260907T210142Z-90b93f350b34.json.gz,1
fda.complianceactions.drugs,firm:3009590582,2024-03-29,2026-09-07T21:01:42Z,label,"Central Admixture Pharmacy Services, Inc.",,fda.complianceactions.drugs,raw/fda.complianceactions.drugs/2026/09/20260907T210142Z-90b93f350b34.json.gz,1
fda.complianceactions.drugs,firm:3011853060,2024-03-28,2026-09-07T21:01:42Z,action_taken,20240328,yyyymmdd,fda.complianceactions.drugs,raw/fda.complianceactions.drugs/2026/09/20260907T210142Z-90b93f350b34.json.gz,1
fda.complianceactions.drugs,firm:3011853060,2024-03-28,2026-09-07T21:01:42Z,action_warning_letter,1,count,fda.complianceactions.drugs,raw/fda.complianceactions.drugs/2026/09/20260907T210142Z-90b93f350b34.json.gz,1
fda.complianceactions.drugs,firm:3011853060,2024-03-28,2026-09-07T21:01:42Z,compliance_action,1,count,fda.complianceactions.drugs,raw/fda.complianceactions.drugs/2026/09/20260907T210142Z-90b93f350b34.json.gz,1
fda.complianceactions.drugs,firm:3011853060,2024-03-28,2026-09-07T21:01:42Z,firm_key,KILITCH HEALTHCARE INDIA,,fda.complianceactions.drugs,raw/fda.complianceactions.drugs/2026/09/20260907T210142Z-90b93f350b34.json.gz,1
fda.complianceactions.drugs,firm:3011853060,2024-03-28,2026-09-07T21:01:42Z,is_foreign,1,bool,fda.complianceactions.drugs,raw/fda.complianceactions.drugs/2026/09/20260907T210142Z-90b93f350b34.json.gz,1
fda.complianceactions.drugs,firm:3011853060,2024-03-28,2026-09-07T21:01:42Z,label,Kilitch Healthcare India Limited,,fda.complianceactions.drugs,raw/fda.complianceactions.drugs/2026/09/20260907T210142Z-90b93f350b34.json.gz,1
fda.complianceactions.drugs,firm:3013042669,2024-03-19,2026-09-07T21:01:42Z,action_taken,20240319,yyyymmdd,fda.complianceactions.drugs,raw/fda.complianceactions.drugs/2026/09/20260907T210142Z-90b93f350b34.json.gz,1
fda.complianceactions.drugs,firm:3013042669,2024-03-19,2026-09-07T21:01:42Z,action_warning_letter,1,count,fda.complianceactions.drugs,raw/fda.complianceactions.drugs/2026/09/20260907T210142Z-90b93f350b34.json.gz,1
fda.complianceactions.drugs,firm:3013042669,2024-03-19,2026-09-07T21:01:42Z,compliance_action,1,count,fda.complianceactions.drugs,raw/fda.complianceactions.drugs/2026/09/20260907T210142Z-90b93f350b34.json.gz,1
fda.complianceactions.drugs,firm:3013042669,2024-03-19,2026-09-07T21:01:42Z,firm_key,DEQING JIAROU DAILY CHEMICAL,,fda.complianceactions.drugs,raw/fda.complianceactions.drugs/2026/09/20260907T210142Z-90b93f350b34.json.gz,1
fda.complianceactions.drugs,firm:3013042669,2024-03-19,2026-09-07T21:01:42Z,is_foreign,1,bool,fda.complianceactions.drugs,raw/fda.complianceactions.drugs/2026/09/20260907T210142Z-90b93f350b34.json.gz,1
fda.complianceactions.drugs,firm:3013042669,2024-03-19,2026-09-07T21:01:42Z,label,"Deqing Jiarou Daily Chemical Co., Ltd",,fda.complianceactions.drugs,raw/fda.complianceactions.drugs/2026/09/20260907T210142Z-90b93f350b34.json.gz,1
fda.complianceactions.drugs,firm:3014307835,2024-03-25,2026-09-07T21:01:42Z,action_taken,20240325,yyyymmdd,fda.complianceactions.drugs,raw/fda.complianceactions.drugs/2026/09/20260907T210142Z-90b93f350b34.json.gz,1
fda.complianceactions.drugs,firm:3014307835,2024-03-25,2026-09-07T21:01:42Z,action_warning_letter,1,count,fda.complianceactions.drugs,raw/fda.complianceactions.drugs/2026/09/20260907T210142Z-90b93f350b34.json.gz,1
fda.complianceactions.drugs,firm:3014307835,2024-03-25,2026-09-07T21:01:42Z,compliance_action,1,count,fda.complianceactions.drugs,raw/fda.complianceactions.drugs/2026/09/20260907T210142Z-90b93f350b34.json.gz,1
fda.complianceactions.drugs,firm:3014307835,2024-03-25,2026-09-07T21:01:42Z,firm_key,CENTRAL ADMIXTURE PHARMACY SERVICES,,fda.complianceactions.drugs,raw/fda.complianceactions.drugs/2026/09/20260907T210142Z-90b93f350b34.json.gz,1
fda.complianceactions.drugs,firm:3014307835,2024-03-25,2026-09-07T21:01:42Z,is_foreign,0,bool,fda.complianceactions.drugs,raw/fda.complianceactions.drugs/2026/09/20260907T210142Z-90b93f350b34.json.gz,1
fda.complianceactions.drugs,firm:3014307835,2024-03-25,2026-09-07T21:01:42Z,label,"Central Admixture Pharmacy Services, Inc.",,fda.complianceactions.drugs,raw/fda.complianceactions.drugs/2026/09/20260907T210142Z-90b93f350b34.json.gz,1
fda.complianceactions.drugs,firm:3015204327,2024-03-25,2026-09-07T21:01:42Z,action_taken,20240325,yyyymmdd,fda.complianceactions.drugs,raw/fda.complianceactions.drugs/2026/09/20260907T210142Z-90b93f350b34.json.gz,1
fda.complianceactions.drugs,firm:3015204327,2024-03-25,2026-09-07T21:01:42Z,action_warning_letter,1,count,fda.complianceactions.drugs,raw/fda.complianceactions.drugs/2026/09/20260907T210142Z-90b93f350b34.json.gz,1
fda.complianceactions.drugs,firm:3015204327,2024-03-25,2026-09-07T21:01:42Z,compliance_action,1,count,fda.complianceactions.drugs,raw/fda.complianceactions.drugs/2026/09/20260907T210142Z-90b93f350b34.json.gz,1
fda.complianceactions.drugs,firm:3015204327,2024-03-25,2026-09-07T21:01:42Z,firm_key,INDELICARE DBA INK EEZE,,fda.complianceactions.drugs,raw/fda.complianceactions.drugs/2026/09/20260907T210142Z-90b93f350b34.json.gz,1
fda.complianceactions.drugs,firm:3015204327,2024-03-25,2026-09-07T21:01:42Z,is_foreign,0,bool,fda.complianceactions.drugs,raw/fda.complianceactions.drugs/2026/09/20260907T210142Z-90b93f350b34.json.gz,1
fda.complianceactions.drugs,firm:3015204327,2024-03-25,2026-09-07T21:01:42Z,label,INDELICARE DBA INK-EEZE,,fda.complianceactions.drugs,raw/fda.complianceactions.drugs/2026/09/20260907T210142Z-90b93f350b34.json.gz,1
fda.complianceactions.drugs,firm:3016668136,2024-03-13,2026-09-07T21:01:42Z,action_taken,20240313,yyyymmdd,fda.complianceactions.drugs,raw/fda.complianceactions.drugs/2026/09/20260907T210142Z-90b93f350b34.json.gz,1
fda.complianceactions.drugs,firm:3016668136,2024-03-13,2026-09-07T21:01:42Z,action_warning_letter,1,count,fda.complianceactions.drugs,raw/fda.complianceactions.drugs/2026/09/20260907T210142Z-90b93f350b34.json.gz,1
fda.complianceactions.drugs,firm:3016668136,2024-03-13,2026-09-07T21:01:42Z,compliance_action,1,count,fda.complianceactions.drugs,raw/fda.complianceactions.drugs/2026/09/20260907T210142Z-90b93f350b34.json.gz,1
fda.complianceactions.drugs,firm:3016668136,2024-03-13,2026-09-07T21:01:42Z,firm_key,MASTER PAINTS CHEMICAL,,fda.complianceactions.drugs,raw/fda.complianceactions.drugs/2026/09/20260907T210142Z-90b93f350b34.json.gz,1
fda.complianceactions.drugs,firm:3016668136,2024-03-13,2026-09-07T21:01:42Z,is_foreign,0,bool,fda.complianceactions.drugs,raw/fda.complianceactions.drugs/2026/09/20260907T210142Z-90b93f350b34.json.gz,1
fda.complianceactions.drugs,firm:3016668136,2024-03-13,2026-09-07T21:01:42Z,label,Master Paints & Chemical Corp,,fda.complianceactions.drugs,raw/fda.complianceactions.drugs/2026/09/20260907T210142Z-90b93f350b34.json.gz,1
fda.complianceactions.drugs,firm:3016998650,2024-03-21,2026-09-07T21:01:42Z,action_taken,20240321,yyyymmdd,fda.complianceactions.drugs,raw/fda.complianceactions.drugs/2026/09/20260907T210142Z-90b93f350b34.json.gz,1
fda.complianceactions.drugs,firm:3016998650,2024-03-21,2026-09-07T21:01:42Z,action_warning_letter,1,count,fda.complianceactions.drugs,raw/fda.complianceactions.drugs/2026/09/20260907T210142Z-90b93f350b34.json.gz,1
fda.complianceactions.drugs,firm:3016998650,2024-03-21,2026-09-07T21:01:42Z,compliance_action,1,count,fda.complianceactions.drugs,raw/fda.complianceactions.drugs/2026/09/20260907T210142Z-90b93f350b34.json.gz,1
fda.complianceactions.drugs,firm:3016998650,2024-03-21,2026-09-07T21:01:42Z,firm_key,BETONE S A DE C V,,fda.complianceactions.drugs,raw/fda.complianceactions.drugs/2026/09/20260907T210142Z-90b93f350b34.json.gz,1
fda.complianceactions.drugs,firm:3016998650,2024-03-21,2026-09-07T21:01:42Z,is_foreign,1,bool,fda.complianceactions.drugs,raw/fda.complianceactions.drugs/2026/09/20260907T210142Z-90b93f350b34.json.gz,1
fda.complianceactions.drugs,firm:3016998650,2024-03-21,2026-09-07T21:01:42Z,label,"Betone, S.A. de C.V.",,fda.complianceactions.drugs,raw/fda.complianceactions.drugs/2026/09/20260907T210142Z-90b93f350b34.json.gz,1
fda.complianceactions.drugs,firm:3017200845,2024-03-25,2026-09-07T21:01:42Z,action_taken,20240325,yyyymmdd,fda.complianceactions.drugs,raw/fda.complianceactions.drugs/2026/09/20260907T210142Z-90b93f350b34.json.gz,1
fda.complianceactions.drugs,firm:3017200845,2024-03-25,2026-09-07T21:01:42Z,action_warning_letter,1,count,fda.complianceactions.drugs,raw/fda.complianceactions.drugs/2026/09/20260907T210142Z-90b93f350b34.json.gz,1
fda.complianceactions.drugs,firm:3017200845,2024-03-25,2026-09-07T21:01:42Z,compliance_action,1,count,fda.complianceactions.drugs,raw/fda.complianceactions.drugs/2026/09/20260907T210142Z-90b93f350b34.json.gz,1
fda.complianceactions.drugs,firm:3017200845,2024-03-25,2026-09-07T21:01:42Z,firm_key,DERMAL SOURCE,,fda.complianceactions.drugs,raw/fda.complianceactions.drugs/2026/09/20260907T210142Z-90b93f350b34.json.gz,1
fda.complianceactions.drugs,firm:3017200845,2024-03-25,2026-09-07T21:01:42Z,is_foreign,0,bool,fda.complianceactions.drugs,raw/fda.complianceactions.drugs/2026/09/20260907T210142Z-90b93f350b34.json.gz,1
fda.complianceactions.drugs,firm:3017200845,2024-03-25,2026-09-07T21:01:42Z,label,DERMAL SOURCE,,fda.complianceactions.drugs,raw/fda.complianceactions.drugs/2026/09/20260907T210142Z-90b93f350b34.json.gz,1
fda.complianceactions.drugs,firm:3017370207,2024-03-18,2026-09-07T21:01:42Z,action_taken,20240318,yyyymmdd,fda.complianceactions.drugs,raw/fda.complianceactions.drugs/2026/09/20260907T210142Z-90b93f350b34.json.gz,1
fda.complianceactions.drugs,firm:3017370207,2024-03-18,2026-09-07T21:01:42Z,action_warning_letter,1,count,fda.complianceactions.drugs,raw/fda.complianceactions.drugs/2026/09/20260907T210142Z-90b93f350b34.json.gz,1
fda.complianceactions.drugs,firm:3017370207,2024-03-18,2026-09-07T21:01:42Z,compliance_action,1,count,fda.complianceactions.drugs,raw/fda.complianceactions.drugs/2026/09/20260907T210142Z-90b93f350b34.json.gz,1
fda.complianceactions.drugs,firm:3017370207,2024-03-18,2026-09-07T21:01:42Z,firm_key,AMMONIASPORT,,fda.complianceactions.drugs,raw/fda.complianceactions.drugs/2026/09/20260907T210142Z-90b93f350b34.json.gz,1
fda.complianceactions.drugs,firm:3017370207,2024-03-18,2026-09-07T21:01:42Z,is_foreign,0,bool,fda.complianceactions.drugs,raw/fda.complianceactions.drugs/2026/09/20260907T210142Z-90b93f350b34.json.gz,1
fda.complianceactions.drugs,firm:3017370207,2024-03-18,2026-09-07T21:01:42Z,label,AMMONIASPORT LLC,,fda.complianceactions.drugs,raw/fda.complianceactions.drugs/2026/09/20260907T210142Z-90b93f350b34.json.gz,1
fda.complianceactions.drugs,firm:3018011294,2024-03-27,2026-09-07T21:01:42Z,action_taken,20240327,yyyymmdd,fda.complianceactions.drugs,raw/fda.complianceactions.drugs/2026/09/20260907T210142Z-90b93f350b34.json.gz,1
fda.complianceactions.drugs,firm:3018011294,2024-03-27,2026-09-07T21:01:42Z,action_warning_letter,1,count,fda.complianceactions.drugs,raw/fda.complianceactions.drugs/2026/09/20260907T210142Z-90b93f350b34.json.gz,1
fda.complianceactions.drugs,firm:3018011294,2024-03-27,2026-09-07T21:01:42Z,compliance_action,1,count,fda.complianceactions.drugs,raw/fda.complianceactions.drugs/2026/09/20260907T210142Z-90b93f350b34.json.gz,1
fda.complianceactions.drugs,firm:3018011294,2024-03-27,2026-09-07T21:01:42Z,firm_key,BODYWELL NATURAL SKIN CARE,,fda.complianceactions.drugs,raw/fda.complianceactions.drugs/2026/09/20260907T210142Z-90b93f350b34.json.gz,1
fda.complianceactions.drugs,firm:3018011294,2024-03-27,2026-09-07T21:01:42Z,is_foreign,1,bool,fda.complianceactions.drugs,raw/fda.complianceactions.drugs/2026/09/20260907T210142Z-90b93f350b34.json.gz,1
fda.complianceactions.drugs,firm:3018011294,2024-03-27,2026-09-07T21:01:42Z,label,Bodywell Natural Skin Care Inc.,,fda.complianceactions.drugs,raw/fda.complianceactions.drugs/2026/09/20260907T210142Z-90b93f350b34.json.gz,1
fda.complianceactions.drugs,firm:3023254292,2024-03-08,2026-09-07T21:01:42Z,action_taken,20240308,yyyymmdd,fda.complianceactions.drugs,raw/fda.complianceactions.drugs/2026/09/20260907T210142Z-90b93f350b34.json.gz,1
fda.complianceactions.drugs,firm:3023254292,2024-03-08,2026-09-07T21:01:42Z,action_warning_letter,1,count,fda.complianceactions.drugs,raw/fda.complianceactions.drugs/2026/09/20260907T210142Z-90b93f350b34.json.gz,1
fda.complianceactions.drugs,firm:3023254292,2024-03-08,2026-09-07T21:01:42Z,compliance_action,1,count,fda.complianceactions.drugs,raw/fda.complianceactions.drugs/2026/09/20260907T210142Z-90b93f350b34.json.gz,1
fda.complianceactions.drugs,firm:3023254292,2024-03-08,2026-09-07T21:01:42Z,firm_key,SPIROCHAETE RESEARCH,,fda.complianceactions.drugs,raw/fda.complianceactions.drugs/2026/09/20260907T210142Z-90b93f350b34.json.gz,1
fda.complianceactions.drugs,firm:3023254292,2024-03-08,2026-09-07T21:01:42Z,is_foreign,0,bool,fda.complianceactions.drugs,raw/fda.complianceactions.drugs/2026/09/20260907T210142Z-90b93f350b34.json.gz,1
fda.complianceactions.drugs,firm:3023254292,2024-03-08,2026-09-07T21:01:42Z,label,SPIROCHAETE RESEARCH LABS LLC,,fda.complianceactions.drugs,raw/fda.complianceactions.drugs/2026/09/20260907T210142Z-90b93f350b34.json.gz,1
fda.complianceactions.drugs,firm:3023259471,2024-03-21,2026-09-07T21:01:42Z,action_taken,20240321,yyyymmdd,fda.complianceactions.drugs,raw/fda.complianceactions.drugs/2026/09/20260907T210142Z-90b93f350b34.json.gz,1
fda.complianceactions.drugs,firm:3023259471,2024-03-21,2026-09-07T21:01:42Z,action_warning_letter,1,count,fda.complianceactions.drugs,raw/fda.complianceactions.drugs/2026/09/20260907T210142Z-90b93f350b34.json.gz,1
fda.complianceactions.drugs,firm:3023259471,2024-03-21,2026-09-07T21:01:42Z,compliance_action,1,count,fda.complianceactions.drugs,raw/fda.complianceactions.drugs/2026/09/20260907T210142Z-90b93f350b34.json.gz,1
fda.complianceactions.drugs,firm:3023259471,2024-03-21,2026-09-07T21:01:42Z,firm_key,BRET R RUTHERFORD M D,,fda.complianceactions.drugs,raw/fda.complianceactions.drugs/2026/09/20260907T210142Z-90b93f350b34.json.gz,1
fda.complianceactions.drugs,firm:3023259471,2024-03-21,2026-09-07T21:01:42Z,is_foreign,0,bool,fda.complianceactions.drugs,raw/fda.complianceactions.drugs/2026/09/20260907T210142Z-90b93f350b34.json.gz,1
fda.complianceactions.drugs,firm:3023259471,2024-03-21,2026-09-07T21:01:42Z,label,"Bret R. Rutherford, M.D.",,fda.complianceactions.drugs,raw/fda.complianceactions.drugs/2026/09/20260907T210142Z-90b93f350b34.json.gz,1
fda.complianceactions.drugs,firm:3025978151,2024-03-22,2026-09-07T21:01:42Z,action_taken,20240322,yyyymmdd,fda.complianceactions.drugs,raw/fda.complianceactions.drugs/2026/09/20260907T210142Z-90b93f350b34.json.gz,1
fda.complianceactions.drugs,firm:3025978151,2024-03-22,2026-09-07T21:01:42Z,action_warning_letter,1,count,fda.complianceactions.drugs,raw/fda.complianceactions.drugs/2026/09/20260907T210142Z-90b93f350b34.json.gz,1
fda.complianceactions.drugs,firm:3025978151,2024-03-22,2026-09-07T21:01:42Z,compliance_action,1,count,fda.complianceactions.drugs,raw/fda.complianceactions.drugs/2026/09/20260907T210142Z-90b93f350b34.json.gz,1
fda.complianceactions.drugs,firm:3025978151,2024-03-22,2026-09-07T21:01:42Z,firm_key,ANTARIA PTY,,fda.complianceactions.drugs,raw/fda.complianceactions.drugs/2026/09/20260907T210142Z-90b93f350b34.json.gz,1
fda.complianceactions.drugs,firm:3025978151,2024-03-22,2026-09-07T21:01:42Z,is_foreign,1,bool,fda.complianceactions.drugs,raw/fda.complianceactions.drugs/2026/09/20260907T210142Z-90b93f350b34.json.gz,1
fda.complianceactions.drugs,firm:3025978151,2024-03-22,2026-09-07T21:01:42Z,label,Antaria Pty. Ltd.,,fda.complianceactions.drugs,raw/fda.complianceactions.drugs/2026/09/20260907T210142Z-90b93f350b34.json.gz,1
fda.complianceactions.drugs,firm:3027980112,2024-03-25,2026-09-07T21:01:42Z,action_taken,20240325,yyyymmdd,fda.complianceactions.drugs,raw/fda.complianceactions.drugs/2026/09/20260907T210142Z-90b93f350b34.json.gz,1
fda.complianceactions.drugs,firm:3027980112,2024-03-25,2026-09-07T21:01:42Z,action_warning_letter,1,count,fda.complianceactions.drugs,raw/fda.complianceactions.drugs/2026/09/20260907T210142Z-90b93f350b34.json.gz,1
fda.complianceactions.drugs,firm:3027980112,2024-03-25,2026-09-07T21:01:42Z,compliance_action,1,count,fda.complianceactions.drugs,raw/fda.complianceactions.drugs/2026/09/20260907T210142Z-90b93f350b34.json.gz,1
fda.complianceactions.drugs,firm:3027980112,2024-03-25,2026-09-07T21:01:42Z,firm_key,TKTX,,fda.complianceactions.drugs,raw/fda.complianceactions.drugs/2026/09/20260907T210142Z-90b93f350b34.json.gz,1
fda.complianceactions.drugs,firm:3027980112,2024-03-25,2026-09-07T21:01:42Z,is_foreign,1,bool,fda.complianceactions.drugs,raw/fda.complianceactions.drugs/2026/09/20260907T210142Z-90b93f350b34.json.gz,1
fda.complianceactions.drugs,firm:3027980112,2024-03-25,2026-09-07T21:01:42Z,label,TKTX Company,,fda.complianceactions.drugs,raw/fda.complianceactions.drugs/2026/09/20260907T210142Z-90b93f350b34.json.gz,1
fda.complianceactions.drugs,firm:3028005436,2024-03-25,2026-09-07T21:01:42Z,action_taken,20240325,yyyymmdd,fda.complianceactions.drugs,raw/fda.complianceactions.drugs/2026/09/20260907T210142Z-90b93f350b34.json.gz,1
fda.complianceactions.drugs,firm:3028005436,2024-03-25,2026-09-07T21:01:42Z,action_warning_letter,1,count,fda.complianceactions.drugs,raw/fda.complianceactions.drugs/2026/09/20260907T210142Z-90b93f350b34.json.gz,1
fda.complianceactions.drugs,firm:3028005436,2024-03-25,2026-09-07T21:01:42Z,compliance_action,1,count,fda.complianceactions.drugs,raw/fda.complianceactions.drugs/2026/09/20260907T210142Z-90b93f350b34.json.gz,1
fda.complianceactions.drugs,firm:3028005436,2024-03-25,2026-09-07T21:01:42Z,firm_key,PAINLESS TATTOO CREAM,,fda.complianceactions.drugs,raw/fda.complianceactions.drugs/2026/09/20260907T210142Z-90b93f350b34.json.gz,1
fda.complianceactions.drugs,firm:3028005436,2024-03-25,2026-09-07T21:01:42Z,is_foreign,0,bool,fda.complianceactions.drugs,raw/fda.complianceactions.drugs/2026/09/20260907T210142Z-90b93f350b34.json.gz,1
fda.complianceactions.drugs,firm:3028005436,2024-03-25,2026-09-07T21:01:42Z,label,Painless Tattoo Cream Co.,,fda.complianceactions.drugs,raw/fda.complianceactions.drugs/2026/09/20260907T210142Z-90b93f350b34.json.gz,1
fda.complianceactions.drugs,firm:3028008119,2024-03-25,2026-09-07T21:01:42Z,action_taken,20240325,yyyymmdd,fda.complianceactions.drugs,raw/fda.complianceactions.drugs/2026/09/20260907T210142Z-90b93f350b34.json.gz,1
fda.complianceactions.drugs,firm:3028008119,2024-03-25,2026-09-07T21:01:42Z,action_warning_letter,1,count,fda.complianceactions.drugs,raw/fda.complianceactions.drugs/2026/09/20260907T210142Z-90b93f350b34.json.gz,1
fda.complianceactions.drugs,firm:3028008119,2024-03-25,2026-09-07T21:01:42Z,compliance_action,1,count,fda.complianceactions.drugs,raw/fda.complianceactions.drugs/2026/09/20260907T210142Z-90b93f350b34.json.gz,1
fda.complianceactions.drugs,firm:3028008119,2024-03-25,2026-09-07T21:01:42Z,firm_key,MAHONEY PROPERTY,,fda.complianceactions.drugs,raw/fda.complianceactions.drugs/2026/09/20260907T210142Z-90b93f350b34.json.gz,1
fda.complianceactions.drugs,firm:3028008119,2024-03-25,2026-09-07T21:01:42Z,is_foreign,1,bool,fda.complianceactions.drugs,raw/fda.complianceactions.drugs/2026/09/20260907T210142Z-90b93f350b34.json.gz,1
fda.complianceactions.drugs,firm:3028008119,2024-03-25,2026-09-07T21:01:42Z,label,Mahoney Property Ltd,,fda.complianceactions.drugs,raw/fda.complianceactions.drugs/2026/09/20260907T210142Z-90b93f350b34.json.gz,1
fda.complianceactions.drugs,firm:3028143571,2024-03-25,2026-09-07T21:01:42Z,action_taken,20240325,yyyymmdd,fda.complianceactions.drugs,raw/fda.complianceactions.drugs/2026/09/20260907T210142Z-90b93f350b34.json.gz,1
fda.complianceactions.drugs,firm:3028143571,2024-03-25,2026-09-07T21:01:42Z,action_warning_letter,1,count,fda.complianceactions.drugs,raw/fda.complianceactions.drugs/2026/09/20260907T210142Z-90b93f350b34.json.gz,1
fda.complianceactions.drugs,firm:3028143571,2024-03-25,2026-09-07T21:01:42Z,compliance_action,1,count,fda.complianceactions.drugs,raw/fda.complianceactions.drugs/2026/09/20260907T210142Z-90b93f350b34.json.gz,1
fda.complianceactions.drugs,firm:3028143571,2024-03-25,2026-09-07T21:01:42Z,firm_key,SEENEXT VENTURE,,fda.complianceactions.drugs,raw/fda.complianceactions.drugs/2026/09/20260907T210142Z-90b93f350b34.json.gz,1
fda.complianceactions.drugs,firm:3028143571,2024-03-25,2026-09-07T21:01:42Z,is_foreign,0,bool,fda.complianceactions.drugs,raw/fda.complianceactions.drugs/2026/09/20260907T210142Z-90b93f350b34.json.gz,1
fda.complianceactions.drugs,firm:3028143571,2024-03-25,2026-09-07T21:01:42Z,label,SeeNext Venture Ltd,,fda.complianceactions.drugs,raw/fda.complianceactions.drugs/2026/09/20260907T210142Z-90b93f350b34.json.gz,1
fda.complianceactions.drugs,firm:3029879389,2024-03-13,2026-09-07T21:01:42Z,action_taken,20240313,yyyymmdd,fda.complianceactions.drugs,raw/fda.complianceactions.drugs/2026/09/20260907T210142Z-90b93f350b34.json.gz,1
fda.complianceactions.drugs,firm:3029879389,2024-03-13,2026-09-07T21:01:42Z,action_warning_letter,1,count,fda.complianceactions.drugs,raw/fda.complianceactions.drugs/2026/09/20260907T210142Z-90b93f350b34.json.gz,1
fda.complianceactions.drugs,firm:3029879389,2024-03-13,2026-09-07T21:01:42Z,compliance_action,1,count,fda.complianceactions.drugs,raw/fda.complianceactions.drugs/2026/09/20260907T210142Z-90b93f350b34.json.gz,1
fda.complianceactions.drugs,firm:3029879389,2024-03-13,2026-09-07T21:01:42Z,firm_key,SKULL SMASH AMMONIA INHALANTS,,fda.complianceactions.drugs,raw/fda.complianceactions.drugs/2026/09/20260907T210142Z-90b93f350b34.json.gz,1
fda.complianceactions.drugs,firm:3029879389,2024-03-13,2026-09-07T21:01:42Z,is_foreign,0,bool,fda.complianceactions.drugs,raw/fda.complianceactions.drugs/2026/09/20260907T210142Z-90b93f350b34.json.gz,1
fda.complianceactions.drugs,firm:3029879389,2024-03-13,2026-09-07T21:01:42Z,label,Skull Smash Ammonia Inhalants,,fda.complianceactions.drugs,raw/fda.complianceactions.drugs/2026/09/20260907T210142Z-90b93f350b34.json.gz,1
fda.inspections.drugs,firm:1000103389,2024-03-21,2026-09-07T21:02:36Z,classification,0,ordinal,fda.inspections.drugs,raw/fda.inspections.drugs/2026/09/20260907T210236Z-954bbebd51db.json.gz,1
fda.inspections.drugs,firm:1000103389,2024-03-21,2026-09-07T21:02:36Z,firm_key,CLARIO BIOCLINICA,,fda.inspections.drugs,raw/fda.inspections.drugs/2026/09/20260907T210236Z-954bbebd51db.json.gz,1
fda.inspections.drugs,firm:1000103389,2024-03-21,2026-09-07T21:02:36Z,inspected,1,count,fda.inspections.drugs,raw/fda.inspections.drugs/2026/09/20260907T210236Z-954bbebd51db.json.gz,1
fda.inspections.drugs,firm:1000103389,2024-03-21,2026-09-07T21:02:36Z,inspection_end,20240321,yyyymmdd,fda.inspections.drugs,raw/fda.inspections.drugs/2026/09/20260907T210236Z-954bbebd51db.json.gz,1
fda.inspections.drugs,firm:1000103389,2024-03-21,2026-09-07T21:02:36Z,is_foreign,0,bool,fda.inspections.drugs,raw/fda.inspections.drugs/2026/09/20260907T210236Z-954bbebd51db.json.gz,1
fda.inspections.drugs,firm:1000103389,2024-03-21,2026-09-07T21:02:36Z,is_oai,0,bool,fda.inspections.drugs,raw/fda.inspections.drugs/2026/09/20260907T210236Z-954bbebd51db.json.gz,1
fda.inspections.drugs,firm:1000103389,2024-03-21,2026-09-07T21:02:36Z,label,"Clario (BioClinica, Inc.)",,fda.inspections.drugs,raw/fda.inspections.drugs/2026/09/20260907T210236Z-954bbebd51db.json.gz,1
fda.inspections.drugs,firm:1000103389,2024-03-22,2026-09-07T21:02:36Z,classification,0,ordinal,fda.inspections.drugs,raw/fda.inspections.drugs/2026/09/20260907T210236Z-954bbebd51db.json.gz,1
fda.inspections.drugs,firm:1000103389,2024-03-22,2026-09-07T21:02:36Z,firm_key,CLARIO BIOCLINICA,,fda.inspections.drugs,raw/fda.inspections.drugs/2026/09/20260907T210236Z-954bbebd51db.json.gz,1
fda.inspections.drugs,firm:1000103389,2024-03-22,2026-09-07T21:02:36Z,inspected,1,count,fda.inspections.drugs,raw/fda.inspections.drugs/2026/09/20260907T210236Z-954bbebd51db.json.gz,1
fda.inspections.drugs,firm:1000103389,2024-03-22,2026-09-07T21:02:36Z,inspection_end,20240322,yyyymmdd,fda.inspections.drugs,raw/fda.inspections.drugs/2026/09/20260907T210236Z-954bbebd51db.json.gz,1
fda.inspections.drugs,firm:1000103389,2024-03-22,2026-09-07T21:02:36Z,is_foreign,0,bool,fda.inspections.drugs,raw/fda.inspections.drugs/2026/09/20260907T210236Z-954bbebd51db.json.gz,1
fda.inspections.drugs,firm:1000103389,2024-03-22,2026-09-07T21:02:36Z,is_oai,0,bool,fda.inspections.drugs,raw/fda.inspections.drugs/2026/09/20260907T210236Z-954bbebd51db.json.gz,1
fda.inspections.drugs,firm:1000103389,2024-03-22,2026-09-07T21:02:36Z,label,"Clario (BioClinica, Inc.)",,fda.inspections.drugs,raw/fda.inspections.drugs/2026/09/20260907T210236Z-954bbebd51db.json.gz,1
fda.inspections.drugs,firm:1000114834,2024-03-08,2026-09-07T21:02:36Z,classification,1,ordinal,fda.inspections.drugs,raw/fda.inspections.drugs/2026/09/20260907T210236Z-954bbebd51db.json.gz,1
fda.inspections.drugs,firm:1000114834,2024-03-08,2026-09-07T21:02:36Z,firm_key,RNA,,fda.inspections.drugs,raw/fda.inspections.drugs/2026/09/20260907T210236Z-954bbebd51db.json.gz,1
fda.inspections.drugs,firm:1000114834,2024-03-08,2026-09-07T21:02:36Z,inspected,1,count,fda.inspections.drugs,raw/fda.inspections.drugs/2026/09/20260907T210236Z-954bbebd51db.json.gz,1
fda.inspections.drugs,firm:1000114834,2024-03-08,2026-09-07T21:02:36Z,inspection_end,20240308,yyyymmdd,fda.inspections.drugs,raw/fda.inspections.drugs/2026/09/20260907T210236Z-954bbebd51db.json.gz,1
fda.inspections.drugs,firm:1000114834,2024-03-08,2026-09-07T21:02:36Z,is_foreign,0,bool,fda.inspections.drugs,raw/fda.inspections.drugs/2026/09/20260907T210236Z-954bbebd51db.json.gz,1
fda.inspections.drugs,firm:1000114834,2024-03-08,2026-09-07T21:02:36Z,is_oai,0,bool,fda.inspections.drugs,raw/fda.inspections.drugs/2026/09/20260907T210236Z-954bbebd51db.json.gz,1
fda.inspections.drugs,firm:1000114834,2024-03-08,2026-09-07T21:02:36Z,label,"RNA Pharma, LLC",,fda.inspections.drugs,raw/fda.inspections.drugs/2026/09/20260907T210236Z-954bbebd51db.json.gz,1
fda.inspections.drugs,firm:1000117147,2024-03-19,2026-09-07T21:02:36Z,classification,2,ordinal,fda.inspections.drugs,raw/fda.inspections.drugs/2026/09/20260907T210236Z-954bbebd51db.json.gz,1
fda.inspections.drugs,firm:1000117147,2024-03-19,2026-09-07T21:02:36Z,firm_key,ACTAVIS UT,,fda.inspections.drugs,raw/fda.inspections.drugs/2026/09/20260907T210236Z-954bbebd51db.json.gz,1
fda.inspections.drugs,firm:1000117147,2024-03-19,2026-09-07T21:02:36Z,inspected,1,count,fda.inspections.drugs,raw/fda.inspections.drugs/2026/09/20260907T210236Z-954bbebd51db.json.gz,1
fda.inspections.drugs,firm:1000117147,2024-03-19,2026-09-07T21:02:36Z,inspection_end,20240319,yyyymmdd,fda.inspections.drugs,raw/fda.inspections.drugs/2026/09/20260907T210236Z-954bbebd51db.json.gz,1
fda.inspections.drugs,firm:1000117147,2024-03-19,2026-09-07T21:02:36Z,is_foreign,0,bool,fda.inspections.drugs,raw/fda.inspections.drugs/2026/09/20260907T210236Z-954bbebd51db.json.gz,1
fda.inspections.drugs,firm:1000117147,2024-03-19,2026-09-07T21:02:36Z,is_oai,1,bool,fda.inspections.drugs,raw/fda.inspections.drugs/2026/09/20260907T210236Z-954bbebd51db.json.gz,1
fda.inspections.drugs,firm:1000117147,2024-03-19,2026-09-07T21:02:36Z,label,"Actavis Laboratories UT, Inc.",,fda.inspections.drugs,raw/fda.inspections.drugs/2026/09/20260907T210236Z-954bbebd51db.json.gz,1
fda.inspections.drugs,firm:1000181428,2024-03-15,2026-09-07T21:02:36Z,classification,2,ordinal,fda.inspections.drugs,raw/fda.inspections.drugs/2026/09/20260907T210236Z-954bbebd51db.json.gz,1
fda.inspections.drugs,firm:1000181428,2024-03-15,2026-09-07T21:02:36Z,firm_key,INTERCOS EUROPE S P A,,fda.inspections.drugs,raw/fda.inspections.drugs/2026/09/20260907T210236Z-954bbebd51db.json.gz,1
fda.inspections.drugs,firm:1000181428,2024-03-15,2026-09-07T21:02:36Z,inspected,1,count,fda.inspections.drugs,raw/fda.inspections.drugs/2026/09/20260907T210236Z-954bbebd51db.json.gz,1
fda.inspections.drugs,firm:1000181428,2024-03-15,2026-09-07T21:02:36Z,inspection_end,20240315,yyyymmdd,fda.inspections.drugs,raw/fda.inspections.drugs/2026/09/20260907T210236Z-954bbebd51db.json.gz,1
fda.inspections.drugs,firm:1000181428,2024-03-15,2026-09-07T21:02:36Z,is_foreign,1,bool,fda.inspections.drugs,raw/fda.inspections.drugs/2026/09/20260907T210236Z-954bbebd51db.json.gz,1
fda.inspections.drugs,firm:1000181428,2024-03-15,2026-09-07T21:02:36Z,is_oai,1,bool,fda.inspections.drugs,raw/fda.inspections.drugs/2026/09/20260907T210236Z-954bbebd51db.json.gz,1
fda.inspections.drugs,firm:1000181428,2024-03-15,2026-09-07T21:02:36Z,label,Intercos Europe S.p.A,,fda.inspections.drugs,raw/fda.inspections.drugs/2026/09/20260907T210236Z-954bbebd51db.json.gz,1
fda.inspections.drugs,firm:1000514603,2024-03-22,2026-09-07T21:02:36Z,classification,1,ordinal,fda.inspections.drugs,raw/fda.inspections.drugs/2026/09/20260907T210236Z-954bbebd51db.json.gz,1
fda.inspections.drugs,firm:1000514603,2024-03-22,2026-09-07T21:02:36Z,firm_key,REGENERON,,fda.inspections.drugs,raw/fda.inspections.drugs/2026/09/20260907T210236Z-954bbebd51db.json.gz,1
fda.inspections.drugs,firm:1000514603,2024-03-22,2026-09-07T21:02:36Z,inspected,1,count,fda.inspections.drugs,raw/fda.inspections.drugs/2026/09/20260907T210236Z-954bbebd51db.json.gz,1
fda.inspections.drugs,firm:1000514603,2024-03-22,2026-09-07T21:02:36Z,inspection_end,20240322,yyyymmdd,fda.inspections.drugs,raw/fda.inspections.drugs/2026/09/20260907T210236Z-954bbebd51db.json.gz,1
fda.inspections.drugs,firm:1000514603,2024-03-22,2026-09-07T21:02:36Z,is_foreign,0,bool,fda.inspections.drugs,raw/fda.inspections.drugs/2026/09/20260907T210236Z-954bbebd51db.json.gz,1
fda.inspections.drugs,firm:1000514603,2024-03-22,2026-09-07T21:02:36Z,is_oai,0,bool,fda.inspections.drugs,raw/fda.inspections.drugs/2026/09/20260907T210236Z-954bbebd51db.json.gz,1
fda.inspections.drugs,firm:1000514603,2024-03-22,2026-09-07T21:02:36Z,label,Regeneron Pharmaceuticals Inc,,fda.inspections.drugs,raw/fda.inspections.drugs/2026/09/20260907T210236Z-954bbebd51db.json.gz,1
fda.inspections.drugs,firm:1000544053,2024-03-08,2026-09-07T21:02:36Z,classification,1,ordinal,fda.inspections.drugs,raw/fda.inspections.drugs/2026/09/20260907T210236Z-954bbebd51db.json.gz,1
fda.inspections.drugs,firm:1000544053,2024-03-08,2026-09-07T21:02:36Z,firm_key,CHARLES RIVER EDINBURGH,,fda.inspections.drugs,raw/fda.inspections.drugs/2026/09/20260907T210236Z-954bbebd51db.json.gz,1
fda.inspections.drugs,firm:1000544053,2024-03-08,2026-09-07T21:02:36Z,inspected,1,count,fda.inspections.drugs,raw/fda.inspections.drugs/2026/09/20260907T210236Z-954bbebd51db.json.gz,1
fda.inspections.drugs,firm:1000544053,2024-03-08,2026-09-07T21:02:36Z,inspection_end,20240308,yyyymmdd,fda.inspections.drugs,raw/fda.inspections.drugs/2026/09/20260907T210236Z-954bbebd51db.json.gz,1
fda.inspections.drugs,firm:1000544053,2024-03-08,2026-09-07T21:02:36Z,is_foreign,1,bool,fda.inspections.drugs,raw/fda.inspections.drugs/2026/09/20260907T210236Z-954bbebd51db.json.gz,1
fda.inspections.drugs,firm:1000544053,2024-03-08,2026-09-07T21:02:36Z,is_oai,0,bool,fda.inspections.drugs,raw/fda.inspections.drugs/2026/09/20260907T210236Z-954bbebd51db.json.gz,1
fda.inspections.drugs,firm:1000544053,2024-03-08,2026-09-07T21:02:36Z,label,Charles River Laboratories Edinburgh Ltd.,,fda.inspections.drugs,raw/fda.inspections.drugs/2026/09/20260907T210236Z-954bbebd51db.json.gz,1
fda.inspections.drugs,firm:1000613242,2024-03-29,2026-09-07T21:02:36Z,classification,0,ordinal,fda.inspections.drugs,raw/fda.inspections.drugs/2026/09/20260907T210236Z-954bbebd51db.json.gz,1
fda.inspections.drugs,firm:1000613242,2024-03-29,2026-09-07T21:02:36Z,firm_key,HUZHOU ZHANWANG,,fda.inspections.drugs,raw/fda.inspections.drugs/2026/09/20260907T210236Z-954bbebd51db.json.gz,1
fda.inspections.drugs,firm:1000613242,2024-03-29,2026-09-07T21:02:36Z,inspected,1,count,fda.inspections.drugs,raw/fda.inspections.drugs/2026/09/20260907T210236Z-954bbebd51db.json.gz,1
fda.inspections.drugs,firm:1000613242,2024-03-29,2026-09-07T21:02:36Z,inspection_end,20240329,yyyymmdd,fda.inspections.drugs,raw/fda.inspections.drugs/2026/09/20260907T210236Z-954bbebd51db.json.gz,1
fda.inspections.drugs,firm:1000613242,2024-03-29,2026-09-07T21:02:36Z,is_foreign,1,bool,fda.inspections.drugs,raw/fda.inspections.drugs/2026/09/20260907T210236Z-954bbebd51db.json.gz,1
fda.inspections.drugs,firm:1000613242,2024-03-29,2026-09-07T21:02:36Z,is_oai,0,bool,fda.inspections.drugs,raw/fda.inspections.drugs/2026/09/20260907T210236Z-954bbebd51db.json.gz,1
fda.inspections.drugs,firm:1000613242,2024-03-29,2026-09-07T21:02:36Z,label,"Huzhou Zhanwang Pharmaceutical Co., Ltd.",,fda.inspections.drugs,raw/fda.inspections.drugs/2026/09/20260907T210236Z-954bbebd51db.json.gz,1
fda.inspections.drugs,firm:1030739,2024-03-14,2026-09-07T21:02:36Z,classification,0,ordinal,fda.inspections.drugs,raw/fda.inspections.drugs/2026/09/20260907T210236Z-954bbebd51db.json.gz,1
fda.inspections.drugs,firm:1030739,2024-03-14,2026-09-07T21:02:36Z,firm_key,MARGARET R PARDEE MEMORIAL HOSPITAL IRB,,fda.inspections.drugs,raw/fda.inspections.drugs/2026/09/20260907T210236Z-954bbebd51db.json.gz,1
fda.inspections.drugs,firm:1030739,2024-03-14,2026-09-07T21:02:36Z,inspected,1,count,fda.inspections.drugs,raw/fda.inspections.drugs/2026/09/20260907T210236Z-954bbebd51db.json.gz,1
fda.inspections.drugs,firm:1030739,2024-03-14,2026-09-07T21:02:36Z,inspection_end,20240314,yyyymmdd,fda.inspections.drugs,raw/fda.inspections.drugs/2026/09/20260907T210236Z-954bbebd51db.json.gz,1
fda.inspections.drugs,firm:1030739,2024-03-14,2026-09-07T21:02:36Z,is_foreign,0,bool,fda.inspections.drugs,raw/fda.inspections.drugs/2026/09/20260907T210236Z-954bbebd51db.json.gz,1
fda.inspections.drugs,firm:1030739,2024-03-14,2026-09-07T21:02:36Z,is_oai,0,bool,fda.inspections.drugs,raw/fda.inspections.drugs/2026/09/20260907T210236Z-954bbebd51db.json.gz,1
fda.inspections.drugs,firm:1030739,2024-03-14,2026-09-07T21:02:36Z,label,Margaret R. Pardee Memorial Hospital IRB,,fda.inspections.drugs,raw/fda.inspections.drugs/2026/09/20260907T210236Z-954bbebd51db.json.gz,1
fda.inspections.drugs,firm:1036809,2024-03-29,2026-09-07T21:02:36Z,classification,0,ordinal,fda.inspections.drugs,raw/fda.inspections.drugs/2026/09/20260907T210236Z-954bbebd51db.json.gz,1
fda.inspections.drugs,firm:1036809,2024-03-29,2026-09-07T21:02:36Z,firm_key,PRISMA HEALTH OFFICE OF HUMAN RESEARCH AND PROTECTION IRB,,fda.inspections.drugs,raw/fda.inspections.drugs/2026/09/20260907T210236Z-954bbebd51db.json.gz,1
fda.inspections.drugs,firm:1036809,2024-03-29,2026-09-07T21:02:36Z,inspected,1,count,fda.inspections.drugs,raw/fda.inspections.drugs/2026/09/20260907T210236Z-954bbebd51db.json.gz,1
fda.inspections.drugs,firm:1036809,2024-03-29,2026-09-07T21:02:36Z,inspection_end,20240329,yyyymmdd,fda.inspections.drugs,raw/fda.inspections.drugs/2026/09/20260907T210236Z-954bbebd51db.json.gz,1
fda.inspections.drugs,firm:1036809,2024-03-29,2026-09-07T21:02:36Z,is_foreign,0,bool,fda.inspections.drugs,raw/fda.inspections.drugs/2026/09/20260907T210236Z-954bbebd51db.json.gz,1
fda.inspections.drugs,firm:1036809,2024-03-29,2026-09-07T21:02:36Z,is_oai,0,bool,fda.inspections.drugs,raw/fda.inspections.drugs/2026/09/20260907T210236Z-954bbebd51db.json.gz,1
fda.inspections.drugs,firm:1036809,2024-03-29,2026-09-07T21:02:36Z,label,Prisma Health Office of Human Research and Protection IRB,,fda.inspections.drugs,raw/fda.inspections.drugs/2026/09/20260907T210236Z-954bbebd51db.json.gz,1
fda.inspections.drugs,firm:1038831,2024-03-21,2026-09-07T21:02:36Z,classification,0,ordinal,fda.inspections.drugs,raw/fda.inspections.drugs/2026/09/20260907T210236Z-954bbebd51db.json.gz,1
fda.inspections.drugs,firm:1038831,2024-03-21,2026-09-07T21:02:36Z,firm_key,LAKELAND REGIONAL HEALTH SYSTEMS,,fda.inspections.drugs,raw/fda.inspections.drugs/2026/09/20260907T210236Z-954bbebd51db.json.gz,1
fda.inspections.drugs,firm:1038831,2024-03-21,2026-09-07T21:02:36Z,inspected,1,count,fda.inspections.drugs,raw/fda.inspections.drugs/2026/09/20260907T210236Z-954bbebd51db.json.gz,1
fda.inspections.drugs,firm:1038831,2024-03-21,2026-09-07T21:02:36Z,inspection_end,20240321,yyyymmdd,fda.inspections.drugs,raw/fda.inspections.drugs/2026/09/20260907T210236Z-954bbebd51db.json.gz,1
fda.inspections.drugs,firm:1038831,2024-03-21,2026-09-07T21:02:36Z,is_foreign,0,bool,fda.inspections.drugs,raw/fda.inspections.drugs/2026/09/20260907T210236Z-954bbebd51db.json.gz,1
fda.inspections.drugs,firm:1038831,2024-03-21,2026-09-07T21:02:36Z,is_oai,0,bool,fda.inspections.drugs,raw/fda.inspections.drugs/2026/09/20260907T210236Z-954bbebd51db.json.gz,1
fda.inspections.drugs,firm:1038831,2024-03-21,2026-09-07T21:02:36Z,label,Lakeland Regional Health Systems Inc.,,fda.inspections.drugs,raw/fda.inspections.drugs/2026/09/20260907T210236Z-954bbebd51db.json.gz,1
fda.inspections.drugs,firm:1045062,2024-03-15,2026-09-07T21:02:36Z,classification,0,ordinal,fda.inspections.drugs,raw/fda.inspections.drugs/2026/09/20260907T210236Z-954bbebd51db.json.gz,1
fda.inspections.drugs,firm:1045062,2024-03-15,2026-09-07T21:02:36Z,firm_key,UNC CHAPEL HILL OFFICE OF HUMAN RESEARCH ETHICS,,fda.inspections.drugs,raw/fda.inspections.drugs/2026/09/20260907T210236Z-954bbebd51db.json.gz,1
fda.inspections.drugs,firm:1045062,2024-03-15,2026-09-07T21:02:36Z,inspected,1,count,fda.inspections.drugs,raw/fda.inspections.drugs/2026/09/20260907T210236Z-954bbebd51db.json.gz,1
fda.inspections.drugs,firm:1045062,2024-03-15,2026-09-07T21:02:36Z,inspection_end,20240315,yyyymmdd,fda.inspections.drugs,raw/fda.inspections.drugs/2026/09/20260907T210236Z-954bbebd51db.json.gz,1
fda.inspections.drugs,firm:1045062,2024-03-15,2026-09-07T21:02:36Z,is_foreign,0,bool,fda.inspections.drugs,raw/fda.inspections.drugs/2026/09/20260907T210236Z-954bbebd51db.json.gz,1
fda.inspections.drugs,firm:1045062,2024-03-15,2026-09-07T21:02:36Z,is_oai,0,bool,fda.inspections.drugs,raw/fda.inspections.drugs/2026/09/20260907T210236Z-954bbebd51db.json.gz,1
fda.inspections.drugs,firm:1045062,2024-03-15,2026-09-07T21:02:36Z,label,UNC Chapel Hill Office of Human Research Ethics,,fda.inspections.drugs,raw/fda.inspections.drugs/2026/09/20260907T210236Z-954bbebd51db.json.gz,1
fda.inspections.drugs,firm:1117358,2024-03-06,2026-09-07T21:02:36Z,classification,1,ordinal,fda.inspections.drugs,raw/fda.inspections.drugs/2026/09/20260907T210236Z-954bbebd51db.json.gz,1
fda.inspections.drugs,firm:1117358,2024-03-06,2026-09-07T21:02:36Z,firm_key,MESSER,,fda.inspections.drugs,raw/fda.inspections.drugs/2026/09/20260907T210236Z-954bbebd51db.json.gz,1
fda.inspections.drugs,firm:1117358,2024-03-06,2026-09-07T21:02:36Z,inspected,1,count,fda.inspections.drugs,raw/fda.inspections.drugs/2026/09/20260907T210236Z-954bbebd51db.json.gz,1
fda.inspections.drugs,firm:1117358,2024-03-06,2026-09-07T21:02:36Z,inspection_end,20240306,yyyymmdd,fda.inspections.drugs,raw/fda.inspections.drugs/2026/09/20260907T210236Z-954bbebd51db.json.gz,1
fda.inspections.drugs,firm:1117358,2024-03-06,2026-09-07T21:02:36Z,is_foreign,0,bool,fda.inspections.drugs,raw/fda.inspections.drugs/2026/09/20260907T210236Z-954bbebd51db.json.gz,1
fda.inspections.drugs,firm:1117358,2024-03-06,2026-09-07T21:02:36Z,is_oai,0,bool,fda.inspections.drugs,raw/fda.inspections.drugs/2026/09/20260907T210236Z-954bbebd51db.json.gz,1
fda.inspections.drugs,firm:1117358,2024-03-06,2026-09-07T21:02:36Z,label,MESSER LLC,,fda.inspections.drugs,raw/fda.inspections.drugs/2026/09/20260907T210236Z-954bbebd51db.json.gz,1
fda.inspections.drugs,firm:1211177,2024-03-15,2026-09-07T21:02:36Z,classification,1,ordinal,fda.inspections.drugs,raw/fda.inspections.drugs/2026/09/20260907T210236Z-954bbebd51db.json.gz,1
fda.inspections.drugs,firm:1211177,2024-03-15,2026-09-07T21:02:36Z,firm_key,K W GRIFFEN,,fda.inspections.drugs,raw/fda.inspections.drugs/2026/09/20260907T210236Z-954bbebd51db.json.gz,1
fda.inspections.drugs,firm:1211177,2024-03-15,2026-09-07T21:02:36Z,inspected,1,count,fda.inspections.drugs,raw/fda.inspections.drugs/2026/09/20260907T210236Z-954bbebd51db.json.gz,1
fda.inspections.drugs,firm:1211177,2024-03-15,2026-09-07T21:02:36Z,inspection_end,20240315,yyyymmdd,fda.inspections.drugs,raw/fda.inspections.drugs/2026/09/20260907T210236Z-954bbebd51db.json.gz,1
fda.inspections.drugs,firm:1211177,2024-03-15,2026-09-07T21:02:36Z,is_foreign,0,bool,fda.inspections.drugs,raw/fda.inspections.drugs/2026/09/20260907T210236Z-954bbebd51db.json.gz,1
fda.inspections.drugs,firm:1211177,2024-03-15,2026-09-07T21:02:36Z,is_oai,0,bool,fda.inspections.drugs,raw/fda.inspections.drugs/2026/09/20260907T210236Z-954bbebd51db.json.gz,1
fda.inspections.drugs,firm:1211177,2024-03-15,2026-09-07T21:02:36Z,label,K.W. Griffen Company,,fda.inspections.drugs,raw/fda.inspections.drugs/2026/09/20260907T210236Z-954bbebd51db.json.gz,1
fda.inspections.drugs,firm:1283359,2024-03-22,2026-09-07T21:02:36Z,classification,0,ordinal,fda.inspections.drugs,raw/fda.inspections.drugs/2026/09/20260907T210236Z-954bbebd51db.json.gz,1
fda.inspections.drugs,firm:1283359,2024-03-22,2026-09-07T21:02:36Z,firm_key,BOSTON MEDICAL CENTER AND BOSTON UNIVERSITY MEDICAL CAMPUS IRB,,fda.inspections.drugs,raw/fda.inspections.drugs/2026/09/20260907T210236Z-954bbebd51db.json.gz,1
fda.inspections.drugs,firm:1283359,2024-03-22,2026-09-07T21:02:36Z,inspected,1,count,fda.inspections.drugs,raw/fda.inspections.drugs/2026/09/20260907T210236Z-954bbebd51db.json.gz,1
fda.inspections.drugs,firm:1283359,2024-03-22,2026-09-07T21:02:36Z,inspection_end,20240322,yyyymmdd,fda.inspections.drugs,raw/fda.inspections.drugs/2026/09/20260907T210236Z-954bbebd51db.json.gz,1
fda.inspections.drugs,firm:1283359,2024-03-22,2026-09-07T21:02:36Z,is_foreign,0,bool,fda.inspections.drugs,raw/fda.inspections.drugs/2026/09/20260907T210236Z-954bbebd51db.json.gz,1
fda.inspections.drugs,firm:1283359,2024-03-22,2026-09-07T21:02:36Z,is_oai,0,bool,fda.inspections.drugs,raw/fda.inspections.drugs/2026/09/20260907T210236Z-954bbebd51db.json.gz,1
fda.inspections.drugs,firm:1283359,2024-03-22,2026-09-07T21:02:36Z,label,Boston Medical Center and Boston University Medical Campus IRB,,fda.inspections.drugs,raw/fda.inspections.drugs/2026/09/20260907T210236Z-954bbebd51db.json.gz,1
fda.inspections.drugs,firm:1417338,2024-03-08,2026-09-07T21:02:36Z,classification,1,ordinal,fda.inspections.drugs,raw/fda.inspections.drugs/2026/09/20260907T210236Z-954bbebd51db.json.gz,1
fda.inspections.drugs,firm:1417338,2024-03-08,2026-09-07T21:02:36Z,firm_key,GE HEALTHCARE,,fda.inspections.drugs,raw/fda.inspections.drugs/2026/09/20260907T210236Z-954bbebd51db.json.gz,1
fda.inspections.drugs,firm:1417338,2024-03-08,2026-09-07T21:02:36Z,inspected,1,count,fda.inspections.drugs,raw/fda.inspections.drugs/2026/09/20260907T210236Z-954bbebd51db.json.gz,1
fda.inspections.drugs,firm:1417338,2024-03-08,2026-09-07T21:02:36Z,inspection_end,20240308,yyyymmdd,fda.inspections.drugs,raw/fda.inspections.drugs/2026/09/20260907T210236Z-954bbebd51db.json.gz,1
fda.inspections.drugs,firm:1417338,2024-03-08,2026-09-07T21:02:36Z,is_foreign,0,bool,fda.inspections.drugs,raw/fda.inspections.drugs/2026/09/20260907T210236Z-954bbebd51db.json.gz,1
fda.inspections.drugs,firm:1417338,2024-03-08,2026-09-07T21:02:36Z,is_oai,0,bool,fda.inspections.drugs,raw/fda.inspections.drugs/2026/09/20260907T210236Z-954bbebd51db.json.gz,1
fda.inspections.drugs,firm:1417338,2024-03-08,2026-09-07T21:02:36Z,label,GE Healthcare Inc.,,fda.inspections.drugs,raw/fda.inspections.drugs/2026/09/20260907T210236Z-954bbebd51db.json.gz,1
fda.inspections.drugs,firm:1450238,2024-03-28,2026-09-07T21:02:36Z,classification,1,ordinal,fda.inspections.drugs,raw/fda.inspections.drugs/2026/09/20260907T210236Z-954bbebd51db.json.gz,1
fda.inspections.drugs,firm:1450238,2024-03-28,2026-09-07T21:02:36Z,firm_key,COMBE,,fda.inspections.drugs,raw/fda.inspections.drugs/2026/09/20260907T210236Z-954bbebd51db.json.gz,1
fda.inspections.drugs,firm:1450238,2024-03-28,2026-09-07T21:02:36Z,inspected,1,count,fda.inspections.drugs,raw/fda.inspections.drugs/2026/09/20260907T210236Z-954bbebd51db.json.gz,1
fda.inspections.drugs,firm:1450238,2024-03-28,2026-09-07T21:02:36Z,inspection_end,20240328,yyyymmdd,fda.inspections.drugs,raw/fda.inspections.drugs/2026/09/20260907T210236Z-954bbebd51db.json.gz,1
fda.inspections.drugs,firm:1450238,2024-03-28,2026-09-07T21:02:36Z,is_foreign,0,bool,fda.inspections.drugs,raw/fda.inspections.drugs/2026/09/20260907T210236Z-954bbebd51db.json.gz,1
fda.inspections.drugs,firm:1450238,2024-03-28,2026-09-07T21:02:36Z,is_oai,0,bool,fda.inspections.drugs,raw/fda.inspections.drugs/2026/09/20260907T210236Z-954bbebd51db.json.gz,1
fda.inspections.drugs,firm:1450238,2024-03-28,2026-09-07T21:02:36Z,label,"Combe Laboratories, Inc.",,fda.inspections.drugs,raw/fda.inspections.drugs/2026/09/20260907T210236Z-954bbebd51db.json.gz,1
fda.inspections.drugs,firm:1454831,2024-03-28,2026-09-07T21:02:36Z,classification,1,ordinal,fda.inspections.drugs,raw/fda.inspections.drugs/2026/09/20260907T210236Z-954bbebd51db.json.gz,1
fda.inspections.drugs,firm:1454831,2024-03-28,2026-09-07T21:02:36Z,firm_key,ILMO PRODUCTS,,fda.inspections.drugs,raw/fda.inspections.drugs/2026/09/20260907T210236Z-954bbebd51db.json.gz,1
fda.inspections.drugs,firm:1454831,2024-03-28,2026-09-07T21:02:36Z,inspected,1,count,fda.inspections.drugs,raw/fda.inspections.drugs/2026/09/20260907T210236Z-954bbebd51db.json.gz,1
fda.inspections.drugs,firm:1454831,2024-03-28,2026-09-07T21:02:36Z,inspection_end,20240328,yyyymmdd,fda.inspections.drugs,raw/fda.inspections.drugs/2026/09/20260907T210236Z-954bbebd51db.json.gz,1
fda.inspections.drugs,firm:1454831,2024-03-28,2026-09-07T21:02:36Z,is_foreign,0,bool,fda.inspections.drugs,raw/fda.inspections.drugs/2026/09/20260907T210236Z-954bbebd51db.json.gz,1
fda.inspections.drugs,firm:1454831,2024-03-28,2026-09-07T21:02:36Z,is_oai,0,bool,fda.inspections.drugs,raw/fda.inspections.drugs/2026/09/20260907T210236Z-954bbebd51db.json.gz,1
fda.inspections.drugs,firm:1454831,2024-03-28,2026-09-07T21:02:36Z,label,ILMO PRODUCTS COMPANY,,fda.inspections.drugs,raw/fda.inspections.drugs/2026/09/20260907T210236Z-954bbebd51db.json.gz,1
fda.inspections.drugs,firm:1463,2024-03-08,2026-09-07T21:02:36Z,classification,0,ordinal,fda.inspections.drugs,raw/fda.inspections.drugs/2026/09/20260907T210236Z-954bbebd51db.json.gz,1
fda.inspections.drugs,firm:1463,2024-03-08,2026-09-07T21:02:36Z,firm_key,EUROAPI FRANCE,,fda.inspections.drugs,raw/fda.inspections.drugs/2026/09/20260907T210236Z-954bbebd51db.json.gz,1
fda.inspections.drugs,firm:1463,2024-03-08,2026-09-07T21:02:36Z,inspected,1,count,fda.inspections.drugs,raw/fda.inspections.drugs/2026/09/20260907T210236Z-954bbebd51db.json.gz,1
fda.inspections.drugs,firm:1463,2024-03-08,2026-09-07T21:02:36Z,inspection_end,20240308,yyyymmdd,fda.inspections.drugs,raw/fda.inspections.drugs/2026/09/20260907T210236Z-954bbebd51db.json.gz,1
fda.inspections.drugs,firm:1463,2024-03-08,2026-09-07T21:02:36Z,is_foreign,1,bool,fda.inspections.drugs,raw/fda.inspections.drugs/2026/09/20260907T210236Z-954bbebd51db.json.gz,1
fda.inspections.drugs,firm:1463,2024-03-08,2026-09-07T21:02:36Z,is_oai,0,bool,fda.inspections.drugs,raw/fda.inspections.drugs/2026/09/20260907T210236Z-954bbebd51db.json.gz,1
fda.inspections.drugs,firm:1463,2024-03-08,2026-09-07T21:02:36Z,label,EUROAPI FRANCE,,fda.inspections.drugs,raw/fda.inspections.drugs/2026/09/20260907T210236Z-954bbebd51db.json.gz,1
fda.inspections.drugs,firm:1526605,2024-03-28,2026-09-07T21:02:36Z,classification,1,ordinal,fda.inspections.drugs,raw/fda.inspections.drugs/2026/09/20260907T210236Z-954bbebd51db.json.gz,1
fda.inspections.drugs,firm:1526605,2024-03-28,2026-09-07T21:02:36Z,firm_key,FRANTZ MEDICAL DEVELOPMENT,,fda.inspections.drugs,raw/fda.inspections.drugs/2026/09/20260907T210236Z-954bbebd51db.json.gz,1
fda.inspections.drugs,firm:1526605,2024-03-28,2026-09-07T21:02:36Z,inspected,1,count,fda.inspections.drugs,raw/fda.inspections.drugs/2026/09/20260907T210236Z-954bbebd51db.json.gz,1
fda.inspections.drugs,firm:1526605,2024-03-28,2026-09-07T21:02:36Z,inspection_end,20240328,yyyymmdd,fda.inspections.drugs,raw/fda.inspections.drugs/2026/09/20260907T210236Z-954bbebd51db.json.gz,1
fda.inspections.drugs,firm:1526605,2024-03-28,2026-09-07T21:02:36Z,is_foreign,0,bool,fda.inspections.drugs,raw/fda.inspections.drugs/2026/09/20260907T210236Z-954bbebd51db.json.gz,1
fda.inspections.drugs,firm:1526605,2024-03-28,2026-09-07T21:02:36Z,is_oai,0,bool,fda.inspections.drugs,raw/fda.inspections.drugs/2026/09/20260907T210236Z-954bbebd51db.json.gz,1
fda.inspections.drugs,firm:1526605,2024-03-28,2026-09-07T21:02:36Z,label,Frantz Medical Development Ltd,,fda.inspections.drugs,raw/fda.inspections.drugs/2026/09/20260907T210236Z-954bbebd51db.json.gz,1
fda.inspections.drugs,firm:1625730,2024-03-01,2026-09-07T21:02:36Z,classification,0,ordinal,fda.inspections.drugs,raw/fda.inspections.drugs/2026/09/20260907T210236Z-954bbebd51db.json.gz,1
fda.inspections.drugs,firm:1625730,2024-03-01,2026-09-07T21:02:36Z,firm_key,UNIVERSITY OF TEXAS MEDICAL BRANCH AT GALVESTON IRB,,fda.inspections.drugs,raw/fda.inspections.drugs/2026/09/20260907T210236Z-954bbebd51db.json.gz,1
fda.inspections.drugs,firm:1625730,2024-03-01,2026-09-07T21:02:36Z,inspected,1,count,fda.inspections.drugs,raw/fda.inspections.drugs/2026/09/20260907T210236Z-954bbebd51db.json.gz,1
fda.inspections.drugs,firm:1625730,2024-03-01,2026-09-07T21:02:36Z,inspection_end,20240301,yyyymmdd,fda.inspections.drugs,raw/fda.inspections.drugs/2026/09/20260907T210236Z-954bbebd51db.json.gz,1
fda.inspections.drugs,firm:1625730,2024-03-01,2026-09-07T21:02:36Z,is_foreign,0,bool,fda.inspections.drugs,raw/fda.inspections.drugs/2026/09/20260907T210236Z-954bbebd51db.json.gz,1
fda.inspections.drugs,firm:1625730,2024-03-01,2026-09-07T21:02:36Z,is_oai,0,bool,fda.inspections.drugs,raw/fda.inspections.drugs/2026/09/20260907T210236Z-954bbebd51db.json.gz,1
fda.inspections.drugs,firm:1625730,2024-03-01,2026-09-07T21:02:36Z,label,University of Texas Medical Branch at Galveston IRB,,fda.inspections.drugs,raw/fda.inspections.drugs/2026/09/20260907T210236Z-954bbebd51db.json.gz,1
fda.inspections.drugs,firm:1643811,2024-03-01,2026-09-07T21:02:36Z,classification,1,ordinal,fda.inspections.drugs,raw/fda.inspections.drugs/2026/09/20260907T210236Z-954bbebd51db.json.gz,1
fda.inspections.drugs,firm:1643811,2024-03-01,2026-09-07T21:02:36Z,firm_key,NATURAL TECHNOLOGY,,fda.inspections.drugs,raw/fda.inspections.drugs/2026/09/20260907T210236Z-954bbebd51db.json.gz,1
fda.inspections.drugs,firm:1643811,2024-03-01,2026-09-07T21:02:36Z,inspected,1,count,fda.inspections.drugs,raw/fda.inspections.drugs/2026/09/20260907T210236Z-954bbebd51db.json.gz,1
fda.inspections.drugs,firm:1643811,2024-03-01,2026-09-07T21:02:36Z,inspection_end,20240301,yyyymmdd,fda.inspections.drugs,raw/fda.inspections.drugs/2026/09/20260907T210236Z-954bbebd51db.json.gz,1
fda.inspections.drugs,firm:1643811,2024-03-01,2026-09-07T21:02:36Z,is_foreign,0,bool,fda.inspections.drugs,raw/fda.inspections.drugs/2026/09/20260907T210236Z-954bbebd51db.json.gz,1
fda.inspections.drugs,firm:1643811,2024-03-01,2026-09-07T21:02:36Z,is_oai,0,bool,fda.inspections.drugs,raw/fda.inspections.drugs/2026/09/20260907T210236Z-954bbebd51db.json.gz,1
fda.inspections.drugs,firm:1643811,2024-03-01,2026-09-07T21:02:36Z,label,Natural Technology LLC,,fda.inspections.drugs,raw/fda.inspections.drugs/2026/09/20260907T210236Z-954bbebd51db.json.gz,1
fda.inspections.drugs,firm:2024825,2024-03-28,2026-09-07T21:02:36Z,classification,0,ordinal,fda.inspections.drugs,raw/fda.inspections.drugs/2026/09/20260907T210236Z-954bbebd51db.json.gz,1
fda.inspections.drugs,firm:2024825,2024-03-28,2026-09-07T21:02:36Z,firm_key,MAYOR,,fda.inspections.drugs,raw/fda.inspections.drugs/2026/09/20260907T210236Z-954bbebd51db.json.gz,1
fda.inspections.drugs,firm:2024825,2024-03-28,2026-09-07T21:02:36Z,inspected,1,count,fda.inspections.drugs,raw/fda.inspections.drugs/2026/09/20260907T210236Z-954bbebd51db.json.gz,1
fda.inspections.drugs,firm:2024825,2024-03-28,2026-09-07T21:02:36Z,inspection_end,20240328,yyyymmdd,fda.inspections.drugs,raw/fda.inspections.drugs/2026/09/20260907T210236Z-954bbebd51db.json.gz,1
fda.inspections.drugs,firm:2024825,2024-03-28,2026-09-07T21:02:36Z,is_foreign,0,bool,fda.inspections.drugs,raw/fda.inspections.drugs/2026/09/20260907T210236Z-954bbebd51db.json.gz,1
fda.inspections.drugs,firm:2024825,2024-03-28,2026-09-07T21:02:36Z,is_oai,0,bool,fda.inspections.drugs,raw/fda.inspections.drugs/2026/09/20260907T210236Z-954bbebd51db.json.gz,1
fda.inspections.drugs,firm:2024825,2024-03-28,2026-09-07T21:02:36Z,label,"Mayor Pharmaceutical Laboratories, Inc",,fda.inspections.drugs,raw/fda.inspections.drugs/2026/09/20260907T210236Z-954bbebd51db.json.gz,1
fda.inspections.drugs,firm:2124794,2024-03-13,2026-09-07T21:02:36Z,classification,0,ordinal,fda.inspections.drugs,raw/fda.inspections.drugs/2026/09/20260907T210236Z-954bbebd51db.json.gz,1
fda.inspections.drugs,firm:2124794,2024-03-13,2026-09-07T21:02:36Z,firm_key,COLUMBUS CHEMICAL INDUSTRIES,,fda.inspections.drugs,raw/fda.inspections.drugs/2026/09/20260907T210236Z-954bbebd51db.json.gz,1
fda.inspections.drugs,firm:2124794,2024-03-13,2026-09-07T21:02:36Z,inspected,1,count,fda.inspections.drugs,raw/fda.inspections.drugs/2026/09/20260907T210236Z-954bbebd51db.json.gz,1
fda.inspections.drugs,firm:2124794,2024-03-13,2026-09-07T21:02:36Z,inspection_end,20240313,yyyymmdd,fda.inspections.drugs,raw/fda.inspections.drugs/2026/09/20260907T210236Z-954bbebd51db.json.gz,1
fda.inspections.drugs,firm:2124794,2024-03-13,2026-09-07T21:02:36Z,is_foreign,0,bool,fda.inspections.drugs,raw/fda.inspections.drugs/2026/09/20260907T210236Z-954bbebd51db.json.gz,1
fda.inspections.drugs,firm:2124794,2024-03-13,2026-09-07T21:02:36Z,is_oai,0,bool,fda.inspections.drugs,raw/fda.inspections.drugs/2026/09/20260907T210236Z-954bbebd51db.json.gz,1
fda.inspections.drugs,firm:2124794,2024-03-13,2026-09-07T21:02:36Z,label,"Columbus Chemical Industries, Inc.",,fda.inspections.drugs,raw/fda.inspections.drugs/2026/09/20260907T210236Z-954bbebd51db.json.gz,1
fda.inspections.drugs,firm:2220385,2024-03-13,2026-09-07T21:02:36Z,classification,0,ordinal,fda.inspections.drugs,raw/fda.inspections.drugs/2026/09/20260907T210236Z-954bbebd51db.json.gz,1
fda.inspections.drugs,firm:2220385,2024-03-13,2026-09-07T21:02:36Z,firm_key,AIRGAS USA,,fda.inspections.drugs,raw/fda.inspections.drugs/2026/09/20260907T210236Z-954bbebd51db.json.gz,1
fda.inspections.drugs,firm:2220385,2024-03-13,2026-09-07T21:02:36Z,inspected,1,count,fda.inspections.drugs,raw/fda.inspections.drugs/2026/09/20260907T210236Z-954bbebd51db.json.gz,1
fda.inspections.drugs,firm:2220385,2024-03-13,2026-09-07T21:02:36Z,inspection_end,20240313,yyyymmdd,fda.inspections.drugs,raw/fda.inspections.drugs/2026/09/20260907T210236Z-954bbebd51db.json.gz,1
fda.inspections.drugs,firm:2220385,2024-03-13,2026-09-07T21:02:36Z,is_foreign,0,bool,fda.inspections.drugs,raw/fda.inspections.drugs/2026/09/20260907T210236Z-954bbebd51db.json.gz,1
fda.inspections.drugs,firm:2220385,2024-03-13,2026-09-07T21:02:36Z,is_oai,0,bool,fda.inspections.drugs,raw/fda.inspections.drugs/2026/09/20260907T210236Z-954bbebd51db.json.gz,1
fda.inspections.drugs,firm:2220385,2024-03-13,2026-09-07T21:02:36Z,label,"Airgas USA, LLC",,fda.inspections.drugs,raw/fda.inspections.drugs/2026/09/20260907T210236Z-954bbebd51db.json.gz,1
fda.inspections.drugs,firm:2246315,2024-03-18,2026-09-07T21:02:36Z,classification,1,ordinal,fda.inspections.drugs,raw/fda.inspections.drugs/2026/09/20260907T210236Z-954bbebd51db.json.gz,1
fda.inspections.drugs,firm:2246315,2024-03-18,2026-09-07T21:02:36Z,firm_key,PATHEON MANUFACTURING SERVICES,,fda.inspections.drugs,raw/fda.inspections.drugs/2026/09/20260907T210236Z-954bbebd51db.json.gz,1
fda.inspections.drugs,firm:2246315,2024-03-18,2026-09-07T21:02:36Z,inspected,1,count,fda.inspections.drugs,raw/fda.inspections.drugs/2026/09/20260907T210236Z-954bbebd51db.json.gz,1
fda.inspections.drugs,firm:2246315,2024-03-18,2026-09-07T21:02:36Z,inspection_end,20240318,yyyymmdd,fda.inspections.drugs,raw/fda.inspections.drugs/2026/09/20260907T210236Z-954bbebd51db.json.gz,1
fda.inspections.drugs,firm:2246315,2024-03-18,2026-09-07T21:02:36Z,is_foreign,0,bool,fda.inspections.drugs,raw/fda.inspections.drugs/2026/09/20260907T210236Z-954bbebd51db.json.gz,1
fda.inspections.drugs,firm:2246315,2024-03-18,2026-09-07T21:02:36Z,is_oai,0,bool,fda.inspections.drugs,raw/fda.inspections.drugs/2026/09/20260907T210236Z-954bbebd51db.json.gz,1
fda.inspections.drugs,firm:2246315,2024-03-18,2026-09-07T21:02:36Z,label,Patheon Manufacturing Services LLC,,fda.inspections.drugs,raw/fda.inspections.drugs/2026/09/20260907T210236Z-954bbebd51db.json.gz,1
fda.inspections.drugs,firm:2428848,2024-03-26,2026-09-07T21:02:36Z,classification,1,ordinal,fda.inspections.drugs,raw/fda.inspections.drugs/2026/09/20260907T210236Z-954bbebd51db.json.gz,1
fda.inspections.drugs,firm:2428848,2024-03-26,2026-09-07T21:02:36Z,firm_key,COSCO ENTERPRISES,,fda.inspections.drugs,raw/fda.inspections.drugs/2026/09/20260907T210236Z-954bbebd51db.json.gz,1
fda.inspections.drugs,firm:2428848,2024-03-26,2026-09-07T21:02:36Z,inspected,1,count,fda.inspections.drugs,raw/fda.inspections.drugs/2026/09/20260907T210236Z-954bbebd51db.json.gz,1
fda.inspections.drugs,firm:2428848,2024-03-26,2026-09-07T21:02:36Z,inspection_end,20240326,yyyymmdd,fda.inspections.drugs,raw/fda.inspections.drugs/2026/09/20260907T210236Z-954bbebd51db.json.gz,1
fda.inspections.drugs,firm:2428848,2024-03-26,2026-09-07T21:02:36Z,is_foreign,0,bool,fda.inspections.drugs,raw/fda.inspections.drugs/2026/09/20260907T210236Z-954bbebd51db.json.gz,1
fda.inspections.drugs,firm:2428848,2024-03-26,2026-09-07T21:02:36Z,is_oai,0,bool,fda.inspections.drugs,raw/fda.inspections.drugs/2026/09/20260907T210236Z-954bbebd51db.json.gz,1
fda.inspections.drugs,firm:2428848,2024-03-26,2026-09-07T21:02:36Z,label,"Cosco Enterprises, Inc",,fda.inspections.drugs,raw/fda.inspections.drugs/2026/09/20260907T210236Z-954bbebd51db.json.gz,1
fda.inspections.drugs,firm:2515379,2024-03-05,2026-09-07T21:02:36Z,classification,0,ordinal,fda.inspections.drugs,raw/fda.inspections.drugs/2026/09/20260907T210236Z-954bbebd51db.json.gz,1
fda.inspections.drugs,firm:2515379,2024-03-05,2026-09-07T21:02:36Z,firm_key,DENTSPLY CAULK,,fda.inspections.drugs,raw/fda.inspections.drugs/2026/09/20260907T210236Z-954bbebd51db.json.gz,1
fda.inspections.drugs,firm:2515379,2024-03-05,2026-09-07T21:02:36Z,inspected,1,count,fda.inspections.drugs,raw/fda.inspections.drugs/2026/09/20260907T210236Z-954bbebd51db.json.gz,1
fda.inspections.drugs,firm:2515379,2024-03-05,2026-09-07T21:02:36Z,inspection_end,20240305,yyyymmdd,fda.inspections.drugs,raw/fda.inspections.drugs/2026/09/20260907T210236Z-954bbebd51db.json.gz,1
fda.inspections.drugs,firm:2515379,2024-03-05,2026-09-07T21:02:36Z,is_foreign,0,bool,fda.inspections.drugs,raw/fda.inspections.drugs/2026/09/20260907T210236Z-954bbebd51db.json.gz,1
fda.inspections.drugs,firm:2515379,2024-03-05,2026-09-07T21:02:36Z,is_oai,0,bool,fda.inspections.drugs,raw/fda.inspections.drugs/2026/09/20260907T210236Z-954bbebd51db.json.gz,1
fda.inspections.drugs,firm:2515379,2024-03-05,2026-09-07T21:02:36Z,label,Dentsply Caulk,,fda.inspections.drugs,raw/fda.inspections.drugs/2026/09/20260907T210236Z-954bbebd51db.json.gz,1
fda.inspections.drugs,firm:2518945,2024-03-29,2026-09-07T21:02:36Z,classification,0,ordinal,fda.inspections.drugs,raw/fda.inspections.drugs/2026/09/20260907T210236Z-954bbebd51db.json.gz,1
fda.inspections.drugs,firm:2518945,2024-03-29,2026-09-07T21:02:36Z,firm_key,KEEN COMPRESSED GAS,,fda.inspections.drugs,raw/fda.inspections.drugs/2026/09/20260907T210236Z-954bbebd51db.json.gz,1
fda.inspections.drugs,firm:2518945,2024-03-29,2026-09-07T21:02:36Z,inspected,1,count,fda.inspections.drugs,raw/fda.inspections.drugs/2026/09/20260907T210236Z-954bbebd51db.json.gz,1
fda.inspections.drugs,firm:2518945,2024-03-29,2026-09-07T21:02:36Z,inspection_end,20240329,yyyymmdd,fda.inspections.drugs,raw/fda.inspections.drugs/2026/09/20260907T210236Z-954bbebd51db.json.gz,1
fda.inspections.drugs,firm:2518945,2024-03-29,2026-09-07T21:02:36Z,is_foreign,0,bool,fda.inspections.drugs,raw/fda.inspections.drugs/2026/09/20260907T210236Z-954bbebd51db.json.gz,1
fda.inspections.drugs,firm:2518945,2024-03-29,2026-09-07T21:02:36Z,is_oai,0,bool,fda.inspections.drugs,raw/fda.inspections.drugs/2026/09/20260907T210236Z-954bbebd51db.json.gz,1
fda.inspections.drugs,firm:2518945,2024-03-29,2026-09-07T21:02:36Z,label,"Keen Compressed Gas Company, Inc.",,fda.inspections.drugs,raw/fda.inspections.drugs/2026/09/20260907T210236Z-954bbebd51db.json.gz,1
fda.inspections.drugs,firm:2623436,2024-03-27,2026-09-07T21:02:36Z,classification,0,ordinal,fda.inspections.drugs,raw/fda.inspections.drugs/2026/09/20260907T210236Z-954bbebd51db.json.gz,1
fda.inspections.drugs,firm:2623436,2024-03-27,2026-09-07T21:02:36Z,firm_key,BOEHRINGER INGELHEIM ANIMAL HEALTH PUERTO RICO,,fda.inspections.drugs,raw/fda.inspections.drugs/2026/09/20260907T210236Z-954bbebd51db.json.gz,1
fda.inspections.drugs,firm:2623436,2024-03-27,2026-09-07T21:02:36Z,inspected,1,count,fda.inspections.drugs,raw/fda.inspections.drugs/2026/09/20260907T210236Z-954bbebd51db.json.gz,1
fda.inspections.drugs,firm:2623436,2024-03-27,2026-09-07T21:02:36Z,inspection_end,20240327,yyyymmdd,fda.inspections.drugs,raw/fda.inspections.drugs/2026/09/20260907T210236Z-954bbebd51db.json.gz,1
fda.inspections.drugs,firm:2623436,2024-03-27,2026-09-07T21:02:36Z,is_foreign,0,bool,fda.inspections.drugs,raw/fda.inspections.drugs/2026/09/20260907T210236Z-954bbebd51db.json.gz,1
fda.inspections.drugs,firm:2623436,2024-03-27,2026-09-07T21:02:36Z,is_oai,0,bool,fda.inspections.drugs,raw/fda.inspections.drugs/2026/09/20260907T210236Z-954bbebd51db.json.gz,1
fda.inspections.drugs,firm:2623436,2024-03-27,2026-09-07T21:02:36Z,label,Boehringer Ingelheim Animal Health Puerto Rico LLC,,fda.inspections.drugs,raw/fda.inspections.drugs/2026/09/20260907T210236Z-954bbebd51db.json.gz,1
fda.inspections.drugs,firm:2917293,2024-03-12,2026-09-07T21:02:36Z,classification,1,ordinal,fda.inspections.drugs,raw/fda.inspections.drugs/2026/09/20260907T210236Z-954bbebd51db.json.gz,1
fda.inspections.drugs,firm:2917293,2024-03-12,2026-09-07T21:02:36Z,firm_key,GENENTECH,,fda.inspections.drugs,raw/fda.inspections.drugs/2026/09/20260907T210236Z-954bbebd51db.json.gz,1
fda.inspections.drugs,firm:2917293,2024-03-12,2026-09-07T21:02:36Z,inspected,1,count,fda.inspections.drugs,raw/fda.inspections.drugs/2026/09/20260907T210236Z-954bbebd51db.json.gz,1
fda.inspections.drugs,firm:2917293,2024-03-12,2026-09-07T21:02:36Z,inspection_end,20240312,yyyymmdd,fda.inspections.drugs,raw/fda.inspections.drugs/2026/09/20260907T210236Z-954bbebd51db.json.gz,1
fda.inspections.drugs,firm:2917293,2024-03-12,2026-09-07T21:02:36Z,is_foreign,0,bool,fda.inspections.drugs,raw/fda.inspections.drugs/2026/09/20260907T210236Z-954bbebd51db.json.gz,1
fda.inspections.drugs,firm:2917293,2024-03-12,2026-09-07T21:02:36Z,is_oai,0,bool,fda.inspections.drugs,raw/fda.inspections.drugs/2026/09/20260907T210236Z-954bbebd51db.json.gz,1
fda.inspections.drugs,firm:2917293,2024-03-12,2026-09-07T21:02:36Z,label,"Genentech, Inc.",,fda.inspections.drugs,raw/fda.inspections.drugs/2026/09/20260907T210236Z-954bbebd51db.json.gz,1
fda.inspections.drugs,firm:2917293,2024-03-20,2026-09-07T21:02:36Z,classification,0,ordinal,fda.inspections.drugs,raw/fda.inspections.drugs/2026/09/20260907T210236Z-954bbebd51db.json.gz,1
fda.inspections.drugs,firm:2917293,2024-03-20,2026-09-07T21:02:36Z,firm_key,GENENTECH,,fda.inspections.drugs,raw/fda.inspections.drugs/2026/09/20260907T210236Z-954bbebd51db.json.gz,1
fda.inspections.drugs,firm:2917293,2024-03-20,2026-09-07T21:02:36Z,inspected,1,count,fda.inspections.drugs,raw/fda.inspections.drugs/2026/09/20260907T210236Z-954bbebd51db.json.gz,1
fda.inspections.drugs,firm:2917293,2024-03-20,2026-09-07T21:02:36Z,inspection_end,20240320,yyyymmdd,fda.inspections.drugs,raw/fda.inspections.drugs/2026/09/20260907T210236Z-954bbebd51db.json.gz,1
fda.inspections.drugs,firm:2917293,2024-03-20,2026-09-07T21:02:36Z,is_foreign,0,bool,fda.inspections.drugs,raw/fda.inspections.drugs/2026/09/20260907T210236Z-954bbebd51db.json.gz,1
fda.inspections.drugs,firm:2917293,2024-03-20,2026-09-07T21:02:36Z,is_oai,0,bool,fda.inspections.drugs,raw/fda.inspections.drugs/2026/09/20260907T210236Z-954bbebd51db.json.gz,1
fda.inspections.drugs,firm:2917293,2024-03-20,2026-09-07T21:02:36Z,label,"Genentech, Inc.",,fda.inspections.drugs,raw/fda.inspections.drugs/2026/09/20260907T210236Z-954bbebd51db.json.gz,1
fda.inspections.drugs,firm:3001617666,2024-03-08,2026-09-07T21:02:36Z,classification,0,ordinal,fda.inspections.drugs,raw/fda.inspections.drugs/2026/09/20260907T210236Z-954bbebd51db.json.gz,1
fda.inspections.drugs,firm:3001617666,2024-03-08,2026-09-07T21:02:36Z,firm_key,APOTEX,,fda.inspections.drugs,raw/fda.inspections.drugs/2026/09/20260907T210236Z-954bbebd51db.json.gz,1
fda.inspections.drugs,firm:3001617666,2024-03-08,2026-09-07T21:02:36Z,inspected,1,count,fda.inspections.drugs,raw/fda.inspections.drugs/2026/09/20260907T210236Z-954bbebd51db.json.gz,1
fda.inspections.drugs,firm:3001617666,2024-03-08,2026-09-07T21:02:36Z,inspection_end,20240308,yyyymmdd,fda.inspections.drugs,raw/fda.inspections.drugs/2026/09/20260907T210236Z-954bbebd51db.json.gz,1
fda.inspections.drugs,firm:3001617666,2024-03-08,2026-09-07T21:02:36Z,is_foreign,1,bool,fda.inspections.drugs,raw/fda.inspections.drugs/2026/09/20260907T210236Z-954bbebd51db.json.gz,1
fda.inspections.drugs,firm:3001617666,2024-03-08,2026-09-07T21:02:36Z,is_oai,0,bool,fda.inspections.drugs,raw/fda.inspections.drugs/2026/09/20260907T210236Z-954bbebd51db.json.gz,1
fda.inspections.drugs,firm:3001617666,2024-03-08,2026-09-07T21:02:36Z,label,Apotex Inc.,,fda.inspections.drugs,raw/fda.inspections.drugs/2026/09/20260907T210236Z-954bbebd51db.json.gz,1
fda.inspections.drugs,firm:3001802820,2024-03-21,2026-09-07T21:02:36Z,classification,2,ordinal,fda.inspections.drugs,raw/fda.inspections.drugs/2026/09/20260907T210236Z-954bbebd51db.json.gz,1
fda.inspections.drugs,firm:3001802820,2024-03-21,2026-09-07T21:02:36Z,firm_key,KP TECHNOLOGY,,fda.inspections.drugs,raw/fda.inspections.drugs/2026/09/20260907T210236Z-954bbebd51db.json.gz,1
fda.inspections.drugs,firm:3001802820,2024-03-21,2026-09-07T21:02:36Z,inspected,1,count,fda.inspections.drugs,raw/fda.inspections.drugs/2026/09/20260907T210236Z-954bbebd51db.json.gz,1
fda.inspections.drugs,firm:3001802820,2024-03-21,2026-09-07T21:02:36Z,inspection_end,20240321,yyyymmdd,fda.inspections.drugs,raw/fda.inspections.drugs/2026/09/20260907T210236Z-954bbebd51db.json.gz,1
fda.inspections.drugs,firm:3001802820,2024-03-21,2026-09-07T21:02:36Z,is_foreign,0,bool,fda.inspections.drugs,raw/fda.inspections.drugs/2026/09/20260907T210236Z-954bbebd51db.json.gz,1
fda.inspections.drugs,firm:3001802820,2024-03-21,2026-09-07T21:02:36Z,is_oai,1,bool,fda.inspections.drugs,raw/fda.inspections.drugs/2026/09/20260907T210236Z-954bbebd51db.json.gz,1
fda.inspections.drugs,firm:3001802820,2024-03-21,2026-09-07T21:02:36Z,label,KP Pharmaceutical Technology,,fda.inspections.drugs,raw/fda.inspections.drugs/2026/09/20260907T210236Z-954bbebd51db.json.gz,1
fda.inspections.drugs,firm:3002088200,2024-03-15,2026-09-07T21:02:36Z,classification,2,ordinal,fda.inspections.drugs,raw/fda.inspections.drugs/2026/09/20260907T210236Z-954bbebd51db.json.gz,1
fda.inspections.drugs,firm:3002088200,2024-03-15,2026-09-07T21:02:36Z,firm_key,MAX CHEMICAL,,fda.inspections.drugs,raw/fda.inspections.drugs/2026/09/20260907T210236Z-954bbebd51db.json.gz,1
fda.inspections.drugs,firm:3002088200,2024-03-15,2026-09-07T21:02:36Z,inspected,1,count,fda.inspections.drugs,raw/fda.inspections.drugs/2026/09/20260907T210236Z-954bbebd51db.json.gz,1
fda.inspections.drugs,firm:3002088200,2024-03-15,2026-09-07T21:02:36Z,inspection_end,20240315,yyyymmdd,fda.inspections.drugs,raw/fda.inspections.drugs/2026/09/20260907T210236Z-954bbebd51db.json.gz,1
fda.inspections.drugs,firm:3002088200,2024-03-15,2026-09-07T21:02:36Z,is_foreign,0,bool,fda.inspections.drugs,raw/fda.inspections.drugs/2026/09/20260907T210236Z-954bbebd51db.json.gz,1
fda.inspections.drugs,firm:3002088200,2024-03-15,2026-09-07T21:02:36Z,is_oai,1,bool,fda.inspections.drugs,raw/fda.inspections.drugs/2026/09/20260907T210236Z-954bbebd51db.json.gz,1
fda.inspections.drugs,firm:3002088200,2024-03-15,2026-09-07T21:02:36Z,label,Max Chemical Inc,,fda.inspections.drugs,raw/fda.inspections.drugs/2026/09/20260907T210236Z-954bbebd51db.json.gz,1
fda.inspections.drugs,firm:3002303857,2024-03-12,2026-09-07T21:02:36Z,classification,0,ordinal,fda.inspections.drugs,raw/fda.inspections.drugs/2026/09/20260907T210236Z-954bbebd51db.json.gz,1
fda.inspections.drugs,firm:3002303857,2024-03-12,2026-09-07T21:02:36Z,firm_key,ACTION PAK,,fda.inspections.drugs,raw/fda.inspections.drugs/2026/09/20260907T210236Z-954bbebd51db.json.gz,1
fda.inspections.drugs,firm:3002303857,2024-03-12,2026-09-07T21:02:36Z,inspected,1,count,fda.inspections.drugs,raw/fda.inspections.drugs/2026/09/20260907T210236Z-954bbebd51db.json.gz,1
fda.inspections.drugs,firm:3002303857,2024-03-12,2026-09-07T21:02:36Z,inspection_end,20240312,yyyymmdd,fda.inspections.drugs,raw/fda.inspections.drugs/2026/09/20260907T210236Z-954bbebd51db.json.gz,1
fda.inspections.drugs,firm:3002303857,2024-03-12,2026-09-07T21:02:36Z,is_foreign,0,bool,fda.inspections.drugs,raw/fda.inspections.drugs/2026/09/20260907T210236Z-954bbebd51db.json.gz,1
fda.inspections.drugs,firm:3002303857,2024-03-12,2026-09-07T21:02:36Z,is_oai,0,bool,fda.inspections.drugs,raw/fda.inspections.drugs/2026/09/20260907T210236Z-954bbebd51db.json.gz,1
fda.inspections.drugs,firm:3002303857,2024-03-12,2026-09-07T21:02:36Z,label,"Action-Pak, Inc.",,fda.inspections.drugs,raw/fda.inspections.drugs/2026/09/20260907T210236Z-954bbebd51db.json.gz,1
fda.inspections.drugs,firm:3002420713,2024-03-15,2026-09-07T21:02:36Z,classification,1,ordinal,fda.inspections.drugs,raw/fda.inspections.drugs/2026/09/20260907T210236Z-954bbebd51db.json.gz,1
fda.inspections.drugs,firm:3002420713,2024-03-15,2026-09-07T21:02:36Z,firm_key,COOPERATION PHARMACEUTIQUE FRANCAISE,,fda.inspections.drugs,raw/fda.inspections.drugs/2026/09/20260907T210236Z-954bbebd51db.json.gz,1
fda.inspections.drugs,firm:3002420713,2024-03-15,2026-09-07T21:02:36Z,inspected,1,count,fda.inspections.drugs,raw/fda.inspections.drugs/2026/09/20260907T210236Z-954bbebd51db.json.gz,1
fda.inspections.drugs,firm:3002420713,2024-03-15,2026-09-07T21:02:36Z,inspection_end,20240315,yyyymmdd,fda.inspections.drugs,raw/fda.inspections.drugs/2026/09/20260907T210236Z-954bbebd51db.json.gz,1
fda.inspections.drugs,firm:3002420713,2024-03-15,2026-09-07T21:02:36Z,is_foreign,1,bool,fda.inspections.drugs,raw/fda.inspections.drugs/2026/09/20260907T210236Z-954bbebd51db.json.gz,1
fda.inspections.drugs,firm:3002420713,2024-03-15,2026-09-07T21:02:36Z,is_oai,0,bool,fda.inspections.drugs,raw/fda.inspections.drugs/2026/09/20260907T210236Z-954bbebd51db.json.gz,1
fda.inspections.drugs,firm:3002420713,2024-03-15,2026-09-07T21:02:36Z,label,Cooperation Pharmaceutique Francaise,,fda.inspections.drugs,raw/fda.inspections.drugs/2026/09/20260907T210236Z-954bbebd51db.json.gz,1
fda.inspections.drugs,firm:3002807834,2024-03-22,2026-09-07T21:02:36Z,classification,1,ordinal,fda.inspections.drugs,raw/fda.inspections.drugs/2026/09/20260907T210236Z-954bbebd51db.json.gz,1
fda.inspections.drugs,firm:3002807834,2024-03-22,2026-09-07T21:02:36Z,firm_key,SECOND TOKUSHIMA FACTORY OTSUKA,,fda.inspections.drugs,raw/fda.inspections.drugs/2026/09/20260907T210236Z-954bbebd51db.json.gz,1
fda.inspections.drugs,firm:3002807834,2024-03-22,2026-09-07T21:02:36Z,inspected,1,count,fda.inspections.drugs,raw/fda.inspections.drugs/2026/09/20260907T210236Z-954bbebd51db.json.gz,1
fda.inspections.drugs,firm:3002807834,2024-03-22,2026-09-07T21:02:36Z,inspection_end,20240322,yyyymmdd,fda.inspections.drugs,raw/fda.inspections.drugs/2026/09/20260907T210236Z-954bbebd51db.json.gz,1
fda.inspections.drugs,firm:3002807834,2024-03-22,2026-09-07T21:02:36Z,is_foreign,1,bool,fda.inspections.drugs,raw/fda.inspections.drugs/2026/09/20260907T210236Z-954bbebd51db.json.gz,1
fda.inspections.drugs,firm:3002807834,2024-03-22,2026-09-07T21:02:36Z,is_oai,0,bool,fda.inspections.drugs,raw/fda.inspections.drugs/2026/09/20260907T210236Z-954bbebd51db.json.gz,1
fda.inspections.drugs,firm:3002807834,2024-03-22,2026-09-07T21:02:36Z,label,"Second Tokushima Factory, Otsuka Pharmaceutical Co., Ltd.",,fda.inspections.drugs,raw/fda.inspections.drugs/2026/09/20260907T210236Z-954bbebd51db.json.gz,1
fda.inspections.drugs,firm:3002807994,2024-03-28,2026-09-07T21:02:36Z,classification,1,ordinal,fda.inspections.drugs,raw/fda.inspections.drugs/2026/09/20260907T210236Z-954bbebd51db.json.gz,1
fda.inspections.drugs,firm:3002807994,2024-03-28,2026-09-07T21:02:36Z,firm_key,EVONIK REXIM S A S,,fda.inspections.drugs,raw/fda.inspections.drugs/2026/09/20260907T210236Z-954bbebd51db.json.gz,1
fda.inspections.drugs,firm:3002807994,2024-03-28,2026-09-07T21:02:36Z,inspected,1,count,fda.inspections.drugs,raw/fda.inspections.drugs/2026/09/20260907T210236Z-954bbebd51db.json.gz,1
fda.inspections.drugs,firm:3002807994,2024-03-28,2026-09-07T21:02:36Z,inspection_end,20240328,yyyymmdd,fda.inspections.drugs,raw/fda.inspections.drugs/2026/09/20260907T210236Z-954bbebd51db.json.gz,1
fda.inspections.drugs,firm:3002807994,2024-03-28,2026-09-07T21:02:36Z,is_foreign,1,bool,fda.inspections.drugs,raw/fda.inspections.drugs/2026/09/20260907T210236Z-954bbebd51db.json.gz,1
fda.inspections.drugs,firm:3002807994,2024-03-28,2026-09-07T21:02:36Z,is_oai,0,bool,fda.inspections.drugs,raw/fda.inspections.drugs/2026/09/20260907T210236Z-954bbebd51db.json.gz,1
fda.inspections.drugs,firm:3002807994,2024-03-28,2026-09-07T21:02:36Z,label,Evonik Rexim S.A.S.,,fda.inspections.drugs,raw/fda.inspections.drugs/2026/09/20260907T210236Z-954bbebd51db.json.gz,1
fda.inspections.drugs,firm:3002808250,2024-03-07,2026-09-07T21:02:36Z,classification,1,ordinal,fda.inspections.drugs,raw/fda.inspections.drugs/2026/09/20260907T210236Z-954bbebd51db.json.gz,1
fda.inspections.drugs,firm:3002808250,2024-03-07,2026-09-07T21:02:36Z,firm_key,CERBIOS,,fda.inspections.drugs,raw/fda.inspections.drugs/2026/09/20260907T210236Z-954bbebd51db.json.gz,1
fda.inspections.drugs,firm:3002808250,2024-03-07,2026-09-07T21:02:36Z,inspected,1,count,fda.inspections.drugs,raw/fda.inspections.drugs/2026/09/20260907T210236Z-954bbebd51db.json.gz,1
fda.inspections.drugs,firm:3002808250,2024-03-07,2026-09-07T21:02:36Z,inspection_end,20240307,yyyymmdd,fda.inspections.drugs,raw/fda.inspections.drugs/2026/09/20260907T210236Z-954bbebd51db.json.gz,1
fda.inspections.drugs,firm:3002808250,2024-03-07,2026-09-07T21:02:36Z,is_foreign,1,bool,fda.inspections.drugs,raw/fda.inspections.drugs/2026/09/20260907T210236Z-954bbebd51db.json.gz,1
fda.inspections.drugs,firm:3002808250,2024-03-07,2026-09-07T21:02:36Z,is_oai,0,bool,fda.inspections.drugs,raw/fda.inspections.drugs/2026/09/20260907T210236Z-954bbebd51db.json.gz,1
fda.inspections.drugs,firm:3002808250,2024-03-07,2026-09-07T21:02:36Z,label,Cerbios-Pharma SA,,fda.inspections.drugs,raw/fda.inspections.drugs/2026/09/20260907T210236Z-954bbebd51db.json.gz,1
fda.inspections.drugs,firm:3002865597,2024-03-15,2026-09-07T21:02:36Z,classification,0,ordinal,fda.inspections.drugs,raw/fda.inspections.drugs/2026/09/20260907T210236Z-954bbebd51db.json.gz,1
fda.inspections.drugs,firm:3002865597,2024-03-15,2026-09-07T21:02:36Z,firm_key,NORTHTEC KEYSTONE,,fda.inspections.drugs,raw/fda.inspections.drugs/2026/09/20260907T210236Z-954bbebd51db.json.gz,1
fda.inspections.drugs,firm:3002865597,2024-03-15,2026-09-07T21:02:36Z,inspected,1,count,fda.inspections.drugs,raw/fda.inspections.drugs/2026/09/20260907T210236Z-954bbebd51db.json.gz,1
fda.inspections.drugs,firm:3002865597,2024-03-15,2026-09-07T21:02:36Z,inspection_end,20240315,yyyymmdd,fda.inspections.drugs,raw/fda.inspections.drugs/2026/09/20260907T210236Z-954bbebd51db.json.gz,1
fda.inspections.drugs,firm:3002865597,2024-03-15,2026-09-07T21:02:36Z,is_foreign,0,bool,fda.inspections.drugs,raw/fda.inspections.drugs/2026/09/20260907T210236Z-954bbebd51db.json.gz,1
fda.inspections.drugs,firm:3002865597,2024-03-15,2026-09-07T21:02:36Z,is_oai,0,bool,fda.inspections.drugs,raw/fda.inspections.drugs/2026/09/20260907T210236Z-954bbebd51db.json.gz,1
fda.inspections.drugs,firm:3002865597,2024-03-15,2026-09-07T21:02:36Z,label,Northtec Keystone,,fda.inspections.drugs,raw/fda.inspections.drugs/2026/09/20260907T210236Z-954bbebd51db.json.gz,1
fda.inspections.drugs,firm:3002895902,2024-03-22,2026-09-07T21:02:36Z,classification,1,ordinal,fda.inspections.drugs,raw/fda.inspections.drugs/2026/09/20260907T210236Z-954bbebd51db.json.gz,1
fda.inspections.drugs,firm:3002895902,2024-03-22,2026-09-07T21:02:36Z,firm_key,LIUZHOU LIANGMIANZHEN LMZ,,fda.inspections.drugs,raw/fda.inspections.drugs/2026/09/20260907T210236Z-954bbebd51db.json.gz,1
fda.inspections.drugs,firm:3002895902,2024-03-22,2026-09-07T21:02:36Z,inspected,1,count,fda.inspections.drugs,raw/fda.inspections.drugs/2026/09/20260907T210236Z-954bbebd51db.json.gz,1
fda.inspections.drugs,firm:3002895902,2024-03-22,2026-09-07T21:02:36Z,inspection_end,20240322,yyyymmdd,fda.inspections.drugs,raw/fda.inspections.drugs/2026/09/20260907T210236Z-954bbebd51db.json.gz,1
fda.inspections.drugs,firm:3002895902,2024-03-22,2026-09-07T21:02:36Z,is_foreign,1,bool,fda.inspections.drugs,raw/fda.inspections.drugs/2026/09/20260907T210236Z-954bbebd51db.json.gz,1
fda.inspections.drugs,firm:3002895902,2024-03-22,2026-09-07T21:02:36Z,is_oai,0,bool,fda.inspections.drugs,raw/fda.inspections.drugs/2026/09/20260907T210236Z-954bbebd51db.json.gz,1
fda.inspections.drugs,firm:3002895902,2024-03-22,2026-09-07T21:02:36Z,label,"Liuzhou Liangmianzhen (LMZ) Co., Ltd.",,fda.inspections.drugs,raw/fda.inspections.drugs/2026/09/20260907T210236Z-954bbebd51db.json.gz,1
fda.inspections.drugs,firm:3002920000,2024-03-01,2026-09-07T21:02:36Z,classification,0,ordinal,fda.inspections.drugs,raw/fda.inspections.drugs/2026/09/20260907T210236Z-954bbebd51db.json.gz,1
fda.inspections.drugs,firm:3002920000,2024-03-01,2026-09-07T21:02:36Z,firm_key,ACCUGENIX,,fda.inspections.drugs,raw/fda.inspections.drugs/2026/09/20260907T210236Z-954bbebd51db.json.gz,1
fda.inspections.drugs,firm:3002920000,2024-03-01,2026-09-07T21:02:36Z,inspected,1,count,fda.inspections.drugs,raw/fda.inspections.drugs/2026/09/20260907T210236Z-954bbebd51db.json.gz,1
fda.inspections.drugs,firm:3002920000,2024-03-01,2026-09-07T21:02:36Z,inspection_end,20240301,yyyymmdd,fda.inspections.drugs,raw/fda.inspections.drugs/2026/09/20260907T210236Z-954bbebd51db.json.gz,1
fda.inspections.drugs,firm:3002920000,2024-03-01,2026-09-07T21:02:36Z,is_foreign,0,bool,fda.inspections.drugs,raw/fda.inspections.drugs/2026/09/20260907T210236Z-954bbebd51db.json.gz,1
fda.inspections.drugs,firm:3002920000,2024-03-01,2026-09-07T21:02:36Z,is_oai,0,bool,fda.inspections.drugs,raw/fda.inspections.drugs/2026/09/20260907T210236Z-954bbebd51db.json.gz,1
fda.inspections.drugs,firm:3002920000,2024-03-01,2026-09-07T21:02:36Z,label,Accugenix LLC,,fda.inspections.drugs,raw/fda.inspections.drugs/2026/09/20260907T210236Z-954bbebd51db.json.gz,1
fda.inspections.drugs,firm:3002936358,2024-03-01,2026-09-07T21:02:36Z,classification,1,ordinal,fda.inspections.drugs,raw/fda.inspections.drugs/2026/09/20260907T210236Z-954bbebd51db.json.gz,1
fda.inspections.drugs,firm:3002936358,2024-03-01,2026-09-07T21:02:36Z,firm_key,AMPHASTAR,,fda.inspections.drugs,raw/fda.inspections.drugs/2026/09/20260907T210236Z-954bbebd51db.json.gz,1
fda.inspections.drugs,firm:3002936358,2024-03-01,2026-09-07T21:02:36Z,inspected,1,count,fda.inspections.drugs,raw/fda.inspections.drugs/2026/09/20260907T210236Z-954bbebd51db.json.gz,1
fda.inspections.drugs,firm:3002936358,2024-03-01,2026-09-07T21:02:36Z,inspection_end,20240301,yyyymmdd,fda.inspections.drugs,raw/fda.inspections.drugs/2026/09/20260907T210236Z-954bbebd51db.json.gz,1
fda.inspections.drugs,firm:3002936358,2024-03-01,2026-09-07T21:02:36Z,is_foreign,0,bool,fda.inspections.drugs,raw/fda.inspections.drugs/2026/09/20260907T210236Z-954bbebd51db.json.gz,1
fda.inspections.drugs,firm:3002936358,2024-03-01,2026-09-07T21:02:36Z,is_oai,0,bool,fda.inspections.drugs,raw/fda.inspections.drugs/2026/09/20260907T210236Z-954bbebd51db.json.gz,1
fda.inspections.drugs,firm:3002936358,2024-03-01,2026-09-07T21:02:36Z,label,"Amphastar Pharmaceuticals, Inc.",,fda.inspections.drugs,raw/fda.inspections.drugs/2026/09/20260907T210236Z-954bbebd51db.json.gz,1
fda.inspections.drugs,firm:3003079019,2024-03-15,2026-09-07T21:02:36Z,classification,1,ordinal,fda.inspections.drugs,raw/fda.inspections.drugs/2026/09/20260907T210236Z-954bbebd51db.json.gz,1
fda.inspections.drugs,firm:3003079019,2024-03-15,2026-09-07T21:02:36Z,firm_key,KOBAYASHI AMERICA MANUFACTURING,,fda.inspections.drugs,raw/fda.inspections.drugs/2026/09/20260907T210236Z-954bbebd51db.json.gz,1
fda.inspections.drugs,firm:3003079019,2024-03-15,2026-09-07T21:02:36Z,inspected,1,count,fda.inspections.drugs,raw/fda.inspections.drugs/2026/09/20260907T210236Z-954bbebd51db.json.gz,1
fda.inspections.drugs,firm:3003079019,2024-03-15,2026-09-07T21:02:36Z,inspection_end,20240315,yyyymmdd,fda.inspections.drugs,raw/fda.inspections.drugs/2026/09/20260907T210236Z-954bbebd51db.json.gz,1
fda.inspections.drugs,firm:3003079019,2024-03-15,2026-09-07T21:02:36Z,is_foreign,0,bool,fda.inspections.drugs,raw/fda.inspections.drugs/2026/09/20260907T210236Z-954bbebd51db.json.gz,1
fda.inspections.drugs,firm:3003079019,2024-03-15,2026-09-07T21:02:36Z,is_oai,0,bool,fda.inspections.drugs,raw/fda.inspections.drugs/2026/09/20260907T210236Z-954bbebd51db.json.gz,1
fda.inspections.drugs,firm:3003079019,2024-03-15,2026-09-07T21:02:36Z,label,"Kobayashi America Manufacturing, LLC",,fda.inspections.drugs,raw/fda.inspections.drugs/2026/09/20260907T210236Z-954bbebd51db.json.gz,1
fda.inspections.drugs,firm:3003130103,2024-03-22,2026-09-07T21:02:36Z,classification,1,ordinal,fda.inspections.drugs,raw/fda.inspections.drugs/2026/09/20260907T210236Z-954bbebd51db.json.gz,1
fda.inspections.drugs,firm:3003130103,2024-03-22,2026-09-07T21:02:36Z,firm_key,HARMAN FINOCHEM,,fda.inspections.drugs,raw/fda.inspections.drugs/2026/09/20260907T210236Z-954bbebd51db.json.gz,1
fda.inspections.drugs,firm:3003130103,2024-03-22,2026-09-07T21:02:36Z,inspected,1,count,fda.inspections.drugs,raw/fda.inspections.drugs/2026/09/20260907T210236Z-954bbebd51db.json.gz,1
fda.inspections.drugs,firm:3003130103,2024-03-22,2026-09-07T21:02:36Z,inspection_end,20240322,yyyymmdd,fda.inspections.drugs,raw/fda.inspections.drugs/2026/09/20260907T210236Z-954bbebd51db.json.gz,1
fda.inspections.drugs,firm:3003130103,2024-03-22,2026-09-07T21:02:36Z,is_foreign,1,bool,fda.inspections.drugs,raw/fda.inspections.drugs/2026/09/20260907T210236Z-954bbebd51db.json.gz,1
fda.inspections.drugs,firm:3003130103,2024-03-22,2026-09-07T21:02:36Z,is_oai,0,bool,fda.inspections.drugs,raw/fda.inspections.drugs/2026/09/20260907T210236Z-954bbebd51db.json.gz,1
fda.inspections.drugs,firm:3003130103,2024-03-22,2026-09-07T21:02:36Z,label,Harman Finochem Limited,,fda.inspections.drugs,raw/fda.inspections.drugs/2026/09/20260907T210236Z-954bbebd51db.json.gz,1
fda.inspections.drugs,firm:3003289270,2024-03-22,2026-09-07T21:02:36Z,classification,0,ordinal,fda.inspections.drugs,raw/fda.inspections.drugs/2026/09/20260907T210236Z-954bbebd51db.json.gz,1
fda.inspections.drugs,firm:3003289270,2024-03-22,2026-09-07T21:02:36Z,firm_key,NEULAND UNIT I,,fda.inspections.drugs,raw/fda.inspections.drugs/2026/09/20260907T210236Z-954bbebd51db.json.gz,1
fda.inspections.drugs,firm:3003289270,2024-03-22,2026-09-07T21:02:36Z,inspected,1,count,fda.inspections.drugs,raw/fda.inspections.drugs/2026/09/20260907T210236Z-954bbebd51db.json.gz,1
fda.inspections.drugs,firm:3003289270,2024-03-22,2026-09-07T21:02:36Z,inspection_end,20240322,yyyymmdd,fda.inspections.drugs,raw/fda.inspections.drugs/2026/09/20260907T210236Z-954bbebd51db.json.gz,1
fda.inspections.drugs,firm:3003289270,2024-03-22,2026-09-07T21:02:36Z,is_foreign,1,bool,fda.inspections.drugs,raw/fda.inspections.drugs/2026/09/20260907T210236Z-954bbebd51db.json.gz,1
fda.inspections.drugs,firm:3003289270,2024-03-22,2026-09-07T21:02:36Z,is_oai,0,bool,fda.inspections.drugs,raw/fda.inspections.drugs/2026/09/20260907T210236Z-954bbebd51db.json.gz,1
fda.inspections.drugs,firm:3003289270,2024-03-22,2026-09-07T21:02:36Z,label,Neuland Laboratories Limited (Unit I),,fda.inspections.drugs,raw/fda.inspections.drugs/2026/09/20260907T210236Z-954bbebd51db.json.gz,1
fda.inspections.drugs,firm:3003316563,2024-03-29,2026-09-07T21:02:36Z,classification,1,ordinal,fda.inspections.drugs,raw/fda.inspections.drugs/2026/09/20260907T210236Z-954bbebd51db.json.gz,1
fda.inspections.drugs,firm:3003316563,2024-03-29,2026-09-07T21:02:36Z,firm_key,TIANJIN JINJIN,,fda.inspections.drugs,raw/fda.inspections.drugs/2026/09/20260907T210236Z-954bbebd51db.json.gz,1
fda.inspections.drugs,firm:3003316563,2024-03-29,2026-09-07T21:02:36Z,inspected,1,count,fda.inspections.drugs,raw/fda.inspections.drugs/2026/09/20260907T210236Z-954bbebd51db.json.gz,1
fda.inspections.drugs,firm:3003316563,2024-03-29,2026-09-07T21:02:36Z,inspection_end,20240329,yyyymmdd,fda.inspections.drugs,raw/fda.inspections.drugs/2026/09/20260907T210236Z-954bbebd51db.json.gz,1
fda.inspections.drugs,firm:3003316563,2024-03-29,2026-09-07T21:02:36Z,is_foreign,1,bool,fda.inspections.drugs,raw/fda.inspections.drugs/2026/09/20260907T210236Z-954bbebd51db.json.gz,1
fda.inspections.drugs,firm:3003316563,2024-03-29,2026-09-07T21:02:36Z,is_oai,0,bool,fda.inspections.drugs,raw/fda.inspections.drugs/2026/09/20260907T210236Z-954bbebd51db.json.gz,1
fda.inspections.drugs,firm:3003316563,2024-03-29,2026-09-07T21:02:36Z,label,Tianjin Jinjin Pharmaceutical Co. Ltd.,,fda.inspections.drugs,raw/fda.inspections.drugs/2026/09/20260907T210236Z-954bbebd51db.json.gz,1
fda.inspections.drugs,firm:3003347310,2024-03-21,2026-09-07T21:02:36Z,classification,1,ordinal,fda.inspections.drugs,raw/fda.inspections.drugs/2026/09/20260907T210236Z-954bbebd51db.json.gz,1
fda.inspections.drugs,firm:3003347310,2024-03-21,2026-09-07T21:02:36Z,firm_key,EUMEDICA INDUSTRIES SOCIEDAD LIMITADA,,fda.inspections.drugs,raw/fda.inspections.drugs/2026/09/20260907T210236Z-954bbebd51db.json.gz,1
fda.inspections.drugs,firm:3003347310,2024-03-21,2026-09-07T21:02:36Z,inspected,1,count,fda.inspections.drugs,raw/fda.inspections.drugs/2026/09/20260907T210236Z-954bbebd51db.json.gz,1
fda.inspections.drugs,firm:3003347310,2024-03-21,2026-09-07T21:02:36Z,inspection_end,20240321,yyyymmdd,fda.inspections.drugs,raw/fda.inspections.drugs/2026/09/20260907T210236Z-954bbebd51db.json.gz,1
fda.inspections.drugs,firm:3003347310,2024-03-21,2026-09-07T21:02:36Z,is_foreign,1,bool,fda.inspections.drugs,raw/fda.inspections.drugs/2026/09/20260907T210236Z-954bbebd51db.json.gz,1
fda.inspections.drugs,firm:3003347310,2024-03-21,2026-09-07T21:02:36Z,is_oai,0,bool,fda.inspections.drugs,raw/fda.inspections.drugs/2026/09/20260907T210236Z-954bbebd51db.json.gz,1
fda.inspections.drugs,firm:3003347310,2024-03-21,2026-09-07T21:02:36Z,label,EUMEDICA PHARMACEUTICALS INDUSTRIES SOCIEDAD LIMITADA,,fda.inspections.drugs,raw/fda.inspections.drugs/2026/09/20260907T210236Z-954bbebd51db.json.gz,1
fda.inspections.drugs,firm:3003535240,2024-03-15,2026-09-07T21:02:36Z,classification,1,ordinal,fda.inspections.drugs,raw/fda.inspections.drugs/2026/09/20260907T210236Z-954bbebd51db.json.gz,1
fda.inspections.drugs,firm:3003535240,2024-03-15,2026-09-07T21:02:36Z,firm_key,WEST COAST COSMETICS,,fda.inspections.drugs,raw/fda.inspections.drugs/2026/09/20260907T210236Z-954bbebd51db.json.gz,1
fda.inspections.drugs,firm:3003535240,2024-03-15,2026-09-07T21:02:36Z,inspected,1,count,fda.inspections.drugs,raw/fda.inspections.drugs/2026/09/20260907T210236Z-954bbebd51db.json.gz,1
fda.inspections.drugs,firm:3003535240,2024-03-15,2026-09-07T21:02:36Z,inspection_end,20240315,yyyymmdd,fda.inspections.drugs,raw/fda.inspections.drugs/2026/09/20260907T210236Z-954bbebd51db.json.gz,1
fda.inspections.drugs,firm:3003535240,2024-03-15,2026-09-07T21:02:36Z,is_foreign,0,bool,fda.inspections.drugs,raw/fda.inspections.drugs/2026/09/20260907T210236Z-954bbebd51db.json.gz,1
fda.inspections.drugs,firm:3003535240,2024-03-15,2026-09-07T21:02:36Z,is_oai,0,bool,fda.inspections.drugs,raw/fda.inspections.drugs/2026/09/20260907T210236Z-954bbebd51db.json.gz,1
fda.inspections.drugs,firm:3003535240,2024-03-15,2026-09-07T21:02:36Z,label,West Coast Cosmetics Inc,,fda.inspections.drugs,raw/fda.inspections.drugs/2026/09/20260907T210236Z-954bbebd51db.json.gz,1
fda.inspections.drugs,firm:3003557236,2024-03-01,2026-09-07T21:02:36Z,classification,0,ordinal,fda.inspections.drugs,raw/fda.inspections.drugs/2026/09/20260907T210236Z-954bbebd51db.json.gz,1
fda.inspections.drugs,firm:3003557236,2024-03-01,2026-09-07T21:02:36Z,firm_key,DAVID W BROWN MD,,fda.inspections.drugs,raw/fda.inspections.drugs/2026/09/20260907T210236Z-954bbebd51db.json.gz,1
fda.inspections.drugs,firm:3003557236,2024-03-01,2026-09-07T21:02:36Z,inspected,1,count,fda.inspections.drugs,raw/fda.inspections.drugs/2026/09/20260907T210236Z-954bbebd51db.json.gz,1
fda.inspections.drugs,firm:3003557236,2024-03-01,2026-09-07T21:02:36Z,inspection_end,20240301,yyyymmdd,fda.inspections.drugs,raw/fda.inspections.drugs/2026/09/20260907T210236Z-954bbebd51db.json.gz,1
fda.inspections.drugs,firm:3003557236,2024-03-01,2026-09-07T21:02:36Z,is_foreign,0,bool,fda.inspections.drugs,raw/fda.inspections.drugs/2026/09/20260907T210236Z-954bbebd51db.json.gz,1
fda.inspections.drugs,firm:3003557236,2024-03-01,2026-09-07T21:02:36Z,is_oai,0,bool,fda.inspections.drugs,raw/fda.inspections.drugs/2026/09/20260907T210236Z-954bbebd51db.json.gz,1
fda.inspections.drugs,firm:3003557236,2024-03-01,2026-09-07T21:02:36Z,label,"David W. Brown, MD",,fda.inspections.drugs,raw/fda.inspections.drugs/2026/09/20260907T210236Z-954bbebd51db.json.gz,1
fda.inspections.drugs,firm:3003708554,2024-03-21,2026-09-07T21:02:36Z,classification,1,ordinal,fda.inspections.drugs,raw/fda.inspections.drugs/2026/09/20260907T210236Z-954bbebd51db.json.gz,1
fda.inspections.drugs,firm:3003708554,2024-03-21,2026-09-07T21:02:36Z,firm_key,FRESENIUS KABI AUSTRIA,,fda.inspections.drugs,raw/fda.inspections.drugs/2026/09/20260907T210236Z-954bbebd51db.json.gz,1
fda.inspections.drugs,firm:3003708554,2024-03-21,2026-09-07T21:02:36Z,inspected,1,count,fda.inspections.drugs,raw/fda.inspections.drugs/2026/09/20260907T210236Z-954bbebd51db.json.gz,1
fda.inspections.drugs,firm:3003708554,2024-03-21,2026-09-07T21:02:36Z,inspection_end,20240321,yyyymmdd,fda.inspections.drugs,raw/fda.inspections.drugs/2026/09/20260907T210236Z-954bbebd51db.json.gz,1
fda.inspections.drugs,firm:3003708554,2024-03-21,2026-09-07T21:02:36Z,is_foreign,1,bool,fda.inspections.drugs,raw/fda.inspections.drugs/2026/09/20260907T210236Z-954bbebd51db.json.gz,1
fda.inspections.drugs,firm:3003708554,2024-03-21,2026-09-07T21:02:36Z,is_oai,0,bool,fda.inspections.drugs,raw/fda.inspections.drugs/2026/09/20260907T210236Z-954bbebd51db.json.gz,1
fda.inspections.drugs,firm:3003708554,2024-03-21,2026-09-07T21:02:36Z,label,Fresenius Kabi Austria GMBH,,fda.inspections.drugs,raw/fda.inspections.drugs/2026/09/20260907T210236Z-954bbebd51db.json.gz,1
fda.inspections.drugs,firm:3003732290,2024-03-14,2026-09-07T21:02:36Z,classification,1,ordinal,fda.inspections.drugs,raw/fda.inspections.drugs/2026/09/20260907T210236Z-954bbebd51db.json.gz,1
fda.inspections.drugs,firm:3003732290,2024-03-14,2026-09-07T21:02:36Z,firm_key,ROTTENDORF,,fda.inspections.drugs,raw/fda.inspections.drugs/2026/09/20260907T210236Z-954bbebd51db.json.gz,1
fda.inspections.drugs,firm:3003732290,2024-03-14,2026-09-07T21:02:36Z,inspected,1,count,fda.inspections.drugs,raw/fda.inspections.drugs/2026/09/20260907T210236Z-954bbebd51db.json.gz,1
fda.inspections.drugs,firm:3003732290,2024-03-14,2026-09-07T21:02:36Z,inspection_end,20240314,yyyymmdd,fda.inspections.drugs,raw/fda.inspections.drugs/2026/09/20260907T210236Z-954bbebd51db.json.gz,1
fda.inspections.drugs,firm:3003732290,2024-03-14,2026-09-07T21:02:36Z,is_foreign,1,bool,fda.inspections.drugs,raw/fda.inspections.drugs/2026/09/20260907T210236Z-954bbebd51db.json.gz,1
fda.inspections.drugs,firm:3003732290,2024-03-14,2026-09-07T21:02:36Z,is_oai,0,bool,fda.inspections.drugs,raw/fda.inspections.drugs/2026/09/20260907T210236Z-954bbebd51db.json.gz,1
fda.inspections.drugs,firm:3003732290,2024-03-14,2026-09-07T21:02:36Z,label,Rottendorf Pharma Gmbh,,fda.inspections.drugs,raw/fda.inspections.drugs/2026/09/20260907T210236Z-954bbebd51db.json.gz,1
fda.inspections.drugs,firm:3003749112,2024-03-29,2026-09-07T21:02:36Z,classification,1,ordinal,fda.inspections.drugs,raw/fda.inspections.drugs/2026/09/20260907T210236Z-954bbebd51db.json.gz,1
fda.inspections.drugs,firm:3003749112,2024-03-29,2026-09-07T21:02:36Z,firm_key,IPSEN BIOTECH,,fda.inspections.drugs,raw/fda.inspections.drugs/2026/09/20260907T210236Z-954bbebd51db.json.gz,1
fda.inspections.drugs,firm:3003749112,2024-03-29,2026-09-07T21:02:36Z,inspected,1,count,fda.inspections.drugs,raw/fda.inspections.drugs/2026/09/20260907T210236Z-954bbebd51db.json.gz,1
fda.inspections.drugs,firm:3003749112,2024-03-29,2026-09-07T21:02:36Z,inspection_end,20240329,yyyymmdd,fda.inspections.drugs,raw/fda.inspections.drugs/2026/09/20260907T210236Z-954bbebd51db.json.gz,1
fda.inspections.drugs,firm:3003749112,2024-03-29,2026-09-07T21:02:36Z,is_foreign,1,bool,fda.inspections.drugs,raw/fda.inspections.drugs/2026/09/20260907T210236Z-954bbebd51db.json.gz,1
fda.inspections.drugs,firm:3003749112,2024-03-29,2026-09-07T21:02:36Z,is_oai,0,bool,fda.inspections.drugs,raw/fda.inspections.drugs/2026/09/20260907T210236Z-954bbebd51db.json.gz,1
fda.inspections.drugs,firm:3003749112,2024-03-29,2026-09-07T21:02:36Z,label,Ipsen Pharma Biotech,,fda.inspections.drugs,raw/fda.inspections.drugs/2026/09/20260907T210236Z-954bbebd51db.json.gz,1
fda.inspections.drugs,firm:3003813519,2024-03-28,2026-09-07T21:02:36Z,classification,1,ordinal,fda.inspections.drugs,raw/fda.inspections.drugs/2026/09/20260907T210236Z-954bbebd51db.json.gz,1
fda.inspections.drugs,firm:3003813519,2024-03-28,2026-09-07T21:02:36Z,firm_key,ONESOURCE SPECIALTY,,fda.inspections.drugs,raw/fda.inspections.drugs/2026/09/20260907T210236Z-954bbebd51db.json.gz,1
fda.inspections.drugs,firm:3003813519,2024-03-28,2026-09-07T21:02:36Z,inspected,1,count,fda.inspections.drugs,raw/fda.inspections.drugs/2026/09/20260907T210236Z-954bbebd51db.json.gz,1
fda.inspections.drugs,firm:3003813519,2024-03-28,2026-09-07T21:02:36Z,inspection_end,20240328,yyyymmdd,fda.inspections.drugs,raw/fda.inspections.drugs/2026/09/20260907T210236Z-954bbebd51db.json.gz,1
fda.inspections.drugs,firm:3003813519,2024-03-28,2026-09-07T21:02:36Z,is_foreign,1,bool,fda.inspections.drugs,raw/fda.inspections.drugs/2026/09/20260907T210236Z-954bbebd51db.json.gz,1
fda.inspections.drugs,firm:3003813519,2024-03-28,2026-09-07T21:02:36Z,is_oai,0,bool,fda.inspections.drugs,raw/fda.inspections.drugs/2026/09/20260907T210236Z-954bbebd51db.json.gz,1
fda.inspections.drugs,firm:3003813519,2024-03-28,2026-09-07T21:02:36Z,label,OneSource Specialty Pharma Limited,,fda.inspections.drugs,raw/fda.inspections.drugs/2026/09/20260907T210236Z-954bbebd51db.json.gz,1
fda.inspections.drugs,firm:3003973547,2024-03-15,2026-09-07T21:02:36Z,classification,0,ordinal,fda.inspections.drugs,raw/fda.inspections.drugs/2026/09/20260907T210236Z-954bbebd51db.json.gz,1
fda.inspections.drugs,firm:3003973547,2024-03-15,2026-09-07T21:02:36Z,firm_key,TATEYAMA KASEI,,fda.inspections.drugs,raw/fda.inspections.drugs/2026/09/20260907T210236Z-954bbebd51db.json.gz,1
fda.inspections.drugs,firm:3003973547,2024-03-15,2026-09-07T21:02:36Z,inspected,1,count,fda.inspections.drugs,raw/fda.inspections.drugs/2026/09/20260907T210236Z-954bbebd51db.json.gz,1
fda.inspections.drugs,firm:3003973547,2024-03-15,2026-09-07T21:02:36Z,inspection_end,20240315,yyyymmdd,fda.inspections.drugs,raw/fda.inspections.drugs/2026/09/20260907T210236Z-954bbebd51db.json.gz,1
fda.inspections.drugs,firm:3003973547,2024-03-15,2026-09-07T21:02:36Z,is_foreign,1,bool,fda.inspections.drugs,raw/fda.inspections.drugs/2026/09/20260907T210236Z-954bbebd51db.json.gz,1
fda.inspections.drugs,firm:3003973547,2024-03-15,2026-09-07T21:02:36Z,is_oai,0,bool,fda.inspections.drugs,raw/fda.inspections.drugs/2026/09/20260907T210236Z-954bbebd51db.json.gz,1
fda.inspections.drugs,firm:3003973547,2024-03-15,2026-09-07T21:02:36Z,label,Tateyama Kasei Company Ltd.,,fda.inspections.drugs,raw/fda.inspections.drugs/2026/09/20260907T210236Z-954bbebd51db.json.gz,1
fda.inspections.drugs,firm:3004000544,2024-03-27,2026-09-07T21:02:36Z,classification,0,ordinal,fda.inspections.drugs,raw/fda.inspections.drugs/2026/09/20260907T210236Z-954bbebd51db.json.gz,1
fda.inspections.drugs,firm:3004000544,2024-03-27,2026-09-07T21:02:36Z,firm_key,EXACT RX,,fda.inspections.drugs,raw/fda.inspections.drugs/2026/09/20260907T210236Z-954bbebd51db.json.gz,1
fda.inspections.drugs,firm:3004000544,2024-03-27,2026-09-07T21:02:36Z,inspected,1,count,fda.inspections.drugs,raw/fda.inspections.drugs/2026/09/20260907T210236Z-954bbebd51db.json.gz,1
fda.inspections.drugs,firm:3004000544,2024-03-27,2026-09-07T21:02:36Z,inspection_end,20240327,yyyymmdd,fda.inspections.drugs,raw/fda.inspections.drugs/2026/09/20260907T210236Z-954bbebd51db.json.gz,1
fda.inspections.drugs,firm:3004000544,2024-03-27,2026-09-07T21:02:36Z,is_foreign,0,bool,fda.inspections.drugs,raw/fda.inspections.drugs/2026/09/20260907T210236Z-954bbebd51db.json.gz,1
fda.inspections.drugs,firm:3004000544,2024-03-27,2026-09-07T21:02:36Z,is_oai,0,bool,fda.inspections.drugs,raw/fda.inspections.drugs/2026/09/20260907T210236Z-954bbebd51db.json.gz,1
fda.inspections.drugs,firm:3004000544,2024-03-27,2026-09-07T21:02:36Z,label,Exact-Rx Inc,,fda.inspections.drugs,raw/fda.inspections.drugs/2026/09/20260907T210236Z-954bbebd51db.json.gz,1
fda.inspections.drugs,firm:3004014911,2024-03-08,2026-09-07T21:02:36Z,classification,1,ordinal,fda.inspections.drugs,raw/fda.inspections.drugs/2026/09/20260907T210236Z-954bbebd51db.json.gz,1
fda.inspections.drugs,firm:3004014911,2024-03-08,2026-09-07T21:02:36Z,firm_key,ART COSMETICS S R L,,fda.inspections.drugs,raw/fda.inspections.drugs/2026/09/20260907T210236Z-954bbebd51db.json.gz,1
fda.inspections.drugs,firm:3004014911,2024-03-08,2026-09-07T21:02:36Z,inspected,1,count,fda.inspections.drugs,raw/fda.inspections.drugs/2026/09/20260907T210236Z-954bbebd51db.json.gz,1
fda.inspections.drugs,firm:3004014911,2024-03-08,2026-09-07T21:02:36Z,inspection_end,20240308,yyyymmdd,fda.inspections.drugs,raw/fda.inspections.drugs/2026/09/20260907T210236Z-954bbebd51db.json.gz,1
fda.inspections.drugs,firm:3004014911,2024-03-08,2026-09-07T21:02:36Z,is_foreign,1,bool,fda.inspections.drugs,raw/fda.inspections.drugs/2026/09/20260907T210236Z-954bbebd51db.json.gz,1
fda.inspections.drugs,firm:3004014911,2024-03-08,2026-09-07T21:02:36Z,is_oai,0,bool,fda.inspections.drugs,raw/fda.inspections.drugs/2026/09/20260907T210236Z-954bbebd51db.json.gz,1
fda.inspections.drugs,firm:3004014911,2024-03-08,2026-09-07T21:02:36Z,label,Art Cosmetics S.R.L.,,fda.inspections.drugs,raw/fda.inspections.drugs/2026/09/20260907T210236Z-954bbebd51db.json.gz,1
fda.inspections.drugs,firm:3004161218,2024-03-07,2026-09-07T21:02:36Z,classification,1,ordinal,fda.inspections.drugs,raw/fda.inspections.drugs/2026/09/20260907T210236Z-954bbebd51db.json.gz,1
fda.inspections.drugs,firm:3004161218,2024-03-07,2026-09-07T21:02:36Z,firm_key,DISHMAN CARBOGEN AMCIS,,fda.inspections.drugs,raw/fda.inspections.drugs/2026/09/20260907T210236Z-954bbebd51db.json.gz,1
fda.inspections.drugs,firm:3004161218,2024-03-07,2026-09-07T21:02:36Z,inspected,1,count,fda.inspections.drugs,raw/fda.inspections.drugs/2026/09/20260907T210236Z-954bbebd51db.json.gz,1
fda.inspections.drugs,firm:3004161218,2024-03-07,2026-09-07T21:02:36Z,inspection_end,20240307,yyyymmdd,fda.inspections.drugs,raw/fda.inspections.drugs/2026/09/20260907T210236Z-954bbebd51db.json.gz,1
fda.inspections.drugs,firm:3004161218,2024-03-07,2026-09-07T21:02:36Z,is_foreign,1,bool,fda.inspections.drugs,raw/fda.inspections.drugs/2026/09/20260907T210236Z-954bbebd51db.json.gz,1
fda.inspections.drugs,firm:3004161218,2024-03-07,2026-09-07T21:02:36Z,is_oai,0,bool,fda.inspections.drugs,raw/fda.inspections.drugs/2026/09/20260907T210236Z-954bbebd51db.json.gz,1
fda.inspections.drugs,firm:3004161218,2024-03-07,2026-09-07T21:02:36Z,label,Dishman Carbogen Amcis Limited,,fda.inspections.drugs,raw/fda.inspections.drugs/2026/09/20260907T210236Z-954bbebd51db.json.gz,1
fda.inspections.drugs,firm:3004369363,2024-03-07,2026-09-07T21:02:36Z,classification,0,ordinal,fda.inspections.drugs,raw/fda.inspections.drugs/2026/09/20260907T210236Z-954bbebd51db.json.gz,1
fda.inspections.drugs,firm:3004369363,2024-03-07,2026-09-07T21:02:36Z,firm_key,MERCK CIE,,fda.inspections.drugs,raw/fda.inspections.drugs/2026/09/20260907T210236Z-954bbebd51db.json.gz,1
fda.inspections.drugs,firm:3004369363,2024-03-07,2026-09-07T21:02:36Z,inspected,1,count,fda.inspections.drugs,raw/fda.inspections.drugs/2026/09/20260907T210236Z-954bbebd51db.json.gz,1
fda.inspections.drugs,firm:3004369363,2024-03-07,2026-09-07T21:02:36Z,inspection_end,20240307,yyyymmdd,fda.inspections.drugs,raw/fda.inspections.drugs/2026/09/20260907T210236Z-954bbebd51db.json.gz,1
fda.inspections.drugs,firm:3004369363,2024-03-07,2026-09-07T21:02:36Z,is_foreign,1,bool,fda.inspections.drugs,raw/fda.inspections.drugs/2026/09/20260907T210236Z-954bbebd51db.json.gz,1
fda.inspections.drugs,firm:3004369363,2024-03-07,2026-09-07T21:02:36Z,is_oai,0,bool,fda.inspections.drugs,raw/fda.inspections.drugs/2026/09/20260907T210236Z-954bbebd51db.json.gz,1
fda.inspections.drugs,firm:3004369363,2024-03-07,2026-09-07T21:02:36Z,label,Merck & Cie,,fda.inspections.drugs,raw/fda.inspections.drugs/2026/09/20260907T210236Z-954bbebd51db.json.gz,1
fda.inspections.drugs,firm:3004466970,2024-03-21,2026-09-07T21:02:36Z,classification,0,ordinal,fda.inspections.drugs,raw/fda.inspections.drugs/2026/09/20260907T210236Z-954bbebd51db.json.gz,1
fda.inspections.drugs,firm:3004466970,2024-03-21,2026-09-07T21:02:36Z,firm_key,ALIMERA SCIENCES,,fda.inspections.drugs,raw/fda.inspections.drugs/2026/09/20260907T210236Z-954bbebd51db.json.gz,1
fda.inspections.drugs,firm:3004466970,2024-03-21,2026-09-07T21:02:36Z,inspected,1,count,fda.inspections.drugs,raw/fda.inspections.drugs/2026/09/20260907T210236Z-954bbebd51db.json.gz,1
fda.inspections.drugs,firm:3004466970,2024-03-21,2026-09-07T21:02:36Z,inspection_end,20240321,yyyymmdd,fda.inspections.drugs,raw/fda.inspections.drugs/2026/09/20260907T210236Z-954bbebd51db.json.gz,1
fda.inspections.drugs,firm:3004466970,2024-03-21,2026-09-07T21:02:36Z,is_foreign,0,bool,fda.inspections.drugs,raw/fda.inspections.drugs/2026/09/20260907T210236Z-954bbebd51db.json.gz,1
fda.inspections.drugs,firm:3004466970,2024-03-21,2026-09-07T21:02:36Z,is_oai,0,bool,fda.inspections.drugs,raw/fda.inspections.drugs/2026/09/20260907T210236Z-954bbebd51db.json.gz,1
fda.inspections.drugs,firm:3004466970,2024-03-21,2026-09-07T21:02:36Z,label,Alimera Sciences Inc,,fda.inspections.drugs,raw/fda.inspections.drugs/2026/09/20260907T210236Z-954bbebd51db.json.gz,1
fda.inspections.drugs,firm:3004485164,2024-03-12,2026-09-07T21:02:36Z,classification,0,ordinal,fda.inspections.drugs,raw/fda.inspections.drugs/2026/09/20260907T210236Z-954bbebd51db.json.gz,1
fda.inspections.drugs,firm:3004485164,2024-03-12,2026-09-07T21:02:36Z,firm_key,STERLING WISCONSIN,,fda.inspections.drugs,raw/fda.inspections.drugs/2026/09/20260907T210236Z-954bbebd51db.json.gz,1
fda.inspections.drugs,firm:3004485164,2024-03-12,2026-09-07T21:02:36Z,inspected,1,count,fda.inspections.drugs,raw/fda.inspections.drugs/2026/09/20260907T210236Z-954bbebd51db.json.gz,1
fda.inspections.drugs,firm:3004485164,2024-03-12,2026-09-07T21:02:36Z,inspection_end,20240312,yyyymmdd,fda.inspections.drugs,raw/fda.inspections.drugs/2026/09/20260907T210236Z-954bbebd51db.json.gz,1
fda.inspections.drugs,firm:3004485164,2024-03-12,2026-09-07T21:02:36Z,is_foreign,0,bool,fda.inspections.drugs,raw/fda.inspections.drugs/2026/09/20260907T210236Z-954bbebd51db.json.gz,1
fda.inspections.drugs,firm:3004485164,2024-03-12,2026-09-07T21:02:36Z,is_oai,0,bool,fda.inspections.drugs,raw/fda.inspections.drugs/2026/09/20260907T210236Z-954bbebd51db.json.gz,1
fda.inspections.drugs,firm:3004485164,2024-03-12,2026-09-07T21:02:36Z,label,"Sterling Wisconsin, LLC",,fda.inspections.drugs,raw/fda.inspections.drugs/2026/09/20260907T210236Z-954bbebd51db.json.gz,1
fda.inspections.drugs,firm:3004712471,2024-03-08,2026-09-07T21:02:36Z,classification,1,ordinal,fda.inspections.drugs,raw/fda.inspections.drugs/2026/09/20260907T210236Z-954bbebd51db.json.gz,1
fda.inspections.drugs,firm:3004712471,2024-03-08,2026-09-07T21:02:36Z,firm_key,TRIS,,fda.inspections.drugs,raw/fda.inspections.drugs/2026/09/20260907T210236Z-954bbebd51db.json.gz,1
fda.inspections.drugs,firm:3004712471,2024-03-08,2026-09-07T21:02:36Z,inspected,1,count,fda.inspections.drugs,raw/fda.inspections.drugs/2026/09/20260907T210236Z-954bbebd51db.json.gz,1
fda.inspections.drugs,firm:3004712471,2024-03-08,2026-09-07T21:02:36Z,inspection_end,20240308,yyyymmdd,fda.inspections.drugs,raw/fda.inspections.drugs/2026/09/20260907T210236Z-954bbebd51db.json.gz,1
fda.inspections.drugs,firm:3004712471,2024-03-08,2026-09-07T21:02:36Z,is_foreign,0,bool,fda.inspections.drugs,raw/fda.inspections.drugs/2026/09/20260907T210236Z-954bbebd51db.json.gz,1
fda.inspections.drugs,firm:3004712471,2024-03-08,2026-09-07T21:02:36Z,is_oai,0,bool,fda.inspections.drugs,raw/fda.inspections.drugs/2026/09/20260907T210236Z-954bbebd51db.json.gz,1
fda.inspections.drugs,firm:3004712471,2024-03-08,2026-09-07T21:02:36Z,label,Tris Pharma Inc.,,fda.inspections.drugs,raw/fda.inspections.drugs/2026/09/20260907T210236Z-954bbebd51db.json.gz,1
fda.inspections.drugs,firm:3004810446,2024-03-04,2026-09-07T21:02:36Z,classification,1,ordinal,fda.inspections.drugs,raw/fda.inspections.drugs/2026/09/20260907T210236Z-954bbebd51db.json.gz,1
fda.inspections.drugs,firm:3004810446,2024-03-04,2026-09-07T21:02:36Z,firm_key,AMOLI ORGANICS A DIVISION OF UMEDICA,,fda.inspections.drugs,raw/fda.inspections.drugs/2026/09/20260907T210236Z-954bbebd51db.json.gz,1
fda.inspections.drugs,firm:3004810446,2024-03-04,2026-09-07T21:02:36Z,inspected,1,count,fda.inspections.drugs,raw/fda.inspections.drugs/2026/09/20260907T210236Z-954bbebd51db.json.gz,1
fda.inspections.drugs,firm:3004810446,2024-03-04,2026-09-07T21:02:36Z,inspection_end,20240304,yyyymmdd,fda.inspections.drugs,raw/fda.inspections.drugs/2026/09/20260907T210236Z-954bbebd51db.json.gz,1
fda.inspections.drugs,firm:3004810446,2024-03-04,2026-09-07T21:02:36Z,is_foreign,1,bool,fda.inspections.drugs,raw/fda.inspections.drugs/2026/09/20260907T210236Z-954bbebd51db.json.gz,1
fda.inspections.drugs,firm:3004810446,2024-03-04,2026-09-07T21:02:36Z,is_oai,0,bool,fda.inspections.drugs,raw/fda.inspections.drugs/2026/09/20260907T210236Z-954bbebd51db.json.gz,1
fda.inspections.drugs,firm:3004810446,2024-03-04,2026-09-07T21:02:36Z,label,Amoli Organics (A Division of Umedica Laboratories Pvt Ltd),,fda.inspections.drugs,raw/fda.inspections.drugs/2026/09/20260907T210236Z-954bbebd51db.json.gz,1
fda.inspections.drugs,firm:3004995645,2024-03-15,2026-09-07T21:02:36Z,classification,1,ordinal,fda.inspections.drugs,raw/fda.inspections.drugs/2026/09/20260907T210236Z-954bbebd51db.json.gz,1
fda.inspections.drugs,firm:3004995645,2024-03-15,2026-09-07T21:02:36Z,firm_key,LUPIN,,fda.inspections.drugs,raw/fda.inspections.drugs/2026/09/20260907T210236Z-954bbebd51db.json.gz,1
fda.inspections.drugs,firm:3004995645,2024-03-15,2026-09-07T21:02:36Z,inspected,1,count,fda.inspections.drugs,raw/fda.inspections.drugs/2026/09/20260907T210236Z-954bbebd51db.json.gz,1
fda.inspections.drugs,firm:3004995645,2024-03-15,2026-09-07T21:02:36Z,inspection_end,20240315,yyyymmdd,fda.inspections.drugs,raw/fda.inspections.drugs/2026/09/20260907T210236Z-954bbebd51db.json.gz,1
fda.inspections.drugs,firm:3004995645,2024-03-15,2026-09-07T21:02:36Z,is_foreign,1,bool,fda.inspections.drugs,raw/fda.inspections.drugs/2026/09/20260907T210236Z-954bbebd51db.json.gz,1
fda.inspections.drugs,firm:3004995645,2024-03-15,2026-09-07T21:02:36Z,is_oai,0,bool,fda.inspections.drugs,raw/fda.inspections.drugs/2026/09/20260907T210236Z-954bbebd51db.json.gz,1
fda.inspections.drugs,firm:3004995645,2024-03-15,2026-09-07T21:02:36Z,label,Lupin Ltd.,,fda.inspections.drugs,raw/fda.inspections.drugs/2026/09/20260907T210236Z-954bbebd51db.json.gz,1
fda.inspections.drugs,firm:3005256542,2024-03-22,2026-09-07T21:02:36Z,classification,0,ordinal,fda.inspections.drugs,raw/fda.inspections.drugs/2026/09/20260907T210236Z-954bbebd51db.json.gz,1
fda.inspections.drugs,firm:3005256542,2024-03-22,2026-09-07T21:02:36Z,firm_key,CHONGQING CARELIFE,,fda.inspections.drugs,raw/fda.inspections.drugs/2026/09/20260907T210236Z-954bbebd51db.json.gz,1
fda.inspections.drugs,firm:3005256542,2024-03-22,2026-09-07T21:02:36Z,inspected,1,count,fda.inspections.drugs,raw/fda.inspections.drugs/2026/09/20260907T210236Z-954bbebd51db.json.gz,1
fda.inspections.drugs,firm:3005256542,2024-03-22,2026-09-07T21:02:36Z,inspection_end,20240322,yyyymmdd,fda.inspections.drugs,raw/fda.inspections.drugs/2026/09/20260907T210236Z-954bbebd51db.json.gz,1
fda.inspections.drugs,firm:3005256542,2024-03-22,2026-09-07T21:02:36Z,is_foreign,1,bool,fda.inspections.drugs,raw/fda.inspections.drugs/2026/09/20260907T210236Z-954bbebd51db.json.gz,1
fda.inspections.drugs,firm:3005256542,2024-03-22,2026-09-07T21:02:36Z,is_oai,0,bool,fda.inspections.drugs,raw/fda.inspections.drugs/2026/09/20260907T210236Z-954bbebd51db.json.gz,1
fda.inspections.drugs,firm:3005256542,2024-03-22,2026-09-07T21:02:36Z,label,"Chongqing Carelife Pharmaceutical Co., Ltd.",,fda.inspections.drugs,raw/fda.inspections.drugs/2026/09/20260907T210236Z-954bbebd51db.json.gz,1
fda.inspections.drugs,firm:3005304178,2024-03-29,2026-09-07T21:02:36Z,classification,1,ordinal,fda.inspections.drugs,raw/fda.inspections.drugs/2026/09/20260907T210236Z-954bbebd51db.json.gz,1
fda.inspections.drugs,firm:3005304178,2024-03-29,2026-09-07T21:02:36Z,firm_key,SHENZHEN LANTERN SCIENCE,,fda.inspections.drugs,raw/fda.inspections.drugs/2026/09/20260907T210236Z-954bbebd51db.json.gz,1
fda.inspections.drugs,firm:3005304178,2024-03-29,2026-09-07T21:02:36Z,inspected,1,count,fda.inspections.drugs,raw/fda.inspections.drugs/2026/09/20260907T210236Z-954bbebd51db.json.gz,1
fda.inspections.drugs,firm:3005304178,2024-03-29,2026-09-07T21:02:36Z,inspection_end,20240329,yyyymmdd,fda.inspections.drugs,raw/fda.inspections.drugs/2026/09/20260907T210236Z-954bbebd51db.json.gz,1
fda.inspections.drugs,firm:3005304178,2024-03-29,2026-09-07T21:02:36Z,is_foreign,1,bool,fda.inspections.drugs,raw/fda.inspections.drugs/2026/09/20260907T210236Z-954bbebd51db.json.gz,1
fda.inspections.drugs,firm:3005304178,2024-03-29,2026-09-07T21:02:36Z,is_oai,0,bool,fda.inspections.drugs,raw/fda.inspections.drugs/2026/09/20260907T210236Z-954bbebd51db.json.gz,1
fda.inspections.drugs,firm:3005304178,2024-03-29,2026-09-07T21:02:36Z,label,"Shenzhen Lantern Science Co., Ltd.",,fda.inspections.drugs,raw/fda.inspections.drugs/2026/09/20260907T210236Z-954bbebd51db.json.gz,1
fda.inspections.drugs,firm:3005324554,2024-03-27,2026-09-07T21:02:36Z,classification,0,ordinal,fda.inspections.drugs,raw/fda.inspections.drugs/2026/09/20260907T210236Z-954bbebd51db.json.gz,1
fda.inspections.drugs,firm:3005324554,2024-03-27,2026-09-07T21:02:36Z,firm_key,TRUSTEES OF DARTMOUTH COLLEGE COMMITTEE FOR THE PROTECTION OF HUMAN SUBJECTS,,fda.inspections.drugs,raw/fda.inspections.drugs/2026/09/20260907T210236Z-954bbebd51db.json.gz,1
fda.inspections.drugs,firm:3005324554,2024-03-27,2026-09-07T21:02:36Z,inspected,1,count,fda.inspections.drugs,raw/fda.inspections.drugs/2026/09/20260907T210236Z-954bbebd51db.json.gz,1
fda.inspections.drugs,firm:3005324554,2024-03-27,2026-09-07T21:02:36Z,inspection_end,20240327,yyyymmdd,fda.inspections.drugs,raw/fda.inspections.drugs/2026/09/20260907T210236Z-954bbebd51db.json.gz,1
fda.inspections.drugs,firm:3005324554,2024-03-27,2026-09-07T21:02:36Z,is_foreign,0,bool,fda.inspections.drugs,raw/fda.inspections.drugs/2026/09/20260907T210236Z-954bbebd51db.json.gz,1
fda.inspections.drugs,firm:3005324554,2024-03-27,2026-09-07T21:02:36Z,is_oai,0,bool,fda.inspections.drugs,raw/fda.inspections.drugs/2026/09/20260907T210236Z-954bbebd51db.json.gz,1
fda.inspections.drugs,firm:3005324554,2024-03-27,2026-09-07T21:02:36Z,label,Trustees of Dartmouth College Committee for the Protection  of Human Subjects,,fda.inspections.drugs,raw/fda.inspections.drugs/2026/09/20260907T210236Z-954bbebd51db.json.gz,1
fda.inspections.drugs,firm:3005350897,2024-03-15,2026-09-07T21:02:36Z,classification,2,ordinal,fda.inspections.drugs,raw/fda.inspections.drugs/2026/09/20260907T210236Z-954bbebd51db.json.gz,1
fda.inspections.drugs,firm:3005350897,2024-03-15,2026-09-07T21:02:36Z,firm_key,BELLEVIEW 402,,fda.inspections.drugs,raw/fda.inspections.drugs/2026/09/20260907T210236Z-954bbebd51db.json.gz,1
fda.inspections.drugs,firm:3005350897,2024-03-15,2026-09-07T21:02:36Z,inspected,1,count,fda.inspections.drugs,raw/fda.inspections.drugs/2026/09/20260907T210236Z-954bbebd51db.json.gz,1
fda.inspections.drugs,firm:3005350897,2024-03-15,2026-09-07T21:02:36Z,inspection_end,20240315,yyyymmdd,fda.inspections.drugs,raw/fda.inspections.drugs/2026/09/20260907T210236Z-954bbebd51db.json.gz,1
fda.inspections.drugs,firm:3005350897,2024-03-15,2026-09-07T21:02:36Z,is_foreign,0,bool,fda.inspections.drugs,raw/fda.inspections.drugs/2026/09/20260907T210236Z-954bbebd51db.json.gz,1
fda.inspections.drugs,firm:3005350897,2024-03-15,2026-09-07T21:02:36Z,is_oai,1,bool,fda.inspections.drugs,raw/fda.inspections.drugs/2026/09/20260907T210236Z-954bbebd51db.json.gz,1
fda.inspections.drugs,firm:3005350897,2024-03-15,2026-09-07T21:02:36Z,label,Belleview 402 LLC,,fda.inspections.drugs,raw/fda.inspections.drugs/2026/09/20260907T210236Z-954bbebd51db.json.gz,1
fda.inspections.drugs,firm:3005502733,2024-03-01,2026-09-07T21:02:36Z,classification,1,ordinal,fda.inspections.drugs,raw/fda.inspections.drugs/2026/09/20260907T210236Z-954bbebd51db.json.gz,1
fda.inspections.drugs,firm:3005502733,2024-03-01,2026-09-07T21:02:36Z,firm_key,RIOCARE INDIA,,fda.inspections.drugs,raw/fda.inspections.drugs/2026/09/20260907T210236Z-954bbebd51db.json.gz,1
fda.inspections.drugs,firm:3005502733,2024-03-01,2026-09-07T21:02:36Z,inspected,1,count,fda.inspections.drugs,raw/fda.inspections.drugs/2026/09/20260907T210236Z-954bbebd51db.json.gz,1
fda.inspections.drugs,firm:3005502733,2024-03-01,2026-09-07T21:02:36Z,inspection_end,20240301,yyyymmdd,fda.inspections.drugs,raw/fda.inspections.drugs/2026/09/20260907T210236Z-954bbebd51db.json.gz,1
fda.inspections.drugs,firm:3005502733,2024-03-01,2026-09-07T21:02:36Z,is_foreign,1,bool,fda.inspections.drugs,raw/fda.inspections.drugs/2026/09/20260907T210236Z-954bbebd51db.json.gz,1
fda.inspections.drugs,firm:3005502733,2024-03-01,2026-09-07T21:02:36Z,is_oai,0,bool,fda.inspections.drugs,raw/fda.inspections.drugs/2026/09/20260907T210236Z-954bbebd51db.json.gz,1
fda.inspections.drugs,firm:3005502733,2024-03-01,2026-09-07T21:02:36Z,label,RioCare India Pvt Ltd,,fda.inspections.drugs,raw/fda.inspections.drugs/2026/09/20260907T210236Z-954bbebd51db.json.gz,1
fda.inspections.drugs,firm:3005849473,2024-03-01,2026-09-07T21:02:36Z,classification,1,ordinal,fda.inspections.drugs,raw/fda.inspections.drugs/2026/09/20260907T210236Z-954bbebd51db.json.gz,1
fda.inspections.drugs,firm:3005849473,2024-03-01,2026-09-07T21:02:36Z,firm_key,GOTHA COSMETICS,,fda.inspections.drugs,raw/fda.inspections.drugs/2026/09/20260907T210236Z-954bbebd51db.json.gz,1
fda.inspections.drugs,firm:3005849473,2024-03-01,2026-09-07T21:02:36Z,inspected,1,count,fda.inspections.drugs,raw/fda.inspections.drugs/2026/09/20260907T210236Z-954bbebd51db.json.gz,1
fda.inspections.drugs,firm:3005849473,2024-03-01,2026-09-07T21:02:36Z,inspection_end,20240301,yyyymmdd,fda.inspections.drugs,raw/fda.inspections.drugs/2026/09/20260907T210236Z-954bbebd51db.json.gz,1
fda.inspections.drugs,firm:3005849473,2024-03-01,2026-09-07T21:02:36Z,is_foreign,1,bool,fda.inspections.drugs,raw/fda.inspections.drugs/2026/09/20260907T210236Z-954bbebd51db.json.gz,1
fda.inspections.drugs,firm:3005849473,2024-03-01,2026-09-07T21:02:36Z,is_oai,0,bool,fda.inspections.drugs,raw/fda.inspections.drugs/2026/09/20260907T210236Z-954bbebd51db.json.gz,1
fda.inspections.drugs,firm:3005849473,2024-03-01,2026-09-07T21:02:36Z,label,Gotha Cosmetics Srl,,fda.inspections.drugs,raw/fda.inspections.drugs/2026/09/20260907T210236Z-954bbebd51db.json.gz,1
fda.inspections.drugs,firm:3005993154,2024-03-15,2026-09-07T21:02:36Z,classification,0,ordinal,fda.inspections.drugs,raw/fda.inspections.drugs/2026/09/20260907T210236Z-954bbebd51db.json.gz,1
fda.inspections.drugs,firm:3005993154,2024-03-15,2026-09-07T21:02:36Z,firm_key,ZIAD H YOUNES M D,,fda.inspections.drugs,raw/fda.inspections.drugs/2026/09/20260907T210236Z-954bbebd51db.json.gz,1
fda.inspections.drugs,firm:3005993154,2024-03-15,2026-09-07T21:02:36Z,inspected,1,count,fda.inspections.drugs,raw/fda.inspections.drugs/2026/09/20260907T210236Z-954bbebd51db.json.gz,1
fda.inspections.drugs,firm:3005993154,2024-03-15,2026-09-07T21:02:36Z,inspection_end,20240315,yyyymmdd,fda.inspections.drugs,raw/fda.inspections.drugs/2026/09/20260907T210236Z-954bbebd51db.json.gz,1
fda.inspections.drugs,firm:3005993154,2024-03-15,2026-09-07T21:02:36Z,is_foreign,0,bool,fda.inspections.drugs,raw/fda.inspections.drugs/2026/09/20260907T210236Z-954bbebd51db.json.gz,1
fda.inspections.drugs,firm:3005993154,2024-03-15,2026-09-07T21:02:36Z,is_oai,0,bool,fda.inspections.drugs,raw/fda.inspections.drugs/2026/09/20260907T210236Z-954bbebd51db.json.gz,1
fda.inspections.drugs,firm:3005993154,2024-03-15,2026-09-07T21:02:36Z,label,"Ziad H. Younes, M.D.",,fda.inspections.drugs,raw/fda.inspections.drugs/2026/09/20260907T210236Z-954bbebd51db.json.gz,1
fda.inspections.drugs,firm:3006076314,2024-03-15,2026-09-07T21:02:36Z,classification,1,ordinal,fda.inspections.drugs,raw/fda.inspections.drugs/2026/09/20260907T210236Z-954bbebd51db.json.gz,1
fda.inspections.drugs,firm:3006076314,2024-03-15,2026-09-07T21:02:36Z,firm_key,APOTEX RESEARCH,,fda.inspections.drugs,raw/fda.inspections.drugs/2026/09/20260907T210236Z-954bbebd51db.json.gz,1
fda.inspections.drugs,firm:3006076314,2024-03-15,2026-09-07T21:02:36Z,inspected,1,count,fda.inspections.drugs,raw/fda.inspections.drugs/2026/09/20260907T210236Z-954bbebd51db.json.gz,1
fda.inspections.drugs,firm:3006076314,2024-03-15,2026-09-07T21:02:36Z,inspection_end,20240315,yyyymmdd,fda.inspections.drugs,raw/fda.inspections.drugs/2026/09/20260907T210236Z-954bbebd51db.json.gz,1
fda.inspections.drugs,firm:3006076314,2024-03-15,2026-09-07T21:02:36Z,is_foreign,1,bool,fda.inspections.drugs,raw/fda.inspections.drugs/2026/09/20260907T210236Z-954bbebd51db.json.gz,1
fda.inspections.drugs,firm:3006076314,2024-03-15,2026-09-07T21:02:36Z,is_oai,0,bool,fda.inspections.drugs,raw/fda.inspections.drugs/2026/09/20260907T210236Z-954bbebd51db.json.gz,1
fda.inspections.drugs,firm:3006076314,2024-03-15,2026-09-07T21:02:36Z,label,Apotex Research Private Limited,,fda.inspections.drugs,raw/fda.inspections.drugs/2026/09/20260907T210236Z-954bbebd51db.json.gz,1
fda.inspections.drugs,firm:3006283468,2024-03-22,2026-09-07T21:02:36Z,classification,2,ordinal,fda.inspections.drugs,raw/fda.inspections.drugs/2026/09/20260907T210236Z-954bbebd51db.json.gz,1
fda.inspections.drugs,firm:3006283468,2024-03-22,2026-09-07T21:02:36Z,firm_key,TIANJIN DARENTANG JINGWANHONG,,fda.inspections.drugs,raw/fda.inspections.drugs/2026/09/20260907T210236Z-954bbebd51db.json.gz,1
fda.inspections.drugs,firm:3006283468,2024-03-22,2026-09-07T21:02:36Z,inspected,1,count,fda.inspections.drugs,raw/fda.inspections.drugs/2026/09/20260907T210236Z-954bbebd51db.json.gz,1
fda.inspections.drugs,firm:3006283468,2024-03-22,2026-09-07T21:02:36Z,inspection_end,20240322,yyyymmdd,fda.inspections.drugs,raw/fda.inspections.drugs/2026/09/20260907T210236Z-954bbebd51db.json.gz,1
fda.inspections.drugs,firm:3006283468,2024-03-22,2026-09-07T21:02:36Z,is_foreign,1,bool,fda.inspections.drugs,raw/fda.inspections.drugs/2026/09/20260907T210236Z-954bbebd51db.json.gz,1
fda.inspections.drugs,firm:3006283468,2024-03-22,2026-09-07T21:02:36Z,is_oai,1,bool,fda.inspections.drugs,raw/fda.inspections.drugs/2026/09/20260907T210236Z-954bbebd51db.json.gz,1
fda.inspections.drugs,firm:3006283468,2024-03-22,2026-09-07T21:02:36Z,label,"Tianjin Darentang Jingwanhong Pharmaceutical Co., Ltd.",,fda.inspections.drugs,raw/fda.inspections.drugs/2026/09/20260907T210236Z-954bbebd51db.json.gz,1
fda.inspections.drugs,firm:3006370533,2024-03-27,2026-09-07T21:02:36Z,classification,1,ordinal,fda.inspections.drugs,raw/fda.inspections.drugs/2026/09/20260907T210236Z-954bbebd51db.json.gz,1
fda.inspections.drugs,firm:3006370533,2024-03-27,2026-09-07T21:02:36Z,firm_key,ALKEM,,fda.inspections.drugs,raw/fda.inspections.drugs/2026/09/20260907T210236Z-954bbebd51db.json.gz,1
fda.inspections.drugs,firm:3006370533,2024-03-27,2026-09-07T21:02:36Z,inspected,1,count,fda.inspections.drugs,raw/fda.inspections.drugs/2026/09/20260907T210236Z-954bbebd51db.json.gz,1
fda.inspections.drugs,firm:3006370533,2024-03-27,2026-09-07T21:02:36Z,inspection_end,20240327,yyyymmdd,fda.inspections.drugs,raw/fda.inspections.drugs/2026/09/20260907T210236Z-954bbebd51db.json.gz,1
fda.inspections.drugs,firm:3006370533,2024-03-27,2026-09-07T21:02:36Z,is_foreign,1,bool,fda.inspections.drugs,raw/fda.inspections.drugs/2026/09/20260907T210236Z-954bbebd51db.json.gz,1
fda.inspections.drugs,firm:3006370533,2024-03-27,2026-09-07T21:02:36Z,is_oai,0,bool,fda.inspections.drugs,raw/fda.inspections.drugs/2026/09/20260907T210236Z-954bbebd51db.json.gz,1
fda.inspections.drugs,firm:3006370533,2024-03-27,2026-09-07T21:02:36Z,label,Alkem Laboratories Limited,,fda.inspections.drugs,raw/fda.inspections.drugs/2026/09/20260907T210236Z-954bbebd51db.json.gz,1
fda.inspections.drugs,firm:3006537871,2024-03-21,2026-09-07T21:02:36Z,classification,1,ordinal,fda.inspections.drugs,raw/fda.inspections.drugs/2026/09/20260907T210236Z-954bbebd51db.json.gz,1
fda.inspections.drugs,firm:3006537871,2024-03-21,2026-09-07T21:02:36Z,firm_key,TIEN YUAN AROMATICS KUNSHAN,,fda.inspections.drugs,raw/fda.inspections.drugs/2026/09/20260907T210236Z-954bbebd51db.json.gz,1
fda.inspections.drugs,firm:3006537871,2024-03-21,2026-09-07T21:02:36Z,inspected,1,count,fda.inspections.drugs,raw/fda.inspections.drugs/2026/09/20260907T210236Z-954bbebd51db.json.gz,1
fda.inspections.drugs,firm:3006537871,2024-03-21,2026-09-07T21:02:36Z,inspection_end,20240321,yyyymmdd,fda.inspections.drugs,raw/fda.inspections.drugs/2026/09/20260907T210236Z-954bbebd51db.json.gz,1
fda.inspections.drugs,firm:3006537871,2024-03-21,2026-09-07T21:02:36Z,is_foreign,1,bool,fda.inspections.drugs,raw/fda.inspections.drugs/2026/09/20260907T210236Z-954bbebd51db.json.gz,1
fda.inspections.drugs,firm:3006537871,2024-03-21,2026-09-07T21:02:36Z,is_oai,0,bool,fda.inspections.drugs,raw/fda.inspections.drugs/2026/09/20260907T210236Z-954bbebd51db.json.gz,1
fda.inspections.drugs,firm:3006537871,2024-03-21,2026-09-07T21:02:36Z,label,"TIEN YUAN AROMATICS (KUNSHAN) CO., LTD.",,fda.inspections.drugs,raw/fda.inspections.drugs/2026/09/20260907T210236Z-954bbebd51db.json.gz,1
fda.inspections.drugs,firm:3006590829,2024-03-29,2026-09-07T21:02:36Z,classification,0,ordinal,fda.inspections.drugs,raw/fda.inspections.drugs/2026/09/20260907T210236Z-954bbebd51db.json.gz,1
fda.inspections.drugs,firm:3006590829,2024-03-29,2026-09-07T21:02:36Z,firm_key,NAKODA CHEMICALS,,fda.inspections.drugs,raw/fda.inspections.drugs/2026/09/20260907T210236Z-954bbebd51db.json.gz,1
fda.inspections.drugs,firm:3006590829,2024-03-29,2026-09-07T21:02:36Z,inspected,1,count,fda.inspections.drugs,raw/fda.inspections.drugs/2026/09/20260907T210236Z-954bbebd51db.json.gz,1
fda.inspections.drugs,firm:3006590829,2024-03-29,2026-09-07T21:02:36Z,inspection_end,20240329,yyyymmdd,fda.inspections.drugs,raw/fda.inspections.drugs/2026/09/20260907T210236Z-954bbebd51db.json.gz,1
fda.inspections.drugs,firm:3006590829,2024-03-29,2026-09-07T21:02:36Z,is_foreign,1,bool,fda.inspections.drugs,raw/fda.inspections.drugs/2026/09/20260907T210236Z-954bbebd51db.json.gz,1
fda.inspections.drugs,firm:3006590829,2024-03-29,2026-09-07T21:02:36Z,is_oai,0,bool,fda.inspections.drugs,raw/fda.inspections.drugs/2026/09/20260907T210236Z-954bbebd51db.json.gz,1
fda.inspections.drugs,firm:3006590829,2024-03-29,2026-09-07T21:02:36Z,label,Nakoda Chemicals Ltd.,,fda.inspections.drugs,raw/fda.inspections.drugs/2026/09/20260907T210236Z-954bbebd51db.json.gz,1
fda.inspections.drugs,firm:3006625990,2024-03-29,2026-09-07T21:02:36Z,classification,0,ordinal,fda.inspections.drugs,raw/fda.inspections.drugs/2026/09/20260907T210236Z-954bbebd51db.json.gz,1
fda.inspections.drugs,firm:3006625990,2024-03-29,2026-09-07T21:02:36Z,firm_key,PORTON SOLUTIONS,,fda.inspections.drugs,raw/fda.inspections.drugs/2026/09/20260907T210236Z-954bbebd51db.json.gz,1
fda.inspections.drugs,firm:3006625990,2024-03-29,2026-09-07T21:02:36Z,inspected,1,count,fda.inspections.drugs,raw/fda.inspections.drugs/2026/09/20260907T210236Z-954bbebd51db.json.gz,1
fda.inspections.drugs,firm:3006625990,2024-03-29,2026-09-07T21:02:36Z,inspection_end,20240329,yyyymmdd,fda.inspections.drugs,raw/fda.inspections.drugs/2026/09/20260907T210236Z-954bbebd51db.json.gz,1
fda.inspections.drugs,firm:3006625990,2024-03-29,2026-09-07T21:02:36Z,is_foreign,1,bool,fda.inspections.drugs,raw/fda.inspections.drugs/2026/09/20260907T210236Z-954bbebd51db.json.gz,1
fda.inspections.drugs,firm:3006625990,2024-03-29,2026-09-07T21:02:36Z,is_oai,0,bool,fda.inspections.drugs,raw/fda.inspections.drugs/2026/09/20260907T210236Z-954bbebd51db.json.gz,1
fda.inspections.drugs,firm:3006625990,2024-03-29,2026-09-07T21:02:36Z,label,Porton Pharma Solutions Ltd,,fda.inspections.drugs,raw/fda.inspections.drugs/2026/09/20260907T210236Z-954bbebd51db.json.gz,1
fda.inspections.drugs,firm:3006750765,2024-03-12,2026-09-07T21:02:36Z,classification,0,ordinal,fda.inspections.drugs,raw/fda.inspections.drugs/2026/09/20260907T210236Z-954bbebd51db.json.gz,1
fda.inspections.drugs,firm:3006750765,2024-03-12,2026-09-07T21:02:36Z,firm_key,VANDA,,fda.inspections.drugs,raw/fda.inspections.drugs/2026/09/20260907T210236Z-954bbebd51db.json.gz,1
fda.inspections.drugs,firm:3006750765,2024-03-12,2026-09-07T21:02:36Z,inspected,1,count,fda.inspections.drugs,raw/fda.inspections.drugs/2026/09/20260907T210236Z-954bbebd51db.json.gz,1
fda.inspections.drugs,firm:3006750765,2024-03-12,2026-09-07T21:02:36Z,inspection_end,20240312,yyyymmdd,fda.inspections.drugs,raw/fda.inspections.drugs/2026/09/20260907T210236Z-954bbebd51db.json.gz,1
fda.inspections.drugs,firm:3006750765,2024-03-12,2026-09-07T21:02:36Z,is_foreign,0,bool,fda.inspections.drugs,raw/fda.inspections.drugs/2026/09/20260907T210236Z-954bbebd51db.json.gz,1
fda.inspections.drugs,firm:3006750765,2024-03-12,2026-09-07T21:02:36Z,is_oai,0,bool,fda.inspections.drugs,raw/fda.inspections.drugs/2026/09/20260907T210236Z-954bbebd51db.json.gz,1
fda.inspections.drugs,firm:3006750765,2024-03-12,2026-09-07T21:02:36Z,label,Vanda Pharmaceuticals Inc,,fda.inspections.drugs,raw/fda.inspections.drugs/2026/09/20260907T210236Z-954bbebd51db.json.gz,1
fda.inspections.drugs,firm:3006785788,2024-03-05,2026-09-07T21:02:36Z,classification,0,ordinal,fda.inspections.drugs,raw/fda.inspections.drugs/2026/09/20260907T210236Z-954bbebd51db.json.gz,1
fda.inspections.drugs,firm:3006785788,2024-03-05,2026-09-07T21:02:36Z,firm_key,AJANTA,,fda.inspections.drugs,raw/fda.inspections.drugs/2026/09/20260907T210236Z-954bbebd51db.json.gz,1
fda.inspections.drugs,firm:3006785788,2024-03-05,2026-09-07T21:02:36Z,inspected,1,count,fda.inspections.drugs,raw/fda.inspections.drugs/2026/09/20260907T210236Z-954bbebd51db.json.gz,1
fda.inspections.drugs,firm:3006785788,2024-03-05,2026-09-07T21:02:36Z,inspection_end,20240305,yyyymmdd,fda.inspections.drugs,raw/fda.inspections.drugs/2026/09/20260907T210236Z-954bbebd51db.json.gz,1
fda.inspections.drugs,firm:3006785788,2024-03-05,2026-09-07T21:02:36Z,is_foreign,1,bool,fda.inspections.drugs,raw/fda.inspections.drugs/2026/09/20260907T210236Z-954bbebd51db.json.gz,1
fda.inspections.drugs,firm:3006785788,2024-03-05,2026-09-07T21:02:36Z,is_oai,0,bool,fda.inspections.drugs,raw/fda.inspections.drugs/2026/09/20260907T210236Z-954bbebd51db.json.gz,1
fda.inspections.drugs,firm:3006785788,2024-03-05,2026-09-07T21:02:36Z,label,Ajanta Pharma Ltd.,,fda.inspections.drugs,raw/fda.inspections.drugs/2026/09/20260907T210236Z-954bbebd51db.json.gz,1
fda.inspections.drugs,firm:3007005230,2024-03-25,2026-09-07T21:02:36Z,classification,1,ordinal,fda.inspections.drugs,raw/fda.inspections.drugs/2026/09/20260907T210236Z-954bbebd51db.json.gz,1
fda.inspections.drugs,firm:3007005230,2024-03-25,2026-09-07T21:02:36Z,firm_key,STEVEN J GLASS M D,,fda.inspections.drugs,raw/fda.inspections.drugs/2026/09/20260907T210236Z-954bbebd51db.json.gz,1
fda.inspections.drugs,firm:3007005230,2024-03-25,2026-09-07T21:02:36Z,inspected,1,count,fda.inspections.drugs,raw/fda.inspections.drugs/2026/09/20260907T210236Z-954bbebd51db.json.gz,1
fda.inspections.drugs,firm:3007005230,2024-03-25,2026-09-07T21:02:36Z,inspection_end,20240325,yyyymmdd,fda.inspections.drugs,raw/fda.inspections.drugs/2026/09/20260907T210236Z-954bbebd51db.json.gz,1
fda.inspections.drugs,firm:3007005230,2024-03-25,2026-09-07T21:02:36Z,is_foreign,0,bool,fda.inspections.drugs,raw/fda.inspections.drugs/2026/09/20260907T210236Z-954bbebd51db.json.gz,1
fda.inspections.drugs,firm:3007005230,2024-03-25,2026-09-07T21:02:36Z,is_oai,0,bool,fda.inspections.drugs,raw/fda.inspections.drugs/2026/09/20260907T210236Z-954bbebd51db.json.gz,1
fda.inspections.drugs,firm:3007005230,2024-03-25,2026-09-07T21:02:36Z,label,"Steven J. Glass, M.D.",,fda.inspections.drugs,raw/fda.inspections.drugs/2026/09/20260907T210236Z-954bbebd51db.json.gz,1
fda.inspections.drugs,firm:3007084224,2024-03-15,2026-09-07T21:02:36Z,classification,0,ordinal,fda.inspections.drugs,raw/fda.inspections.drugs/2026/09/20260907T210236Z-954bbebd51db.json.gz,1
fda.inspections.drugs,firm:3007084224,2024-03-15,2026-09-07T21:02:36Z,firm_key,GUANGDONG BLUE TREASURE,,fda.inspections.drugs,raw/fda.inspections.drugs/2026/09/20260907T210236Z-954bbebd51db.json.gz,1
fda.inspections.drugs,firm:3007084224,2024-03-15,2026-09-07T21:02:36Z,inspected,1,count,fda.inspections.drugs,raw/fda.inspections.drugs/2026/09/20260907T210236Z-954bbebd51db.json.gz,1
fda.inspections.drugs,firm:3007084224,2024-03-15,2026-09-07T21:02:36Z,inspection_end,20240315,yyyymmdd,fda.inspections.drugs,raw/fda.inspections.drugs/2026/09/20260907T210236Z-954bbebd51db.json.gz,1
fda.inspections.drugs,firm:3007084224,2024-03-15,2026-09-07T21:02:36Z,is_foreign,1,bool,fda.inspections.drugs,raw/fda.inspections.drugs/2026/09/20260907T210236Z-954bbebd51db.json.gz,1
fda.inspections.drugs,firm:3007084224,2024-03-15,2026-09-07T21:02:36Z,is_oai,0,bool,fda.inspections.drugs,raw/fda.inspections.drugs/2026/09/20260907T210236Z-954bbebd51db.json.gz,1
fda.inspections.drugs,firm:3007084224,2024-03-15,2026-09-07T21:02:36Z,label,Guangdong Blue Treasure Pharmaceuticals Co. Ltd.,,fda.inspections.drugs,raw/fda.inspections.drugs/2026/09/20260907T210236Z-954bbebd51db.json.gz,1
fda.inspections.drugs,firm:3007255059,2024-03-22,2026-09-07T21:02:36Z,classification,2,ordinal,fda.inspections.drugs,raw/fda.inspections.drugs/2026/09/20260907T210236Z-954bbebd51db.json.gz,1
fda.inspections.drugs,firm:3007255059,2024-03-22,2026-09-07T21:02:36Z,firm_key,LCC,,fda.inspections.drugs,raw/fda.inspections.drugs/2026/09/20260907T210236Z-954bbebd51db.json.gz,1
fda.inspections.drugs,firm:3007255059,2024-03-22,2026-09-07T21:02:36Z,inspected,1,count,fda.inspections.drugs,raw/fda.inspections.drugs/2026/09/20260907T210236Z-954bbebd51db.json.gz,1
fda.inspections.drugs,firm:3007255059,2024-03-22,2026-09-07T21:02:36Z,inspection_end,20240322,yyyymmdd,fda.inspections.drugs,raw/fda.inspections.drugs/2026/09/20260907T210236Z-954bbebd51db.json.gz,1
fda.inspections.drugs,firm:3007255059,2024-03-22,2026-09-07T21:02:36Z,is_foreign,1,bool,fda.inspections.drugs,raw/fda.inspections.drugs/2026/09/20260907T210236Z-954bbebd51db.json.gz,1
fda.inspections.drugs,firm:3007255059,2024-03-22,2026-09-07T21:02:36Z,is_oai,1,bool,fda.inspections.drugs,raw/fda.inspections.drugs/2026/09/20260907T210236Z-954bbebd51db.json.gz,1
fda.inspections.drugs,firm:3007255059,2024-03-22,2026-09-07T21:02:36Z,label,LCC Ltd.,,fda.inspections.drugs,raw/fda.inspections.drugs/2026/09/20260907T210236Z-954bbebd51db.json.gz,1
fda.inspections.drugs,firm:3007490536,2024-03-24,2026-09-07T21:02:36Z,classification,1,ordinal,fda.inspections.drugs,raw/fda.inspections.drugs/2026/09/20260907T210236Z-954bbebd51db.json.gz,1
fda.inspections.drugs,firm:3007490536,2024-03-24,2026-09-07T21:02:36Z,firm_key,LABORATORIO ECHEVARNE,,fda.inspections.drugs,raw/fda.inspections.drugs/2026/09/20260907T210236Z-954bbebd51db.json.gz,1
fda.inspections.drugs,firm:3007490536,2024-03-24,2026-09-07T21:02:36Z,inspected,1,count,fda.inspections.drugs,raw/fda.inspections.drugs/2026/09/20260907T210236Z-954bbebd51db.json.gz,1
fda.inspections.drugs,firm:3007490536,2024-03-24,2026-09-07T21:02:36Z,inspection_end,20240324,yyyymmdd,fda.inspections.drugs,raw/fda.inspections.drugs/2026/09/20260907T210236Z-954bbebd51db.json.gz,1
fda.inspections.drugs,firm:3007490536,2024-03-24,2026-09-07T21:02:36Z,is_foreign,1,bool,fda.inspections.drugs,raw/fda.inspections.drugs/2026/09/20260907T210236Z-954bbebd51db.json.gz,1
fda.inspections.drugs,firm:3007490536,2024-03-24,2026-09-07T21:02:36Z,is_oai,0,bool,fda.inspections.drugs,raw/fda.inspections.drugs/2026/09/20260907T210236Z-954bbebd51db.json.gz,1
fda.inspections.drugs,firm:3007490536,2024-03-24,2026-09-07T21:02:36Z,label,Laboratorio Echevarne SA,,fda.inspections.drugs,raw/fda.inspections.drugs/2026/09/20260907T210236Z-954bbebd51db.json.gz,1
fda.inspections.drugs,firm:3007512884,2024-03-14,2026-09-07T21:02:36Z,classification,1,ordinal,fda.inspections.drugs,raw/fda.inspections.drugs/2026/09/20260907T210236Z-954bbebd51db.json.gz,1
fda.inspections.drugs,firm:3007512884,2024-03-14,2026-09-07T21:02:36Z,firm_key,ROVI INDUSTRIAL SERVICES S A,,fda.inspections.drugs,raw/fda.inspections.drugs/2026/09/20260907T210236Z-954bbebd51db.json.gz,1
fda.inspections.drugs,firm:3007512884,2024-03-14,2026-09-07T21:02:36Z,inspected,1,count,fda.inspections.drugs,raw/fda.inspections.drugs/2026/09/20260907T210236Z-954bbebd51db.json.gz,1
fda.inspections.drugs,firm:3007512884,2024-03-14,2026-09-07T21:02:36Z,inspection_end,20240314,yyyymmdd,fda.inspections.drugs,raw/fda.inspections.drugs/2026/09/20260907T210236Z-954bbebd51db.json.gz,1
fda.inspections.drugs,firm:3007512884,2024-03-14,2026-09-07T21:02:36Z,is_foreign,1,bool,fda.inspections.drugs,raw/fda.inspections.drugs/2026/09/20260907T210236Z-954bbebd51db.json.gz,1
fda.inspections.drugs,firm:3007512884,2024-03-14,2026-09-07T21:02:36Z,is_oai,0,bool,fda.inspections.drugs,raw/fda.inspections.drugs/2026/09/20260907T210236Z-954bbebd51db.json.gz,1
fda.inspections.drugs,firm:3007512884,2024-03-14,2026-09-07T21:02:36Z,label,ROVI Pharma Industrial Services S.A.,,fda.inspections.drugs,raw/fda.inspections.drugs/2026/09/20260907T210236Z-954bbebd51db.json.gz,1
fda.inspections.drugs,firm:3007621329,2024-03-27,2026-09-07T21:02:36Z,classification,2,ordinal,fda.inspections.drugs,raw/fda.inspections.drugs/2026/09/20260907T210236Z-954bbebd51db.json.gz,1
fda.inspections.drugs,firm:3007621329,2024-03-27,2026-09-07T21:02:36Z,firm_key,ZYDUS LIFESCIENCES,,fda.inspections.drugs,raw/fda.inspections.drugs/2026/09/20260907T210236Z-954bbebd51db.json.gz,1
fda.inspections.drugs,firm:3007621329,2024-03-27,2026-09-07T21:02:36Z,inspected,1,count,fda.inspections.drugs,raw/fda.inspections.drugs/2026/09/20260907T210236Z-954bbebd51db.json.gz,1
fda.inspections.drugs,firm:3007621329,2024-03-27,2026-09-07T21:02:36Z,inspection_end,20240327,yyyymmdd,fda.inspections.drugs,raw/fda.inspections.drugs/2026/09/20260907T210236Z-954bbebd51db.json.gz,1
fda.inspections.drugs,firm:3007621329,2024-03-27,2026-09-07T21:02:36Z,is_foreign,1,bool,fda.inspections.drugs,raw/fda.inspections.drugs/2026/09/20260907T210236Z-954bbebd51db.json.gz,1
fda.inspections.drugs,firm:3007621329,2024-03-27,2026-09-07T21:02:36Z,is_oai,1,bool,fda.inspections.drugs,raw/fda.inspections.drugs/2026/09/20260907T210236Z-954bbebd51db.json.gz,1
fda.inspections.drugs,firm:3007621329,2024-03-27,2026-09-07T21:02:36Z,label,Zydus Lifesciences Limited,,fda.inspections.drugs,raw/fda.inspections.drugs/2026/09/20260907T210236Z-954bbebd51db.json.gz,1
fda.inspections.drugs,firm:3007632044,2024-03-27,2026-09-07T21:02:36Z,classification,0,ordinal,fda.inspections.drugs,raw/fda.inspections.drugs/2026/09/20260907T210236Z-954bbebd51db.json.gz,1
fda.inspections.drugs,firm:3007632044,2024-03-27,2026-09-07T21:02:36Z,firm_key,CARDINAL HEALTH 414,,fda.inspections.drugs,raw/fda.inspections.drugs/2026/09/20260907T210236Z-954bbebd51db.json.gz,1
fda.inspections.drugs,firm:3007632044,2024-03-27,2026-09-07T21:02:36Z,inspected,1,count,fda.inspections.drugs,raw/fda.inspections.drugs/2026/09/20260907T210236Z-954bbebd51db.json.gz,1
fda.inspections.drugs,firm:3007632044,2024-03-27,2026-09-07T21:02:36Z,inspection_end,20240327,yyyymmdd,fda.inspections.drugs,raw/fda.inspections.drugs/2026/09/20260907T210236Z-954bbebd51db.json.gz,1
fda.inspections.drugs,firm:3007632044,2024-03-27,2026-09-07T21:02:36Z,is_foreign,0,bool,fda.inspections.drugs,raw/fda.inspections.drugs/2026/09/20260907T210236Z-954bbebd51db.json.gz,1
fda.inspections.drugs,firm:3007632044,2024-03-27,2026-09-07T21:02:36Z,is_oai,0,bool,fda.inspections.drugs,raw/fda.inspections.drugs/2026/09/20260907T210236Z-954bbebd51db.json.gz,1
fda.inspections.drugs,firm:3007632044,2024-03-27,2026-09-07T21:02:36Z,label,Cardinal Health 414 LLC,,fda.inspections.drugs,raw/fda.inspections.drugs/2026/09/20260907T210236Z-954bbebd51db.json.gz,1
fda.inspections.drugs,firm:3007721552,2024-03-22,2026-09-07T21:02:36Z,classification,1,ordinal,fda.inspections.drugs,raw/fda.inspections.drugs/2026/09/20260907T210236Z-954bbebd51db.json.gz,1
fda.inspections.drugs,firm:3007721552,2024-03-22,2026-09-07T21:02:36Z,firm_key,SUNSHINE LAKE,,fda.inspections.drugs,raw/fda.inspections.drugs/2026/09/20260907T210236Z-954bbebd51db.json.gz,1
fda.inspections.drugs,firm:3007721552,2024-03-22,2026-09-07T21:02:36Z,inspected,1,count,fda.inspections.drugs,raw/fda.inspections.drugs/2026/09/20260907T210236Z-954bbebd51db.json.gz,1
fda.inspections.drugs,firm:3007721552,2024-03-22,2026-09-07T21:02:36Z,inspection_end,20240322,yyyymmdd,fda.inspections.drugs,raw/fda.inspections.drugs/2026/09/20260907T210236Z-954bbebd51db.json.gz,1
fda.inspections.drugs,firm:3007721552,2024-03-22,2026-09-07T21:02:36Z,is_foreign,1,bool,fda.inspections.drugs,raw/fda.inspections.drugs/2026/09/20260907T210236Z-954bbebd51db.json.gz,1
fda.inspections.drugs,firm:3007721552,2024-03-22,2026-09-07T21:02:36Z,is_oai,0,bool,fda.inspections.drugs,raw/fda.inspections.drugs/2026/09/20260907T210236Z-954bbebd51db.json.gz,1
fda.inspections.drugs,firm:3007721552,2024-03-22,2026-09-07T21:02:36Z,label,"Sunshine Lake Pharma Co., Ltd",,fda.inspections.drugs,raw/fda.inspections.drugs/2026/09/20260907T210236Z-954bbebd51db.json.gz,1
fda.inspections.drugs,firm:3008252295,2024-03-08,2026-09-07T21:02:36Z,classification,0,ordinal,fda.inspections.drugs,raw/fda.inspections.drugs/2026/09/20260907T210236Z-954bbebd51db.json.gz,1
fda.inspections.drugs,firm:3008252295,2024-03-08,2026-09-07T21:02:36Z,firm_key,RUBICON RESEARCH,,fda.inspections.drugs,raw/fda.inspections.drugs/2026/09/20260907T210236Z-954bbebd51db.json.gz,1
fda.inspections.drugs,firm:3008252295,2024-03-08,2026-09-07T21:02:36Z,inspected,1,count,fda.inspections.drugs,raw/fda.inspections.drugs/2026/09/20260907T210236Z-954bbebd51db.json.gz,1
fda.inspections.drugs,firm:3008252295,2024-03-08,2026-09-07T21:02:36Z,inspection_end,20240308,yyyymmdd,fda.inspections.drugs,raw/fda.inspections.drugs/2026/09/20260907T210236Z-954bbebd51db.json.gz,1
fda.inspections.drugs,firm:3008252295,2024-03-08,2026-09-07T21:02:36Z,is_foreign,1,bool,fda.inspections.drugs,raw/fda.inspections.drugs/2026/09/20260907T210236Z-954bbebd51db.json.gz,1
fda.inspections.drugs,firm:3008252295,2024-03-08,2026-09-07T21:02:36Z,is_oai,0,bool,fda.inspections.drugs,raw/fda.inspections.drugs/2026/09/20260907T210236Z-954bbebd51db.json.gz,1
fda.inspections.drugs,firm:3008252295,2024-03-08,2026-09-07T21:02:36Z,label,Rubicon Research Limited,,fda.inspections.drugs,raw/fda.inspections.drugs/2026/09/20260907T210236Z-954bbebd51db.json.gz,1
fda.inspections.drugs,firm:3008420443,2024-03-20,2026-09-07T21:02:36Z,classification,2,ordinal,fda.inspections.drugs,raw/fda.inspections.drugs/2026/09/20260907T210236Z-954bbebd51db.json.gz,1
fda.inspections.drugs,firm:3008420443,2024-03-20,2026-09-07T21:02:36Z,firm_key,HOMEOCARE,,fda.inspections.drugs,raw/fda.inspections.drugs/2026/09/20260907T210236Z-954bbebd51db.json.gz,1
fda.inspections.drugs,firm:3008420443,2024-03-20,2026-09-07T21:02:36Z,inspected,1,count,fda.inspections.drugs,raw/fda.inspections.drugs/2026/09/20260907T210236Z-954bbebd51db.json.gz,1
fda.inspections.drugs,firm:3008420443,2024-03-20,2026-09-07T21:02:36Z,inspection_end,20240320,yyyymmdd,fda.inspections.drugs,raw/fda.inspections.drugs/2026/09/20260907T210236Z-954bbebd51db.json.gz,1
fda.inspections.drugs,firm:3008420443,2024-03-20,2026-09-07T21:02:36Z,is_foreign,0,bool,fda.inspections.drugs,raw/fda.inspections.drugs/2026/09/20260907T210236Z-954bbebd51db.json.gz,1
fda.inspections.drugs,firm:3008420443,2024-03-20,2026-09-07T21:02:36Z,is_oai,1,bool,fda.inspections.drugs,raw/fda.inspections.drugs/2026/09/20260907T210236Z-954bbebd51db.json.gz,1
fda.inspections.drugs,firm:3008420443,2024-03-20,2026-09-07T21:02:36Z,label,"Homeocare Laboratories, Inc.",,fda.inspections.drugs,raw/fda.inspections.drugs/2026/09/20260907T210236Z-954bbebd51db.json.gz,1
fda.inspections.drugs,firm:3008436464,2024-03-08,2026-09-07T21:02:36Z,classification,1,ordinal,fda.inspections.drugs,raw/fda.inspections.drugs/2026/09/20260907T210236Z-954bbebd51db.json.gz,1
fda.inspections.drugs,firm:3008436464,2024-03-08,2026-09-07T21:02:36Z,firm_key,XTTRIUM,,fda.inspections.drugs,raw/fda.inspections.drugs/2026/09/20260907T210236Z-954bbebd51db.json.gz,1
fda.inspections.drugs,firm:3008436464,2024-03-08,2026-09-07T21:02:36Z,inspected,1,count,fda.inspections.drugs,raw/fda.inspections.drugs/2026/09/20260907T210236Z-954bbebd51db.json.gz,1
fda.inspections.drugs,firm:3008436464,2024-03-08,2026-09-07T21:02:36Z,inspection_end,20240308,yyyymmdd,fda.inspections.drugs,raw/fda.inspections.drugs/2026/09/20260907T210236Z-954bbebd51db.json.gz,1
fda.inspections.drugs,firm:3008436464,2024-03-08,2026-09-07T21:02:36Z,is_foreign,0,bool,fda.inspections.drugs,raw/fda.inspections.drugs/2026/09/20260907T210236Z-954bbebd51db.json.gz,1
fda.inspections.drugs,firm:3008436464,2024-03-08,2026-09-07T21:02:36Z,is_oai,0,bool,fda.inspections.drugs,raw/fda.inspections.drugs/2026/09/20260907T210236Z-954bbebd51db.json.gz,1
fda.inspections.drugs,firm:3008436464,2024-03-08,2026-09-07T21:02:36Z,label,"Xttrium Laboratories, Inc.",,fda.inspections.drugs,raw/fda.inspections.drugs/2026/09/20260907T210236Z-954bbebd51db.json.gz,1
fda.inspections.drugs,firm:3008460260,2024-03-29,2026-09-07T21:02:36Z,classification,1,ordinal,fda.inspections.drugs,raw/fda.inspections.drugs/2026/09/20260907T210236Z-954bbebd51db.json.gz,1
fda.inspections.drugs,firm:3008460260,2024-03-29,2026-09-07T21:02:36Z,firm_key,UMEDICA,,fda.inspections.drugs,raw/fda.inspections.drugs/2026/09/20260907T210236Z-954bbebd51db.json.gz,1
fda.inspections.drugs,firm:3008460260,2024-03-29,2026-09-07T21:02:36Z,inspected,1,count,fda.inspections.drugs,raw/fda.inspections.drugs/2026/09/20260907T210236Z-954bbebd51db.json.gz,1
fda.inspections.drugs,firm:3008460260,2024-03-29,2026-09-07T21:02:36Z,inspection_end,20240329,yyyymmdd,fda.inspections.drugs,raw/fda.inspections.drugs/2026/09/20260907T210236Z-954bbebd51db.json.gz,1
fda.inspections.drugs,firm:3008460260,2024-03-29,2026-09-07T21:02:36Z,is_foreign,1,bool,fda.inspections.drugs,raw/fda.inspections.drugs/2026/09/20260907T210236Z-954bbebd51db.json.gz,1
fda.inspections.drugs,firm:3008460260,2024-03-29,2026-09-07T21:02:36Z,is_oai,0,bool,fda.inspections.drugs,raw/fda.inspections.drugs/2026/09/20260907T210236Z-954bbebd51db.json.gz,1
fda.inspections.drugs,firm:3008460260,2024-03-29,2026-09-07T21:02:36Z,label,Umedica Laboratories Pvt. Ltd.,,fda.inspections.drugs,raw/fda.inspections.drugs/2026/09/20260907T210236Z-954bbebd51db.json.gz,1
fda.inspections.drugs,firm:3008481334,2024-03-26,2026-09-07T21:02:36Z,classification,1,ordinal,fda.inspections.drugs,raw/fda.inspections.drugs/2026/09/20260907T210236Z-954bbebd51db.json.gz,1
fda.inspections.drugs,firm:3008481334,2024-03-26,2026-09-07T21:02:36Z,firm_key,HISUN HANGZHOU,,fda.inspections.drugs,raw/fda.inspections.drugs/2026/09/20260907T210236Z-954bbebd51db.json.gz,1
fda.inspections.drugs,firm:3008481334,2024-03-26,2026-09-07T21:02:36Z,inspected,1,count,fda.inspections.drugs,raw/fda.inspections.drugs/2026/09/20260907T210236Z-954bbebd51db.json.gz,1
fda.inspections.drugs,firm:3008481334,2024-03-26,2026-09-07T21:02:36Z,inspection_end,20240326,yyyymmdd,fda.inspections.drugs,raw/fda.inspections.drugs/2026/09/20260907T210236Z-954bbebd51db.json.gz,1
fda.inspections.drugs,firm:3008481334,2024-03-26,2026-09-07T21:02:36Z,is_foreign,1,bool,fda.inspections.drugs,raw/fda.inspections.drugs/2026/09/20260907T210236Z-954bbebd51db.json.gz,1
fda.inspections.drugs,firm:3008481334,2024-03-26,2026-09-07T21:02:36Z,is_oai,0,bool,fda.inspections.drugs,raw/fda.inspections.drugs/2026/09/20260907T210236Z-954bbebd51db.json.gz,1
fda.inspections.drugs,firm:3008481334,2024-03-26,2026-09-07T21:02:36Z,label,"Hisun Pharmaceutical Hangzhou Co., Ltd",,fda.inspections.drugs,raw/fda.inspections.drugs/2026/09/20260907T210236Z-954bbebd51db.json.gz,1
fda.inspections.drugs,firm:3008616840,2024-03-01,2026-09-07T21:02:36Z,classification,0,ordinal,fda.inspections.drugs,raw/fda.inspections.drugs/2026/09/20260907T210236Z-954bbebd51db.json.gz,1
fda.inspections.drugs,firm:3008616840,2024-03-01,2026-09-07T21:02:36Z,firm_key,EVEREST ORGANICS,,fda.inspections.drugs,raw/fda.inspections.drugs/2026/09/20260907T210236Z-954bbebd51db.json.gz,1
fda.inspections.drugs,firm:3008616840,2024-03-01,2026-09-07T21:02:36Z,inspected,1,count,fda.inspections.drugs,raw/fda.inspections.drugs/2026/09/20260907T210236Z-954bbebd51db.json.gz,1
fda.inspections.drugs,firm:3008616840,2024-03-01,2026-09-07T21:02:36Z,inspection_end,20240301,yyyymmdd,fda.inspections.drugs,raw/fda.inspections.drugs/2026/09/20260907T210236Z-954bbebd51db.json.gz,1
fda.inspections.drugs,firm:3008616840,2024-03-01,2026-09-07T21:02:36Z,is_foreign,1,bool,fda.inspections.drugs,raw/fda.inspections.drugs/2026/09/20260907T210236Z-954bbebd51db.json.gz,1
fda.inspections.drugs,firm:3008616840,2024-03-01,2026-09-07T21:02:36Z,is_oai,0,bool,fda.inspections.drugs,raw/fda.inspections.drugs/2026/09/20260907T210236Z-954bbebd51db.json.gz,1
fda.inspections.drugs,firm:3008616840,2024-03-01,2026-09-07T21:02:36Z,label,Everest Organics Limited,,fda.inspections.drugs,raw/fda.inspections.drugs/2026/09/20260907T210236Z-954bbebd51db.json.gz,1
fda.inspections.drugs,firm:3008656542,2024-03-22,2026-09-07T21:02:36Z,classification,1,ordinal,fda.inspections.drugs,raw/fda.inspections.drugs/2026/09/20260907T210236Z-954bbebd51db.json.gz,1
fda.inspections.drugs,firm:3008656542,2024-03-22,2026-09-07T21:02:36Z,firm_key,MSN,,fda.inspections.drugs,raw/fda.inspections.drugs/2026/09/20260907T210236Z-954bbebd51db.json.gz,1
fda.inspections.drugs,firm:3008656542,2024-03-22,2026-09-07T21:02:36Z,inspected,1,count,fda.inspections.drugs,raw/fda.inspections.drugs/2026/09/20260907T210236Z-954bbebd51db.json.gz,1
fda.inspections.drugs,firm:3008656542,2024-03-22,2026-09-07T21:02:36Z,inspection_end,20240322,yyyymmdd,fda.inspections.drugs,raw/fda.inspections.drugs/2026/09/20260907T210236Z-954bbebd51db.json.gz,1
fda.inspections.drugs,firm:3008656542,2024-03-22,2026-09-07T21:02:36Z,is_foreign,1,bool,fda.inspections.drugs,raw/fda.inspections.drugs/2026/09/20260907T210236Z-954bbebd51db.json.gz,1
fda.inspections.drugs,firm:3008656542,2024-03-22,2026-09-07T21:02:36Z,is_oai,0,bool,fda.inspections.drugs,raw/fda.inspections.drugs/2026/09/20260907T210236Z-954bbebd51db.json.gz,1
fda.inspections.drugs,firm:3008656542,2024-03-22,2026-09-07T21:02:36Z,label,MSN Laboratories Private Limited,,fda.inspections.drugs,raw/fda.inspections.drugs/2026/09/20260907T210236Z-954bbebd51db.json.gz,1
fda.inspections.drugs,firm:3008661256,2024-03-14,2026-09-07T21:02:36Z,classification,1,ordinal,fda.inspections.drugs,raw/fda.inspections.drugs/2026/09/20260907T210236Z-954bbebd51db.json.gz,1
fda.inspections.drugs,firm:3008661256,2024-03-14,2026-09-07T21:02:36Z,firm_key,KYMOS S L,,fda.inspections.drugs,raw/fda.inspections.drugs/2026/09/20260907T210236Z-954bbebd51db.json.gz,1
fda.inspections.drugs,firm:3008661256,2024-03-14,2026-09-07T21:02:36Z,inspected,1,count,fda.inspections.drugs,raw/fda.inspections.drugs/2026/09/20260907T210236Z-954bbebd51db.json.gz,1
fda.inspections.drugs,firm:3008661256,2024-03-14,2026-09-07T21:02:36Z,inspection_end,20240314,yyyymmdd,fda.inspections.drugs,raw/fda.inspections.drugs/2026/09/20260907T210236Z-954bbebd51db.json.gz,1
fda.inspections.drugs,firm:3008661256,2024-03-14,2026-09-07T21:02:36Z,is_foreign,1,bool,fda.inspections.drugs,raw/fda.inspections.drugs/2026/09/20260907T210236Z-954bbebd51db.json.gz,1
fda.inspections.drugs,firm:3008661256,2024-03-14,2026-09-07T21:02:36Z,is_oai,0,bool,fda.inspections.drugs,raw/fda.inspections.drugs/2026/09/20260907T210236Z-954bbebd51db.json.gz,1
fda.inspections.drugs,firm:3008661256,2024-03-14,2026-09-07T21:02:36Z,label,Kymos S.L.,,fda.inspections.drugs,raw/fda.inspections.drugs/2026/09/20260907T210236Z-954bbebd51db.json.gz,1
fda.inspections.drugs,firm:3008763840,2024-03-29,2026-09-07T21:02:36Z,classification,1,ordinal,fda.inspections.drugs,raw/fda.inspections.drugs/2026/09/20260907T210236Z-954bbebd51db.json.gz,1
fda.inspections.drugs,firm:3008763840,2024-03-29,2026-09-07T21:02:36Z,firm_key,SITEC,,fda.inspections.drugs,raw/fda.inspections.drugs/2026/09/20260907T210236Z-954bbebd51db.json.gz,1
fda.inspections.drugs,firm:3008763840,2024-03-29,2026-09-07T21:02:36Z,inspected,1,count,fda.inspections.drugs,raw/fda.inspections.drugs/2026/09/20260907T210236Z-954bbebd51db.json.gz,1
fda.inspections.drugs,firm:3008763840,2024-03-29,2026-09-07T21:02:36Z,inspection_end,20240329,yyyymmdd,fda.inspections.drugs,raw/fda.inspections.drugs/2026/09/20260907T210236Z-954bbebd51db.json.gz,1
fda.inspections.drugs,firm:3008763840,2024-03-29,2026-09-07T21:02:36Z,is_foreign,1,bool,fda.inspections.drugs,raw/fda.inspections.drugs/2026/09/20260907T210236Z-954bbebd51db.json.gz,1
fda.inspections.drugs,firm:3008763840,2024-03-29,2026-09-07T21:02:36Z,is_oai,0,bool,fda.inspections.drugs,raw/fda.inspections.drugs/2026/09/20260907T210236Z-954bbebd51db.json.gz,1
fda.inspections.drugs,firm:3008763840,2024-03-29,2026-09-07T21:02:36Z,label,Sitec Labs Limited,,fda.inspections.drugs,raw/fda.inspections.drugs/2026/09/20260907T210236Z-954bbebd51db.json.gz,1
fda.inspections.drugs,firm:3008898878,2024-03-27,2026-09-07T21:02:36Z,classification,0,ordinal,fda.inspections.drugs,raw/fda.inspections.drugs/2026/09/20260907T210236Z-954bbebd51db.json.gz,1
fda.inspections.drugs,firm:3008898878,2024-03-27,2026-09-07T21:02:36Z,firm_key,RHYTHM,,fda.inspections.drugs,raw/fda.inspections.drugs/2026/09/20260907T210236Z-954bbebd51db.json.gz,1
fda.inspections.drugs,firm:3008898878,2024-03-27,2026-09-07T21:02:36Z,inspected,1,count,fda.inspections.drugs,raw/fda.inspections.drugs/2026/09/20260907T210236Z-954bbebd51db.json.gz,1
fda.inspections.drugs,firm:3008898878,2024-03-27,2026-09-07T21:02:36Z,inspection_end,20240327,yyyymmdd,fda.inspections.drugs,raw/fda.inspections.drugs/2026/09/20260907T210236Z-954bbebd51db.json.gz,1
fda.inspections.drugs,firm:3008898878,2024-03-27,2026-09-07T21:02:36Z,is_foreign,0,bool,fda.inspections.drugs,raw/fda.inspections.drugs/2026/09/20260907T210236Z-954bbebd51db.json.gz,1
fda.inspections.drugs,firm:3008898878,2024-03-27,2026-09-07T21:02:36Z,is_oai,0,bool,fda.inspections.drugs,raw/fda.inspections.drugs/2026/09/20260907T210236Z-954bbebd51db.json.gz,1
fda.inspections.drugs,firm:3008898878,2024-03-27,2026-09-07T21:02:36Z,label,"Rhythm Pharmaceuticals, Inc.",,fda.inspections.drugs,raw/fda.inspections.drugs/2026/09/20260907T210236Z-954bbebd51db.json.gz,1
fda.inspections.drugs,firm:3009039996,2024-03-13,2026-09-07T21:02:36Z,classification,1,ordinal,fda.inspections.drugs,raw/fda.inspections.drugs/2026/09/20260907T210236Z-954bbebd51db.json.gz,1
fda.inspections.drugs,firm:3009039996,2024-03-13,2026-09-07T21:02:36Z,firm_key,ORGANIC AND SUSTAINABLE BEAUTY,,fda.inspections.drugs,raw/fda.inspections.drugs/2026/09/20260907T210236Z-954bbebd51db.json.gz,1
fda.inspections.drugs,firm:3009039996,2024-03-13,2026-09-07T21:02:36Z,inspected,1,count,fda.inspections.drugs,raw/fda.inspections.drugs/2026/09/20260907T210236Z-954bbebd51db.json.gz,1
fda.inspections.drugs,firm:3009039996,2024-03-13,2026-09-07T21:02:36Z,inspection_end,20240313,yyyymmdd,fda.inspections.drugs,raw/fda.inspections.drugs/2026/09/20260907T210236Z-954bbebd51db.json.gz,1
fda.inspections.drugs,firm:3009039996,2024-03-13,2026-09-07T21:02:36Z,is_foreign,0,bool,fda.inspections.drugs,raw/fda.inspections.drugs/2026/09/20260907T210236Z-954bbebd51db.json.gz,1
fda.inspections.drugs,firm:3009039996,2024-03-13,2026-09-07T21:02:36Z,is_oai,0,bool,fda.inspections.drugs,raw/fda.inspections.drugs/2026/09/20260907T210236Z-954bbebd51db.json.gz,1
fda.inspections.drugs,firm:3009039996,2024-03-13,2026-09-07T21:02:36Z,label,Organic and sustainable Beauty Inc,,fda.inspections.drugs,raw/fda.inspections.drugs/2026/09/20260907T210236Z-954bbebd51db.json.gz,1
fda.inspections.drugs,firm:3009064394,2024-03-07,2026-09-07T21:02:36Z,classification,2,ordinal,fda.inspections.drugs,raw/fda.inspections.drugs/2026/09/20260907T210236Z-954bbebd51db.json.gz,1
fda.inspections.drugs,firm:3009064394,2024-03-07,2026-09-07T21:02:36Z,firm_key,JANAKI NMI NADARAJAH DPM,,fda.inspections.drugs,raw/fda.inspections.drugs/2026/09/20260907T210236Z-954bbebd51db.json.gz,1
fda.inspections.drugs,firm:3009064394,2024-03-07,2026-09-07T21:02:36Z,inspected,1,count,fda.inspections.drugs,raw/fda.inspections.drugs/2026/09/20260907T210236Z-954bbebd51db.json.gz,1
fda.inspections.drugs,firm:3009064394,2024-03-07,2026-09-07T21:02:36Z,inspection_end,20240307,yyyymmdd,fda.inspections.drugs,raw/fda.inspections.drugs/2026/09/20260907T210236Z-954bbebd51db.json.gz,1
fda.inspections.drugs,firm:3009064394,2024-03-07,2026-09-07T21:02:36Z,is_foreign,0,bool,fda.inspections.drugs,raw/fda.inspections.drugs/2026/09/20260907T210236Z-954bbebd51db.json.gz,1
fda.inspections.drugs,firm:3009064394,2024-03-07,2026-09-07T21:02:36Z,is_oai,1,bool,fda.inspections.drugs,raw/fda.inspections.drugs/2026/09/20260907T210236Z-954bbebd51db.json.gz,1
fda.inspections.drugs,firm:3009064394,2024-03-07,2026-09-07T21:02:36Z,label,Janaki (NMI) Nadarajah DPM,,fda.inspections.drugs,raw/fda.inspections.drugs/2026/09/20260907T210236Z-954bbebd51db.json.gz,1
fda.inspections.drugs,firm:3009150119,2024-03-22,2026-09-07T21:02:36Z,classification,0,ordinal,fda.inspections.drugs,raw/fda.inspections.drugs/2026/09/20260907T210236Z-954bbebd51db.json.gz,1
fda.inspections.drugs,firm:3009150119,2024-03-22,2026-09-07T21:02:36Z,firm_key,RECIPHARM PHARMASERVICES,,fda.inspections.drugs,raw/fda.inspections.drugs/2026/09/20260907T210236Z-954bbebd51db.json.gz,1
fda.inspections.drugs,firm:3009150119,2024-03-22,2026-09-07T21:02:36Z,inspected,1,count,fda.inspections.drugs,raw/fda.inspections.drugs/2026/09/20260907T210236Z-954bbebd51db.json.gz,1
fda.inspections.drugs,firm:3009150119,2024-03-22,2026-09-07T21:02:36Z,inspection_end,20240322,yyyymmdd,fda.inspections.drugs,raw/fda.inspections.drugs/2026/09/20260907T210236Z-954bbebd51db.json.gz,1
fda.inspections.drugs,firm:3009150119,2024-03-22,2026-09-07T21:02:36Z,is_foreign,1,bool,fda.inspections.drugs,raw/fda.inspections.drugs/2026/09/20260907T210236Z-954bbebd51db.json.gz,1
fda.inspections.drugs,firm:3009150119,2024-03-22,2026-09-07T21:02:36Z,is_oai,0,bool,fda.inspections.drugs,raw/fda.inspections.drugs/2026/09/20260907T210236Z-954bbebd51db.json.gz,1
fda.inspections.drugs,firm:3009150119,2024-03-22,2026-09-07T21:02:36Z,label,Recipharm Pharmaservices Private Limited,,fda.inspections.drugs,raw/fda.inspections.drugs/2026/09/20260907T210236Z-954bbebd51db.json.gz,1
fda.inspections.drugs,firm:3009261338,2024-03-15,2026-09-07T21:02:36Z,classification,1,ordinal,fda.inspections.drugs,raw/fda.inspections.drugs/2026/09/20260907T210236Z-954bbebd51db.json.gz,1
fda.inspections.drugs,firm:3009261338,2024-03-15,2026-09-07T21:02:36Z,firm_key,KEKULE,,fda.inspections.drugs,raw/fda.inspections.drugs/2026/09/20260907T210236Z-954bbebd51db.json.gz,1
fda.inspections.drugs,firm:3009261338,2024-03-15,2026-09-07T21:02:36Z,inspected,1,count,fda.inspections.drugs,raw/fda.inspections.drugs/2026/09/20260907T210236Z-954bbebd51db.json.gz,1
fda.inspections.drugs,firm:3009261338,2024-03-15,2026-09-07T21:02:36Z,inspection_end,20240315,yyyymmdd,fda.inspections.drugs,raw/fda.inspections.drugs/2026/09/20260907T210236Z-954bbebd51db.json.gz,1
fda.inspections.drugs,firm:3009261338,2024-03-15,2026-09-07T21:02:36Z,is_foreign,1,bool,fda.inspections.drugs,raw/fda.inspections.drugs/2026/09/20260907T210236Z-954bbebd51db.json.gz,1
fda.inspections.drugs,firm:3009261338,2024-03-15,2026-09-07T21:02:36Z,is_oai,0,bool,fda.inspections.drugs,raw/fda.inspections.drugs/2026/09/20260907T210236Z-954bbebd51db.json.gz,1
fda.inspections.drugs,firm:3009261338,2024-03-15,2026-09-07T21:02:36Z,label,Kekule Pharma Limited,,fda.inspections.drugs,raw/fda.inspections.drugs/2026/09/20260907T210236Z-954bbebd51db.json.gz,1
fda.inspections.drugs,firm:3009316555,2024-03-06,2026-09-07T21:02:36Z,classification,0,ordinal,fda.inspections.drugs,raw/fda.inspections.drugs/2026/09/20260907T210236Z-954bbebd51db.json.gz,1
fda.inspections.drugs,firm:3009316555,2024-03-06,2026-09-07T21:02:36Z,firm_key,MEDPACE,,fda.inspections.drugs,raw/fda.inspections.drugs/2026/09/20260907T210236Z-954bbebd51db.json.gz,1
fda.inspections.drugs,firm:3009316555,2024-03-06,2026-09-07T21:02:36Z,inspected,1,count,fda.inspections.drugs,raw/fda.inspections.drugs/2026/09/20260907T210236Z-954bbebd51db.json.gz,1
fda.inspections.drugs,firm:3009316555,2024-03-06,2026-09-07T21:02:36Z,inspection_end,20240306,yyyymmdd,fda.inspections.drugs,raw/fda.inspections.drugs/2026/09/20260907T210236Z-954bbebd51db.json.gz,1
fda.inspections.drugs,firm:3009316555,2024-03-06,2026-09-07T21:02:36Z,is_foreign,0,bool,fda.inspections.drugs,raw/fda.inspections.drugs/2026/09/20260907T210236Z-954bbebd51db.json.gz,1
fda.inspections.drugs,firm:3009316555,2024-03-06,2026-09-07T21:02:36Z,is_oai,0,bool,fda.inspections.drugs,raw/fda.inspections.drugs/2026/09/20260907T210236Z-954bbebd51db.json.gz,1
fda.inspections.drugs,firm:3009316555,2024-03-06,2026-09-07T21:02:36Z,label,"Medpace, Inc.",,fda.inspections.drugs,raw/fda.inspections.drugs/2026/09/20260907T210236Z-954bbebd51db.json.gz,1
fda.inspections.drugs,firm:3009339218,2024-03-13,2026-09-07T21:02:36Z,classification,1,ordinal,fda.inspections.drugs,raw/fda.inspections.drugs/2026/09/20260907T210236Z-954bbebd51db.json.gz,1
fda.inspections.drugs,firm:3009339218,2024-03-13,2026-09-07T21:02:36Z,firm_key,JUBILANT DRAXIMAGE RADIOPHARMACIES DBA JUBILANT RADIOPHARMA,,fda.inspections.drugs,raw/fda.inspections.drugs/2026/09/20260907T210236Z-954bbebd51db.json.gz,1
fda.inspections.drugs,firm:3009339218,2024-03-13,2026-09-07T21:02:36Z,inspected,1,count,fda.inspections.drugs,raw/fda.inspections.drugs/2026/09/20260907T210236Z-954bbebd51db.json.gz,1
fda.inspections.drugs,firm:3009339218,2024-03-13,2026-09-07T21:02:36Z,inspection_end,20240313,yyyymmdd,fda.inspections.drugs,raw/fda.inspections.drugs/2026/09/20260907T210236Z-954bbebd51db.json.gz,1
fda.inspections.drugs,firm:3009339218,2024-03-13,2026-09-07T21:02:36Z,is_foreign,0,bool,fda.inspections.drugs,raw/fda.inspections.drugs/2026/09/20260907T210236Z-954bbebd51db.json.gz,1
fda.inspections.drugs,firm:3009339218,2024-03-13,2026-09-07T21:02:36Z,is_oai,0,bool,fda.inspections.drugs,raw/fda.inspections.drugs/2026/09/20260907T210236Z-954bbebd51db.json.gz,1
fda.inspections.drugs,firm:3009339218,2024-03-13,2026-09-07T21:02:36Z,label,Jubilant DraxImage Radiopharmacies Inc. dba Jubilant Radiopharma,,fda.inspections.drugs,raw/fda.inspections.drugs/2026/09/20260907T210236Z-954bbebd51db.json.gz,1
fda.inspections.drugs,firm:3009538920,2024-03-15,2026-09-07T21:02:36Z,classification,1,ordinal,fda.inspections.drugs,raw/fda.inspections.drugs/2026/09/20260907T210236Z-954bbebd51db.json.gz,1
fda.inspections.drugs,firm:3009538920,2024-03-15,2026-09-07T21:02:36Z,firm_key,JIANGSU PUXIN DEVELOPMENT,,fda.inspections.drugs,raw/fda.inspections.drugs/2026/09/20260907T210236Z-954bbebd51db.json.gz,1
fda.inspections.drugs,firm:3009538920,2024-03-15,2026-09-07T21:02:36Z,inspected,1,count,fda.inspections.drugs,raw/fda.inspections.drugs/2026/09/20260907T210236Z-954bbebd51db.json.gz,1
fda.inspections.drugs,firm:3009538920,2024-03-15,2026-09-07T21:02:36Z,inspection_end,20240315,yyyymmdd,fda.inspections.drugs,raw/fda.inspections.drugs/2026/09/20260907T210236Z-954bbebd51db.json.gz,1
fda.inspections.drugs,firm:3009538920,2024-03-15,2026-09-07T21:02:36Z,is_foreign,1,bool,fda.inspections.drugs,raw/fda.inspections.drugs/2026/09/20260907T210236Z-954bbebd51db.json.gz,1
fda.inspections.drugs,firm:3009538920,2024-03-15,2026-09-07T21:02:36Z,is_oai,0,bool,fda.inspections.drugs,raw/fda.inspections.drugs/2026/09/20260907T210236Z-954bbebd51db.json.gz,1
fda.inspections.drugs,firm:3009538920,2024-03-15,2026-09-07T21:02:36Z,label,Jiangsu Puxin Pharmaceuticals Development Co. Ltd,,fda.inspections.drugs,raw/fda.inspections.drugs/2026/09/20260907T210236Z-954bbebd51db.json.gz,1
fda.inspections.drugs,firm:3009566722,2024-03-15,2026-09-07T21:02:36Z,classification,0,ordinal,fda.inspections.drugs,raw/fda.inspections.drugs/2026/09/20260907T210236Z-954bbebd51db.json.gz,1
fda.inspections.drugs,firm:3009566722,2024-03-15,2026-09-07T21:02:36Z,firm_key,PALC,,fda.inspections.drugs,raw/fda.inspections.drugs/2026/09/20260907T210236Z-954bbebd51db.json.gz,1
fda.inspections.drugs,firm:3009566722,2024-03-15,2026-09-07T21:02:36Z,inspected,1,count,fda.inspections.drugs,raw/fda.inspections.drugs/2026/09/20260907T210236Z-954bbebd51db.json.gz,1
fda.inspections.drugs,firm:3009566722,2024-03-15,2026-09-07T21:02:36Z,inspection_end,20240315,yyyymmdd,fda.inspections.drugs,raw/fda.inspections.drugs/2026/09/20260907T210236Z-954bbebd51db.json.gz,1
fda.inspections.drugs,firm:3009566722,2024-03-15,2026-09-07T21:02:36Z,is_foreign,0,bool,fda.inspections.drugs,raw/fda.inspections.drugs/2026/09/20260907T210236Z-954bbebd51db.json.gz,1
fda.inspections.drugs,firm:3009566722,2024-03-15,2026-09-07T21:02:36Z,is_oai,0,bool,fda.inspections.drugs,raw/fda.inspections.drugs/2026/09/20260907T210236Z-954bbebd51db.json.gz,1
fda.inspections.drugs,firm:3009566722,2024-03-15,2026-09-07T21:02:36Z,label,PALC,,fda.inspections.drugs,raw/fda.inspections.drugs/2026/09/20260907T210236Z-954bbebd51db.json.gz,1
fda.inspections.drugs,firm:3009853264,2024-03-29,2026-09-07T21:02:36Z,classification,0,ordinal,fda.inspections.drugs,raw/fda.inspections.drugs/2026/09/20260907T210236Z-954bbebd51db.json.gz,1
fda.inspections.drugs,firm:3009853264,2024-03-29,2026-09-07T21:02:36Z,firm_key,SCIANDA CHANGSHU,,fda.inspections.drugs,raw/fda.inspections.drugs/2026/09/20260907T210236Z-954bbebd51db.json.gz,1
fda.inspections.drugs,firm:3009853264,2024-03-29,2026-09-07T21:02:36Z,inspected,1,count,fda.inspections.drugs,raw/fda.inspections.drugs/2026/09/20260907T210236Z-954bbebd51db.json.gz,1
fda.inspections.drugs,firm:3009853264,2024-03-29,2026-09-07T21:02:36Z,inspection_end,20240329,yyyymmdd,fda.inspections.drugs,raw/fda.inspections.drugs/2026/09/20260907T210236Z-954bbebd51db.json.gz,1
fda.inspections.drugs,firm:3009853264,2024-03-29,2026-09-07T21:02:36Z,is_foreign,1,bool,fda.inspections.drugs,raw/fda.inspections.drugs/2026/09/20260907T210236Z-954bbebd51db.json.gz,1
fda.inspections.drugs,firm:3009853264,2024-03-29,2026-09-07T21:02:36Z,is_oai,0,bool,fda.inspections.drugs,raw/fda.inspections.drugs/2026/09/20260907T210236Z-954bbebd51db.json.gz,1
fda.inspections.drugs,firm:3009853264,2024-03-29,2026-09-07T21:02:36Z,label,"SciAnda (Changshu) Pharmaceuticals, Ltd.",,fda.inspections.drugs,raw/fda.inspections.drugs/2026/09/20260907T210236Z-954bbebd51db.json.gz,1
fda.inspections.drugs,firm:3009883190,2024-03-08,2026-09-07T21:02:36Z,classification,1,ordinal,fda.inspections.drugs,raw/fda.inspections.drugs/2026/09/20260907T210236Z-954bbebd51db.json.gz,1
fda.inspections.drugs,firm:3009883190,2024-03-08,2026-09-07T21:02:36Z,firm_key,LUCID,,fda.inspections.drugs,raw/fda.inspections.drugs/2026/09/20260907T210236Z-954bbebd51db.json.gz,1
fda.inspections.drugs,firm:3009883190,2024-03-08,2026-09-07T21:02:36Z,inspected,1,count,fda.inspections.drugs,raw/fda.inspections.drugs/2026/09/20260907T210236Z-954bbebd51db.json.gz,1
fda.inspections.drugs,firm:3009883190,2024-03-08,2026-09-07T21:02:36Z,inspection_end,20240308,yyyymmdd,fda.inspections.drugs,raw/fda.inspections.drugs/2026/09/20260907T210236Z-954bbebd51db.json.gz,1
fda.inspections.drugs,firm:3009883190,2024-03-08,2026-09-07T21:02:36Z,is_foreign,1,bool,fda.inspections.drugs,raw/fda.inspections.drugs/2026/09/20260907T210236Z-954bbebd51db.json.gz,1
fda.inspections.drugs,firm:3009883190,2024-03-08,2026-09-07T21:02:36Z,is_oai,0,bool,fda.inspections.drugs,raw/fda.inspections.drugs/2026/09/20260907T210236Z-954bbebd51db.json.gz,1
fda.inspections.drugs,firm:3009883190,2024-03-08,2026-09-07T21:02:36Z,label,Lucid Laboratories Private Limited,,fda.inspections.drugs,raw/fda.inspections.drugs/2026/09/20260907T210236Z-954bbebd51db.json.gz,1
fda.inspections.drugs,firm:3009886271,2024-03-13,2026-09-07T21:02:36Z,classification,1,ordinal,fda.inspections.drugs,raw/fda.inspections.drugs/2026/09/20260907T210236Z-954bbebd51db.json.gz,1
fda.inspections.drugs,firm:3009886271,2024-03-13,2026-09-07T21:02:36Z,firm_key,SPS SERVICES,,fda.inspections.drugs,raw/fda.inspections.drugs/2026/09/20260907T210236Z-954bbebd51db.json.gz,1
fda.inspections.drugs,firm:3009886271,2024-03-13,2026-09-07T21:02:36Z,inspected,1,count,fda.inspections.drugs,raw/fda.inspections.drugs/2026/09/20260907T210236Z-954bbebd51db.json.gz,1
fda.inspections.drugs,firm:3009886271,2024-03-13,2026-09-07T21:02:36Z,inspection_end,20240313,yyyymmdd,fda.inspections.drugs,raw/fda.inspections.drugs/2026/09/20260907T210236Z-954bbebd51db.json.gz,1
fda.inspections.drugs,firm:3009886271,2024-03-13,2026-09-07T21:02:36Z,is_foreign,1,bool,fda.inspections.drugs,raw/fda.inspections.drugs/2026/09/20260907T210236Z-954bbebd51db.json.gz,1
fda.inspections.drugs,firm:3009886271,2024-03-13,2026-09-07T21:02:36Z,is_oai,0,bool,fda.inspections.drugs,raw/fda.inspections.drugs/2026/09/20260907T210236Z-954bbebd51db.json.gz,1
fda.inspections.drugs,firm:3009886271,2024-03-13,2026-09-07T21:02:36Z,label,SPS Pharma Services,,fda.inspections.drugs,raw/fda.inspections.drugs/2026/09/20260907T210236Z-954bbebd51db.json.gz,1
fda.inspections.drugs,firm:3009930596,2024-03-21,2026-09-07T21:02:36Z,classification,1,ordinal,fda.inspections.drugs,raw/fda.inspections.drugs/2026/09/20260907T210236Z-954bbebd51db.json.gz,1
fda.inspections.drugs,firm:3009930596,2024-03-21,2026-09-07T21:02:36Z,firm_key,WASHINGTON UNIVERSITY SCHOOL OF MEDICINE,,fda.inspections.drugs,raw/fda.inspections.drugs/2026/09/20260907T210236Z-954bbebd51db.json.gz,1
fda.inspections.drugs,firm:3009930596,2024-03-21,2026-09-07T21:02:36Z,inspected,1,count,fda.inspections.drugs,raw/fda.inspections.drugs/2026/09/20260907T210236Z-954bbebd51db.json.gz,1
fda.inspections.drugs,firm:3009930596,2024-03-21,2026-09-07T21:02:36Z,inspection_end,20240321,yyyymmdd,fda.inspections.drugs,raw/fda.inspections.drugs/2026/09/20260907T210236Z-954bbebd51db.json.gz,1
fda.inspections.drugs,firm:3009930596,2024-03-21,2026-09-07T21:02:36Z,is_foreign,0,bool,fda.inspections.drugs,raw/fda.inspections.drugs/2026/09/20260907T210236Z-954bbebd51db.json.gz,1
fda.inspections.drugs,firm:3009930596,2024-03-21,2026-09-07T21:02:36Z,is_oai,0,bool,fda.inspections.drugs,raw/fda.inspections.drugs/2026/09/20260907T210236Z-954bbebd51db.json.gz,1
fda.inspections.drugs,firm:3009930596,2024-03-21,2026-09-07T21:02:36Z,label,Washington University School of Medicine,,fda.inspections.drugs,raw/fda.inspections.drugs/2026/09/20260907T210236Z-954bbebd51db.json.gz,1
fda.inspections.drugs,firm:3009934288,2024-03-22,2026-09-07T21:02:36Z,classification,1,ordinal,fda.inspections.drugs,raw/fda.inspections.drugs/2026/09/20260907T210236Z-954bbebd51db.json.gz,1
fda.inspections.drugs,firm:3009934288,2024-03-22,2026-09-07T21:02:36Z,firm_key,JINDAL DRUGS,,fda.inspections.drugs,raw/fda.inspections.drugs/2026/09/20260907T210236Z-954bbebd51db.json.gz,1
fda.inspections.drugs,firm:3009934288,2024-03-22,2026-09-07T21:02:36Z,inspected,1,count,fda.inspections.drugs,raw/fda.inspections.drugs/2026/09/20260907T210236Z-954bbebd51db.json.gz,1
fda.inspections.drugs,firm:3009934288,2024-03-22,2026-09-07T21:02:36Z,inspection_end,20240322,yyyymmdd,fda.inspections.drugs,raw/fda.inspections.drugs/2026/09/20260907T210236Z-954bbebd51db.json.gz,1
fda.inspections.drugs,firm:3009934288,2024-03-22,2026-09-07T21:02:36Z,is_foreign,1,bool,fda.inspections.drugs,raw/fda.inspections.drugs/2026/09/20260907T210236Z-954bbebd51db.json.gz,1
fda.inspections.drugs,firm:3009934288,2024-03-22,2026-09-07T21:02:36Z,is_oai,0,bool,fda.inspections.drugs,raw/fda.inspections.drugs/2026/09/20260907T210236Z-954bbebd51db.json.gz,1
fda.inspections.drugs,firm:3009934288,2024-03-22,2026-09-07T21:02:36Z,label,Jindal Drugs Private Limited,,fda.inspections.drugs,raw/fda.inspections.drugs/2026/09/20260907T210236Z-954bbebd51db.json.gz,1
fda.inspections.drugs,firm:3010014758,2024-03-11,2026-09-07T21:02:36Z,classification,1,ordinal,fda.inspections.drugs,raw/fda.inspections.drugs/2026/09/20260907T210236Z-954bbebd51db.json.gz,1
fda.inspections.drugs,firm:3010014758,2024-03-11,2026-09-07T21:02:36Z,firm_key,APPCO,,fda.inspections.drugs,raw/fda.inspections.drugs/2026/09/20260907T210236Z-954bbebd51db.json.gz,1
fda.inspections.drugs,firm:3010014758,2024-03-11,2026-09-07T21:02:36Z,inspected,1,count,fda.inspections.drugs,raw/fda.inspections.drugs/2026/09/20260907T210236Z-954bbebd51db.json.gz,1
fda.inspections.drugs,firm:3010014758,2024-03-11,2026-09-07T21:02:36Z,inspection_end,20240311,yyyymmdd,fda.inspections.drugs,raw/fda.inspections.drugs/2026/09/20260907T210236Z-954bbebd51db.json.gz,1
fda.inspections.drugs,firm:3010014758,2024-03-11,2026-09-07T21:02:36Z,is_foreign,0,bool,fda.inspections.drugs,raw/fda.inspections.drugs/2026/09/20260907T210236Z-954bbebd51db.json.gz,1
fda.inspections.drugs,firm:3010014758,2024-03-11,2026-09-07T21:02:36Z,is_oai,0,bool,fda.inspections.drugs,raw/fda.inspections.drugs/2026/09/20260907T210236Z-954bbebd51db.json.gz,1
fda.inspections.drugs,firm:3010014758,2024-03-11,2026-09-07T21:02:36Z,label,Appco Pharma LLC,,fda.inspections.drugs,raw/fda.inspections.drugs/2026/09/20260907T210236Z-954bbebd51db.json.gz,1
fda.inspections.drugs,firm:3010164154,2024-03-01,2026-09-07T21:02:36Z,classification,1,ordinal,fda.inspections.drugs,raw/fda.inspections.drugs/2026/09/20260907T210236Z-954bbebd51db.json.gz,1
fda.inspections.drugs,firm:3010164154,2024-03-01,2026-09-07T21:02:36Z,firm_key,DERMACEUTICAL,,fda.inspections.drugs,raw/fda.inspections.drugs/2026/09/20260907T210236Z-954bbebd51db.json.gz,1
fda.inspections.drugs,firm:3010164154,2024-03-01,2026-09-07T21:02:36Z,inspected,1,count,fda.inspections.drugs,raw/fda.inspections.drugs/2026/09/20260907T210236Z-954bbebd51db.json.gz,1
fda.inspections.drugs,firm:3010164154,2024-03-01,2026-09-07T21:02:36Z,inspection_end,20240301,yyyymmdd,fda.inspections.drugs,raw/fda.inspections.drugs/2026/09/20260907T210236Z-954bbebd51db.json.gz,1
fda.inspections.drugs,firm:3010164154,2024-03-01,2026-09-07T21:02:36Z,is_foreign,0,bool,fda.inspections.drugs,raw/fda.inspections.drugs/2026/09/20260907T210236Z-954bbebd51db.json.gz,1
fda.inspections.drugs,firm:3010164154,2024-03-01,2026-09-07T21:02:36Z,is_oai,0,bool,fda.inspections.drugs,raw/fda.inspections.drugs/2026/09/20260907T210236Z-954bbebd51db.json.gz,1
fda.inspections.drugs,firm:3010164154,2024-03-01,2026-09-07T21:02:36Z,label,"Dermaceutical Laboratories, LLC",,fda.inspections.drugs,raw/fda.inspections.drugs/2026/09/20260907T210236Z-954bbebd51db.json.gz,1
fda.inspections.drugs,firm:3010329515,2024-03-22,2026-09-07T21:02:36Z,classification,0,ordinal,fda.inspections.drugs,raw/fda.inspections.drugs/2026/09/20260907T210236Z-954bbebd51db.json.gz,1
fda.inspections.drugs,firm:3010329515,2024-03-22,2026-09-07T21:02:36Z,firm_key,TORRENT,,fda.inspections.drugs,raw/fda.inspections.drugs/2026/09/20260907T210236Z-954bbebd51db.json.gz,1
fda.inspections.drugs,firm:3010329515,2024-03-22,2026-09-07T21:02:36Z,inspected,1,count,fda.inspections.drugs,raw/fda.inspections.drugs/2026/09/20260907T210236Z-954bbebd51db.json.gz,1
fda.inspections.drugs,firm:3010329515,2024-03-22,2026-09-07T21:02:36Z,inspection_end,20240322,yyyymmdd,fda.inspections.drugs,raw/fda.inspections.drugs/2026/09/20260907T210236Z-954bbebd51db.json.gz,1
fda.inspections.drugs,firm:3010329515,2024-03-22,2026-09-07T21:02:36Z,is_foreign,0,bool,fda.inspections.drugs,raw/fda.inspections.drugs/2026/09/20260907T210236Z-954bbebd51db.json.gz,1
fda.inspections.drugs,firm:3010329515,2024-03-22,2026-09-07T21:02:36Z,is_oai,0,bool,fda.inspections.drugs,raw/fda.inspections.drugs/2026/09/20260907T210236Z-954bbebd51db.json.gz,1
fda.inspections.drugs,firm:3010329515,2024-03-22,2026-09-07T21:02:36Z,label,Torrent Pharma Inc.,,fda.inspections.drugs,raw/fda.inspections.drugs/2026/09/20260907T210236Z-954bbebd51db.json.gz,1
fda.inspections.drugs,firm:3010387507,2024-03-16,2026-09-07T21:02:36Z,classification,1,ordinal,fda.inspections.drugs,raw/fda.inspections.drugs/2026/09/20260907T210236Z-954bbebd51db.json.gz,1
fda.inspections.drugs,firm:3010387507,2024-03-16,2026-09-07T21:02:36Z,firm_key,AMOREPACIFIC,,fda.inspections.drugs,raw/fda.inspections.drugs/2026/09/20260907T210236Z-954bbebd51db.json.gz,1
fda.inspections.drugs,firm:3010387507,2024-03-16,2026-09-07T21:02:36Z,inspected,1,count,fda.inspections.drugs,raw/fda.inspections.drugs/2026/09/20260907T210236Z-954bbebd51db.json.gz,1
fda.inspections.drugs,firm:3010387507,2024-03-16,2026-09-07T21:02:36Z,inspection_end,20240316,yyyymmdd,fda.inspections.drugs,raw/fda.inspections.drugs/2026/09/20260907T210236Z-954bbebd51db.json.gz,1
fda.inspections.drugs,firm:3010387507,2024-03-16,2026-09-07T21:02:36Z,is_foreign,1,bool,fda.inspections.drugs,raw/fda.inspections.drugs/2026/09/20260907T210236Z-954bbebd51db.json.gz,1
fda.inspections.drugs,firm:3010387507,2024-03-16,2026-09-07T21:02:36Z,is_oai,0,bool,fda.inspections.drugs,raw/fda.inspections.drugs/2026/09/20260907T210236Z-954bbebd51db.json.gz,1
fda.inspections.drugs,firm:3010387507,2024-03-16,2026-09-07T21:02:36Z,label,Amorepacific Corporation,,fda.inspections.drugs,raw/fda.inspections.drugs/2026/09/20260907T210236Z-954bbebd51db.json.gz,1
fda.inspections.drugs,firm:3010531211,2024-03-20,2026-09-07T21:02:36Z,classification,1,ordinal,fda.inspections.drugs,raw/fda.inspections.drugs/2026/09/20260907T210236Z-954bbebd51db.json.gz,1
fda.inspections.drugs,firm:3010531211,2024-03-20,2026-09-07T21:02:36Z,firm_key,ITM MEDICAL ISOTOPES,,fda.inspections.drugs,raw/fda.inspections.drugs/2026/09/20260907T210236Z-954bbebd51db.json.gz,1
fda.inspections.drugs,firm:3010531211,2024-03-20,2026-09-07T21:02:36Z,inspected,1,count,fda.inspections.drugs,raw/fda.inspections.drugs/2026/09/20260907T210236Z-954bbebd51db.json.gz,1
fda.inspections.drugs,firm:3010531211,2024-03-20,2026-09-07T21:02:36Z,inspection_end,20240320,yyyymmdd,fda.inspections.drugs,raw/fda.inspections.drugs/2026/09/20260907T210236Z-954bbebd51db.json.gz,1
fda.inspections.drugs,firm:3010531211,2024-03-20,2026-09-07T21:02:36Z,is_foreign,1,bool,fda.inspections.drugs,raw/fda.inspections.drugs/2026/09/20260907T210236Z-954bbebd51db.json.gz,1
fda.inspections.drugs,firm:3010531211,2024-03-20,2026-09-07T21:02:36Z,is_oai,0,bool,fda.inspections.drugs,raw/fda.inspections.drugs/2026/09/20260907T210236Z-954bbebd51db.json.gz,1
fda.inspections.drugs,firm:3010531211,2024-03-20,2026-09-07T21:02:36Z,label,ITM Medical Isotopes GmbH,,fda.inspections.drugs,raw/fda.inspections.drugs/2026/09/20260907T210236Z-954bbebd51db.json.gz,1
fda.inspections.drugs,firm:3010738198,2024-03-05,2026-09-07T21:02:36Z,classification,1,ordinal,fda.inspections.drugs,raw/fda.inspections.drugs/2026/09/20260907T210236Z-954bbebd51db.json.gz,1
fda.inspections.drugs,firm:3010738198,2024-03-05,2026-09-07T21:02:36Z,firm_key,AX,,fda.inspections.drugs,raw/fda.inspections.drugs/2026/09/20260907T210236Z-954bbebd51db.json.gz,1
fda.inspections.drugs,firm:3010738198,2024-03-05,2026-09-07T21:02:36Z,inspected,1,count,fda.inspections.drugs,raw/fda.inspections.drugs/2026/09/20260907T210236Z-954bbebd51db.json.gz,1
fda.inspections.drugs,firm:3010738198,2024-03-05,2026-09-07T21:02:36Z,inspection_end,20240305,yyyymmdd,fda.inspections.drugs,raw/fda.inspections.drugs/2026/09/20260907T210236Z-954bbebd51db.json.gz,1
fda.inspections.drugs,firm:3010738198,2024-03-05,2026-09-07T21:02:36Z,is_foreign,1,bool,fda.inspections.drugs,raw/fda.inspections.drugs/2026/09/20260907T210236Z-954bbebd51db.json.gz,1
fda.inspections.drugs,firm:3010738198,2024-03-05,2026-09-07T21:02:36Z,is_oai,0,bool,fda.inspections.drugs,raw/fda.inspections.drugs/2026/09/20260907T210236Z-954bbebd51db.json.gz,1
fda.inspections.drugs,firm:3010738198,2024-03-05,2026-09-07T21:02:36Z,label,AX Pharmaceutical Corporation,,fda.inspections.drugs,raw/fda.inspections.drugs/2026/09/20260907T210236Z-954bbebd51db.json.gz,1
fda.inspections.drugs,firm:3010763764,2024-03-13,2026-09-07T21:02:36Z,classification,1,ordinal,fda.inspections.drugs,raw/fda.inspections.drugs/2026/09/20260907T210236Z-954bbebd51db.json.gz,1
fda.inspections.drugs,firm:3010763764,2024-03-13,2026-09-07T21:02:36Z,firm_key,NORBITEC,,fda.inspections.drugs,raw/fda.inspections.drugs/2026/09/20260907T210236Z-954bbebd51db.json.gz,1
fda.inspections.drugs,firm:3010763764,2024-03-13,2026-09-07T21:02:36Z,inspected,1,count,fda.inspections.drugs,raw/fda.inspections.drugs/2026/09/20260907T210236Z-954bbebd51db.json.gz,1
fda.inspections.drugs,firm:3010763764,2024-03-13,2026-09-07T21:02:36Z,inspection_end,20240313,yyyymmdd,fda.inspections.drugs,raw/fda.inspections.drugs/2026/09/20260907T210236Z-954bbebd51db.json.gz,1
fda.inspections.drugs,firm:3010763764,2024-03-13,2026-09-07T21:02:36Z,is_foreign,1,bool,fda.inspections.drugs,raw/fda.inspections.drugs/2026/09/20260907T210236Z-954bbebd51db.json.gz,1
fda.inspections.drugs,firm:3010763764,2024-03-13,2026-09-07T21:02:36Z,is_oai,0,bool,fda.inspections.drugs,raw/fda.inspections.drugs/2026/09/20260907T210236Z-954bbebd51db.json.gz,1
fda.inspections.drugs,firm:3010763764,2024-03-13,2026-09-07T21:02:36Z,label,Norbitec GmbH,,fda.inspections.drugs,raw/fda.inspections.drugs/2026/09/20260907T210236Z-954bbebd51db.json.gz,1
fda.inspections.drugs,firm:3010921974,2024-03-11,2026-09-07T21:02:36Z,classification,0,ordinal,fda.inspections.drugs,raw/fda.inspections.drugs/2026/09/20260907T210236Z-954bbebd51db.json.gz,1
fda.inspections.drugs,firm:3010921974,2024-03-11,2026-09-07T21:02:36Z,firm_key,DETREX,,fda.inspections.drugs,raw/fda.inspections.drugs/2026/09/20260907T210236Z-954bbebd51db.json.gz,1
fda.inspections.drugs,firm:3010921974,2024-03-11,2026-09-07T21:02:36Z,inspected,1,count,fda.inspections.drugs,raw/fda.inspections.drugs/2026/09/20260907T210236Z-954bbebd51db.json.gz,1
fda.inspections.drugs,firm:3010921974,2024-03-11,2026-09-07T21:02:36Z,inspection_end,20240311,yyyymmdd,fda.inspections.drugs,raw/fda.inspections.drugs/2026/09/20260907T210236Z-954bbebd51db.json.gz,1
fda.inspections.drugs,firm:3010921974,2024-03-11,2026-09-07T21:02:36Z,is_foreign,0,bool,fda.inspections.drugs,raw/fda.inspections.drugs/2026/09/20260907T210236Z-954bbebd51db.json.gz,1
fda.inspections.drugs,firm:3010921974,2024-03-11,2026-09-07T21:02:36Z,is_oai,0,bool,fda.inspections.drugs,raw/fda.inspections.drugs/2026/09/20260907T210236Z-954bbebd51db.json.gz,1
fda.inspections.drugs,firm:3010921974,2024-03-11,2026-09-07T21:02:36Z,label,Detrex Corporation,,fda.inspections.drugs,raw/fda.inspections.drugs/2026/09/20260907T210236Z-954bbebd51db.json.gz,1
fda.inspections.drugs,firm:3010957801,2024-03-15,2026-09-07T21:02:36Z,classification,1,ordinal,fda.inspections.drugs,raw/fda.inspections.drugs/2026/09/20260907T210236Z-954bbebd51db.json.gz,1
fda.inspections.drugs,firm:3010957801,2024-03-15,2026-09-07T21:02:36Z,firm_key,ACHARYA CHEMICALS,,fda.inspections.drugs,raw/fda.inspections.drugs/2026/09/20260907T210236Z-954bbebd51db.json.gz,1
fda.inspections.drugs,firm:3010957801,2024-03-15,2026-09-07T21:02:36Z,inspected,1,count,fda.inspections.drugs,raw/fda.inspections.drugs/2026/09/20260907T210236Z-954bbebd51db.json.gz,1
fda.inspections.drugs,firm:3010957801,2024-03-15,2026-09-07T21:02:36Z,inspection_end,20240315,yyyymmdd,fda.inspections.drugs,raw/fda.inspections.drugs/2026/09/20260907T210236Z-954bbebd51db.json.gz,1
fda.inspections.drugs,firm:3010957801,2024-03-15,2026-09-07T21:02:36Z,is_foreign,1,bool,fda.inspections.drugs,raw/fda.inspections.drugs/2026/09/20260907T210236Z-954bbebd51db.json.gz,1
fda.inspections.drugs,firm:3010957801,2024-03-15,2026-09-07T21:02:36Z,is_oai,0,bool,fda.inspections.drugs,raw/fda.inspections.drugs/2026/09/20260907T210236Z-954bbebd51db.json.gz,1
fda.inspections.drugs,firm:3010957801,2024-03-15,2026-09-07T21:02:36Z,label,Acharya Chemicals,,fda.inspections.drugs,raw/fda.inspections.drugs/2026/09/20260907T210236Z-954bbebd51db.json.gz,1
fda.inspections.drugs,firm:3010999645,2024-03-15,2026-09-07T21:02:36Z,classification,2,ordinal,fda.inspections.drugs,raw/fda.inspections.drugs/2026/09/20260907T210236Z-954bbebd51db.json.gz,1
fda.inspections.drugs,firm:3010999645,2024-03-15,2026-09-07T21:02:36Z,firm_key,OREAN PERSONAL CARE,,fda.inspections.drugs,raw/fda.inspections.drugs/2026/09/20260907T210236Z-954bbebd51db.json.gz,1
fda.inspections.drugs,firm:3010999645,2024-03-15,2026-09-07T21:02:36Z,inspected,1,count,fda.inspections.drugs,raw/fda.inspections.drugs/2026/09/20260907T210236Z-954bbebd51db.json.gz,1
fda.inspections.drugs,firm:3010999645,2024-03-15,2026-09-07T21:02:36Z,inspection_end,20240315,yyyymmdd,fda.inspections.drugs,raw/fda.inspections.drugs/2026/09/20260907T210236Z-954bbebd51db.json.gz,1
fda.inspections.drugs,firm:3010999645,2024-03-15,2026-09-07T21:02:36Z,is_foreign,1,bool,fda.inspections.drugs,raw/fda.inspections.drugs/2026/09/20260907T210236Z-954bbebd51db.json.gz,1
fda.inspections.drugs,firm:3010999645,2024-03-15,2026-09-07T21:02:36Z,is_oai,1,bool,fda.inspections.drugs,raw/fda.inspections.drugs/2026/09/20260907T210236Z-954bbebd51db.json.gz,1
fda.inspections.drugs,firm:3010999645,2024-03-15,2026-09-07T21:02:36Z,label,Orean Personal Care Ltd,,fda.inspections.drugs,raw/fda.inspections.drugs/2026/09/20260907T210236Z-954bbebd51db.json.gz,1
fda.inspections.drugs,firm:3011103533,2024-03-14,2026-09-07T21:02:36Z,classification,1,ordinal,fda.inspections.drugs,raw/fda.inspections.drugs/2026/09/20260907T210236Z-954bbebd51db.json.gz,1
fda.inspections.drugs,firm:3011103533,2024-03-14,2026-09-07T21:02:36Z,firm_key,FIRST TIME US INDIA,,fda.inspections.drugs,raw/fda.inspections.drugs/2026/09/20260907T210236Z-954bbebd51db.json.gz,1
fda.inspections.drugs,firm:3011103533,2024-03-14,2026-09-07T21:02:36Z,inspected,1,count,fda.inspections.drugs,raw/fda.inspections.drugs/2026/09/20260907T210236Z-954bbebd51db.json.gz,1
fda.inspections.drugs,firm:3011103533,2024-03-14,2026-09-07T21:02:36Z,inspection_end,20240314,yyyymmdd,fda.inspections.drugs,raw/fda.inspections.drugs/2026/09/20260907T210236Z-954bbebd51db.json.gz,1
fda.inspections.drugs,firm:3011103533,2024-03-14,2026-09-07T21:02:36Z,is_foreign,1,bool,fda.inspections.drugs,raw/fda.inspections.drugs/2026/09/20260907T210236Z-954bbebd51db.json.gz,1
fda.inspections.drugs,firm:3011103533,2024-03-14,2026-09-07T21:02:36Z,is_oai,0,bool,fda.inspections.drugs,raw/fda.inspections.drugs/2026/09/20260907T210236Z-954bbebd51db.json.gz,1
fda.inspections.drugs,firm:3011103533,2024-03-14,2026-09-07T21:02:36Z,label,First Time US Pharmaceuticals (India) Pvt Ltd.,,fda.inspections.drugs,raw/fda.inspections.drugs/2026/09/20260907T210236Z-954bbebd51db.json.gz,1
fda.inspections.drugs,firm:3011114764,2024-03-15,2026-09-07T21:02:36Z,classification,0,ordinal,fda.inspections.drugs,raw/fda.inspections.drugs/2026/09/20260907T210236Z-954bbebd51db.json.gz,1
fda.inspections.drugs,firm:3011114764,2024-03-15,2026-09-07T21:02:36Z,firm_key,MEDQIA,,fda.inspections.drugs,raw/fda.inspections.drugs/2026/09/20260907T210236Z-954bbebd51db.json.gz,1
fda.inspections.drugs,firm:3011114764,2024-03-15,2026-09-07T21:02:36Z,inspected,1,count,fda.inspections.drugs,raw/fda.inspections.drugs/2026/09/20260907T210236Z-954bbebd51db.json.gz,1
fda.inspections.drugs,firm:3011114764,2024-03-15,2026-09-07T21:02:36Z,inspection_end,20240315,yyyymmdd,fda.inspections.drugs,raw/fda.inspections.drugs/2026/09/20260907T210236Z-954bbebd51db.json.gz,1
fda.inspections.drugs,firm:3011114764,2024-03-15,2026-09-07T21:02:36Z,is_foreign,0,bool,fda.inspections.drugs,raw/fda.inspections.drugs/2026/09/20260907T210236Z-954bbebd51db.json.gz,1
fda.inspections.drugs,firm:3011114764,2024-03-15,2026-09-07T21:02:36Z,is_oai,0,bool,fda.inspections.drugs,raw/fda.inspections.drugs/2026/09/20260907T210236Z-954bbebd51db.json.gz,1
fda.inspections.drugs,firm:3011114764,2024-03-15,2026-09-07T21:02:36Z,label,Medqia LLC,,fda.inspections.drugs,raw/fda.inspections.drugs/2026/09/20260907T210236Z-954bbebd51db.json.gz,1
fda.inspections.drugs,firm:3011286349,2024-03-19,2026-09-07T21:02:36Z,classification,1,ordinal,fda.inspections.drugs,raw/fda.inspections.drugs/2026/09/20260907T210236Z-954bbebd51db.json.gz,1
fda.inspections.drugs,firm:3011286349,2024-03-19,2026-09-07T21:02:36Z,firm_key,QUALGEN,,fda.inspections.drugs,raw/fda.inspections.drugs/2026/09/20260907T210236Z-954bbebd51db.json.gz,1
fda.inspections.drugs,firm:3011286349,2024-03-19,2026-09-07T21:02:36Z,inspected,1,count,fda.inspections.drugs,raw/fda.inspections.drugs/2026/09/20260907T210236Z-954bbebd51db.json.gz,1
fda.inspections.drugs,firm:3011286349,2024-03-19,2026-09-07T21:02:36Z,inspection_end,20240319,yyyymmdd,fda.inspections.drugs,raw/fda.inspections.drugs/2026/09/20260907T210236Z-954bbebd51db.json.gz,1
fda.inspections.drugs,firm:3011286349,2024-03-19,2026-09-07T21:02:36Z,is_foreign,0,bool,fda.inspections.drugs,raw/fda.inspections.drugs/2026/09/20260907T210236Z-954bbebd51db.json.gz,1
fda.inspections.drugs,firm:3011286349,2024-03-19,2026-09-07T21:02:36Z,is_oai,0,bool,fda.inspections.drugs,raw/fda.inspections.drugs/2026/09/20260907T210236Z-954bbebd51db.json.gz,1
fda.inspections.drugs,firm:3011286349,2024-03-19,2026-09-07T21:02:36Z,label,"Qualgen, LLC",,fda.inspections.drugs,raw/fda.inspections.drugs/2026/09/20260907T210236Z-954bbebd51db.json.gz,1
fda.inspections.drugs,firm:3011407349,2024-03-15,2026-09-07T21:02:36Z,classification,1,ordinal,fda.inspections.drugs,raw/fda.inspections.drugs/2026/09/20260907T210236Z-954bbebd51db.json.gz,1
fda.inspections.drugs,firm:3011407349,2024-03-15,2026-09-07T21:02:36Z,firm_key,HAPPY FARM BOTANICALS,,fda.inspections.drugs,raw/fda.inspections.drugs/2026/09/20260907T210236Z-954bbebd51db.json.gz,1
fda.inspections.drugs,firm:3011407349,2024-03-15,2026-09-07T21:02:36Z,inspected,1,count,fda.inspections.drugs,raw/fda.inspections.drugs/2026/09/20260907T210236Z-954bbebd51db.json.gz,1
fda.inspections.drugs,firm:3011407349,2024-03-15,2026-09-07T21:02:36Z,inspection_end,20240315,yyyymmdd,fda.inspections.drugs,raw/fda.inspections.drugs/2026/09/20260907T210236Z-954bbebd51db.json.gz,1
fda.inspections.drugs,firm:3011407349,2024-03-15,2026-09-07T21:02:36Z,is_foreign,0,bool,fda.inspections.drugs,raw/fda.inspections.drugs/2026/09/20260907T210236Z-954bbebd51db.json.gz,1
fda.inspections.drugs,firm:3011407349,2024-03-15,2026-09-07T21:02:36Z,is_oai,0,bool,fda.inspections.drugs,raw/fda.inspections.drugs/2026/09/20260907T210236Z-954bbebd51db.json.gz,1
fda.inspections.drugs,firm:3011407349,2024-03-15,2026-09-07T21:02:36Z,label,"Happy Farm Botanicals, Inc.",,fda.inspections.drugs,raw/fda.inspections.drugs/2026/09/20260907T210236Z-954bbebd51db.json.gz,1
fda.inspections.drugs,firm:3011560035,2024-03-28,2026-09-07T21:02:36Z,classification,0,ordinal,fda.inspections.drugs,raw/fda.inspections.drugs/2026/09/20260907T210236Z-954bbebd51db.json.gz,1
fda.inspections.drugs,firm:3011560035,2024-03-28,2026-09-07T21:02:36Z,firm_key,PROMAS RESEARCH,,fda.inspections.drugs,raw/fda.inspections.drugs/2026/09/20260907T210236Z-954bbebd51db.json.gz,1
fda.inspections.drugs,firm:3011560035,2024-03-28,2026-09-07T21:02:36Z,inspected,1,count,fda.inspections.drugs,raw/fda.inspections.drugs/2026/09/20260907T210236Z-954bbebd51db.json.gz,1
fda.inspections.drugs,firm:3011560035,2024-03-28,2026-09-07T21:02:36Z,inspection_end,20240328,yyyymmdd,fda.inspections.drugs,raw/fda.inspections.drugs/2026/09/20260907T210236Z-954bbebd51db.json.gz,1
fda.inspections.drugs,firm:3011560035,2024-03-28,2026-09-07T21:02:36Z,is_foreign,1,bool,fda.inspections.drugs,raw/fda.inspections.drugs/2026/09/20260907T210236Z-954bbebd51db.json.gz,1
fda.inspections.drugs,firm:3011560035,2024-03-28,2026-09-07T21:02:36Z,is_oai,0,bool,fda.inspections.drugs,raw/fda.inspections.drugs/2026/09/20260907T210236Z-954bbebd51db.json.gz,1
fda.inspections.drugs,firm:3011560035,2024-03-28,2026-09-07T21:02:36Z,label,Promas Research Laboratories Pvt. Ltd.,,fda.inspections.drugs,raw/fda.inspections.drugs/2026/09/20260907T210236Z-954bbebd51db.json.gz,1
fda.inspections.drugs,firm:3011566408,2024-03-21,2026-09-07T21:02:36Z,classification,1,ordinal,fda.inspections.drugs,raw/fda.inspections.drugs/2026/09/20260907T210236Z-954bbebd51db.json.gz,1
fda.inspections.drugs,firm:3011566408,2024-03-21,2026-09-07T21:02:36Z,firm_key,LSNE LEON SLU,,fda.inspections.drugs,raw/fda.inspections.drugs/2026/09/20260907T210236Z-954bbebd51db.json.gz,1
fda.inspections.drugs,firm:3011566408,2024-03-21,2026-09-07T21:02:36Z,inspected,1,count,fda.inspections.drugs,raw/fda.inspections.drugs/2026/09/20260907T210236Z-954bbebd51db.json.gz,1
fda.inspections.drugs,firm:3011566408,2024-03-21,2026-09-07T21:02:36Z,inspection_end,20240321,yyyymmdd,fda.inspections.drugs,raw/fda.inspections.drugs/2026/09/20260907T210236Z-954bbebd51db.json.gz,1
fda.inspections.drugs,firm:3011566408,2024-03-21,2026-09-07T21:02:36Z,is_foreign,1,bool,fda.inspections.drugs,raw/fda.inspections.drugs/2026/09/20260907T210236Z-954bbebd51db.json.gz,1
fda.inspections.drugs,firm:3011566408,2024-03-21,2026-09-07T21:02:36Z,is_oai,0,bool,fda.inspections.drugs,raw/fda.inspections.drugs/2026/09/20260907T210236Z-954bbebd51db.json.gz,1
fda.inspections.drugs,firm:3011566408,2024-03-21,2026-09-07T21:02:36Z,label,"LSNE-Leon, SLU",,fda.inspections.drugs,raw/fda.inspections.drugs/2026/09/20260907T210236Z-954bbebd51db.json.gz,1
fda.inspections.drugs,firm:3011572099,2024-03-29,2026-09-07T21:02:36Z,classification,2,ordinal,fda.inspections.drugs,raw/fda.inspections.drugs/2026/09/20260907T210236Z-954bbebd51db.json.gz,1
fda.inspections.drugs,firm:3011572099,2024-03-29,2026-09-07T21:02:36Z,firm_key,OUTIN FUTURES,,fda.inspections.drugs,raw/fda.inspections.drugs/2026/09/20260907T210236Z-954bbebd51db.json.gz,1
fda.inspections.drugs,firm:3011572099,2024-03-29,2026-09-07T21:02:36Z,inspected,1,count,fda.inspections.drugs,raw/fda.inspections.drugs/2026/09/20260907T210236Z-954bbebd51db.json.gz,1
fda.inspections.drugs,firm:3011572099,2024-03-29,2026-09-07T21:02:36Z,inspection_end,20240329,yyyymmdd,fda.inspections.drugs,raw/fda.inspections.drugs/2026/09/20260907T210236Z-954bbebd51db.json.gz,1
fda.inspections.drugs,firm:3011572099,2024-03-29,2026-09-07T21:02:36Z,is_foreign,1,bool,fda.inspections.drugs,raw/fda.inspections.drugs/2026/09/20260907T210236Z-954bbebd51db.json.gz,1
fda.inspections.drugs,firm:3011572099,2024-03-29,2026-09-07T21:02:36Z,is_oai,1,bool,fda.inspections.drugs,raw/fda.inspections.drugs/2026/09/20260907T210236Z-954bbebd51db.json.gz,1
fda.inspections.drugs,firm:3011572099,2024-03-29,2026-09-07T21:02:36Z,label,Outin Futures Corp,,fda.inspections.drugs,raw/fda.inspections.drugs/2026/09/20260907T210236Z-954bbebd51db.json.gz,1
fda.inspections.drugs,firm:3011691239,2024-03-15,2026-09-07T21:02:36Z,classification,0,ordinal,fda.inspections.drugs,raw/fda.inspections.drugs/2026/09/20260907T210236Z-954bbebd51db.json.gz,1
fda.inspections.drugs,firm:3011691239,2024-03-15,2026-09-07T21:02:36Z,firm_key,SINOTHERAPEUTICS,,fda.inspections.drugs,raw/fda.inspections.drugs/2026/09/20260907T210236Z-954bbebd51db.json.gz,1
fda.inspections.drugs,firm:3011691239,2024-03-15,2026-09-07T21:02:36Z,inspected,1,count,fda.inspections.drugs,raw/fda.inspections.drugs/2026/09/20260907T210236Z-954bbebd51db.json.gz,1
fda.inspections.drugs,firm:3011691239,2024-03-15,2026-09-07T21:02:36Z,inspection_end,20240315,yyyymmdd,fda.inspections.drugs,raw/fda.inspections.drugs/2026/09/20260907T210236Z-954bbebd51db.json.gz,1
fda.inspections.drugs,firm:3011691239,2024-03-15,2026-09-07T21:02:36Z,is_foreign,1,bool,fda.inspections.drugs,raw/fda.inspections.drugs/2026/09/20260907T210236Z-954bbebd51db.json.gz,1
fda.inspections.drugs,firm:3011691239,2024-03-15,2026-09-07T21:02:36Z,is_oai,0,bool,fda.inspections.drugs,raw/fda.inspections.drugs/2026/09/20260907T210236Z-954bbebd51db.json.gz,1
fda.inspections.drugs,firm:3011691239,2024-03-15,2026-09-07T21:02:36Z,label,Sinotherapeutics Inc.,,fda.inspections.drugs,raw/fda.inspections.drugs/2026/09/20260907T210236Z-954bbebd51db.json.gz,1
fda.inspections.drugs,firm:3011922870,2024-03-22,2026-09-07T21:02:36Z,classification,0,ordinal,fda.inspections.drugs,raw/fda.inspections.drugs/2026/09/20260907T210236Z-954bbebd51db.json.gz,1
fda.inspections.drugs,firm:3011922870,2024-03-22,2026-09-07T21:02:36Z,firm_key,QINGDAO BAHEAL,,fda.inspections.drugs,raw/fda.inspections.drugs/2026/09/20260907T210236Z-954bbebd51db.json.gz,1
fda.inspections.drugs,firm:3011922870,2024-03-22,2026-09-07T21:02:36Z,inspected,1,count,fda.inspections.drugs,raw/fda.inspections.drugs/2026/09/20260907T210236Z-954bbebd51db.json.gz,1
fda.inspections.drugs,firm:3011922870,2024-03-22,2026-09-07T21:02:36Z,inspection_end,20240322,yyyymmdd,fda.inspections.drugs,raw/fda.inspections.drugs/2026/09/20260907T210236Z-954bbebd51db.json.gz,1
fda.inspections.drugs,firm:3011922870,2024-03-22,2026-09-07T21:02:36Z,is_foreign,1,bool,fda.inspections.drugs,raw/fda.inspections.drugs/2026/09/20260907T210236Z-954bbebd51db.json.gz,1
fda.inspections.drugs,firm:3011922870,2024-03-22,2026-09-07T21:02:36Z,is_oai,0,bool,fda.inspections.drugs,raw/fda.inspections.drugs/2026/09/20260907T210236Z-954bbebd51db.json.gz,1
fda.inspections.drugs,firm:3011922870,2024-03-22,2026-09-07T21:02:36Z,label,"Qingdao BAHEAL Pharmaceutical Co.,Ltd.",,fda.inspections.drugs,raw/fda.inspections.drugs/2026/09/20260907T210236Z-954bbebd51db.json.gz,1
fda.inspections.drugs,firm:3012286613,2024-03-13,2026-09-07T21:02:36Z,classification,1,ordinal,fda.inspections.drugs,raw/fda.inspections.drugs/2026/09/20260907T210236Z-954bbebd51db.json.gz,1
fda.inspections.drugs,firm:3012286613,2024-03-13,2026-09-07T21:02:36Z,firm_key,PURISYS,,fda.inspections.drugs,raw/fda.inspections.drugs/2026/09/20260907T210236Z-954bbebd51db.json.gz,1
fda.inspections.drugs,firm:3012286613,2024-03-13,2026-09-07T21:02:36Z,inspected,1,count,fda.inspections.drugs,raw/fda.inspections.drugs/2026/09/20260907T210236Z-954bbebd51db.json.gz,1
fda.inspections.drugs,firm:3012286613,2024-03-13,2026-09-07T21:02:36Z,inspection_end,20240313,yyyymmdd,fda.inspections.drugs,raw/fda.inspections.drugs/2026/09/20260907T210236Z-954bbebd51db.json.gz,1
fda.inspections.drugs,firm:3012286613,2024-03-13,2026-09-07T21:02:36Z,is_foreign,0,bool,fda.inspections.drugs,raw/fda.inspections.drugs/2026/09/20260907T210236Z-954bbebd51db.json.gz,1
fda.inspections.drugs,firm:3012286613,2024-03-13,2026-09-07T21:02:36Z,is_oai,0,bool,fda.inspections.drugs,raw/fda.inspections.drugs/2026/09/20260907T210236Z-954bbebd51db.json.gz,1
fda.inspections.drugs,firm:3012286613,2024-03-13,2026-09-07T21:02:36Z,label,Purisys LLC,,fda.inspections.drugs,raw/fda.inspections.drugs/2026/09/20260907T210236Z-954bbebd51db.json.gz,1
fda.inspections.drugs,firm:3012807914,2024-03-20,2026-09-07T21:02:36Z,classification,0,ordinal,fda.inspections.drugs,raw/fda.inspections.drugs/2026/09/20260907T210236Z-954bbebd51db.json.gz,1
fda.inspections.drugs,firm:3012807914,2024-03-20,2026-09-07T21:02:36Z,firm_key,NIVAGEN,,fda.inspections.drugs,raw/fda.inspections.drugs/2026/09/20260907T210236Z-954bbebd51db.json.gz,1
fda.inspections.drugs,firm:3012807914,2024-03-20,2026-09-07T21:02:36Z,inspected,1,count,fda.inspections.drugs,raw/fda.inspections.drugs/2026/09/20260907T210236Z-954bbebd51db.json.gz,1
fda.inspections.drugs,firm:3012807914,2024-03-20,2026-09-07T21:02:36Z,inspection_end,20240320,yyyymmdd,fda.inspections.drugs,raw/fda.inspections.drugs/2026/09/20260907T210236Z-954bbebd51db.json.gz,1
fda.inspections.drugs,firm:3012807914,2024-03-20,2026-09-07T21:02:36Z,is_foreign,0,bool,fda.inspections.drugs,raw/fda.inspections.drugs/2026/09/20260907T210236Z-954bbebd51db.json.gz,1
fda.inspections.drugs,firm:3012807914,2024-03-20,2026-09-07T21:02:36Z,is_oai,0,bool,fda.inspections.drugs,raw/fda.inspections.drugs/2026/09/20260907T210236Z-954bbebd51db.json.gz,1
fda.inspections.drugs,firm:3012807914,2024-03-20,2026-09-07T21:02:36Z,label,Nivagen Pharmaceuticals Inc,,fda.inspections.drugs,raw/fda.inspections.drugs/2026/09/20260907T210236Z-954bbebd51db.json.gz,1
fda.inspections.drugs,firm:3012976781,2024-03-21,2026-09-07T21:02:36Z,classification,1,ordinal,fda.inspections.drugs,raw/fda.inspections.drugs/2026/09/20260907T210236Z-954bbebd51db.json.gz,1
fda.inspections.drugs,firm:3012976781,2024-03-21,2026-09-07T21:02:36Z,firm_key,APOTHECA,,fda.inspections.drugs,raw/fda.inspections.drugs/2026/09/20260907T210236Z-954bbebd51db.json.gz,1
fda.inspections.drugs,firm:3012976781,2024-03-21,2026-09-07T21:02:36Z,inspected,1,count,fda.inspections.drugs,raw/fda.inspections.drugs/2026/09/20260907T210236Z-954bbebd51db.json.gz,1
fda.inspections.drugs,firm:3012976781,2024-03-21,2026-09-07T21:02:36Z,inspection_end,20240321,yyyymmdd,fda.inspections.drugs,raw/fda.inspections.drugs/2026/09/20260907T210236Z-954bbebd51db.json.gz,1
fda.inspections.drugs,firm:3012976781,2024-03-21,2026-09-07T21:02:36Z,is_foreign,0,bool,fda.inspections.drugs,raw/fda.inspections.drugs/2026/09/20260907T210236Z-954bbebd51db.json.gz,1
fda.inspections.drugs,firm:3012976781,2024-03-21,2026-09-07T21:02:36Z,is_oai,0,bool,fda.inspections.drugs,raw/fda.inspections.drugs/2026/09/20260907T210236Z-954bbebd51db.json.gz,1
fda.inspections.drugs,firm:3012976781,2024-03-21,2026-09-07T21:02:36Z,label,Apotheca Inc,,fda.inspections.drugs,raw/fda.inspections.drugs/2026/09/20260907T210236Z-954bbebd51db.json.gz,1
fda.inspections.drugs,firm:3013090624,2024-03-29,2026-09-07T21:02:36Z,classification,1,ordinal,fda.inspections.drugs,raw/fda.inspections.drugs/2026/09/20260907T210236Z-954bbebd51db.json.gz,1
fda.inspections.drugs,firm:3013090624,2024-03-29,2026-09-07T21:02:36Z,firm_key,TIANJIN ASYMCHEM,,fda.inspections.drugs,raw/fda.inspections.drugs/2026/09/20260907T210236Z-954bbebd51db.json.gz,1
fda.inspections.drugs,firm:3013090624,2024-03-29,2026-09-07T21:02:36Z,inspected,1,count,fda.inspections.drugs,raw/fda.inspections.drugs/2026/09/20260907T210236Z-954bbebd51db.json.gz,1
fda.inspections.drugs,firm:3013090624,2024-03-29,2026-09-07T21:02:36Z,inspection_end,20240329,yyyymmdd,fda.inspections.drugs,raw/fda.inspections.drugs/2026/09/20260907T210236Z-954bbebd51db.json.gz,1
fda.inspections.drugs,firm:3013090624,2024-03-29,2026-09-07T21:02:36Z,is_foreign,1,bool,fda.inspections.drugs,raw/fda.inspections.drugs/2026/09/20260907T210236Z-954bbebd51db.json.gz,1
fda.inspections.drugs,firm:3013090624,2024-03-29,2026-09-07T21:02:36Z,is_oai,0,bool,fda.inspections.drugs,raw/fda.inspections.drugs/2026/09/20260907T210236Z-954bbebd51db.json.gz,1
fda.inspections.drugs,firm:3013090624,2024-03-29,2026-09-07T21:02:36Z,label,"Tianjin Asymchem Pharmaceuticals Co., Ltd.",,fda.inspections.drugs,raw/fda.inspections.drugs/2026/09/20260907T210236Z-954bbebd51db.json.gz,1
fda.inspections.drugs,firm:3013221515,2024-03-29,2026-09-07T21:02:36Z,classification,0,ordinal,fda.inspections.drugs,raw/fda.inspections.drugs/2026/09/20260907T210236Z-954bbebd51db.json.gz,1
fda.inspections.drugs,firm:3013221515,2024-03-29,2026-09-07T21:02:36Z,firm_key,EYTAN M STEIN M D,,fda.inspections.drugs,raw/fda.inspections.drugs/2026/09/20260907T210236Z-954bbebd51db.json.gz,1
fda.inspections.drugs,firm:3013221515,2024-03-29,2026-09-07T21:02:36Z,inspected,1,count,fda.inspections.drugs,raw/fda.inspections.drugs/2026/09/20260907T210236Z-954bbebd51db.json.gz,1
fda.inspections.drugs,firm:3013221515,2024-03-29,2026-09-07T21:02:36Z,inspection_end,20240329,yyyymmdd,fda.inspections.drugs,raw/fda.inspections.drugs/2026/09/20260907T210236Z-954bbebd51db.json.gz,1
fda.inspections.drugs,firm:3013221515,2024-03-29,2026-09-07T21:02:36Z,is_foreign,0,bool,fda.inspections.drugs,raw/fda.inspections.drugs/2026/09/20260907T210236Z-954bbebd51db.json.gz,1
fda.inspections.drugs,firm:3013221515,2024-03-29,2026-09-07T21:02:36Z,is_oai,0,bool,fda.inspections.drugs,raw/fda.inspections.drugs/2026/09/20260907T210236Z-954bbebd51db.json.gz,1
fda.inspections.drugs,firm:3013221515,2024-03-29,2026-09-07T21:02:36Z,label,"Eytan M. Stein, M.D.",,fda.inspections.drugs,raw/fda.inspections.drugs/2026/09/20260907T210236Z-954bbebd51db.json.gz,1
fda.inspections.drugs,firm:3013257850,2024-03-01,2026-09-07T21:02:36Z,classification,1,ordinal,fda.inspections.drugs,raw/fda.inspections.drugs/2026/09/20260907T210236Z-954bbebd51db.json.gz,1
fda.inspections.drugs,firm:3013257850,2024-03-01,2026-09-07T21:02:36Z,firm_key,CENEXI HSC,,fda.inspections.drugs,raw/fda.inspections.drugs/2026/09/20260907T210236Z-954bbebd51db.json.gz,1
fda.inspections.drugs,firm:3013257850,2024-03-01,2026-09-07T21:02:36Z,inspected,1,count,fda.inspections.drugs,raw/fda.inspections.drugs/2026/09/20260907T210236Z-954bbebd51db.json.gz,1
fda.inspections.drugs,firm:3013257850,2024-03-01,2026-09-07T21:02:36Z,inspection_end,20240301,yyyymmdd,fda.inspections.drugs,raw/fda.inspections.drugs/2026/09/20260907T210236Z-954bbebd51db.json.gz,1
fda.inspections.drugs,firm:3013257850,2024-03-01,2026-09-07T21:02:36Z,is_foreign,1,bool,fda.inspections.drugs,raw/fda.inspections.drugs/2026/09/20260907T210236Z-954bbebd51db.json.gz,1
fda.inspections.drugs,firm:3013257850,2024-03-01,2026-09-07T21:02:36Z,is_oai,0,bool,fda.inspections.drugs,raw/fda.inspections.drugs/2026/09/20260907T210236Z-954bbebd51db.json.gz,1
fda.inspections.drugs,firm:3013257850,2024-03-01,2026-09-07T21:02:36Z,label,Cenexi HSC,,fda.inspections.drugs,raw/fda.inspections.drugs/2026/09/20260907T210236Z-954bbebd51db.json.gz,1
fda.inspections.drugs,firm:3013541969,2024-03-22,2026-09-07T21:02:36Z,classification,1,ordinal,fda.inspections.drugs,raw/fda.inspections.drugs/2026/09/20260907T210236Z-954bbebd51db.json.gz,1
fda.inspections.drugs,firm:3013541969,2024-03-22,2026-09-07T21:02:36Z,firm_key,INSTITUTO DE SOLDADURA E QUALIDADE,,fda.inspections.drugs,raw/fda.inspections.drugs/2026/09/20260907T210236Z-954bbebd51db.json.gz,1
fda.inspections.drugs,firm:3013541969,2024-03-22,2026-09-07T21:02:36Z,inspected,1,count,fda.inspections.drugs,raw/fda.inspections.drugs/2026/09/20260907T210236Z-954bbebd51db.json.gz,1
fda.inspections.drugs,firm:3013541969,2024-03-22,2026-09-07T21:02:36Z,inspection_end,20240322,yyyymmdd,fda.inspections.drugs,raw/fda.inspections.drugs/2026/09/20260907T210236Z-954bbebd51db.json.gz,1
fda.inspections.drugs,firm:3013541969,2024-03-22,2026-09-07T21:02:36Z,is_foreign,1,bool,fda.inspections.drugs,raw/fda.inspections.drugs/2026/09/20260907T210236Z-954bbebd51db.json.gz,1
fda.inspections.drugs,firm:3013541969,2024-03-22,2026-09-07T21:02:36Z,is_oai,0,bool,fda.inspections.drugs,raw/fda.inspections.drugs/2026/09/20260907T210236Z-954bbebd51db.json.gz,1
fda.inspections.drugs,firm:3013541969,2024-03-22,2026-09-07T21:02:36Z,label,Instituto de Soldadura e Qualidade,,fda.inspections.drugs,raw/fda.inspections.drugs/2026/09/20260907T210236Z-954bbebd51db.json.gz,1
fda.inspections.drugs,firm:3013794179,2024-03-29,2026-09-07T21:02:36Z,classification,0,ordinal,fda.inspections.drugs,raw/fda.inspections.drugs/2026/09/20260907T210236Z-954bbebd51db.json.gz,1
fda.inspections.drugs,firm:3013794179,2024-03-29,2026-09-07T21:02:36Z,firm_key,3A RESEARCH,,fda.inspections.drugs,raw/fda.inspections.drugs/2026/09/20260907T210236Z-954bbebd51db.json.gz,1
fda.inspections.drugs,firm:3013794179,2024-03-29,2026-09-07T21:02:36Z,inspected,1,count,fda.inspections.drugs,raw/fda.inspections.drugs/2026/09/20260907T210236Z-954bbebd51db.json.gz,1
fda.inspections.drugs,firm:3013794179,2024-03-29,2026-09-07T21:02:36Z,inspection_end,20240329,yyyymmdd,fda.inspections.drugs,raw/fda.inspections.drugs/2026/09/20260907T210236Z-954bbebd51db.json.gz,1
fda.inspections.drugs,firm:3013794179,2024-03-29,2026-09-07T21:02:36Z,is_foreign,0,bool,fda.inspections.drugs,raw/fda.inspections.drugs/2026/09/20260907T210236Z-954bbebd51db.json.gz,1
fda.inspections.drugs,firm:3013794179,2024-03-29,2026-09-07T21:02:36Z,is_oai,0,bool,fda.inspections.drugs,raw/fda.inspections.drugs/2026/09/20260907T210236Z-954bbebd51db.json.gz,1
fda.inspections.drugs,firm:3013794179,2024-03-29,2026-09-07T21:02:36Z,label,"3A Research, LLC",,fda.inspections.drugs,raw/fda.inspections.drugs/2026/09/20260907T210236Z-954bbebd51db.json.gz,1
fda.inspections.drugs,firm:3013880204,2024-03-07,2026-09-07T21:02:36Z,classification,1,ordinal,fda.inspections.drugs,raw/fda.inspections.drugs/2026/09/20260907T210236Z-954bbebd51db.json.gz,1
fda.inspections.drugs,firm:3013880204,2024-03-07,2026-09-07T21:02:36Z,firm_key,WAKE FOREST UNIVERSITY HEALTH SCIENCES RDRC,,fda.inspections.drugs,raw/fda.inspections.drugs/2026/09/20260907T210236Z-954bbebd51db.json.gz,1
fda.inspections.drugs,firm:3013880204,2024-03-07,2026-09-07T21:02:36Z,inspected,1,count,fda.inspections.drugs,raw/fda.inspections.drugs/2026/09/20260907T210236Z-954bbebd51db.json.gz,1
fda.inspections.drugs,firm:3013880204,2024-03-07,2026-09-07T21:02:36Z,inspection_end,20240307,yyyymmdd,fda.inspections.drugs,raw/fda.inspections.drugs/2026/09/20260907T210236Z-954bbebd51db.json.gz,1
fda.inspections.drugs,firm:3013880204,2024-03-07,2026-09-07T21:02:36Z,is_foreign,0,bool,fda.inspections.drugs,raw/fda.inspections.drugs/2026/09/20260907T210236Z-954bbebd51db.json.gz,1
fda.inspections.drugs,firm:3013880204,2024-03-07,2026-09-07T21:02:36Z,is_oai,0,bool,fda.inspections.drugs,raw/fda.inspections.drugs/2026/09/20260907T210236Z-954bbebd51db.json.gz,1
fda.inspections.drugs,firm:3013880204,2024-03-07,2026-09-07T21:02:36Z,label,Wake Forest University Health Sciences RDRC,,fda.inspections.drugs,raw/fda.inspections.drugs/2026/09/20260907T210236Z-954bbebd51db.json.gz,1
fda.inspections.drugs,firm:3013884349,2024-03-29,2026-09-07T21:02:36Z,classification,0,ordinal,fda.inspections.drugs,raw/fda.inspections.drugs/2026/09/20260907T210236Z-954bbebd51db.json.gz,1
fda.inspections.drugs,firm:3013884349,2024-03-29,2026-09-07T21:02:36Z,firm_key,ANTHEM BIOSCIENCES PHASE II,,fda.inspections.drugs,raw/fda.inspections.drugs/2026/09/20260907T210236Z-954bbebd51db.json.gz,1
fda.inspections.drugs,firm:3013884349,2024-03-29,2026-09-07T21:02:36Z,inspected,1,count,fda.inspections.drugs,raw/fda.inspections.drugs/2026/09/20260907T210236Z-954bbebd51db.json.gz,1
fda.inspections.drugs,firm:3013884349,2024-03-29,2026-09-07T21:02:36Z,inspection_end,20240329,yyyymmdd,fda.inspections.drugs,raw/fda.inspections.drugs/2026/09/20260907T210236Z-954bbebd51db.json.gz,1
fda.inspections.drugs,firm:3013884349,2024-03-29,2026-09-07T21:02:36Z,is_foreign,1,bool,fda.inspections.drugs,raw/fda.inspections.drugs/2026/09/20260907T210236Z-954bbebd51db.json.gz,1
fda.inspections.drugs,firm:3013884349,2024-03-29,2026-09-07T21:02:36Z,is_oai,0,bool,fda.inspections.drugs,raw/fda.inspections.drugs/2026/09/20260907T210236Z-954bbebd51db.json.gz,1
fda.inspections.drugs,firm:3013884349,2024-03-29,2026-09-07T21:02:36Z,label,ANTHEM BIOSCIENCES PRIVATE LIMITED - Phase II,,fda.inspections.drugs,raw/fda.inspections.drugs/2026/09/20260907T210236Z-954bbebd51db.json.gz,1
fda.inspections.drugs,firm:3014137184,2024-03-11,2026-09-07T21:02:36Z,classification,2,ordinal,fda.inspections.drugs,raw/fda.inspections.drugs/2026/09/20260907T210236Z-954bbebd51db.json.gz,1
fda.inspections.drugs,firm:3014137184,2024-03-11,2026-09-07T21:02:36Z,firm_key,J ROBERT FLAMINI MD,,fda.inspections.drugs,raw/fda.inspections.drugs/2026/09/20260907T210236Z-954bbebd51db.json.gz,1
fda.inspections.drugs,firm:3014137184,2024-03-11,2026-09-07T21:02:36Z,inspected,1,count,fda.inspections.drugs,raw/fda.inspections.drugs/2026/09/20260907T210236Z-954bbebd51db.json.gz,1
fda.inspections.drugs,firm:3014137184,2024-03-11,2026-09-07T21:02:36Z,inspection_end,20240311,yyyymmdd,fda.inspections.drugs,raw/fda.inspections.drugs/2026/09/20260907T210236Z-954bbebd51db.json.gz,1
fda.inspections.drugs,firm:3014137184,2024-03-11,2026-09-07T21:02:36Z,is_foreign,0,bool,fda.inspections.drugs,raw/fda.inspections.drugs/2026/09/20260907T210236Z-954bbebd51db.json.gz,1
fda.inspections.drugs,firm:3014137184,2024-03-11,2026-09-07T21:02:36Z,is_oai,1,bool,fda.inspections.drugs,raw/fda.inspections.drugs/2026/09/20260907T210236Z-954bbebd51db.json.gz,1
fda.inspections.drugs,firm:3014137184,2024-03-11,2026-09-07T21:02:36Z,label,"J. Robert Flamini, MD",,fda.inspections.drugs,raw/fda.inspections.drugs/2026/09/20260907T210236Z-954bbebd51db.json.gz,1
fda.inspections.drugs,firm:3014286622,2024-03-22,2026-09-07T21:02:36Z,classification,0,ordinal,fda.inspections.drugs,raw/fda.inspections.drugs/2026/09/20260907T210236Z-954bbebd51db.json.gz,1
fda.inspections.drugs,firm:3014286622,2024-03-22,2026-09-07T21:02:36Z,firm_key,SK BIOTEK SEJONG PLANT,,fda.inspections.drugs,raw/fda.inspections.drugs/2026/09/20260907T210236Z-954bbebd51db.json.gz,1
fda.inspections.drugs,firm:3014286622,2024-03-22,2026-09-07T21:02:36Z,inspected,1,count,fda.inspections.drugs,raw/fda.inspections.drugs/2026/09/20260907T210236Z-954bbebd51db.json.gz,1
fda.inspections.drugs,firm:3014286622,2024-03-22,2026-09-07T21:02:36Z,inspection_end,20240322,yyyymmdd,fda.inspections.drugs,raw/fda.inspections.drugs/2026/09/20260907T210236Z-954bbebd51db.json.gz,1
fda.inspections.drugs,firm:3014286622,2024-03-22,2026-09-07T21:02:36Z,is_foreign,1,bool,fda.inspections.drugs,raw/fda.inspections.drugs/2026/09/20260907T210236Z-954bbebd51db.json.gz,1
fda.inspections.drugs,firm:3014286622,2024-03-22,2026-09-07T21:02:36Z,is_oai,0,bool,fda.inspections.drugs,raw/fda.inspections.drugs/2026/09/20260907T210236Z-954bbebd51db.json.gz,1
fda.inspections.drugs,firm:3014286622,2024-03-22,2026-09-07T21:02:36Z,label,"SK Biotek Co., Ltd. (Sejong Plant)",,fda.inspections.drugs,raw/fda.inspections.drugs/2026/09/20260907T210236Z-954bbebd51db.json.gz,1
fda.inspections.drugs,firm:3014483112,2024-03-01,2026-09-07T21:02:36Z,classification,2,ordinal,fda.inspections.drugs,raw/fda.inspections.drugs/2026/09/20260907T210236Z-954bbebd51db.json.gz,1
fda.inspections.drugs,firm:3014483112,2024-03-01,2026-09-07T21:02:36Z,firm_key,INTEGRADOSE COMPOUNDING SERVICES,,fda.inspections.drugs,raw/fda.inspections.drugs/2026/09/20260907T210236Z-954bbebd51db.json.gz,1
fda.inspections.drugs,firm:3014483112,2024-03-01,2026-09-07T21:02:36Z,inspected,1,count,fda.inspections.drugs,raw/fda.inspections.drugs/2026/09/20260907T210236Z-954bbebd51db.json.gz,1
fda.inspections.drugs,firm:3014483112,2024-03-01,2026-09-07T21:02:36Z,inspection_end,20240301,yyyymmdd,fda.inspections.drugs,raw/fda.inspections.drugs/2026/09/20260907T210236Z-954bbebd51db.json.gz,1
fda.inspections.drugs,firm:3014483112,2024-03-01,2026-09-07T21:02:36Z,is_foreign,0,bool,fda.inspections.drugs,raw/fda.inspections.drugs/2026/09/20260907T210236Z-954bbebd51db.json.gz,1
fda.inspections.drugs,firm:3014483112,2024-03-01,2026-09-07T21:02:36Z,is_oai,1,bool,fda.inspections.drugs,raw/fda.inspections.drugs/2026/09/20260907T210236Z-954bbebd51db.json.gz,1
fda.inspections.drugs,firm:3014483112,2024-03-01,2026-09-07T21:02:36Z,label,IntegraDose Compounding Services LLC,,fda.inspections.drugs,raw/fda.inspections.drugs/2026/09/20260907T210236Z-954bbebd51db.json.gz,1
fda.inspections.drugs,firm:3014549572,2024-03-15,2026-09-07T21:02:36Z,classification,0,ordinal,fda.inspections.drugs,raw/fda.inspections.drugs/2026/09/20260907T210236Z-954bbebd51db.json.gz,1
fda.inspections.drugs,firm:3014549572,2024-03-15,2026-09-07T21:02:36Z,firm_key,GIUSEPPE PLAZZI M D,,fda.inspections.drugs,raw/fda.inspections.drugs/2026/09/20260907T210236Z-954bbebd51db.json.gz,1
fda.inspections.drugs,firm:3014549572,2024-03-15,2026-09-07T21:02:36Z,inspected,1,count,fda.inspections.drugs,raw/fda.inspections.drugs/2026/09/20260907T210236Z-954bbebd51db.json.gz,1
fda.inspections.drugs,firm:3014549572,2024-03-15,2026-09-07T21:02:36Z,inspection_end,20240315,yyyymmdd,fda.inspections.drugs,raw/fda.inspections.drugs/2026/09/20260907T210236Z-954bbebd51db.json.gz,1
fda.inspections.drugs,firm:3014549572,2024-03-15,2026-09-07T21:02:36Z,is_foreign,1,bool,fda.inspections.drugs,raw/fda.inspections.drugs/2026/09/20260907T210236Z-954bbebd51db.json.gz,1
fda.inspections.drugs,firm:3014549572,2024-03-15,2026-09-07T21:02:36Z,is_oai,0,bool,fda.inspections.drugs,raw/fda.inspections.drugs/2026/09/20260907T210236Z-954bbebd51db.json.gz,1
fda.inspections.drugs,firm:3014549572,2024-03-15,2026-09-07T21:02:36Z,label,"Giuseppe Plazzi, M.D.",,fda.inspections.drugs,raw/fda.inspections.drugs/2026/09/20260907T210236Z-954bbebd51db.json.gz,1
fda.inspections.drugs,firm:3014556381,2024-03-08,2026-09-07T21:02:36Z,classification,1,ordinal,fda.inspections.drugs,raw/fda.inspections.drugs/2026/09/20260907T210236Z-954bbebd51db.json.gz,1
fda.inspections.drugs,firm:3014556381,2024-03-08,2026-09-07T21:02:36Z,firm_key,ACTIVE INTELLIGENCE,,fda.inspections.drugs,raw/fda.inspections.drugs/2026/09/20260907T210236Z-954bbebd51db.json.gz,1
fda.inspections.drugs,firm:3014556381,2024-03-08,2026-09-07T21:02:36Z,inspected,1,count,fda.inspections.drugs,raw/fda.inspections.drugs/2026/09/20260907T210236Z-954bbebd51db.json.gz,1
fda.inspections.drugs,firm:3014556381,2024-03-08,2026-09-07T21:02:36Z,inspection_end,20240308,yyyymmdd,fda.inspections.drugs,raw/fda.inspections.drugs/2026/09/20260907T210236Z-954bbebd51db.json.gz,1
fda.inspections.drugs,firm:3014556381,2024-03-08,2026-09-07T21:02:36Z,is_foreign,0,bool,fda.inspections.drugs,raw/fda.inspections.drugs/2026/09/20260907T210236Z-954bbebd51db.json.gz,1
fda.inspections.drugs,firm:3014556381,2024-03-08,2026-09-07T21:02:36Z,is_oai,0,bool,fda.inspections.drugs,raw/fda.inspections.drugs/2026/09/20260907T210236Z-954bbebd51db.json.gz,1
fda.inspections.drugs,firm:3014556381,2024-03-08,2026-09-07T21:02:36Z,label,Active Intelligence LLC,,fda.inspections.drugs,raw/fda.inspections.drugs/2026/09/20260907T210236Z-954bbebd51db.json.gz,1
fda.inspections.drugs,firm:3014773352,2024-03-30,2026-09-07T21:02:36Z,classification,2,ordinal,fda.inspections.drugs,raw/fda.inspections.drugs/2026/09/20260907T210236Z-954bbebd51db.json.gz,1
fda.inspections.drugs,firm:3014773352,2024-03-30,2026-09-07T21:02:36Z,firm_key,MMC HEALTHCARE,,fda.inspections.drugs,raw/fda.inspections.drugs/2026/09/20260907T210236Z-954bbebd51db.json.gz,1
fda.inspections.drugs,firm:3014773352,2024-03-30,2026-09-07T21:02:36Z,inspected,1,count,fda.inspections.drugs,raw/fda.inspections.drugs/2026/09/20260907T210236Z-954bbebd51db.json.gz,1
fda.inspections.drugs,firm:3014773352,2024-03-30,2026-09-07T21:02:36Z,inspection_end,20240330,yyyymmdd,fda.inspections.drugs,raw/fda.inspections.drugs/2026/09/20260907T210236Z-954bbebd51db.json.gz,1
fda.inspections.drugs,firm:3014773352,2024-03-30,2026-09-07T21:02:36Z,is_foreign,1,bool,fda.inspections.drugs,raw/fda.inspections.drugs/2026/09/20260907T210236Z-954bbebd51db.json.gz,1
fda.inspections.drugs,firm:3014773352,2024-03-30,2026-09-07T21:02:36Z,is_oai,1,bool,fda.inspections.drugs,raw/fda.inspections.drugs/2026/09/20260907T210236Z-954bbebd51db.json.gz,1
fda.inspections.drugs,firm:3014773352,2024-03-30,2026-09-07T21:02:36Z,label,MMC HEALTHCARE LTD.,,fda.inspections.drugs,raw/fda.inspections.drugs/2026/09/20260907T210236Z-954bbebd51db.json.gz,1
fda.inspections.drugs,firm:3014866088,2024-03-08,2026-09-07T21:02:36Z,classification,1,ordinal,fda.inspections.drugs,raw/fda.inspections.drugs/2026/09/20260907T210236Z-954bbebd51db.json.gz,1
fda.inspections.drugs,firm:3014866088,2024-03-08,2026-09-07T21:02:36Z,firm_key,ALEMBIC,,fda.inspections.drugs,raw/fda.inspections.drugs/2026/09/20260907T210236Z-954bbebd51db.json.gz,1
fda.inspections.drugs,firm:3014866088,2024-03-08,2026-09-07T21:02:36Z,inspected,1,count,fda.inspections.drugs,raw/fda.inspections.drugs/2026/09/20260907T210236Z-954bbebd51db.json.gz,1
fda.inspections.drugs,firm:3014866088,2024-03-08,2026-09-07T21:02:36Z,inspection_end,20240308,yyyymmdd,fda.inspections.drugs,raw/fda.inspections.drugs/2026/09/20260907T210236Z-954bbebd51db.json.gz,1
fda.inspections.drugs,firm:3014866088,2024-03-08,2026-09-07T21:02:36Z,is_foreign,1,bool,fda.inspections.drugs,raw/fda.inspections.drugs/2026/09/20260907T210236Z-954bbebd51db.json.gz,1
fda.inspections.drugs,firm:3014866088,2024-03-08,2026-09-07T21:02:36Z,is_oai,0,bool,fda.inspections.drugs,raw/fda.inspections.drugs/2026/09/20260907T210236Z-954bbebd51db.json.gz,1
fda.inspections.drugs,firm:3014866088,2024-03-08,2026-09-07T21:02:36Z,label,Alembic Pharmaceuticals Limited,,fda.inspections.drugs,raw/fda.inspections.drugs/2026/09/20260907T210236Z-954bbebd51db.json.gz,1
fda.inspections.drugs,firm:3015144015,2024-03-20,2026-09-07T21:02:36Z,classification,1,ordinal,fda.inspections.drugs,raw/fda.inspections.drugs/2026/09/20260907T210236Z-954bbebd51db.json.gz,1
fda.inspections.drugs,firm:3015144015,2024-03-20,2026-09-07T21:02:36Z,firm_key,CYMABAY THERAPEUTICS,,fda.inspections.drugs,raw/fda.inspections.drugs/2026/09/20260907T210236Z-954bbebd51db.json.gz,1
fda.inspections.drugs,firm:3015144015,2024-03-20,2026-09-07T21:02:36Z,inspected,1,count,fda.inspections.drugs,raw/fda.inspections.drugs/2026/09/20260907T210236Z-954bbebd51db.json.gz,1
fda.inspections.drugs,firm:3015144015,2024-03-20,2026-09-07T21:02:36Z,inspection_end,20240320,yyyymmdd,fda.inspections.drugs,raw/fda.inspections.drugs/2026/09/20260907T210236Z-954bbebd51db.json.gz,1
fda.inspections.drugs,firm:3015144015,2024-03-20,2026-09-07T21:02:36Z,is_foreign,0,bool,fda.inspections.drugs,raw/fda.inspections.drugs/2026/09/20260907T210236Z-954bbebd51db.json.gz,1
fda.inspections.drugs,firm:3015144015,2024-03-20,2026-09-07T21:02:36Z,is_oai,0,bool,fda.inspections.drugs,raw/fda.inspections.drugs/2026/09/20260907T210236Z-954bbebd51db.json.gz,1
fda.inspections.drugs,firm:3015144015,2024-03-20,2026-09-07T21:02:36Z,label,"CymaBay Therapeutics, Inc.",,fda.inspections.drugs,raw/fda.inspections.drugs/2026/09/20260907T210236Z-954bbebd51db.json.gz,1
fda.inspections.drugs,firm:3015908030,2024-03-27,2026-09-07T21:02:36Z,classification,0,ordinal,fda.inspections.drugs,raw/fda.inspections.drugs/2026/09/20260907T210236Z-954bbebd51db.json.gz,1
fda.inspections.drugs,firm:3015908030,2024-03-27,2026-09-07T21:02:36Z,firm_key,ADOLFO A CUELI MD,,fda.inspections.drugs,raw/fda.inspections.drugs/2026/09/20260907T210236Z-954bbebd51db.json.gz,1
fda.inspections.drugs,firm:3015908030,2024-03-27,2026-09-07T21:02:36Z,inspected,1,count,fda.inspections.drugs,raw/fda.inspections.drugs/2026/09/20260907T210236Z-954bbebd51db.json.gz,1
fda.inspections.drugs,firm:3015908030,2024-03-27,2026-09-07T21:02:36Z,inspection_end,20240327,yyyymmdd,fda.inspections.drugs,raw/fda.inspections.drugs/2026/09/20260907T210236Z-954bbebd51db.json.gz,1
fda.inspections.drugs,firm:3015908030,2024-03-27,2026-09-07T21:02:36Z,is_foreign,0,bool,fda.inspections.drugs,raw/fda.inspections.drugs/2026/09/20260907T210236Z-954bbebd51db.json.gz,1
fda.inspections.drugs,firm:3015908030,2024-03-27,2026-09-07T21:02:36Z,is_oai,0,bool,fda.inspections.drugs,raw/fda.inspections.drugs/2026/09/20260907T210236Z-954bbebd51db.json.gz,1
fda.inspections.drugs,firm:3015908030,2024-03-27,2026-09-07T21:02:36Z,label,Adolfo A. Cueli MD,,fda.inspections.drugs,raw/fda.inspections.drugs/2026/09/20260907T210236Z-954bbebd51db.json.gz,1
fda.inspections.drugs,firm:3016013583,2024-03-12,2026-09-07T21:02:36Z,classification,0,ordinal,fda.inspections.drugs,raw/fda.inspections.drugs/2026/09/20260907T210236Z-954bbebd51db.json.gz,1
fda.inspections.drugs,firm:3016013583,2024-03-12,2026-09-07T21:02:36Z,firm_key,RONA D YAEGER M D,,fda.inspections.drugs,raw/fda.inspections.drugs/2026/09/20260907T210236Z-954bbebd51db.json.gz,1
fda.inspections.drugs,firm:3016013583,2024-03-12,2026-09-07T21:02:36Z,inspected,1,count,fda.inspections.drugs,raw/fda.inspections.drugs/2026/09/20260907T210236Z-954bbebd51db.json.gz,1
fda.inspections.drugs,firm:3016013583,2024-03-12,2026-09-07T21:02:36Z,inspection_end,20240312,yyyymmdd,fda.inspections.drugs,raw/fda.inspections.drugs/2026/09/20260907T210236Z-954bbebd51db.json.gz,1
fda.inspections.drugs,firm:3016013583,2024-03-12,2026-09-07T21:02:36Z,is_foreign,0,bool,fda.inspections.drugs,raw/fda.inspections.drugs/2026/09/20260907T210236Z-954bbebd51db.json.gz,1
fda.inspections.drugs,firm:3016013583,2024-03-12,2026-09-07T21:02:36Z,is_oai,0,bool,fda.inspections.drugs,raw/fda.inspections.drugs/2026/09/20260907T210236Z-954bbebd51db.json.gz,1
fda.inspections.drugs,firm:3016013583,2024-03-12,2026-09-07T21:02:36Z,label,"Rona D. Yaeger, M.D.",,fda.inspections.drugs,raw/fda.inspections.drugs/2026/09/20260907T210236Z-954bbebd51db.json.gz,1
fda.inspections.drugs,firm:3016252029,2024-03-05,2026-09-07T21:02:36Z,classification,0,ordinal,fda.inspections.drugs,raw/fda.inspections.drugs/2026/09/20260907T210236Z-954bbebd51db.json.gz,1
fda.inspections.drugs,firm:3016252029,2024-03-05,2026-09-07T21:02:36Z,firm_key,SERVIER,,fda.inspections.drugs,raw/fda.inspections.drugs/2026/09/20260907T210236Z-954bbebd51db.json.gz,1
fda.inspections.drugs,firm:3016252029,2024-03-05,2026-09-07T21:02:36Z,inspected,1,count,fda.inspections.drugs,raw/fda.inspections.drugs/2026/09/20260907T210236Z-954bbebd51db.json.gz,1
fda.inspections.drugs,firm:3016252029,2024-03-05,2026-09-07T21:02:36Z,inspection_end,20240305,yyyymmdd,fda.inspections.drugs,raw/fda.inspections.drugs/2026/09/20260907T210236Z-954bbebd51db.json.gz,1
fda.inspections.drugs,firm:3016252029,2024-03-05,2026-09-07T21:02:36Z,is_foreign,0,bool,fda.inspections.drugs,raw/fda.inspections.drugs/2026/09/20260907T210236Z-954bbebd51db.json.gz,1
fda.inspections.drugs,firm:3016252029,2024-03-05,2026-09-07T21:02:36Z,is_oai,0,bool,fda.inspections.drugs,raw/fda.inspections.drugs/2026/09/20260907T210236Z-954bbebd51db.json.gz,1
fda.inspections.drugs,firm:3016252029,2024-03-05,2026-09-07T21:02:36Z,label,"Servier Pharmaceuticals, LLC.",,fda.inspections.drugs,raw/fda.inspections.drugs/2026/09/20260907T210236Z-954bbebd51db.json.gz,1
fda.inspections.drugs,firm:3016418550,2024-03-22,2026-09-07T21:02:36Z,classification,0,ordinal,fda.inspections.drugs,raw/fda.inspections.drugs/2026/09/20260907T210236Z-954bbebd51db.json.gz,1
fda.inspections.drugs,firm:3016418550,2024-03-22,2026-09-07T21:02:36Z,firm_key,TAKEDA,,fda.inspections.drugs,raw/fda.inspections.drugs/2026/09/20260907T210236Z-954bbebd51db.json.gz,1
fda.inspections.drugs,firm:3016418550,2024-03-22,2026-09-07T21:02:36Z,inspected,1,count,fda.inspections.drugs,raw/fda.inspections.drugs/2026/09/20260907T210236Z-954bbebd51db.json.gz,1
fda.inspections.drugs,firm:3016418550,2024-03-22,2026-09-07T21:02:36Z,inspection_end,20240322,yyyymmdd,fda.inspections.drugs,raw/fda.inspections.drugs/2026/09/20260907T210236Z-954bbebd51db.json.gz,1
fda.inspections.drugs,firm:3016418550,2024-03-22,2026-09-07T21:02:36Z,is_foreign,0,bool,fda.inspections.drugs,raw/fda.inspections.drugs/2026/09/20260907T210236Z-954bbebd51db.json.gz,1
fda.inspections.drugs,firm:3016418550,2024-03-22,2026-09-07T21:02:36Z,is_oai,0,bool,fda.inspections.drugs,raw/fda.inspections.drugs/2026/09/20260907T210236Z-954bbebd51db.json.gz,1
fda.inspections.drugs,firm:3016418550,2024-03-22,2026-09-07T21:02:36Z,label,"Takeda Pharmaceuticals, Inc.",,fda.inspections.drugs,raw/fda.inspections.drugs/2026/09/20260907T210236Z-954bbebd51db.json.gz,1
fda.inspections.drugs,firm:3016502666,2024-03-28,2026-09-07T21:02:36Z,classification,0,ordinal,fda.inspections.drugs,raw/fda.inspections.drugs/2026/09/20260907T210236Z-954bbebd51db.json.gz,1
fda.inspections.drugs,firm:3016502666,2024-03-28,2026-09-07T21:02:36Z,firm_key,ROSA ISELA LUNA CEBALLOS M D,,fda.inspections.drugs,raw/fda.inspections.drugs/2026/09/20260907T210236Z-954bbebd51db.json.gz,1
fda.inspections.drugs,firm:3016502666,2024-03-28,2026-09-07T21:02:36Z,inspected,1,count,fda.inspections.drugs,raw/fda.inspections.drugs/2026/09/20260907T210236Z-954bbebd51db.json.gz,1
fda.inspections.drugs,firm:3016502666,2024-03-28,2026-09-07T21:02:36Z,inspection_end,20240328,yyyymmdd,fda.inspections.drugs,raw/fda.inspections.drugs/2026/09/20260907T210236Z-954bbebd51db.json.gz,1
fda.inspections.drugs,firm:3016502666,2024-03-28,2026-09-07T21:02:36Z,is_foreign,1,bool,fda.inspections.drugs,raw/fda.inspections.drugs/2026/09/20260907T210236Z-954bbebd51db.json.gz,1
fda.inspections.drugs,firm:3016502666,2024-03-28,2026-09-07T21:02:36Z,is_oai,0,bool,fda.inspections.drugs,raw/fda.inspections.drugs/2026/09/20260907T210236Z-954bbebd51db.json.gz,1
fda.inspections.drugs,firm:3016502666,2024-03-28,2026-09-07T21:02:36Z,label,"Rosa Isela Luna Ceballos, M.D.",,fda.inspections.drugs,raw/fda.inspections.drugs/2026/09/20260907T210236Z-954bbebd51db.json.gz,1
fda.inspections.drugs,firm:3017140477,2024-03-01,2026-09-07T21:02:36Z,classification,1,ordinal,fda.inspections.drugs,raw/fda.inspections.drugs/2026/09/20260907T210236Z-954bbebd51db.json.gz,1
fda.inspections.drugs,firm:3017140477,2024-03-01,2026-09-07T21:02:36Z,firm_key,LGM SOLUTIONS,,fda.inspections.drugs,raw/fda.inspections.drugs/2026/09/20260907T210236Z-954bbebd51db.json.gz,1
fda.inspections.drugs,firm:3017140477,2024-03-01,2026-09-07T21:02:36Z,inspected,1,count,fda.inspections.drugs,raw/fda.inspections.drugs/2026/09/20260907T210236Z-954bbebd51db.json.gz,1
fda.inspections.drugs,firm:3017140477,2024-03-01,2026-09-07T21:02:36Z,inspection_end,20240301,yyyymmdd,fda.inspections.drugs,raw/fda.inspections.drugs/2026/09/20260907T210236Z-954bbebd51db.json.gz,1
fda.inspections.drugs,firm:3017140477,2024-03-01,2026-09-07T21:02:36Z,is_foreign,0,bool,fda.inspections.drugs,raw/fda.inspections.drugs/2026/09/20260907T210236Z-954bbebd51db.json.gz,1
fda.inspections.drugs,firm:3017140477,2024-03-01,2026-09-07T21:02:36Z,is_oai,0,bool,fda.inspections.drugs,raw/fda.inspections.drugs/2026/09/20260907T210236Z-954bbebd51db.json.gz,1
fda.inspections.drugs,firm:3017140477,2024-03-01,2026-09-07T21:02:36Z,label,"LGM Pharma Solutions, LLC",,fda.inspections.drugs,raw/fda.inspections.drugs/2026/09/20260907T210236Z-954bbebd51db.json.gz,1
fda.inspections.drugs,firm:3017188972,2024-03-22,2026-09-07T21:02:36Z,classification,1,ordinal,fda.inspections.drugs,raw/fda.inspections.drugs/2026/09/20260907T210236Z-954bbebd51db.json.gz,1
fda.inspections.drugs,firm:3017188972,2024-03-22,2026-09-07T21:02:36Z,firm_key,ADMERUS BIOSCIENCES,,fda.inspections.drugs,raw/fda.inspections.drugs/2026/09/20260907T210236Z-954bbebd51db.json.gz,1
fda.inspections.drugs,firm:3017188972,2024-03-22,2026-09-07T21:02:36Z,inspected,1,count,fda.inspections.drugs,raw/fda.inspections.drugs/2026/09/20260907T210236Z-954bbebd51db.json.gz,1
fda.inspections.drugs,firm:3017188972,2024-03-22,2026-09-07T21:02:36Z,inspection_end,20240322,yyyymmdd,fda.inspections.drugs,raw/fda.inspections.drugs/2026/09/20260907T210236Z-954bbebd51db.json.gz,1
fda.inspections.drugs,firm:3017188972,2024-03-22,2026-09-07T21:02:36Z,is_foreign,1,bool,fda.inspections.drugs,raw/fda.inspections.drugs/2026/09/20260907T210236Z-954bbebd51db.json.gz,1
fda.inspections.drugs,firm:3017188972,2024-03-22,2026-09-07T21:02:36Z,is_oai,0,bool,fda.inspections.drugs,raw/fda.inspections.drugs/2026/09/20260907T210236Z-954bbebd51db.json.gz,1
fda.inspections.drugs,firm:3017188972,2024-03-22,2026-09-07T21:02:36Z,label,"Admerus Biosciences, Pvt., Ltd.",,fda.inspections.drugs,raw/fda.inspections.drugs/2026/09/20260907T210236Z-954bbebd51db.json.gz,1
fda.inspections.drugs,firm:3017670223,2024-03-28,2026-09-07T21:02:36Z,classification,1,ordinal,fda.inspections.drugs,raw/fda.inspections.drugs/2026/09/20260907T210236Z-954bbebd51db.json.gz,1
fda.inspections.drugs,firm:3017670223,2024-03-28,2026-09-07T21:02:36Z,firm_key,WOODWARD SERVICES,,fda.inspections.drugs,raw/fda.inspections.drugs/2026/09/20260907T210236Z-954bbebd51db.json.gz,1
fda.inspections.drugs,firm:3017670223,2024-03-28,2026-09-07T21:02:36Z,inspected,1,count,fda.inspections.drugs,raw/fda.inspections.drugs/2026/09/20260907T210236Z-954bbebd51db.json.gz,1
fda.inspections.drugs,firm:3017670223,2024-03-28,2026-09-07T21:02:36Z,inspection_end,20240328,yyyymmdd,fda.inspections.drugs,raw/fda.inspections.drugs/2026/09/20260907T210236Z-954bbebd51db.json.gz,1
fda.inspections.drugs,firm:3017670223,2024-03-28,2026-09-07T21:02:36Z,is_foreign,0,bool,fda.inspections.drugs,raw/fda.inspections.drugs/2026/09/20260907T210236Z-954bbebd51db.json.gz,1
fda.inspections.drugs,firm:3017670223,2024-03-28,2026-09-07T21:02:36Z,is_oai,0,bool,fda.inspections.drugs,raw/fda.inspections.drugs/2026/09/20260907T210236Z-954bbebd51db.json.gz,1
fda.inspections.drugs,firm:3017670223,2024-03-28,2026-09-07T21:02:36Z,label,Woodward Pharma Services LLC,,fda.inspections.drugs,raw/fda.inspections.drugs/2026/09/20260907T210236Z-954bbebd51db.json.gz,1
fda.inspections.drugs,firm:3017724696,2024-03-15,2026-09-07T21:02:36Z,classification,0,ordinal,fda.inspections.drugs,raw/fda.inspections.drugs/2026/09/20260907T210236Z-954bbebd51db.json.gz,1
fda.inspections.drugs,firm:3017724696,2024-03-15,2026-09-07T21:02:36Z,firm_key,YESSAR M HUSSAIN MD,,fda.inspections.drugs,raw/fda.inspections.drugs/2026/09/20260907T210236Z-954bbebd51db.json.gz,1
fda.inspections.drugs,firm:3017724696,2024-03-15,2026-09-07T21:02:36Z,inspected,1,count,fda.inspections.drugs,raw/fda.inspections.drugs/2026/09/20260907T210236Z-954bbebd51db.json.gz,1
fda.inspections.drugs,firm:3017724696,2024-03-15,2026-09-07T21:02:36Z,inspection_end,20240315,yyyymmdd,fda.inspections.drugs,raw/fda.inspections.drugs/2026/09/20260907T210236Z-954bbebd51db.json.gz,1
fda.inspections.drugs,firm:3017724696,2024-03-15,2026-09-07T21:02:36Z,is_foreign,0,bool,fda.inspections.drugs,raw/fda.inspections.drugs/2026/09/20260907T210236Z-954bbebd51db.json.gz,1
fda.inspections.drugs,firm:3017724696,2024-03-15,2026-09-07T21:02:36Z,is_oai,0,bool,fda.inspections.drugs,raw/fda.inspections.drugs/2026/09/20260907T210236Z-954bbebd51db.json.gz,1
fda.inspections.drugs,firm:3017724696,2024-03-15,2026-09-07T21:02:36Z,label,"Yessar M. Hussain, MD",,fda.inspections.drugs,raw/fda.inspections.drugs/2026/09/20260907T210236Z-954bbebd51db.json.gz,1
fda.inspections.drugs,firm:3019729761,2024-03-01,2026-09-07T21:02:36Z,classification,1,ordinal,fda.inspections.drugs,raw/fda.inspections.drugs/2026/09/20260907T210236Z-954bbebd51db.json.gz,1
fda.inspections.drugs,firm:3019729761,2024-03-01,2026-09-07T21:02:36Z,firm_key,LEILA CHAYCHI M D,,fda.inspections.drugs,raw/fda.inspections.drugs/2026/09/20260907T210236Z-954bbebd51db.json.gz,1
fda.inspections.drugs,firm:3019729761,2024-03-01,2026-09-07T21:02:36Z,inspected,1,count,fda.inspections.drugs,raw/fda.inspections.drugs/2026/09/20260907T210236Z-954bbebd51db.json.gz,1
fda.inspections.drugs,firm:3019729761,2024-03-01,2026-09-07T21:02:36Z,inspection_end,20240301,yyyymmdd,fda.inspections.drugs,raw/fda.inspections.drugs/2026/09/20260907T210236Z-954bbebd51db.json.gz,1
fda.inspections.drugs,firm:3019729761,2024-03-01,2026-09-07T21:02:36Z,is_foreign,0,bool,fda.inspections.drugs,raw/fda.inspections.drugs/2026/09/20260907T210236Z-954bbebd51db.json.gz,1
fda.inspections.drugs,firm:3019729761,2024-03-01,2026-09-07T21:02:36Z,is_oai,0,bool,fda.inspections.drugs,raw/fda.inspections.drugs/2026/09/20260907T210236Z-954bbebd51db.json.gz,1
fda.inspections.drugs,firm:3019729761,2024-03-01,2026-09-07T21:02:36Z,label,"Leila Chaychi, M.D.",,fda.inspections.drugs,raw/fda.inspections.drugs/2026/09/20260907T210236Z-954bbebd51db.json.gz,1
fda.inspections.drugs,firm:3021091668,2024-03-01,2026-09-07T21:02:36Z,classification,2,ordinal,fda.inspections.drugs,raw/fda.inspections.drugs/2026/09/20260907T210236Z-954bbebd51db.json.gz,1
fda.inspections.drugs,firm:3021091668,2024-03-01,2026-09-07T21:02:36Z,firm_key,KAYLAAN,,fda.inspections.drugs,raw/fda.inspections.drugs/2026/09/20260907T210236Z-954bbebd51db.json.gz,1
fda.inspections.drugs,firm:3021091668,2024-03-01,2026-09-07T21:02:36Z,inspected,1,count,fda.inspections.drugs,raw/fda.inspections.drugs/2026/09/20260907T210236Z-954bbebd51db.json.gz,1
fda.inspections.drugs,firm:3021091668,2024-03-01,2026-09-07T21:02:36Z,inspection_end,20240301,yyyymmdd,fda.inspections.drugs,raw/fda.inspections.drugs/2026/09/20260907T210236Z-954bbebd51db.json.gz,1
fda.inspections.drugs,firm:3021091668,2024-03-01,2026-09-07T21:02:36Z,is_foreign,0,bool,fda.inspections.drugs,raw/fda.inspections.drugs/2026/09/20260907T210236Z-954bbebd51db.json.gz,1
fda.inspections.drugs,firm:3021091668,2024-03-01,2026-09-07T21:02:36Z,is_oai,1,bool,fda.inspections.drugs,raw/fda.inspections.drugs/2026/09/20260907T210236Z-954bbebd51db.json.gz,1
fda.inspections.drugs,firm:3021091668,2024-03-01,2026-09-07T21:02:36Z,label,Kaylaan LLC,,fda.inspections.drugs,raw/fda.inspections.drugs/2026/09/20260907T210236Z-954bbebd51db.json.gz,1
fda.inspections.drugs,firm:3021569702,2024-03-01,2026-09-07T21:02:36Z,classification,1,ordinal,fda.inspections.drugs,raw/fda.inspections.drugs/2026/09/20260907T210236Z-954bbebd51db.json.gz,1
fda.inspections.drugs,firm:3021569702,2024-03-01,2026-09-07T21:02:36Z,firm_key,ADVITY RESEARCH,,fda.inspections.drugs,raw/fda.inspections.drugs/2026/09/20260907T210236Z-954bbebd51db.json.gz,1
fda.inspections.drugs,firm:3021569702,2024-03-01,2026-09-07T21:02:36Z,inspected,1,count,fda.inspections.drugs,raw/fda.inspections.drugs/2026/09/20260907T210236Z-954bbebd51db.json.gz,1
fda.inspections.drugs,firm:3021569702,2024-03-01,2026-09-07T21:02:36Z,inspection_end,20240301,yyyymmdd,fda.inspections.drugs,raw/fda.inspections.drugs/2026/09/20260907T210236Z-954bbebd51db.json.gz,1
fda.inspections.drugs,firm:3021569702,2024-03-01,2026-09-07T21:02:36Z,is_foreign,1,bool,fda.inspections.drugs,raw/fda.inspections.drugs/2026/09/20260907T210236Z-954bbebd51db.json.gz,1
fda.inspections.drugs,firm:3021569702,2024-03-01,2026-09-07T21:02:36Z,is_oai,0,bool,fda.inspections.drugs,raw/fda.inspections.drugs/2026/09/20260907T210236Z-954bbebd51db.json.gz,1
fda.inspections.drugs,firm:3021569702,2024-03-01,2026-09-07T21:02:36Z,label,"Advity Research Private, Limited",,fda.inspections.drugs,raw/fda.inspections.drugs/2026/09/20260907T210236Z-954bbebd51db.json.gz,1
fda.inspections.drugs,firm:3021569702,2024-03-15,2026-09-07T21:02:36Z,classification,1,ordinal,fda.inspections.drugs,raw/fda.inspections.drugs/2026/09/20260907T210236Z-954bbebd51db.json.gz,1
fda.inspections.drugs,firm:3021569702,2024-03-15,2026-09-07T21:02:36Z,firm_key,ADVITY RESEARCH,,fda.inspections.drugs,raw/fda.inspections.drugs/2026/09/20260907T210236Z-954bbebd51db.json.gz,1
fda.inspections.drugs,firm:3021569702,2024-03-15,2026-09-07T21:02:36Z,inspected,1,count,fda.inspections.drugs,raw/fda.inspections.drugs/2026/09/20260907T210236Z-954bbebd51db.json.gz,1
fda.inspections.drugs,firm:3021569702,2024-03-15,2026-09-07T21:02:36Z,inspection_end,20240315,yyyymmdd,fda.inspections.drugs,raw/fda.inspections.drugs/2026/09/20260907T210236Z-954bbebd51db.json.gz,1
fda.inspections.drugs,firm:3021569702,2024-03-15,2026-09-07T21:02:36Z,is_foreign,1,bool,fda.inspections.drugs,raw/fda.inspections.drugs/2026/09/20260907T210236Z-954bbebd51db.json.gz,1
fda.inspections.drugs,firm:3021569702,2024-03-15,2026-09-07T21:02:36Z,is_oai,0,bool,fda.inspections.drugs,raw/fda.inspections.drugs/2026/09/20260907T210236Z-954bbebd51db.json.gz,1
fda.inspections.drugs,firm:3021569702,2024-03-15,2026-09-07T21:02:36Z,label,"Advity Research Private, Limited",,fda.inspections.drugs,raw/fda.inspections.drugs/2026/09/20260907T210236Z-954bbebd51db.json.gz,1
fda.inspections.drugs,firm:3022162827,2024-03-26,2026-09-07T21:02:36Z,classification,0,ordinal,fda.inspections.drugs,raw/fda.inspections.drugs/2026/09/20260907T210236Z-954bbebd51db.json.gz,1
fda.inspections.drugs,firm:3022162827,2024-03-26,2026-09-07T21:02:36Z,firm_key,KOSMAS CASEY A PALEOS M D,,fda.inspections.drugs,raw/fda.inspections.drugs/2026/09/20260907T210236Z-954bbebd51db.json.gz,1
fda.inspections.drugs,firm:3022162827,2024-03-26,2026-09-07T21:02:36Z,inspected,1,count,fda.inspections.drugs,raw/fda.inspections.drugs/2026/09/20260907T210236Z-954bbebd51db.json.gz,1
fda.inspections.drugs,firm:3022162827,2024-03-26,2026-09-07T21:02:36Z,inspection_end,20240326,yyyymmdd,fda.inspections.drugs,raw/fda.inspections.drugs/2026/09/20260907T210236Z-954bbebd51db.json.gz,1
fda.inspections.drugs,firm:3022162827,2024-03-26,2026-09-07T21:02:36Z,is_foreign,0,bool,fda.inspections.drugs,raw/fda.inspections.drugs/2026/09/20260907T210236Z-954bbebd51db.json.gz,1
fda.inspections.drugs,firm:3022162827,2024-03-26,2026-09-07T21:02:36Z,is_oai,0,bool,fda.inspections.drugs,raw/fda.inspections.drugs/2026/09/20260907T210236Z-954bbebd51db.json.gz,1
fda.inspections.drugs,firm:3022162827,2024-03-26,2026-09-07T21:02:36Z,label,"Kosmas Casey A. Paleos, M.D.",,fda.inspections.drugs,raw/fda.inspections.drugs/2026/09/20260907T210236Z-954bbebd51db.json.gz,1
fda.inspections.drugs,firm:3023533273,2024-03-08,2026-09-07T21:02:36Z,classification,2,ordinal,fda.inspections.drugs,raw/fda.inspections.drugs/2026/09/20260907T210236Z-954bbebd51db.json.gz,1
fda.inspections.drugs,firm:3023533273,2024-03-08,2026-09-07T21:02:36Z,firm_key,SURE BIOCHEM,,fda.inspections.drugs,raw/fda.inspections.drugs/2026/09/20260907T210236Z-954bbebd51db.json.gz,1
fda.inspections.drugs,firm:3023533273,2024-03-08,2026-09-07T21:02:36Z,inspected,1,count,fda.inspections.drugs,raw/fda.inspections.drugs/2026/09/20260907T210236Z-954bbebd51db.json.gz,1
fda.inspections.drugs,firm:3023533273,2024-03-08,2026-09-07T21:02:36Z,inspection_end,20240308,yyyymmdd,fda.inspections.drugs,raw/fda.inspections.drugs/2026/09/20260907T210236Z-954bbebd51db.json.gz,1
fda.inspections.drugs,firm:3023533273,2024-03-08,2026-09-07T21:02:36Z,is_foreign,0,bool,fda.inspections.drugs,raw/fda.inspections.drugs/2026/09/20260907T210236Z-954bbebd51db.json.gz,1
fda.inspections.drugs,firm:3023533273,2024-03-08,2026-09-07T21:02:36Z,is_oai,1,bool,fda.inspections.drugs,raw/fda.inspections.drugs/2026/09/20260907T210236Z-954bbebd51db.json.gz,1
fda.inspections.drugs,firm:3023533273,2024-03-08,2026-09-07T21:02:36Z,label,"Sure-Biochem Laboratories, LLC",,fda.inspections.drugs,raw/fda.inspections.drugs/2026/09/20260907T210236Z-954bbebd51db.json.gz,1
fda.inspections.drugs,firm:3024853979,2024-03-15,2026-09-07T21:02:36Z,classification,0,ordinal,fda.inspections.drugs,raw/fda.inspections.drugs/2026/09/20260907T210236Z-954bbebd51db.json.gz,1
fda.inspections.drugs,firm:3024853979,2024-03-15,2026-09-07T21:02:36Z,firm_key,PRAXGEN,,fda.inspections.drugs,raw/fda.inspections.drugs/2026/09/20260907T210236Z-954bbebd51db.json.gz,1
fda.inspections.drugs,firm:3024853979,2024-03-15,2026-09-07T21:02:36Z,inspected,1,count,fda.inspections.drugs,raw/fda.inspections.drugs/2026/09/20260907T210236Z-954bbebd51db.json.gz,1
fda.inspections.drugs,firm:3024853979,2024-03-15,2026-09-07T21:02:36Z,inspection_end,20240315,yyyymmdd,fda.inspections.drugs,raw/fda.inspections.drugs/2026/09/20260907T210236Z-954bbebd51db.json.gz,1
fda.inspections.drugs,firm:3024853979,2024-03-15,2026-09-07T21:02:36Z,is_foreign,0,bool,fda.inspections.drugs,raw/fda.inspections.drugs/2026/09/20260907T210236Z-954bbebd51db.json.gz,1
fda.inspections.drugs,firm:3024853979,2024-03-15,2026-09-07T21:02:36Z,is_oai,0,bool,fda.inspections.drugs,raw/fda.inspections.drugs/2026/09/20260907T210236Z-954bbebd51db.json.gz,1
fda.inspections.drugs,firm:3024853979,2024-03-15,2026-09-07T21:02:36Z,label,"Praxgen Pharmaceuticals, LLC",,fda.inspections.drugs,raw/fda.inspections.drugs/2026/09/20260907T210236Z-954bbebd51db.json.gz,1
fda.inspections.drugs,firm:3026114312,2024-03-15,2026-09-07T21:02:36Z,classification,0,ordinal,fda.inspections.drugs,raw/fda.inspections.drugs/2026/09/20260907T210236Z-954bbebd51db.json.gz,1
fda.inspections.drugs,firm:3026114312,2024-03-15,2026-09-07T21:02:36Z,firm_key,QINGYUAN ZHANG,,fda.inspections.drugs,raw/fda.inspections.drugs/2026/09/20260907T210236Z-954bbebd51db.json.gz,1
fda.inspections.drugs,firm:3026114312,2024-03-15,2026-09-07T21:02:36Z,inspected,1,count,fda.inspections.drugs,raw/fda.inspections.drugs/2026/09/20260907T210236Z-954bbebd51db.json.gz,1
fda.inspections.drugs,firm:3026114312,2024-03-15,2026-09-07T21:02:36Z,inspection_end,20240315,yyyymmdd,fda.inspections.drugs,raw/fda.inspections.drugs/2026/09/20260907T210236Z-954bbebd51db.json.gz,1
fda.inspections.drugs,firm:3026114312,2024-03-15,2026-09-07T21:02:36Z,is_foreign,1,bool,fda.inspections.drugs,raw/fda.inspections.drugs/2026/09/20260907T210236Z-954bbebd51db.json.gz,1
fda.inspections.drugs,firm:3026114312,2024-03-15,2026-09-07T21:02:36Z,is_oai,0,bool,fda.inspections.drugs,raw/fda.inspections.drugs/2026/09/20260907T210236Z-954bbebd51db.json.gz,1
fda.inspections.drugs,firm:3026114312,2024-03-15,2026-09-07T21:02:36Z,label,Qingyuan Zhang,,fda.inspections.drugs,raw/fda.inspections.drugs/2026/09/20260907T210236Z-954bbebd51db.json.gz,1
fda.inspections.drugs,firm:3027503949,2024-03-28,2026-09-07T21:02:36Z,classification,0,ordinal,fda.inspections.drugs,raw/fda.inspections.drugs/2026/09/20260907T210236Z-954bbebd51db.json.gz,1
fda.inspections.drugs,firm:3027503949,2024-03-28,2026-09-07T21:02:36Z,firm_key,LAURENT FRENZEL M D,,fda.inspections.drugs,raw/fda.inspections.drugs/2026/09/20260907T210236Z-954bbebd51db.json.gz,1
fda.inspections.drugs,firm:3027503949,2024-03-28,2026-09-07T21:02:36Z,inspected,1,count,fda.inspections.drugs,raw/fda.inspections.drugs/2026/09/20260907T210236Z-954bbebd51db.json.gz,1
fda.inspections.drugs,firm:3027503949,2024-03-28,2026-09-07T21:02:36Z,inspection_end,20240328,yyyymmdd,fda.inspections.drugs,raw/fda.inspections.drugs/2026/09/20260907T210236Z-954bbebd51db.json.gz,1
fda.inspections.drugs,firm:3027503949,2024-03-28,2026-09-07T21:02:36Z,is_foreign,1,bool,fda.inspections.drugs,raw/fda.inspections.drugs/2026/09/20260907T210236Z-954bbebd51db.json.gz,1
fda.inspections.drugs,firm:3027503949,2024-03-28,2026-09-07T21:02:36Z,is_oai,0,bool,fda.inspections.drugs,raw/fda.inspections.drugs/2026/09/20260907T210236Z-954bbebd51db.json.gz,1
fda.inspections.drugs,firm:3027503949,2024-03-28,2026-09-07T21:02:36Z,label,"Laurent Frenzel, M.D.",,fda.inspections.drugs,raw/fda.inspections.drugs/2026/09/20260907T210236Z-954bbebd51db.json.gz,1
fda.inspections.drugs,firm:3027512299,2024-03-22,2026-09-07T21:02:36Z,classification,0,ordinal,fda.inspections.drugs,raw/fda.inspections.drugs/2026/09/20260907T210236Z-954bbebd51db.json.gz,1
fda.inspections.drugs,firm:3027512299,2024-03-22,2026-09-07T21:02:36Z,firm_key,YUXIAN BAI,,fda.inspections.drugs,raw/fda.inspections.drugs/2026/09/20260907T210236Z-954bbebd51db.json.gz,1
fda.inspections.drugs,firm:3027512299,2024-03-22,2026-09-07T21:02:36Z,inspected,1,count,fda.inspections.drugs,raw/fda.inspections.drugs/2026/09/20260907T210236Z-954bbebd51db.json.gz,1
fda.inspections.drugs,firm:3027512299,2024-03-22,2026-09-07T21:02:36Z,inspection_end,20240322,yyyymmdd,fda.inspections.drugs,raw/fda.inspections.drugs/2026/09/20260907T210236Z-954bbebd51db.json.gz,1
fda.inspections.drugs,firm:3027512299,2024-03-22,2026-09-07T21:02:36Z,is_foreign,1,bool,fda.inspections.drugs,raw/fda.inspections.drugs/2026/09/20260907T210236Z-954bbebd51db.json.gz,1
fda.inspections.drugs,firm:3027512299,2024-03-22,2026-09-07T21:02:36Z,is_oai,0,bool,fda.inspections.drugs,raw/fda.inspections.drugs/2026/09/20260907T210236Z-954bbebd51db.json.gz,1
fda.inspections.drugs,firm:3027512299,2024-03-22,2026-09-07T21:02:36Z,label,Yuxian Bai,,fda.inspections.drugs,raw/fda.inspections.drugs/2026/09/20260907T210236Z-954bbebd51db.json.gz,1
fda.inspections.drugs,firm:3029889780,2024-03-01,2026-09-07T21:02:36Z,classification,0,ordinal,fda.inspections.drugs,raw/fda.inspections.drugs/2026/09/20260907T210236Z-954bbebd51db.json.gz,1
fda.inspections.drugs,firm:3029889780,2024-03-01,2026-09-07T21:02:36Z,firm_key,LUC M BIEDERMANN M D,,fda.inspections.drugs,raw/fda.inspections.drugs/2026/09/20260907T210236Z-954bbebd51db.json.gz,1
fda.inspections.drugs,firm:3029889780,2024-03-01,2026-09-07T21:02:36Z,inspected,1,count,fda.inspections.drugs,raw/fda.inspections.drugs/2026/09/20260907T210236Z-954bbebd51db.json.gz,1
fda.inspections.drugs,firm:3029889780,2024-03-01,2026-09-07T21:02:36Z,inspection_end,20240301,yyyymmdd,fda.inspections.drugs,raw/fda.inspections.drugs/2026/09/20260907T210236Z-954bbebd51db.json.gz,1
fda.inspections.drugs,firm:3029889780,2024-03-01,2026-09-07T21:02:36Z,is_foreign,1,bool,fda.inspections.drugs,raw/fda.inspections.drugs/2026/09/20260907T210236Z-954bbebd51db.json.gz,1
fda.inspections.drugs,firm:3029889780,2024-03-01,2026-09-07T21:02:36Z,is_oai,0,bool,fda.inspections.drugs,raw/fda.inspections.drugs/2026/09/20260907T210236Z-954bbebd51db.json.gz,1
fda.inspections.drugs,firm:3029889780,2024-03-01,2026-09-07T21:02:36Z,label,"Luc M. Biedermann, M.D.",,fda.inspections.drugs,raw/fda.inspections.drugs/2026/09/20260907T210236Z-954bbebd51db.json.gz,1
fda.inspections.drugs,firm:3029908315,2024-03-22,2026-09-07T21:02:36Z,classification,1,ordinal,fda.inspections.drugs,raw/fda.inspections.drugs/2026/09/20260907T210236Z-954bbebd51db.json.gz,1
fda.inspections.drugs,firm:3029908315,2024-03-22,2026-09-07T21:02:36Z,firm_key,ORCHID LASER HAIR AND SKIN CLINIC,,fda.inspections.drugs,raw/fda.inspections.drugs/2026/09/20260907T210236Z-954bbebd51db.json.gz,1
fda.inspections.drugs,firm:3029908315,2024-03-22,2026-09-07T21:02:36Z,inspected,1,count,fda.inspections.drugs,raw/fda.inspections.drugs/2026/09/20260907T210236Z-954bbebd51db.json.gz,1
fda.inspections.drugs,firm:3029908315,2024-03-22,2026-09-07T21:02:36Z,inspection_end,20240322,yyyymmdd,fda.inspections.drugs,raw/fda.inspections.drugs/2026/09/20260907T210236Z-954bbebd51db.json.gz,1
fda.inspections.drugs,firm:3029908315,2024-03-22,2026-09-07T21:02:36Z,is_foreign,1,bool,fda.inspections.drugs,raw/fda.inspections.drugs/2026/09/20260907T210236Z-954bbebd51db.json.gz,1
fda.inspections.drugs,firm:3029908315,2024-03-22,2026-09-07T21:02:36Z,is_oai,0,bool,fda.inspections.drugs,raw/fda.inspections.drugs/2026/09/20260907T210236Z-954bbebd51db.json.gz,1
fda.inspections.drugs,firm:3029908315,2024-03-22,2026-09-07T21:02:36Z,label,Orchid Laser Hair and Skin Clinic,,fda.inspections.drugs,raw/fda.inspections.drugs/2026/09/20260907T210236Z-954bbebd51db.json.gz,1
fda.inspections.drugs,firm:3029908919,2024-03-08,2026-09-07T21:02:36Z,classification,1,ordinal,fda.inspections.drugs,raw/fda.inspections.drugs/2026/09/20260907T210236Z-954bbebd51db.json.gz,1
fda.inspections.drugs,firm:3029908919,2024-03-08,2026-09-07T21:02:36Z,firm_key,TRIVENI POLYCLINIC,,fda.inspections.drugs,raw/fda.inspections.drugs/2026/09/20260907T210236Z-954bbebd51db.json.gz,1
fda.inspections.drugs,firm:3029908919,2024-03-08,2026-09-07T21:02:36Z,inspected,1,count,fda.inspections.drugs,raw/fda.inspections.drugs/2026/09/20260907T210236Z-954bbebd51db.json.gz,1
fda.inspections.drugs,firm:3029908919,2024-03-08,2026-09-07T21:02:36Z,inspection_end,20240308,yyyymmdd,fda.inspections.drugs,raw/fda.inspections.drugs/2026/09/20260907T210236Z-954bbebd51db.json.gz,1
fda.inspections.drugs,firm:3029908919,2024-03-08,2026-09-07T21:02:36Z,is_foreign,1,bool,fda.inspections.drugs,raw/fda.inspections.drugs/2026/09/20260907T210236Z-954bbebd51db.json.gz,1
fda.inspections.drugs,firm:3029908919,2024-03-08,2026-09-07T21:02:36Z,is_oai,0,bool,fda.inspections.drugs,raw/fda.inspections.drugs/2026/09/20260907T210236Z-954bbebd51db.json.gz,1
fda.inspections.drugs,firm:3029908919,2024-03-08,2026-09-07T21:02:36Z,label,Triveni Polyclinic,,fda.inspections.drugs,raw/fda.inspections.drugs/2026/09/20260907T210236Z-954bbebd51db.json.gz,1
fda.inspections.drugs,firm:3029910689,2024-03-15,2026-09-07T21:02:36Z,classification,1,ordinal,fda.inspections.drugs,raw/fda.inspections.drugs/2026/09/20260907T210236Z-954bbebd51db.json.gz,1
fda.inspections.drugs,firm:3029910689,2024-03-15,2026-09-07T21:02:36Z,firm_key,SHUBHAM MULTISPECIALITY HOSPITAL,,fda.inspections.drugs,raw/fda.inspections.drugs/2026/09/20260907T210236Z-954bbebd51db.json.gz,1
fda.inspections.drugs,firm:3029910689,2024-03-15,2026-09-07T21:02:36Z,inspected,1,count,fda.inspections.drugs,raw/fda.inspections.drugs/2026/09/20260907T210236Z-954bbebd51db.json.gz,1
fda.inspections.drugs,firm:3029910689,2024-03-15,2026-09-07T21:02:36Z,inspection_end,20240315,yyyymmdd,fda.inspections.drugs,raw/fda.inspections.drugs/2026/09/20260907T210236Z-954bbebd51db.json.gz,1
fda.inspections.drugs,firm:3029910689,2024-03-15,2026-09-07T21:02:36Z,is_foreign,1,bool,fda.inspections.drugs,raw/fda.inspections.drugs/2026/09/20260907T210236Z-954bbebd51db.json.gz,1
fda.inspections.drugs,firm:3029910689,2024-03-15,2026-09-07T21:02:36Z,is_oai,0,bool,fda.inspections.drugs,raw/fda.inspections.drugs/2026/09/20260907T210236Z-954bbebd51db.json.gz,1
fda.inspections.drugs,firm:3029910689,2024-03-15,2026-09-07T21:02:36Z,label,Shubham Multispeciality Hospital,,fda.inspections.drugs,raw/fda.inspections.drugs/2026/09/20260907T210236Z-954bbebd51db.json.gz,1
fda.inspections.drugs,firm:3030038143,2024-03-21,2026-09-07T21:02:36Z,classification,0,ordinal,fda.inspections.drugs,raw/fda.inspections.drugs/2026/09/20260907T210236Z-954bbebd51db.json.gz,1
fda.inspections.drugs,firm:3030038143,2024-03-21,2026-09-07T21:02:36Z,firm_key,MAGDALENA PIROWSKA,,fda.inspections.drugs,raw/fda.inspections.drugs/2026/09/20260907T210236Z-954bbebd51db.json.gz,1
fda.inspections.drugs,firm:3030038143,2024-03-21,2026-09-07T21:02:36Z,inspected,1,count,fda.inspections.drugs,raw/fda.inspections.drugs/2026/09/20260907T210236Z-954bbebd51db.json.gz,1
fda.inspections.drugs,firm:3030038143,2024-03-21,2026-09-07T21:02:36Z,inspection_end,20240321,yyyymmdd,fda.inspections.drugs,raw/fda.inspections.drugs/2026/09/20260907T210236Z-954bbebd51db.json.gz,1
fda.inspections.drugs,firm:3030038143,2024-03-21,2026-09-07T21:02:36Z,is_foreign,1,bool,fda.inspections.drugs,raw/fda.inspections.drugs/2026/09/20260907T210236Z-954bbebd51db.json.gz,1
fda.inspections.drugs,firm:3030038143,2024-03-21,2026-09-07T21:02:36Z,is_oai,0,bool,fda.inspections.drugs,raw/fda.inspections.drugs/2026/09/20260907T210236Z-954bbebd51db.json.gz,1
fda.inspections.drugs,firm:3030038143,2024-03-21,2026-09-07T21:02:36Z,label,Magdalena Pirowska,,fda.inspections.drugs,raw/fda.inspections.drugs/2026/09/20260907T210236Z-954bbebd51db.json.gz,1
fda.inspections.drugs,firm:3030078726,2024-03-07,2026-09-07T21:02:36Z,classification,0,ordinal,fda.inspections.drugs,raw/fda.inspections.drugs/2026/09/20260907T210236Z-954bbebd51db.json.gz,1
fda.inspections.drugs,firm:3030078726,2024-03-07,2026-09-07T21:02:36Z,firm_key,KAN YONEMORI M D,,fda.inspections.drugs,raw/fda.inspections.drugs/2026/09/20260907T210236Z-954bbebd51db.json.gz,1
fda.inspections.drugs,firm:3030078726,2024-03-07,2026-09-07T21:02:36Z,inspected,1,count,fda.inspections.drugs,raw/fda.inspections.drugs/2026/09/20260907T210236Z-954bbebd51db.json.gz,1
fda.inspections.drugs,firm:3030078726,2024-03-07,2026-09-07T21:02:36Z,inspection_end,20240307,yyyymmdd,fda.inspections.drugs,raw/fda.inspections.drugs/2026/09/20260907T210236Z-954bbebd51db.json.gz,1
fda.inspections.drugs,firm:3030078726,2024-03-07,2026-09-07T21:02:36Z,is_foreign,1,bool,fda.inspections.drugs,raw/fda.inspections.drugs/2026/09/20260907T210236Z-954bbebd51db.json.gz,1
fda.inspections.drugs,firm:3030078726,2024-03-07,2026-09-07T21:02:36Z,is_oai,0,bool,fda.inspections.drugs,raw/fda.inspections.drugs/2026/09/20260907T210236Z-954bbebd51db.json.gz,1
fda.inspections.drugs,firm:3030078726,2024-03-07,2026-09-07T21:02:36Z,label,"Kan Yonemori, M.D.",,fda.inspections.drugs,raw/fda.inspections.drugs/2026/09/20260907T210236Z-954bbebd51db.json.gz,1
fda.inspections.drugs,firm:3030132685,2024-03-28,2026-09-07T21:02:36Z,classification,0,ordinal,fda.inspections.drugs,raw/fda.inspections.drugs/2026/09/20260907T210236Z-954bbebd51db.json.gz,1
fda.inspections.drugs,firm:3030132685,2024-03-28,2026-09-07T21:02:36Z,firm_key,WIESLAWA BEDNAREK M D,,fda.inspections.drugs,raw/fda.inspections.drugs/2026/09/20260907T210236Z-954bbebd51db.json.gz,1
fda.inspections.drugs,firm:3030132685,2024-03-28,2026-09-07T21:02:36Z,inspected,1,count,fda.inspections.drugs,raw/fda.inspections.drugs/2026/09/20260907T210236Z-954bbebd51db.json.gz,1
fda.inspections.drugs,firm:3030132685,2024-03-28,2026-09-07T21:02:36Z,inspection_end,20240328,yyyymmdd,fda.inspections.drugs,raw/fda.inspections.drugs/2026/09/20260907T210236Z-954bbebd51db.json.gz,1
fda.inspections.drugs,firm:3030132685,2024-03-28,2026-09-07T21:02:36Z,is_foreign,1,bool,fda.inspections.drugs,raw/fda.inspections.drugs/2026/09/20260907T210236Z-954bbebd51db.json.gz,1
fda.inspections.drugs,firm:3030132685,2024-03-28,2026-09-07T21:02:36Z,is_oai,0,bool,fda.inspections.drugs,raw/fda.inspections.drugs/2026/09/20260907T210236Z-954bbebd51db.json.gz,1
fda.inspections.drugs,firm:3030132685,2024-03-28,2026-09-07T21:02:36Z,label,"Wieslawa Bednarek, M.D.",,fda.inspections.drugs,raw/fda.inspections.drugs/2026/09/20260907T210236Z-954bbebd51db.json.gz,1
fda.inspections.drugs,firm:3030132687,2024-03-01,2026-09-07T21:02:36Z,classification,0,ordinal,fda.inspections.drugs,raw/fda.inspections.drugs/2026/09/20260907T210236Z-954bbebd51db.json.gz,1
fda.inspections.drugs,firm:3030132687,2024-03-01,2026-09-07T21:02:36Z,firm_key,HYE SOOK H CHON M D,,fda.inspections.drugs,raw/fda.inspections.drugs/2026/09/20260907T210236Z-954bbebd51db.json.gz,1
fda.inspections.drugs,firm:3030132687,2024-03-01,2026-09-07T21:02:36Z,inspected,1,count,fda.inspections.drugs,raw/fda.inspections.drugs/2026/09/20260907T210236Z-954bbebd51db.json.gz,1
fda.inspections.drugs,firm:3030132687,2024-03-01,2026-09-07T21:02:36Z,inspection_end,20240301,yyyymmdd,fda.inspections.drugs,raw/fda.inspections.drugs/2026/09/20260907T210236Z-954bbebd51db.json.gz,1
fda.inspections.drugs,firm:3030132687,2024-03-01,2026-09-07T21:02:36Z,is_foreign,0,bool,fda.inspections.drugs,raw/fda.inspections.drugs/2026/09/20260907T210236Z-954bbebd51db.json.gz,1
fda.inspections.drugs,firm:3030132687,2024-03-01,2026-09-07T21:02:36Z,is_oai,0,bool,fda.inspections.drugs,raw/fda.inspections.drugs/2026/09/20260907T210236Z-954bbebd51db.json.gz,1
fda.inspections.drugs,firm:3030132687,2024-03-01,2026-09-07T21:02:36Z,label,"Hye Sook H. Chon, M.D.",,fda.inspections.drugs,raw/fda.inspections.drugs/2026/09/20260907T210236Z-954bbebd51db.json.gz,1
fda.inspections.drugs,firm:3030142638,2024-03-20,2026-09-07T21:02:36Z,classification,1,ordinal,fda.inspections.drugs,raw/fda.inspections.drugs/2026/09/20260907T210236Z-954bbebd51db.json.gz,1
fda.inspections.drugs,firm:3030142638,2024-03-20,2026-09-07T21:02:36Z,firm_key,BETUL ORAN M D,,fda.inspections.drugs,raw/fda.inspections.drugs/2026/09/20260907T210236Z-954bbebd51db.json.gz,1
fda.inspections.drugs,firm:3030142638,2024-03-20,2026-09-07T21:02:36Z,inspected,1,count,fda.inspections.drugs,raw/fda.inspections.drugs/2026/09/20260907T210236Z-954bbebd51db.json.gz,1
fda.inspections.drugs,firm:3030142638,2024-03-20,2026-09-07T21:02:36Z,inspection_end,20240320,yyyymmdd,fda.inspections.drugs,raw/fda.inspections.drugs/2026/09/20260907T210236Z-954bbebd51db.json.gz,1
fda.inspections.drugs,firm:3030142638,2024-03-20,2026-09-07T21:02:36Z,is_foreign,0,bool,fda.inspections.drugs,raw/fda.inspections.drugs/2026/09/20260907T210236Z-954bbebd51db.json.gz,1
fda.inspections.drugs,firm:3030142638,2024-03-20,2026-09-07T21:02:36Z,is_oai,0,bool,fda.inspections.drugs,raw/fda.inspections.drugs/2026/09/20260907T210236Z-954bbebd51db.json.gz,1
fda.inspections.drugs,firm:3030142638,2024-03-20,2026-09-07T21:02:36Z,label,"Betul Oran, M.D.",,fda.inspections.drugs,raw/fda.inspections.drugs/2026/09/20260907T210236Z-954bbebd51db.json.gz,1
fda.inspections.drugs,firm:3030143299,2024-03-14,2026-09-07T21:02:36Z,classification,0,ordinal,fda.inspections.drugs,raw/fda.inspections.drugs/2026/09/20260907T210236Z-954bbebd51db.json.gz,1
fda.inspections.drugs,firm:3030143299,2024-03-14,2026-09-07T21:02:36Z,firm_key,ADLY THEBAUD M D,,fda.inspections.drugs,raw/fda.inspections.drugs/2026/09/20260907T210236Z-954bbebd51db.json.gz,1
fda.inspections.drugs,firm:3030143299,2024-03-14,2026-09-07T21:02:36Z,inspected,1,count,fda.inspections.drugs,raw/fda.inspections.drugs/2026/09/20260907T210236Z-954bbebd51db.json.gz,1
fda.inspections.drugs,firm:3030143299,2024-03-14,2026-09-07T21:02:36Z,inspection_end,20240314,yyyymmdd,fda.inspections.drugs,raw/fda.inspections.drugs/2026/09/20260907T210236Z-954bbebd51db.json.gz,1
fda.inspections.drugs,firm:3030143299,2024-03-14,2026-09-07T21:02:36Z,is_foreign,0,bool,fda.inspections.drugs,raw/fda.inspections.drugs/2026/09/20260907T210236Z-954bbebd51db.json.gz,1
fda.inspections.drugs,firm:3030143299,2024-03-14,2026-09-07T21:02:36Z,is_oai,0,bool,fda.inspections.drugs,raw/fda.inspections.drugs/2026/09/20260907T210236Z-954bbebd51db.json.gz,1
fda.inspections.drugs,firm:3030143299,2024-03-14,2026-09-07T21:02:36Z,label,"Adly Thebaud, M.D.",,fda.inspections.drugs,raw/fda.inspections.drugs/2026/09/20260907T210236Z-954bbebd51db.json.gz,1
fda.inspections.drugs,firm:3030155010,2024-03-05,2026-09-07T21:02:36Z,classification,0,ordinal,fda.inspections.drugs,raw/fda.inspections.drugs/2026/09/20260907T210236Z-954bbebd51db.json.gz,1
fda.inspections.drugs,firm:3030155010,2024-03-05,2026-09-07T21:02:36Z,firm_key,JONATHAN COTLIAR M D,,fda.inspections.drugs,raw/fda.inspections.drugs/2026/09/20260907T210236Z-954bbebd51db.json.gz,1
fda.inspections.drugs,firm:3030155010,2024-03-05,2026-09-07T21:02:36Z,inspected,1,count,fda.inspections.drugs,raw/fda.inspections.drugs/2026/09/20260907T210236Z-954bbebd51db.json.gz,1
fda.inspections.drugs,firm:3030155010,2024-03-05,2026-09-07T21:02:36Z,inspection_end,20240305,yyyymmdd,fda.inspections.drugs,raw/fda.inspections.drugs/2026/09/20260907T210236Z-954bbebd51db.json.gz,1
fda.inspections.drugs,firm:3030155010,2024-03-05,2026-09-07T21:02:36Z,is_foreign,0,bool,fda.inspections.drugs,raw/fda.inspections.drugs/2026/09/20260907T210236Z-954bbebd51db.json.gz,1
fda.inspections.drugs,firm:3030155010,2024-03-05,2026-09-07T21:02:36Z,is_oai,0,bool,fda.inspections.drugs,raw/fda.inspections.drugs/2026/09/20260907T210236Z-954bbebd51db.json.gz,1
fda.inspections.drugs,firm:3030155010,2024-03-05,2026-09-07T21:02:36Z,label,"Jonathan Cotliar, M.D.",,fda.inspections.drugs,raw/fda.inspections.drugs/2026/09/20260907T210236Z-954bbebd51db.json.gz,1
fda.inspections.drugs,firm:3030196533,2024-03-18,2026-09-07T21:02:36Z,classification,0,ordinal,fda.inspections.drugs,raw/fda.inspections.drugs/2026/09/20260907T210236Z-954bbebd51db.json.gz,1
fda.inspections.drugs,firm:3030196533,2024-03-18,2026-09-07T21:02:36Z,firm_key,PEDRO O MARTINEZ CLARK M D,,fda.inspections.drugs,raw/fda.inspections.drugs/2026/09/20260907T210236Z-954bbebd51db.json.gz,1
fda.inspections.drugs,firm:3030196533,2024-03-18,2026-09-07T21:02:36Z,inspected,1,count,fda.inspections.drugs,raw/fda.inspections.drugs/2026/09/20260907T210236Z-954bbebd51db.json.gz,1
fda.inspections.drugs,firm:3030196533,2024-03-18,2026-09-07T21:02:36Z,inspection_end,20240318,yyyymmdd,fda.inspections.drugs,raw/fda.inspections.drugs/2026/09/20260907T210236Z-954bbebd51db.json.gz,1
fda.inspections.drugs,firm:3030196533,2024-03-18,2026-09-07T21:02:36Z,is_foreign,0,bool,fda.inspections.drugs,raw/fda.inspections.drugs/2026/09/20260907T210236Z-954bbebd51db.json.gz,1
fda.inspections.drugs,firm:3030196533,2024-03-18,2026-09-07T21:02:36Z,is_oai,0,bool,fda.inspections.drugs,raw/fda.inspections.drugs/2026/09/20260907T210236Z-954bbebd51db.json.gz,1
fda.inspections.drugs,firm:3030196533,2024-03-18,2026-09-07T21:02:36Z,label,"Pedro O. Martinez Clark, M.D.",,fda.inspections.drugs,raw/fda.inspections.drugs/2026/09/20260907T210236Z-954bbebd51db.json.gz,1
fda.inspections.drugs,firm:3030265400,2024-03-08,2026-09-07T21:02:36Z,classification,0,ordinal,fda.inspections.drugs,raw/fda.inspections.drugs/2026/09/20260907T210236Z-954bbebd51db.json.gz,1
fda.inspections.drugs,firm:3030265400,2024-03-08,2026-09-07T21:02:36Z,firm_key,PROF DAE HO LEE,,fda.inspections.drugs,raw/fda.inspections.drugs/2026/09/20260907T210236Z-954bbebd51db.json.gz,1
fda.inspections.drugs,firm:3030265400,2024-03-08,2026-09-07T21:02:36Z,inspected,1,count,fda.inspections.drugs,raw/fda.inspections.drugs/2026/09/20260907T210236Z-954bbebd51db.json.gz,1
fda.inspections.drugs,firm:3030265400,2024-03-08,2026-09-07T21:02:36Z,inspection_end,20240308,yyyymmdd,fda.inspections.drugs,raw/fda.inspections.drugs/2026/09/20260907T210236Z-954bbebd51db.json.gz,1
fda.inspections.drugs,firm:3030265400,2024-03-08,2026-09-07T21:02:36Z,is_foreign,1,bool,fda.inspections.drugs,raw/fda.inspections.drugs/2026/09/20260907T210236Z-954bbebd51db.json.gz,1
fda.inspections.drugs,firm:3030265400,2024-03-08,2026-09-07T21:02:36Z,is_oai,0,bool,fda.inspections.drugs,raw/fda.inspections.drugs/2026/09/20260907T210236Z-954bbebd51db.json.gz,1
fda.inspections.drugs,firm:3030265400,2024-03-08,2026-09-07T21:02:36Z,label,Prof. Dae Ho Lee,,fda.inspections.drugs,raw/fda.inspections.drugs/2026/09/20260907T210236Z-954bbebd51db.json.gz,1
fda.inspections.drugs,firm:3030265877,2024-03-15,2026-09-07T21:02:36Z,classification,1,ordinal,fda.inspections.drugs,raw/fda.inspections.drugs/2026/09/20260907T210236Z-954bbebd51db.json.gz,1
fda.inspections.drugs,firm:3030265877,2024-03-15,2026-09-07T21:02:36Z,firm_key,PROFESSOR JIN SEOK AHN,,fda.inspections.drugs,raw/fda.inspections.drugs/2026/09/20260907T210236Z-954bbebd51db.json.gz,1
fda.inspections.drugs,firm:3030265877,2024-03-15,2026-09-07T21:02:36Z,inspected,1,count,fda.inspections.drugs,raw/fda.inspections.drugs/2026/09/20260907T210236Z-954bbebd51db.json.gz,1
fda.inspections.drugs,firm:3030265877,2024-03-15,2026-09-07T21:02:36Z,inspection_end,20240315,yyyymmdd,fda.inspections.drugs,raw/fda.inspections.drugs/2026/09/20260907T210236Z-954bbebd51db.json.gz,1
fda.inspections.drugs,firm:3030265877,2024-03-15,2026-09-07T21:02:36Z,is_foreign,1,bool,fda.inspections.drugs,raw/fda.inspections.drugs/2026/09/20260907T210236Z-954bbebd51db.json.gz,1
fda.inspections.drugs,firm:3030265877,2024-03-15,2026-09-07T21:02:36Z,is_oai,0,bool,fda.inspections.drugs,raw/fda.inspections.drugs/2026/09/20260907T210236Z-954bbebd51db.json.gz,1
fda.inspections.drugs,firm:3030265877,2024-03-15,2026-09-07T21:02:36Z,label,Professor Jin Seok Ahn,,fda.inspections.drugs,raw/fda.inspections.drugs/2026/09/20260907T210236Z-954bbebd51db.json.gz,1
fda.inspections.drugs,firm:3030296974,2024-03-26,2026-09-07T21:02:36Z,classification,1,ordinal,fda.inspections.drugs,raw/fda.inspections.drugs/2026/09/20260907T210236Z-954bbebd51db.json.gz,1
fda.inspections.drugs,firm:3030296974,2024-03-26,2026-09-07T21:02:36Z,firm_key,YASIR Y ELAMIN M D,,fda.inspections.drugs,raw/fda.inspections.drugs/2026/09/20260907T210236Z-954bbebd51db.json.gz,1
fda.inspections.drugs,firm:3030296974,2024-03-26,2026-09-07T21:02:36Z,inspected,1,count,fda.inspections.drugs,raw/fda.inspections.drugs/2026/09/20260907T210236Z-954bbebd51db.json.gz,1
fda.inspections.drugs,firm:3030296974,2024-03-26,2026-09-07T21:02:36Z,inspection_end,20240326,yyyymmdd,fda.inspections.drugs,raw/fda.inspections.drugs/2026/09/20260907T210236Z-954bbebd51db.json.gz,1
fda.inspections.drugs,firm:3030296974,2024-03-26,2026-09-07T21:02:36Z,is_foreign,0,bool,fda.inspections.drugs,raw/fda.inspections.drugs/2026/09/20260907T210236Z-954bbebd51db.json.gz,1
fda.inspections.drugs,firm:3030296974,2024-03-26,2026-09-07T21:02:36Z,is_oai,0,bool,fda.inspections.drugs,raw/fda.inspections.drugs/2026/09/20260907T210236Z-954bbebd51db.json.gz,1
fda.inspections.drugs,firm:3030296974,2024-03-26,2026-09-07T21:02:36Z,label,"Yasir Y. Elamin, M.D.",,fda.inspections.drugs,raw/fda.inspections.drugs/2026/09/20260907T210236Z-954bbebd51db.json.gz,1
fda.inspections.drugs,firm:3030306472,2024-03-22,2026-09-07T21:02:36Z,classification,0,ordinal,fda.inspections.drugs,raw/fda.inspections.drugs/2026/09/20260907T210236Z-954bbebd51db.json.gz,1
fda.inspections.drugs,firm:3030306472,2024-03-22,2026-09-07T21:02:36Z,firm_key,ALEJANDRA M VILLAMIL M D,,fda.inspections.drugs,raw/fda.inspections.drugs/2026/09/20260907T210236Z-954bbebd51db.json.gz,1
fda.inspections.drugs,firm:3030306472,2024-03-22,2026-09-07T21:02:36Z,inspected,1,count,fda.inspections.drugs,raw/fda.inspections.drugs/2026/09/20260907T210236Z-954bbebd51db.json.gz,1
fda.inspections.drugs,firm:3030306472,2024-03-22,2026-09-07T21:02:36Z,inspection_end,20240322,yyyymmdd,fda.inspections.drugs,raw/fda.inspections.drugs/2026/09/20260907T210236Z-954bbebd51db.json.gz,1
fda.inspections.drugs,firm:3030306472,2024-03-22,2026-09-07T21:02:36Z,is_foreign,1,bool,fda.inspections.drugs,raw/fda.inspections.drugs/2026/09/20260907T210236Z-954bbebd51db.json.gz,1
fda.inspections.drugs,firm:3030306472,2024-03-22,2026-09-07T21:02:36Z,is_oai,0,bool,fda.inspections.drugs,raw/fda.inspections.drugs/2026/09/20260907T210236Z-954bbebd51db.json.gz,1
fda.inspections.drugs,firm:3030306472,2024-03-22,2026-09-07T21:02:36Z,label,"Alejandra M. Villamil, M.D.",,fda.inspections.drugs,raw/fda.inspections.drugs/2026/09/20260907T210236Z-954bbebd51db.json.gz,1
fda.inspections.drugs,firm:3030354904,2024-03-08,2026-09-07T21:02:36Z,classification,1,ordinal,fda.inspections.drugs,raw/fda.inspections.drugs/2026/09/20260907T210236Z-954bbebd51db.json.gz,1
fda.inspections.drugs,firm:3030354904,2024-03-08,2026-09-07T21:02:36Z,firm_key,SAGAR PARIKH M D,,fda.inspections.drugs,raw/fda.inspections.drugs/2026/09/20260907T210236Z-954bbebd51db.json.gz,1
fda.inspections.drugs,firm:3030354904,2024-03-08,2026-09-07T21:02:36Z,inspected,1,count,fda.inspections.drugs,raw/fda.inspections.drugs/2026/09/20260907T210236Z-954bbebd51db.json.gz,1
fda.inspections.drugs,firm:3030354904,2024-03-08,2026-09-07T21:02:36Z,inspection_end,20240308,yyyymmdd,fda.inspections.drugs,raw/fda.inspections.drugs/2026/09/20260907T210236Z-954bbebd51db.json.gz,1
fda.inspections.drugs,firm:3030354904,2024-03-08,2026-09-07T21:02:36Z,is_foreign,0,bool,fda.inspections.drugs,raw/fda.inspections.drugs/2026/09/20260907T210236Z-954bbebd51db.json.gz,1
fda.inspections.drugs,firm:3030354904,2024-03-08,2026-09-07T21:02:36Z,is_oai,0,bool,fda.inspections.drugs,raw/fda.inspections.drugs/2026/09/20260907T210236Z-954bbebd51db.json.gz,1
fda.inspections.drugs,firm:3030354904,2024-03-08,2026-09-07T21:02:36Z,label,"Sagar Parikh, M.D.",,fda.inspections.drugs,raw/fda.inspections.drugs/2026/09/20260907T210236Z-954bbebd51db.json.gz,1
fda.inspections.drugs,firm:3030354908,2024-03-15,2026-09-07T21:02:36Z,classification,1,ordinal,fda.inspections.drugs,raw/fda.inspections.drugs/2026/09/20260907T210236Z-954bbebd51db.json.gz,1
fda.inspections.drugs,firm:3030354908,2024-03-15,2026-09-07T21:02:36Z,firm_key,WAEL GARAS M D,,fda.inspections.drugs,raw/fda.inspections.drugs/2026/09/20260907T210236Z-954bbebd51db.json.gz,1
fda.inspections.drugs,firm:3030354908,2024-03-15,2026-09-07T21:02:36Z,inspected,1,count,fda.inspections.drugs,raw/fda.inspections.drugs/2026/09/20260907T210236Z-954bbebd51db.json.gz,1
fda.inspections.drugs,firm:3030354908,2024-03-15,2026-09-07T21:02:36Z,inspection_end,20240315,yyyymmdd,fda.inspections.drugs,raw/fda.inspections.drugs/2026/09/20260907T210236Z-954bbebd51db.json.gz,1
fda.inspections.drugs,firm:3030354908,2024-03-15,2026-09-07T21:02:36Z,is_foreign,0,bool,fda.inspections.drugs,raw/fda.inspections.drugs/2026/09/20260907T210236Z-954bbebd51db.json.gz,1
fda.inspections.drugs,firm:3030354908,2024-03-15,2026-09-07T21:02:36Z,is_oai,0,bool,fda.inspections.drugs,raw/fda.inspections.drugs/2026/09/20260907T210236Z-954bbebd51db.json.gz,1
fda.inspections.drugs,firm:3030354908,2024-03-15,2026-09-07T21:02:36Z,label,"Wael Garas, M.D.",,fda.inspections.drugs,raw/fda.inspections.drugs/2026/09/20260907T210236Z-954bbebd51db.json.gz,1
fda.inspections.drugs,firm:3030354914,2024-03-13,2026-09-07T21:02:36Z,classification,0,ordinal,fda.inspections.drugs,raw/fda.inspections.drugs/2026/09/20260907T210236Z-954bbebd51db.json.gz,1
fda.inspections.drugs,firm:3030354914,2024-03-13,2026-09-07T21:02:36Z,firm_key,COLE MARTA M D,,fda.inspections.drugs,raw/fda.inspections.drugs/2026/09/20260907T210236Z-954bbebd51db.json.gz,1
fda.inspections.drugs,firm:3030354914,2024-03-13,2026-09-07T21:02:36Z,inspected,1,count,fda.inspections.drugs,raw/fda.inspections.drugs/2026/09/20260907T210236Z-954bbebd51db.json.gz,1
fda.inspections.drugs,firm:3030354914,2024-03-13,2026-09-07T21:02:36Z,inspection_end,20240313,yyyymmdd,fda.inspections.drugs,raw/fda.inspections.drugs/2026/09/20260907T210236Z-954bbebd51db.json.gz,1
fda.inspections.drugs,firm:3030354914,2024-03-13,2026-09-07T21:02:36Z,is_foreign,0,bool,fda.inspections.drugs,raw/fda.inspections.drugs/2026/09/20260907T210236Z-954bbebd51db.json.gz,1
fda.inspections.drugs,firm:3030354914,2024-03-13,2026-09-07T21:02:36Z,is_oai,0,bool,fda.inspections.drugs,raw/fda.inspections.drugs/2026/09/20260907T210236Z-954bbebd51db.json.gz,1
fda.inspections.drugs,firm:3030354914,2024-03-13,2026-09-07T21:02:36Z,label,"Cole Marta, M.D.",,fda.inspections.drugs,raw/fda.inspections.drugs/2026/09/20260907T210236Z-954bbebd51db.json.gz,1
fda.inspections.drugs,firm:3030357100,2024-03-22,2026-09-07T21:02:36Z,classification,0,ordinal,fda.inspections.drugs,raw/fda.inspections.drugs/2026/09/20260907T210236Z-954bbebd51db.json.gz,1
fda.inspections.drugs,firm:3030357100,2024-03-22,2026-09-07T21:02:36Z,firm_key,RAYMUNDO GARCIA REZA M D,,fda.inspections.drugs,raw/fda.inspections.drugs/2026/09/20260907T210236Z-954bbebd51db.json.gz,1
fda.inspections.drugs,firm:3030357100,2024-03-22,2026-09-07T21:02:36Z,inspected,1,count,fda.inspections.drugs,raw/fda.inspections.drugs/2026/09/20260907T210236Z-954bbebd51db.json.gz,1
fda.inspections.drugs,firm:3030357100,2024-03-22,2026-09-07T21:02:36Z,inspection_end,20240322,yyyymmdd,fda.inspections.drugs,raw/fda.inspections.drugs/2026/09/20260907T210236Z-954bbebd51db.json.gz,1
fda.inspections.drugs,firm:3030357100,2024-03-22,2026-09-07T21:02:36Z,is_foreign,1,bool,fda.inspections.drugs,raw/fda.inspections.drugs/2026/09/20260907T210236Z-954bbebd51db.json.gz,1
fda.inspections.drugs,firm:3030357100,2024-03-22,2026-09-07T21:02:36Z,is_oai,0,bool,fda.inspections.drugs,raw/fda.inspections.drugs/2026/09/20260907T210236Z-954bbebd51db.json.gz,1
fda.inspections.drugs,firm:3030357100,2024-03-22,2026-09-07T21:02:36Z,label,"Raymundo Garcia Reza, M.D.",,fda.inspections.drugs,raw/fda.inspections.drugs/2026/09/20260907T210236Z-954bbebd51db.json.gz,1
fda.inspections.drugs,firm:3030357141,2024-03-21,2026-09-07T21:02:36Z,classification,0,ordinal,fda.inspections.drugs,raw/fda.inspections.drugs/2026/09/20260907T210236Z-954bbebd51db.json.gz,1
fda.inspections.drugs,firm:3030357141,2024-03-21,2026-09-07T21:02:36Z,firm_key,EDWARD CZERWINSKI MD PHD,,fda.inspections.drugs,raw/fda.inspections.drugs/2026/09/20260907T210236Z-954bbebd51db.json.gz,1
fda.inspections.drugs,firm:3030357141,2024-03-21,2026-09-07T21:02:36Z,inspected,1,count,fda.inspections.drugs,raw/fda.inspections.drugs/2026/09/20260907T210236Z-954bbebd51db.json.gz,1
fda.inspections.drugs,firm:3030357141,2024-03-21,2026-09-07T21:02:36Z,inspection_end,20240321,yyyymmdd,fda.inspections.drugs,raw/fda.inspections.drugs/2026/09/20260907T210236Z-954bbebd51db.json.gz,1
fda.inspections.drugs,firm:3030357141,2024-03-21,2026-09-07T21:02:36Z,is_foreign,1,bool,fda.inspections.drugs,raw/fda.inspections.drugs/2026/09/20260907T210236Z-954bbebd51db.json.gz,1
fda.inspections.drugs,firm:3030357141,2024-03-21,2026-09-07T21:02:36Z,is_oai,0,bool,fda.inspections.drugs,raw/fda.inspections.drugs/2026/09/20260907T210236Z-954bbebd51db.json.gz,1
fda.inspections.drugs,firm:3030357141,2024-03-21,2026-09-07T21:02:36Z,label,"Edward Czerwinski, MD, PhD",,fda.inspections.drugs,raw/fda.inspections.drugs/2026/09/20260907T210236Z-954bbebd51db.json.gz,1
fda.inspections.drugs,firm:3030357328,2024-03-22,2026-09-07T21:02:36Z,classification,0,ordinal,fda.inspections.drugs,raw/fda.inspections.drugs/2026/09/20260907T210236Z-954bbebd51db.json.gz,1
fda.inspections.drugs,firm:3030357328,2024-03-22,2026-09-07T21:02:36Z,firm_key,AUDRE LEE JONES DO,,fda.inspections.drugs,raw/fda.inspections.drugs/2026/09/20260907T210236Z-954bbebd51db.json.gz,1
fda.inspections.drugs,firm:3030357328,2024-03-22,2026-09-07T21:02:36Z,inspected,1,count,fda.inspections.drugs,raw/fda.inspections.drugs/2026/09/20260907T210236Z-954bbebd51db.json.gz,1
fda.inspections.drugs,firm:3030357328,2024-03-22,2026-09-07T21:02:36Z,inspection_end,20240322,yyyymmdd,fda.inspections.drugs,raw/fda.inspections.drugs/2026/09/20260907T210236Z-954bbebd51db.json.gz,1
fda.inspections.drugs,firm:3030357328,2024-03-22,2026-09-07T21:02:36Z,is_foreign,0,bool,fda.inspections.drugs,raw/fda.inspections.drugs/2026/09/20260907T210236Z-954bbebd51db.json.gz,1
fda.inspections.drugs,firm:3030357328,2024-03-22,2026-09-07T21:02:36Z,is_oai,0,bool,fda.inspections.drugs,raw/fda.inspections.drugs/2026/09/20260907T210236Z-954bbebd51db.json.gz,1
fda.inspections.drugs,firm:3030357328,2024-03-22,2026-09-07T21:02:36Z,label,"Audre Lee Jones, DO",,fda.inspections.drugs,raw/fda.inspections.drugs/2026/09/20260907T210236Z-954bbebd51db.json.gz,1
fda.inspections.drugs,firm:3030371219,2024-03-15,2026-09-07T21:02:36Z,classification,0,ordinal,fda.inspections.drugs,raw/fda.inspections.drugs/2026/09/20260907T210236Z-954bbebd51db.json.gz,1
fda.inspections.drugs,firm:3030371219,2024-03-15,2026-09-07T21:02:36Z,firm_key,KRZYSZTOF BANASZKIEWICZ MD PHD,,fda.inspections.drugs,raw/fda.inspections.drugs/2026/09/20260907T210236Z-954bbebd51db.json.gz,1
fda.inspections.drugs,firm:3030371219,2024-03-15,2026-09-07T21:02:36Z,inspected,1,count,fda.inspections.drugs,raw/fda.inspections.drugs/2026/09/20260907T210236Z-954bbebd51db.json.gz,1
fda.inspections.drugs,firm:3030371219,2024-03-15,2026-09-07T21:02:36Z,inspection_end,20240315,yyyymmdd,fda.inspections.drugs,raw/fda.inspections.drugs/2026/09/20260907T210236Z-954bbebd51db.json.gz,1
fda.inspections.drugs,firm:3030371219,2024-03-15,2026-09-07T21:02:36Z,is_foreign,1,bool,fda.inspections.drugs,raw/fda.inspections.drugs/2026/09/20260907T210236Z-954bbebd51db.json.gz,1
fda.inspections.drugs,firm:3030371219,2024-03-15,2026-09-07T21:02:36Z,is_oai,0,bool,fda.inspections.drugs,raw/fda.inspections.drugs/2026/09/20260907T210236Z-954bbebd51db.json.gz,1
fda.inspections.drugs,firm:3030371219,2024-03-15,2026-09-07T21:02:36Z,label,"Krzysztof Banaszkiewicz, MD, PhD",,fda.inspections.drugs,raw/fda.inspections.drugs/2026/09/20260907T210236Z-954bbebd51db.json.gz,1
fda.inspections.drugs,firm:3030385827,2024-03-06,2026-09-07T21:02:36Z,classification,0,ordinal,fda.inspections.drugs,raw/fda.inspections.drugs/2026/09/20260907T210236Z-954bbebd51db.json.gz,1
fda.inspections.drugs,firm:3030385827,2024-03-06,2026-09-07T21:02:36Z,firm_key,JORGE PAOLI BRUNO M D,,fda.inspections.drugs,raw/fda.inspections.drugs/2026/09/20260907T210236Z-954bbebd51db.json.gz,1
fda.inspections.drugs,firm:3030385827,2024-03-06,2026-09-07T21:02:36Z,inspected,1,count,fda.inspections.drugs,raw/fda.inspections.drugs/2026/09/20260907T210236Z-954bbebd51db.json.gz,1
fda.inspections.drugs,firm:3030385827,2024-03-06,2026-09-07T21:02:36Z,inspection_end,20240306,yyyymmdd,fda.inspections.drugs,raw/fda.inspections.drugs/2026/09/20260907T210236Z-954bbebd51db.json.gz,1
fda.inspections.drugs,firm:3030385827,2024-03-06,2026-09-07T21:02:36Z,is_foreign,0,bool,fda.inspections.drugs,raw/fda.inspections.drugs/2026/09/20260907T210236Z-954bbebd51db.json.gz,1
fda.inspections.drugs,firm:3030385827,2024-03-06,2026-09-07T21:02:36Z,is_oai,0,bool,fda.inspections.drugs,raw/fda.inspections.drugs/2026/09/20260907T210236Z-954bbebd51db.json.gz,1
fda.inspections.drugs,firm:3030385827,2024-03-06,2026-09-07T21:02:36Z,label,"Jorge Paoli-Bruno, M.D.",,fda.inspections.drugs,raw/fda.inspections.drugs/2026/09/20260907T210236Z-954bbebd51db.json.gz,1
fda.inspections.drugs,firm:3030392429,2024-03-01,2026-09-07T21:02:36Z,classification,1,ordinal,fda.inspections.drugs,raw/fda.inspections.drugs/2026/09/20260907T210236Z-954bbebd51db.json.gz,1
fda.inspections.drugs,firm:3030392429,2024-03-01,2026-09-07T21:02:36Z,firm_key,MARCELO V NEGRAO M D,,fda.inspections.drugs,raw/fda.inspections.drugs/2026/09/20260907T210236Z-954bbebd51db.json.gz,1
fda.inspections.drugs,firm:3030392429,2024-03-01,2026-09-07T21:02:36Z,inspected,1,count,fda.inspections.drugs,raw/fda.inspections.drugs/2026/09/20260907T210236Z-954bbebd51db.json.gz,1
fda.inspections.drugs,firm:3030392429,2024-03-01,2026-09-07T21:02:36Z,inspection_end,20240301,yyyymmdd,fda.inspections.drugs,raw/fda.inspections.drugs/2026/09/20260907T210236Z-954bbebd51db.json.gz,1
fda.inspections.drugs,firm:3030392429,2024-03-01,2026-09-07T21:02:36Z,is_foreign,0,bool,fda.inspections.drugs,raw/fda.inspections.drugs/2026/09/20260907T210236Z-954bbebd51db.json.gz,1
fda.inspections.drugs,firm:3030392429,2024-03-01,2026-09-07T21:02:36Z,is_oai,0,bool,fda.inspections.drugs,raw/fda.inspections.drugs/2026/09/20260907T210236Z-954bbebd51db.json.gz,1
fda.inspections.drugs,firm:3030392429,2024-03-01,2026-09-07T21:02:36Z,label,"Marcelo V. Negrao, M.D.",,fda.inspections.drugs,raw/fda.inspections.drugs/2026/09/20260907T210236Z-954bbebd51db.json.gz,1
fda.inspections.drugs,firm:3030405874,2024-03-22,2026-09-07T21:02:36Z,classification,0,ordinal,fda.inspections.drugs,raw/fda.inspections.drugs/2026/09/20260907T210236Z-954bbebd51db.json.gz,1
fda.inspections.drugs,firm:3030405874,2024-03-22,2026-09-07T21:02:36Z,firm_key,YVES DAUVILLIERS M D PH D,,fda.inspections.drugs,raw/fda.inspections.drugs/2026/09/20260907T210236Z-954bbebd51db.json.gz,1
fda.inspections.drugs,firm:3030405874,2024-03-22,2026-09-07T21:02:36Z,inspected,1,count,fda.inspections.drugs,raw/fda.inspections.drugs/2026/09/20260907T210236Z-954bbebd51db.json.gz,1
fda.inspections.drugs,firm:3030405874,2024-03-22,2026-09-07T21:02:36Z,inspection_end,20240322,yyyymmdd,fda.inspections.drugs,raw/fda.inspections.drugs/2026/09/20260907T210236Z-954bbebd51db.json.gz,1
fda.inspections.drugs,firm:3030405874,2024-03-22,2026-09-07T21:02:36Z,is_foreign,1,bool,fda.inspections.drugs,raw/fda.inspections.drugs/2026/09/20260907T210236Z-954bbebd51db.json.gz,1
fda.inspections.drugs,firm:3030405874,2024-03-22,2026-09-07T21:02:36Z,is_oai,0,bool,fda.inspections.drugs,raw/fda.inspections.drugs/2026/09/20260907T210236Z-954bbebd51db.json.gz,1
fda.inspections.drugs,firm:3030405874,2024-03-22,2026-09-07T21:02:36Z,label,"Yves Dauvilliers, M.D., Ph.D.",,fda.inspections.drugs,raw/fda.inspections.drugs/2026/09/20260907T210236Z-954bbebd51db.json.gz,1
fda.inspections.drugs,firm:3030408269,2024-03-06,2026-09-07T21:02:36Z,classification,1,ordinal,fda.inspections.drugs,raw/fda.inspections.drugs/2026/09/20260907T210236Z-954bbebd51db.json.gz,1
fda.inspections.drugs,firm:3030408269,2024-03-06,2026-09-07T21:02:36Z,firm_key,SALLY ARAI M D,,fda.inspections.drugs,raw/fda.inspections.drugs/2026/09/20260907T210236Z-954bbebd51db.json.gz,1
fda.inspections.drugs,firm:3030408269,2024-03-06,2026-09-07T21:02:36Z,inspected,1,count,fda.inspections.drugs,raw/fda.inspections.drugs/2026/09/20260907T210236Z-954bbebd51db.json.gz,1
fda.inspections.drugs,firm:3030408269,2024-03-06,2026-09-07T21:02:36Z,inspection_end,20240306,yyyymmdd,fda.inspections.drugs,raw/fda.inspections.drugs/2026/09/20260907T210236Z-954bbebd51db.json.gz,1
fda.inspections.drugs,firm:3030408269,2024-03-06,2026-09-07T21:02:36Z,is_foreign,0,bool,fda.inspections.drugs,raw/fda.inspections.drugs/2026/09/20260907T210236Z-954bbebd51db.json.gz,1
fda.inspections.drugs,firm:3030408269,2024-03-06,2026-09-07T21:02:36Z,is_oai,0,bool,fda.inspections.drugs,raw/fda.inspections.drugs/2026/09/20260907T210236Z-954bbebd51db.json.gz,1
fda.inspections.drugs,firm:3030408269,2024-03-06,2026-09-07T21:02:36Z,label,"Sally Arai, M.D.",,fda.inspections.drugs,raw/fda.inspections.drugs/2026/09/20260907T210236Z-954bbebd51db.json.gz,1
fda.inspections.drugs,firm:3030408271,2024-03-28,2026-09-07T21:02:36Z,classification,1,ordinal,fda.inspections.drugs,raw/fda.inspections.drugs/2026/09/20260907T210236Z-954bbebd51db.json.gz,1
fda.inspections.drugs,firm:3030408271,2024-03-28,2026-09-07T21:02:36Z,firm_key,PAUL F LA PORTE M D,,fda.inspections.drugs,raw/fda.inspections.drugs/2026/09/20260907T210236Z-954bbebd51db.json.gz,1
fda.inspections.drugs,firm:3030408271,2024-03-28,2026-09-07T21:02:36Z,inspected,1,count,fda.inspections.drugs,raw/fda.inspections.drugs/2026/09/20260907T210236Z-954bbebd51db.json.gz,1
fda.inspections.drugs,firm:3030408271,2024-03-28,2026-09-07T21:02:36Z,inspection_end,20240328,yyyymmdd,fda.inspections.drugs,raw/fda.inspections.drugs/2026/09/20260907T210236Z-954bbebd51db.json.gz,1
fda.inspections.drugs,firm:3030408271,2024-03-28,2026-09-07T21:02:36Z,is_foreign,0,bool,fda.inspections.drugs,raw/fda.inspections.drugs/2026/09/20260907T210236Z-954bbebd51db.json.gz,1
fda.inspections.drugs,firm:3030408271,2024-03-28,2026-09-07T21:02:36Z,is_oai,0,bool,fda.inspections.drugs,raw/fda.inspections.drugs/2026/09/20260907T210236Z-954bbebd51db.json.gz,1
fda.inspections.drugs,firm:3030408271,2024-03-28,2026-09-07T21:02:36Z,label,"Paul F. La Porte, M.D.",,fda.inspections.drugs,raw/fda.inspections.drugs/2026/09/20260907T210236Z-954bbebd51db.json.gz,1
fda.inspections.drugs,firm:3030421408,2024-03-14,2026-09-07T21:02:36Z,classification,0,ordinal,fda.inspections.drugs,raw/fda.inspections.drugs/2026/09/20260907T210236Z-954bbebd51db.json.gz,1
fda.inspections.drugs,firm:3030421408,2024-03-14,2026-09-07T21:02:36Z,firm_key,GHAYAS ISSA M D,,fda.inspections.drugs,raw/fda.inspections.drugs/2026/09/20260907T210236Z-954bbebd51db.json.gz,1
fda.inspections.drugs,firm:3030421408,2024-03-14,2026-09-07T21:02:36Z,inspected,1,count,fda.inspections.drugs,raw/fda.inspections.drugs/2026/09/20260907T210236Z-954bbebd51db.json.gz,1
fda.inspections.drugs,firm:3030421408,2024-03-14,2026-09-07T21:02:36Z,inspection_end,20240314,yyyymmdd,fda.inspections.drugs,raw/fda.inspections.drugs/2026/09/20260907T210236Z-954bbebd51db.json.gz,1
fda.inspections.drugs,firm:3030421408,2024-03-14,2026-09-07T21:02:36Z,is_foreign,0,bool,fda.inspections.drugs,raw/fda.inspections.drugs/2026/09/20260907T210236Z-954bbebd51db.json.gz,1
fda.inspections.drugs,firm:3030421408,2024-03-14,2026-09-07T21:02:36Z,is_oai,0,bool,fda.inspections.drugs,raw/fda.inspections.drugs/2026/09/20260907T210236Z-954bbebd51db.json.gz,1
fda.inspections.drugs,firm:3030421408,2024-03-14,2026-09-07T21:02:36Z,label,"Ghayas Issa, M.D.",,fda.inspections.drugs,raw/fda.inspections.drugs/2026/09/20260907T210236Z-954bbebd51db.json.gz,1
fda.inspections.drugs,firm:3030428703,2024-03-21,2026-09-07T21:02:36Z,classification,0,ordinal,fda.inspections.drugs,raw/fda.inspections.drugs/2026/09/20260907T210236Z-954bbebd51db.json.gz,1
fda.inspections.drugs,firm:3030428703,2024-03-21,2026-09-07T21:02:36Z,firm_key,KATHERINE PETERS M D,,fda.inspections.drugs,raw/fda.inspections.drugs/2026/09/20260907T210236Z-954bbebd51db.json.gz,1
fda.inspections.drugs,firm:3030428703,2024-03-21,2026-09-07T21:02:36Z,inspected,1,count,fda.inspections.drugs,raw/fda.inspections.drugs/2026/09/20260907T210236Z-954bbebd51db.json.gz,1
fda.inspections.drugs,firm:3030428703,2024-03-21,2026-09-07T21:02:36Z,inspection_end,20240321,yyyymmdd,fda.inspections.drugs,raw/fda.inspections.drugs/2026/09/20260907T210236Z-954bbebd51db.json.gz,1
fda.inspections.drugs,firm:3030428703,2024-03-21,2026-09-07T21:02:36Z,is_foreign,0,bool,fda.inspections.drugs,raw/fda.inspections.drugs/2026/09/20260907T210236Z-954bbebd51db.json.gz,1
fda.inspections.drugs,firm:3030428703,2024-03-21,2026-09-07T21:02:36Z,is_oai,0,bool,fda.inspections.drugs,raw/fda.inspections.drugs/2026/09/20260907T210236Z-954bbebd51db.json.gz,1
fda.inspections.drugs,firm:3030428703,2024-03-21,2026-09-07T21:02:36Z,label,"Katherine Peters, M.D.",,fda.inspections.drugs,raw/fda.inspections.drugs/2026/09/20260907T210236Z-954bbebd51db.json.gz,1
fda.inspections.drugs,firm:3030428705,2024-03-11,2026-09-07T21:02:36Z,classification,0,ordinal,fda.inspections.drugs,raw/fda.inspections.drugs/2026/09/20260907T210236Z-954bbebd51db.json.gz,1
fda.inspections.drugs,firm:3030428705,2024-03-11,2026-09-07T21:02:36Z,firm_key,TIMOTHY F CLOUGHESY M D,,fda.inspections.drugs,raw/fda.inspections.drugs/2026/09/20260907T210236Z-954bbebd51db.json.gz,1
fda.inspections.drugs,firm:3030428705,2024-03-11,2026-09-07T21:02:36Z,inspected,1,count,fda.inspections.drugs,raw/fda.inspections.drugs/2026/09/20260907T210236Z-954bbebd51db.json.gz,1
fda.inspections.drugs,firm:3030428705,2024-03-11,2026-09-07T21:02:36Z,inspection_end,20240311,yyyymmdd,fda.inspections.drugs,raw/fda.inspections.drugs/2026/09/20260907T210236Z-954bbebd51db.json.gz,1
fda.inspections.drugs,firm:3030428705,2024-03-11,2026-09-07T21:02:36Z,is_foreign,0,bool,fda.inspections.drugs,raw/fda.inspections.drugs/2026/09/20260907T210236Z-954bbebd51db.json.gz,1
fda.inspections.drugs,firm:3030428705,2024-03-11,2026-09-07T21:02:36Z,is_oai,0,bool,fda.inspections.drugs,raw/fda.inspections.drugs/2026/09/20260907T210236Z-954bbebd51db.json.gz,1
fda.inspections.drugs,firm:3030428705,2024-03-11,2026-09-07T21:02:36Z,label,"Timothy F. Cloughesy, M.D.",,fda.inspections.drugs,raw/fda.inspections.drugs/2026/09/20260907T210236Z-954bbebd51db.json.gz,1
fda.inspections.drugs,firm:3030428706,2024-03-22,2026-09-07T21:02:36Z,classification,0,ordinal,fda.inspections.drugs,raw/fda.inspections.drugs/2026/09/20260907T210236Z-954bbebd51db.json.gz,1
fda.inspections.drugs,firm:3030428706,2024-03-22,2026-09-07T21:02:36Z,firm_key,JOE S MENDEZ M D,,fda.inspections.drugs,raw/fda.inspections.drugs/2026/09/20260907T210236Z-954bbebd51db.json.gz,1
fda.inspections.drugs,firm:3030428706,2024-03-22,2026-09-07T21:02:36Z,inspected,1,count,fda.inspections.drugs,raw/fda.inspections.drugs/2026/09/20260907T210236Z-954bbebd51db.json.gz,1
fda.inspections.drugs,firm:3030428706,2024-03-22,2026-09-07T21:02:36Z,inspection_end,20240322,yyyymmdd,fda.inspections.drugs,raw/fda.inspections.drugs/2026/09/20260907T210236Z-954bbebd51db.json.gz,1
fda.inspections.drugs,firm:3030428706,2024-03-22,2026-09-07T21:02:36Z,is_foreign,0,bool,fda.inspections.drugs,raw/fda.inspections.drugs/2026/09/20260907T210236Z-954bbebd51db.json.gz,1
fda.inspections.drugs,firm:3030428706,2024-03-22,2026-09-07T21:02:36Z,is_oai,0,bool,fda.inspections.drugs,raw/fda.inspections.drugs/2026/09/20260907T210236Z-954bbebd51db.json.gz,1
fda.inspections.drugs,firm:3030428706,2024-03-22,2026-09-07T21:02:36Z,label,"Joe S Mendez, M.D.",,fda.inspections.drugs,raw/fda.inspections.drugs/2026/09/20260907T210236Z-954bbebd51db.json.gz,1
fda.inspections.drugs,firm:3030432415,2024-03-15,2026-09-07T21:02:36Z,classification,0,ordinal,fda.inspections.drugs,raw/fda.inspections.drugs/2026/09/20260907T210236Z-954bbebd51db.json.gz,1
fda.inspections.drugs,firm:3030432415,2024-03-15,2026-09-07T21:02:36Z,firm_key,PRIYANKA SHARMA MD,,fda.inspections.drugs,raw/fda.inspections.drugs/2026/09/20260907T210236Z-954bbebd51db.json.gz,1
fda.inspections.drugs,firm:3030432415,2024-03-15,2026-09-07T21:02:36Z,inspected,1,count,fda.inspections.drugs,raw/fda.inspections.drugs/2026/09/20260907T210236Z-954bbebd51db.json.gz,1
fda.inspections.drugs,firm:3030432415,2024-03-15,2026-09-07T21:02:36Z,inspection_end,20240315,yyyymmdd,fda.inspections.drugs,raw/fda.inspections.drugs/2026/09/20260907T210236Z-954bbebd51db.json.gz,1
fda.inspections.drugs,firm:3030432415,2024-03-15,2026-09-07T21:02:36Z,is_foreign,0,bool,fda.inspections.drugs,raw/fda.inspections.drugs/2026/09/20260907T210236Z-954bbebd51db.json.gz,1
fda.inspections.drugs,firm:3030432415,2024-03-15,2026-09-07T21:02:36Z,is_oai,0,bool,fda.inspections.drugs,raw/fda.inspections.drugs/2026/09/20260907T210236Z-954bbebd51db.json.gz,1
fda.inspections.drugs,firm:3030432415,2024-03-15,2026-09-07T21:02:36Z,label,"Priyanka Sharma, MD",,fda.inspections.drugs,raw/fda.inspections.drugs/2026/09/20260907T210236Z-954bbebd51db.json.gz,1
fda.inspections.drugs,firm:3030443295,2024-03-26,2026-09-07T21:02:36Z,classification,0,ordinal,fda.inspections.drugs,raw/fda.inspections.drugs/2026/09/20260907T210236Z-954bbebd51db.json.gz,1
fda.inspections.drugs,firm:3030443295,2024-03-26,2026-09-07T21:02:36Z,firm_key,NRG ONCOLOGY SDMC,,fda.inspections.drugs,raw/fda.inspections.drugs/2026/09/20260907T210236Z-954bbebd51db.json.gz,1
fda.inspections.drugs,firm:3030443295,2024-03-26,2026-09-07T21:02:36Z,inspected,1,count,fda.inspections.drugs,raw/fda.inspections.drugs/2026/09/20260907T210236Z-954bbebd51db.json.gz,1
fda.inspections.drugs,firm:3030443295,2024-03-26,2026-09-07T21:02:36Z,inspection_end,20240326,yyyymmdd,fda.inspections.drugs,raw/fda.inspections.drugs/2026/09/20260907T210236Z-954bbebd51db.json.gz,1
fda.inspections.drugs,firm:3030443295,2024-03-26,2026-09-07T21:02:36Z,is_foreign,0,bool,fda.inspections.drugs,raw/fda.inspections.drugs/2026/09/20260907T210236Z-954bbebd51db.json.gz,1
fda.inspections.drugs,firm:3030443295,2024-03-26,2026-09-07T21:02:36Z,is_oai,0,bool,fda.inspections.drugs,raw/fda.inspections.drugs/2026/09/20260907T210236Z-954bbebd51db.json.gz,1
fda.inspections.drugs,firm:3030443295,2024-03-26,2026-09-07T21:02:36Z,label,NRG Oncology SDMC,,fda.inspections.drugs,raw/fda.inspections.drugs/2026/09/20260907T210236Z-954bbebd51db.json.gz,1
fda.inspections.drugs,firm:3030443301,2024-03-27,2026-09-07T21:02:36Z,classification,0,ordinal,fda.inspections.drugs,raw/fda.inspections.drugs/2026/09/20260907T210236Z-954bbebd51db.json.gz,1
fda.inspections.drugs,firm:3030443301,2024-03-27,2026-09-07T21:02:36Z,firm_key,JAN DRAPPATZ M D,,fda.inspections.drugs,raw/fda.inspections.drugs/2026/09/20260907T210236Z-954bbebd51db.json.gz,1
fda.inspections.drugs,firm:3030443301,2024-03-27,2026-09-07T21:02:36Z,inspected,1,count,fda.inspections.drugs,raw/fda.inspections.drugs/2026/09/20260907T210236Z-954bbebd51db.json.gz,1
fda.inspections.drugs,firm:3030443301,2024-03-27,2026-09-07T21:02:36Z,inspection_end,20240327,yyyymmdd,fda.inspections.drugs,raw/fda.inspections.drugs/2026/09/20260907T210236Z-954bbebd51db.json.gz,1
fda.inspections.drugs,firm:3030443301,2024-03-27,2026-09-07T21:02:36Z,is_foreign,0,bool,fda.inspections.drugs,raw/fda.inspections.drugs/2026/09/20260907T210236Z-954bbebd51db.json.gz,1
fda.inspections.drugs,firm:3030443301,2024-03-27,2026-09-07T21:02:36Z,is_oai,0,bool,fda.inspections.drugs,raw/fda.inspections.drugs/2026/09/20260907T210236Z-954bbebd51db.json.gz,1
fda.inspections.drugs,firm:3030443301,2024-03-27,2026-09-07T21:02:36Z,label,"Jan Drappatz, M.D.",,fda.inspections.drugs,raw/fda.inspections.drugs/2026/09/20260907T210236Z-954bbebd51db.json.gz,1
fda.inspections.drugs,firm:3030488533,2024-03-29,2026-09-07T21:02:36Z,classification,1,ordinal,fda.inspections.drugs,raw/fda.inspections.drugs/2026/09/20260907T210236Z-954bbebd51db.json.gz,1
fda.inspections.drugs,firm:3030488533,2024-03-29,2026-09-07T21:02:36Z,firm_key,UMA BORATE M D,,fda.inspections.drugs,raw/fda.inspections.drugs/2026/09/20260907T210236Z-954bbebd51db.json.gz,1
fda.inspections.drugs,firm:3030488533,2024-03-29,2026-09-07T21:02:36Z,inspected,1,count,fda.inspections.drugs,raw/fda.inspections.drugs/2026/09/20260907T210236Z-954bbebd51db.json.gz,1
fda.inspections.drugs,firm:3030488533,2024-03-29,2026-09-07T21:02:36Z,inspection_end,20240329,yyyymmdd,fda.inspections.drugs,raw/fda.inspections.drugs/2026/09/20260907T210236Z-954bbebd51db.json.gz,1
fda.inspections.drugs,firm:3030488533,2024-03-29,2026-09-07T21:02:36Z,is_foreign,0,bool,fda.inspections.drugs,raw/fda.inspections.drugs/2026/09/20260907T210236Z-954bbebd51db.json.gz,1
fda.inspections.drugs,firm:3030488533,2024-03-29,2026-09-07T21:02:36Z,is_oai,0,bool,fda.inspections.drugs,raw/fda.inspections.drugs/2026/09/20260907T210236Z-954bbebd51db.json.gz,1
fda.inspections.drugs,firm:3030488533,2024-03-29,2026-09-07T21:02:36Z,label,"Uma Borate, M.D.",,fda.inspections.drugs,raw/fda.inspections.drugs/2026/09/20260907T210236Z-954bbebd51db.json.gz,1
fda.inspections.drugs,firm:3030542761,2024-03-01,2026-09-07T21:02:36Z,classification,0,ordinal,fda.inspections.drugs,raw/fda.inspections.drugs/2026/09/20260907T210236Z-954bbebd51db.json.gz,1
fda.inspections.drugs,firm:3030542761,2024-03-01,2026-09-07T21:02:36Z,firm_key,SHILPA MEDICARE,,fda.inspections.drugs,raw/fda.inspections.drugs/2026/09/20260907T210236Z-954bbebd51db.json.gz,1
fda.inspections.drugs,firm:3030542761,2024-03-01,2026-09-07T21:02:36Z,inspected,1,count,fda.inspections.drugs,raw/fda.inspections.drugs/2026/09/20260907T210236Z-954bbebd51db.json.gz,1
fda.inspections.drugs,firm:3030542761,2024-03-01,2026-09-07T21:02:36Z,inspection_end,20240301,yyyymmdd,fda.inspections.drugs,raw/fda.inspections.drugs/2026/09/20260907T210236Z-954bbebd51db.json.gz,1
fda.inspections.drugs,firm:3030542761,2024-03-01,2026-09-07T21:02:36Z,is_foreign,1,bool,fda.inspections.drugs,raw/fda.inspections.drugs/2026/09/20260907T210236Z-954bbebd51db.json.gz,1
fda.inspections.drugs,firm:3030542761,2024-03-01,2026-09-07T21:02:36Z,is_oai,0,bool,fda.inspections.drugs,raw/fda.inspections.drugs/2026/09/20260907T210236Z-954bbebd51db.json.gz,1
fda.inspections.drugs,firm:3030542761,2024-03-01,2026-09-07T21:02:36Z,label,Shilpa Medicare Limited,,fda.inspections.drugs,raw/fda.inspections.drugs/2026/09/20260907T210236Z-954bbebd51db.json.gz,1
fda.recalls.cder,firm:1818977,2024-03-04,2026-09-07T20:58:47Z,firm_key,PAR STERILE PRODUCTS,,fda.recalls.cder,raw/fda.recalls.cder/2026/09/20260907T205847Z-f4ecab8500c8.json.gz,1
fda.recalls.cder,firm:1818977,2024-03-04,2026-09-07T20:58:47Z,is_class_i,1,bool,fda.recalls.cder,raw/fda.recalls.cder/2026/09/20260907T205847Z-f4ecab8500c8.json.gz,1
fda.recalls.cder,firm:1818977,2024-03-04,2026-09-07T20:58:47Z,label,Par Sterile Products LLC,,fda.recalls.cder,raw/fda.recalls.cder/2026/09/20260907T205847Z-f4ecab8500c8.json.gz,1
fda.recalls.cder,firm:1818977,2024-03-04,2026-09-07T20:58:47Z,recall,1,count,fda.recalls.cder,raw/fda.recalls.cder/2026/09/20260907T205847Z-f4ecab8500c8.json.gz,1
fda.recalls.cder,firm:1818977,2024-03-04,2026-09-07T20:58:47Z,recall_class,1,class,fda.recalls.cder,raw/fda.recalls.cder/2026/09/20260907T205847Z-f4ecab8500c8.json.gz,1
fda.recalls.cder,firm:1818977,2024-03-04,2026-09-07T20:58:47Z,recall_initiated,20240304,yyyymmdd,fda.recalls.cder,raw/fda.recalls.cder/2026/09/20260907T205847Z-f4ecab8500c8.json.gz,1
fda.recalls.cder,firm:1818977,2024-03-04,2026-09-07T20:58:47Z,recall_terminated,0,bool,fda.recalls.cder,raw/fda.recalls.cder/2026/09/20260907T205847Z-f4ecab8500c8.json.gz,1
fda.recalls.cder,firm:1819470,2024-03-12,2026-09-07T20:58:47Z,firm_key,ELI LILLY,,fda.recalls.cder,raw/fda.recalls.cder/2026/09/20260907T205847Z-f4ecab8500c8.json.gz,1
fda.recalls.cder,firm:1819470,2024-03-12,2026-09-07T20:58:47Z,is_class_i,0,bool,fda.recalls.cder,raw/fda.recalls.cder/2026/09/20260907T205847Z-f4ecab8500c8.json.gz,1
fda.recalls.cder,firm:1819470,2024-03-12,2026-09-07T20:58:47Z,label,Eli Lilly & Company,,fda.recalls.cder,raw/fda.recalls.cder/2026/09/20260907T205847Z-f4ecab8500c8.json.gz,1
fda.recalls.cder,firm:1819470,2024-03-12,2026-09-07T20:58:47Z,recall,1,count,fda.recalls.cder,raw/fda.recalls.cder/2026/09/20260907T205847Z-f4ecab8500c8.json.gz,1
fda.recalls.cder,firm:1819470,2024-03-12,2026-09-07T20:58:47Z,recall_class,2,class,fda.recalls.cder,raw/fda.recalls.cder/2026/09/20260907T205847Z-f4ecab8500c8.json.gz,1
fda.recalls.cder,firm:1819470,2024-03-12,2026-09-07T20:58:47Z,recall_initiated,20240312,yyyymmdd,fda.recalls.cder,raw/fda.recalls.cder/2026/09/20260907T205847Z-f4ecab8500c8.json.gz,1
fda.recalls.cder,firm:1819470,2024-03-12,2026-09-07T20:58:47Z,recall_terminated,0,bool,fda.recalls.cder,raw/fda.recalls.cder/2026/09/20260907T205847Z-f4ecab8500c8.json.gz,1
fda.recalls.cder,firm:2021236,2024-03-06,2026-09-07T20:58:47Z,firm_key,B BRAUN MEDICAL,,fda.recalls.cder,raw/fda.recalls.cder/2026/09/20260907T205847Z-f4ecab8500c8.json.gz,1
fda.recalls.cder,firm:2021236,2024-03-06,2026-09-07T20:58:47Z,is_class_i,0,bool,fda.recalls.cder,raw/fda.recalls.cder/2026/09/20260907T205847Z-f4ecab8500c8.json.gz,1
fda.recalls.cder,firm:2021236,2024-03-06,2026-09-07T20:58:47Z,label,B. Braun Medical Inc,,fda.recalls.cder,raw/fda.recalls.cder/2026/09/20260907T205847Z-f4ecab8500c8.json.gz,1
fda.recalls.cder,firm:2021236,2024-03-06,2026-09-07T20:58:47Z,recall,1,count,fda.recalls.cder,raw/fda.recalls.cder/2026/09/20260907T205847Z-f4ecab8500c8.json.gz,1
fda.recalls.cder,firm:2021236,2024-03-06,2026-09-07T20:58:47Z,recall_class,2,class,fda.recalls.cder,raw/fda.recalls.cder/2026/09/20260907T205847Z-f4ecab8500c8.json.gz,1
fda.recalls.cder,firm:2021236,2024-03-06,2026-09-07T20:58:47Z,recall_initiated,20240306,yyyymmdd,fda.recalls.cder,raw/fda.recalls.cder/2026/09/20260907T205847Z-f4ecab8500c8.json.gz,1
fda.recalls.cder,firm:2021236,2024-03-06,2026-09-07T20:58:47Z,recall_terminated,1,bool,fda.recalls.cder,raw/fda.recalls.cder/2026/09/20260907T205847Z-f4ecab8500c8.json.gz,1
fda.recalls.cder,firm:2021236,2024-03-22,2026-09-07T20:58:47Z,firm_key,B BRAUN MEDICAL,,fda.recalls.cder,raw/fda.recalls.cder/2026/09/20260907T205847Z-f4ecab8500c8.json.gz,1
fda.recalls.cder,firm:2021236,2024-03-22,2026-09-07T20:58:47Z,is_class_i,0,bool,fda.recalls.cder,raw/fda.recalls.cder/2026/09/20260907T205847Z-f4ecab8500c8.json.gz,1
fda.recalls.cder,firm:2021236,2024-03-22,2026-09-07T20:58:47Z,label,B. Braun Medical Inc,,fda.recalls.cder,raw/fda.recalls.cder/2026/09/20260907T205847Z-f4ecab8500c8.json.gz,1
fda.recalls.cder,firm:2021236,2024-03-22,2026-09-07T20:58:47Z,recall,1,count,fda.recalls.cder,raw/fda.recalls.cder/2026/09/20260907T205847Z-f4ecab8500c8.json.gz,1
fda.recalls.cder,firm:2021236,2024-03-22,2026-09-07T20:58:47Z,recall_class,2,class,fda.recalls.cder,raw/fda.recalls.cder/2026/09/20260907T205847Z-f4ecab8500c8.json.gz,1
fda.recalls.cder,firm:2021236,2024-03-22,2026-09-07T20:58:47Z,recall_initiated,20240322,yyyymmdd,fda.recalls.cder,raw/fda.recalls.cder/2026/09/20260907T205847Z-f4ecab8500c8.json.gz,1
fda.recalls.cder,firm:2021236,2024-03-22,2026-09-07T20:58:47Z,recall_terminated,1,bool,fda.recalls.cder,raw/fda.recalls.cder/2026/09/20260907T205847Z-f4ecab8500c8.json.gz,1
fda.recalls.cder,firm:2220525,2024-03-12,2026-09-07T20:58:47Z,firm_key,HIKMA USA,,fda.recalls.cder,raw/fda.recalls.cder/2026/09/20260907T205847Z-f4ecab8500c8.json.gz,1
fda.recalls.cder,firm:2220525,2024-03-12,2026-09-07T20:58:47Z,is_class_i,0,bool,fda.recalls.cder,raw/fda.recalls.cder/2026/09/20260907T205847Z-f4ecab8500c8.json.gz,1
fda.recalls.cder,firm:2220525,2024-03-12,2026-09-07T20:58:47Z,label,Hikma Pharmaceuticals USA Inc.,,fda.recalls.cder,raw/fda.recalls.cder/2026/09/20260907T205847Z-f4ecab8500c8.json.gz,1
fda.recalls.cder,firm:2220525,2024-03-12,2026-09-07T20:58:47Z,recall,1,count,fda.recalls.cder,raw/fda.recalls.cder/2026/09/20260907T205847Z-f4ecab8500c8.json.gz,1
fda.recalls.cder,firm:2220525,2024-03-12,2026-09-07T20:58:47Z,recall_class,2,class,fda.recalls.cder,raw/fda.recalls.cder/2026/09/20260907T205847Z-f4ecab8500c8.json.gz,1
fda.recalls.cder,firm:2220525,2024-03-12,2026-09-07T20:58:47Z,recall_initiated,20240312,yyyymmdd,fda.recalls.cder,raw/fda.recalls.cder/2026/09/20260907T205847Z-f4ecab8500c8.json.gz,1
fda.recalls.cder,firm:2220525,2024-03-12,2026-09-07T20:58:47Z,recall_terminated,0,bool,fda.recalls.cder,raw/fda.recalls.cder/2026/09/20260907T205847Z-f4ecab8500c8.json.gz,1
fda.recalls.cder,firm:3001746542,2024-03-21,2026-09-07T20:58:47Z,firm_key,APOTHECUS,,fda.recalls.cder,raw/fda.recalls.cder/2026/09/20260907T205847Z-f4ecab8500c8.json.gz,1
fda.recalls.cder,firm:3001746542,2024-03-21,2026-09-07T20:58:47Z,is_class_i,0,bool,fda.recalls.cder,raw/fda.recalls.cder/2026/09/20260907T205847Z-f4ecab8500c8.json.gz,1
fda.recalls.cder,firm:3001746542,2024-03-21,2026-09-07T20:58:47Z,label,Apothecus Pharmaceutical Corp.,,fda.recalls.cder,raw/fda.recalls.cder/2026/09/20260907T205847Z-f4ecab8500c8.json.gz,1
fda.recalls.cder,firm:3001746542,2024-03-21,2026-09-07T20:58:47Z,recall,1,count,fda.recalls.cder,raw/fda.recalls.cder/2026/09/20260907T205847Z-f4ecab8500c8.json.gz,1
fda.recalls.cder,firm:3001746542,2024-03-21,2026-09-07T20:58:47Z,recall_class,2,class,fda.recalls.cder,raw/fda.recalls.cder/2026/09/20260907T205847Z-f4ecab8500c8.json.gz,1
fda.recalls.cder,firm:3001746542,2024-03-21,2026-09-07T20:58:47Z,recall_initiated,20240321,yyyymmdd,fda.recalls.cder,raw/fda.recalls.cder/2026/09/20260907T205847Z-f4ecab8500c8.json.gz,1
fda.recalls.cder,firm:3001746542,2024-03-21,2026-09-07T20:58:47Z,recall_terminated,1,bool,fda.recalls.cder,raw/fda.recalls.cder/2026/09/20260907T205847Z-f4ecab8500c8.json.gz,1
fda.recalls.cder,firm:3003092769,2024-03-07,2026-09-07T20:58:47Z,firm_key,TEVA USA,,fda.recalls.cder,raw/fda.recalls.cder/2026/09/20260907T205847Z-f4ecab8500c8.json.gz,1
fda.recalls.cder,firm:3003092769,2024-03-07,2026-09-07T20:58:47Z,is_class_i,0,bool,fda.recalls.cder,raw/fda.recalls.cder/2026/09/20260907T205847Z-f4ecab8500c8.json.gz,1
fda.recalls.cder,firm:3003092769,2024-03-07,2026-09-07T20:58:47Z,label,"Teva Pharmaceuticals USA, Inc",,fda.recalls.cder,raw/fda.recalls.cder/2026/09/20260907T205847Z-f4ecab8500c8.json.gz,1
fda.recalls.cder,firm:3003092769,2024-03-07,2026-09-07T20:58:47Z,recall,1,count,fda.recalls.cder,raw/fda.recalls.cder/2026/09/20260907T205847Z-f4ecab8500c8.json.gz,1
fda.recalls.cder,firm:3003092769,2024-03-07,2026-09-07T20:58:47Z,recall_class,2,class,fda.recalls.cder,raw/fda.recalls.cder/2026/09/20260907T205847Z-f4ecab8500c8.json.gz,1
fda.recalls.cder,firm:3003092769,2024-03-07,2026-09-07T20:58:47Z,recall_initiated,20240307,yyyymmdd,fda.recalls.cder,raw/fda.recalls.cder/2026/09/20260907T205847Z-f4ecab8500c8.json.gz,1
fda.recalls.cder,firm:3003092769,2024-03-07,2026-09-07T20:58:47Z,recall_terminated,1,bool,fda.recalls.cder,raw/fda.recalls.cder/2026/09/20260907T205847Z-f4ecab8500c8.json.gz,1
fda.recalls.cder,firm:3003092769,2024-03-28,2026-09-07T20:58:47Z,firm_key,TEVA USA,,fda.recalls.cder,raw/fda.recalls.cder/2026/09/20260907T205847Z-f4ecab8500c8.json.gz,1
fda.recalls.cder,firm:3003092769,2024-03-28,2026-09-07T20:58:47Z,is_class_i,0,bool,fda.recalls.cder,raw/fda.recalls.cder/2026/09/20260907T205847Z-f4ecab8500c8.json.gz,1
fda.recalls.cder,firm:3003092769,2024-03-28,2026-09-07T20:58:47Z,label,"Teva Pharmaceuticals USA, Inc",,fda.recalls.cder,raw/fda.recalls.cder/2026/09/20260907T205847Z-f4ecab8500c8.json.gz,1
fda.recalls.cder,firm:3003092769,2024-03-28,2026-09-07T20:58:47Z,recall,1,count,fda.recalls.cder,raw/fda.recalls.cder/2026/09/20260907T205847Z-f4ecab8500c8.json.gz,1
fda.recalls.cder,firm:3003092769,2024-03-28,2026-09-07T20:58:47Z,recall_class,2,class,fda.recalls.cder,raw/fda.recalls.cder/2026/09/20260907T205847Z-f4ecab8500c8.json.gz,1
fda.recalls.cder,firm:3003092769,2024-03-28,2026-09-07T20:58:47Z,recall_initiated,20240328,yyyymmdd,fda.recalls.cder,raw/fda.recalls.cder/2026/09/20260907T205847Z-f4ecab8500c8.json.gz,1
fda.recalls.cder,firm:3003092769,2024-03-28,2026-09-07T20:58:47Z,recall_terminated,0,bool,fda.recalls.cder,raw/fda.recalls.cder/2026/09/20260907T205847Z-f4ecab8500c8.json.gz,1
fda.recalls.cder,firm:3004097115,2024-03-21,2026-09-07T20:58:47Z,firm_key,LUPIN,,fda.recalls.cder,raw/fda.recalls.cder/2026/09/20260907T205847Z-f4ecab8500c8.json.gz,1
fda.recalls.cder,firm:3004097115,2024-03-21,2026-09-07T20:58:47Z,is_class_i,0,bool,fda.recalls.cder,raw/fda.recalls.cder/2026/09/20260907T205847Z-f4ecab8500c8.json.gz,1
fda.recalls.cder,firm:3004097115,2024-03-21,2026-09-07T20:58:47Z,label,Lupin Pharmaceuticals Inc.,,fda.recalls.cder,raw/fda.recalls.cder/2026/09/20260907T205847Z-f4ecab8500c8.json.gz,1
fda.recalls.cder,firm:3004097115,2024-03-21,2026-09-07T20:58:47Z,recall,1,count,fda.recalls.cder,raw/fda.recalls.cder/2026/09/20260907T205847Z-f4ecab8500c8.json.gz,1
fda.recalls.cder,firm:3004097115,2024-03-21,2026-09-07T20:58:47Z,recall_class,2,class,fda.recalls.cder,raw/fda.recalls.cder/2026/09/20260907T205847Z-f4ecab8500c8.json.gz,1
fda.recalls.cder,firm:3004097115,2024-03-21,2026-09-07T20:58:47Z,recall_initiated,20240321,yyyymmdd,fda.recalls.cder,raw/fda.recalls.cder/2026/09/20260907T205847Z-f4ecab8500c8.json.gz,1
fda.recalls.cder,firm:3004097115,2024-03-21,2026-09-07T20:58:47Z,recall_terminated,1,bool,fda.recalls.cder,raw/fda.recalls.cder/2026/09/20260907T205847Z-f4ecab8500c8.json.gz,1
fda.recalls.cder,firm:3004117460,2024-03-23,2026-09-07T20:58:47Z,firm_key,ARUBA ALOE BALM N V,,fda.recalls.cder,raw/fda.recalls.cder/2026/09/20260907T205847Z-f4ecab8500c8.json.gz,1
fda.recalls.cder,firm:3004117460,2024-03-23,2026-09-07T20:58:47Z,is_class_i,1,bool,fda.recalls.cder,raw/fda.recalls.cder/2026/09/20260907T205847Z-f4ecab8500c8.json.gz,1
fda.recalls.cder,firm:3004117460,2024-03-23,2026-09-07T20:58:47Z,label,Aruba Aloe Balm N.V.,,fda.recalls.cder,raw/fda.recalls.cder/2026/09/20260907T205847Z-f4ecab8500c8.json.gz,1
fda.recalls.cder,firm:3004117460,2024-03-23,2026-09-07T20:58:47Z,recall,1,count,fda.recalls.cder,raw/fda.recalls.cder/2026/09/20260907T205847Z-f4ecab8500c8.json.gz,1
fda.recalls.cder,firm:3004117460,2024-03-23,2026-09-07T20:58:47Z,recall_class,1,class,fda.recalls.cder,raw/fda.recalls.cder/2026/09/20260907T205847Z-f4ecab8500c8.json.gz,1
fda.recalls.cder,firm:3004117460,2024-03-23,2026-09-07T20:58:47Z,recall_initiated,20240323,yyyymmdd,fda.recalls.cder,raw/fda.recalls.cder/2026/09/20260907T205847Z-f4ecab8500c8.json.gz,1
fda.recalls.cder,firm:3004117460,2024-03-23,2026-09-07T20:58:47Z,recall_terminated,0,bool,fda.recalls.cder,raw/fda.recalls.cder/2026/09/20260907T205847Z-f4ecab8500c8.json.gz,1
fda.recalls.cder,firm:3004540906,2024-03-27,2026-09-07T20:58:47Z,firm_key,NATCO,,fda.recalls.cder,raw/fda.recalls.cder/2026/09/20260907T205847Z-f4ecab8500c8.json.gz,1
fda.recalls.cder,firm:3004540906,2024-03-27,2026-09-07T20:58:47Z,is_class_i,0,bool,fda.recalls.cder,raw/fda.recalls.cder/2026/09/20260907T205847Z-f4ecab8500c8.json.gz,1
fda.recalls.cder,firm:3004540906,2024-03-27,2026-09-07T20:58:47Z,label,NATCO Pharma Limited,,fda.recalls.cder,raw/fda.recalls.cder/2026/09/20260907T205847Z-f4ecab8500c8.json.gz,1
fda.recalls.cder,firm:3004540906,2024-03-27,2026-09-07T20:58:47Z,recall,1,count,fda.recalls.cder,raw/fda.recalls.cder/2026/09/20260907T205847Z-f4ecab8500c8.json.gz,1
fda.recalls.cder,firm:3004540906,2024-03-27,2026-09-07T20:58:47Z,recall_class,2,class,fda.recalls.cder,raw/fda.recalls.cder/2026/09/20260907T205847Z-f4ecab8500c8.json.gz,1
fda.recalls.cder,firm:3004540906,2024-03-27,2026-09-07T20:58:47Z,recall_initiated,20240327,yyyymmdd,fda.recalls.cder,raw/fda.recalls.cder/2026/09/20260907T205847Z-f4ecab8500c8.json.gz,1
fda.recalls.cder,firm:3004540906,2024-03-27,2026-09-07T20:58:47Z,recall_terminated,1,bool,fda.recalls.cder,raw/fda.recalls.cder/2026/09/20260907T205847Z-f4ecab8500c8.json.gz,1
fda.recalls.cder,firm:3005263655,2024-03-21,2026-09-07T20:58:47Z,firm_key,AMNEAL OF NEW YORK,,fda.recalls.cder,raw/fda.recalls.cder/2026/09/20260907T205847Z-f4ecab8500c8.json.gz,1
fda.recalls.cder,firm:3005263655,2024-03-21,2026-09-07T20:58:47Z,is_class_i,1,bool,fda.recalls.cder,raw/fda.recalls.cder/2026/09/20260907T205847Z-f4ecab8500c8.json.gz,1
fda.recalls.cder,firm:3005263655,2024-03-21,2026-09-07T20:58:47Z,label,"Amneal Pharmaceuticals of New York, LLC",,fda.recalls.cder,raw/fda.recalls.cder/2026/09/20260907T205847Z-f4ecab8500c8.json.gz,1
fda.recalls.cder,firm:3005263655,2024-03-21,2026-09-07T20:58:47Z,recall,1,count,fda.recalls.cder,raw/fda.recalls.cder/2026/09/20260907T205847Z-f4ecab8500c8.json.gz,1
fda.recalls.cder,firm:3005263655,2024-03-21,2026-09-07T20:58:47Z,recall_class,1,class,fda.recalls.cder,raw/fda.recalls.cder/2026/09/20260907T205847Z-f4ecab8500c8.json.gz,1
fda.recalls.cder,firm:3005263655,2024-03-21,2026-09-07T20:58:47Z,recall_initiated,20240321,yyyymmdd,fda.recalls.cder,raw/fda.recalls.cder/2026/09/20260907T205847Z-f4ecab8500c8.json.gz,1
fda.recalls.cder,firm:3005263655,2024-03-21,2026-09-07T20:58:47Z,recall_terminated,1,bool,fda.recalls.cder,raw/fda.recalls.cder/2026/09/20260907T205847Z-f4ecab8500c8.json.gz,1
fda.recalls.cder,firm:3005263655,2024-03-25,2026-09-07T20:58:47Z,firm_key,AMNEAL OF NEW YORK,,fda.recalls.cder,raw/fda.recalls.cder/2026/09/20260907T205847Z-f4ecab8500c8.json.gz,1
fda.recalls.cder,firm:3005263655,2024-03-25,2026-09-07T20:58:47Z,is_class_i,0,bool,fda.recalls.cder,raw/fda.recalls.cder/2026/09/20260907T205847Z-f4ecab8500c8.json.gz,1
fda.recalls.cder,firm:3005263655,2024-03-25,2026-09-07T20:58:47Z,label,"Amneal Pharmaceuticals of New York, LLC",,fda.recalls.cder,raw/fda.recalls.cder/2026/09/20260907T205847Z-f4ecab8500c8.json.gz,1
fda.recalls.cder,firm:3005263655,2024-03-25,2026-09-07T20:58:47Z,recall,1,count,fda.recalls.cder,raw/fda.recalls.cder/2026/09/20260907T205847Z-f4ecab8500c8.json.gz,1
fda.recalls.cder,firm:3005263655,2024-03-25,2026-09-07T20:58:47Z,recall_class,2,class,fda.recalls.cder,raw/fda.recalls.cder/2026/09/20260907T205847Z-f4ecab8500c8.json.gz,1
fda.recalls.cder,firm:3005263655,2024-03-25,2026-09-07T20:58:47Z,recall_initiated,20240325,yyyymmdd,fda.recalls.cder,raw/fda.recalls.cder/2026/09/20260907T205847Z-f4ecab8500c8.json.gz,1
fda.recalls.cder,firm:3005263655,2024-03-25,2026-09-07T20:58:47Z,recall_terminated,0,bool,fda.recalls.cder,raw/fda.recalls.cder/2026/09/20260907T205847Z-f4ecab8500c8.json.gz,1
fda.recalls.cder,firm:3005658103,2024-03-26,2026-09-07T20:58:47Z,firm_key,GLENMARK USA,,fda.recalls.cder,raw/fda.recalls.cder/2026/09/20260907T205847Z-f4ecab8500c8.json.gz,1
fda.recalls.cder,firm:3005658103,2024-03-26,2026-09-07T20:58:47Z,is_class_i,0,bool,fda.recalls.cder,raw/fda.recalls.cder/2026/09/20260907T205847Z-f4ecab8500c8.json.gz,1
fda.recalls.cder,firm:3005658103,2024-03-26,2026-09-07T20:58:47Z,label,"Glenmark Pharmaceuticals Inc., USA",,fda.recalls.cder,raw/fda.recalls.cder/2026/09/20260907T205847Z-f4ecab8500c8.json.gz,1
fda.recalls.cder,firm:3005658103,2024-03-26,2026-09-07T20:58:47Z,recall,1,count,fda.recalls.cder,raw/fda.recalls.cder/2026/09/20260907T205847Z-f4ecab8500c8.json.gz,1
fda.recalls.cder,firm:3005658103,2024-03-26,2026-09-07T20:58:47Z,recall_class,2,class,fda.recalls.cder,raw/fda.recalls.cder/2026/09/20260907T205847Z-f4ecab8500c8.json.gz,1
fda.recalls.cder,firm:3005658103,2024-03-26,2026-09-07T20:58:47Z,recall_initiated,20240326,yyyymmdd,fda.recalls.cder,raw/fda.recalls.cder/2026/09/20260907T205847Z-f4ecab8500c8.json.gz,1
fda.recalls.cder,firm:3005658103,2024-03-26,2026-09-07T20:58:47Z,recall_terminated,0,bool,fda.recalls.cder,raw/fda.recalls.cder/2026/09/20260907T205847Z-f4ecab8500c8.json.gz,1
fda.recalls.cder,firm:3007255004,2024-03-28,2026-09-07T20:58:47Z,firm_key,AVKARE,,fda.recalls.cder,raw/fda.recalls.cder/2026/09/20260907T205847Z-f4ecab8500c8.json.gz,1
fda.recalls.cder,firm:3007255004,2024-03-28,2026-09-07T20:58:47Z,is_class_i,1,bool,fda.recalls.cder,raw/fda.recalls.cder/2026/09/20260907T205847Z-f4ecab8500c8.json.gz,1
fda.recalls.cder,firm:3007255004,2024-03-28,2026-09-07T20:58:47Z,label,AvKARE,,fda.recalls.cder,raw/fda.recalls.cder/2026/09/20260907T205847Z-f4ecab8500c8.json.gz,1
fda.recalls.cder,firm:3007255004,2024-03-28,2026-09-07T20:58:47Z,recall,1,count,fda.recalls.cder,raw/fda.recalls.cder/2026/09/20260907T205847Z-f4ecab8500c8.json.gz,1
fda.recalls.cder,firm:3007255004,2024-03-28,2026-09-07T20:58:47Z,recall_class,1,class,fda.recalls.cder,raw/fda.recalls.cder/2026/09/20260907T205847Z-f4ecab8500c8.json.gz,1
fda.recalls.cder,firm:3007255004,2024-03-28,2026-09-07T20:58:47Z,recall_initiated,20240328,yyyymmdd,fda.recalls.cder,raw/fda.recalls.cder/2026/09/20260907T205847Z-f4ecab8500c8.json.gz,1
fda.recalls.cder,firm:3007255004,2024-03-28,2026-09-07T20:58:47Z,recall_terminated,1,bool,fda.recalls.cder,raw/fda.recalls.cder/2026/09/20260907T205847Z-f4ecab8500c8.json.gz,1
fda.recalls.cder,firm:3012541241,2024-03-04,2026-09-07T20:58:47Z,firm_key,NOVITIUM,,fda.recalls.cder,raw/fda.recalls.cder/2026/09/20260907T205847Z-f4ecab8500c8.json.gz,1
fda.recalls.cder,firm:3012541241,2024-03-04,2026-09-07T20:58:47Z,is_class_i,0,bool,fda.recalls.cder,raw/fda.recalls.cder/2026/09/20260907T205847Z-f4ecab8500c8.json.gz,1
fda.recalls.cder,firm:3012541241,2024-03-04,2026-09-07T20:58:47Z,label,Novitium Pharma LLC,,fda.recalls.cder,raw/fda.recalls.cder/2026/09/20260907T205847Z-f4ecab8500c8.json.gz,1
fda.recalls.cder,firm:3012541241,2024-03-04,2026-09-07T20:58:47Z,recall,1,count,fda.recalls.cder,raw/fda.recalls.cder/2026/09/20260907T205847Z-f4ecab8500c8.json.gz,1
fda.recalls.cder,firm:3012541241,2024-03-04,2026-09-07T20:58:47Z,recall_class,3,class,fda.recalls.cder,raw/fda.recalls.cder/2026/09/20260907T205847Z-f4ecab8500c8.json.gz,1
fda.recalls.cder,firm:3012541241,2024-03-04,2026-09-07T20:58:47Z,recall_initiated,20240304,yyyymmdd,fda.recalls.cder,raw/fda.recalls.cder/2026/09/20260907T205847Z-f4ecab8500c8.json.gz,1
fda.recalls.cder,firm:3012541241,2024-03-04,2026-09-07T20:58:47Z,recall_terminated,1,bool,fda.recalls.cder,raw/fda.recalls.cder/2026/09/20260907T205847Z-f4ecab8500c8.json.gz,1
fda.recalls.cder,firm:3012541241,2024-03-25,2026-09-07T20:58:47Z,firm_key,NOVITIUM,,fda.recalls.cder,raw/fda.recalls.cder/2026/09/20260907T205847Z-f4ecab8500c8.json.gz,1
fda.recalls.cder,firm:3012541241,2024-03-25,2026-09-07T20:58:47Z,is_class_i,0,bool,fda.recalls.cder,raw/fda.recalls.cder/2026/09/20260907T205847Z-f4ecab8500c8.json.gz,1
fda.recalls.cder,firm:3012541241,2024-03-25,2026-09-07T20:58:47Z,label,Novitium Pharma LLC,,fda.recalls.cder,raw/fda.recalls.cder/2026/09/20260907T205847Z-f4ecab8500c8.json.gz,1
fda.recalls.cder,firm:3012541241,2024-03-25,2026-09-07T20:58:47Z,recall,1,count,fda.recalls.cder,raw/fda.recalls.cder/2026/09/20260907T205847Z-f4ecab8500c8.json.gz,1
fda.recalls.cder,firm:3012541241,2024-03-25,2026-09-07T20:58:47Z,recall_class,3,class,fda.recalls.cder,raw/fda.recalls.cder/2026/09/20260907T205847Z-f4ecab8500c8.json.gz,1
fda.recalls.cder,firm:3012541241,2024-03-25,2026-09-07T20:58:47Z,recall_initiated,20240325,yyyymmdd,fda.recalls.cder,raw/fda.recalls.cder/2026/09/20260907T205847Z-f4ecab8500c8.json.gz,1
fda.recalls.cder,firm:3012541241,2024-03-25,2026-09-07T20:58:47Z,recall_terminated,1,bool,fda.recalls.cder,raw/fda.recalls.cder/2026/09/20260907T205847Z-f4ecab8500c8.json.gz,1
fda.recalls.cder,firm:3012969684,2024-03-27,2026-09-07T20:58:47Z,firm_key,ESPERION,,fda.recalls.cder,raw/fda.recalls.cder/2026/09/20260907T205847Z-f4ecab8500c8.json.gz,1
fda.recalls.cder,firm:3012969684,2024-03-27,2026-09-07T20:58:47Z,is_class_i,0,bool,fda.recalls.cder,raw/fda.recalls.cder/2026/09/20260907T205847Z-f4ecab8500c8.json.gz,1
fda.recalls.cder,firm:3012969684,2024-03-27,2026-09-07T20:58:47Z,label,Esperion,,fda.recalls.cder,raw/fda.recalls.cder/2026/09/20260907T205847Z-f4ecab8500c8.json.gz,1
fda.recalls.cder,firm:3012969684,2024-03-27,2026-09-07T20:58:47Z,recall,1,count,fda.recalls.cder,raw/fda.recalls.cder/2026/09/20260907T205847Z-f4ecab8500c8.json.gz,1
fda.recalls.cder,firm:3012969684,2024-03-27,2026-09-07T20:58:47Z,recall_class,3,class,fda.recalls.cder,raw/fda.recalls.cder/2026/09/20260907T205847Z-f4ecab8500c8.json.gz,1
fda.recalls.cder,firm:3012969684,2024-03-27,2026-09-07T20:58:47Z,recall_initiated,20240327,yyyymmdd,fda.recalls.cder,raw/fda.recalls.cder/2026/09/20260907T205847Z-f4ecab8500c8.json.gz,1
fda.recalls.cder,firm:3012969684,2024-03-27,2026-09-07T20:58:47Z,recall_terminated,0,bool,fda.recalls.cder,raw/fda.recalls.cder/2026/09/20260907T205847Z-f4ecab8500c8.json.gz,1
fda.recalls.cder,firm:3013472760,2024-03-04,2026-09-07T20:58:47Z,firm_key,SUN INDUSTRIES,,fda.recalls.cder,raw/fda.recalls.cder/2026/09/20260907T205847Z-f4ecab8500c8.json.gz,1
fda.recalls.cder,firm:3013472760,2024-03-04,2026-09-07T20:58:47Z,is_class_i,0,bool,fda.recalls.cder,raw/fda.recalls.cder/2026/09/20260907T205847Z-f4ecab8500c8.json.gz,1
fda.recalls.cder,firm:3013472760,2024-03-04,2026-09-07T20:58:47Z,label,SUN PHARMACEUTICAL INDUSTRIES INC,,fda.recalls.cder,raw/fda.recalls.cder/2026/09/20260907T205847Z-f4ecab8500c8.json.gz,1
fda.recalls.cder,firm:3013472760,2024-03-04,2026-09-07T20:58:47Z,recall,1,count,fda.recalls.cder,raw/fda.recalls.cder/2026/09/20260907T205847Z-f4ecab8500c8.json.gz,1
fda.recalls.cder,firm:3013472760,2024-03-04,2026-09-07T20:58:47Z,recall_class,2,class,fda.recalls.cder,raw/fda.recalls.cder/2026/09/20260907T205847Z-f4ecab8500c8.json.gz,1
fda.recalls.cder,firm:3013472760,2024-03-04,2026-09-07T20:58:47Z,recall_initiated,20240304,yyyymmdd,fda.recalls.cder,raw/fda.recalls.cder/2026/09/20260907T205847Z-f4ecab8500c8.json.gz,1
fda.recalls.cder,firm:3013472760,2024-03-04,2026-09-07T20:58:47Z,recall_terminated,0,bool,fda.recalls.cder,raw/fda.recalls.cder/2026/09/20260907T205847Z-f4ecab8500c8.json.gz,1
fda.recalls.cder,firm:3014483112,2024-03-22,2026-09-07T20:58:47Z,firm_key,INTEGRADOSE COMPOUNDING SERVICES,,fda.recalls.cder,raw/fda.recalls.cder/2026/09/20260907T205847Z-f4ecab8500c8.json.gz,1
fda.recalls.cder,firm:3014483112,2024-03-22,2026-09-07T20:58:47Z,is_class_i,0,bool,fda.recalls.cder,raw/fda.recalls.cder/2026/09/20260907T205847Z-f4ecab8500c8.json.gz,1
fda.recalls.cder,firm:3014483112,2024-03-22,2026-09-07T20:58:47Z,label,IntegraDose Compounding Services LLC,,fda.recalls.cder,raw/fda.recalls.cder/2026/09/20260907T205847Z-f4ecab8500c8.json.gz,1
fda.recalls.cder,firm:3014483112,2024-03-22,2026-09-07T20:58:47Z,recall,1,count,fda.recalls.cder,raw/fda.recalls.cder/2026/09/20260907T205847Z-f4ecab8500c8.json.gz,1
fda.recalls.cder,firm:3014483112,2024-03-22,2026-09-07T20:58:47Z,recall_class,2,class,fda.recalls.cder,raw/fda.recalls.cder/2026/09/20260907T205847Z-f4ecab8500c8.json.gz,1
fda.recalls.cder,firm:3014483112,2024-03-22,2026-09-07T20:58:47Z,recall_initiated,20240322,yyyymmdd,fda.recalls.cder,raw/fda.recalls.cder/2026/09/20260907T205847Z-f4ecab8500c8.json.gz,1
fda.recalls.cder,firm:3014483112,2024-03-22,2026-09-07T20:58:47Z,recall_terminated,0,bool,fda.recalls.cder,raw/fda.recalls.cder/2026/09/20260907T205847Z-f4ecab8500c8.json.gz,1
fda.recalls.cder,firm:3014780658,2024-03-26,2026-09-07T20:58:47Z,firm_key,CIPLA USA,,fda.recalls.cder,raw/fda.recalls.cder/2026/09/20260907T205847Z-f4ecab8500c8.json.gz,1
fda.recalls.cder,firm:3014780658,2024-03-26,2026-09-07T20:58:47Z,is_class_i,0,bool,fda.recalls.cder,raw/fda.recalls.cder/2026/09/20260907T205847Z-f4ecab8500c8.json.gz,1
fda.recalls.cder,firm:3014780658,2024-03-26,2026-09-07T20:58:47Z,label,"Cipla USA, Inc.",,fda.recalls.cder,raw/fda.recalls.cder/2026/09/20260907T205847Z-f4ecab8500c8.json.gz,1
fda.recalls.cder,firm:3014780658,2024-03-26,2026-09-07T20:58:47Z,recall,1,count,fda.recalls.cder,raw/fda.recalls.cder/2026/09/20260907T205847Z-f4ecab8500c8.json.gz,1
fda.recalls.cder,firm:3014780658,2024-03-26,2026-09-07T20:58:47Z,recall_class,2,class,fda.recalls.cder,raw/fda.recalls.cder/2026/09/20260907T205847Z-f4ecab8500c8.json.gz,1
fda.recalls.cder,firm:3014780658,2024-03-26,2026-09-07T20:58:47Z,recall_initiated,20240326,yyyymmdd,fda.recalls.cder,raw/fda.recalls.cder/2026/09/20260907T205847Z-f4ecab8500c8.json.gz,1
fda.recalls.cder,firm:3014780658,2024-03-26,2026-09-07T20:58:47Z,recall_terminated,1,bool,fda.recalls.cder,raw/fda.recalls.cder/2026/09/20260907T205847Z-f4ecab8500c8.json.gz,1
fda.recalls.cder,firm:3017888878,2024-03-01,2026-09-07T20:58:47Z,firm_key,SPECIALTY PROCESS,,fda.recalls.cder,raw/fda.recalls.cder/2026/09/20260907T205847Z-f4ecab8500c8.json.gz,1
fda.recalls.cder,firm:3017888878,2024-03-01,2026-09-07T20:58:47Z,is_class_i,0,bool,fda.recalls.cder,raw/fda.recalls.cder/2026/09/20260907T205847Z-f4ecab8500c8.json.gz,1
fda.recalls.cder,firm:3017888878,2024-03-01,2026-09-07T20:58:47Z,label,Specialty Process Labs LLC,,fda.recalls.cder,raw/fda.recalls.cder/2026/09/20260907T205847Z-f4ecab8500c8.json.gz,1
fda.recalls.cder,firm:3017888878,2024-03-01,2026-09-07T20:58:47Z,recall,1,count,fda.recalls.cder,raw/fda.recalls.cder/2026/09/20260907T205847Z-f4ecab8500c8.json.gz,1
fda.recalls.cder,firm:3017888878,2024-03-01,2026-09-07T20:58:47Z,recall_class,2,class,fda.recalls.cder,raw/fda.recalls.cder/2026/09/20260907T205847Z-f4ecab8500c8.json.gz,1
fda.recalls.cder,firm:3017888878,2024-03-01,2026-09-07T20:58:47Z,recall_initiated,20240301,yyyymmdd,fda.recalls.cder,raw/fda.recalls.cder/2026/09/20260907T205847Z-f4ecab8500c8.json.gz,1
fda.recalls.cder,firm:3017888878,2024-03-01,2026-09-07T20:58:47Z,recall_terminated,0,bool,fda.recalls.cder,raw/fda.recalls.cder/2026/09/20260907T205847Z-f4ecab8500c8.json.gz,1
fda.recalls.cder,firm:3022351866,2024-03-05,2026-09-07T20:58:47Z,firm_key,THEA,,fda.recalls.cder,raw/fda.recalls.cder/2026/09/20260907T205847Z-f4ecab8500c8.json.gz,1
fda.recalls.cder,firm:3022351866,2024-03-05,2026-09-07T20:58:47Z,is_class_i,0,bool,fda.recalls.cder,raw/fda.recalls.cder/2026/09/20260907T205847Z-f4ecab8500c8.json.gz,1
fda.recalls.cder,firm:3022351866,2024-03-05,2026-09-07T20:58:47Z,label,"Thea Pharma, Inc.",,fda.recalls.cder,raw/fda.recalls.cder/2026/09/20260907T205847Z-f4ecab8500c8.json.gz,1
fda.recalls.cder,firm:3022351866,2024-03-05,2026-09-07T20:58:47Z,recall,1,count,fda.recalls.cder,raw/fda.recalls.cder/2026/09/20260907T205847Z-f4ecab8500c8.json.gz,1
fda.recalls.cder,firm:3022351866,2024-03-05,2026-09-07T20:58:47Z,recall_class,2,class,fda.recalls.cder,raw/fda.recalls.cder/2026/09/20260907T205847Z-f4ecab8500c8.json.gz,1
fda.recalls.cder,firm:3022351866,2024-03-05,2026-09-07T20:58:47Z,recall_initiated,20240305,yyyymmdd,fda.recalls.cder,raw/fda.recalls.cder/2026/09/20260907T205847Z-f4ecab8500c8.json.gz,1
fda.recalls.cder,firm:3022351866,2024-03-05,2026-09-07T20:58:47Z,recall_terminated,1,bool,fda.recalls.cder,raw/fda.recalls.cder/2026/09/20260907T205847Z-f4ecab8500c8.json.gz,1
fda.recalls.cder,firm:3022946195,2024-03-29,2026-09-07T20:58:47Z,firm_key,HONEYWELL,,fda.recalls.cder,raw/fda.recalls.cder/2026/09/20260907T205847Z-f4ecab8500c8.json.gz,1
fda.recalls.cder,firm:3022946195,2024-03-29,2026-09-07T20:58:47Z,is_class_i,0,bool,fda.recalls.cder,raw/fda.recalls.cder/2026/09/20260907T205847Z-f4ecab8500c8.json.gz,1
fda.recalls.cder,firm:3022946195,2024-03-29,2026-09-07T20:58:47Z,label,HONEYWELL INC,,fda.recalls.cder,raw/fda.recalls.cder/2026/09/20260907T205847Z-f4ecab8500c8.json.gz,1
fda.recalls.cder,firm:3022946195,2024-03-29,2026-09-07T20:58:47Z,recall,1,count,fda.recalls.cder,raw/fda.recalls.cder/2026/09/20260907T205847Z-f4ecab8500c8.json.gz,1
fda.recalls.cder,firm:3022946195,2024-03-29,2026-09-07T20:58:47Z,recall_class,2,class,fda.recalls.cder,raw/fda.recalls.cder/2026/09/20260907T205847Z-f4ecab8500c8.json.gz,1
fda.recalls.cder,firm:3022946195,2024-03-29,2026-09-07T20:58:47Z,recall_initiated,20240329,yyyymmdd,fda.recalls.cder,raw/fda.recalls.cder/2026/09/20260907T205847Z-f4ecab8500c8.json.gz,1
fda.recalls.cder,firm:3022946195,2024-03-29,2026-09-07T20:58:47Z,recall_terminated,1,bool,fda.recalls.cder,raw/fda.recalls.cder/2026/09/20260907T205847Z-f4ecab8500c8.json.gz,1
fda.recalls.cder,firm:3030621082,2024-03-19,2026-09-07T20:58:47Z,firm_key,PYRAMIDS WHOLESALE,,fda.recalls.cder,raw/fda.recalls.cder/2026/09/20260907T205847Z-f4ecab8500c8.json.gz,1
fda.recalls.cder,firm:3030621082,2024-03-19,2026-09-07T20:58:47Z,is_class_i,1,bool,fda.recalls.cder,raw/fda.recalls.cder/2026/09/20260907T205847Z-f4ecab8500c8.json.gz,1
fda.recalls.cder,firm:3030621082,2024-03-19,2026-09-07T20:58:47Z,label,Pyramids Wholesale Inc.,,fda.recalls.cder,raw/fda.recalls.cder/2026/09/20260907T205847Z-f4ecab8500c8.json.gz,1
fda.recalls.cder,firm:3030621082,2024-03-19,2026-09-07T20:58:47Z,recall,1,count,fda.recalls.cder,raw/fda.recalls.cder/2026/09/20260907T205847Z-f4ecab8500c8.json.gz,1
fda.recalls.cder,firm:3030621082,2024-03-19,2026-09-07T20:58:47Z,recall_class,1,class,fda.recalls.cder,raw/fda.recalls.cder/2026/09/20260907T205847Z-f4ecab8500c8.json.gz,1
fda.recalls.cder,firm:3030621082,2024-03-19,2026-09-07T20:58:47Z,recall_initiated,20240319,yyyymmdd,fda.recalls.cder,raw/fda.recalls.cder/2026/09/20260907T205847Z-f4ecab8500c8.json.gz,1
fda.recalls.cder,firm:3030621082,2024-03-19,2026-09-07T20:58:47Z,recall_terminated,0,bool,fda.recalls.cder,raw/fda.recalls.cder/2026/09/20260907T205847Z-f4ecab8500c8.json.gz,1
fda.refusals.backfill,firm:1000110034,2024-03-19,2026-09-09T17:05:30Z,firm_key,SIMILASAN,,fda.refusals.backfill,raw/fda.refusals.backfill/2026/09/20260909T170530Z-bdd810c4ed3d.json.gz,1
fda.refusals.backfill,firm:1000110034,2024-03-19,2026-09-09T17:05:30Z,import_refusal,1,count,fda.refusals.backfill,raw/fda.refusals.backfill/2026/09/20260909T170530Z-bdd810c4ed3d.json.gz,1
fda.refusals.backfill,firm:1000110034,2024-03-19,2026-09-09T17:05:30Z,is_drug_or_biologic,1,bool,fda.refusals.backfill,raw/fda.refusals.backfill/2026/09/20260909T170530Z-bdd810c4ed3d.json.gz,1
fda.refusals.backfill,firm:1000110034,2024-03-19,2026-09-09T17:05:30Z,is_foreign,1,bool,fda.refusals.backfill,raw/fda.refusals.backfill/2026/09/20260909T170530Z-bdd810c4ed3d.json.gz,1
fda.refusals.backfill,firm:1000110034,2024-03-19,2026-09-09T17:05:30Z,is_human_drug,1,bool,fda.refusals.backfill,raw/fda.refusals.backfill/2026/09/20260909T170530Z-bdd810c4ed3d.json.gz,1
fda.refusals.backfill,firm:1000110034,2024-03-19,2026-09-09T17:05:30Z,label,Similasan AG,,fda.refusals.backfill,raw/fda.refusals.backfill/2026/09/20260909T170530Z-bdd810c4ed3d.json.gz,1
fda.refusals.backfill,firm:1000110034,2024-03-19,2026-09-09T17:05:30Z,refused_at,20240319,yyyymmdd,fda.refusals.backfill,raw/fda.refusals.backfill/2026/09/20260909T170530Z-bdd810c4ed3d.json.gz,1
fda.refusals.backfill,firm:1610287,2024-03-05,2026-09-09T17:05:30Z,firm_key,ALCON RESEARCH,,fda.refusals.backfill,raw/fda.refusals.backfill/2026/09/20260909T170530Z-bdd810c4ed3d.json.gz,1
fda.refusals.backfill,firm:1610287,2024-03-05,2026-09-09T17:05:30Z,import_refusal,1,count,fda.refusals.backfill,raw/fda.refusals.backfill/2026/09/20260909T170530Z-bdd810c4ed3d.json.gz,1
fda.refusals.backfill,firm:1610287,2024-03-05,2026-09-09T17:05:30Z,is_drug_or_biologic,1,bool,fda.refusals.backfill,raw/fda.refusals.backfill/2026/09/20260909T170530Z-bdd810c4ed3d.json.gz,1
fda.refusals.backfill,firm:1610287,2024-03-05,2026-09-09T17:05:30Z,is_foreign,0,bool,fda.refusals.backfill,raw/fda.refusals.backfill/2026/09/20260909T170530Z-bdd810c4ed3d.json.gz,1
fda.refusals.backfill,firm:1610287,2024-03-05,2026-09-09T17:05:30Z,is_human_drug,1,bool,fda.refusals.backfill,raw/fda.refusals.backfill/2026/09/20260909T170530Z-bdd810c4ed3d.json.gz,1
fda.refusals.backfill,firm:1610287,2024-03-05,2026-09-09T17:05:30Z,label,Alcon Research LLC,,fda.refusals.backfill,raw/fda.refusals.backfill/2026/09/20260909T170530Z-bdd810c4ed3d.json.gz,1
fda.refusals.backfill,firm:1610287,2024-03-05,2026-09-09T17:05:30Z,refused_at,20240305,yyyymmdd,fda.refusals.backfill,raw/fda.refusals.backfill/2026/09/20260909T170530Z-bdd810c4ed3d.json.gz,1
fda.refusals.backfill,firm:1827031,2024-03-27,2026-09-09T17:05:30Z,firm_key,ZOETIS,,fda.refusals.backfill,raw/fda.refusals.backfill/2026/09/20260909T170530Z-bdd810c4ed3d.json.gz,1
fda.refusals.backfill,firm:1827031,2024-03-27,2026-09-09T17:05:30Z,import_refusal,1,count,fda.refusals.backfill,raw/fda.refusals.backfill/2026/09/20260909T170530Z-bdd810c4ed3d.json.gz,1
fda.refusals.backfill,firm:1827031,2024-03-27,2026-09-09T17:05:30Z,is_drug_or_biologic,1,bool,fda.refusals.backfill,raw/fda.refusals.backfill/2026/09/20260909T170530Z-bdd810c4ed3d.json.gz,1
fda.refusals.backfill,firm:1827031,2024-03-27,2026-09-09T17:05:30Z,is_foreign,0,bool,fda.refusals.backfill,raw/fda.refusals.backfill/2026/09/20260909T170530Z-bdd810c4ed3d.json.gz,1
fda.refusals.backfill,firm:1827031,2024-03-27,2026-09-09T17:05:30Z,is_human_drug,1,bool,fda.refusals.backfill,raw/fda.refusals.backfill/2026/09/20260909T170530Z-bdd810c4ed3d.json.gz,1
fda.refusals.backfill,firm:1827031,2024-03-27,2026-09-09T17:05:30Z,label,Zoetis LLC,,fda.refusals.backfill,raw/fda.refusals.backfill/2026/09/20260909T170530Z-bdd810c4ed3d.json.gz,1
fda.refusals.backfill,firm:1827031,2024-03-27,2026-09-09T17:05:30Z,refused_at,20240327,yyyymmdd,fda.refusals.backfill,raw/fda.refusals.backfill/2026/09/20260909T170530Z-bdd810c4ed3d.json.gz,1
fda.refusals.backfill,firm:2210396,2024-03-28,2026-09-09T17:05:30Z,firm_key,NOVARTIS,,fda.refusals.backfill,raw/fda.refusals.backfill/2026/09/20260909T170530Z-bdd810c4ed3d.json.gz,1
fda.refusals.backfill,firm:2210396,2024-03-28,2026-09-09T17:05:30Z,import_refusal,1,count,fda.refusals.backfill,raw/fda.refusals.backfill/2026/09/20260909T170530Z-bdd810c4ed3d.json.gz,1
fda.refusals.backfill,firm:2210396,2024-03-28,2026-09-09T17:05:30Z,is_drug_or_biologic,1,bool,fda.refusals.backfill,raw/fda.refusals.backfill/2026/09/20260909T170530Z-bdd810c4ed3d.json.gz,1
fda.refusals.backfill,firm:2210396,2024-03-28,2026-09-09T17:05:30Z,is_foreign,0,bool,fda.refusals.backfill,raw/fda.refusals.backfill/2026/09/20260909T170530Z-bdd810c4ed3d.json.gz,1
fda.refusals.backfill,firm:2210396,2024-03-28,2026-09-09T17:05:30Z,is_human_drug,0,bool,fda.refusals.backfill,raw/fda.refusals.backfill/2026/09/20260909T170530Z-bdd810c4ed3d.json.gz,1
fda.refusals.backfill,firm:2210396,2024-03-28,2026-09-09T17:05:30Z,label,Novartis Pharmaceuticals Corporation,,fda.refusals.backfill,raw/fda.refusals.backfill/2026/09/20260909T170530Z-bdd810c4ed3d.json.gz,1
fda.refusals.backfill,firm:2210396,2024-03-28,2026-09-09T17:05:30Z,refused_at,20240328,yyyymmdd,fda.refusals.backfill,raw/fda.refusals.backfill/2026/09/20260909T170530Z-bdd810c4ed3d.json.gz,1
fda.refusals.backfill,firm:3000151819,2024-03-08,2026-09-09T17:05:30Z,firm_key,NOVO NORDISK A S,,fda.refusals.backfill,raw/fda.refusals.backfill/2026/09/20260909T170530Z-bdd810c4ed3d.json.gz,1
fda.refusals.backfill,firm:3000151819,2024-03-08,2026-09-09T17:05:30Z,import_refusal,1,count,fda.refusals.backfill,raw/fda.refusals.backfill/2026/09/20260909T170530Z-bdd810c4ed3d.json.gz,1
fda.refusals.backfill,firm:3000151819,2024-03-08,2026-09-09T17:05:30Z,is_drug_or_biologic,1,bool,fda.refusals.backfill,raw/fda.refusals.backfill/2026/09/20260909T170530Z-bdd810c4ed3d.json.gz,1
fda.refusals.backfill,firm:3000151819,2024-03-08,2026-09-09T17:05:30Z,is_foreign,1,bool,fda.refusals.backfill,raw/fda.refusals.backfill/2026/09/20260909T170530Z-bdd810c4ed3d.json.gz,1
fda.refusals.backfill,firm:3000151819,2024-03-08,2026-09-09T17:05:30Z,is_human_drug,1,bool,fda.refusals.backfill,raw/fda.refusals.backfill/2026/09/20260909T170530Z-bdd810c4ed3d.json.gz,1
fda.refusals.backfill,firm:3000151819,2024-03-08,2026-09-09T17:05:30Z,label,Novo Nordisk A/S,,fda.refusals.backfill,raw/fda.refusals.backfill/2026/09/20260909T170530Z-bdd810c4ed3d.json.gz,1
fda.refusals.backfill,firm:3000151819,2024-03-08,2026-09-09T17:05:30Z,refused_at,20240308,yyyymmdd,fda.refusals.backfill,raw/fda.refusals.backfill/2026/09/20260909T170530Z-bdd810c4ed3d.json.gz,1
fda.refusals.backfill,firm:3000151819,2024-03-12,2026-09-09T17:05:30Z,firm_key,NOVO NORDISK A S,,fda.refusals.backfill,raw/fda.refusals.backfill/2026/09/20260909T170530Z-bdd810c4ed3d.json.gz,1
fda.refusals.backfill,firm:3000151819,2024-03-12,2026-09-09T17:05:30Z,import_refusal,1,count,fda.refusals.backfill,raw/fda.refusals.backfill/2026/09/20260909T170530Z-bdd810c4ed3d.json.gz,1
fda.refusals.backfill,firm:3000151819,2024-03-12,2026-09-09T17:05:30Z,is_drug_or_biologic,1,bool,fda.refusals.backfill,raw/fda.refusals.backfill/2026/09/20260909T170530Z-bdd810c4ed3d.json.gz,1
fda.refusals.backfill,firm:3000151819,2024-03-12,2026-09-09T17:05:30Z,is_foreign,1,bool,fda.refusals.backfill,raw/fda.refusals.backfill/2026/09/20260909T170530Z-bdd810c4ed3d.json.gz,1
fda.refusals.backfill,firm:3000151819,2024-03-12,2026-09-09T17:05:30Z,is_human_drug,1,bool,fda.refusals.backfill,raw/fda.refusals.backfill/2026/09/20260909T170530Z-bdd810c4ed3d.json.gz,1
fda.refusals.backfill,firm:3000151819,2024-03-12,2026-09-09T17:05:30Z,label,Novo Nordisk A/S,,fda.refusals.backfill,raw/fda.refusals.backfill/2026/09/20260909T170530Z-bdd810c4ed3d.json.gz,1
fda.refusals.backfill,firm:3000151819,2024-03-12,2026-09-09T17:05:30Z,refused_at,20240312,yyyymmdd,fda.refusals.backfill,raw/fda.refusals.backfill/2026/09/20260909T170530Z-bdd810c4ed3d.json.gz,1
fda.refusals.backfill,firm:3000151819,2024-03-22,2026-09-09T17:05:30Z,firm_key,NOVO NORDISK A S,,fda.refusals.backfill,raw/fda.refusals.backfill/2026/09/20260909T170530Z-bdd810c4ed3d.json.gz,1
fda.refusals.backfill,firm:3000151819,2024-03-22,2026-09-09T17:05:30Z,import_refusal,1,count,fda.refusals.backfill,raw/fda.refusals.backfill/2026/09/20260909T170530Z-bdd810c4ed3d.json.gz,1
fda.refusals.backfill,firm:3000151819,2024-03-22,2026-09-09T17:05:30Z,is_drug_or_biologic,1,bool,fda.refusals.backfill,raw/fda.refusals.backfill/2026/09/20260909T170530Z-bdd810c4ed3d.json.gz,1
fda.refusals.backfill,firm:3000151819,2024-03-22,2026-09-09T17:05:30Z,is_foreign,1,bool,fda.refusals.backfill,raw/fda.refusals.backfill/2026/09/20260909T170530Z-bdd810c4ed3d.json.gz,1
fda.refusals.backfill,firm:3000151819,2024-03-22,2026-09-09T17:05:30Z,is_human_drug,1,bool,fda.refusals.backfill,raw/fda.refusals.backfill/2026/09/20260909T170530Z-bdd810c4ed3d.json.gz,1
fda.refusals.backfill,firm:3000151819,2024-03-22,2026-09-09T17:05:30Z,label,Novo Nordisk A/S,,fda.refusals.backfill,raw/fda.refusals.backfill/2026/09/20260909T170530Z-bdd810c4ed3d.json.gz,1
fda.refusals.backfill,firm:3000151819,2024-03-22,2026-09-09T17:05:30Z,refused_at,20240322,yyyymmdd,fda.refusals.backfill,raw/fda.refusals.backfill/2026/09/20260909T170530Z-bdd810c4ed3d.json.gz,1
fda.refusals.backfill,firm:3000235541,2024-03-20,2026-09-09T17:05:30Z,firm_key,LILLY S A,,fda.refusals.backfill,raw/fda.refusals.backfill/2026/09/20260909T170530Z-bdd810c4ed3d.json.gz,1
fda.refusals.backfill,firm:3000235541,2024-03-20,2026-09-09T17:05:30Z,import_refusal,1,count,fda.refusals.backfill,raw/fda.refusals.backfill/2026/09/20260909T170530Z-bdd810c4ed3d.json.gz,1
fda.refusals.backfill,firm:3000235541,2024-03-20,2026-09-09T17:05:30Z,is_drug_or_biologic,1,bool,fda.refusals.backfill,raw/fda.refusals.backfill/2026/09/20260909T170530Z-bdd810c4ed3d.json.gz,1
fda.refusals.backfill,firm:3000235541,2024-03-20,2026-09-09T17:05:30Z,is_foreign,1,bool,fda.refusals.backfill,raw/fda.refusals.backfill/2026/09/20260909T170530Z-bdd810c4ed3d.json.gz,1
fda.refusals.backfill,firm:3000235541,2024-03-20,2026-09-09T17:05:30Z,is_human_drug,1,bool,fda.refusals.backfill,raw/fda.refusals.backfill/2026/09/20260909T170530Z-bdd810c4ed3d.json.gz,1
fda.refusals.backfill,firm:3000235541,2024-03-20,2026-09-09T17:05:30Z,label,Lilly S.A.,,fda.refusals.backfill,raw/fda.refusals.backfill/2026/09/20260909T170530Z-bdd810c4ed3d.json.gz,1
fda.refusals.backfill,firm:3000235541,2024-03-20,2026-09-09T17:05:30Z,refused_at,20240320,yyyymmdd,fda.refusals.backfill,raw/fda.refusals.backfill/2026/09/20260909T170530Z-bdd810c4ed3d.json.gz,1
fda.refusals.backfill,firm:3000268812,2024-03-29,2026-09-09T17:05:30Z,firm_key,ABBOTT BIOLOGICALS,,fda.refusals.backfill,raw/fda.refusals.backfill/2026/09/20260909T170530Z-bdd810c4ed3d.json.gz,1
fda.refusals.backfill,firm:3000268812,2024-03-29,2026-09-09T17:05:30Z,import_refusal,1,count,fda.refusals.backfill,raw/fda.refusals.backfill/2026/09/20260909T170530Z-bdd810c4ed3d.json.gz,1
fda.refusals.backfill,firm:3000268812,2024-03-29,2026-09-09T17:05:30Z,is_drug_or_biologic,1,bool,fda.refusals.backfill,raw/fda.refusals.backfill/2026/09/20260909T170530Z-bdd810c4ed3d.json.gz,1
fda.refusals.backfill,firm:3000268812,2024-03-29,2026-09-09T17:05:30Z,is_foreign,1,bool,fda.refusals.backfill,raw/fda.refusals.backfill/2026/09/20260909T170530Z-bdd810c4ed3d.json.gz,1
fda.refusals.backfill,firm:3000268812,2024-03-29,2026-09-09T17:05:30Z,is_human_drug,1,bool,fda.refusals.backfill,raw/fda.refusals.backfill/2026/09/20260909T170530Z-bdd810c4ed3d.json.gz,1
fda.refusals.backfill,firm:3000268812,2024-03-29,2026-09-09T17:05:30Z,label,Abbott Biologicals BV,,fda.refusals.backfill,raw/fda.refusals.backfill/2026/09/20260909T170530Z-bdd810c4ed3d.json.gz,1
fda.refusals.backfill,firm:3000268812,2024-03-29,2026-09-09T17:05:30Z,refused_at,20240329,yyyymmdd,fda.refusals.backfill,raw/fda.refusals.backfill/2026/09/20260909T170530Z-bdd810c4ed3d.json.gz,1
fda.refusals.backfill,firm:3000717636,2024-03-29,2026-09-09T17:05:30Z,firm_key,PATHEON API,,fda.refusals.backfill,raw/fda.refusals.backfill/2026/09/20260909T170530Z-bdd810c4ed3d.json.gz,1
fda.refusals.backfill,firm:3000717636,2024-03-29,2026-09-09T17:05:30Z,import_refusal,1,count,fda.refusals.backfill,raw/fda.refusals.backfill/2026/09/20260909T170530Z-bdd810c4ed3d.json.gz,1
fda.refusals.backfill,firm:3000717636,2024-03-29,2026-09-09T17:05:30Z,is_drug_or_biologic,1,bool,fda.refusals.backfill,raw/fda.refusals.backfill/2026/09/20260909T170530Z-bdd810c4ed3d.json.gz,1
fda.refusals.backfill,firm:3000717636,2024-03-29,2026-09-09T17:05:30Z,is_foreign,0,bool,fda.refusals.backfill,raw/fda.refusals.backfill/2026/09/20260909T170530Z-bdd810c4ed3d.json.gz,1
fda.refusals.backfill,firm:3000717636,2024-03-29,2026-09-09T17:05:30Z,is_human_drug,1,bool,fda.refusals.backfill,raw/fda.refusals.backfill/2026/09/20260909T170530Z-bdd810c4ed3d.json.gz,1
fda.refusals.backfill,firm:3000717636,2024-03-29,2026-09-09T17:05:30Z,label,"PATHEON API, INC.",,fda.refusals.backfill,raw/fda.refusals.backfill/2026/09/20260909T170530Z-bdd810c4ed3d.json.gz,1
fda.refusals.backfill,firm:3000717636,2024-03-29,2026-09-09T17:05:30Z,refused_at,20240329,yyyymmdd,fda.refusals.backfill,raw/fda.refusals.backfill/2026/09/20260909T170530Z-bdd810c4ed3d.json.gz,1
fda.refusals.backfill,firm:3000978756,2024-03-08,2026-09-09T17:05:30Z,firm_key,INTAS,,fda.refusals.backfill,raw/fda.refusals.backfill/2026/09/20260909T170530Z-bdd810c4ed3d.json.gz,1
fda.refusals.backfill,firm:3000978756,2024-03-08,2026-09-09T17:05:30Z,import_refusal,1,count,fda.refusals.backfill,raw/fda.refusals.backfill/2026/09/20260909T170530Z-bdd810c4ed3d.json.gz,1
fda.refusals.backfill,firm:3000978756,2024-03-08,2026-09-09T17:05:30Z,is_drug_or_biologic,1,bool,fda.refusals.backfill,raw/fda.refusals.backfill/2026/09/20260909T170530Z-bdd810c4ed3d.json.gz,1
fda.refusals.backfill,firm:3000978756,2024-03-08,2026-09-09T17:05:30Z,is_foreign,1,bool,fda.refusals.backfill,raw/fda.refusals.backfill/2026/09/20260909T170530Z-bdd810c4ed3d.json.gz,1
fda.refusals.backfill,firm:3000978756,2024-03-08,2026-09-09T17:05:30Z,is_human_drug,1,bool,fda.refusals.backfill,raw/fda.refusals.backfill/2026/09/20260909T170530Z-bdd810c4ed3d.json.gz,1
fda.refusals.backfill,firm:3000978756,2024-03-08,2026-09-09T17:05:30Z,label,Intas Pharmaceuticals Limited,,fda.refusals.backfill,raw/fda.refusals.backfill/2026/09/20260909T170530Z-bdd810c4ed3d.json.gz,1
fda.refusals.backfill,firm:3000978756,2024-03-08,2026-09-09T17:05:30Z,refused_at,20240308,yyyymmdd,fda.refusals.backfill,raw/fda.refusals.backfill/2026/09/20260909T170530Z-bdd810c4ed3d.json.gz,1
fda.refusals.backfill,firm:3001581899,2024-03-29,2026-09-09T17:05:30Z,firm_key,CONTRACT CANADA,,fda.refusals.backfill,raw/fda.refusals.backfill/2026/09/20260909T170530Z-bdd810c4ed3d.json.gz,1
fda.refusals.backfill,firm:3001581899,2024-03-29,2026-09-09T17:05:30Z,import_refusal,1,count,fda.refusals.backfill,raw/fda.refusals.backfill/2026/09/20260909T170530Z-bdd810c4ed3d.json.gz,1
fda.refusals.backfill,firm:3001581899,2024-03-29,2026-09-09T17:05:30Z,is_drug_or_biologic,1,bool,fda.refusals.backfill,raw/fda.refusals.backfill/2026/09/20260909T170530Z-bdd810c4ed3d.json.gz,1
fda.refusals.backfill,firm:3001581899,2024-03-29,2026-09-09T17:05:30Z,is_foreign,1,bool,fda.refusals.backfill,raw/fda.refusals.backfill/2026/09/20260909T170530Z-bdd810c4ed3d.json.gz,1
fda.refusals.backfill,firm:3001581899,2024-03-29,2026-09-09T17:05:30Z,is_human_drug,1,bool,fda.refusals.backfill,raw/fda.refusals.backfill/2026/09/20260909T170530Z-bdd810c4ed3d.json.gz,1
fda.refusals.backfill,firm:3001581899,2024-03-29,2026-09-09T17:05:30Z,label,Contract Pharmaceuticals Limited Canada,,fda.refusals.backfill,raw/fda.refusals.backfill/2026/09/20260909T170530Z-bdd810c4ed3d.json.gz,1
fda.refusals.backfill,firm:3001581899,2024-03-29,2026-09-09T17:05:30Z,refused_at,20240329,yyyymmdd,fda.refusals.backfill,raw/fda.refusals.backfill/2026/09/20260909T170530Z-bdd810c4ed3d.json.gz,1
fda.refusals.backfill,firm:3001599766,2024-03-18,2026-09-09T17:05:30Z,firm_key,JIANGSU JIAERKE,,fda.refusals.backfill,raw/fda.refusals.backfill/2026/09/20260909T170530Z-bdd810c4ed3d.json.gz,1
fda.refusals.backfill,firm:3001599766,2024-03-18,2026-09-09T17:05:30Z,import_refusal,1,count,fda.refusals.backfill,raw/fda.refusals.backfill/2026/09/20260909T170530Z-bdd810c4ed3d.json.gz,1
fda.refusals.backfill,firm:3001599766,2024-03-18,2026-09-09T17:05:30Z,is_drug_or_biologic,1,bool,fda.refusals.backfill,raw/fda.refusals.backfill/2026/09/20260909T170530Z-bdd810c4ed3d.json.gz,1
fda.refusals.backfill,firm:3001599766,2024-03-18,2026-09-09T17:05:30Z,is_foreign,1,bool,fda.refusals.backfill,raw/fda.refusals.backfill/2026/09/20260909T170530Z-bdd810c4ed3d.json.gz,1
fda.refusals.backfill,firm:3001599766,2024-03-18,2026-09-09T17:05:30Z,is_human_drug,1,bool,fda.refusals.backfill,raw/fda.refusals.backfill/2026/09/20260909T170530Z-bdd810c4ed3d.json.gz,1
fda.refusals.backfill,firm:3001599766,2024-03-18,2026-09-09T17:05:30Z,label,"Jiangsu Jiaerke Pharmaceuticals Group Corp., Ltd.",,fda.refusals.backfill,raw/fda.refusals.backfill/2026/09/20260909T170530Z-bdd810c4ed3d.json.gz,1
fda.refusals.backfill,firm:3001599766,2024-03-18,2026-09-09T17:05:30Z,refused_at,20240318,yyyymmdd,fda.refusals.backfill,raw/fda.refusals.backfill/2026/09/20260909T170530Z-bdd810c4ed3d.json.gz,1
fda.refusals.backfill,firm:3002594622,2024-03-15,2026-09-09T17:05:30Z,firm_key,JANSSEN,,fda.refusals.backfill,raw/fda.refusals.backfill/2026/09/20260909T170530Z-bdd810c4ed3d.json.gz,1
fda.refusals.backfill,firm:3002594622,2024-03-15,2026-09-09T17:05:30Z,import_refusal,1,count,fda.refusals.backfill,raw/fda.refusals.backfill/2026/09/20260909T170530Z-bdd810c4ed3d.json.gz,1
fda.refusals.backfill,firm:3002594622,2024-03-15,2026-09-09T17:05:30Z,is_drug_or_biologic,1,bool,fda.refusals.backfill,raw/fda.refusals.backfill/2026/09/20260909T170530Z-bdd810c4ed3d.json.gz,1
fda.refusals.backfill,firm:3002594622,2024-03-15,2026-09-09T17:05:30Z,is_foreign,1,bool,fda.refusals.backfill,raw/fda.refusals.backfill/2026/09/20260909T170530Z-bdd810c4ed3d.json.gz,1
fda.refusals.backfill,firm:3002594622,2024-03-15,2026-09-09T17:05:30Z,is_human_drug,1,bool,fda.refusals.backfill,raw/fda.refusals.backfill/2026/09/20260909T170530Z-bdd810c4ed3d.json.gz,1
fda.refusals.backfill,firm:3002594622,2024-03-15,2026-09-09T17:05:30Z,label,Janssen Inc.,,fda.refusals.backfill,raw/fda.refusals.backfill/2026/09/20260909T170530Z-bdd810c4ed3d.json.gz,1
fda.refusals.backfill,firm:3002594622,2024-03-15,2026-09-09T17:05:30Z,refused_at,20240315,yyyymmdd,fda.refusals.backfill,raw/fda.refusals.backfill/2026/09/20260909T170530Z-bdd810c4ed3d.json.gz,1
fda.refusals.backfill,firm:3002594622,2024-03-28,2026-09-09T17:05:30Z,firm_key,JANSSEN,,fda.refusals.backfill,raw/fda.refusals.backfill/2026/09/20260909T170530Z-bdd810c4ed3d.json.gz,1
fda.refusals.backfill,firm:3002594622,2024-03-28,2026-09-09T17:05:30Z,import_refusal,1,count,fda.refusals.backfill,raw/fda.refusals.backfill/2026/09/20260909T170530Z-bdd810c4ed3d.json.gz,1
fda.refusals.backfill,firm:3002594622,2024-03-28,2026-09-09T17:05:30Z,is_drug_or_biologic,1,bool,fda.refusals.backfill,raw/fda.refusals.backfill/2026/09/20260909T170530Z-bdd810c4ed3d.json.gz,1
fda.refusals.backfill,firm:3002594622,2024-03-28,2026-09-09T17:05:30Z,is_foreign,1,bool,fda.refusals.backfill,raw/fda.refusals.backfill/2026/09/20260909T170530Z-bdd810c4ed3d.json.gz,1
fda.refusals.backfill,firm:3002594622,2024-03-28,2026-09-09T17:05:30Z,is_human_drug,0,bool,fda.refusals.backfill,raw/fda.refusals.backfill/2026/09/20260909T170530Z-bdd810c4ed3d.json.gz,1
fda.refusals.backfill,firm:3002594622,2024-03-28,2026-09-09T17:05:30Z,label,Janssen Inc.,,fda.refusals.backfill,raw/fda.refusals.backfill/2026/09/20260909T170530Z-bdd810c4ed3d.json.gz,1
fda.refusals.backfill,firm:3002594622,2024-03-28,2026-09-09T17:05:30Z,refused_at,20240328,yyyymmdd,fda.refusals.backfill,raw/fda.refusals.backfill/2026/09/20260909T170530Z-bdd810c4ed3d.json.gz,1
fda.refusals.backfill,firm:3002806479,2024-03-08,2026-09-09T17:05:30Z,firm_key,BAYER DE MEXICO S A DE C V,,fda.refusals.backfill,raw/fda.refusals.backfill/2026/09/20260909T170530Z-bdd810c4ed3d.json.gz,1
fda.refusals.backfill,firm:3002806479,2024-03-08,2026-09-09T17:05:30Z,import_refusal,1,count,fda.refusals.backfill,raw/fda.refusals.backfill/2026/09/20260909T170530Z-bdd810c4ed3d.json.gz,1
fda.refusals.backfill,firm:3002806479,2024-03-08,2026-09-09T17:05:30Z,is_drug_or_biologic,1,bool,fda.refusals.backfill,raw/fda.refusals.backfill/2026/09/20260909T170530Z-bdd810c4ed3d.json.gz,1
fda.refusals.backfill,firm:3002806479,2024-03-08,2026-09-09T17:05:30Z,is_foreign,1,bool,fda.refusals.backfill,raw/fda.refusals.backfill/2026/09/20260909T170530Z-bdd810c4ed3d.json.gz,1
fda.refusals.backfill,firm:3002806479,2024-03-08,2026-09-09T17:05:30Z,is_human_drug,1,bool,fda.refusals.backfill,raw/fda.refusals.backfill/2026/09/20260909T170530Z-bdd810c4ed3d.json.gz,1
fda.refusals.backfill,firm:3002806479,2024-03-08,2026-09-09T17:05:30Z,label,"Bayer de Mexico, S.A. de C.V.",,fda.refusals.backfill,raw/fda.refusals.backfill/2026/09/20260909T170530Z-bdd810c4ed3d.json.gz,1
fda.refusals.backfill,firm:3002806479,2024-03-08,2026-09-09T17:05:30Z,refused_at,20240308,yyyymmdd,fda.refusals.backfill,raw/fda.refusals.backfill/2026/09/20260909T170530Z-bdd810c4ed3d.json.gz,1
fda.refusals.backfill,firm:3002806479,2024-03-13,2026-09-09T17:05:30Z,firm_key,BAYER DE MEXICO S A DE C V,,fda.refusals.backfill,raw/fda.refusals.backfill/2026/09/20260909T170530Z-bdd810c4ed3d.json.gz,1
fda.refusals.backfill,firm:3002806479,2024-03-13,2026-09-09T17:05:30Z,import_refusal,1,count,fda.refusals.backfill,raw/fda.refusals.backfill/2026/09/20260909T170530Z-bdd810c4ed3d.json.gz,1
fda.refusals.backfill,firm:3002806479,2024-03-13,2026-09-09T17:05:30Z,is_drug_or_biologic,1,bool,fda.refusals.backfill,raw/fda.refusals.backfill/2026/09/20260909T170530Z-bdd810c4ed3d.json.gz,1
fda.refusals.backfill,firm:3002806479,2024-03-13,2026-09-09T17:05:30Z,is_foreign,1,bool,fda.refusals.backfill,raw/fda.refusals.backfill/2026/09/20260909T170530Z-bdd810c4ed3d.json.gz,1
fda.refusals.backfill,firm:3002806479,2024-03-13,2026-09-09T17:05:30Z,is_human_drug,1,bool,fda.refusals.backfill,raw/fda.refusals.backfill/2026/09/20260909T170530Z-bdd810c4ed3d.json.gz,1
fda.refusals.backfill,firm:3002806479,2024-03-13,2026-09-09T17:05:30Z,label,"Bayer de Mexico, S.A. de C.V.",,fda.refusals.backfill,raw/fda.refusals.backfill/2026/09/20260909T170530Z-bdd810c4ed3d.json.gz,1
fda.refusals.backfill,firm:3002806479,2024-03-13,2026-09-09T17:05:30Z,refused_at,20240313,yyyymmdd,fda.refusals.backfill,raw/fda.refusals.backfill/2026/09/20260909T170530Z-bdd810c4ed3d.json.gz,1
fda.refusals.backfill,firm:3002806504,2024-03-26,2026-09-09T17:05:30Z,firm_key,BIOLOGISCHE HEILMITTEL HEEL,,fda.refusals.backfill,raw/fda.refusals.backfill/2026/09/20260909T170530Z-bdd810c4ed3d.json.gz,1
fda.refusals.backfill,firm:3002806504,2024-03-26,2026-09-09T17:05:30Z,import_refusal,1,count,fda.refusals.backfill,raw/fda.refusals.backfill/2026/09/20260909T170530Z-bdd810c4ed3d.json.gz,1
fda.refusals.backfill,firm:3002806504,2024-03-26,2026-09-09T17:05:30Z,is_drug_or_biologic,1,bool,fda.refusals.backfill,raw/fda.refusals.backfill/2026/09/20260909T170530Z-bdd810c4ed3d.json.gz,1
fda.refusals.backfill,firm:3002806504,2024-03-26,2026-09-09T17:05:30Z,is_foreign,1,bool,fda.refusals.backfill,raw/fda.refusals.backfill/2026/09/20260909T170530Z-bdd810c4ed3d.json.gz,1
fda.refusals.backfill,firm:3002806504,2024-03-26,2026-09-09T17:05:30Z,is_human_drug,1,bool,fda.refusals.backfill,raw/fda.refusals.backfill/2026/09/20260909T170530Z-bdd810c4ed3d.json.gz,1
fda.refusals.backfill,firm:3002806504,2024-03-26,2026-09-09T17:05:30Z,label,Biologische Heilmittel Heel Gmbh,,fda.refusals.backfill,raw/fda.refusals.backfill/2026/09/20260909T170530Z-bdd810c4ed3d.json.gz,1
fda.refusals.backfill,firm:3002806504,2024-03-26,2026-09-09T17:05:30Z,refused_at,20240326,yyyymmdd,fda.refusals.backfill,raw/fda.refusals.backfill/2026/09/20260909T170530Z-bdd810c4ed3d.json.gz,1
fda.refusals.backfill,firm:3002806632,2024-03-11,2026-09-09T17:05:30Z,firm_key,JANSSEN BIOLOGICS B V,,fda.refusals.backfill,raw/fda.refusals.backfill/2026/09/20260909T170530Z-bdd810c4ed3d.json.gz,1
fda.refusals.backfill,firm:3002806632,2024-03-11,2026-09-09T17:05:30Z,import_refusal,1,count,fda.refusals.backfill,raw/fda.refusals.backfill/2026/09/20260909T170530Z-bdd810c4ed3d.json.gz,1
fda.refusals.backfill,firm:3002806632,2024-03-11,2026-09-09T17:05:30Z,is_drug_or_biologic,1,bool,fda.refusals.backfill,raw/fda.refusals.backfill/2026/09/20260909T170530Z-bdd810c4ed3d.json.gz,1
fda.refusals.backfill,firm:3002806632,2024-03-11,2026-09-09T17:05:30Z,is_foreign,1,bool,fda.refusals.backfill,raw/fda.refusals.backfill/2026/09/20260909T170530Z-bdd810c4ed3d.json.gz,1
fda.refusals.backfill,firm:3002806632,2024-03-11,2026-09-09T17:05:30Z,is_human_drug,1,bool,fda.refusals.backfill,raw/fda.refusals.backfill/2026/09/20260909T170530Z-bdd810c4ed3d.json.gz,1
fda.refusals.backfill,firm:3002806632,2024-03-11,2026-09-09T17:05:30Z,label,Janssen Biologics B.V.,,fda.refusals.backfill,raw/fda.refusals.backfill/2026/09/20260909T170530Z-bdd810c4ed3d.json.gz,1
fda.refusals.backfill,firm:3002806632,2024-03-11,2026-09-09T17:05:30Z,refused_at,20240311,yyyymmdd,fda.refusals.backfill,raw/fda.refusals.backfill/2026/09/20260909T170530Z-bdd810c4ed3d.json.gz,1
fda.refusals.backfill,firm:3002807078,2024-03-29,2026-09-09T17:05:30Z,firm_key,GLAXO OPERATIONS U K,,fda.refusals.backfill,raw/fda.refusals.backfill/2026/09/20260909T170530Z-bdd810c4ed3d.json.gz,1
fda.refusals.backfill,firm:3002807078,2024-03-29,2026-09-09T17:05:30Z,import_refusal,1,count,fda.refusals.backfill,raw/fda.refusals.backfill/2026/09/20260909T170530Z-bdd810c4ed3d.json.gz,1
fda.refusals.backfill,firm:3002807078,2024-03-29,2026-09-09T17:05:30Z,is_drug_or_biologic,1,bool,fda.refusals.backfill,raw/fda.refusals.backfill/2026/09/20260909T170530Z-bdd810c4ed3d.json.gz,1
fda.refusals.backfill,firm:3002807078,2024-03-29,2026-09-09T17:05:30Z,is_foreign,1,bool,fda.refusals.backfill,raw/fda.refusals.backfill/2026/09/20260909T170530Z-bdd810c4ed3d.json.gz,1
fda.refusals.backfill,firm:3002807078,2024-03-29,2026-09-09T17:05:30Z,is_human_drug,0,bool,fda.refusals.backfill,raw/fda.refusals.backfill/2026/09/20260909T170530Z-bdd810c4ed3d.json.gz,1
fda.refusals.backfill,firm:3002807078,2024-03-29,2026-09-09T17:05:30Z,label,Glaxo Operations U.K. Ltd.,,fda.refusals.backfill,raw/fda.refusals.backfill/2026/09/20260909T170530Z-bdd810c4ed3d.json.gz,1
fda.refusals.backfill,firm:3002807078,2024-03-29,2026-09-09T17:05:30Z,refused_at,20240329,yyyymmdd,fda.refusals.backfill,raw/fda.refusals.backfill/2026/09/20260909T170530Z-bdd810c4ed3d.json.gz,1
fda.refusals.backfill,firm:3002807097,2024-03-21,2026-09-09T17:05:30Z,firm_key,PFIZER MANUFACTURING DEUTSCHLAND,,fda.refusals.backfill,raw/fda.refusals.backfill/2026/09/20260909T170530Z-bdd810c4ed3d.json.gz,1
fda.refusals.backfill,firm:3002807097,2024-03-21,2026-09-09T17:05:30Z,import_refusal,1,count,fda.refusals.backfill,raw/fda.refusals.backfill/2026/09/20260909T170530Z-bdd810c4ed3d.json.gz,1
fda.refusals.backfill,firm:3002807097,2024-03-21,2026-09-09T17:05:30Z,is_drug_or_biologic,1,bool,fda.refusals.backfill,raw/fda.refusals.backfill/2026/09/20260909T170530Z-bdd810c4ed3d.json.gz,1
fda.refusals.backfill,firm:3002807097,2024-03-21,2026-09-09T17:05:30Z,is_foreign,1,bool,fda.refusals.backfill,raw/fda.refusals.backfill/2026/09/20260909T170530Z-bdd810c4ed3d.json.gz,1
fda.refusals.backfill,firm:3002807097,2024-03-21,2026-09-09T17:05:30Z,is_human_drug,1,bool,fda.refusals.backfill,raw/fda.refusals.backfill/2026/09/20260909T170530Z-bdd810c4ed3d.json.gz,1
fda.refusals.backfill,firm:3002807097,2024-03-21,2026-09-09T17:05:30Z,label,Pfizer Manufacturing Deutschland GmbH,,fda.refusals.backfill,raw/fda.refusals.backfill/2026/09/20260909T170530Z-bdd810c4ed3d.json.gz,1
fda.refusals.backfill,firm:3002807097,2024-03-21,2026-09-09T17:05:30Z,refused_at,20240321,yyyymmdd,fda.refusals.backfill,raw/fda.refusals.backfill/2026/09/20260909T170530Z-bdd810c4ed3d.json.gz,1
fda.refusals.backfill,firm:3002808384,2024-03-20,2026-09-09T17:05:30Z,firm_key,SUN CANADA,,fda.refusals.backfill,raw/fda.refusals.backfill/2026/09/20260909T170530Z-bdd810c4ed3d.json.gz,1
fda.refusals.backfill,firm:3002808384,2024-03-20,2026-09-09T17:05:30Z,import_refusal,1,count,fda.refusals.backfill,raw/fda.refusals.backfill/2026/09/20260909T170530Z-bdd810c4ed3d.json.gz,1
fda.refusals.backfill,firm:3002808384,2024-03-20,2026-09-09T17:05:30Z,is_drug_or_biologic,1,bool,fda.refusals.backfill,raw/fda.refusals.backfill/2026/09/20260909T170530Z-bdd810c4ed3d.json.gz,1
fda.refusals.backfill,firm:3002808384,2024-03-20,2026-09-09T17:05:30Z,is_foreign,1,bool,fda.refusals.backfill,raw/fda.refusals.backfill/2026/09/20260909T170530Z-bdd810c4ed3d.json.gz,1
fda.refusals.backfill,firm:3002808384,2024-03-20,2026-09-09T17:05:30Z,is_human_drug,1,bool,fda.refusals.backfill,raw/fda.refusals.backfill/2026/09/20260909T170530Z-bdd810c4ed3d.json.gz,1
fda.refusals.backfill,firm:3002808384,2024-03-20,2026-09-09T17:05:30Z,label,Sun Pharma Canada Inc.,,fda.refusals.backfill,raw/fda.refusals.backfill/2026/09/20260909T170530Z-bdd810c4ed3d.json.gz,1
fda.refusals.backfill,firm:3002808384,2024-03-20,2026-09-09T17:05:30Z,refused_at,20240320,yyyymmdd,fda.refusals.backfill,raw/fda.refusals.backfill/2026/09/20260909T170530Z-bdd810c4ed3d.json.gz,1
fda.refusals.backfill,firm:3002809586,2024-03-15,2026-09-09T17:05:30Z,firm_key,SUN INDUSTRIES,,fda.refusals.backfill,raw/fda.refusals.backfill/2026/09/20260909T170530Z-bdd810c4ed3d.json.gz,1
fda.refusals.backfill,firm:3002809586,2024-03-15,2026-09-09T17:05:30Z,import_refusal,1,count,fda.refusals.backfill,raw/fda.refusals.backfill/2026/09/20260909T170530Z-bdd810c4ed3d.json.gz,1
fda.refusals.backfill,firm:3002809586,2024-03-15,2026-09-09T17:05:30Z,is_drug_or_biologic,1,bool,fda.refusals.backfill,raw/fda.refusals.backfill/2026/09/20260909T170530Z-bdd810c4ed3d.json.gz,1
fda.refusals.backfill,firm:3002809586,2024-03-15,2026-09-09T17:05:30Z,is_foreign,1,bool,fda.refusals.backfill,raw/fda.refusals.backfill/2026/09/20260909T170530Z-bdd810c4ed3d.json.gz,1
fda.refusals.backfill,firm:3002809586,2024-03-15,2026-09-09T17:05:30Z,is_human_drug,1,bool,fda.refusals.backfill,raw/fda.refusals.backfill/2026/09/20260909T170530Z-bdd810c4ed3d.json.gz,1
fda.refusals.backfill,firm:3002809586,2024-03-15,2026-09-09T17:05:30Z,label,Sun Pharmaceutical Industries Ltd.,,fda.refusals.backfill,raw/fda.refusals.backfill/2026/09/20260909T170530Z-bdd810c4ed3d.json.gz,1
fda.refusals.backfill,firm:3002809586,2024-03-15,2026-09-09T17:05:30Z,refused_at,20240315,yyyymmdd,fda.refusals.backfill,raw/fda.refusals.backfill/2026/09/20260909T170530Z-bdd810c4ed3d.json.gz,1
fda.refusals.backfill,firm:3002809586,2024-03-21,2026-09-09T17:05:30Z,firm_key,SUN INDUSTRIES,,fda.refusals.backfill,raw/fda.refusals.backfill/2026/09/20260909T170530Z-bdd810c4ed3d.json.gz,1
fda.refusals.backfill,firm:3002809586,2024-03-21,2026-09-09T17:05:30Z,import_refusal,1,count,fda.refusals.backfill,raw/fda.refusals.backfill/2026/09/20260909T170530Z-bdd810c4ed3d.json.gz,1
fda.refusals.backfill,firm:3002809586,2024-03-21,2026-09-09T17:05:30Z,is_drug_or_biologic,1,bool,fda.refusals.backfill,raw/fda.refusals.backfill/2026/09/20260909T170530Z-bdd810c4ed3d.json.gz,1
fda.refusals.backfill,firm:3002809586,2024-03-21,2026-09-09T17:05:30Z,is_foreign,1,bool,fda.refusals.backfill,raw/fda.refusals.backfill/2026/09/20260909T170530Z-bdd810c4ed3d.json.gz,1
fda.refusals.backfill,firm:3002809586,2024-03-21,2026-09-09T17:05:30Z,is_human_drug,1,bool,fda.refusals.backfill,raw/fda.refusals.backfill/2026/09/20260909T170530Z-bdd810c4ed3d.json.gz,1
fda.refusals.backfill,firm:3002809586,2024-03-21,2026-09-09T17:05:30Z,label,Sun Pharmaceutical Industries Ltd.,,fda.refusals.backfill,raw/fda.refusals.backfill/2026/09/20260909T170530Z-bdd810c4ed3d.json.gz,1
fda.refusals.backfill,firm:3002809586,2024-03-21,2026-09-09T17:05:30Z,refused_at,20240321,yyyymmdd,fda.refusals.backfill,raw/fda.refusals.backfill/2026/09/20260909T170530Z-bdd810c4ed3d.json.gz,1
fda.refusals.backfill,firm:3002809586,2024-03-26,2026-09-09T17:05:30Z,firm_key,SUN INDUSTRIES,,fda.refusals.backfill,raw/fda.refusals.backfill/2026/09/20260909T170530Z-bdd810c4ed3d.json.gz,1
fda.refusals.backfill,firm:3002809586,2024-03-26,2026-09-09T17:05:30Z,import_refusal,1,count,fda.refusals.backfill,raw/fda.refusals.backfill/2026/09/20260909T170530Z-bdd810c4ed3d.json.gz,1
fda.refusals.backfill,firm:3002809586,2024-03-26,2026-09-09T17:05:30Z,is_drug_or_biologic,1,bool,fda.refusals.backfill,raw/fda.refusals.backfill/2026/09/20260909T170530Z-bdd810c4ed3d.json.gz,1
fda.refusals.backfill,firm:3002809586,2024-03-26,2026-09-09T17:05:30Z,is_foreign,1,bool,fda.refusals.backfill,raw/fda.refusals.backfill/2026/09/20260909T170530Z-bdd810c4ed3d.json.gz,1
fda.refusals.backfill,firm:3002809586,2024-03-26,2026-09-09T17:05:30Z,is_human_drug,1,bool,fda.refusals.backfill,raw/fda.refusals.backfill/2026/09/20260909T170530Z-bdd810c4ed3d.json.gz,1
fda.refusals.backfill,firm:3002809586,2024-03-26,2026-09-09T17:05:30Z,label,Sun Pharmaceutical Industries Ltd.,,fda.refusals.backfill,raw/fda.refusals.backfill/2026/09/20260909T170530Z-bdd810c4ed3d.json.gz,1
fda.refusals.backfill,firm:3002809586,2024-03-26,2026-09-09T17:05:30Z,refused_at,20240326,yyyymmdd,fda.refusals.backfill,raw/fda.refusals.backfill/2026/09/20260909T170530Z-bdd810c4ed3d.json.gz,1
fda.refusals.backfill,firm:3002857720,2024-03-13,2026-09-09T17:05:30Z,firm_key,LABORATORIOS EUFAR LTDA,,fda.refusals.backfill,raw/fda.refusals.backfill/2026/09/20260909T170530Z-bdd810c4ed3d.json.gz,1
fda.refusals.backfill,firm:3002857720,2024-03-13,2026-09-09T17:05:30Z,import_refusal,1,count,fda.refusals.backfill,raw/fda.refusals.backfill/2026/09/20260909T170530Z-bdd810c4ed3d.json.gz,1
fda.refusals.backfill,firm:3002857720,2024-03-13,2026-09-09T17:05:30Z,is_drug_or_biologic,1,bool,fda.refusals.backfill,raw/fda.refusals.backfill/2026/09/20260909T170530Z-bdd810c4ed3d.json.gz,1
fda.refusals.backfill,firm:3002857720,2024-03-13,2026-09-09T17:05:30Z,is_foreign,1,bool,fda.refusals.backfill,raw/fda.refusals.backfill/2026/09/20260909T170530Z-bdd810c4ed3d.json.gz,1
fda.refusals.backfill,firm:3002857720,2024-03-13,2026-09-09T17:05:30Z,is_human_drug,1,bool,fda.refusals.backfill,raw/fda.refusals.backfill/2026/09/20260909T170530Z-bdd810c4ed3d.json.gz,1
fda.refusals.backfill,firm:3002857720,2024-03-13,2026-09-09T17:05:30Z,label,Laboratorios Eufar Ltda,,fda.refusals.backfill,raw/fda.refusals.backfill/2026/09/20260909T170530Z-bdd810c4ed3d.json.gz,1
fda.refusals.backfill,firm:3002857720,2024-03-13,2026-09-09T17:05:30Z,refused_at,20240313,yyyymmdd,fda.refusals.backfill,raw/fda.refusals.backfill/2026/09/20260909T170530Z-bdd810c4ed3d.json.gz,1
fda.refusals.backfill,firm:3002873757,2024-03-20,2026-09-09T17:05:30Z,firm_key,SANOFI CANADA,,fda.refusals.backfill,raw/fda.refusals.backfill/2026/09/20260909T170530Z-bdd810c4ed3d.json.gz,1
fda.refusals.backfill,firm:3002873757,2024-03-20,2026-09-09T17:05:30Z,import_refusal,1,count,fda.refusals.backfill,raw/fda.refusals.backfill/2026/09/20260909T170530Z-bdd810c4ed3d.json.gz,1
fda.refusals.backfill,firm:3002873757,2024-03-20,2026-09-09T17:05:30Z,is_drug_or_biologic,1,bool,fda.refusals.backfill,raw/fda.refusals.backfill/2026/09/20260909T170530Z-bdd810c4ed3d.json.gz,1
fda.refusals.backfill,firm:3002873757,2024-03-20,2026-09-09T17:05:30Z,is_foreign,1,bool,fda.refusals.backfill,raw/fda.refusals.backfill/2026/09/20260909T170530Z-bdd810c4ed3d.json.gz,1
fda.refusals.backfill,firm:3002873757,2024-03-20,2026-09-09T17:05:30Z,is_human_drug,1,bool,fda.refusals.backfill,raw/fda.refusals.backfill/2026/09/20260909T170530Z-bdd810c4ed3d.json.gz,1
fda.refusals.backfill,firm:3002873757,2024-03-20,2026-09-09T17:05:30Z,label,Sanofi Canada,,fda.refusals.backfill,raw/fda.refusals.backfill/2026/09/20260909T170530Z-bdd810c4ed3d.json.gz,1
fda.refusals.backfill,firm:3002873757,2024-03-20,2026-09-09T17:05:30Z,refused_at,20240320,yyyymmdd,fda.refusals.backfill,raw/fda.refusals.backfill/2026/09/20260909T170530Z-bdd810c4ed3d.json.gz,1
fda.refusals.backfill,firm:3002891260,2024-03-20,2026-09-09T17:05:30Z,firm_key,BAXTER,,fda.refusals.backfill,raw/fda.refusals.backfill/2026/09/20260909T170530Z-bdd810c4ed3d.json.gz,1
fda.refusals.backfill,firm:3002891260,2024-03-20,2026-09-09T17:05:30Z,import_refusal,1,count,fda.refusals.backfill,raw/fda.refusals.backfill/2026/09/20260909T170530Z-bdd810c4ed3d.json.gz,1
fda.refusals.backfill,firm:3002891260,2024-03-20,2026-09-09T17:05:30Z,is_drug_or_biologic,1,bool,fda.refusals.backfill,raw/fda.refusals.backfill/2026/09/20260909T170530Z-bdd810c4ed3d.json.gz,1
fda.refusals.backfill,firm:3002891260,2024-03-20,2026-09-09T17:05:30Z,is_foreign,1,bool,fda.refusals.backfill,raw/fda.refusals.backfill/2026/09/20260909T170530Z-bdd810c4ed3d.json.gz,1
fda.refusals.backfill,firm:3002891260,2024-03-20,2026-09-09T17:05:30Z,is_human_drug,1,bool,fda.refusals.backfill,raw/fda.refusals.backfill/2026/09/20260909T170530Z-bdd810c4ed3d.json.gz,1
fda.refusals.backfill,firm:3002891260,2024-03-20,2026-09-09T17:05:30Z,label,Baxter Corporation,,fda.refusals.backfill,raw/fda.refusals.backfill/2026/09/20260909T170530Z-bdd810c4ed3d.json.gz,1
fda.refusals.backfill,firm:3002891260,2024-03-20,2026-09-09T17:05:30Z,refused_at,20240320,yyyymmdd,fda.refusals.backfill,raw/fda.refusals.backfill/2026/09/20260909T170530Z-bdd810c4ed3d.json.gz,1
fda.refusals.backfill,firm:3003037054,2024-03-06,2026-09-09T17:05:30Z,firm_key,NOVO NORDISK A S,,fda.refusals.backfill,raw/fda.refusals.backfill/2026/09/20260909T170530Z-bdd810c4ed3d.json.gz,1
fda.refusals.backfill,firm:3003037054,2024-03-06,2026-09-09T17:05:30Z,import_refusal,1,count,fda.refusals.backfill,raw/fda.refusals.backfill/2026/09/20260909T170530Z-bdd810c4ed3d.json.gz,1
fda.refusals.backfill,firm:3003037054,2024-03-06,2026-09-09T17:05:30Z,is_drug_or_biologic,1,bool,fda.refusals.backfill,raw/fda.refusals.backfill/2026/09/20260909T170530Z-bdd810c4ed3d.json.gz,1
fda.refusals.backfill,firm:3003037054,2024-03-06,2026-09-09T17:05:30Z,is_foreign,1,bool,fda.refusals.backfill,raw/fda.refusals.backfill/2026/09/20260909T170530Z-bdd810c4ed3d.json.gz,1
fda.refusals.backfill,firm:3003037054,2024-03-06,2026-09-09T17:05:30Z,is_human_drug,1,bool,fda.refusals.backfill,raw/fda.refusals.backfill/2026/09/20260909T170530Z-bdd810c4ed3d.json.gz,1
fda.refusals.backfill,firm:3003037054,2024-03-06,2026-09-09T17:05:30Z,label,Novo Nordisk A/S,,fda.refusals.backfill,raw/fda.refusals.backfill/2026/09/20260909T170530Z-bdd810c4ed3d.json.gz,1
fda.refusals.backfill,firm:3003037054,2024-03-06,2026-09-09T17:05:30Z,refused_at,20240306,yyyymmdd,fda.refusals.backfill,raw/fda.refusals.backfill/2026/09/20260909T170530Z-bdd810c4ed3d.json.gz,1
fda.refusals.backfill,firm:3003113148,2024-03-18,2026-09-09T17:05:30Z,firm_key,PATHEON PUERTO RICO,,fda.refusals.backfill,raw/fda.refusals.backfill/2026/09/20260909T170530Z-bdd810c4ed3d.json.gz,1
fda.refusals.backfill,firm:3003113148,2024-03-18,2026-09-09T17:05:30Z,import_refusal,1,count,fda.refusals.backfill,raw/fda.refusals.backfill/2026/09/20260909T170530Z-bdd810c4ed3d.json.gz,1
fda.refusals.backfill,firm:3003113148,2024-03-18,2026-09-09T17:05:30Z,is_drug_or_biologic,1,bool,fda.refusals.backfill,raw/fda.refusals.backfill/2026/09/20260909T170530Z-bdd810c4ed3d.json.gz,1
fda.refusals.backfill,firm:3003113148,2024-03-18,2026-09-09T17:05:30Z,is_foreign,0,bool,fda.refusals.backfill,raw/fda.refusals.backfill/2026/09/20260909T170530Z-bdd810c4ed3d.json.gz,1
fda.refusals.backfill,firm:3003113148,2024-03-18,2026-09-09T17:05:30Z,is_human_drug,1,bool,fda.refusals.backfill,raw/fda.refusals.backfill/2026/09/20260909T170530Z-bdd810c4ed3d.json.gz,1
fda.refusals.backfill,firm:3003113148,2024-03-18,2026-09-09T17:05:30Z,label,"Patheon Puerto Rico, Inc.",,fda.refusals.backfill,raw/fda.refusals.backfill/2026/09/20260909T170530Z-bdd810c4ed3d.json.gz,1
fda.refusals.backfill,firm:3003113148,2024-03-18,2026-09-09T17:05:30Z,refused_at,20240318,yyyymmdd,fda.refusals.backfill,raw/fda.refusals.backfill/2026/09/20260909T170530Z-bdd810c4ed3d.json.gz,1
fda.refusals.backfill,firm:3003157498,2024-03-01,2026-09-09T17:05:30Z,firm_key,INTAS,,fda.refusals.backfill,raw/fda.refusals.backfill/2026/09/20260909T170530Z-bdd810c4ed3d.json.gz,1
fda.refusals.backfill,firm:3003157498,2024-03-01,2026-09-09T17:05:30Z,import_refusal,1,count,fda.refusals.backfill,raw/fda.refusals.backfill/2026/09/20260909T170530Z-bdd810c4ed3d.json.gz,1
fda.refusals.backfill,firm:3003157498,2024-03-01,2026-09-09T17:05:30Z,is_drug_or_biologic,1,bool,fda.refusals.backfill,raw/fda.refusals.backfill/2026/09/20260909T170530Z-bdd810c4ed3d.json.gz,1
fda.refusals.backfill,firm:3003157498,2024-03-01,2026-09-09T17:05:30Z,is_foreign,1,bool,fda.refusals.backfill,raw/fda.refusals.backfill/2026/09/20260909T170530Z-bdd810c4ed3d.json.gz,1
fda.refusals.backfill,firm:3003157498,2024-03-01,2026-09-09T17:05:30Z,is_human_drug,1,bool,fda.refusals.backfill,raw/fda.refusals.backfill/2026/09/20260909T170530Z-bdd810c4ed3d.json.gz,1
fda.refusals.backfill,firm:3003157498,2024-03-01,2026-09-09T17:05:30Z,label,Intas Pharmaceuticals Limited,,fda.refusals.backfill,raw/fda.refusals.backfill/2026/09/20260909T170530Z-bdd810c4ed3d.json.gz,1
fda.refusals.backfill,firm:3003157498,2024-03-01,2026-09-09T17:05:30Z,refused_at,20240301,yyyymmdd,fda.refusals.backfill,raw/fda.refusals.backfill/2026/09/20260909T170530Z-bdd810c4ed3d.json.gz,1
fda.refusals.backfill,firm:3003157498,2024-03-21,2026-09-09T17:05:30Z,firm_key,INTAS,,fda.refusals.backfill,raw/fda.refusals.backfill/2026/09/20260909T170530Z-bdd810c4ed3d.json.gz,1
fda.refusals.backfill,firm:3003157498,2024-03-21,2026-09-09T17:05:30Z,import_refusal,1,count,fda.refusals.backfill,raw/fda.refusals.backfill/2026/09/20260909T170530Z-bdd810c4ed3d.json.gz,1
fda.refusals.backfill,firm:3003157498,2024-03-21,2026-09-09T17:05:30Z,is_drug_or_biologic,1,bool,fda.refusals.backfill,raw/fda.refusals.backfill/2026/09/20260909T170530Z-bdd810c4ed3d.json.gz,1
fda.refusals.backfill,firm:3003157498,2024-03-21,2026-09-09T17:05:30Z,is_foreign,1,bool,fda.refusals.backfill,raw/fda.refusals.backfill/2026/09/20260909T170530Z-bdd810c4ed3d.json.gz,1
fda.refusals.backfill,firm:3003157498,2024-03-21,2026-09-09T17:05:30Z,is_human_drug,1,bool,fda.refusals.backfill,raw/fda.refusals.backfill/2026/09/20260909T170530Z-bdd810c4ed3d.json.gz,1
fda.refusals.backfill,firm:3003157498,2024-03-21,2026-09-09T17:05:30Z,label,Intas Pharmaceuticals Limited,,fda.refusals.backfill,raw/fda.refusals.backfill/2026/09/20260909T170530Z-bdd810c4ed3d.json.gz,1
fda.refusals.backfill,firm:3003157498,2024-03-21,2026-09-09T17:05:30Z,refused_at,20240321,yyyymmdd,fda.refusals.backfill,raw/fda.refusals.backfill/2026/09/20260909T170530Z-bdd810c4ed3d.json.gz,1
fda.refusals.backfill,firm:3003199814,2024-03-26,2026-09-09T17:05:30Z,firm_key,ENGELHARD ARZNEIMITTEL,,fda.refusals.backfill,raw/fda.refusals.backfill/2026/09/20260909T170530Z-bdd810c4ed3d.json.gz,1
fda.refusals.backfill,firm:3003199814,2024-03-26,2026-09-09T17:05:30Z,import_refusal,1,count,fda.refusals.backfill,raw/fda.refusals.backfill/2026/09/20260909T170530Z-bdd810c4ed3d.json.gz,1
fda.refusals.backfill,firm:3003199814,2024-03-26,2026-09-09T17:05:30Z,is_drug_or_biologic,1,bool,fda.refusals.backfill,raw/fda.refusals.backfill/2026/09/20260909T170530Z-bdd810c4ed3d.json.gz,1
fda.refusals.backfill,firm:3003199814,2024-03-26,2026-09-09T17:05:30Z,is_foreign,1,bool,fda.refusals.backfill,raw/fda.refusals.backfill/2026/09/20260909T170530Z-bdd810c4ed3d.json.gz,1
fda.refusals.backfill,firm:3003199814,2024-03-26,2026-09-09T17:05:30Z,is_human_drug,1,bool,fda.refusals.backfill,raw/fda.refusals.backfill/2026/09/20260909T170530Z-bdd810c4ed3d.json.gz,1
fda.refusals.backfill,firm:3003199814,2024-03-26,2026-09-09T17:05:30Z,label,Engelhard Arzneimittel GmbH & Co. KG,,fda.refusals.backfill,raw/fda.refusals.backfill/2026/09/20260909T170530Z-bdd810c4ed3d.json.gz,1
fda.refusals.backfill,firm:3003199814,2024-03-26,2026-09-09T17:05:30Z,refused_at,20240326,yyyymmdd,fda.refusals.backfill,raw/fda.refusals.backfill/2026/09/20260909T170530Z-bdd810c4ed3d.json.gz,1
fda.refusals.backfill,firm:3003238201,2024-03-08,2026-09-09T17:05:30Z,firm_key,PRODUCTOS MAVER S A D E C V,,fda.refusals.backfill,raw/fda.refusals.backfill/2026/09/20260909T170530Z-bdd810c4ed3d.json.gz,1
fda.refusals.backfill,firm:3003238201,2024-03-08,2026-09-09T17:05:30Z,import_refusal,1,count,fda.refusals.backfill,raw/fda.refusals.backfill/2026/09/20260909T170530Z-bdd810c4ed3d.json.gz,1
fda.refusals.backfill,firm:3003238201,2024-03-08,2026-09-09T17:05:30Z,is_drug_or_biologic,1,bool,fda.refusals.backfill,raw/fda.refusals.backfill/2026/09/20260909T170530Z-bdd810c4ed3d.json.gz,1
fda.refusals.backfill,firm:3003238201,2024-03-08,2026-09-09T17:05:30Z,is_foreign,1,bool,fda.refusals.backfill,raw/fda.refusals.backfill/2026/09/20260909T170530Z-bdd810c4ed3d.json.gz,1
fda.refusals.backfill,firm:3003238201,2024-03-08,2026-09-09T17:05:30Z,is_human_drug,1,bool,fda.refusals.backfill,raw/fda.refusals.backfill/2026/09/20260909T170530Z-bdd810c4ed3d.json.gz,1
fda.refusals.backfill,firm:3003238201,2024-03-08,2026-09-09T17:05:30Z,label,PRODUCTOS MAVER S.A. D.E. C.V.,,fda.refusals.backfill,raw/fda.refusals.backfill/2026/09/20260909T170530Z-bdd810c4ed3d.json.gz,1
fda.refusals.backfill,firm:3003238201,2024-03-08,2026-09-09T17:05:30Z,refused_at,20240308,yyyymmdd,fda.refusals.backfill,raw/fda.refusals.backfill/2026/09/20260909T170530Z-bdd810c4ed3d.json.gz,1
fda.refusals.backfill,firm:3003569803,2024-03-13,2026-09-09T17:05:30Z,firm_key,EUROVET ANIMAL HEALTH B V,,fda.refusals.backfill,raw/fda.refusals.backfill/2026/09/20260909T170530Z-bdd810c4ed3d.json.gz,1
fda.refusals.backfill,firm:3003569803,2024-03-13,2026-09-09T17:05:30Z,import_refusal,1,count,fda.refusals.backfill,raw/fda.refusals.backfill/2026/09/20260909T170530Z-bdd810c4ed3d.json.gz,1
fda.refusals.backfill,firm:3003569803,2024-03-13,2026-09-09T17:05:30Z,is_drug_or_biologic,1,bool,fda.refusals.backfill,raw/fda.refusals.backfill/2026/09/20260909T170530Z-bdd810c4ed3d.json.gz,1
fda.refusals.backfill,firm:3003569803,2024-03-13,2026-09-09T17:05:30Z,is_foreign,1,bool,fda.refusals.backfill,raw/fda.refusals.backfill/2026/09/20260909T170530Z-bdd810c4ed3d.json.gz,1
fda.refusals.backfill,firm:3003569803,2024-03-13,2026-09-09T17:05:30Z,is_human_drug,1,bool,fda.refusals.backfill,raw/fda.refusals.backfill/2026/09/20260909T170530Z-bdd810c4ed3d.json.gz,1
fda.refusals.backfill,firm:3003569803,2024-03-13,2026-09-09T17:05:30Z,label,Eurovet Animal Health B.V.,,fda.refusals.backfill,raw/fda.refusals.backfill/2026/09/20260909T170530Z-bdd810c4ed3d.json.gz,1
fda.refusals.backfill,firm:3003569803,2024-03-13,2026-09-09T17:05:30Z,refused_at,20240313,yyyymmdd,fda.refusals.backfill,raw/fda.refusals.backfill/2026/09/20260909T170530Z-bdd810c4ed3d.json.gz,1
fda.refusals.backfill,firm:3003723042,2024-03-01,2026-09-09T17:05:30Z,firm_key,NAN SAN HK FACTORY,,fda.refusals.backfill,raw/fda.refusals.backfill/2026/09/20260909T170530Z-bdd810c4ed3d.json.gz,1
fda.refusals.backfill,firm:3003723042,2024-03-01,2026-09-09T17:05:30Z,import_refusal,1,count,fda.refusals.backfill,raw/fda.refusals.backfill/2026/09/20260909T170530Z-bdd810c4ed3d.json.gz,1
fda.refusals.backfill,firm:3003723042,2024-03-01,2026-09-09T17:05:30Z,is_drug_or_biologic,1,bool,fda.refusals.backfill,raw/fda.refusals.backfill/2026/09/20260909T170530Z-bdd810c4ed3d.json.gz,1
fda.refusals.backfill,firm:3003723042,2024-03-01,2026-09-09T17:05:30Z,is_foreign,1,bool,fda.refusals.backfill,raw/fda.refusals.backfill/2026/09/20260909T170530Z-bdd810c4ed3d.json.gz,1
fda.refusals.backfill,firm:3003723042,2024-03-01,2026-09-09T17:05:30Z,is_human_drug,1,bool,fda.refusals.backfill,raw/fda.refusals.backfill/2026/09/20260909T170530Z-bdd810c4ed3d.json.gz,1
fda.refusals.backfill,firm:3003723042,2024-03-01,2026-09-09T17:05:30Z,label,Nan San (HK) Pharmaceutical Factory Ltd.,,fda.refusals.backfill,raw/fda.refusals.backfill/2026/09/20260909T170530Z-bdd810c4ed3d.json.gz,1
fda.refusals.backfill,firm:3003723042,2024-03-01,2026-09-09T17:05:30Z,refused_at,20240301,yyyymmdd,fda.refusals.backfill,raw/fda.refusals.backfill/2026/09/20260909T170530Z-bdd810c4ed3d.json.gz,1
fda.refusals.backfill,firm:3003732290,2024-03-18,2026-09-09T17:05:30Z,firm_key,ROTTENDORF,,fda.refusals.backfill,raw/fda.refusals.backfill/2026/09/20260909T170530Z-bdd810c4ed3d.json.gz,1
fda.refusals.backfill,firm:3003732290,2024-03-18,2026-09-09T17:05:30Z,import_refusal,1,count,fda.refusals.backfill,raw/fda.refusals.backfill/2026/09/20260909T170530Z-bdd810c4ed3d.json.gz,1
fda.refusals.backfill,firm:3003732290,2024-03-18,2026-09-09T17:05:30Z,is_drug_or_biologic,1,bool,fda.refusals.backfill,raw/fda.refusals.backfill/2026/09/20260909T170530Z-bdd810c4ed3d.json.gz,1
fda.refusals.backfill,firm:3003732290,2024-03-18,2026-09-09T17:05:30Z,is_foreign,1,bool,fda.refusals.backfill,raw/fda.refusals.backfill/2026/09/20260909T170530Z-bdd810c4ed3d.json.gz,1
fda.refusals.backfill,firm:3003732290,2024-03-18,2026-09-09T17:05:30Z,is_human_drug,1,bool,fda.refusals.backfill,raw/fda.refusals.backfill/2026/09/20260909T170530Z-bdd810c4ed3d.json.gz,1
fda.refusals.backfill,firm:3003732290,2024-03-18,2026-09-09T17:05:30Z,label,Rottendorf Pharma Gmbh,,fda.refusals.backfill,raw/fda.refusals.backfill/2026/09/20260909T170530Z-bdd810c4ed3d.json.gz,1
fda.refusals.backfill,firm:3003732290,2024-03-18,2026-09-09T17:05:30Z,refused_at,20240318,yyyymmdd,fda.refusals.backfill,raw/fda.refusals.backfill/2026/09/20260909T170530Z-bdd810c4ed3d.json.gz,1
fda.refusals.backfill,firm:3003794907,2024-03-13,2026-09-09T17:05:30Z,firm_key,NEW STETIC,,fda.refusals.backfill,raw/fda.refusals.backfill/2026/09/20260909T170530Z-bdd810c4ed3d.json.gz,1
fda.refusals.backfill,firm:3003794907,2024-03-13,2026-09-09T17:05:30Z,import_refusal,1,count,fda.refusals.backfill,raw/fda.refusals.backfill/2026/09/20260909T170530Z-bdd810c4ed3d.json.gz,1
fda.refusals.backfill,firm:3003794907,2024-03-13,2026-09-09T17:05:30Z,is_drug_or_biologic,1,bool,fda.refusals.backfill,raw/fda.refusals.backfill/2026/09/20260909T170530Z-bdd810c4ed3d.json.gz,1
fda.refusals.backfill,firm:3003794907,2024-03-13,2026-09-09T17:05:30Z,is_foreign,1,bool,fda.refusals.backfill,raw/fda.refusals.backfill/2026/09/20260909T170530Z-bdd810c4ed3d.json.gz,1
fda.refusals.backfill,firm:3003794907,2024-03-13,2026-09-09T17:05:30Z,is_human_drug,1,bool,fda.refusals.backfill,raw/fda.refusals.backfill/2026/09/20260909T170530Z-bdd810c4ed3d.json.gz,1
fda.refusals.backfill,firm:3003794907,2024-03-13,2026-09-09T17:05:30Z,label,New Stetic,,fda.refusals.backfill,raw/fda.refusals.backfill/2026/09/20260909T170530Z-bdd810c4ed3d.json.gz,1
fda.refusals.backfill,firm:3003794907,2024-03-13,2026-09-09T17:05:30Z,refused_at,20240313,yyyymmdd,fda.refusals.backfill,raw/fda.refusals.backfill/2026/09/20260909T170530Z-bdd810c4ed3d.json.gz,1
fda.refusals.backfill,firm:3004081295,2024-03-08,2026-09-09T17:05:30Z,firm_key,ASTRAZENECA INDIA,,fda.refusals.backfill,raw/fda.refusals.backfill/2026/09/20260909T170530Z-bdd810c4ed3d.json.gz,1
fda.refusals.backfill,firm:3004081295,2024-03-08,2026-09-09T17:05:30Z,import_refusal,1,count,fda.refusals.backfill,raw/fda.refusals.backfill/2026/09/20260909T170530Z-bdd810c4ed3d.json.gz,1
fda.refusals.backfill,firm:3004081295,2024-03-08,2026-09-09T17:05:30Z,is_drug_or_biologic,1,bool,fda.refusals.backfill,raw/fda.refusals.backfill/2026/09/20260909T170530Z-bdd810c4ed3d.json.gz,1
fda.refusals.backfill,firm:3004081295,2024-03-08,2026-09-09T17:05:30Z,is_foreign,1,bool,fda.refusals.backfill,raw/fda.refusals.backfill/2026/09/20260909T170530Z-bdd810c4ed3d.json.gz,1
fda.refusals.backfill,firm:3004081295,2024-03-08,2026-09-09T17:05:30Z,is_human_drug,1,bool,fda.refusals.backfill,raw/fda.refusals.backfill/2026/09/20260909T170530Z-bdd810c4ed3d.json.gz,1
fda.refusals.backfill,firm:3004081295,2024-03-08,2026-09-09T17:05:30Z,label,AstraZeneca Pharma India Limited,,fda.refusals.backfill,raw/fda.refusals.backfill/2026/09/20260909T170530Z-bdd810c4ed3d.json.gz,1
fda.refusals.backfill,firm:3004081295,2024-03-08,2026-09-09T17:05:30Z,refused_at,20240308,yyyymmdd,fda.refusals.backfill,raw/fda.refusals.backfill/2026/09/20260909T170530Z-bdd810c4ed3d.json.gz,1
fda.refusals.backfill,firm:3004101514,2024-03-05,2026-09-09T17:05:30Z,firm_key,RECKITT BENCKISER,,fda.refusals.backfill,raw/fda.refusals.backfill/2026/09/20260909T170530Z-bdd810c4ed3d.json.gz,1
fda.refusals.backfill,firm:3004101514,2024-03-05,2026-09-09T17:05:30Z,import_refusal,1,count,fda.refusals.backfill,raw/fda.refusals.backfill/2026/09/20260909T170530Z-bdd810c4ed3d.json.gz,1
fda.refusals.backfill,firm:3004101514,2024-03-05,2026-09-09T17:05:30Z,is_drug_or_biologic,1,bool,fda.refusals.backfill,raw/fda.refusals.backfill/2026/09/20260909T170530Z-bdd810c4ed3d.json.gz,1
fda.refusals.backfill,firm:3004101514,2024-03-05,2026-09-09T17:05:30Z,is_foreign,1,bool,fda.refusals.backfill,raw/fda.refusals.backfill/2026/09/20260909T170530Z-bdd810c4ed3d.json.gz,1
fda.refusals.backfill,firm:3004101514,2024-03-05,2026-09-09T17:05:30Z,is_human_drug,1,bool,fda.refusals.backfill,raw/fda.refusals.backfill/2026/09/20260909T170530Z-bdd810c4ed3d.json.gz,1
fda.refusals.backfill,firm:3004101514,2024-03-05,2026-09-09T17:05:30Z,label,Reckitt Benckiser,,fda.refusals.backfill,raw/fda.refusals.backfill/2026/09/20260909T170530Z-bdd810c4ed3d.json.gz,1
fda.refusals.backfill,firm:3004101514,2024-03-05,2026-09-09T17:05:30Z,refused_at,20240305,yyyymmdd,fda.refusals.backfill,raw/fda.refusals.backfill/2026/09/20260909T170530Z-bdd810c4ed3d.json.gz,1
fda.refusals.backfill,firm:3004104216,2024-03-29,2026-09-09T17:05:30Z,firm_key,VITAE LABORATORIOS,,fda.refusals.backfill,raw/fda.refusals.backfill/2026/09/20260909T170530Z-bdd810c4ed3d.json.gz,1
fda.refusals.backfill,firm:3004104216,2024-03-29,2026-09-09T17:05:30Z,import_refusal,1,count,fda.refusals.backfill,raw/fda.refusals.backfill/2026/09/20260909T170530Z-bdd810c4ed3d.json.gz,1
fda.refusals.backfill,firm:3004104216,2024-03-29,2026-09-09T17:05:30Z,is_drug_or_biologic,1,bool,fda.refusals.backfill,raw/fda.refusals.backfill/2026/09/20260909T170530Z-bdd810c4ed3d.json.gz,1
fda.refusals.backfill,firm:3004104216,2024-03-29,2026-09-09T17:05:30Z,is_foreign,1,bool,fda.refusals.backfill,raw/fda.refusals.backfill/2026/09/20260909T170530Z-bdd810c4ed3d.json.gz,1
fda.refusals.backfill,firm:3004104216,2024-03-29,2026-09-09T17:05:30Z,is_human_drug,1,bool,fda.refusals.backfill,raw/fda.refusals.backfill/2026/09/20260909T170530Z-bdd810c4ed3d.json.gz,1
fda.refusals.backfill,firm:3004104216,2024-03-29,2026-09-09T17:05:30Z,label,Vitae Laboratorios,,fda.refusals.backfill,raw/fda.refusals.backfill/2026/09/20260909T170530Z-bdd810c4ed3d.json.gz,1
fda.refusals.backfill,firm:3004104216,2024-03-29,2026-09-09T17:05:30Z,refused_at,20240329,yyyymmdd,fda.refusals.backfill,raw/fda.refusals.backfill/2026/09/20260909T170530Z-bdd810c4ed3d.json.gz,1
fda.refusals.backfill,firm:3004135088,2024-03-14,2026-09-09T17:05:30Z,firm_key,TAN ALIZE KOZMETIK VE TEMIZLIK URUNLERI SANAYI VE TICARET A S,,fda.refusals.backfill,raw/fda.refusals.backfill/2026/09/20260909T170530Z-bdd810c4ed3d.json.gz,1
fda.refusals.backfill,firm:3004135088,2024-03-14,2026-09-09T17:05:30Z,import_refusal,1,count,fda.refusals.backfill,raw/fda.refusals.backfill/2026/09/20260909T170530Z-bdd810c4ed3d.json.gz,1
fda.refusals.backfill,firm:3004135088,2024-03-14,2026-09-09T17:05:30Z,is_drug_or_biologic,1,bool,fda.refusals.backfill,raw/fda.refusals.backfill/2026/09/20260909T170530Z-bdd810c4ed3d.json.gz,1
fda.refusals.backfill,firm:3004135088,2024-03-14,2026-09-09T17:05:30Z,is_foreign,1,bool,fda.refusals.backfill,raw/fda.refusals.backfill/2026/09/20260909T170530Z-bdd810c4ed3d.json.gz,1
fda.refusals.backfill,firm:3004135088,2024-03-14,2026-09-09T17:05:30Z,is_human_drug,1,bool,fda.refusals.backfill,raw/fda.refusals.backfill/2026/09/20260909T170530Z-bdd810c4ed3d.json.gz,1
fda.refusals.backfill,firm:3004135088,2024-03-14,2026-09-09T17:05:30Z,label,Tan-Alize Kozmetik ve Temizlik Urunleri Sanayi ve Ticaret A.S.,,fda.refusals.backfill,raw/fda.refusals.backfill/2026/09/20260909T170530Z-bdd810c4ed3d.json.gz,1
fda.refusals.backfill,firm:3004135088,2024-03-14,2026-09-09T17:05:30Z,refused_at,20240314,yyyymmdd,fda.refusals.backfill,raw/fda.refusals.backfill/2026/09/20260909T170530Z-bdd810c4ed3d.json.gz,1
fda.refusals.backfill,firm:3004196193,2024-03-14,2026-09-09T17:05:30Z,firm_key,UNIQUE CHEMICALS A DIVISION OF J B CHEMICALS,,fda.refusals.backfill,raw/fda.refusals.backfill/2026/09/20260909T170530Z-bdd810c4ed3d.json.gz,1
fda.refusals.backfill,firm:3004196193,2024-03-14,2026-09-09T17:05:30Z,import_refusal,1,count,fda.refusals.backfill,raw/fda.refusals.backfill/2026/09/20260909T170530Z-bdd810c4ed3d.json.gz,1
fda.refusals.backfill,firm:3004196193,2024-03-14,2026-09-09T17:05:30Z,is_drug_or_biologic,1,bool,fda.refusals.backfill,raw/fda.refusals.backfill/2026/09/20260909T170530Z-bdd810c4ed3d.json.gz,1
fda.refusals.backfill,firm:3004196193,2024-03-14,2026-09-09T17:05:30Z,is_foreign,1,bool,fda.refusals.backfill,raw/fda.refusals.backfill/2026/09/20260909T170530Z-bdd810c4ed3d.json.gz,1
fda.refusals.backfill,firm:3004196193,2024-03-14,2026-09-09T17:05:30Z,is_human_drug,1,bool,fda.refusals.backfill,raw/fda.refusals.backfill/2026/09/20260909T170530Z-bdd810c4ed3d.json.gz,1
fda.refusals.backfill,firm:3004196193,2024-03-14,2026-09-09T17:05:30Z,label,Unique Chemicals (A Division of J.B. Chemicals & Pharmaceuticals Ltd.),,fda.refusals.backfill,raw/fda.refusals.backfill/2026/09/20260909T170530Z-bdd810c4ed3d.json.gz,1
fda.refusals.backfill,firm:3004196193,2024-03-14,2026-09-09T17:05:30Z,refused_at,20240314,yyyymmdd,fda.refusals.backfill,raw/fda.refusals.backfill/2026/09/20260909T170530Z-bdd810c4ed3d.json.gz,1
fda.refusals.backfill,firm:3004272092,2024-03-29,2026-09-09T17:05:30Z,firm_key,WOCKHARDT,,fda.refusals.backfill,raw/fda.refusals.backfill/2026/09/20260909T170530Z-bdd810c4ed3d.json.gz,1
fda.refusals.backfill,firm:3004272092,2024-03-29,2026-09-09T17:05:30Z,import_refusal,1,count,fda.refusals.backfill,raw/fda.refusals.backfill/2026/09/20260909T170530Z-bdd810c4ed3d.json.gz,1
fda.refusals.backfill,firm:3004272092,2024-03-29,2026-09-09T17:05:30Z,is_drug_or_biologic,1,bool,fda.refusals.backfill,raw/fda.refusals.backfill/2026/09/20260909T170530Z-bdd810c4ed3d.json.gz,1
fda.refusals.backfill,firm:3004272092,2024-03-29,2026-09-09T17:05:30Z,is_foreign,1,bool,fda.refusals.backfill,raw/fda.refusals.backfill/2026/09/20260909T170530Z-bdd810c4ed3d.json.gz,1
fda.refusals.backfill,firm:3004272092,2024-03-29,2026-09-09T17:05:30Z,is_human_drug,1,bool,fda.refusals.backfill,raw/fda.refusals.backfill/2026/09/20260909T170530Z-bdd810c4ed3d.json.gz,1
fda.refusals.backfill,firm:3004272092,2024-03-29,2026-09-09T17:05:30Z,label,Wockhardt Ltd.,,fda.refusals.backfill,raw/fda.refusals.backfill/2026/09/20260909T170530Z-bdd810c4ed3d.json.gz,1
fda.refusals.backfill,firm:3004272092,2024-03-29,2026-09-09T17:05:30Z,refused_at,20240329,yyyymmdd,fda.refusals.backfill,raw/fda.refusals.backfill/2026/09/20260909T170530Z-bdd810c4ed3d.json.gz,1
fda.refusals.backfill,firm:3004413356,2024-03-08,2026-09-09T17:05:30Z,firm_key,LABORATORIOS SENOSIAIN DE CV,,fda.refusals.backfill,raw/fda.refusals.backfill/2026/09/20260909T170530Z-bdd810c4ed3d.json.gz,1
fda.refusals.backfill,firm:3004413356,2024-03-08,2026-09-09T17:05:30Z,import_refusal,1,count,fda.refusals.backfill,raw/fda.refusals.backfill/2026/09/20260909T170530Z-bdd810c4ed3d.json.gz,1
fda.refusals.backfill,firm:3004413356,2024-03-08,2026-09-09T17:05:30Z,is_drug_or_biologic,1,bool,fda.refusals.backfill,raw/fda.refusals.backfill/2026/09/20260909T170530Z-bdd810c4ed3d.json.gz,1
fda.refusals.backfill,firm:3004413356,2024-03-08,2026-09-09T17:05:30Z,is_foreign,1,bool,fda.refusals.backfill,raw/fda.refusals.backfill/2026/09/20260909T170530Z-bdd810c4ed3d.json.gz,1
fda.refusals.backfill,firm:3004413356,2024-03-08,2026-09-09T17:05:30Z,is_human_drug,1,bool,fda.refusals.backfill,raw/fda.refusals.backfill/2026/09/20260909T170530Z-bdd810c4ed3d.json.gz,1
fda.refusals.backfill,firm:3004413356,2024-03-08,2026-09-09T17:05:30Z,label,Laboratorios Senosiain SA de CV,,fda.refusals.backfill,raw/fda.refusals.backfill/2026/09/20260909T170530Z-bdd810c4ed3d.json.gz,1
fda.refusals.backfill,firm:3004413356,2024-03-08,2026-09-09T17:05:30Z,refused_at,20240308,yyyymmdd,fda.refusals.backfill,raw/fda.refusals.backfill/2026/09/20260909T170530Z-bdd810c4ed3d.json.gz,1
fda.refusals.backfill,firm:3004413356,2024-03-13,2026-09-09T17:05:30Z,firm_key,LABORATORIOS SENOSIAIN DE CV,,fda.refusals.backfill,raw/fda.refusals.backfill/2026/09/20260909T170530Z-bdd810c4ed3d.json.gz,1
fda.refusals.backfill,firm:3004413356,2024-03-13,2026-09-09T17:05:30Z,import_refusal,1,count,fda.refusals.backfill,raw/fda.refusals.backfill/2026/09/20260909T170530Z-bdd810c4ed3d.json.gz,1
fda.refusals.backfill,firm:3004413356,2024-03-13,2026-09-09T17:05:30Z,is_drug_or_biologic,1,bool,fda.refusals.backfill,raw/fda.refusals.backfill/2026/09/20260909T170530Z-bdd810c4ed3d.json.gz,1
fda.refusals.backfill,firm:3004413356,2024-03-13,2026-09-09T17:05:30Z,is_foreign,1,bool,fda.refusals.backfill,raw/fda.refusals.backfill/2026/09/20260909T170530Z-bdd810c4ed3d.json.gz,1
fda.refusals.backfill,firm:3004413356,2024-03-13,2026-09-09T17:05:30Z,is_human_drug,1,bool,fda.refusals.backfill,raw/fda.refusals.backfill/2026/09/20260909T170530Z-bdd810c4ed3d.json.gz,1
fda.refusals.backfill,firm:3004413356,2024-03-13,2026-09-09T17:05:30Z,label,Laboratorios Senosiain SA de CV,,fda.refusals.backfill,raw/fda.refusals.backfill/2026/09/20260909T170530Z-bdd810c4ed3d.json.gz,1
fda.refusals.backfill,firm:3004413356,2024-03-13,2026-09-09T17:05:30Z,refused_at,20240313,yyyymmdd,fda.refusals.backfill,raw/fda.refusals.backfill/2026/09/20260909T170530Z-bdd810c4ed3d.json.gz,1
fda.refusals.backfill,firm:3004413356,2024-03-29,2026-09-09T17:05:30Z,firm_key,LABORATORIOS SENOSIAIN DE CV,,fda.refusals.backfill,raw/fda.refusals.backfill/2026/09/20260909T170530Z-bdd810c4ed3d.json.gz,1
fda.refusals.backfill,firm:3004413356,2024-03-29,2026-09-09T17:05:30Z,import_refusal,1,count,fda.refusals.backfill,raw/fda.refusals.backfill/2026/09/20260909T170530Z-bdd810c4ed3d.json.gz,1
fda.refusals.backfill,firm:3004413356,2024-03-29,2026-09-09T17:05:30Z,is_drug_or_biologic,1,bool,fda.refusals.backfill,raw/fda.refusals.backfill/2026/09/20260909T170530Z-bdd810c4ed3d.json.gz,1
fda.refusals.backfill,firm:3004413356,2024-03-29,2026-09-09T17:05:30Z,is_foreign,1,bool,fda.refusals.backfill,raw/fda.refusals.backfill/2026/09/20260909T170530Z-bdd810c4ed3d.json.gz,1
fda.refusals.backfill,firm:3004413356,2024-03-29,2026-09-09T17:05:30Z,is_human_drug,1,bool,fda.refusals.backfill,raw/fda.refusals.backfill/2026/09/20260909T170530Z-bdd810c4ed3d.json.gz,1
fda.refusals.backfill,firm:3004413356,2024-03-29,2026-09-09T17:05:30Z,label,Laboratorios Senosiain SA de CV,,fda.refusals.backfill,raw/fda.refusals.backfill/2026/09/20260909T170530Z-bdd810c4ed3d.json.gz,1
fda.refusals.backfill,firm:3004413356,2024-03-29,2026-09-09T17:05:30Z,refused_at,20240329,yyyymmdd,fda.refusals.backfill,raw/fda.refusals.backfill/2026/09/20260909T170530Z-bdd810c4ed3d.json.gz,1
fda.refusals.backfill,firm:3004486668,2024-03-05,2026-09-09T17:05:30Z,firm_key,OM,,fda.refusals.backfill,raw/fda.refusals.backfill/2026/09/20260909T170530Z-bdd810c4ed3d.json.gz,1
fda.refusals.backfill,firm:3004486668,2024-03-05,2026-09-09T17:05:30Z,import_refusal,1,count,fda.refusals.backfill,raw/fda.refusals.backfill/2026/09/20260909T170530Z-bdd810c4ed3d.json.gz,1
fda.refusals.backfill,firm:3004486668,2024-03-05,2026-09-09T17:05:30Z,is_drug_or_biologic,1,bool,fda.refusals.backfill,raw/fda.refusals.backfill/2026/09/20260909T170530Z-bdd810c4ed3d.json.gz,1
fda.refusals.backfill,firm:3004486668,2024-03-05,2026-09-09T17:05:30Z,is_foreign,1,bool,fda.refusals.backfill,raw/fda.refusals.backfill/2026/09/20260909T170530Z-bdd810c4ed3d.json.gz,1
fda.refusals.backfill,firm:3004486668,2024-03-05,2026-09-09T17:05:30Z,is_human_drug,1,bool,fda.refusals.backfill,raw/fda.refusals.backfill/2026/09/20260909T170530Z-bdd810c4ed3d.json.gz,1
fda.refusals.backfill,firm:3004486668,2024-03-05,2026-09-09T17:05:30Z,label,Om Pharma,,fda.refusals.backfill,raw/fda.refusals.backfill/2026/09/20260909T170530Z-bdd810c4ed3d.json.gz,1
fda.refusals.backfill,firm:3004486668,2024-03-05,2026-09-09T17:05:30Z,refused_at,20240305,yyyymmdd,fda.refusals.backfill,raw/fda.refusals.backfill/2026/09/20260909T170530Z-bdd810c4ed3d.json.gz,1
fda.refusals.backfill,firm:3004492234,2024-03-18,2026-09-09T17:05:30Z,firm_key,BERLIMED S A,,fda.refusals.backfill,raw/fda.refusals.backfill/2026/09/20260909T170530Z-bdd810c4ed3d.json.gz,1
fda.refusals.backfill,firm:3004492234,2024-03-18,2026-09-09T17:05:30Z,import_refusal,1,count,fda.refusals.backfill,raw/fda.refusals.backfill/2026/09/20260909T170530Z-bdd810c4ed3d.json.gz,1
fda.refusals.backfill,firm:3004492234,2024-03-18,2026-09-09T17:05:30Z,is_drug_or_biologic,1,bool,fda.refusals.backfill,raw/fda.refusals.backfill/2026/09/20260909T170530Z-bdd810c4ed3d.json.gz,1
fda.refusals.backfill,firm:3004492234,2024-03-18,2026-09-09T17:05:30Z,is_foreign,1,bool,fda.refusals.backfill,raw/fda.refusals.backfill/2026/09/20260909T170530Z-bdd810c4ed3d.json.gz,1
fda.refusals.backfill,firm:3004492234,2024-03-18,2026-09-09T17:05:30Z,is_human_drug,1,bool,fda.refusals.backfill,raw/fda.refusals.backfill/2026/09/20260909T170530Z-bdd810c4ed3d.json.gz,1
fda.refusals.backfill,firm:3004492234,2024-03-18,2026-09-09T17:05:30Z,label,"Berlimed, S.A.",,fda.refusals.backfill,raw/fda.refusals.backfill/2026/09/20260909T170530Z-bdd810c4ed3d.json.gz,1
fda.refusals.backfill,firm:3004492234,2024-03-18,2026-09-09T17:05:30Z,refused_at,20240318,yyyymmdd,fda.refusals.backfill,raw/fda.refusals.backfill/2026/09/20260909T170530Z-bdd810c4ed3d.json.gz,1
fda.refusals.backfill,firm:3004501995,2024-03-05,2026-09-09T17:05:30Z,firm_key,PRODUCTOS MAVER S A DE C V,,fda.refusals.backfill,raw/fda.refusals.backfill/2026/09/20260909T170530Z-bdd810c4ed3d.json.gz,1
fda.refusals.backfill,firm:3004501995,2024-03-05,2026-09-09T17:05:30Z,import_refusal,1,count,fda.refusals.backfill,raw/fda.refusals.backfill/2026/09/20260909T170530Z-bdd810c4ed3d.json.gz,1
fda.refusals.backfill,firm:3004501995,2024-03-05,2026-09-09T17:05:30Z,is_drug_or_biologic,1,bool,fda.refusals.backfill,raw/fda.refusals.backfill/2026/09/20260909T170530Z-bdd810c4ed3d.json.gz,1
fda.refusals.backfill,firm:3004501995,2024-03-05,2026-09-09T17:05:30Z,is_foreign,1,bool,fda.refusals.backfill,raw/fda.refusals.backfill/2026/09/20260909T170530Z-bdd810c4ed3d.json.gz,1
fda.refusals.backfill,firm:3004501995,2024-03-05,2026-09-09T17:05:30Z,is_human_drug,1,bool,fda.refusals.backfill,raw/fda.refusals.backfill/2026/09/20260909T170530Z-bdd810c4ed3d.json.gz,1
fda.refusals.backfill,firm:3004501995,2024-03-05,2026-09-09T17:05:30Z,label,"Productos Maver, S.A. de C.V.",,fda.refusals.backfill,raw/fda.refusals.backfill/2026/09/20260909T170530Z-bdd810c4ed3d.json.gz,1
fda.refusals.backfill,firm:3004501995,2024-03-05,2026-09-09T17:05:30Z,refused_at,20240305,yyyymmdd,fda.refusals.backfill,raw/fda.refusals.backfill/2026/09/20260909T170530Z-bdd810c4ed3d.json.gz,1
fda.refusals.backfill,firm:3004501995,2024-03-08,2026-09-09T17:05:30Z,firm_key,PRODUCTOS MAVER S A DE C V,,fda.refusals.backfill,raw/fda.refusals.backfill/2026/09/20260909T170530Z-bdd810c4ed3d.json.gz,1
fda.refusals.backfill,firm:3004501995,2024-03-08,2026-09-09T17:05:30Z,import_refusal,1,count,fda.refusals.backfill,raw/fda.refusals.backfill/2026/09/20260909T170530Z-bdd810c4ed3d.json.gz,1
fda.refusals.backfill,firm:3004501995,2024-03-08,2026-09-09T17:05:30Z,is_drug_or_biologic,1,bool,fda.refusals.backfill,raw/fda.refusals.backfill/2026/09/20260909T170530Z-bdd810c4ed3d.json.gz,1
fda.refusals.backfill,firm:3004501995,2024-03-08,2026-09-09T17:05:30Z,is_foreign,1,bool,fda.refusals.backfill,raw/fda.refusals.backfill/2026/09/20260909T170530Z-bdd810c4ed3d.json.gz,1
fda.refusals.backfill,firm:3004501995,2024-03-08,2026-09-09T17:05:30Z,is_human_drug,1,bool,fda.refusals.backfill,raw/fda.refusals.backfill/2026/09/20260909T170530Z-bdd810c4ed3d.json.gz,1
fda.refusals.backfill,firm:3004501995,2024-03-08,2026-09-09T17:05:30Z,label,"Productos Maver, S.A. de C.V.",,fda.refusals.backfill,raw/fda.refusals.backfill/2026/09/20260909T170530Z-bdd810c4ed3d.json.gz,1
fda.refusals.backfill,firm:3004501995,2024-03-08,2026-09-09T17:05:30Z,refused_at,20240308,yyyymmdd,fda.refusals.backfill,raw/fda.refusals.backfill/2026/09/20260909T170530Z-bdd810c4ed3d.json.gz,1
fda.refusals.backfill,firm:3004529241,2024-03-22,2026-09-09T17:05:30Z,firm_key,LUPIN,,fda.refusals.backfill,raw/fda.refusals.backfill/2026/09/20260909T170530Z-bdd810c4ed3d.json.gz,1
fda.refusals.backfill,firm:3004529241,2024-03-22,2026-09-09T17:05:30Z,import_refusal,1,count,fda.refusals.backfill,raw/fda.refusals.backfill/2026/09/20260909T170530Z-bdd810c4ed3d.json.gz,1
fda.refusals.backfill,firm:3004529241,2024-03-22,2026-09-09T17:05:30Z,is_drug_or_biologic,1,bool,fda.refusals.backfill,raw/fda.refusals.backfill/2026/09/20260909T170530Z-bdd810c4ed3d.json.gz,1
fda.refusals.backfill,firm:3004529241,2024-03-22,2026-09-09T17:05:30Z,is_foreign,1,bool,fda.refusals.backfill,raw/fda.refusals.backfill/2026/09/20260909T170530Z-bdd810c4ed3d.json.gz,1
fda.refusals.backfill,firm:3004529241,2024-03-22,2026-09-09T17:05:30Z,is_human_drug,1,bool,fda.refusals.backfill,raw/fda.refusals.backfill/2026/09/20260909T170530Z-bdd810c4ed3d.json.gz,1
fda.refusals.backfill,firm:3004529241,2024-03-22,2026-09-09T17:05:30Z,label,Lupin Limited,,fda.refusals.backfill,raw/fda.refusals.backfill/2026/09/20260909T170530Z-bdd810c4ed3d.json.gz,1
fda.refusals.backfill,firm:3004529241,2024-03-22,2026-09-09T17:05:30Z,refused_at,20240322,yyyymmdd,fda.refusals.backfill,raw/fda.refusals.backfill/2026/09/20260909T170530Z-bdd810c4ed3d.json.gz,1
fda.refusals.backfill,firm:3004561434,2024-03-19,2026-09-09T17:05:30Z,firm_key,DSM NUTRITIONAL PRODUCTS GLOBAL APPLICATION CENTER,,fda.refusals.backfill,raw/fda.refusals.backfill/2026/09/20260909T170530Z-bdd810c4ed3d.json.gz,1
fda.refusals.backfill,firm:3004561434,2024-03-19,2026-09-09T17:05:30Z,import_refusal,1,count,fda.refusals.backfill,raw/fda.refusals.backfill/2026/09/20260909T170530Z-bdd810c4ed3d.json.gz,1
fda.refusals.backfill,firm:3004561434,2024-03-19,2026-09-09T17:05:30Z,is_drug_or_biologic,1,bool,fda.refusals.backfill,raw/fda.refusals.backfill/2026/09/20260909T170530Z-bdd810c4ed3d.json.gz,1
fda.refusals.backfill,firm:3004561434,2024-03-19,2026-09-09T17:05:30Z,is_foreign,1,bool,fda.refusals.backfill,raw/fda.refusals.backfill/2026/09/20260909T170530Z-bdd810c4ed3d.json.gz,1
fda.refusals.backfill,firm:3004561434,2024-03-19,2026-09-09T17:05:30Z,is_human_drug,0,bool,fda.refusals.backfill,raw/fda.refusals.backfill/2026/09/20260909T170530Z-bdd810c4ed3d.json.gz,1
fda.refusals.backfill,firm:3004561434,2024-03-19,2026-09-09T17:05:30Z,label,DSM Nutritional Products Global Application Center,,fda.refusals.backfill,raw/fda.refusals.backfill/2026/09/20260909T170530Z-bdd810c4ed3d.json.gz,1
fda.refusals.backfill,firm:3004561434,2024-03-19,2026-09-09T17:05:30Z,refused_at,20240319,yyyymmdd,fda.refusals.backfill,raw/fda.refusals.backfill/2026/09/20260909T170530Z-bdd810c4ed3d.json.gz,1
fda.refusals.backfill,firm:3004587220,2024-03-20,2026-09-09T17:05:30Z,firm_key,ZENTIVA A S,,fda.refusals.backfill,raw/fda.refusals.backfill/2026/09/20260909T170530Z-bdd810c4ed3d.json.gz,1
fda.refusals.backfill,firm:3004587220,2024-03-20,2026-09-09T17:05:30Z,import_refusal,1,count,fda.refusals.backfill,raw/fda.refusals.backfill/2026/09/20260909T170530Z-bdd810c4ed3d.json.gz,1
fda.refusals.backfill,firm:3004587220,2024-03-20,2026-09-09T17:05:30Z,is_drug_or_biologic,1,bool,fda.refusals.backfill,raw/fda.refusals.backfill/2026/09/20260909T170530Z-bdd810c4ed3d.json.gz,1
fda.refusals.backfill,firm:3004587220,2024-03-20,2026-09-09T17:05:30Z,is_foreign,1,bool,fda.refusals.backfill,raw/fda.refusals.backfill/2026/09/20260909T170530Z-bdd810c4ed3d.json.gz,1
fda.refusals.backfill,firm:3004587220,2024-03-20,2026-09-09T17:05:30Z,is_human_drug,1,bool,fda.refusals.backfill,raw/fda.refusals.backfill/2026/09/20260909T170530Z-bdd810c4ed3d.json.gz,1
fda.refusals.backfill,firm:3004587220,2024-03-20,2026-09-09T17:05:30Z,label,"Zentiva Group, a.s.",,fda.refusals.backfill,raw/fda.refusals.backfill/2026/09/20260909T170530Z-bdd810c4ed3d.json.gz,1
fda.refusals.backfill,firm:3004587220,2024-03-20,2026-09-09T17:05:30Z,refused_at,20240320,yyyymmdd,fda.refusals.backfill,raw/fda.refusals.backfill/2026/09/20260909T170530Z-bdd810c4ed3d.json.gz,1
fda.refusals.backfill,firm:3004604516,2024-03-13,2026-09-09T17:05:30Z,firm_key,PROTEIN S A DE C V,,fda.refusals.backfill,raw/fda.refusals.backfill/2026/09/20260909T170530Z-bdd810c4ed3d.json.gz,1
fda.refusals.backfill,firm:3004604516,2024-03-13,2026-09-09T17:05:30Z,import_refusal,1,count,fda.refusals.backfill,raw/fda.refusals.backfill/2026/09/20260909T170530Z-bdd810c4ed3d.json.gz,1
fda.refusals.backfill,firm:3004604516,2024-03-13,2026-09-09T17:05:30Z,is_drug_or_biologic,1,bool,fda.refusals.backfill,raw/fda.refusals.backfill/2026/09/20260909T170530Z-bdd810c4ed3d.json.gz,1
fda.refusals.backfill,firm:3004604516,2024-03-13,2026-09-09T17:05:30Z,is_foreign,1,bool,fda.refusals.backfill,raw/fda.refusals.backfill/2026/09/20260909T170530Z-bdd810c4ed3d.json.gz,1
fda.refusals.backfill,firm:3004604516,2024-03-13,2026-09-09T17:05:30Z,is_human_drug,1,bool,fda.refusals.backfill,raw/fda.refusals.backfill/2026/09/20260909T170530Z-bdd810c4ed3d.json.gz,1
fda.refusals.backfill,firm:3004604516,2024-03-13,2026-09-09T17:05:30Z,label,Protein S.A. De C.V.,,fda.refusals.backfill,raw/fda.refusals.backfill/2026/09/20260909T170530Z-bdd810c4ed3d.json.gz,1
fda.refusals.backfill,firm:3004604516,2024-03-13,2026-09-09T17:05:30Z,refused_at,20240313,yyyymmdd,fda.refusals.backfill,raw/fda.refusals.backfill/2026/09/20260909T170530Z-bdd810c4ed3d.json.gz,1
fda.refusals.backfill,firm:3004683284,2024-03-26,2026-09-09T17:05:30Z,firm_key,E TRENTO SPA,,fda.refusals.backfill,raw/fda.refusals.backfill/2026/09/20260909T170530Z-bdd810c4ed3d.json.gz,1
fda.refusals.backfill,firm:3004683284,2024-03-26,2026-09-09T17:05:30Z,import_refusal,1,count,fda.refusals.backfill,raw/fda.refusals.backfill/2026/09/20260909T170530Z-bdd810c4ed3d.json.gz,1
fda.refusals.backfill,firm:3004683284,2024-03-26,2026-09-09T17:05:30Z,is_drug_or_biologic,1,bool,fda.refusals.backfill,raw/fda.refusals.backfill/2026/09/20260909T170530Z-bdd810c4ed3d.json.gz,1
fda.refusals.backfill,firm:3004683284,2024-03-26,2026-09-09T17:05:30Z,is_foreign,1,bool,fda.refusals.backfill,raw/fda.refusals.backfill/2026/09/20260909T170530Z-bdd810c4ed3d.json.gz,1
fda.refusals.backfill,firm:3004683284,2024-03-26,2026-09-09T17:05:30Z,is_human_drug,1,bool,fda.refusals.backfill,raw/fda.refusals.backfill/2026/09/20260909T170530Z-bdd810c4ed3d.json.gz,1
fda.refusals.backfill,firm:3004683284,2024-03-26,2026-09-09T17:05:30Z,label,E-Pharma Trento SPA,,fda.refusals.backfill,raw/fda.refusals.backfill/2026/09/20260909T170530Z-bdd810c4ed3d.json.gz,1
fda.refusals.backfill,firm:3004683284,2024-03-26,2026-09-09T17:05:30Z,refused_at,20240326,yyyymmdd,fda.refusals.backfill,raw/fda.refusals.backfill/2026/09/20260909T170530Z-bdd810c4ed3d.json.gz,1
fda.refusals.backfill,firm:3004908893,2024-03-29,2026-09-09T17:05:30Z,firm_key,JIANGSU YONGDA,,fda.refusals.backfill,raw/fda.refusals.backfill/2026/09/20260909T170530Z-bdd810c4ed3d.json.gz,1
fda.refusals.backfill,firm:3004908893,2024-03-29,2026-09-09T17:05:30Z,import_refusal,1,count,fda.refusals.backfill,raw/fda.refusals.backfill/2026/09/20260909T170530Z-bdd810c4ed3d.json.gz,1
fda.refusals.backfill,firm:3004908893,2024-03-29,2026-09-09T17:05:30Z,is_drug_or_biologic,1,bool,fda.refusals.backfill,raw/fda.refusals.backfill/2026/09/20260909T170530Z-bdd810c4ed3d.json.gz,1
fda.refusals.backfill,firm:3004908893,2024-03-29,2026-09-09T17:05:30Z,is_foreign,1,bool,fda.refusals.backfill,raw/fda.refusals.backfill/2026/09/20260909T170530Z-bdd810c4ed3d.json.gz,1
fda.refusals.backfill,firm:3004908893,2024-03-29,2026-09-09T17:05:30Z,is_human_drug,1,bool,fda.refusals.backfill,raw/fda.refusals.backfill/2026/09/20260909T170530Z-bdd810c4ed3d.json.gz,1
fda.refusals.backfill,firm:3004908893,2024-03-29,2026-09-09T17:05:30Z,label,"Jiangsu Yongda Pharmaceutical Co., Ltd.",,fda.refusals.backfill,raw/fda.refusals.backfill/2026/09/20260909T170530Z-bdd810c4ed3d.json.gz,1
fda.refusals.backfill,firm:3004908893,2024-03-29,2026-09-09T17:05:30Z,refused_at,20240329,yyyymmdd,fda.refusals.backfill,raw/fda.refusals.backfill/2026/09/20260909T170530Z-bdd810c4ed3d.json.gz,1
fda.refusals.backfill,firm:3005125301,2024-03-08,2026-09-09T17:05:30Z,firm_key,RELIANCE FORMULATION,,fda.refusals.backfill,raw/fda.refusals.backfill/2026/09/20260909T170530Z-bdd810c4ed3d.json.gz,1
fda.refusals.backfill,firm:3005125301,2024-03-08,2026-09-09T17:05:30Z,import_refusal,1,count,fda.refusals.backfill,raw/fda.refusals.backfill/2026/09/20260909T170530Z-bdd810c4ed3d.json.gz,1
fda.refusals.backfill,firm:3005125301,2024-03-08,2026-09-09T17:05:30Z,is_drug_or_biologic,1,bool,fda.refusals.backfill,raw/fda.refusals.backfill/2026/09/20260909T170530Z-bdd810c4ed3d.json.gz,1
fda.refusals.backfill,firm:3005125301,2024-03-08,2026-09-09T17:05:30Z,is_foreign,1,bool,fda.refusals.backfill,raw/fda.refusals.backfill/2026/09/20260909T170530Z-bdd810c4ed3d.json.gz,1
fda.refusals.backfill,firm:3005125301,2024-03-08,2026-09-09T17:05:30Z,is_human_drug,1,bool,fda.refusals.backfill,raw/fda.refusals.backfill/2026/09/20260909T170530Z-bdd810c4ed3d.json.gz,1
fda.refusals.backfill,firm:3005125301,2024-03-08,2026-09-09T17:05:30Z,label,Reliance Formulation Pvt.Ltd,,fda.refusals.backfill,raw/fda.refusals.backfill/2026/09/20260909T170530Z-bdd810c4ed3d.json.gz,1
fda.refusals.backfill,firm:3005125301,2024-03-08,2026-09-09T17:05:30Z,refused_at,20240308,yyyymmdd,fda.refusals.backfill,raw/fda.refusals.backfill/2026/09/20260909T170530Z-bdd810c4ed3d.json.gz,1
fda.refusals.backfill,firm:3005430968,2024-03-11,2026-09-09T17:05:30Z,firm_key,ZYDUS LIFESCIENCES,,fda.refusals.backfill,raw/fda.refusals.backfill/2026/09/20260909T170530Z-bdd810c4ed3d.json.gz,1
fda.refusals.backfill,firm:3005430968,2024-03-11,2026-09-09T17:05:30Z,import_refusal,1,count,fda.refusals.backfill,raw/fda.refusals.backfill/2026/09/20260909T170530Z-bdd810c4ed3d.json.gz,1
fda.refusals.backfill,firm:3005430968,2024-03-11,2026-09-09T17:05:30Z,is_drug_or_biologic,1,bool,fda.refusals.backfill,raw/fda.refusals.backfill/2026/09/20260909T170530Z-bdd810c4ed3d.json.gz,1
fda.refusals.backfill,firm:3005430968,2024-03-11,2026-09-09T17:05:30Z,is_foreign,1,bool,fda.refusals.backfill,raw/fda.refusals.backfill/2026/09/20260909T170530Z-bdd810c4ed3d.json.gz,1
fda.refusals.backfill,firm:3005430968,2024-03-11,2026-09-09T17:05:30Z,is_human_drug,1,bool,fda.refusals.backfill,raw/fda.refusals.backfill/2026/09/20260909T170530Z-bdd810c4ed3d.json.gz,1
fda.refusals.backfill,firm:3005430968,2024-03-11,2026-09-09T17:05:30Z,label,Zydus Lifesciences Limited,,fda.refusals.backfill,raw/fda.refusals.backfill/2026/09/20260909T170530Z-bdd810c4ed3d.json.gz,1
fda.refusals.backfill,firm:3005430968,2024-03-11,2026-09-09T17:05:30Z,refused_at,20240311,yyyymmdd,fda.refusals.backfill,raw/fda.refusals.backfill/2026/09/20260909T170530Z-bdd810c4ed3d.json.gz,1
fda.refusals.backfill,firm:3005587188,2024-03-18,2026-09-09T17:05:30Z,firm_key,NORBROOK,,fda.refusals.backfill,raw/fda.refusals.backfill/2026/09/20260909T170530Z-bdd810c4ed3d.json.gz,1
fda.refusals.backfill,firm:3005587188,2024-03-18,2026-09-09T17:05:30Z,import_refusal,1,count,fda.refusals.backfill,raw/fda.refusals.backfill/2026/09/20260909T170530Z-bdd810c4ed3d.json.gz,1
fda.refusals.backfill,firm:3005587188,2024-03-18,2026-09-09T17:05:30Z,is_drug_or_biologic,1,bool,fda.refusals.backfill,raw/fda.refusals.backfill/2026/09/20260909T170530Z-bdd810c4ed3d.json.gz,1
fda.refusals.backfill,firm:3005587188,2024-03-18,2026-09-09T17:05:30Z,is_foreign,1,bool,fda.refusals.backfill,raw/fda.refusals.backfill/2026/09/20260909T170530Z-bdd810c4ed3d.json.gz,1
fda.refusals.backfill,firm:3005587188,2024-03-18,2026-09-09T17:05:30Z,is_human_drug,1,bool,fda.refusals.backfill,raw/fda.refusals.backfill/2026/09/20260909T170530Z-bdd810c4ed3d.json.gz,1
fda.refusals.backfill,firm:3005587188,2024-03-18,2026-09-09T17:05:30Z,label,Norbrook Laboratories Limited,,fda.refusals.backfill,raw/fda.refusals.backfill/2026/09/20260909T170530Z-bdd810c4ed3d.json.gz,1
fda.refusals.backfill,firm:3005587188,2024-03-18,2026-09-09T17:05:30Z,refused_at,20240318,yyyymmdd,fda.refusals.backfill,raw/fda.refusals.backfill/2026/09/20260909T170530Z-bdd810c4ed3d.json.gz,1
fda.refusals.backfill,firm:3005656362,2024-03-27,2026-09-09T17:05:30Z,firm_key,RECKITT BENCKISER HEALTHCARE,,fda.refusals.backfill,raw/fda.refusals.backfill/2026/09/20260909T170530Z-bdd810c4ed3d.json.gz,1
fda.refusals.backfill,firm:3005656362,2024-03-27,2026-09-09T17:05:30Z,import_refusal,1,count,fda.refusals.backfill,raw/fda.refusals.backfill/2026/09/20260909T170530Z-bdd810c4ed3d.json.gz,1
fda.refusals.backfill,firm:3005656362,2024-03-27,2026-09-09T17:05:30Z,is_drug_or_biologic,1,bool,fda.refusals.backfill,raw/fda.refusals.backfill/2026/09/20260909T170530Z-bdd810c4ed3d.json.gz,1
fda.refusals.backfill,firm:3005656362,2024-03-27,2026-09-09T17:05:30Z,is_foreign,1,bool,fda.refusals.backfill,raw/fda.refusals.backfill/2026/09/20260909T170530Z-bdd810c4ed3d.json.gz,1
fda.refusals.backfill,firm:3005656362,2024-03-27,2026-09-09T17:05:30Z,is_human_drug,1,bool,fda.refusals.backfill,raw/fda.refusals.backfill/2026/09/20260909T170530Z-bdd810c4ed3d.json.gz,1
fda.refusals.backfill,firm:3005656362,2024-03-27,2026-09-09T17:05:30Z,label,Reckitt Benckiser Healthcare International Ltd.,,fda.refusals.backfill,raw/fda.refusals.backfill/2026/09/20260909T170530Z-bdd810c4ed3d.json.gz,1
fda.refusals.backfill,firm:3005656362,2024-03-27,2026-09-09T17:05:30Z,refused_at,20240327,yyyymmdd,fda.refusals.backfill,raw/fda.refusals.backfill/2026/09/20260909T170530Z-bdd810c4ed3d.json.gz,1
fda.refusals.backfill,firm:3005656362,2024-03-28,2026-09-09T17:05:30Z,firm_key,RECKITT BENCKISER HEALTHCARE,,fda.refusals.backfill,raw/fda.refusals.backfill/2026/09/20260909T170530Z-bdd810c4ed3d.json.gz,1
fda.refusals.backfill,firm:3005656362,2024-03-28,2026-09-09T17:05:30Z,import_refusal,1,count,fda.refusals.backfill,raw/fda.refusals.backfill/2026/09/20260909T170530Z-bdd810c4ed3d.json.gz,1
fda.refusals.backfill,firm:3005656362,2024-03-28,2026-09-09T17:05:30Z,is_drug_or_biologic,1,bool,fda.refusals.backfill,raw/fda.refusals.backfill/2026/09/20260909T170530Z-bdd810c4ed3d.json.gz,1
fda.refusals.backfill,firm:3005656362,2024-03-28,2026-09-09T17:05:30Z,is_foreign,1,bool,fda.refusals.backfill,raw/fda.refusals.backfill/2026/09/20260909T170530Z-bdd810c4ed3d.json.gz,1
fda.refusals.backfill,firm:3005656362,2024-03-28,2026-09-09T17:05:30Z,is_human_drug,1,bool,fda.refusals.backfill,raw/fda.refusals.backfill/2026/09/20260909T170530Z-bdd810c4ed3d.json.gz,1
fda.refusals.backfill,firm:3005656362,2024-03-28,2026-09-09T17:05:30Z,label,Reckitt Benckiser Healthcare International Ltd.,,fda.refusals.backfill,raw/fda.refusals.backfill/2026/09/20260909T170530Z-bdd810c4ed3d.json.gz,1
fda.refusals.backfill,firm:3005656362,2024-03-28,2026-09-09T17:05:30Z,refused_at,20240328,yyyymmdd,fda.refusals.backfill,raw/fda.refusals.backfill/2026/09/20260909T170530Z-bdd810c4ed3d.json.gz,1
fda.refusals.backfill,firm:3005669319,2024-03-26,2026-09-09T17:05:30Z,firm_key,ENCUBE ETHICALS,,fda.refusals.backfill,raw/fda.refusals.backfill/2026/09/20260909T170530Z-bdd810c4ed3d.json.gz,1
fda.refusals.backfill,firm:3005669319,2024-03-26,2026-09-09T17:05:30Z,import_refusal,1,count,fda.refusals.backfill,raw/fda.refusals.backfill/2026/09/20260909T170530Z-bdd810c4ed3d.json.gz,1
fda.refusals.backfill,firm:3005669319,2024-03-26,2026-09-09T17:05:30Z,is_drug_or_biologic,1,bool,fda.refusals.backfill,raw/fda.refusals.backfill/2026/09/20260909T170530Z-bdd810c4ed3d.json.gz,1
fda.refusals.backfill,firm:3005669319,2024-03-26,2026-09-09T17:05:30Z,is_foreign,1,bool,fda.refusals.backfill,raw/fda.refusals.backfill/2026/09/20260909T170530Z-bdd810c4ed3d.json.gz,1
fda.refusals.backfill,firm:3005669319,2024-03-26,2026-09-09T17:05:30Z,is_human_drug,1,bool,fda.refusals.backfill,raw/fda.refusals.backfill/2026/09/20260909T170530Z-bdd810c4ed3d.json.gz,1
fda.refusals.backfill,firm:3005669319,2024-03-26,2026-09-09T17:05:30Z,label,Encube Ethicals Pvt. Ltd.,,fda.refusals.backfill,raw/fda.refusals.backfill/2026/09/20260909T170530Z-bdd810c4ed3d.json.gz,1
fda.refusals.backfill,firm:3005669319,2024-03-26,2026-09-09T17:05:30Z,refused_at,20240326,yyyymmdd,fda.refusals.backfill,raw/fda.refusals.backfill/2026/09/20260909T170530Z-bdd810c4ed3d.json.gz,1
fda.refusals.backfill,firm:3005669319,2024-03-29,2026-09-09T17:05:30Z,firm_key,ENCUBE ETHICALS,,fda.refusals.backfill,raw/fda.refusals.backfill/2026/09/20260909T170530Z-bdd810c4ed3d.json.gz,1
fda.refusals.backfill,firm:3005669319,2024-03-29,2026-09-09T17:05:30Z,import_refusal,1,count,fda.refusals.backfill,raw/fda.refusals.backfill/2026/09/20260909T170530Z-bdd810c4ed3d.json.gz,1
fda.refusals.backfill,firm:3005669319,2024-03-29,2026-09-09T17:05:30Z,is_drug_or_biologic,1,bool,fda.refusals.backfill,raw/fda.refusals.backfill/2026/09/20260909T170530Z-bdd810c4ed3d.json.gz,1
fda.refusals.backfill,firm:3005669319,2024-03-29,2026-09-09T17:05:30Z,is_foreign,1,bool,fda.refusals.backfill,raw/fda.refusals.backfill/2026/09/20260909T170530Z-bdd810c4ed3d.json.gz,1
fda.refusals.backfill,firm:3005669319,2024-03-29,2026-09-09T17:05:30Z,is_human_drug,1,bool,fda.refusals.backfill,raw/fda.refusals.backfill/2026/09/20260909T170530Z-bdd810c4ed3d.json.gz,1
fda.refusals.backfill,firm:3005669319,2024-03-29,2026-09-09T17:05:30Z,label,Encube Ethicals Pvt. Ltd.,,fda.refusals.backfill,raw/fda.refusals.backfill/2026/09/20260909T170530Z-bdd810c4ed3d.json.gz,1
fda.refusals.backfill,firm:3005669319,2024-03-29,2026-09-09T17:05:30Z,refused_at,20240329,yyyymmdd,fda.refusals.backfill,raw/fda.refusals.backfill/2026/09/20260909T170530Z-bdd810c4ed3d.json.gz,1
fda.refusals.backfill,firm:3005822020,2024-03-23,2026-09-09T17:05:30Z,firm_key,EXEMED,,fda.refusals.backfill,raw/fda.refusals.backfill/2026/09/20260909T170530Z-bdd810c4ed3d.json.gz,1
fda.refusals.backfill,firm:3005822020,2024-03-23,2026-09-09T17:05:30Z,import_refusal,1,count,fda.refusals.backfill,raw/fda.refusals.backfill/2026/09/20260909T170530Z-bdd810c4ed3d.json.gz,1
fda.refusals.backfill,firm:3005822020,2024-03-23,2026-09-09T17:05:30Z,is_drug_or_biologic,1,bool,fda.refusals.backfill,raw/fda.refusals.backfill/2026/09/20260909T170530Z-bdd810c4ed3d.json.gz,1
fda.refusals.backfill,firm:3005822020,2024-03-23,2026-09-09T17:05:30Z,is_foreign,1,bool,fda.refusals.backfill,raw/fda.refusals.backfill/2026/09/20260909T170530Z-bdd810c4ed3d.json.gz,1
fda.refusals.backfill,firm:3005822020,2024-03-23,2026-09-09T17:05:30Z,is_human_drug,1,bool,fda.refusals.backfill,raw/fda.refusals.backfill/2026/09/20260909T170530Z-bdd810c4ed3d.json.gz,1
fda.refusals.backfill,firm:3005822020,2024-03-23,2026-09-09T17:05:30Z,label,Exemed Pharmaceuticals,,fda.refusals.backfill,raw/fda.refusals.backfill/2026/09/20260909T170530Z-bdd810c4ed3d.json.gz,1
fda.refusals.backfill,firm:3005822020,2024-03-23,2026-09-09T17:05:30Z,refused_at,20240323,yyyymmdd,fda.refusals.backfill,raw/fda.refusals.backfill/2026/09/20260909T170530Z-bdd810c4ed3d.json.gz,1
fda.refusals.backfill,firm:3005850679,2024-03-29,2026-09-09T17:05:30Z,firm_key,GLAXO SMITH,,fda.refusals.backfill,raw/fda.refusals.backfill/2026/09/20260909T170530Z-bdd810c4ed3d.json.gz,1
fda.refusals.backfill,firm:3005850679,2024-03-29,2026-09-09T17:05:30Z,import_refusal,1,count,fda.refusals.backfill,raw/fda.refusals.backfill/2026/09/20260909T170530Z-bdd810c4ed3d.json.gz,1
fda.refusals.backfill,firm:3005850679,2024-03-29,2026-09-09T17:05:30Z,is_drug_or_biologic,1,bool,fda.refusals.backfill,raw/fda.refusals.backfill/2026/09/20260909T170530Z-bdd810c4ed3d.json.gz,1
fda.refusals.backfill,firm:3005850679,2024-03-29,2026-09-09T17:05:30Z,is_foreign,1,bool,fda.refusals.backfill,raw/fda.refusals.backfill/2026/09/20260909T170530Z-bdd810c4ed3d.json.gz,1
fda.refusals.backfill,firm:3005850679,2024-03-29,2026-09-09T17:05:30Z,is_human_drug,1,bool,fda.refusals.backfill,raw/fda.refusals.backfill/2026/09/20260909T170530Z-bdd810c4ed3d.json.gz,1
fda.refusals.backfill,firm:3005850679,2024-03-29,2026-09-09T17:05:30Z,label,Glaxo Smith Pharma Ltd,,fda.refusals.backfill,raw/fda.refusals.backfill/2026/09/20260909T170530Z-bdd810c4ed3d.json.gz,1
fda.refusals.backfill,firm:3005850679,2024-03-29,2026-09-09T17:05:30Z,refused_at,20240329,yyyymmdd,fda.refusals.backfill,raw/fda.refusals.backfill/2026/09/20260909T170530Z-bdd810c4ed3d.json.gz,1
fda.refusals.backfill,firm:3006076347,2024-03-13,2026-09-09T17:05:30Z,firm_key,GRIMANN S A DE C V,,fda.refusals.backfill,raw/fda.refusals.backfill/2026/09/20260909T170530Z-bdd810c4ed3d.json.gz,1
fda.refusals.backfill,firm:3006076347,2024-03-13,2026-09-09T17:05:30Z,import_refusal,1,count,fda.refusals.backfill,raw/fda.refusals.backfill/2026/09/20260909T170530Z-bdd810c4ed3d.json.gz,1
fda.refusals.backfill,firm:3006076347,2024-03-13,2026-09-09T17:05:30Z,is_drug_or_biologic,1,bool,fda.refusals.backfill,raw/fda.refusals.backfill/2026/09/20260909T170530Z-bdd810c4ed3d.json.gz,1
fda.refusals.backfill,firm:3006076347,2024-03-13,2026-09-09T17:05:30Z,is_foreign,1,bool,fda.refusals.backfill,raw/fda.refusals.backfill/2026/09/20260909T170530Z-bdd810c4ed3d.json.gz,1
fda.refusals.backfill,firm:3006076347,2024-03-13,2026-09-09T17:05:30Z,is_human_drug,1,bool,fda.refusals.backfill,raw/fda.refusals.backfill/2026/09/20260909T170530Z-bdd810c4ed3d.json.gz,1
fda.refusals.backfill,firm:3006076347,2024-03-13,2026-09-09T17:05:30Z,label,"Grimann, S.A. de C.V.",,fda.refusals.backfill,raw/fda.refusals.backfill/2026/09/20260909T170530Z-bdd810c4ed3d.json.gz,1
fda.refusals.backfill,firm:3006076347,2024-03-13,2026-09-09T17:05:30Z,refused_at,20240313,yyyymmdd,fda.refusals.backfill,raw/fda.refusals.backfill/2026/09/20260909T170530Z-bdd810c4ed3d.json.gz,1
fda.refusals.backfill,firm:3006535067,2024-03-12,2026-09-09T17:05:30Z,firm_key,COLGATE PALMOLIVE MANUFACTURING POLAND SP ZOO,,fda.refusals.backfill,raw/fda.refusals.backfill/2026/09/20260909T170530Z-bdd810c4ed3d.json.gz,1
fda.refusals.backfill,firm:3006535067,2024-03-12,2026-09-09T17:05:30Z,import_refusal,1,count,fda.refusals.backfill,raw/fda.refusals.backfill/2026/09/20260909T170530Z-bdd810c4ed3d.json.gz,1
fda.refusals.backfill,firm:3006535067,2024-03-12,2026-09-09T17:05:30Z,is_drug_or_biologic,1,bool,fda.refusals.backfill,raw/fda.refusals.backfill/2026/09/20260909T170530Z-bdd810c4ed3d.json.gz,1
fda.refusals.backfill,firm:3006535067,2024-03-12,2026-09-09T17:05:30Z,is_foreign,1,bool,fda.refusals.backfill,raw/fda.refusals.backfill/2026/09/20260909T170530Z-bdd810c4ed3d.json.gz,1
fda.refusals.backfill,firm:3006535067,2024-03-12,2026-09-09T17:05:30Z,is_human_drug,1,bool,fda.refusals.backfill,raw/fda.refusals.backfill/2026/09/20260909T170530Z-bdd810c4ed3d.json.gz,1
fda.refusals.backfill,firm:3006535067,2024-03-12,2026-09-09T17:05:30Z,label,Colgate Palmolive Manufacturing Poland SP ZOO,,fda.refusals.backfill,raw/fda.refusals.backfill/2026/09/20260909T170530Z-bdd810c4ed3d.json.gz,1
fda.refusals.backfill,firm:3006535067,2024-03-12,2026-09-09T17:05:30Z,refused_at,20240312,yyyymmdd,fda.refusals.backfill,raw/fda.refusals.backfill/2026/09/20260909T170530Z-bdd810c4ed3d.json.gz,1
fda.refusals.backfill,firm:3006778472,2024-03-21,2026-09-09T17:05:30Z,firm_key,BAYER S A,,fda.refusals.backfill,raw/fda.refusals.backfill/2026/09/20260909T170530Z-bdd810c4ed3d.json.gz,1
fda.refusals.backfill,firm:3006778472,2024-03-21,2026-09-09T17:05:30Z,import_refusal,1,count,fda.refusals.backfill,raw/fda.refusals.backfill/2026/09/20260909T170530Z-bdd810c4ed3d.json.gz,1
fda.refusals.backfill,firm:3006778472,2024-03-21,2026-09-09T17:05:30Z,is_drug_or_biologic,1,bool,fda.refusals.backfill,raw/fda.refusals.backfill/2026/09/20260909T170530Z-bdd810c4ed3d.json.gz,1
fda.refusals.backfill,firm:3006778472,2024-03-21,2026-09-09T17:05:30Z,is_foreign,1,bool,fda.refusals.backfill,raw/fda.refusals.backfill/2026/09/20260909T170530Z-bdd810c4ed3d.json.gz,1
fda.refusals.backfill,firm:3006778472,2024-03-21,2026-09-09T17:05:30Z,is_human_drug,1,bool,fda.refusals.backfill,raw/fda.refusals.backfill/2026/09/20260909T170530Z-bdd810c4ed3d.json.gz,1
fda.refusals.backfill,firm:3006778472,2024-03-21,2026-09-09T17:05:30Z,label,Bayer S.A.,,fda.refusals.backfill,raw/fda.refusals.backfill/2026/09/20260909T170530Z-bdd810c4ed3d.json.gz,1
fda.refusals.backfill,firm:3006778472,2024-03-21,2026-09-09T17:05:30Z,refused_at,20240321,yyyymmdd,fda.refusals.backfill,raw/fda.refusals.backfill/2026/09/20260909T170530Z-bdd810c4ed3d.json.gz,1
fda.refusals.backfill,firm:3007114051,2024-03-12,2026-09-09T17:05:30Z,firm_key,JOHNSON JOHNSON,,fda.refusals.backfill,raw/fda.refusals.backfill/2026/09/20260909T170530Z-bdd810c4ed3d.json.gz,1
fda.refusals.backfill,firm:3007114051,2024-03-12,2026-09-09T17:05:30Z,import_refusal,1,count,fda.refusals.backfill,raw/fda.refusals.backfill/2026/09/20260909T170530Z-bdd810c4ed3d.json.gz,1
fda.refusals.backfill,firm:3007114051,2024-03-12,2026-09-09T17:05:30Z,is_drug_or_biologic,1,bool,fda.refusals.backfill,raw/fda.refusals.backfill/2026/09/20260909T170530Z-bdd810c4ed3d.json.gz,1
fda.refusals.backfill,firm:3007114051,2024-03-12,2026-09-09T17:05:30Z,is_foreign,1,bool,fda.refusals.backfill,raw/fda.refusals.backfill/2026/09/20260909T170530Z-bdd810c4ed3d.json.gz,1
fda.refusals.backfill,firm:3007114051,2024-03-12,2026-09-09T17:05:30Z,is_human_drug,1,bool,fda.refusals.backfill,raw/fda.refusals.backfill/2026/09/20260909T170530Z-bdd810c4ed3d.json.gz,1
fda.refusals.backfill,firm:3007114051,2024-03-12,2026-09-09T17:05:30Z,label,JOHNSON & JOHNSON,,fda.refusals.backfill,raw/fda.refusals.backfill/2026/09/20260909T170530Z-bdd810c4ed3d.json.gz,1
fda.refusals.backfill,firm:3007114051,2024-03-12,2026-09-09T17:05:30Z,refused_at,20240312,yyyymmdd,fda.refusals.backfill,raw/fda.refusals.backfill/2026/09/20260909T170530Z-bdd810c4ed3d.json.gz,1
fda.refusals.backfill,firm:3007140482,2024-03-21,2026-09-09T17:05:30Z,firm_key,DABUR INDIA,,fda.refusals.backfill,raw/fda.refusals.backfill/2026/09/20260909T170530Z-bdd810c4ed3d.json.gz,1
fda.refusals.backfill,firm:3007140482,2024-03-21,2026-09-09T17:05:30Z,import_refusal,1,count,fda.refusals.backfill,raw/fda.refusals.backfill/2026/09/20260909T170530Z-bdd810c4ed3d.json.gz,1
fda.refusals.backfill,firm:3007140482,2024-03-21,2026-09-09T17:05:30Z,is_drug_or_biologic,1,bool,fda.refusals.backfill,raw/fda.refusals.backfill/2026/09/20260909T170530Z-bdd810c4ed3d.json.gz,1
fda.refusals.backfill,firm:3007140482,2024-03-21,2026-09-09T17:05:30Z,is_foreign,1,bool,fda.refusals.backfill,raw/fda.refusals.backfill/2026/09/20260909T170530Z-bdd810c4ed3d.json.gz,1
fda.refusals.backfill,firm:3007140482,2024-03-21,2026-09-09T17:05:30Z,is_human_drug,1,bool,fda.refusals.backfill,raw/fda.refusals.backfill/2026/09/20260909T170530Z-bdd810c4ed3d.json.gz,1
fda.refusals.backfill,firm:3007140482,2024-03-21,2026-09-09T17:05:30Z,label,Dabur India Ltd,,fda.refusals.backfill,raw/fda.refusals.backfill/2026/09/20260909T170530Z-bdd810c4ed3d.json.gz,1
fda.refusals.backfill,firm:3007140482,2024-03-21,2026-09-09T17:05:30Z,refused_at,20240321,yyyymmdd,fda.refusals.backfill,raw/fda.refusals.backfill/2026/09/20260909T170530Z-bdd810c4ed3d.json.gz,1
fda.refusals.backfill,firm:3007163376,2024-03-21,2026-09-09T17:05:30Z,firm_key,HUONS,,fda.refusals.backfill,raw/fda.refusals.backfill/2026/09/20260909T170530Z-bdd810c4ed3d.json.gz,1
fda.refusals.backfill,firm:3007163376,2024-03-21,2026-09-09T17:05:30Z,import_refusal,1,count,fda.refusals.backfill,raw/fda.refusals.backfill/2026/09/20260909T170530Z-bdd810c4ed3d.json.gz,1
fda.refusals.backfill,firm:3007163376,2024-03-21,2026-09-09T17:05:30Z,is_drug_or_biologic,1,bool,fda.refusals.backfill,raw/fda.refusals.backfill/2026/09/20260909T170530Z-bdd810c4ed3d.json.gz,1
fda.refusals.backfill,firm:3007163376,2024-03-21,2026-09-09T17:05:30Z,is_foreign,1,bool,fda.refusals.backfill,raw/fda.refusals.backfill/2026/09/20260909T170530Z-bdd810c4ed3d.json.gz,1
fda.refusals.backfill,firm:3007163376,2024-03-21,2026-09-09T17:05:30Z,is_human_drug,1,bool,fda.refusals.backfill,raw/fda.refusals.backfill/2026/09/20260909T170530Z-bdd810c4ed3d.json.gz,1
fda.refusals.backfill,firm:3007163376,2024-03-21,2026-09-09T17:05:30Z,label,"Huons Co., Ltd.",,fda.refusals.backfill,raw/fda.refusals.backfill/2026/09/20260909T170530Z-bdd810c4ed3d.json.gz,1
fda.refusals.backfill,firm:3007163376,2024-03-21,2026-09-09T17:05:30Z,refused_at,20240321,yyyymmdd,fda.refusals.backfill,raw/fda.refusals.backfill/2026/09/20260909T170530Z-bdd810c4ed3d.json.gz,1
fda.refusals.backfill,firm:3007700719,2024-03-26,2026-09-09T17:05:30Z,firm_key,SPHINX,,fda.refusals.backfill,raw/fda.refusals.backfill/2026/09/20260909T170530Z-bdd810c4ed3d.json.gz,1
fda.refusals.backfill,firm:3007700719,2024-03-26,2026-09-09T17:05:30Z,import_refusal,1,count,fda.refusals.backfill,raw/fda.refusals.backfill/2026/09/20260909T170530Z-bdd810c4ed3d.json.gz,1
fda.refusals.backfill,firm:3007700719,2024-03-26,2026-09-09T17:05:30Z,is_drug_or_biologic,1,bool,fda.refusals.backfill,raw/fda.refusals.backfill/2026/09/20260909T170530Z-bdd810c4ed3d.json.gz,1
fda.refusals.backfill,firm:3007700719,2024-03-26,2026-09-09T17:05:30Z,is_foreign,1,bool,fda.refusals.backfill,raw/fda.refusals.backfill/2026/09/20260909T170530Z-bdd810c4ed3d.json.gz,1
fda.refusals.backfill,firm:3007700719,2024-03-26,2026-09-09T17:05:30Z,is_human_drug,1,bool,fda.refusals.backfill,raw/fda.refusals.backfill/2026/09/20260909T170530Z-bdd810c4ed3d.json.gz,1
fda.refusals.backfill,firm:3007700719,2024-03-26,2026-09-09T17:05:30Z,label,Sphinx Pharmaceuticals Ltd,,fda.refusals.backfill,raw/fda.refusals.backfill/2026/09/20260909T170530Z-bdd810c4ed3d.json.gz,1
fda.refusals.backfill,firm:3007700719,2024-03-26,2026-09-09T17:05:30Z,refused_at,20240326,yyyymmdd,fda.refusals.backfill,raw/fda.refusals.backfill/2026/09/20260909T170530Z-bdd810c4ed3d.json.gz,1
fda.refusals.backfill,firm:3007795627,2024-03-01,2026-09-09T17:05:30Z,firm_key,ENERGIZER PERSONAL CARE,,fda.refusals.backfill,raw/fda.refusals.backfill/2026/09/20260909T170530Z-bdd810c4ed3d.json.gz,1
fda.refusals.backfill,firm:3007795627,2024-03-01,2026-09-09T17:05:30Z,import_refusal,1,count,fda.refusals.backfill,raw/fda.refusals.backfill/2026/09/20260909T170530Z-bdd810c4ed3d.json.gz,1
fda.refusals.backfill,firm:3007795627,2024-03-01,2026-09-09T17:05:30Z,is_drug_or_biologic,1,bool,fda.refusals.backfill,raw/fda.refusals.backfill/2026/09/20260909T170530Z-bdd810c4ed3d.json.gz,1
fda.refusals.backfill,firm:3007795627,2024-03-01,2026-09-09T17:05:30Z,is_foreign,0,bool,fda.refusals.backfill,raw/fda.refusals.backfill/2026/09/20260909T170530Z-bdd810c4ed3d.json.gz,1
fda.refusals.backfill,firm:3007795627,2024-03-01,2026-09-09T17:05:30Z,is_human_drug,1,bool,fda.refusals.backfill,raw/fda.refusals.backfill/2026/09/20260909T170530Z-bdd810c4ed3d.json.gz,1
fda.refusals.backfill,firm:3007795627,2024-03-01,2026-09-09T17:05:30Z,label,Energizer Personal Care,,fda.refusals.backfill,raw/fda.refusals.backfill/2026/09/20260909T170530Z-bdd810c4ed3d.json.gz,1
fda.refusals.backfill,firm:3007795627,2024-03-01,2026-09-09T17:05:30Z,refused_at,20240301,yyyymmdd,fda.refusals.backfill,raw/fda.refusals.backfill/2026/09/20260909T170530Z-bdd810c4ed3d.json.gz,1
fda.refusals.backfill,firm:3008081904,2024-03-08,2026-09-09T17:05:30Z,firm_key,LEEFORD HEALTHCARE,,fda.refusals.backfill,raw/fda.refusals.backfill/2026/09/20260909T170530Z-bdd810c4ed3d.json.gz,1
fda.refusals.backfill,firm:3008081904,2024-03-08,2026-09-09T17:05:30Z,import_refusal,1,count,fda.refusals.backfill,raw/fda.refusals.backfill/2026/09/20260909T170530Z-bdd810c4ed3d.json.gz,1
fda.refusals.backfill,firm:3008081904,2024-03-08,2026-09-09T17:05:30Z,is_drug_or_biologic,1,bool,fda.refusals.backfill,raw/fda.refusals.backfill/2026/09/20260909T170530Z-bdd810c4ed3d.json.gz,1
fda.refusals.backfill,firm:3008081904,2024-03-08,2026-09-09T17:05:30Z,is_foreign,1,bool,fda.refusals.backfill,raw/fda.refusals.backfill/2026/09/20260909T170530Z-bdd810c4ed3d.json.gz,1
fda.refusals.backfill,firm:3008081904,2024-03-08,2026-09-09T17:05:30Z,is_human_drug,1,bool,fda.refusals.backfill,raw/fda.refusals.backfill/2026/09/20260909T170530Z-bdd810c4ed3d.json.gz,1
fda.refusals.backfill,firm:3008081904,2024-03-08,2026-09-09T17:05:30Z,label,Leeford Healthcare Ltd.,,fda.refusals.backfill,raw/fda.refusals.backfill/2026/09/20260909T170530Z-bdd810c4ed3d.json.gz,1
fda.refusals.backfill,firm:3008081904,2024-03-08,2026-09-09T17:05:30Z,refused_at,20240308,yyyymmdd,fda.refusals.backfill,raw/fda.refusals.backfill/2026/09/20260909T170530Z-bdd810c4ed3d.json.gz,1
fda.refusals.backfill,firm:3008081904,2024-03-21,2026-09-09T17:05:30Z,firm_key,LEEFORD HEALTHCARE,,fda.refusals.backfill,raw/fda.refusals.backfill/2026/09/20260909T170530Z-bdd810c4ed3d.json.gz,1
fda.refusals.backfill,firm:3008081904,2024-03-21,2026-09-09T17:05:30Z,import_refusal,1,count,fda.refusals.backfill,raw/fda.refusals.backfill/2026/09/20260909T170530Z-bdd810c4ed3d.json.gz,1
fda.refusals.backfill,firm:3008081904,2024-03-21,2026-09-09T17:05:30Z,is_drug_or_biologic,1,bool,fda.refusals.backfill,raw/fda.refusals.backfill/2026/09/20260909T170530Z-bdd810c4ed3d.json.gz,1
fda.refusals.backfill,firm:3008081904,2024-03-21,2026-09-09T17:05:30Z,is_foreign,1,bool,fda.refusals.backfill,raw/fda.refusals.backfill/2026/09/20260909T170530Z-bdd810c4ed3d.json.gz,1
fda.refusals.backfill,firm:3008081904,2024-03-21,2026-09-09T17:05:30Z,is_human_drug,1,bool,fda.refusals.backfill,raw/fda.refusals.backfill/2026/09/20260909T170530Z-bdd810c4ed3d.json.gz,1
fda.refusals.backfill,firm:3008081904,2024-03-21,2026-09-09T17:05:30Z,label,Leeford Healthcare Ltd.,,fda.refusals.backfill,raw/fda.refusals.backfill/2026/09/20260909T170530Z-bdd810c4ed3d.json.gz,1
fda.refusals.backfill,firm:3008081904,2024-03-21,2026-09-09T17:05:30Z,refused_at,20240321,yyyymmdd,fda.refusals.backfill,raw/fda.refusals.backfill/2026/09/20260909T170530Z-bdd810c4ed3d.json.gz,1
fda.refusals.backfill,firm:3008274551,2024-03-08,2026-09-09T17:05:30Z,firm_key,SANOFI AVENTIS DE MEXICO,,fda.refusals.backfill,raw/fda.refusals.backfill/2026/09/20260909T170530Z-bdd810c4ed3d.json.gz,1
fda.refusals.backfill,firm:3008274551,2024-03-08,2026-09-09T17:05:30Z,import_refusal,1,count,fda.refusals.backfill,raw/fda.refusals.backfill/2026/09/20260909T170530Z-bdd810c4ed3d.json.gz,1
fda.refusals.backfill,firm:3008274551,2024-03-08,2026-09-09T17:05:30Z,is_drug_or_biologic,1,bool,fda.refusals.backfill,raw/fda.refusals.backfill/2026/09/20260909T170530Z-bdd810c4ed3d.json.gz,1
fda.refusals.backfill,firm:3008274551,2024-03-08,2026-09-09T17:05:30Z,is_foreign,1,bool,fda.refusals.backfill,raw/fda.refusals.backfill/2026/09/20260909T170530Z-bdd810c4ed3d.json.gz,1
fda.refusals.backfill,firm:3008274551,2024-03-08,2026-09-09T17:05:30Z,is_human_drug,1,bool,fda.refusals.backfill,raw/fda.refusals.backfill/2026/09/20260909T170530Z-bdd810c4ed3d.json.gz,1
fda.refusals.backfill,firm:3008274551,2024-03-08,2026-09-09T17:05:30Z,label,Sanofi-Aventis De Mexico,,fda.refusals.backfill,raw/fda.refusals.backfill/2026/09/20260909T170530Z-bdd810c4ed3d.json.gz,1
fda.refusals.backfill,firm:3008274551,2024-03-08,2026-09-09T17:05:30Z,refused_at,20240308,yyyymmdd,fda.refusals.backfill,raw/fda.refusals.backfill/2026/09/20260909T170530Z-bdd810c4ed3d.json.gz,1
fda.refusals.backfill,firm:3008338784,2024-03-05,2026-09-09T17:05:30Z,firm_key,PROCAPS S A,,fda.refusals.backfill,raw/fda.refusals.backfill/2026/09/20260909T170530Z-bdd810c4ed3d.json.gz,1
fda.refusals.backfill,firm:3008338784,2024-03-05,2026-09-09T17:05:30Z,import_refusal,1,count,fda.refusals.backfill,raw/fda.refusals.backfill/2026/09/20260909T170530Z-bdd810c4ed3d.json.gz,1
fda.refusals.backfill,firm:3008338784,2024-03-05,2026-09-09T17:05:30Z,is_drug_or_biologic,1,bool,fda.refusals.backfill,raw/fda.refusals.backfill/2026/09/20260909T170530Z-bdd810c4ed3d.json.gz,1
fda.refusals.backfill,firm:3008338784,2024-03-05,2026-09-09T17:05:30Z,is_foreign,1,bool,fda.refusals.backfill,raw/fda.refusals.backfill/2026/09/20260909T170530Z-bdd810c4ed3d.json.gz,1
fda.refusals.backfill,firm:3008338784,2024-03-05,2026-09-09T17:05:30Z,is_human_drug,1,bool,fda.refusals.backfill,raw/fda.refusals.backfill/2026/09/20260909T170530Z-bdd810c4ed3d.json.gz,1
fda.refusals.backfill,firm:3008338784,2024-03-05,2026-09-09T17:05:30Z,label,Procaps S.A.,,fda.refusals.backfill,raw/fda.refusals.backfill/2026/09/20260909T170530Z-bdd810c4ed3d.json.gz,1
fda.refusals.backfill,firm:3008338784,2024-03-05,2026-09-09T17:05:30Z,refused_at,20240305,yyyymmdd,fda.refusals.backfill,raw/fda.refusals.backfill/2026/09/20260909T170530Z-bdd810c4ed3d.json.gz,1
fda.refusals.backfill,firm:3008451180,2024-03-01,2026-09-09T17:05:30Z,firm_key,BOE DOMINICANA,,fda.refusals.backfill,raw/fda.refusals.backfill/2026/09/20260909T170530Z-bdd810c4ed3d.json.gz,1
fda.refusals.backfill,firm:3008451180,2024-03-01,2026-09-09T17:05:30Z,import_refusal,1,count,fda.refusals.backfill,raw/fda.refusals.backfill/2026/09/20260909T170530Z-bdd810c4ed3d.json.gz,1
fda.refusals.backfill,firm:3008451180,2024-03-01,2026-09-09T17:05:30Z,is_drug_or_biologic,1,bool,fda.refusals.backfill,raw/fda.refusals.backfill/2026/09/20260909T170530Z-bdd810c4ed3d.json.gz,1
fda.refusals.backfill,firm:3008451180,2024-03-01,2026-09-09T17:05:30Z,is_foreign,1,bool,fda.refusals.backfill,raw/fda.refusals.backfill/2026/09/20260909T170530Z-bdd810c4ed3d.json.gz,1
fda.refusals.backfill,firm:3008451180,2024-03-01,2026-09-09T17:05:30Z,is_human_drug,1,bool,fda.refusals.backfill,raw/fda.refusals.backfill/2026/09/20260909T170530Z-bdd810c4ed3d.json.gz,1
fda.refusals.backfill,firm:3008451180,2024-03-01,2026-09-09T17:05:30Z,label,Boe Dominicana SRL,,fda.refusals.backfill,raw/fda.refusals.backfill/2026/09/20260909T170530Z-bdd810c4ed3d.json.gz,1
fda.refusals.backfill,firm:3008451180,2024-03-01,2026-09-09T17:05:30Z,refused_at,20240301,yyyymmdd,fda.refusals.backfill,raw/fda.refusals.backfill/2026/09/20260909T170530Z-bdd810c4ed3d.json.gz,1
fda.refusals.backfill,firm:3008501334,2024-03-20,2026-09-09T17:05:30Z,firm_key,FISHER SCIENTIFIC MERCK,,fda.refusals.backfill,raw/fda.refusals.backfill/2026/09/20260909T170530Z-bdd810c4ed3d.json.gz,1
fda.refusals.backfill,firm:3008501334,2024-03-20,2026-09-09T17:05:30Z,import_refusal,1,count,fda.refusals.backfill,raw/fda.refusals.backfill/2026/09/20260909T170530Z-bdd810c4ed3d.json.gz,1
fda.refusals.backfill,firm:3008501334,2024-03-20,2026-09-09T17:05:30Z,is_drug_or_biologic,1,bool,fda.refusals.backfill,raw/fda.refusals.backfill/2026/09/20260909T170530Z-bdd810c4ed3d.json.gz,1
fda.refusals.backfill,firm:3008501334,2024-03-20,2026-09-09T17:05:30Z,is_foreign,0,bool,fda.refusals.backfill,raw/fda.refusals.backfill/2026/09/20260909T170530Z-bdd810c4ed3d.json.gz,1
fda.refusals.backfill,firm:3008501334,2024-03-20,2026-09-09T17:05:30Z,is_human_drug,1,bool,fda.refusals.backfill,raw/fda.refusals.backfill/2026/09/20260909T170530Z-bdd810c4ed3d.json.gz,1
fda.refusals.backfill,firm:3008501334,2024-03-20,2026-09-09T17:05:30Z,label,Fisher Scientific-Merck & Co,,fda.refusals.backfill,raw/fda.refusals.backfill/2026/09/20260909T170530Z-bdd810c4ed3d.json.gz,1
fda.refusals.backfill,firm:3008501334,2024-03-20,2026-09-09T17:05:30Z,refused_at,20240320,yyyymmdd,fda.refusals.backfill,raw/fda.refusals.backfill/2026/09/20260909T170530Z-bdd810c4ed3d.json.gz,1
fda.refusals.backfill,firm:3008583451,2024-03-11,2026-09-09T17:05:30Z,firm_key,SYNOKEM,,fda.refusals.backfill,raw/fda.refusals.backfill/2026/09/20260909T170530Z-bdd810c4ed3d.json.gz,1
fda.refusals.backfill,firm:3008583451,2024-03-11,2026-09-09T17:05:30Z,import_refusal,1,count,fda.refusals.backfill,raw/fda.refusals.backfill/2026/09/20260909T170530Z-bdd810c4ed3d.json.gz,1
fda.refusals.backfill,firm:3008583451,2024-03-11,2026-09-09T17:05:30Z,is_drug_or_biologic,1,bool,fda.refusals.backfill,raw/fda.refusals.backfill/2026/09/20260909T170530Z-bdd810c4ed3d.json.gz,1
fda.refusals.backfill,firm:3008583451,2024-03-11,2026-09-09T17:05:30Z,is_foreign,1,bool,fda.refusals.backfill,raw/fda.refusals.backfill/2026/09/20260909T170530Z-bdd810c4ed3d.json.gz,1
fda.refusals.backfill,firm:3008583451,2024-03-11,2026-09-09T17:05:30Z,is_human_drug,1,bool,fda.refusals.backfill,raw/fda.refusals.backfill/2026/09/20260909T170530Z-bdd810c4ed3d.json.gz,1
fda.refusals.backfill,firm:3008583451,2024-03-11,2026-09-09T17:05:30Z,label,Synokem Pharmaceuticals Ltd,,fda.refusals.backfill,raw/fda.refusals.backfill/2026/09/20260909T170530Z-bdd810c4ed3d.json.gz,1
fda.refusals.backfill,firm:3008583451,2024-03-11,2026-09-09T17:05:30Z,refused_at,20240311,yyyymmdd,fda.refusals.backfill,raw/fda.refusals.backfill/2026/09/20260909T170530Z-bdd810c4ed3d.json.gz,1
fda.refusals.backfill,firm:3008615590,2024-03-08,2026-09-09T17:05:30Z,firm_key,MENTOLATUM,,fda.refusals.backfill,raw/fda.refusals.backfill/2026/09/20260909T170530Z-bdd810c4ed3d.json.gz,1
fda.refusals.backfill,firm:3008615590,2024-03-08,2026-09-09T17:05:30Z,import_refusal,1,count,fda.refusals.backfill,raw/fda.refusals.backfill/2026/09/20260909T170530Z-bdd810c4ed3d.json.gz,1
fda.refusals.backfill,firm:3008615590,2024-03-08,2026-09-09T17:05:30Z,is_drug_or_biologic,1,bool,fda.refusals.backfill,raw/fda.refusals.backfill/2026/09/20260909T170530Z-bdd810c4ed3d.json.gz,1
fda.refusals.backfill,firm:3008615590,2024-03-08,2026-09-09T17:05:30Z,is_foreign,1,bool,fda.refusals.backfill,raw/fda.refusals.backfill/2026/09/20260909T170530Z-bdd810c4ed3d.json.gz,1
fda.refusals.backfill,firm:3008615590,2024-03-08,2026-09-09T17:05:30Z,is_human_drug,1,bool,fda.refusals.backfill,raw/fda.refusals.backfill/2026/09/20260909T170530Z-bdd810c4ed3d.json.gz,1
fda.refusals.backfill,firm:3008615590,2024-03-08,2026-09-09T17:05:30Z,label,Mentolatum Company LTD.,,fda.refusals.backfill,raw/fda.refusals.backfill/2026/09/20260909T170530Z-bdd810c4ed3d.json.gz,1
fda.refusals.backfill,firm:3008615590,2024-03-08,2026-09-09T17:05:30Z,refused_at,20240308,yyyymmdd,fda.refusals.backfill,raw/fda.refusals.backfill/2026/09/20260909T170530Z-bdd810c4ed3d.json.gz,1
fda.refusals.backfill,firm:3008722618,2024-03-20,2026-09-09T17:05:30Z,firm_key,AA,,fda.refusals.backfill,raw/fda.refusals.backfill/2026/09/20260909T170530Z-bdd810c4ed3d.json.gz,1
fda.refusals.backfill,firm:3008722618,2024-03-20,2026-09-09T17:05:30Z,import_refusal,1,count,fda.refusals.backfill,raw/fda.refusals.backfill/2026/09/20260909T170530Z-bdd810c4ed3d.json.gz,1
fda.refusals.backfill,firm:3008722618,2024-03-20,2026-09-09T17:05:30Z,is_drug_or_biologic,1,bool,fda.refusals.backfill,raw/fda.refusals.backfill/2026/09/20260909T170530Z-bdd810c4ed3d.json.gz,1
fda.refusals.backfill,firm:3008722618,2024-03-20,2026-09-09T17:05:30Z,is_foreign,1,bool,fda.refusals.backfill,raw/fda.refusals.backfill/2026/09/20260909T170530Z-bdd810c4ed3d.json.gz,1
fda.refusals.backfill,firm:3008722618,2024-03-20,2026-09-09T17:05:30Z,is_human_drug,1,bool,fda.refusals.backfill,raw/fda.refusals.backfill/2026/09/20260909T170530Z-bdd810c4ed3d.json.gz,1
fda.refusals.backfill,firm:3008722618,2024-03-20,2026-09-09T17:05:30Z,label,Aa Pharma,,fda.refusals.backfill,raw/fda.refusals.backfill/2026/09/20260909T170530Z-bdd810c4ed3d.json.gz,1
fda.refusals.backfill,firm:3008722618,2024-03-20,2026-09-09T17:05:30Z,refused_at,20240320,yyyymmdd,fda.refusals.backfill,raw/fda.refusals.backfill/2026/09/20260909T170530Z-bdd810c4ed3d.json.gz,1
fda.refusals.backfill,firm:3008810101,2024-03-05,2026-09-09T17:05:30Z,firm_key,INGENUS,,fda.refusals.backfill,raw/fda.refusals.backfill/2026/09/20260909T170530Z-bdd810c4ed3d.json.gz,1
fda.refusals.backfill,firm:3008810101,2024-03-05,2026-09-09T17:05:30Z,import_refusal,1,count,fda.refusals.backfill,raw/fda.refusals.backfill/2026/09/20260909T170530Z-bdd810c4ed3d.json.gz,1
fda.refusals.backfill,firm:3008810101,2024-03-05,2026-09-09T17:05:30Z,is_drug_or_biologic,1,bool,fda.refusals.backfill,raw/fda.refusals.backfill/2026/09/20260909T170530Z-bdd810c4ed3d.json.gz,1
fda.refusals.backfill,firm:3008810101,2024-03-05,2026-09-09T17:05:30Z,is_foreign,0,bool,fda.refusals.backfill,raw/fda.refusals.backfill/2026/09/20260909T170530Z-bdd810c4ed3d.json.gz,1
fda.refusals.backfill,firm:3008810101,2024-03-05,2026-09-09T17:05:30Z,is_human_drug,1,bool,fda.refusals.backfill,raw/fda.refusals.backfill/2026/09/20260909T170530Z-bdd810c4ed3d.json.gz,1
fda.refusals.backfill,firm:3008810101,2024-03-05,2026-09-09T17:05:30Z,label,Ingenus Pharmaceuticals Llc,,fda.refusals.backfill,raw/fda.refusals.backfill/2026/09/20260909T170530Z-bdd810c4ed3d.json.gz,1
fda.refusals.backfill,firm:3008810101,2024-03-05,2026-09-09T17:05:30Z,refused_at,20240305,yyyymmdd,fda.refusals.backfill,raw/fda.refusals.backfill/2026/09/20260909T170530Z-bdd810c4ed3d.json.gz,1
fda.refusals.backfill,firm:3008978289,2024-03-27,2026-09-09T17:05:30Z,firm_key,BIOFARMA SPA,,fda.refusals.backfill,raw/fda.refusals.backfill/2026/09/20260909T170530Z-bdd810c4ed3d.json.gz,1
fda.refusals.backfill,firm:3008978289,2024-03-27,2026-09-09T17:05:30Z,import_refusal,1,count,fda.refusals.backfill,raw/fda.refusals.backfill/2026/09/20260909T170530Z-bdd810c4ed3d.json.gz,1
fda.refusals.backfill,firm:3008978289,2024-03-27,2026-09-09T17:05:30Z,is_drug_or_biologic,1,bool,fda.refusals.backfill,raw/fda.refusals.backfill/2026/09/20260909T170530Z-bdd810c4ed3d.json.gz,1
fda.refusals.backfill,firm:3008978289,2024-03-27,2026-09-09T17:05:30Z,is_foreign,1,bool,fda.refusals.backfill,raw/fda.refusals.backfill/2026/09/20260909T170530Z-bdd810c4ed3d.json.gz,1
fda.refusals.backfill,firm:3008978289,2024-03-27,2026-09-09T17:05:30Z,is_human_drug,1,bool,fda.refusals.backfill,raw/fda.refusals.backfill/2026/09/20260909T170530Z-bdd810c4ed3d.json.gz,1
fda.refusals.backfill,firm:3008978289,2024-03-27,2026-09-09T17:05:30Z,label,Biofarma Spa,,fda.refusals.backfill,raw/fda.refusals.backfill/2026/09/20260909T170530Z-bdd810c4ed3d.json.gz,1
fda.refusals.backfill,firm:3008978289,2024-03-27,2026-09-09T17:05:30Z,refused_at,20240327,yyyymmdd,fda.refusals.backfill,raw/fda.refusals.backfill/2026/09/20260909T170530Z-bdd810c4ed3d.json.gz,1
fda.refusals.backfill,firm:3009150119,2024-03-05,2026-09-09T17:05:30Z,firm_key,RECIPHARM PHARMASERVICES,,fda.refusals.backfill,raw/fda.refusals.backfill/2026/09/20260909T170530Z-bdd810c4ed3d.json.gz,1
fda.refusals.backfill,firm:3009150119,2024-03-05,2026-09-09T17:05:30Z,import_refusal,1,count,fda.refusals.backfill,raw/fda.refusals.backfill/2026/09/20260909T170530Z-bdd810c4ed3d.json.gz,1
fda.refusals.backfill,firm:3009150119,2024-03-05,2026-09-09T17:05:30Z,is_drug_or_biologic,1,bool,fda.refusals.backfill,raw/fda.refusals.backfill/2026/09/20260909T170530Z-bdd810c4ed3d.json.gz,1
fda.refusals.backfill,firm:3009150119,2024-03-05,2026-09-09T17:05:30Z,is_foreign,1,bool,fda.refusals.backfill,raw/fda.refusals.backfill/2026/09/20260909T170530Z-bdd810c4ed3d.json.gz,1
fda.refusals.backfill,firm:3009150119,2024-03-05,2026-09-09T17:05:30Z,is_human_drug,1,bool,fda.refusals.backfill,raw/fda.refusals.backfill/2026/09/20260909T170530Z-bdd810c4ed3d.json.gz,1
fda.refusals.backfill,firm:3009150119,2024-03-05,2026-09-09T17:05:30Z,label,Recipharm Pharmaservices Private Limited,,fda.refusals.backfill,raw/fda.refusals.backfill/2026/09/20260909T170530Z-bdd810c4ed3d.json.gz,1
fda.refusals.backfill,firm:3009150119,2024-03-05,2026-09-09T17:05:30Z,refused_at,20240305,yyyymmdd,fda.refusals.backfill,raw/fda.refusals.backfill/2026/09/20260909T170530Z-bdd810c4ed3d.json.gz,1
fda.refusals.backfill,firm:3009231538,2024-03-19,2026-09-09T17:05:30Z,firm_key,KRONOX SCIENCES,,fda.refusals.backfill,raw/fda.refusals.backfill/2026/09/20260909T170530Z-bdd810c4ed3d.json.gz,1
fda.refusals.backfill,firm:3009231538,2024-03-19,2026-09-09T17:05:30Z,import_refusal,1,count,fda.refusals.backfill,raw/fda.refusals.backfill/2026/09/20260909T170530Z-bdd810c4ed3d.json.gz,1
fda.refusals.backfill,firm:3009231538,2024-03-19,2026-09-09T17:05:30Z,is_drug_or_biologic,1,bool,fda.refusals.backfill,raw/fda.refusals.backfill/2026/09/20260909T170530Z-bdd810c4ed3d.json.gz,1
fda.refusals.backfill,firm:3009231538,2024-03-19,2026-09-09T17:05:30Z,is_foreign,1,bool,fda.refusals.backfill,raw/fda.refusals.backfill/2026/09/20260909T170530Z-bdd810c4ed3d.json.gz,1
fda.refusals.backfill,firm:3009231538,2024-03-19,2026-09-09T17:05:30Z,is_human_drug,0,bool,fda.refusals.backfill,raw/fda.refusals.backfill/2026/09/20260909T170530Z-bdd810c4ed3d.json.gz,1
fda.refusals.backfill,firm:3009231538,2024-03-19,2026-09-09T17:05:30Z,label,Kronox Lab Sciences Private Ltd.,,fda.refusals.backfill,raw/fda.refusals.backfill/2026/09/20260909T170530Z-bdd810c4ed3d.json.gz,1
fda.refusals.backfill,firm:3009231538,2024-03-19,2026-09-09T17:05:30Z,refused_at,20240319,yyyymmdd,fda.refusals.backfill,raw/fda.refusals.backfill/2026/09/20260909T170530Z-bdd810c4ed3d.json.gz,1
fda.refusals.backfill,firm:3009293066,2024-03-19,2026-09-09T17:05:30Z,firm_key,TORRENT,,fda.refusals.backfill,raw/fda.refusals.backfill/2026/09/20260909T170530Z-bdd810c4ed3d.json.gz,1
fda.refusals.backfill,firm:3009293066,2024-03-19,2026-09-09T17:05:30Z,import_refusal,1,count,fda.refusals.backfill,raw/fda.refusals.backfill/2026/09/20260909T170530Z-bdd810c4ed3d.json.gz,1
fda.refusals.backfill,firm:3009293066,2024-03-19,2026-09-09T17:05:30Z,is_drug_or_biologic,1,bool,fda.refusals.backfill,raw/fda.refusals.backfill/2026/09/20260909T170530Z-bdd810c4ed3d.json.gz,1
fda.refusals.backfill,firm:3009293066,2024-03-19,2026-09-09T17:05:30Z,is_foreign,1,bool,fda.refusals.backfill,raw/fda.refusals.backfill/2026/09/20260909T170530Z-bdd810c4ed3d.json.gz,1
fda.refusals.backfill,firm:3009293066,2024-03-19,2026-09-09T17:05:30Z,is_human_drug,1,bool,fda.refusals.backfill,raw/fda.refusals.backfill/2026/09/20260909T170530Z-bdd810c4ed3d.json.gz,1
fda.refusals.backfill,firm:3009293066,2024-03-19,2026-09-09T17:05:30Z,label,Torrent Pharmaceuticals,,fda.refusals.backfill,raw/fda.refusals.backfill/2026/09/20260909T170530Z-bdd810c4ed3d.json.gz,1
fda.refusals.backfill,firm:3009293066,2024-03-19,2026-09-09T17:05:30Z,refused_at,20240319,yyyymmdd,fda.refusals.backfill,raw/fda.refusals.backfill/2026/09/20260909T170530Z-bdd810c4ed3d.json.gz,1
fda.refusals.backfill,firm:3009487425,2024-03-18,2026-09-09T17:05:30Z,firm_key,NOVARTIS,,fda.refusals.backfill,raw/fda.refusals.backfill/2026/09/20260909T170530Z-bdd810c4ed3d.json.gz,1
fda.refusals.backfill,firm:3009487425,2024-03-18,2026-09-09T17:05:30Z,import_refusal,1,count,fda.refusals.backfill,raw/fda.refusals.backfill/2026/09/20260909T170530Z-bdd810c4ed3d.json.gz,1
fda.refusals.backfill,firm:3009487425,2024-03-18,2026-09-09T17:05:30Z,is_drug_or_biologic,1,bool,fda.refusals.backfill,raw/fda.refusals.backfill/2026/09/20260909T170530Z-bdd810c4ed3d.json.gz,1
fda.refusals.backfill,firm:3009487425,2024-03-18,2026-09-09T17:05:30Z,is_foreign,1,bool,fda.refusals.backfill,raw/fda.refusals.backfill/2026/09/20260909T170530Z-bdd810c4ed3d.json.gz,1
fda.refusals.backfill,firm:3009487425,2024-03-18,2026-09-09T17:05:30Z,is_human_drug,1,bool,fda.refusals.backfill,raw/fda.refusals.backfill/2026/09/20260909T170530Z-bdd810c4ed3d.json.gz,1
fda.refusals.backfill,firm:3009487425,2024-03-18,2026-09-09T17:05:30Z,label,Novartis Pharma AG,,fda.refusals.backfill,raw/fda.refusals.backfill/2026/09/20260909T170530Z-bdd810c4ed3d.json.gz,1
fda.refusals.backfill,firm:3009487425,2024-03-18,2026-09-09T17:05:30Z,refused_at,20240318,yyyymmdd,fda.refusals.backfill,raw/fda.refusals.backfill/2026/09/20260909T170530Z-bdd810c4ed3d.json.gz,1
fda.refusals.backfill,firm:3010161423,2024-03-18,2026-09-09T17:05:30Z,firm_key,SANOFI AVENTIS DE COLOMBIA S A,,fda.refusals.backfill,raw/fda.refusals.backfill/2026/09/20260909T170530Z-bdd810c4ed3d.json.gz,1
fda.refusals.backfill,firm:3010161423,2024-03-18,2026-09-09T17:05:30Z,import_refusal,1,count,fda.refusals.backfill,raw/fda.refusals.backfill/2026/09/20260909T170530Z-bdd810c4ed3d.json.gz,1
fda.refusals.backfill,firm:3010161423,2024-03-18,2026-09-09T17:05:30Z,is_drug_or_biologic,1,bool,fda.refusals.backfill,raw/fda.refusals.backfill/2026/09/20260909T170530Z-bdd810c4ed3d.json.gz,1
fda.refusals.backfill,firm:3010161423,2024-03-18,2026-09-09T17:05:30Z,is_foreign,1,bool,fda.refusals.backfill,raw/fda.refusals.backfill/2026/09/20260909T170530Z-bdd810c4ed3d.json.gz,1
fda.refusals.backfill,firm:3010161423,2024-03-18,2026-09-09T17:05:30Z,is_human_drug,1,bool,fda.refusals.backfill,raw/fda.refusals.backfill/2026/09/20260909T170530Z-bdd810c4ed3d.json.gz,1
fda.refusals.backfill,firm:3010161423,2024-03-18,2026-09-09T17:05:30Z,label,Sanofi Aventis De Colombia S.A.,,fda.refusals.backfill,raw/fda.refusals.backfill/2026/09/20260909T170530Z-bdd810c4ed3d.json.gz,1
fda.refusals.backfill,firm:3010161423,2024-03-18,2026-09-09T17:05:30Z,refused_at,20240318,yyyymmdd,fda.refusals.backfill,raw/fda.refusals.backfill/2026/09/20260909T170530Z-bdd810c4ed3d.json.gz,1
fda.refusals.backfill,firm:3010162623,2024-03-01,2026-09-09T17:05:30Z,firm_key,LABORATOIRE UNITHER,,fda.refusals.backfill,raw/fda.refusals.backfill/2026/09/20260909T170530Z-bdd810c4ed3d.json.gz,1
fda.refusals.backfill,firm:3010162623,2024-03-01,2026-09-09T17:05:30Z,import_refusal,1,count,fda.refusals.backfill,raw/fda.refusals.backfill/2026/09/20260909T170530Z-bdd810c4ed3d.json.gz,1
fda.refusals.backfill,firm:3010162623,2024-03-01,2026-09-09T17:05:30Z,is_drug_or_biologic,1,bool,fda.refusals.backfill,raw/fda.refusals.backfill/2026/09/20260909T170530Z-bdd810c4ed3d.json.gz,1
fda.refusals.backfill,firm:3010162623,2024-03-01,2026-09-09T17:05:30Z,is_foreign,1,bool,fda.refusals.backfill,raw/fda.refusals.backfill/2026/09/20260909T170530Z-bdd810c4ed3d.json.gz,1
fda.refusals.backfill,firm:3010162623,2024-03-01,2026-09-09T17:05:30Z,is_human_drug,1,bool,fda.refusals.backfill,raw/fda.refusals.backfill/2026/09/20260909T170530Z-bdd810c4ed3d.json.gz,1
fda.refusals.backfill,firm:3010162623,2024-03-01,2026-09-09T17:05:30Z,label,LABORATOIRE UNITHER,,fda.refusals.backfill,raw/fda.refusals.backfill/2026/09/20260909T170530Z-bdd810c4ed3d.json.gz,1
fda.refusals.backfill,firm:3010162623,2024-03-01,2026-09-09T17:05:30Z,refused_at,20240301,yyyymmdd,fda.refusals.backfill,raw/fda.refusals.backfill/2026/09/20260909T170530Z-bdd810c4ed3d.json.gz,1
fda.refusals.backfill,firm:3010299845,2024-03-20,2026-09-09T17:05:30Z,firm_key,KOLMAR KOREA,,fda.refusals.backfill,raw/fda.refusals.backfill/2026/09/20260909T170530Z-bdd810c4ed3d.json.gz,1
fda.refusals.backfill,firm:3010299845,2024-03-20,2026-09-09T17:05:30Z,import_refusal,1,count,fda.refusals.backfill,raw/fda.refusals.backfill/2026/09/20260909T170530Z-bdd810c4ed3d.json.gz,1
fda.refusals.backfill,firm:3010299845,2024-03-20,2026-09-09T17:05:30Z,is_drug_or_biologic,1,bool,fda.refusals.backfill,raw/fda.refusals.backfill/2026/09/20260909T170530Z-bdd810c4ed3d.json.gz,1
fda.refusals.backfill,firm:3010299845,2024-03-20,2026-09-09T17:05:30Z,is_foreign,1,bool,fda.refusals.backfill,raw/fda.refusals.backfill/2026/09/20260909T170530Z-bdd810c4ed3d.json.gz,1
fda.refusals.backfill,firm:3010299845,2024-03-20,2026-09-09T17:05:30Z,is_human_drug,1,bool,fda.refusals.backfill,raw/fda.refusals.backfill/2026/09/20260909T170530Z-bdd810c4ed3d.json.gz,1
fda.refusals.backfill,firm:3010299845,2024-03-20,2026-09-09T17:05:30Z,label,"Kolmar Korea Co., Ltd.",,fda.refusals.backfill,raw/fda.refusals.backfill/2026/09/20260909T170530Z-bdd810c4ed3d.json.gz,1
fda.refusals.backfill,firm:3010299845,2024-03-20,2026-09-09T17:05:30Z,refused_at,20240320,yyyymmdd,fda.refusals.backfill,raw/fda.refusals.backfill/2026/09/20260909T170530Z-bdd810c4ed3d.json.gz,1
fda.refusals.backfill,firm:3010314779,2024-03-08,2026-09-09T17:05:30Z,firm_key,HOMEOPATHIC,,fda.refusals.backfill,raw/fda.refusals.backfill/2026/09/20260909T170530Z-bdd810c4ed3d.json.gz,1
fda.refusals.backfill,firm:3010314779,2024-03-08,2026-09-09T17:05:30Z,import_refusal,1,count,fda.refusals.backfill,raw/fda.refusals.backfill/2026/09/20260909T170530Z-bdd810c4ed3d.json.gz,1
fda.refusals.backfill,firm:3010314779,2024-03-08,2026-09-09T17:05:30Z,is_drug_or_biologic,1,bool,fda.refusals.backfill,raw/fda.refusals.backfill/2026/09/20260909T170530Z-bdd810c4ed3d.json.gz,1
fda.refusals.backfill,firm:3010314779,2024-03-08,2026-09-09T17:05:30Z,is_foreign,0,bool,fda.refusals.backfill,raw/fda.refusals.backfill/2026/09/20260909T170530Z-bdd810c4ed3d.json.gz,1
fda.refusals.backfill,firm:3010314779,2024-03-08,2026-09-09T17:05:30Z,is_human_drug,0,bool,fda.refusals.backfill,raw/fda.refusals.backfill/2026/09/20260909T170530Z-bdd810c4ed3d.json.gz,1
fda.refusals.backfill,firm:3010314779,2024-03-08,2026-09-09T17:05:30Z,label,Homeopathic,,fda.refusals.backfill,raw/fda.refusals.backfill/2026/09/20260909T170530Z-bdd810c4ed3d.json.gz,1
fda.refusals.backfill,firm:3010314779,2024-03-08,2026-09-09T17:05:30Z,refused_at,20240308,yyyymmdd,fda.refusals.backfill,raw/fda.refusals.backfill/2026/09/20260909T170530Z-bdd810c4ed3d.json.gz,1
fda.refusals.backfill,firm:3010592110,2024-03-12,2026-09-09T17:05:30Z,firm_key,CAREGEN,,fda.refusals.backfill,raw/fda.refusals.backfill/2026/09/20260909T170530Z-bdd810c4ed3d.json.gz,1
fda.refusals.backfill,firm:3010592110,2024-03-12,2026-09-09T17:05:30Z,import_refusal,1,count,fda.refusals.backfill,raw/fda.refusals.backfill/2026/09/20260909T170530Z-bdd810c4ed3d.json.gz,1
fda.refusals.backfill,firm:3010592110,2024-03-12,2026-09-09T17:05:30Z,is_drug_or_biologic,1,bool,fda.refusals.backfill,raw/fda.refusals.backfill/2026/09/20260909T170530Z-bdd810c4ed3d.json.gz,1
fda.refusals.backfill,firm:3010592110,2024-03-12,2026-09-09T17:05:30Z,is_foreign,1,bool,fda.refusals.backfill,raw/fda.refusals.backfill/2026/09/20260909T170530Z-bdd810c4ed3d.json.gz,1
fda.refusals.backfill,firm:3010592110,2024-03-12,2026-09-09T17:05:30Z,is_human_drug,1,bool,fda.refusals.backfill,raw/fda.refusals.backfill/2026/09/20260909T170530Z-bdd810c4ed3d.json.gz,1
fda.refusals.backfill,firm:3010592110,2024-03-12,2026-09-09T17:05:30Z,label,"Caregen Co., Ltd.",,fda.refusals.backfill,raw/fda.refusals.backfill/2026/09/20260909T170530Z-bdd810c4ed3d.json.gz,1
fda.refusals.backfill,firm:3010592110,2024-03-12,2026-09-09T17:05:30Z,refused_at,20240312,yyyymmdd,fda.refusals.backfill,raw/fda.refusals.backfill/2026/09/20260909T170530Z-bdd810c4ed3d.json.gz,1
fda.refusals.backfill,firm:3010920659,2024-03-05,2026-09-09T17:05:30Z,firm_key,GAMMA S A DE C V,,fda.refusals.backfill,raw/fda.refusals.backfill/2026/09/20260909T170530Z-bdd810c4ed3d.json.gz,1
fda.refusals.backfill,firm:3010920659,2024-03-05,2026-09-09T17:05:30Z,import_refusal,1,count,fda.refusals.backfill,raw/fda.refusals.backfill/2026/09/20260909T170530Z-bdd810c4ed3d.json.gz,1
fda.refusals.backfill,firm:3010920659,2024-03-05,2026-09-09T17:05:30Z,is_drug_or_biologic,1,bool,fda.refusals.backfill,raw/fda.refusals.backfill/2026/09/20260909T170530Z-bdd810c4ed3d.json.gz,1
fda.refusals.backfill,firm:3010920659,2024-03-05,2026-09-09T17:05:30Z,is_foreign,1,bool,fda.refusals.backfill,raw/fda.refusals.backfill/2026/09/20260909T170530Z-bdd810c4ed3d.json.gz,1
fda.refusals.backfill,firm:3010920659,2024-03-05,2026-09-09T17:05:30Z,is_human_drug,1,bool,fda.refusals.backfill,raw/fda.refusals.backfill/2026/09/20260909T170530Z-bdd810c4ed3d.json.gz,1
fda.refusals.backfill,firm:3010920659,2024-03-05,2026-09-09T17:05:30Z,label,Gamma Laboratories S.A. de C.V.,,fda.refusals.backfill,raw/fda.refusals.backfill/2026/09/20260909T170530Z-bdd810c4ed3d.json.gz,1
fda.refusals.backfill,firm:3010920659,2024-03-05,2026-09-09T17:05:30Z,refused_at,20240305,yyyymmdd,fda.refusals.backfill,raw/fda.refusals.backfill/2026/09/20260909T170530Z-bdd810c4ed3d.json.gz,1
fda.refusals.backfill,firm:3011321151,2024-03-21,2026-09-09T17:05:30Z,firm_key,NOUVELLE COSMETOLOGIE KAERA,,fda.refusals.backfill,raw/fda.refusals.backfill/2026/09/20260909T170530Z-bdd810c4ed3d.json.gz,1
fda.refusals.backfill,firm:3011321151,2024-03-21,2026-09-09T17:05:30Z,import_refusal,1,count,fda.refusals.backfill,raw/fda.refusals.backfill/2026/09/20260909T170530Z-bdd810c4ed3d.json.gz,1
fda.refusals.backfill,firm:3011321151,2024-03-21,2026-09-09T17:05:30Z,is_drug_or_biologic,1,bool,fda.refusals.backfill,raw/fda.refusals.backfill/2026/09/20260909T170530Z-bdd810c4ed3d.json.gz,1
fda.refusals.backfill,firm:3011321151,2024-03-21,2026-09-09T17:05:30Z,is_foreign,1,bool,fda.refusals.backfill,raw/fda.refusals.backfill/2026/09/20260909T170530Z-bdd810c4ed3d.json.gz,1
fda.refusals.backfill,firm:3011321151,2024-03-21,2026-09-09T17:05:30Z,is_human_drug,1,bool,fda.refusals.backfill,raw/fda.refusals.backfill/2026/09/20260909T170530Z-bdd810c4ed3d.json.gz,1
fda.refusals.backfill,firm:3011321151,2024-03-21,2026-09-09T17:05:30Z,label,Nouvelle Cosmetologie Kaera,,fda.refusals.backfill,raw/fda.refusals.backfill/2026/09/20260909T170530Z-bdd810c4ed3d.json.gz,1
fda.refusals.backfill,firm:3011321151,2024-03-21,2026-09-09T17:05:30Z,refused_at,20240321,yyyymmdd,fda.refusals.backfill,raw/fda.refusals.backfill/2026/09/20260909T170530Z-bdd810c4ed3d.json.gz,1
fda.refusals.backfill,firm:3011354823,2024-03-05,2026-09-09T17:05:30Z,firm_key,JB CHEMICAL,,fda.refusals.backfill,raw/fda.refusals.backfill/2026/09/20260909T170530Z-bdd810c4ed3d.json.gz,1
fda.refusals.backfill,firm:3011354823,2024-03-05,2026-09-09T17:05:30Z,import_refusal,1,count,fda.refusals.backfill,raw/fda.refusals.backfill/2026/09/20260909T170530Z-bdd810c4ed3d.json.gz,1
fda.refusals.backfill,firm:3011354823,2024-03-05,2026-09-09T17:05:30Z,is_drug_or_biologic,1,bool,fda.refusals.backfill,raw/fda.refusals.backfill/2026/09/20260909T170530Z-bdd810c4ed3d.json.gz,1
fda.refusals.backfill,firm:3011354823,2024-03-05,2026-09-09T17:05:30Z,is_foreign,1,bool,fda.refusals.backfill,raw/fda.refusals.backfill/2026/09/20260909T170530Z-bdd810c4ed3d.json.gz,1
fda.refusals.backfill,firm:3011354823,2024-03-05,2026-09-09T17:05:30Z,is_human_drug,1,bool,fda.refusals.backfill,raw/fda.refusals.backfill/2026/09/20260909T170530Z-bdd810c4ed3d.json.gz,1
fda.refusals.backfill,firm:3011354823,2024-03-05,2026-09-09T17:05:30Z,label,Jb Chemical & Pharmaceutical Ltd,,fda.refusals.backfill,raw/fda.refusals.backfill/2026/09/20260909T170530Z-bdd810c4ed3d.json.gz,1
fda.refusals.backfill,firm:3011354823,2024-03-05,2026-09-09T17:05:30Z,refused_at,20240305,yyyymmdd,fda.refusals.backfill,raw/fda.refusals.backfill/2026/09/20260909T170530Z-bdd810c4ed3d.json.gz,1
fda.refusals.backfill,firm:3011572099,2024-03-25,2026-09-09T17:05:30Z,firm_key,OUTIN FUTURES,,fda.refusals.backfill,raw/fda.refusals.backfill/2026/09/20260909T170530Z-bdd810c4ed3d.json.gz,1
fda.refusals.backfill,firm:3011572099,2024-03-25,2026-09-09T17:05:30Z,import_refusal,1,count,fda.refusals.backfill,raw/fda.refusals.backfill/2026/09/20260909T170530Z-bdd810c4ed3d.json.gz,1
fda.refusals.backfill,firm:3011572099,2024-03-25,2026-09-09T17:05:30Z,is_drug_or_biologic,1,bool,fda.refusals.backfill,raw/fda.refusals.backfill/2026/09/20260909T170530Z-bdd810c4ed3d.json.gz,1
fda.refusals.backfill,firm:3011572099,2024-03-25,2026-09-09T17:05:30Z,is_foreign,1,bool,fda.refusals.backfill,raw/fda.refusals.backfill/2026/09/20260909T170530Z-bdd810c4ed3d.json.gz,1
fda.refusals.backfill,firm:3011572099,2024-03-25,2026-09-09T17:05:30Z,is_human_drug,1,bool,fda.refusals.backfill,raw/fda.refusals.backfill/2026/09/20260909T170530Z-bdd810c4ed3d.json.gz,1
fda.refusals.backfill,firm:3011572099,2024-03-25,2026-09-09T17:05:30Z,label,Outin Futures Corp,,fda.refusals.backfill,raw/fda.refusals.backfill/2026/09/20260909T170530Z-bdd810c4ed3d.json.gz,1
fda.refusals.backfill,firm:3011572099,2024-03-25,2026-09-09T17:05:30Z,refused_at,20240325,yyyymmdd,fda.refusals.backfill,raw/fda.refusals.backfill/2026/09/20260909T170530Z-bdd810c4ed3d.json.gz,1
fda.refusals.backfill,firm:3011657196,2024-03-18,2026-09-09T17:05:30Z,firm_key,H C CLOVER PRODUCTOS Y SERVICIOS SL,,fda.refusals.backfill,raw/fda.refusals.backfill/2026/09/20260909T170530Z-bdd810c4ed3d.json.gz,1
fda.refusals.backfill,firm:3011657196,2024-03-18,2026-09-09T17:05:30Z,import_refusal,1,count,fda.refusals.backfill,raw/fda.refusals.backfill/2026/09/20260909T170530Z-bdd810c4ed3d.json.gz,1
fda.refusals.backfill,firm:3011657196,2024-03-18,2026-09-09T17:05:30Z,is_drug_or_biologic,1,bool,fda.refusals.backfill,raw/fda.refusals.backfill/2026/09/20260909T170530Z-bdd810c4ed3d.json.gz,1
fda.refusals.backfill,firm:3011657196,2024-03-18,2026-09-09T17:05:30Z,is_foreign,1,bool,fda.refusals.backfill,raw/fda.refusals.backfill/2026/09/20260909T170530Z-bdd810c4ed3d.json.gz,1
fda.refusals.backfill,firm:3011657196,2024-03-18,2026-09-09T17:05:30Z,is_human_drug,1,bool,fda.refusals.backfill,raw/fda.refusals.backfill/2026/09/20260909T170530Z-bdd810c4ed3d.json.gz,1
fda.refusals.backfill,firm:3011657196,2024-03-18,2026-09-09T17:05:30Z,label,H C Clover Productos Y Servicios SL,,fda.refusals.backfill,raw/fda.refusals.backfill/2026/09/20260909T170530Z-bdd810c4ed3d.json.gz,1
fda.refusals.backfill,firm:3011657196,2024-03-18,2026-09-09T17:05:30Z,refused_at,20240318,yyyymmdd,fda.refusals.backfill,raw/fda.refusals.backfill/2026/09/20260909T170530Z-bdd810c4ed3d.json.gz,1
fda.refusals.backfill,firm:3011760850,2024-03-18,2026-09-09T17:05:30Z,firm_key,LINDBECK,,fda.refusals.backfill,raw/fda.refusals.backfill/2026/09/20260909T170530Z-bdd810c4ed3d.json.gz,1
fda.refusals.backfill,firm:3011760850,2024-03-18,2026-09-09T17:05:30Z,import_refusal,1,count,fda.refusals.backfill,raw/fda.refusals.backfill/2026/09/20260909T170530Z-bdd810c4ed3d.json.gz,1
fda.refusals.backfill,firm:3011760850,2024-03-18,2026-09-09T17:05:30Z,is_drug_or_biologic,1,bool,fda.refusals.backfill,raw/fda.refusals.backfill/2026/09/20260909T170530Z-bdd810c4ed3d.json.gz,1
fda.refusals.backfill,firm:3011760850,2024-03-18,2026-09-09T17:05:30Z,is_foreign,1,bool,fda.refusals.backfill,raw/fda.refusals.backfill/2026/09/20260909T170530Z-bdd810c4ed3d.json.gz,1
fda.refusals.backfill,firm:3011760850,2024-03-18,2026-09-09T17:05:30Z,is_human_drug,1,bool,fda.refusals.backfill,raw/fda.refusals.backfill/2026/09/20260909T170530Z-bdd810c4ed3d.json.gz,1
fda.refusals.backfill,firm:3011760850,2024-03-18,2026-09-09T17:05:30Z,label,Lindbeck As,,fda.refusals.backfill,raw/fda.refusals.backfill/2026/09/20260909T170530Z-bdd810c4ed3d.json.gz,1
fda.refusals.backfill,firm:3011760850,2024-03-18,2026-09-09T17:05:30Z,refused_at,20240318,yyyymmdd,fda.refusals.backfill,raw/fda.refusals.backfill/2026/09/20260909T170530Z-bdd810c4ed3d.json.gz,1
fda.refusals.backfill,firm:3011788658,2024-03-12,2026-09-09T17:05:30Z,firm_key,BUTTERFLIES HEALTHCARE,,fda.refusals.backfill,raw/fda.refusals.backfill/2026/09/20260909T170530Z-bdd810c4ed3d.json.gz,1
fda.refusals.backfill,firm:3011788658,2024-03-12,2026-09-09T17:05:30Z,import_refusal,1,count,fda.refusals.backfill,raw/fda.refusals.backfill/2026/09/20260909T170530Z-bdd810c4ed3d.json.gz,1
fda.refusals.backfill,firm:3011788658,2024-03-12,2026-09-09T17:05:30Z,is_drug_or_biologic,1,bool,fda.refusals.backfill,raw/fda.refusals.backfill/2026/09/20260909T170530Z-bdd810c4ed3d.json.gz,1
fda.refusals.backfill,firm:3011788658,2024-03-12,2026-09-09T17:05:30Z,is_foreign,1,bool,fda.refusals.backfill,raw/fda.refusals.backfill/2026/09/20260909T170530Z-bdd810c4ed3d.json.gz,1
fda.refusals.backfill,firm:3011788658,2024-03-12,2026-09-09T17:05:30Z,is_human_drug,0,bool,fda.refusals.backfill,raw/fda.refusals.backfill/2026/09/20260909T170530Z-bdd810c4ed3d.json.gz,1
fda.refusals.backfill,firm:3011788658,2024-03-12,2026-09-09T17:05:30Z,label,Butterflies Healthcare,,fda.refusals.backfill,raw/fda.refusals.backfill/2026/09/20260909T170530Z-bdd810c4ed3d.json.gz,1
fda.refusals.backfill,firm:3011788658,2024-03-12,2026-09-09T17:05:30Z,refused_at,20240312,yyyymmdd,fda.refusals.backfill,raw/fda.refusals.backfill/2026/09/20260909T170530Z-bdd810c4ed3d.json.gz,1
fda.refusals.backfill,firm:3011853060,2024-03-14,2026-09-09T17:05:30Z,firm_key,KILITCH HEALTHCARE INDIA,,fda.refusals.backfill,raw/fda.refusals.backfill/2026/09/20260909T170530Z-bdd810c4ed3d.json.gz,1
fda.refusals.backfill,firm:3011853060,2024-03-14,2026-09-09T17:05:30Z,import_refusal,1,count,fda.refusals.backfill,raw/fda.refusals.backfill/2026/09/20260909T170530Z-bdd810c4ed3d.json.gz,1
fda.refusals.backfill,firm:3011853060,2024-03-14,2026-09-09T17:05:30Z,is_drug_or_biologic,1,bool,fda.refusals.backfill,raw/fda.refusals.backfill/2026/09/20260909T170530Z-bdd810c4ed3d.json.gz,1
fda.refusals.backfill,firm:3011853060,2024-03-14,2026-09-09T17:05:30Z,is_foreign,1,bool,fda.refusals.backfill,raw/fda.refusals.backfill/2026/09/20260909T170530Z-bdd810c4ed3d.json.gz,1
fda.refusals.backfill,firm:3011853060,2024-03-14,2026-09-09T17:05:30Z,is_human_drug,1,bool,fda.refusals.backfill,raw/fda.refusals.backfill/2026/09/20260909T170530Z-bdd810c4ed3d.json.gz,1
fda.refusals.backfill,firm:3011853060,2024-03-14,2026-09-09T17:05:30Z,label,Kilitch Healthcare India Limited,,fda.refusals.backfill,raw/fda.refusals.backfill/2026/09/20260909T170530Z-bdd810c4ed3d.json.gz,1
fda.refusals.backfill,firm:3011853060,2024-03-14,2026-09-09T17:05:30Z,refused_at,20240314,yyyymmdd,fda.refusals.backfill,raw/fda.refusals.backfill/2026/09/20260909T170530Z-bdd810c4ed3d.json.gz,1
fda.refusals.backfill,firm:3011965629,2024-03-26,2026-09-09T17:05:30Z,firm_key,MANGALAM DRUGS AND ORGANICS,,fda.refusals.backfill,raw/fda.refusals.backfill/2026/09/20260909T170530Z-bdd810c4ed3d.json.gz,1
fda.refusals.backfill,firm:3011965629,2024-03-26,2026-09-09T17:05:30Z,import_refusal,1,count,fda.refusals.backfill,raw/fda.refusals.backfill/2026/09/20260909T170530Z-bdd810c4ed3d.json.gz,1
fda.refusals.backfill,firm:3011965629,2024-03-26,2026-09-09T17:05:30Z,is_drug_or_biologic,1,bool,fda.refusals.backfill,raw/fda.refusals.backfill/2026/09/20260909T170530Z-bdd810c4ed3d.json.gz,1
fda.refusals.backfill,firm:3011965629,2024-03-26,2026-09-09T17:05:30Z,is_foreign,1,bool,fda.refusals.backfill,raw/fda.refusals.backfill/2026/09/20260909T170530Z-bdd810c4ed3d.json.gz,1
fda.refusals.backfill,firm:3011965629,2024-03-26,2026-09-09T17:05:30Z,is_human_drug,1,bool,fda.refusals.backfill,raw/fda.refusals.backfill/2026/09/20260909T170530Z-bdd810c4ed3d.json.gz,1
fda.refusals.backfill,firm:3011965629,2024-03-26,2026-09-09T17:05:30Z,label,Mangalam Drugs And Organics Ltd,,fda.refusals.backfill,raw/fda.refusals.backfill/2026/09/20260909T170530Z-bdd810c4ed3d.json.gz,1
fda.refusals.backfill,firm:3011965629,2024-03-26,2026-09-09T17:05:30Z,refused_at,20240326,yyyymmdd,fda.refusals.backfill,raw/fda.refusals.backfill/2026/09/20260909T170530Z-bdd810c4ed3d.json.gz,1
fda.refusals.backfill,firm:3012144517,2024-03-05,2026-09-09T17:05:30Z,firm_key,PFIZER,,fda.refusals.backfill,raw/fda.refusals.backfill/2026/09/20260909T170530Z-bdd810c4ed3d.json.gz,1
fda.refusals.backfill,firm:3012144517,2024-03-05,2026-09-09T17:05:30Z,import_refusal,1,count,fda.refusals.backfill,raw/fda.refusals.backfill/2026/09/20260909T170530Z-bdd810c4ed3d.json.gz,1
fda.refusals.backfill,firm:3012144517,2024-03-05,2026-09-09T17:05:30Z,is_drug_or_biologic,1,bool,fda.refusals.backfill,raw/fda.refusals.backfill/2026/09/20260909T170530Z-bdd810c4ed3d.json.gz,1
fda.refusals.backfill,firm:3012144517,2024-03-05,2026-09-09T17:05:30Z,is_foreign,1,bool,fda.refusals.backfill,raw/fda.refusals.backfill/2026/09/20260909T170530Z-bdd810c4ed3d.json.gz,1
fda.refusals.backfill,firm:3012144517,2024-03-05,2026-09-09T17:05:30Z,is_human_drug,1,bool,fda.refusals.backfill,raw/fda.refusals.backfill/2026/09/20260909T170530Z-bdd810c4ed3d.json.gz,1
fda.refusals.backfill,firm:3012144517,2024-03-05,2026-09-09T17:05:30Z,label,Pfizer,,fda.refusals.backfill,raw/fda.refusals.backfill/2026/09/20260909T170530Z-bdd810c4ed3d.json.gz,1
fda.refusals.backfill,firm:3012144517,2024-03-05,2026-09-09T17:05:30Z,refused_at,20240305,yyyymmdd,fda.refusals.backfill,raw/fda.refusals.backfill/2026/09/20260909T170530Z-bdd810c4ed3d.json.gz,1
fda.refusals.backfill,firm:3012145330,2024-03-29,2026-09-09T17:05:30Z,firm_key,LEKAR,,fda.refusals.backfill,raw/fda.refusals.backfill/2026/09/20260909T170530Z-bdd810c4ed3d.json.gz,1
fda.refusals.backfill,firm:3012145330,2024-03-29,2026-09-09T17:05:30Z,import_refusal,1,count,fda.refusals.backfill,raw/fda.refusals.backfill/2026/09/20260909T170530Z-bdd810c4ed3d.json.gz,1
fda.refusals.backfill,firm:3012145330,2024-03-29,2026-09-09T17:05:30Z,is_drug_or_biologic,1,bool,fda.refusals.backfill,raw/fda.refusals.backfill/2026/09/20260909T170530Z-bdd810c4ed3d.json.gz,1
fda.refusals.backfill,firm:3012145330,2024-03-29,2026-09-09T17:05:30Z,is_foreign,1,bool,fda.refusals.backfill,raw/fda.refusals.backfill/2026/09/20260909T170530Z-bdd810c4ed3d.json.gz,1
fda.refusals.backfill,firm:3012145330,2024-03-29,2026-09-09T17:05:30Z,is_human_drug,1,bool,fda.refusals.backfill,raw/fda.refusals.backfill/2026/09/20260909T170530Z-bdd810c4ed3d.json.gz,1
fda.refusals.backfill,firm:3012145330,2024-03-29,2026-09-09T17:05:30Z,label,Lekar Pharma,,fda.refusals.backfill,raw/fda.refusals.backfill/2026/09/20260909T170530Z-bdd810c4ed3d.json.gz,1
fda.refusals.backfill,firm:3012145330,2024-03-29,2026-09-09T17:05:30Z,refused_at,20240329,yyyymmdd,fda.refusals.backfill,raw/fda.refusals.backfill/2026/09/20260909T170530Z-bdd810c4ed3d.json.gz,1
fda.refusals.backfill,firm:3012159022,2024-03-29,2026-09-09T17:05:30Z,firm_key,BLUE CROSS,,fda.refusals.backfill,raw/fda.refusals.backfill/2026/09/20260909T170530Z-bdd810c4ed3d.json.gz,1
fda.refusals.backfill,firm:3012159022,2024-03-29,2026-09-09T17:05:30Z,import_refusal,1,count,fda.refusals.backfill,raw/fda.refusals.backfill/2026/09/20260909T170530Z-bdd810c4ed3d.json.gz,1
fda.refusals.backfill,firm:3012159022,2024-03-29,2026-09-09T17:05:30Z,is_drug_or_biologic,1,bool,fda.refusals.backfill,raw/fda.refusals.backfill/2026/09/20260909T170530Z-bdd810c4ed3d.json.gz,1
fda.refusals.backfill,firm:3012159022,2024-03-29,2026-09-09T17:05:30Z,is_foreign,1,bool,fda.refusals.backfill,raw/fda.refusals.backfill/2026/09/20260909T170530Z-bdd810c4ed3d.json.gz,1
fda.refusals.backfill,firm:3012159022,2024-03-29,2026-09-09T17:05:30Z,is_human_drug,1,bool,fda.refusals.backfill,raw/fda.refusals.backfill/2026/09/20260909T170530Z-bdd810c4ed3d.json.gz,1
fda.refusals.backfill,firm:3012159022,2024-03-29,2026-09-09T17:05:30Z,label,Blue Cross Laboratories Pvt Ltd.,,fda.refusals.backfill,raw/fda.refusals.backfill/2026/09/20260909T170530Z-bdd810c4ed3d.json.gz,1
fda.refusals.backfill,firm:3012159022,2024-03-29,2026-09-09T17:05:30Z,refused_at,20240329,yyyymmdd,fda.refusals.backfill,raw/fda.refusals.backfill/2026/09/20260909T170530Z-bdd810c4ed3d.json.gz,1
fda.refusals.backfill,firm:3012204655,2024-03-20,2026-09-09T17:05:30Z,firm_key,BGP ULC,,fda.refusals.backfill,raw/fda.refusals.backfill/2026/09/20260909T170530Z-bdd810c4ed3d.json.gz,1
fda.refusals.backfill,firm:3012204655,2024-03-20,2026-09-09T17:05:30Z,import_refusal,1,count,fda.refusals.backfill,raw/fda.refusals.backfill/2026/09/20260909T170530Z-bdd810c4ed3d.json.gz,1
fda.refusals.backfill,firm:3012204655,2024-03-20,2026-09-09T17:05:30Z,is_drug_or_biologic,1,bool,fda.refusals.backfill,raw/fda.refusals.backfill/2026/09/20260909T170530Z-bdd810c4ed3d.json.gz,1
fda.refusals.backfill,firm:3012204655,2024-03-20,2026-09-09T17:05:30Z,is_foreign,1,bool,fda.refusals.backfill,raw/fda.refusals.backfill/2026/09/20260909T170530Z-bdd810c4ed3d.json.gz,1
fda.refusals.backfill,firm:3012204655,2024-03-20,2026-09-09T17:05:30Z,is_human_drug,1,bool,fda.refusals.backfill,raw/fda.refusals.backfill/2026/09/20260909T170530Z-bdd810c4ed3d.json.gz,1
fda.refusals.backfill,firm:3012204655,2024-03-20,2026-09-09T17:05:30Z,label,Bgp Pharma Ulc,,fda.refusals.backfill,raw/fda.refusals.backfill/2026/09/20260909T170530Z-bdd810c4ed3d.json.gz,1
fda.refusals.backfill,firm:3012204655,2024-03-20,2026-09-09T17:05:30Z,refused_at,20240320,yyyymmdd,fda.refusals.backfill,raw/fda.refusals.backfill/2026/09/20260909T170530Z-bdd810c4ed3d.json.gz,1
fda.refusals.backfill,firm:3012205776,2024-03-25,2026-09-09T17:05:30Z,firm_key,CELT NATURALS,,fda.refusals.backfill,raw/fda.refusals.backfill/2026/09/20260909T170530Z-bdd810c4ed3d.json.gz,1
fda.refusals.backfill,firm:3012205776,2024-03-25,2026-09-09T17:05:30Z,import_refusal,1,count,fda.refusals.backfill,raw/fda.refusals.backfill/2026/09/20260909T170530Z-bdd810c4ed3d.json.gz,1
fda.refusals.backfill,firm:3012205776,2024-03-25,2026-09-09T17:05:30Z,is_drug_or_biologic,1,bool,fda.refusals.backfill,raw/fda.refusals.backfill/2026/09/20260909T170530Z-bdd810c4ed3d.json.gz,1
fda.refusals.backfill,firm:3012205776,2024-03-25,2026-09-09T17:05:30Z,is_foreign,1,bool,fda.refusals.backfill,raw/fda.refusals.backfill/2026/09/20260909T170530Z-bdd810c4ed3d.json.gz,1
fda.refusals.backfill,firm:3012205776,2024-03-25,2026-09-09T17:05:30Z,is_human_drug,1,bool,fda.refusals.backfill,raw/fda.refusals.backfill/2026/09/20260909T170530Z-bdd810c4ed3d.json.gz,1
fda.refusals.backfill,firm:3012205776,2024-03-25,2026-09-09T17:05:30Z,label,Celt Naturals,,fda.refusals.backfill,raw/fda.refusals.backfill/2026/09/20260909T170530Z-bdd810c4ed3d.json.gz,1
fda.refusals.backfill,firm:3012205776,2024-03-25,2026-09-09T17:05:30Z,refused_at,20240325,yyyymmdd,fda.refusals.backfill,raw/fda.refusals.backfill/2026/09/20260909T170530Z-bdd810c4ed3d.json.gz,1
fda.refusals.backfill,firm:3012215569,2024-03-22,2026-09-09T17:05:30Z,firm_key,CIPLA,,fda.refusals.backfill,raw/fda.refusals.backfill/2026/09/20260909T170530Z-bdd810c4ed3d.json.gz,1
fda.refusals.backfill,firm:3012215569,2024-03-22,2026-09-09T17:05:30Z,import_refusal,1,count,fda.refusals.backfill,raw/fda.refusals.backfill/2026/09/20260909T170530Z-bdd810c4ed3d.json.gz,1
fda.refusals.backfill,firm:3012215569,2024-03-22,2026-09-09T17:05:30Z,is_drug_or_biologic,1,bool,fda.refusals.backfill,raw/fda.refusals.backfill/2026/09/20260909T170530Z-bdd810c4ed3d.json.gz,1
fda.refusals.backfill,firm:3012215569,2024-03-22,2026-09-09T17:05:30Z,is_foreign,1,bool,fda.refusals.backfill,raw/fda.refusals.backfill/2026/09/20260909T170530Z-bdd810c4ed3d.json.gz,1
fda.refusals.backfill,firm:3012215569,2024-03-22,2026-09-09T17:05:30Z,is_human_drug,1,bool,fda.refusals.backfill,raw/fda.refusals.backfill/2026/09/20260909T170530Z-bdd810c4ed3d.json.gz,1
fda.refusals.backfill,firm:3012215569,2024-03-22,2026-09-09T17:05:30Z,label,Cipla Pvt Ltd,,fda.refusals.backfill,raw/fda.refusals.backfill/2026/09/20260909T170530Z-bdd810c4ed3d.json.gz,1
fda.refusals.backfill,firm:3012215569,2024-03-22,2026-09-09T17:05:30Z,refused_at,20240322,yyyymmdd,fda.refusals.backfill,raw/fda.refusals.backfill/2026/09/20260909T170530Z-bdd810c4ed3d.json.gz,1
fda.refusals.backfill,firm:3012264231,2024-03-29,2026-09-09T17:05:30Z,firm_key,ULTRALABORATORIOS DE,,fda.refusals.backfill,raw/fda.refusals.backfill/2026/09/20260909T170530Z-bdd810c4ed3d.json.gz,1
fda.refusals.backfill,firm:3012264231,2024-03-29,2026-09-09T17:05:30Z,import_refusal,1,count,fda.refusals.backfill,raw/fda.refusals.backfill/2026/09/20260909T170530Z-bdd810c4ed3d.json.gz,1
fda.refusals.backfill,firm:3012264231,2024-03-29,2026-09-09T17:05:30Z,is_drug_or_biologic,1,bool,fda.refusals.backfill,raw/fda.refusals.backfill/2026/09/20260909T170530Z-bdd810c4ed3d.json.gz,1
fda.refusals.backfill,firm:3012264231,2024-03-29,2026-09-09T17:05:30Z,is_foreign,1,bool,fda.refusals.backfill,raw/fda.refusals.backfill/2026/09/20260909T170530Z-bdd810c4ed3d.json.gz,1
fda.refusals.backfill,firm:3012264231,2024-03-29,2026-09-09T17:05:30Z,is_human_drug,1,bool,fda.refusals.backfill,raw/fda.refusals.backfill/2026/09/20260909T170530Z-bdd810c4ed3d.json.gz,1
fda.refusals.backfill,firm:3012264231,2024-03-29,2026-09-09T17:05:30Z,label,Ultralaboratorios Sa De,,fda.refusals.backfill,raw/fda.refusals.backfill/2026/09/20260909T170530Z-bdd810c4ed3d.json.gz,1
fda.refusals.backfill,firm:3012264231,2024-03-29,2026-09-09T17:05:30Z,refused_at,20240329,yyyymmdd,fda.refusals.backfill,raw/fda.refusals.backfill/2026/09/20260909T170530Z-bdd810c4ed3d.json.gz,1
fda.refusals.backfill,firm:3012279978,2024-03-01,2026-09-09T17:05:30Z,firm_key,CELLTRION PHARM,,fda.refusals.backfill,raw/fda.refusals.backfill/2026/09/20260909T170530Z-bdd810c4ed3d.json.gz,1
fda.refusals.backfill,firm:3012279978,2024-03-01,2026-09-09T17:05:30Z,import_refusal,1,count,fda.refusals.backfill,raw/fda.refusals.backfill/2026/09/20260909T170530Z-bdd810c4ed3d.json.gz,1
fda.refusals.backfill,firm:3012279978,2024-03-01,2026-09-09T17:05:30Z,is_drug_or_biologic,1,bool,fda.refusals.backfill,raw/fda.refusals.backfill/2026/09/20260909T170530Z-bdd810c4ed3d.json.gz,1
fda.refusals.backfill,firm:3012279978,2024-03-01,2026-09-09T17:05:30Z,is_foreign,1,bool,fda.refusals.backfill,raw/fda.refusals.backfill/2026/09/20260909T170530Z-bdd810c4ed3d.json.gz,1
fda.refusals.backfill,firm:3012279978,2024-03-01,2026-09-09T17:05:30Z,is_human_drug,1,bool,fda.refusals.backfill,raw/fda.refusals.backfill/2026/09/20260909T170530Z-bdd810c4ed3d.json.gz,1
fda.refusals.backfill,firm:3012279978,2024-03-01,2026-09-09T17:05:30Z,label,"Celltrion Pharm, Inc.",,fda.refusals.backfill,raw/fda.refusals.backfill/2026/09/20260909T170530Z-bdd810c4ed3d.json.gz,1
fda.refusals.backfill,firm:3012279978,2024-03-01,2026-09-09T17:05:30Z,refused_at,20240301,yyyymmdd,fda.refusals.backfill,raw/fda.refusals.backfill/2026/09/20260909T170530Z-bdd810c4ed3d.json.gz,1
fda.refusals.backfill,firm:3012321772,2024-03-25,2026-09-09T17:05:30Z,firm_key,NUTRALOID,,fda.refusals.backfill,raw/fda.refusals.backfill/2026/09/20260909T170530Z-bdd810c4ed3d.json.gz,1
fda.refusals.backfill,firm:3012321772,2024-03-25,2026-09-09T17:05:30Z,import_refusal,1,count,fda.refusals.backfill,raw/fda.refusals.backfill/2026/09/20260909T170530Z-bdd810c4ed3d.json.gz,1
fda.refusals.backfill,firm:3012321772,2024-03-25,2026-09-09T17:05:30Z,is_drug_or_biologic,1,bool,fda.refusals.backfill,raw/fda.refusals.backfill/2026/09/20260909T170530Z-bdd810c4ed3d.json.gz,1
fda.refusals.backfill,firm:3012321772,2024-03-25,2026-09-09T17:05:30Z,is_foreign,0,bool,fda.refusals.backfill,raw/fda.refusals.backfill/2026/09/20260909T170530Z-bdd810c4ed3d.json.gz,1
fda.refusals.backfill,firm:3012321772,2024-03-25,2026-09-09T17:05:30Z,is_human_drug,1,bool,fda.refusals.backfill,raw/fda.refusals.backfill/2026/09/20260909T170530Z-bdd810c4ed3d.json.gz,1
fda.refusals.backfill,firm:3012321772,2024-03-25,2026-09-09T17:05:30Z,label,Nutraloid labs,,fda.refusals.backfill,raw/fda.refusals.backfill/2026/09/20260909T170530Z-bdd810c4ed3d.json.gz,1
fda.refusals.backfill,firm:3012321772,2024-03-25,2026-09-09T17:05:30Z,refused_at,20240325,yyyymmdd,fda.refusals.backfill,raw/fda.refusals.backfill/2026/09/20260909T170530Z-bdd810c4ed3d.json.gz,1
fda.refusals.backfill,firm:3012330662,2024-03-29,2026-09-09T17:05:30Z,firm_key,LABORATORIOS RAAM DE SAHUAYO S A,,fda.refusals.backfill,raw/fda.refusals.backfill/2026/09/20260909T170530Z-bdd810c4ed3d.json.gz,1
fda.refusals.backfill,firm:3012330662,2024-03-29,2026-09-09T17:05:30Z,import_refusal,1,count,fda.refusals.backfill,raw/fda.refusals.backfill/2026/09/20260909T170530Z-bdd810c4ed3d.json.gz,1
fda.refusals.backfill,firm:3012330662,2024-03-29,2026-09-09T17:05:30Z,is_drug_or_biologic,1,bool,fda.refusals.backfill,raw/fda.refusals.backfill/2026/09/20260909T170530Z-bdd810c4ed3d.json.gz,1
fda.refusals.backfill,firm:3012330662,2024-03-29,2026-09-09T17:05:30Z,is_foreign,1,bool,fda.refusals.backfill,raw/fda.refusals.backfill/2026/09/20260909T170530Z-bdd810c4ed3d.json.gz,1
fda.refusals.backfill,firm:3012330662,2024-03-29,2026-09-09T17:05:30Z,is_human_drug,1,bool,fda.refusals.backfill,raw/fda.refusals.backfill/2026/09/20260909T170530Z-bdd810c4ed3d.json.gz,1
fda.refusals.backfill,firm:3012330662,2024-03-29,2026-09-09T17:05:30Z,label,Laboratorios Raam De Sahuayo S A,,fda.refusals.backfill,raw/fda.refusals.backfill/2026/09/20260909T170530Z-bdd810c4ed3d.json.gz,1
fda.refusals.backfill,firm:3012330662,2024-03-29,2026-09-09T17:05:30Z,refused_at,20240329,yyyymmdd,fda.refusals.backfill,raw/fda.refusals.backfill/2026/09/20260909T170530Z-bdd810c4ed3d.json.gz,1
fda.refusals.backfill,firm:3012334740,2024-03-20,2026-09-09T17:05:30Z,firm_key,SANDOZ CANADA,,fda.refusals.backfill,raw/fda.refusals.backfill/2026/09/20260909T170530Z-bdd810c4ed3d.json.gz,1
fda.refusals.backfill,firm:3012334740,2024-03-20,2026-09-09T17:05:30Z,import_refusal,1,count,fda.refusals.backfill,raw/fda.refusals.backfill/2026/09/20260909T170530Z-bdd810c4ed3d.json.gz,1
fda.refusals.backfill,firm:3012334740,2024-03-20,2026-09-09T17:05:30Z,is_drug_or_biologic,1,bool,fda.refusals.backfill,raw/fda.refusals.backfill/2026/09/20260909T170530Z-bdd810c4ed3d.json.gz,1
fda.refusals.backfill,firm:3012334740,2024-03-20,2026-09-09T17:05:30Z,is_foreign,1,bool,fda.refusals.backfill,raw/fda.refusals.backfill/2026/09/20260909T170530Z-bdd810c4ed3d.json.gz,1
fda.refusals.backfill,firm:3012334740,2024-03-20,2026-09-09T17:05:30Z,is_human_drug,1,bool,fda.refusals.backfill,raw/fda.refusals.backfill/2026/09/20260909T170530Z-bdd810c4ed3d.json.gz,1
fda.refusals.backfill,firm:3012334740,2024-03-20,2026-09-09T17:05:30Z,label,SANDOZ CANADA INC,,fda.refusals.backfill,raw/fda.refusals.backfill/2026/09/20260909T170530Z-bdd810c4ed3d.json.gz,1
fda.refusals.backfill,firm:3012334740,2024-03-20,2026-09-09T17:05:30Z,refused_at,20240320,yyyymmdd,fda.refusals.backfill,raw/fda.refusals.backfill/2026/09/20260909T170530Z-bdd810c4ed3d.json.gz,1
fda.refusals.backfill,firm:3012381914,2024-03-11,2026-09-09T17:05:30Z,firm_key,SBL,,fda.refusals.backfill,raw/fda.refusals.backfill/2026/09/20260909T170530Z-bdd810c4ed3d.json.gz,1
fda.refusals.backfill,firm:3012381914,2024-03-11,2026-09-09T17:05:30Z,import_refusal,1,count,fda.refusals.backfill,raw/fda.refusals.backfill/2026/09/20260909T170530Z-bdd810c4ed3d.json.gz,1
fda.refusals.backfill,firm:3012381914,2024-03-11,2026-09-09T17:05:30Z,is_drug_or_biologic,1,bool,fda.refusals.backfill,raw/fda.refusals.backfill/2026/09/20260909T170530Z-bdd810c4ed3d.json.gz,1
fda.refusals.backfill,firm:3012381914,2024-03-11,2026-09-09T17:05:30Z,is_foreign,1,bool,fda.refusals.backfill,raw/fda.refusals.backfill/2026/09/20260909T170530Z-bdd810c4ed3d.json.gz,1
fda.refusals.backfill,firm:3012381914,2024-03-11,2026-09-09T17:05:30Z,is_human_drug,1,bool,fda.refusals.backfill,raw/fda.refusals.backfill/2026/09/20260909T170530Z-bdd810c4ed3d.json.gz,1
fda.refusals.backfill,firm:3012381914,2024-03-11,2026-09-09T17:05:30Z,label,Sbl Pvt,,fda.refusals.backfill,raw/fda.refusals.backfill/2026/09/20260909T170530Z-bdd810c4ed3d.json.gz,1
fda.refusals.backfill,firm:3012381914,2024-03-11,2026-09-09T17:05:30Z,refused_at,20240311,yyyymmdd,fda.refusals.backfill,raw/fda.refusals.backfill/2026/09/20260909T170530Z-bdd810c4ed3d.json.gz,1
fda.refusals.backfill,firm:3012416785,2024-03-05,2026-09-09T17:05:30Z,firm_key,BRULUART,,fda.refusals.backfill,raw/fda.refusals.backfill/2026/09/20260909T170530Z-bdd810c4ed3d.json.gz,1
fda.refusals.backfill,firm:3012416785,2024-03-05,2026-09-09T17:05:30Z,import_refusal,1,count,fda.refusals.backfill,raw/fda.refusals.backfill/2026/09/20260909T170530Z-bdd810c4ed3d.json.gz,1
fda.refusals.backfill,firm:3012416785,2024-03-05,2026-09-09T17:05:30Z,is_drug_or_biologic,1,bool,fda.refusals.backfill,raw/fda.refusals.backfill/2026/09/20260909T170530Z-bdd810c4ed3d.json.gz,1
fda.refusals.backfill,firm:3012416785,2024-03-05,2026-09-09T17:05:30Z,is_foreign,1,bool,fda.refusals.backfill,raw/fda.refusals.backfill/2026/09/20260909T170530Z-bdd810c4ed3d.json.gz,1
fda.refusals.backfill,firm:3012416785,2024-03-05,2026-09-09T17:05:30Z,is_human_drug,1,bool,fda.refusals.backfill,raw/fda.refusals.backfill/2026/09/20260909T170530Z-bdd810c4ed3d.json.gz,1
fda.refusals.backfill,firm:3012416785,2024-03-05,2026-09-09T17:05:30Z,label,BRULUART SA,,fda.refusals.backfill,raw/fda.refusals.backfill/2026/09/20260909T170530Z-bdd810c4ed3d.json.gz,1
fda.refusals.backfill,firm:3012416785,2024-03-05,2026-09-09T17:05:30Z,refused_at,20240305,yyyymmdd,fda.refusals.backfill,raw/fda.refusals.backfill/2026/09/20260909T170530Z-bdd810c4ed3d.json.gz,1
fda.refusals.backfill,firm:3012451201,2024-03-08,2026-09-09T17:05:30Z,firm_key,GELCAPS EXPORTADORA DE MEXICO,,fda.refusals.backfill,raw/fda.refusals.backfill/2026/09/20260909T170530Z-bdd810c4ed3d.json.gz,1
fda.refusals.backfill,firm:3012451201,2024-03-08,2026-09-09T17:05:30Z,import_refusal,1,count,fda.refusals.backfill,raw/fda.refusals.backfill/2026/09/20260909T170530Z-bdd810c4ed3d.json.gz,1
fda.refusals.backfill,firm:3012451201,2024-03-08,2026-09-09T17:05:30Z,is_drug_or_biologic,1,bool,fda.refusals.backfill,raw/fda.refusals.backfill/2026/09/20260909T170530Z-bdd810c4ed3d.json.gz,1
fda.refusals.backfill,firm:3012451201,2024-03-08,2026-09-09T17:05:30Z,is_foreign,1,bool,fda.refusals.backfill,raw/fda.refusals.backfill/2026/09/20260909T170530Z-bdd810c4ed3d.json.gz,1
fda.refusals.backfill,firm:3012451201,2024-03-08,2026-09-09T17:05:30Z,is_human_drug,1,bool,fda.refusals.backfill,raw/fda.refusals.backfill/2026/09/20260909T170530Z-bdd810c4ed3d.json.gz,1
fda.refusals.backfill,firm:3012451201,2024-03-08,2026-09-09T17:05:30Z,label,GELCAPS EXPORTADORA DE MEXICO,,fda.refusals.backfill,raw/fda.refusals.backfill/2026/09/20260909T170530Z-bdd810c4ed3d.json.gz,1
fda.refusals.backfill,firm:3012451201,2024-03-08,2026-09-09T17:05:30Z,refused_at,20240308,yyyymmdd,fda.refusals.backfill,raw/fda.refusals.backfill/2026/09/20260909T170530Z-bdd810c4ed3d.json.gz,1
fda.refusals.backfill,firm:3012518097,2024-03-18,2026-09-09T17:05:30Z,firm_key,TECNOQUIMICAS,,fda.refusals.backfill,raw/fda.refusals.backfill/2026/09/20260909T170530Z-bdd810c4ed3d.json.gz,1
fda.refusals.backfill,firm:3012518097,2024-03-18,2026-09-09T17:05:30Z,import_refusal,1,count,fda.refusals.backfill,raw/fda.refusals.backfill/2026/09/20260909T170530Z-bdd810c4ed3d.json.gz,1
fda.refusals.backfill,firm:3012518097,2024-03-18,2026-09-09T17:05:30Z,is_drug_or_biologic,1,bool,fda.refusals.backfill,raw/fda.refusals.backfill/2026/09/20260909T170530Z-bdd810c4ed3d.json.gz,1
fda.refusals.backfill,firm:3012518097,2024-03-18,2026-09-09T17:05:30Z,is_foreign,1,bool,fda.refusals.backfill,raw/fda.refusals.backfill/2026/09/20260909T170530Z-bdd810c4ed3d.json.gz,1
fda.refusals.backfill,firm:3012518097,2024-03-18,2026-09-09T17:05:30Z,is_human_drug,1,bool,fda.refusals.backfill,raw/fda.refusals.backfill/2026/09/20260909T170530Z-bdd810c4ed3d.json.gz,1
fda.refusals.backfill,firm:3012518097,2024-03-18,2026-09-09T17:05:30Z,label,TECNOQUIMICAS,,fda.refusals.backfill,raw/fda.refusals.backfill/2026/09/20260909T170530Z-bdd810c4ed3d.json.gz,1
fda.refusals.backfill,firm:3012518097,2024-03-18,2026-09-09T17:05:30Z,refused_at,20240318,yyyymmdd,fda.refusals.backfill,raw/fda.refusals.backfill/2026/09/20260909T170530Z-bdd810c4ed3d.json.gz,1
fda.refusals.backfill,firm:3012596487,2024-03-18,2026-09-09T17:05:30Z,firm_key,LABORATORIOS BUSSIE,,fda.refusals.backfill,raw/fda.refusals.backfill/2026/09/20260909T170530Z-bdd810c4ed3d.json.gz,1
fda.refusals.backfill,firm:3012596487,2024-03-18,2026-09-09T17:05:30Z,import_refusal,1,count,fda.refusals.backfill,raw/fda.refusals.backfill/2026/09/20260909T170530Z-bdd810c4ed3d.json.gz,1
fda.refusals.backfill,firm:3012596487,2024-03-18,2026-09-09T17:05:30Z,is_drug_or_biologic,1,bool,fda.refusals.backfill,raw/fda.refusals.backfill/2026/09/20260909T170530Z-bdd810c4ed3d.json.gz,1
fda.refusals.backfill,firm:3012596487,2024-03-18,2026-09-09T17:05:30Z,is_foreign,1,bool,fda.refusals.backfill,raw/fda.refusals.backfill/2026/09/20260909T170530Z-bdd810c4ed3d.json.gz,1
fda.refusals.backfill,firm:3012596487,2024-03-18,2026-09-09T17:05:30Z,is_human_drug,1,bool,fda.refusals.backfill,raw/fda.refusals.backfill/2026/09/20260909T170530Z-bdd810c4ed3d.json.gz,1
fda.refusals.backfill,firm:3012596487,2024-03-18,2026-09-09T17:05:30Z,label,LABORATORIOS BUSSIE SA,,fda.refusals.backfill,raw/fda.refusals.backfill/2026/09/20260909T170530Z-bdd810c4ed3d.json.gz,1
fda.refusals.backfill,firm:3012596487,2024-03-18,2026-09-09T17:05:30Z,refused_at,20240318,yyyymmdd,fda.refusals.backfill,raw/fda.refusals.backfill/2026/09/20260909T170530Z-bdd810c4ed3d.json.gz,1
fda.refusals.backfill,firm:3012601927,2024-03-10,2026-09-09T17:05:30Z,firm_key,DMS,,fda.refusals.backfill,raw/fda.refusals.backfill/2026/09/20260909T170530Z-bdd810c4ed3d.json.gz,1
fda.refusals.backfill,firm:3012601927,2024-03-10,2026-09-09T17:05:30Z,import_refusal,1,count,fda.refusals.backfill,raw/fda.refusals.backfill/2026/09/20260909T170530Z-bdd810c4ed3d.json.gz,1
fda.refusals.backfill,firm:3012601927,2024-03-10,2026-09-09T17:05:30Z,is_drug_or_biologic,1,bool,fda.refusals.backfill,raw/fda.refusals.backfill/2026/09/20260909T170530Z-bdd810c4ed3d.json.gz,1
fda.refusals.backfill,firm:3012601927,2024-03-10,2026-09-09T17:05:30Z,is_foreign,1,bool,fda.refusals.backfill,raw/fda.refusals.backfill/2026/09/20260909T170530Z-bdd810c4ed3d.json.gz,1
fda.refusals.backfill,firm:3012601927,2024-03-10,2026-09-09T17:05:30Z,is_human_drug,1,bool,fda.refusals.backfill,raw/fda.refusals.backfill/2026/09/20260909T170530Z-bdd810c4ed3d.json.gz,1
fda.refusals.backfill,firm:3012601927,2024-03-10,2026-09-09T17:05:30Z,label,"DMS International Co., Ltd.",,fda.refusals.backfill,raw/fda.refusals.backfill/2026/09/20260909T170530Z-bdd810c4ed3d.json.gz,1
fda.refusals.backfill,firm:3012601927,2024-03-10,2026-09-09T17:05:30Z,refused_at,20240310,yyyymmdd,fda.refusals.backfill,raw/fda.refusals.backfill/2026/09/20260909T170530Z-bdd810c4ed3d.json.gz,1
fda.refusals.backfill,firm:3012687825,2024-03-08,2026-09-09T17:05:30Z,firm_key,MERK MEXICO,,fda.refusals.backfill,raw/fda.refusals.backfill/2026/09/20260909T170530Z-bdd810c4ed3d.json.gz,1
fda.refusals.backfill,firm:3012687825,2024-03-08,2026-09-09T17:05:30Z,import_refusal,1,count,fda.refusals.backfill,raw/fda.refusals.backfill/2026/09/20260909T170530Z-bdd810c4ed3d.json.gz,1
fda.refusals.backfill,firm:3012687825,2024-03-08,2026-09-09T17:05:30Z,is_drug_or_biologic,1,bool,fda.refusals.backfill,raw/fda.refusals.backfill/2026/09/20260909T170530Z-bdd810c4ed3d.json.gz,1
fda.refusals.backfill,firm:3012687825,2024-03-08,2026-09-09T17:05:30Z,is_foreign,1,bool,fda.refusals.backfill,raw/fda.refusals.backfill/2026/09/20260909T170530Z-bdd810c4ed3d.json.gz,1
fda.refusals.backfill,firm:3012687825,2024-03-08,2026-09-09T17:05:30Z,is_human_drug,1,bool,fda.refusals.backfill,raw/fda.refusals.backfill/2026/09/20260909T170530Z-bdd810c4ed3d.json.gz,1
fda.refusals.backfill,firm:3012687825,2024-03-08,2026-09-09T17:05:30Z,label,MERK MEXICO SA,,fda.refusals.backfill,raw/fda.refusals.backfill/2026/09/20260909T170530Z-bdd810c4ed3d.json.gz,1
fda.refusals.backfill,firm:3012687825,2024-03-08,2026-09-09T17:05:30Z,refused_at,20240308,yyyymmdd,fda.refusals.backfill,raw/fda.refusals.backfill/2026/09/20260909T170530Z-bdd810c4ed3d.json.gz,1
fda.refusals.backfill,firm:3012727301,2024-03-28,2026-09-09T17:05:30Z,firm_key,NISARG BIOSCIENCES,,fda.refusals.backfill,raw/fda.refusals.backfill/2026/09/20260909T170530Z-bdd810c4ed3d.json.gz,1
fda.refusals.backfill,firm:3012727301,2024-03-28,2026-09-09T17:05:30Z,import_refusal,1,count,fda.refusals.backfill,raw/fda.refusals.backfill/2026/09/20260909T170530Z-bdd810c4ed3d.json.gz,1
fda.refusals.backfill,firm:3012727301,2024-03-28,2026-09-09T17:05:30Z,is_drug_or_biologic,1,bool,fda.refusals.backfill,raw/fda.refusals.backfill/2026/09/20260909T170530Z-bdd810c4ed3d.json.gz,1
fda.refusals.backfill,firm:3012727301,2024-03-28,2026-09-09T17:05:30Z,is_foreign,1,bool,fda.refusals.backfill,raw/fda.refusals.backfill/2026/09/20260909T170530Z-bdd810c4ed3d.json.gz,1
fda.refusals.backfill,firm:3012727301,2024-03-28,2026-09-09T17:05:30Z,is_human_drug,0,bool,fda.refusals.backfill,raw/fda.refusals.backfill/2026/09/20260909T170530Z-bdd810c4ed3d.json.gz,1
fda.refusals.backfill,firm:3012727301,2024-03-28,2026-09-09T17:05:30Z,label,NISARG BIOSCIENCES LTD,,fda.refusals.backfill,raw/fda.refusals.backfill/2026/09/20260909T170530Z-bdd810c4ed3d.json.gz,1
fda.refusals.backfill,firm:3012727301,2024-03-28,2026-09-09T17:05:30Z,refused_at,20240328,yyyymmdd,fda.refusals.backfill,raw/fda.refusals.backfill/2026/09/20260909T170530Z-bdd810c4ed3d.json.gz,1
fda.refusals.backfill,firm:3012727775,2024-03-18,2026-09-09T17:05:30Z,firm_key,PHARMETIQUE,,fda.refusals.backfill,raw/fda.refusals.backfill/2026/09/20260909T170530Z-bdd810c4ed3d.json.gz,1
fda.refusals.backfill,firm:3012727775,2024-03-18,2026-09-09T17:05:30Z,import_refusal,1,count,fda.refusals.backfill,raw/fda.refusals.backfill/2026/09/20260909T170530Z-bdd810c4ed3d.json.gz,1
fda.refusals.backfill,firm:3012727775,2024-03-18,2026-09-09T17:05:30Z,is_drug_or_biologic,1,bool,fda.refusals.backfill,raw/fda.refusals.backfill/2026/09/20260909T170530Z-bdd810c4ed3d.json.gz,1
fda.refusals.backfill,firm:3012727775,2024-03-18,2026-09-09T17:05:30Z,is_foreign,1,bool,fda.refusals.backfill,raw/fda.refusals.backfill/2026/09/20260909T170530Z-bdd810c4ed3d.json.gz,1
fda.refusals.backfill,firm:3012727775,2024-03-18,2026-09-09T17:05:30Z,is_human_drug,1,bool,fda.refusals.backfill,raw/fda.refusals.backfill/2026/09/20260909T170530Z-bdd810c4ed3d.json.gz,1
fda.refusals.backfill,firm:3012727775,2024-03-18,2026-09-09T17:05:30Z,label,PHARMETIQUE SA,,fda.refusals.backfill,raw/fda.refusals.backfill/2026/09/20260909T170530Z-bdd810c4ed3d.json.gz,1
fda.refusals.backfill,firm:3012727775,2024-03-18,2026-09-09T17:05:30Z,refused_at,20240318,yyyymmdd,fda.refusals.backfill,raw/fda.refusals.backfill/2026/09/20260909T170530Z-bdd810c4ed3d.json.gz,1
fda.refusals.backfill,firm:3012770795,2024-03-26,2026-09-09T17:05:30Z,firm_key,NOVO NORDISK,,fda.refusals.backfill,raw/fda.refusals.backfill/2026/09/20260909T170530Z-bdd810c4ed3d.json.gz,1
fda.refusals.backfill,firm:3012770795,2024-03-26,2026-09-09T17:05:30Z,import_refusal,1,count,fda.refusals.backfill,raw/fda.refusals.backfill/2026/09/20260909T170530Z-bdd810c4ed3d.json.gz,1
fda.refusals.backfill,firm:3012770795,2024-03-26,2026-09-09T17:05:30Z,is_drug_or_biologic,1,bool,fda.refusals.backfill,raw/fda.refusals.backfill/2026/09/20260909T170530Z-bdd810c4ed3d.json.gz,1
fda.refusals.backfill,firm:3012770795,2024-03-26,2026-09-09T17:05:30Z,is_foreign,1,bool,fda.refusals.backfill,raw/fda.refusals.backfill/2026/09/20260909T170530Z-bdd810c4ed3d.json.gz,1
fda.refusals.backfill,firm:3012770795,2024-03-26,2026-09-09T17:05:30Z,is_human_drug,1,bool,fda.refusals.backfill,raw/fda.refusals.backfill/2026/09/20260909T170530Z-bdd810c4ed3d.json.gz,1
fda.refusals.backfill,firm:3012770795,2024-03-26,2026-09-09T17:05:30Z,label,NOVO NORDISK AS,,fda.refusals.backfill,raw/fda.refusals.backfill/2026/09/20260909T170530Z-bdd810c4ed3d.json.gz,1
fda.refusals.backfill,firm:3012770795,2024-03-26,2026-09-09T17:05:30Z,refused_at,20240326,yyyymmdd,fda.refusals.backfill,raw/fda.refusals.backfill/2026/09/20260909T170530Z-bdd810c4ed3d.json.gz,1
fda.refusals.backfill,firm:3012780097,2024-03-29,2026-09-09T17:05:30Z,firm_key,LABORATORIOS QUIMICA SON S S A DE C V,,fda.refusals.backfill,raw/fda.refusals.backfill/2026/09/20260909T170530Z-bdd810c4ed3d.json.gz,1
fda.refusals.backfill,firm:3012780097,2024-03-29,2026-09-09T17:05:30Z,import_refusal,1,count,fda.refusals.backfill,raw/fda.refusals.backfill/2026/09/20260909T170530Z-bdd810c4ed3d.json.gz,1
fda.refusals.backfill,firm:3012780097,2024-03-29,2026-09-09T17:05:30Z,is_drug_or_biologic,1,bool,fda.refusals.backfill,raw/fda.refusals.backfill/2026/09/20260909T170530Z-bdd810c4ed3d.json.gz,1
fda.refusals.backfill,firm:3012780097,2024-03-29,2026-09-09T17:05:30Z,is_foreign,1,bool,fda.refusals.backfill,raw/fda.refusals.backfill/2026/09/20260909T170530Z-bdd810c4ed3d.json.gz,1
fda.refusals.backfill,firm:3012780097,2024-03-29,2026-09-09T17:05:30Z,is_human_drug,1,bool,fda.refusals.backfill,raw/fda.refusals.backfill/2026/09/20260909T170530Z-bdd810c4ed3d.json.gz,1
fda.refusals.backfill,firm:3012780097,2024-03-29,2026-09-09T17:05:30Z,label,"Laboratorios Quimica Son's, S.A. de C.V",,fda.refusals.backfill,raw/fda.refusals.backfill/2026/09/20260909T170530Z-bdd810c4ed3d.json.gz,1
fda.refusals.backfill,firm:3012780097,2024-03-29,2026-09-09T17:05:30Z,refused_at,20240329,yyyymmdd,fda.refusals.backfill,raw/fda.refusals.backfill/2026/09/20260909T170530Z-bdd810c4ed3d.json.gz,1
fda.refusals.backfill,firm:3012842939,2024-03-29,2026-09-09T17:05:30Z,firm_key,CIPLA,,fda.refusals.backfill,raw/fda.refusals.backfill/2026/09/20260909T170530Z-bdd810c4ed3d.json.gz,1
fda.refusals.backfill,firm:3012842939,2024-03-29,2026-09-09T17:05:30Z,import_refusal,1,count,fda.refusals.backfill,raw/fda.refusals.backfill/2026/09/20260909T170530Z-bdd810c4ed3d.json.gz,1
fda.refusals.backfill,firm:3012842939,2024-03-29,2026-09-09T17:05:30Z,is_drug_or_biologic,1,bool,fda.refusals.backfill,raw/fda.refusals.backfill/2026/09/20260909T170530Z-bdd810c4ed3d.json.gz,1
fda.refusals.backfill,firm:3012842939,2024-03-29,2026-09-09T17:05:30Z,is_foreign,1,bool,fda.refusals.backfill,raw/fda.refusals.backfill/2026/09/20260909T170530Z-bdd810c4ed3d.json.gz,1
fda.refusals.backfill,firm:3012842939,2024-03-29,2026-09-09T17:05:30Z,is_human_drug,1,bool,fda.refusals.backfill,raw/fda.refusals.backfill/2026/09/20260909T170530Z-bdd810c4ed3d.json.gz,1
fda.refusals.backfill,firm:3012842939,2024-03-29,2026-09-09T17:05:30Z,label,CIPLA LTD.,,fda.refusals.backfill,raw/fda.refusals.backfill/2026/09/20260909T170530Z-bdd810c4ed3d.json.gz,1
fda.refusals.backfill,firm:3012842939,2024-03-29,2026-09-09T17:05:30Z,refused_at,20240329,yyyymmdd,fda.refusals.backfill,raw/fda.refusals.backfill/2026/09/20260909T170530Z-bdd810c4ed3d.json.gz,1
fda.refusals.backfill,firm:3013018512,2024-03-20,2026-09-09T17:05:30Z,firm_key,JAMP,,fda.refusals.backfill,raw/fda.refusals.backfill/2026/09/20260909T170530Z-bdd810c4ed3d.json.gz,1
fda.refusals.backfill,firm:3013018512,2024-03-20,2026-09-09T17:05:30Z,import_refusal,1,count,fda.refusals.backfill,raw/fda.refusals.backfill/2026/09/20260909T170530Z-bdd810c4ed3d.json.gz,1
fda.refusals.backfill,firm:3013018512,2024-03-20,2026-09-09T17:05:30Z,is_drug_or_biologic,1,bool,fda.refusals.backfill,raw/fda.refusals.backfill/2026/09/20260909T170530Z-bdd810c4ed3d.json.gz,1
fda.refusals.backfill,firm:3013018512,2024-03-20,2026-09-09T17:05:30Z,is_foreign,1,bool,fda.refusals.backfill,raw/fda.refusals.backfill/2026/09/20260909T170530Z-bdd810c4ed3d.json.gz,1
fda.refusals.backfill,firm:3013018512,2024-03-20,2026-09-09T17:05:30Z,is_human_drug,1,bool,fda.refusals.backfill,raw/fda.refusals.backfill/2026/09/20260909T170530Z-bdd810c4ed3d.json.gz,1
fda.refusals.backfill,firm:3013018512,2024-03-20,2026-09-09T17:05:30Z,label,JAMP PHARMA,,fda.refusals.backfill,raw/fda.refusals.backfill/2026/09/20260909T170530Z-bdd810c4ed3d.json.gz,1
fda.refusals.backfill,firm:3013018512,2024-03-20,2026-09-09T17:05:30Z,refused_at,20240320,yyyymmdd,fda.refusals.backfill,raw/fda.refusals.backfill/2026/09/20260909T170530Z-bdd810c4ed3d.json.gz,1
fda.refusals.backfill,firm:3013034037,2024-03-18,2026-09-09T17:05:30Z,firm_key,CIPLA,,fda.refusals.backfill,raw/fda.refusals.backfill/2026/09/20260909T170530Z-bdd810c4ed3d.json.gz,1
fda.refusals.backfill,firm:3013034037,2024-03-18,2026-09-09T17:05:30Z,import_refusal,1,count,fda.refusals.backfill,raw/fda.refusals.backfill/2026/09/20260909T170530Z-bdd810c4ed3d.json.gz,1
fda.refusals.backfill,firm:3013034037,2024-03-18,2026-09-09T17:05:30Z,is_drug_or_biologic,1,bool,fda.refusals.backfill,raw/fda.refusals.backfill/2026/09/20260909T170530Z-bdd810c4ed3d.json.gz,1
fda.refusals.backfill,firm:3013034037,2024-03-18,2026-09-09T17:05:30Z,is_foreign,1,bool,fda.refusals.backfill,raw/fda.refusals.backfill/2026/09/20260909T170530Z-bdd810c4ed3d.json.gz,1
fda.refusals.backfill,firm:3013034037,2024-03-18,2026-09-09T17:05:30Z,is_human_drug,1,bool,fda.refusals.backfill,raw/fda.refusals.backfill/2026/09/20260909T170530Z-bdd810c4ed3d.json.gz,1
fda.refusals.backfill,firm:3013034037,2024-03-18,2026-09-09T17:05:30Z,label,CIPLA LTD,,fda.refusals.backfill,raw/fda.refusals.backfill/2026/09/20260909T170530Z-bdd810c4ed3d.json.gz,1
fda.refusals.backfill,firm:3013034037,2024-03-18,2026-09-09T17:05:30Z,refused_at,20240318,yyyymmdd,fda.refusals.backfill,raw/fda.refusals.backfill/2026/09/20260909T170530Z-bdd810c4ed3d.json.gz,1
fda.refusals.backfill,firm:3013086620,2024-03-26,2026-09-09T17:05:30Z,firm_key,TWINS MANUFACTURING CHEMISTS,,fda.refusals.backfill,raw/fda.refusals.backfill/2026/09/20260909T170530Z-bdd810c4ed3d.json.gz,1
fda.refusals.backfill,firm:3013086620,2024-03-26,2026-09-09T17:05:30Z,import_refusal,1,count,fda.refusals.backfill,raw/fda.refusals.backfill/2026/09/20260909T170530Z-bdd810c4ed3d.json.gz,1
fda.refusals.backfill,firm:3013086620,2024-03-26,2026-09-09T17:05:30Z,is_drug_or_biologic,1,bool,fda.refusals.backfill,raw/fda.refusals.backfill/2026/09/20260909T170530Z-bdd810c4ed3d.json.gz,1
fda.refusals.backfill,firm:3013086620,2024-03-26,2026-09-09T17:05:30Z,is_foreign,1,bool,fda.refusals.backfill,raw/fda.refusals.backfill/2026/09/20260909T170530Z-bdd810c4ed3d.json.gz,1
fda.refusals.backfill,firm:3013086620,2024-03-26,2026-09-09T17:05:30Z,is_human_drug,1,bool,fda.refusals.backfill,raw/fda.refusals.backfill/2026/09/20260909T170530Z-bdd810c4ed3d.json.gz,1
fda.refusals.backfill,firm:3013086620,2024-03-26,2026-09-09T17:05:30Z,label,Twins Manufacturing Chemists,,fda.refusals.backfill,raw/fda.refusals.backfill/2026/09/20260909T170530Z-bdd810c4ed3d.json.gz,1
fda.refusals.backfill,firm:3013086620,2024-03-26,2026-09-09T17:05:30Z,refused_at,20240326,yyyymmdd,fda.refusals.backfill,raw/fda.refusals.backfill/2026/09/20260909T170530Z-bdd810c4ed3d.json.gz,1
fda.refusals.backfill,firm:3013107514,2024-03-12,2026-09-09T17:05:30Z,firm_key,JUHEL NIGERIA,,fda.refusals.backfill,raw/fda.refusals.backfill/2026/09/20260909T170530Z-bdd810c4ed3d.json.gz,1
fda.refusals.backfill,firm:3013107514,2024-03-12,2026-09-09T17:05:30Z,import_refusal,1,count,fda.refusals.backfill,raw/fda.refusals.backfill/2026/09/20260909T170530Z-bdd810c4ed3d.json.gz,1
fda.refusals.backfill,firm:3013107514,2024-03-12,2026-09-09T17:05:30Z,is_drug_or_biologic,1,bool,fda.refusals.backfill,raw/fda.refusals.backfill/2026/09/20260909T170530Z-bdd810c4ed3d.json.gz,1
fda.refusals.backfill,firm:3013107514,2024-03-12,2026-09-09T17:05:30Z,is_foreign,1,bool,fda.refusals.backfill,raw/fda.refusals.backfill/2026/09/20260909T170530Z-bdd810c4ed3d.json.gz,1
fda.refusals.backfill,firm:3013107514,2024-03-12,2026-09-09T17:05:30Z,is_human_drug,1,bool,fda.refusals.backfill,raw/fda.refusals.backfill/2026/09/20260909T170530Z-bdd810c4ed3d.json.gz,1
fda.refusals.backfill,firm:3013107514,2024-03-12,2026-09-09T17:05:30Z,label,JUHEL NIGERIA LIMITED,,fda.refusals.backfill,raw/fda.refusals.backfill/2026/09/20260909T170530Z-bdd810c4ed3d.json.gz,1
fda.refusals.backfill,firm:3013107514,2024-03-12,2026-09-09T17:05:30Z,refused_at,20240312,yyyymmdd,fda.refusals.backfill,raw/fda.refusals.backfill/2026/09/20260909T170530Z-bdd810c4ed3d.json.gz,1
fda.refusals.backfill,firm:3013137538,2024-03-08,2026-09-09T17:05:30Z,firm_key,CIPLA,,fda.refusals.backfill,raw/fda.refusals.backfill/2026/09/20260909T170530Z-bdd810c4ed3d.json.gz,1
fda.refusals.backfill,firm:3013137538,2024-03-08,2026-09-09T17:05:30Z,import_refusal,1,count,fda.refusals.backfill,raw/fda.refusals.backfill/2026/09/20260909T170530Z-bdd810c4ed3d.json.gz,1
fda.refusals.backfill,firm:3013137538,2024-03-08,2026-09-09T17:05:30Z,is_drug_or_biologic,1,bool,fda.refusals.backfill,raw/fda.refusals.backfill/2026/09/20260909T170530Z-bdd810c4ed3d.json.gz,1
fda.refusals.backfill,firm:3013137538,2024-03-08,2026-09-09T17:05:30Z,is_foreign,1,bool,fda.refusals.backfill,raw/fda.refusals.backfill/2026/09/20260909T170530Z-bdd810c4ed3d.json.gz,1
fda.refusals.backfill,firm:3013137538,2024-03-08,2026-09-09T17:05:30Z,is_human_drug,1,bool,fda.refusals.backfill,raw/fda.refusals.backfill/2026/09/20260909T170530Z-bdd810c4ed3d.json.gz,1
fda.refusals.backfill,firm:3013137538,2024-03-08,2026-09-09T17:05:30Z,label,CIPLA LIMITED,,fda.refusals.backfill,raw/fda.refusals.backfill/2026/09/20260909T170530Z-bdd810c4ed3d.json.gz,1
fda.refusals.backfill,firm:3013137538,2024-03-08,2026-09-09T17:05:30Z,refused_at,20240308,yyyymmdd,fda.refusals.backfill,raw/fda.refusals.backfill/2026/09/20260909T170530Z-bdd810c4ed3d.json.gz,1
fda.refusals.backfill,firm:3013137538,2024-03-29,2026-09-09T17:05:30Z,firm_key,CIPLA,,fda.refusals.backfill,raw/fda.refusals.backfill/2026/09/20260909T170530Z-bdd810c4ed3d.json.gz,1
fda.refusals.backfill,firm:3013137538,2024-03-29,2026-09-09T17:05:30Z,import_refusal,1,count,fda.refusals.backfill,raw/fda.refusals.backfill/2026/09/20260909T170530Z-bdd810c4ed3d.json.gz,1
fda.refusals.backfill,firm:3013137538,2024-03-29,2026-09-09T17:05:30Z,is_drug_or_biologic,1,bool,fda.refusals.backfill,raw/fda.refusals.backfill/2026/09/20260909T170530Z-bdd810c4ed3d.json.gz,1
fda.refusals.backfill,firm:3013137538,2024-03-29,2026-09-09T17:05:30Z,is_foreign,1,bool,fda.refusals.backfill,raw/fda.refusals.backfill/2026/09/20260909T170530Z-bdd810c4ed3d.json.gz,1
fda.refusals.backfill,firm:3013137538,2024-03-29,2026-09-09T17:05:30Z,is_human_drug,0,bool,fda.refusals.backfill,raw/fda.refusals.backfill/2026/09/20260909T170530Z-bdd810c4ed3d.json.gz,1
fda.refusals.backfill,firm:3013137538,2024-03-29,2026-09-09T17:05:30Z,is_human_drug,1,bool,fda.refusals.backfill,raw/fda.refusals.backfill/2026/09/20260909T170530Z-bdd810c4ed3d.json.gz,1
fda.refusals.backfill,firm:3013137538,2024-03-29,2026-09-09T17:05:30Z,label,CIPLA LIMITED,,fda.refusals.backfill,raw/fda.refusals.backfill/2026/09/20260909T170530Z-bdd810c4ed3d.json.gz,1
fda.refusals.backfill,firm:3013137538,2024-03-29,2026-09-09T17:05:30Z,refused_at,20240329,yyyymmdd,fda.refusals.backfill,raw/fda.refusals.backfill/2026/09/20260909T170530Z-bdd810c4ed3d.json.gz,1
fda.refusals.backfill,firm:3013161764,2024-03-01,2026-09-09T17:05:30Z,firm_key,ARBOFARMA,,fda.refusals.backfill,raw/fda.refusals.backfill/2026/09/20260909T170530Z-bdd810c4ed3d.json.gz,1
fda.refusals.backfill,firm:3013161764,2024-03-01,2026-09-09T17:05:30Z,import_refusal,1,count,fda.refusals.backfill,raw/fda.refusals.backfill/2026/09/20260909T170530Z-bdd810c4ed3d.json.gz,1
fda.refusals.backfill,firm:3013161764,2024-03-01,2026-09-09T17:05:30Z,is_drug_or_biologic,1,bool,fda.refusals.backfill,raw/fda.refusals.backfill/2026/09/20260909T170530Z-bdd810c4ed3d.json.gz,1
fda.refusals.backfill,firm:3013161764,2024-03-01,2026-09-09T17:05:30Z,is_foreign,1,bool,fda.refusals.backfill,raw/fda.refusals.backfill/2026/09/20260909T170530Z-bdd810c4ed3d.json.gz,1
fda.refusals.backfill,firm:3013161764,2024-03-01,2026-09-09T17:05:30Z,is_human_drug,1,bool,fda.refusals.backfill,raw/fda.refusals.backfill/2026/09/20260909T170530Z-bdd810c4ed3d.json.gz,1
fda.refusals.backfill,firm:3013161764,2024-03-01,2026-09-09T17:05:30Z,label,ARBOFARMA,,fda.refusals.backfill,raw/fda.refusals.backfill/2026/09/20260909T170530Z-bdd810c4ed3d.json.gz,1
fda.refusals.backfill,firm:3013161764,2024-03-01,2026-09-09T17:05:30Z,refused_at,20240301,yyyymmdd,fda.refusals.backfill,raw/fda.refusals.backfill/2026/09/20260909T170530Z-bdd810c4ed3d.json.gz,1
fda.refusals.backfill,firm:3013232099,2024-03-15,2026-09-09T17:05:30Z,firm_key,SANIS HEALTH,,fda.refusals.backfill,raw/fda.refusals.backfill/2026/09/20260909T170530Z-bdd810c4ed3d.json.gz,1
fda.refusals.backfill,firm:3013232099,2024-03-15,2026-09-09T17:05:30Z,import_refusal,1,count,fda.refusals.backfill,raw/fda.refusals.backfill/2026/09/20260909T170530Z-bdd810c4ed3d.json.gz,1
fda.refusals.backfill,firm:3013232099,2024-03-15,2026-09-09T17:05:30Z,is_drug_or_biologic,1,bool,fda.refusals.backfill,raw/fda.refusals.backfill/2026/09/20260909T170530Z-bdd810c4ed3d.json.gz,1
fda.refusals.backfill,firm:3013232099,2024-03-15,2026-09-09T17:05:30Z,is_foreign,1,bool,fda.refusals.backfill,raw/fda.refusals.backfill/2026/09/20260909T170530Z-bdd810c4ed3d.json.gz,1
fda.refusals.backfill,firm:3013232099,2024-03-15,2026-09-09T17:05:30Z,is_human_drug,1,bool,fda.refusals.backfill,raw/fda.refusals.backfill/2026/09/20260909T170530Z-bdd810c4ed3d.json.gz,1
fda.refusals.backfill,firm:3013232099,2024-03-15,2026-09-09T17:05:30Z,label,SANIS HEALTH INC,,fda.refusals.backfill,raw/fda.refusals.backfill/2026/09/20260909T170530Z-bdd810c4ed3d.json.gz,1
fda.refusals.backfill,firm:3013232099,2024-03-15,2026-09-09T17:05:30Z,refused_at,20240315,yyyymmdd,fda.refusals.backfill,raw/fda.refusals.backfill/2026/09/20260909T170530Z-bdd810c4ed3d.json.gz,1
fda.refusals.backfill,firm:3013260857,2024-03-08,2026-09-09T17:05:30Z,firm_key,FARMACOS CONTINENTALES,,fda.refusals.backfill,raw/fda.refusals.backfill/2026/09/20260909T170530Z-bdd810c4ed3d.json.gz,1
fda.refusals.backfill,firm:3013260857,2024-03-08,2026-09-09T17:05:30Z,import_refusal,1,count,fda.refusals.backfill,raw/fda.refusals.backfill/2026/09/20260909T170530Z-bdd810c4ed3d.json.gz,1
fda.refusals.backfill,firm:3013260857,2024-03-08,2026-09-09T17:05:30Z,is_drug_or_biologic,1,bool,fda.refusals.backfill,raw/fda.refusals.backfill/2026/09/20260909T170530Z-bdd810c4ed3d.json.gz,1
fda.refusals.backfill,firm:3013260857,2024-03-08,2026-09-09T17:05:30Z,is_foreign,1,bool,fda.refusals.backfill,raw/fda.refusals.backfill/2026/09/20260909T170530Z-bdd810c4ed3d.json.gz,1
fda.refusals.backfill,firm:3013260857,2024-03-08,2026-09-09T17:05:30Z,is_human_drug,1,bool,fda.refusals.backfill,raw/fda.refusals.backfill/2026/09/20260909T170530Z-bdd810c4ed3d.json.gz,1
fda.refusals.backfill,firm:3013260857,2024-03-08,2026-09-09T17:05:30Z,label,FARMACOS CONTINENTALES,,fda.refusals.backfill,raw/fda.refusals.backfill/2026/09/20260909T170530Z-bdd810c4ed3d.json.gz,1
fda.refusals.backfill,firm:3013260857,2024-03-08,2026-09-09T17:05:30Z,refused_at,20240308,yyyymmdd,fda.refusals.backfill,raw/fda.refusals.backfill/2026/09/20260909T170530Z-bdd810c4ed3d.json.gz,1
fda.refusals.backfill,firm:3013286970,2024-03-05,2026-09-09T17:05:30Z,firm_key,KAMA AYURVEDA,,fda.refusals.backfill,raw/fda.refusals.backfill/2026/09/20260909T170530Z-bdd810c4ed3d.json.gz,1
fda.refusals.backfill,firm:3013286970,2024-03-05,2026-09-09T17:05:30Z,import_refusal,1,count,fda.refusals.backfill,raw/fda.refusals.backfill/2026/09/20260909T170530Z-bdd810c4ed3d.json.gz,1
fda.refusals.backfill,firm:3013286970,2024-03-05,2026-09-09T17:05:30Z,is_drug_or_biologic,1,bool,fda.refusals.backfill,raw/fda.refusals.backfill/2026/09/20260909T170530Z-bdd810c4ed3d.json.gz,1
fda.refusals.backfill,firm:3013286970,2024-03-05,2026-09-09T17:05:30Z,is_foreign,1,bool,fda.refusals.backfill,raw/fda.refusals.backfill/2026/09/20260909T170530Z-bdd810c4ed3d.json.gz,1
fda.refusals.backfill,firm:3013286970,2024-03-05,2026-09-09T17:05:30Z,is_human_drug,1,bool,fda.refusals.backfill,raw/fda.refusals.backfill/2026/09/20260909T170530Z-bdd810c4ed3d.json.gz,1
fda.refusals.backfill,firm:3013286970,2024-03-05,2026-09-09T17:05:30Z,label,KAMA AYURVEDA PVT LTD,,fda.refusals.backfill,raw/fda.refusals.backfill/2026/09/20260909T170530Z-bdd810c4ed3d.json.gz,1
fda.refusals.backfill,firm:3013286970,2024-03-05,2026-09-09T17:05:30Z,refused_at,20240305,yyyymmdd,fda.refusals.backfill,raw/fda.refusals.backfill/2026/09/20260909T170530Z-bdd810c4ed3d.json.gz,1
fda.refusals.backfill,firm:3013355070,2024-03-29,2026-09-09T17:05:30Z,firm_key,CADILA,,fda.refusals.backfill,raw/fda.refusals.backfill/2026/09/20260909T170530Z-bdd810c4ed3d.json.gz,1
fda.refusals.backfill,firm:3013355070,2024-03-29,2026-09-09T17:05:30Z,import_refusal,1,count,fda.refusals.backfill,raw/fda.refusals.backfill/2026/09/20260909T170530Z-bdd810c4ed3d.json.gz,1
fda.refusals.backfill,firm:3013355070,2024-03-29,2026-09-09T17:05:30Z,is_drug_or_biologic,1,bool,fda.refusals.backfill,raw/fda.refusals.backfill/2026/09/20260909T170530Z-bdd810c4ed3d.json.gz,1
fda.refusals.backfill,firm:3013355070,2024-03-29,2026-09-09T17:05:30Z,is_foreign,1,bool,fda.refusals.backfill,raw/fda.refusals.backfill/2026/09/20260909T170530Z-bdd810c4ed3d.json.gz,1
fda.refusals.backfill,firm:3013355070,2024-03-29,2026-09-09T17:05:30Z,is_human_drug,1,bool,fda.refusals.backfill,raw/fda.refusals.backfill/2026/09/20260909T170530Z-bdd810c4ed3d.json.gz,1
fda.refusals.backfill,firm:3013355070,2024-03-29,2026-09-09T17:05:30Z,label,CADILA PHARMACEUTICALS LTD,,fda.refusals.backfill,raw/fda.refusals.backfill/2026/09/20260909T170530Z-bdd810c4ed3d.json.gz,1
fda.refusals.backfill,firm:3013355070,2024-03-29,2026-09-09T17:05:30Z,refused_at,20240329,yyyymmdd,fda.refusals.backfill,raw/fda.refusals.backfill/2026/09/20260909T170530Z-bdd810c4ed3d.json.gz,1
fda.refusals.backfill,firm:3013654969,2024-03-08,2026-09-09T17:05:30Z,firm_key,ZYDUS HEALTHCARE,,fda.refusals.backfill,raw/fda.refusals.backfill/2026/09/20260909T170530Z-bdd810c4ed3d.json.gz,1
fda.refusals.backfill,firm:3013654969,2024-03-08,2026-09-09T17:05:30Z,import_refusal,1,count,fda.refusals.backfill,raw/fda.refusals.backfill/2026/09/20260909T170530Z-bdd810c4ed3d.json.gz,1
fda.refusals.backfill,firm:3013654969,2024-03-08,2026-09-09T17:05:30Z,is_drug_or_biologic,1,bool,fda.refusals.backfill,raw/fda.refusals.backfill/2026/09/20260909T170530Z-bdd810c4ed3d.json.gz,1
fda.refusals.backfill,firm:3013654969,2024-03-08,2026-09-09T17:05:30Z,is_foreign,1,bool,fda.refusals.backfill,raw/fda.refusals.backfill/2026/09/20260909T170530Z-bdd810c4ed3d.json.gz,1
fda.refusals.backfill,firm:3013654969,2024-03-08,2026-09-09T17:05:30Z,is_human_drug,1,bool,fda.refusals.backfill,raw/fda.refusals.backfill/2026/09/20260909T170530Z-bdd810c4ed3d.json.gz,1
fda.refusals.backfill,firm:3013654969,2024-03-08,2026-09-09T17:05:30Z,label,Zydus Healthcare Ltd,,fda.refusals.backfill,raw/fda.refusals.backfill/2026/09/20260909T170530Z-bdd810c4ed3d.json.gz,1
fda.refusals.backfill,firm:3013654969,2024-03-08,2026-09-09T17:05:30Z,refused_at,20240308,yyyymmdd,fda.refusals.backfill,raw/fda.refusals.backfill/2026/09/20260909T170530Z-bdd810c4ed3d.json.gz,1
fda.refusals.backfill,firm:3013671335,2024-03-13,2026-09-09T17:05:30Z,firm_key,LABORATORIOS SCHOEN DE CV,,fda.refusals.backfill,raw/fda.refusals.backfill/2026/09/20260909T170530Z-bdd810c4ed3d.json.gz,1
fda.refusals.backfill,firm:3013671335,2024-03-13,2026-09-09T17:05:30Z,import_refusal,1,count,fda.refusals.backfill,raw/fda.refusals.backfill/2026/09/20260909T170530Z-bdd810c4ed3d.json.gz,1
fda.refusals.backfill,firm:3013671335,2024-03-13,2026-09-09T17:05:30Z,is_drug_or_biologic,1,bool,fda.refusals.backfill,raw/fda.refusals.backfill/2026/09/20260909T170530Z-bdd810c4ed3d.json.gz,1
fda.refusals.backfill,firm:3013671335,2024-03-13,2026-09-09T17:05:30Z,is_foreign,1,bool,fda.refusals.backfill,raw/fda.refusals.backfill/2026/09/20260909T170530Z-bdd810c4ed3d.json.gz,1
fda.refusals.backfill,firm:3013671335,2024-03-13,2026-09-09T17:05:30Z,is_human_drug,1,bool,fda.refusals.backfill,raw/fda.refusals.backfill/2026/09/20260909T170530Z-bdd810c4ed3d.json.gz,1
fda.refusals.backfill,firm:3013671335,2024-03-13,2026-09-09T17:05:30Z,label,LABORATORIOS SCHOEN SA DE CV,,fda.refusals.backfill,raw/fda.refusals.backfill/2026/09/20260909T170530Z-bdd810c4ed3d.json.gz,1
fda.refusals.backfill,firm:3013671335,2024-03-13,2026-09-09T17:05:30Z,refused_at,20240313,yyyymmdd,fda.refusals.backfill,raw/fda.refusals.backfill/2026/09/20260909T170530Z-bdd810c4ed3d.json.gz,1
fda.refusals.backfill,firm:3013683027,2024-03-01,2026-09-09T17:05:30Z,firm_key,PRODUCTOS FARMACEUTICOS COLLINSSA,,fda.refusals.backfill,raw/fda.refusals.backfill/2026/09/20260909T170530Z-bdd810c4ed3d.json.gz,1
fda.refusals.backfill,firm:3013683027,2024-03-01,2026-09-09T17:05:30Z,import_refusal,1,count,fda.refusals.backfill,raw/fda.refusals.backfill/2026/09/20260909T170530Z-bdd810c4ed3d.json.gz,1
fda.refusals.backfill,firm:3013683027,2024-03-01,2026-09-09T17:05:30Z,is_drug_or_biologic,1,bool,fda.refusals.backfill,raw/fda.refusals.backfill/2026/09/20260909T170530Z-bdd810c4ed3d.json.gz,1
fda.refusals.backfill,firm:3013683027,2024-03-01,2026-09-09T17:05:30Z,is_foreign,1,bool,fda.refusals.backfill,raw/fda.refusals.backfill/2026/09/20260909T170530Z-bdd810c4ed3d.json.gz,1
fda.refusals.backfill,firm:3013683027,2024-03-01,2026-09-09T17:05:30Z,is_human_drug,0,bool,fda.refusals.backfill,raw/fda.refusals.backfill/2026/09/20260909T170530Z-bdd810c4ed3d.json.gz,1
fda.refusals.backfill,firm:3013683027,2024-03-01,2026-09-09T17:05:30Z,label,PRODUCTOS FARMACEUTICOS COLLINSSA,,fda.refusals.backfill,raw/fda.refusals.backfill/2026/09/20260909T170530Z-bdd810c4ed3d.json.gz,1
fda.refusals.backfill,firm:3013683027,2024-03-01,2026-09-09T17:05:30Z,refused_at,20240301,yyyymmdd,fda.refusals.backfill,raw/fda.refusals.backfill/2026/09/20260909T170530Z-bdd810c4ed3d.json.gz,1
fda.refusals.backfill,firm:3013704654,2024-03-21,2026-09-09T17:05:30Z,firm_key,SEA OF SPA,,fda.refusals.backfill,raw/fda.refusals.backfill/2026/09/20260909T170530Z-bdd810c4ed3d.json.gz,1
fda.refusals.backfill,firm:3013704654,2024-03-21,2026-09-09T17:05:30Z,import_refusal,1,count,fda.refusals.backfill,raw/fda.refusals.backfill/2026/09/20260909T170530Z-bdd810c4ed3d.json.gz,1
fda.refusals.backfill,firm:3013704654,2024-03-21,2026-09-09T17:05:30Z,is_drug_or_biologic,1,bool,fda.refusals.backfill,raw/fda.refusals.backfill/2026/09/20260909T170530Z-bdd810c4ed3d.json.gz,1
fda.refusals.backfill,firm:3013704654,2024-03-21,2026-09-09T17:05:30Z,is_foreign,1,bool,fda.refusals.backfill,raw/fda.refusals.backfill/2026/09/20260909T170530Z-bdd810c4ed3d.json.gz,1
fda.refusals.backfill,firm:3013704654,2024-03-21,2026-09-09T17:05:30Z,is_human_drug,1,bool,fda.refusals.backfill,raw/fda.refusals.backfill/2026/09/20260909T170530Z-bdd810c4ed3d.json.gz,1
fda.refusals.backfill,firm:3013704654,2024-03-21,2026-09-09T17:05:30Z,label,SEA OF SPA LABS LTD,,fda.refusals.backfill,raw/fda.refusals.backfill/2026/09/20260909T170530Z-bdd810c4ed3d.json.gz,1
fda.refusals.backfill,firm:3013704654,2024-03-21,2026-09-09T17:05:30Z,refused_at,20240321,yyyymmdd,fda.refusals.backfill,raw/fda.refusals.backfill/2026/09/20260909T170530Z-bdd810c4ed3d.json.gz,1
fda.refusals.backfill,firm:3013716693,2024-03-13,2026-09-09T17:05:30Z,firm_key,NEOLPHARMA DE CV,,fda.refusals.backfill,raw/fda.refusals.backfill/2026/09/20260909T170530Z-bdd810c4ed3d.json.gz,1
fda.refusals.backfill,firm:3013716693,2024-03-13,2026-09-09T17:05:30Z,import_refusal,1,count,fda.refusals.backfill,raw/fda.refusals.backfill/2026/09/20260909T170530Z-bdd810c4ed3d.json.gz,1
fda.refusals.backfill,firm:3013716693,2024-03-13,2026-09-09T17:05:30Z,is_drug_or_biologic,1,bool,fda.refusals.backfill,raw/fda.refusals.backfill/2026/09/20260909T170530Z-bdd810c4ed3d.json.gz,1
fda.refusals.backfill,firm:3013716693,2024-03-13,2026-09-09T17:05:30Z,is_foreign,1,bool,fda.refusals.backfill,raw/fda.refusals.backfill/2026/09/20260909T170530Z-bdd810c4ed3d.json.gz,1
fda.refusals.backfill,firm:3013716693,2024-03-13,2026-09-09T17:05:30Z,is_human_drug,1,bool,fda.refusals.backfill,raw/fda.refusals.backfill/2026/09/20260909T170530Z-bdd810c4ed3d.json.gz,1
fda.refusals.backfill,firm:3013716693,2024-03-13,2026-09-09T17:05:30Z,label,NEOLPHARMA SA DE CV,,fda.refusals.backfill,raw/fda.refusals.backfill/2026/09/20260909T170530Z-bdd810c4ed3d.json.gz,1
fda.refusals.backfill,firm:3013716693,2024-03-13,2026-09-09T17:05:30Z,refused_at,20240313,yyyymmdd,fda.refusals.backfill,raw/fda.refusals.backfill/2026/09/20260909T170530Z-bdd810c4ed3d.json.gz,1
fda.refusals.backfill,firm:3013826465,2024-03-08,2026-09-09T17:05:30Z,firm_key,SANOFI AVENTIS MEXICO DE CV,,fda.refusals.backfill,raw/fda.refusals.backfill/2026/09/20260909T170530Z-bdd810c4ed3d.json.gz,1
fda.refusals.backfill,firm:3013826465,2024-03-08,2026-09-09T17:05:30Z,import_refusal,1,count,fda.refusals.backfill,raw/fda.refusals.backfill/2026/09/20260909T170530Z-bdd810c4ed3d.json.gz,1
fda.refusals.backfill,firm:3013826465,2024-03-08,2026-09-09T17:05:30Z,is_drug_or_biologic,1,bool,fda.refusals.backfill,raw/fda.refusals.backfill/2026/09/20260909T170530Z-bdd810c4ed3d.json.gz,1
fda.refusals.backfill,firm:3013826465,2024-03-08,2026-09-09T17:05:30Z,is_foreign,1,bool,fda.refusals.backfill,raw/fda.refusals.backfill/2026/09/20260909T170530Z-bdd810c4ed3d.json.gz,1
fda.refusals.backfill,firm:3013826465,2024-03-08,2026-09-09T17:05:30Z,is_human_drug,1,bool,fda.refusals.backfill,raw/fda.refusals.backfill/2026/09/20260909T170530Z-bdd810c4ed3d.json.gz,1
fda.refusals.backfill,firm:3013826465,2024-03-08,2026-09-09T17:05:30Z,label,SANOFI AVENTIS MEXICO SA DE CV,,fda.refusals.backfill,raw/fda.refusals.backfill/2026/09/20260909T170530Z-bdd810c4ed3d.json.gz,1
fda.refusals.backfill,firm:3013826465,2024-03-08,2026-09-09T17:05:30Z,refused_at,20240308,yyyymmdd,fda.refusals.backfill,raw/fda.refusals.backfill/2026/09/20260909T170530Z-bdd810c4ed3d.json.gz,1
fda.refusals.backfill,firm:3013854037,2024-03-05,2026-09-09T17:05:30Z,firm_key,BAJAJ FORMULATIONS,,fda.refusals.backfill,raw/fda.refusals.backfill/2026/09/20260909T170530Z-bdd810c4ed3d.json.gz,1
fda.refusals.backfill,firm:3013854037,2024-03-05,2026-09-09T17:05:30Z,import_refusal,1,count,fda.refusals.backfill,raw/fda.refusals.backfill/2026/09/20260909T170530Z-bdd810c4ed3d.json.gz,1
fda.refusals.backfill,firm:3013854037,2024-03-05,2026-09-09T17:05:30Z,is_drug_or_biologic,1,bool,fda.refusals.backfill,raw/fda.refusals.backfill/2026/09/20260909T170530Z-bdd810c4ed3d.json.gz,1
fda.refusals.backfill,firm:3013854037,2024-03-05,2026-09-09T17:05:30Z,is_foreign,1,bool,fda.refusals.backfill,raw/fda.refusals.backfill/2026/09/20260909T170530Z-bdd810c4ed3d.json.gz,1
fda.refusals.backfill,firm:3013854037,2024-03-05,2026-09-09T17:05:30Z,is_human_drug,1,bool,fda.refusals.backfill,raw/fda.refusals.backfill/2026/09/20260909T170530Z-bdd810c4ed3d.json.gz,1
fda.refusals.backfill,firm:3013854037,2024-03-05,2026-09-09T17:05:30Z,label,Bajaj Formulations,,fda.refusals.backfill,raw/fda.refusals.backfill/2026/09/20260909T170530Z-bdd810c4ed3d.json.gz,1
fda.refusals.backfill,firm:3013854037,2024-03-05,2026-09-09T17:05:30Z,refused_at,20240305,yyyymmdd,fda.refusals.backfill,raw/fda.refusals.backfill/2026/09/20260909T170530Z-bdd810c4ed3d.json.gz,1
fda.refusals.backfill,firm:3013883254,2024-03-19,2026-09-09T17:05:30Z,firm_key,BOEHRINGER INGELHEIM INDIA PRIVA,,fda.refusals.backfill,raw/fda.refusals.backfill/2026/09/20260909T170530Z-bdd810c4ed3d.json.gz,1
fda.refusals.backfill,firm:3013883254,2024-03-19,2026-09-09T17:05:30Z,import_refusal,1,count,fda.refusals.backfill,raw/fda.refusals.backfill/2026/09/20260909T170530Z-bdd810c4ed3d.json.gz,1
fda.refusals.backfill,firm:3013883254,2024-03-19,2026-09-09T17:05:30Z,is_drug_or_biologic,1,bool,fda.refusals.backfill,raw/fda.refusals.backfill/2026/09/20260909T170530Z-bdd810c4ed3d.json.gz,1
fda.refusals.backfill,firm:3013883254,2024-03-19,2026-09-09T17:05:30Z,is_foreign,1,bool,fda.refusals.backfill,raw/fda.refusals.backfill/2026/09/20260909T170530Z-bdd810c4ed3d.json.gz,1
fda.refusals.backfill,firm:3013883254,2024-03-19,2026-09-09T17:05:30Z,is_human_drug,1,bool,fda.refusals.backfill,raw/fda.refusals.backfill/2026/09/20260909T170530Z-bdd810c4ed3d.json.gz,1
fda.refusals.backfill,firm:3013883254,2024-03-19,2026-09-09T17:05:30Z,label,BOEHRINGER INGELHEIM INDIA PRIVA,,fda.refusals.backfill,raw/fda.refusals.backfill/2026/09/20260909T170530Z-bdd810c4ed3d.json.gz,1
fda.refusals.backfill,firm:3013883254,2024-03-19,2026-09-09T17:05:30Z,refused_at,20240319,yyyymmdd,fda.refusals.backfill,raw/fda.refusals.backfill/2026/09/20260909T170530Z-bdd810c4ed3d.json.gz,1
fda.refusals.backfill,firm:3014007414,2024-03-22,2026-09-09T17:05:30Z,firm_key,AAGYA BIOTECH,,fda.refusals.backfill,raw/fda.refusals.backfill/2026/09/20260909T170530Z-bdd810c4ed3d.json.gz,1
fda.refusals.backfill,firm:3014007414,2024-03-22,2026-09-09T17:05:30Z,import_refusal,1,count,fda.refusals.backfill,raw/fda.refusals.backfill/2026/09/20260909T170530Z-bdd810c4ed3d.json.gz,1
fda.refusals.backfill,firm:3014007414,2024-03-22,2026-09-09T17:05:30Z,is_drug_or_biologic,1,bool,fda.refusals.backfill,raw/fda.refusals.backfill/2026/09/20260909T170530Z-bdd810c4ed3d.json.gz,1
fda.refusals.backfill,firm:3014007414,2024-03-22,2026-09-09T17:05:30Z,is_foreign,1,bool,fda.refusals.backfill,raw/fda.refusals.backfill/2026/09/20260909T170530Z-bdd810c4ed3d.json.gz,1
fda.refusals.backfill,firm:3014007414,2024-03-22,2026-09-09T17:05:30Z,is_human_drug,1,bool,fda.refusals.backfill,raw/fda.refusals.backfill/2026/09/20260909T170530Z-bdd810c4ed3d.json.gz,1
fda.refusals.backfill,firm:3014007414,2024-03-22,2026-09-09T17:05:30Z,label,AAGYA BIOTECH PVT LTD,,fda.refusals.backfill,raw/fda.refusals.backfill/2026/09/20260909T170530Z-bdd810c4ed3d.json.gz,1
fda.refusals.backfill,firm:3014007414,2024-03-22,2026-09-09T17:05:30Z,refused_at,20240322,yyyymmdd,fda.refusals.backfill,raw/fda.refusals.backfill/2026/09/20260909T170530Z-bdd810c4ed3d.json.gz,1
fda.refusals.backfill,firm:3014158939,2024-03-26,2026-09-09T17:05:30Z,firm_key,NOVO NORDISK,,fda.refusals.backfill,raw/fda.refusals.backfill/2026/09/20260909T170530Z-bdd810c4ed3d.json.gz,1
fda.refusals.backfill,firm:3014158939,2024-03-26,2026-09-09T17:05:30Z,import_refusal,1,count,fda.refusals.backfill,raw/fda.refusals.backfill/2026/09/20260909T170530Z-bdd810c4ed3d.json.gz,1
fda.refusals.backfill,firm:3014158939,2024-03-26,2026-09-09T17:05:30Z,is_drug_or_biologic,1,bool,fda.refusals.backfill,raw/fda.refusals.backfill/2026/09/20260909T170530Z-bdd810c4ed3d.json.gz,1
fda.refusals.backfill,firm:3014158939,2024-03-26,2026-09-09T17:05:30Z,is_foreign,1,bool,fda.refusals.backfill,raw/fda.refusals.backfill/2026/09/20260909T170530Z-bdd810c4ed3d.json.gz,1
fda.refusals.backfill,firm:3014158939,2024-03-26,2026-09-09T17:05:30Z,is_human_drug,1,bool,fda.refusals.backfill,raw/fda.refusals.backfill/2026/09/20260909T170530Z-bdd810c4ed3d.json.gz,1
fda.refusals.backfill,firm:3014158939,2024-03-26,2026-09-09T17:05:30Z,label,NOVO NORDISK,,fda.refusals.backfill,raw/fda.refusals.backfill/2026/09/20260909T170530Z-bdd810c4ed3d.json.gz,1
fda.refusals.backfill,firm:3014158939,2024-03-26,2026-09-09T17:05:30Z,refused_at,20240326,yyyymmdd,fda.refusals.backfill,raw/fda.refusals.backfill/2026/09/20260909T170530Z-bdd810c4ed3d.json.gz,1
fda.refusals.backfill,firm:3014312343,2024-03-21,2026-09-09T17:05:30Z,firm_key,AJANTA,,fda.refusals.backfill,raw/fda.refusals.backfill/2026/09/20260909T170530Z-bdd810c4ed3d.json.gz,1
fda.refusals.backfill,firm:3014312343,2024-03-21,2026-09-09T17:05:30Z,import_refusal,1,count,fda.refusals.backfill,raw/fda.refusals.backfill/2026/09/20260909T170530Z-bdd810c4ed3d.json.gz,1
fda.refusals.backfill,firm:3014312343,2024-03-21,2026-09-09T17:05:30Z,is_drug_or_biologic,1,bool,fda.refusals.backfill,raw/fda.refusals.backfill/2026/09/20260909T170530Z-bdd810c4ed3d.json.gz,1
fda.refusals.backfill,firm:3014312343,2024-03-21,2026-09-09T17:05:30Z,is_foreign,1,bool,fda.refusals.backfill,raw/fda.refusals.backfill/2026/09/20260909T170530Z-bdd810c4ed3d.json.gz,1
fda.refusals.backfill,firm:3014312343,2024-03-21,2026-09-09T17:05:30Z,is_human_drug,1,bool,fda.refusals.backfill,raw/fda.refusals.backfill/2026/09/20260909T170530Z-bdd810c4ed3d.json.gz,1
fda.refusals.backfill,firm:3014312343,2024-03-21,2026-09-09T17:05:30Z,label,AJANTA PHARMA LTD,,fda.refusals.backfill,raw/fda.refusals.backfill/2026/09/20260909T170530Z-bdd810c4ed3d.json.gz,1
fda.refusals.backfill,firm:3014312343,2024-03-21,2026-09-09T17:05:30Z,refused_at,20240321,yyyymmdd,fda.refusals.backfill,raw/fda.refusals.backfill/2026/09/20260909T170530Z-bdd810c4ed3d.json.gz,1
fda.refusals.backfill,firm:3014448564,2024-03-26,2026-09-09T17:05:30Z,firm_key,TAKEDA,,fda.refusals.backfill,raw/fda.refusals.backfill/2026/09/20260909T170530Z-bdd810c4ed3d.json.gz,1
fda.refusals.backfill,firm:3014448564,2024-03-26,2026-09-09T17:05:30Z,import_refusal,1,count,fda.refusals.backfill,raw/fda.refusals.backfill/2026/09/20260909T170530Z-bdd810c4ed3d.json.gz,1
fda.refusals.backfill,firm:3014448564,2024-03-26,2026-09-09T17:05:30Z,is_drug_or_biologic,1,bool,fda.refusals.backfill,raw/fda.refusals.backfill/2026/09/20260909T170530Z-bdd810c4ed3d.json.gz,1
fda.refusals.backfill,firm:3014448564,2024-03-26,2026-09-09T17:05:30Z,is_foreign,1,bool,fda.refusals.backfill,raw/fda.refusals.backfill/2026/09/20260909T170530Z-bdd810c4ed3d.json.gz,1
fda.refusals.backfill,firm:3014448564,2024-03-26,2026-09-09T17:05:30Z,is_human_drug,1,bool,fda.refusals.backfill,raw/fda.refusals.backfill/2026/09/20260909T170530Z-bdd810c4ed3d.json.gz,1
fda.refusals.backfill,firm:3014448564,2024-03-26,2026-09-09T17:05:30Z,label,TAKEDA,,fda.refusals.backfill,raw/fda.refusals.backfill/2026/09/20260909T170530Z-bdd810c4ed3d.json.gz,1
fda.refusals.backfill,firm:3014448564,2024-03-26,2026-09-09T17:05:30Z,refused_at,20240326,yyyymmdd,fda.refusals.backfill,raw/fda.refusals.backfill/2026/09/20260909T170530Z-bdd810c4ed3d.json.gz,1
fda.refusals.backfill,firm:3014451362,2024-03-21,2026-09-09T17:05:30Z,firm_key,HUONS GLOBAL,,fda.refusals.backfill,raw/fda.refusals.backfill/2026/09/20260909T170530Z-bdd810c4ed3d.json.gz,1
fda.refusals.backfill,firm:3014451362,2024-03-21,2026-09-09T17:05:30Z,import_refusal,1,count,fda.refusals.backfill,raw/fda.refusals.backfill/2026/09/20260909T170530Z-bdd810c4ed3d.json.gz,1
fda.refusals.backfill,firm:3014451362,2024-03-21,2026-09-09T17:05:30Z,is_drug_or_biologic,1,bool,fda.refusals.backfill,raw/fda.refusals.backfill/2026/09/20260909T170530Z-bdd810c4ed3d.json.gz,1
fda.refusals.backfill,firm:3014451362,2024-03-21,2026-09-09T17:05:30Z,is_foreign,1,bool,fda.refusals.backfill,raw/fda.refusals.backfill/2026/09/20260909T170530Z-bdd810c4ed3d.json.gz,1
fda.refusals.backfill,firm:3014451362,2024-03-21,2026-09-09T17:05:30Z,is_human_drug,0,bool,fda.refusals.backfill,raw/fda.refusals.backfill/2026/09/20260909T170530Z-bdd810c4ed3d.json.gz,1
fda.refusals.backfill,firm:3014451362,2024-03-21,2026-09-09T17:05:30Z,label,Huons Global Co. Ltd,,fda.refusals.backfill,raw/fda.refusals.backfill/2026/09/20260909T170530Z-bdd810c4ed3d.json.gz,1
fda.refusals.backfill,firm:3014451362,2024-03-21,2026-09-09T17:05:30Z,refused_at,20240321,yyyymmdd,fda.refusals.backfill,raw/fda.refusals.backfill/2026/09/20260909T170530Z-bdd810c4ed3d.json.gz,1
fda.refusals.backfill,firm:3014466305,2024-03-29,2026-09-09T17:05:30Z,firm_key,ALAMBIC,,fda.refusals.backfill,raw/fda.refusals.backfill/2026/09/20260909T170530Z-bdd810c4ed3d.json.gz,1
fda.refusals.backfill,firm:3014466305,2024-03-29,2026-09-09T17:05:30Z,import_refusal,1,count,fda.refusals.backfill,raw/fda.refusals.backfill/2026/09/20260909T170530Z-bdd810c4ed3d.json.gz,1
fda.refusals.backfill,firm:3014466305,2024-03-29,2026-09-09T17:05:30Z,is_drug_or_biologic,1,bool,fda.refusals.backfill,raw/fda.refusals.backfill/2026/09/20260909T170530Z-bdd810c4ed3d.json.gz,1
fda.refusals.backfill,firm:3014466305,2024-03-29,2026-09-09T17:05:30Z,is_foreign,1,bool,fda.refusals.backfill,raw/fda.refusals.backfill/2026/09/20260909T170530Z-bdd810c4ed3d.json.gz,1
fda.refusals.backfill,firm:3014466305,2024-03-29,2026-09-09T17:05:30Z,is_human_drug,1,bool,fda.refusals.backfill,raw/fda.refusals.backfill/2026/09/20260909T170530Z-bdd810c4ed3d.json.gz,1
fda.refusals.backfill,firm:3014466305,2024-03-29,2026-09-09T17:05:30Z,label,ALAMBIC,,fda.refusals.backfill,raw/fda.refusals.backfill/2026/09/20260909T170530Z-bdd810c4ed3d.json.gz,1
fda.refusals.backfill,firm:3014466305,2024-03-29,2026-09-09T17:05:30Z,refused_at,20240329,yyyymmdd,fda.refusals.backfill,raw/fda.refusals.backfill/2026/09/20260909T170530Z-bdd810c4ed3d.json.gz,1
fda.refusals.backfill,firm:3014483226,2024-03-19,2026-09-09T17:05:30Z,firm_key,ZYDUS HEALTHCARE LTS,,fda.refusals.backfill,raw/fda.refusals.backfill/2026/09/20260909T170530Z-bdd810c4ed3d.json.gz,1
fda.refusals.backfill,firm:3014483226,2024-03-19,2026-09-09T17:05:30Z,import_refusal,1,count,fda.refusals.backfill,raw/fda.refusals.backfill/2026/09/20260909T170530Z-bdd810c4ed3d.json.gz,1
fda.refusals.backfill,firm:3014483226,2024-03-19,2026-09-09T17:05:30Z,is_drug_or_biologic,1,bool,fda.refusals.backfill,raw/fda.refusals.backfill/2026/09/20260909T170530Z-bdd810c4ed3d.json.gz,1
fda.refusals.backfill,firm:3014483226,2024-03-19,2026-09-09T17:05:30Z,is_foreign,1,bool,fda.refusals.backfill,raw/fda.refusals.backfill/2026/09/20260909T170530Z-bdd810c4ed3d.json.gz,1
fda.refusals.backfill,firm:3014483226,2024-03-19,2026-09-09T17:05:30Z,is_human_drug,1,bool,fda.refusals.backfill,raw/fda.refusals.backfill/2026/09/20260909T170530Z-bdd810c4ed3d.json.gz,1
fda.refusals.backfill,firm:3014483226,2024-03-19,2026-09-09T17:05:30Z,label,ZYDUS HEALTHCARE LTS,,fda.refusals.backfill,raw/fda.refusals.backfill/2026/09/20260909T170530Z-bdd810c4ed3d.json.gz,1
fda.refusals.backfill,firm:3014483226,2024-03-19,2026-09-09T17:05:30Z,refused_at,20240319,yyyymmdd,fda.refusals.backfill,raw/fda.refusals.backfill/2026/09/20260909T170530Z-bdd810c4ed3d.json.gz,1
fda.refusals.backfill,firm:3014594689,2024-03-29,2026-09-09T17:05:30Z,firm_key,NOVO NORDISK,,fda.refusals.backfill,raw/fda.refusals.backfill/2026/09/20260909T170530Z-bdd810c4ed3d.json.gz,1
fda.refusals.backfill,firm:3014594689,2024-03-29,2026-09-09T17:05:30Z,import_refusal,1,count,fda.refusals.backfill,raw/fda.refusals.backfill/2026/09/20260909T170530Z-bdd810c4ed3d.json.gz,1
fda.refusals.backfill,firm:3014594689,2024-03-29,2026-09-09T17:05:30Z,is_drug_or_biologic,1,bool,fda.refusals.backfill,raw/fda.refusals.backfill/2026/09/20260909T170530Z-bdd810c4ed3d.json.gz,1
fda.refusals.backfill,firm:3014594689,2024-03-29,2026-09-09T17:05:30Z,is_foreign,1,bool,fda.refusals.backfill,raw/fda.refusals.backfill/2026/09/20260909T170530Z-bdd810c4ed3d.json.gz,1
fda.refusals.backfill,firm:3014594689,2024-03-29,2026-09-09T17:05:30Z,is_human_drug,1,bool,fda.refusals.backfill,raw/fda.refusals.backfill/2026/09/20260909T170530Z-bdd810c4ed3d.json.gz,1
fda.refusals.backfill,firm:3014594689,2024-03-29,2026-09-09T17:05:30Z,label,NOVO NORDISK,,fda.refusals.backfill,raw/fda.refusals.backfill/2026/09/20260909T170530Z-bdd810c4ed3d.json.gz,1
fda.refusals.backfill,firm:3014594689,2024-03-29,2026-09-09T17:05:30Z,refused_at,20240329,yyyymmdd,fda.refusals.backfill,raw/fda.refusals.backfill/2026/09/20260909T170530Z-bdd810c4ed3d.json.gz,1
fda.refusals.backfill,firm:3014600120,2024-03-08,2026-09-09T17:05:30Z,firm_key,INDUSTRIAS FARMACEUTICAS ANROMAC,,fda.refusals.backfill,raw/fda.refusals.backfill/2026/09/20260909T170530Z-bdd810c4ed3d.json.gz,1
fda.refusals.backfill,firm:3014600120,2024-03-08,2026-09-09T17:05:30Z,import_refusal,1,count,fda.refusals.backfill,raw/fda.refusals.backfill/2026/09/20260909T170530Z-bdd810c4ed3d.json.gz,1
fda.refusals.backfill,firm:3014600120,2024-03-08,2026-09-09T17:05:30Z,is_drug_or_biologic,1,bool,fda.refusals.backfill,raw/fda.refusals.backfill/2026/09/20260909T170530Z-bdd810c4ed3d.json.gz,1
fda.refusals.backfill,firm:3014600120,2024-03-08,2026-09-09T17:05:30Z,is_foreign,1,bool,fda.refusals.backfill,raw/fda.refusals.backfill/2026/09/20260909T170530Z-bdd810c4ed3d.json.gz,1
fda.refusals.backfill,firm:3014600120,2024-03-08,2026-09-09T17:05:30Z,is_human_drug,1,bool,fda.refusals.backfill,raw/fda.refusals.backfill/2026/09/20260909T170530Z-bdd810c4ed3d.json.gz,1
fda.refusals.backfill,firm:3014600120,2024-03-08,2026-09-09T17:05:30Z,label,INDUSTRIAS FARMACEUTICAS ANROMAC,,fda.refusals.backfill,raw/fda.refusals.backfill/2026/09/20260909T170530Z-bdd810c4ed3d.json.gz,1
fda.refusals.backfill,firm:3014600120,2024-03-08,2026-09-09T17:05:30Z,refused_at,20240308,yyyymmdd,fda.refusals.backfill,raw/fda.refusals.backfill/2026/09/20260909T170530Z-bdd810c4ed3d.json.gz,1
fda.refusals.backfill,firm:3014602575,2024-03-08,2026-09-09T17:05:30Z,firm_key,PSYCHOTROPICS INDIA,,fda.refusals.backfill,raw/fda.refusals.backfill/2026/09/20260909T170530Z-bdd810c4ed3d.json.gz,1
fda.refusals.backfill,firm:3014602575,2024-03-08,2026-09-09T17:05:30Z,import_refusal,1,count,fda.refusals.backfill,raw/fda.refusals.backfill/2026/09/20260909T170530Z-bdd810c4ed3d.json.gz,1
fda.refusals.backfill,firm:3014602575,2024-03-08,2026-09-09T17:05:30Z,is_drug_or_biologic,1,bool,fda.refusals.backfill,raw/fda.refusals.backfill/2026/09/20260909T170530Z-bdd810c4ed3d.json.gz,1
fda.refusals.backfill,firm:3014602575,2024-03-08,2026-09-09T17:05:30Z,is_foreign,1,bool,fda.refusals.backfill,raw/fda.refusals.backfill/2026/09/20260909T170530Z-bdd810c4ed3d.json.gz,1
fda.refusals.backfill,firm:3014602575,2024-03-08,2026-09-09T17:05:30Z,is_human_drug,1,bool,fda.refusals.backfill,raw/fda.refusals.backfill/2026/09/20260909T170530Z-bdd810c4ed3d.json.gz,1
fda.refusals.backfill,firm:3014602575,2024-03-08,2026-09-09T17:05:30Z,label,PSYCHOTROPICS INDIA LTD,,fda.refusals.backfill,raw/fda.refusals.backfill/2026/09/20260909T170530Z-bdd810c4ed3d.json.gz,1
fda.refusals.backfill,firm:3014602575,2024-03-08,2026-09-09T17:05:30Z,refused_at,20240308,yyyymmdd,fda.refusals.backfill,raw/fda.refusals.backfill/2026/09/20260909T170530Z-bdd810c4ed3d.json.gz,1
fda.refusals.backfill,firm:3014675401,2024-03-29,2026-09-09T17:05:30Z,firm_key,UNICURE PHARMACUETICALS,,fda.refusals.backfill,raw/fda.refusals.backfill/2026/09/20260909T170530Z-bdd810c4ed3d.json.gz,1
fda.refusals.backfill,firm:3014675401,2024-03-29,2026-09-09T17:05:30Z,import_refusal,1,count,fda.refusals.backfill,raw/fda.refusals.backfill/2026/09/20260909T170530Z-bdd810c4ed3d.json.gz,1
fda.refusals.backfill,firm:3014675401,2024-03-29,2026-09-09T17:05:30Z,is_drug_or_biologic,1,bool,fda.refusals.backfill,raw/fda.refusals.backfill/2026/09/20260909T170530Z-bdd810c4ed3d.json.gz,1
fda.refusals.backfill,firm:3014675401,2024-03-29,2026-09-09T17:05:30Z,is_foreign,1,bool,fda.refusals.backfill,raw/fda.refusals.backfill/2026/09/20260909T170530Z-bdd810c4ed3d.json.gz,1
fda.refusals.backfill,firm:3014675401,2024-03-29,2026-09-09T17:05:30Z,is_human_drug,1,bool,fda.refusals.backfill,raw/fda.refusals.backfill/2026/09/20260909T170530Z-bdd810c4ed3d.json.gz,1
fda.refusals.backfill,firm:3014675401,2024-03-29,2026-09-09T17:05:30Z,label,UNICURE PHARMACUETICALS LTD,,fda.refusals.backfill,raw/fda.refusals.backfill/2026/09/20260909T170530Z-bdd810c4ed3d.json.gz,1
fda.refusals.backfill,firm:3014675401,2024-03-29,2026-09-09T17:05:30Z,refused_at,20240329,yyyymmdd,fda.refusals.backfill,raw/fda.refusals.backfill/2026/09/20260909T170530Z-bdd810c4ed3d.json.gz,1
fda.refusals.backfill,firm:3014725758,2024-03-29,2026-09-09T17:05:30Z,firm_key,NANZ MED SCIENCE,,fda.refusals.backfill,raw/fda.refusals.backfill/2026/09/20260909T170530Z-bdd810c4ed3d.json.gz,1
fda.refusals.backfill,firm:3014725758,2024-03-29,2026-09-09T17:05:30Z,import_refusal,1,count,fda.refusals.backfill,raw/fda.refusals.backfill/2026/09/20260909T170530Z-bdd810c4ed3d.json.gz,1
fda.refusals.backfill,firm:3014725758,2024-03-29,2026-09-09T17:05:30Z,is_drug_or_biologic,1,bool,fda.refusals.backfill,raw/fda.refusals.backfill/2026/09/20260909T170530Z-bdd810c4ed3d.json.gz,1
fda.refusals.backfill,firm:3014725758,2024-03-29,2026-09-09T17:05:30Z,is_foreign,1,bool,fda.refusals.backfill,raw/fda.refusals.backfill/2026/09/20260909T170530Z-bdd810c4ed3d.json.gz,1
fda.refusals.backfill,firm:3014725758,2024-03-29,2026-09-09T17:05:30Z,is_human_drug,1,bool,fda.refusals.backfill,raw/fda.refusals.backfill/2026/09/20260909T170530Z-bdd810c4ed3d.json.gz,1
fda.refusals.backfill,firm:3014725758,2024-03-29,2026-09-09T17:05:30Z,label,Nanz Med Science Pharma Private Limited,,fda.refusals.backfill,raw/fda.refusals.backfill/2026/09/20260909T170530Z-bdd810c4ed3d.json.gz,1
fda.refusals.backfill,firm:3014725758,2024-03-29,2026-09-09T17:05:30Z,refused_at,20240329,yyyymmdd,fda.refusals.backfill,raw/fda.refusals.backfill/2026/09/20260909T170530Z-bdd810c4ed3d.json.gz,1
fda.refusals.backfill,firm:3014768881,2024-03-05,2026-09-09T17:05:30Z,firm_key,UTTARANCHAL BIOTECH,,fda.refusals.backfill,raw/fda.refusals.backfill/2026/09/20260909T170530Z-bdd810c4ed3d.json.gz,1
fda.refusals.backfill,firm:3014768881,2024-03-05,2026-09-09T17:05:30Z,import_refusal,1,count,fda.refusals.backfill,raw/fda.refusals.backfill/2026/09/20260909T170530Z-bdd810c4ed3d.json.gz,1
fda.refusals.backfill,firm:3014768881,2024-03-05,2026-09-09T17:05:30Z,is_drug_or_biologic,1,bool,fda.refusals.backfill,raw/fda.refusals.backfill/2026/09/20260909T170530Z-bdd810c4ed3d.json.gz,1
fda.refusals.backfill,firm:3014768881,2024-03-05,2026-09-09T17:05:30Z,is_foreign,1,bool,fda.refusals.backfill,raw/fda.refusals.backfill/2026/09/20260909T170530Z-bdd810c4ed3d.json.gz,1
fda.refusals.backfill,firm:3014768881,2024-03-05,2026-09-09T17:05:30Z,is_human_drug,1,bool,fda.refusals.backfill,raw/fda.refusals.backfill/2026/09/20260909T170530Z-bdd810c4ed3d.json.gz,1
fda.refusals.backfill,firm:3014768881,2024-03-05,2026-09-09T17:05:30Z,label,UTTARANCHAL BIOTECH LTD,,fda.refusals.backfill,raw/fda.refusals.backfill/2026/09/20260909T170530Z-bdd810c4ed3d.json.gz,1
fda.refusals.backfill,firm:3014768881,2024-03-05,2026-09-09T17:05:30Z,refused_at,20240305,yyyymmdd,fda.refusals.backfill,raw/fda.refusals.backfill/2026/09/20260909T170530Z-bdd810c4ed3d.json.gz,1
fda.refusals.backfill,firm:3014779728,2024-03-21,2026-09-09T17:05:30Z,firm_key,GLENMARK,,fda.refusals.backfill,raw/fda.refusals.backfill/2026/09/20260909T170530Z-bdd810c4ed3d.json.gz,1
fda.refusals.backfill,firm:3014779728,2024-03-21,2026-09-09T17:05:30Z,import_refusal,1,count,fda.refusals.backfill,raw/fda.refusals.backfill/2026/09/20260909T170530Z-bdd810c4ed3d.json.gz,1
fda.refusals.backfill,firm:3014779728,2024-03-21,2026-09-09T17:05:30Z,is_drug_or_biologic,1,bool,fda.refusals.backfill,raw/fda.refusals.backfill/2026/09/20260909T170530Z-bdd810c4ed3d.json.gz,1
fda.refusals.backfill,firm:3014779728,2024-03-21,2026-09-09T17:05:30Z,is_foreign,1,bool,fda.refusals.backfill,raw/fda.refusals.backfill/2026/09/20260909T170530Z-bdd810c4ed3d.json.gz,1
fda.refusals.backfill,firm:3014779728,2024-03-21,2026-09-09T17:05:30Z,is_human_drug,1,bool,fda.refusals.backfill,raw/fda.refusals.backfill/2026/09/20260909T170530Z-bdd810c4ed3d.json.gz,1
fda.refusals.backfill,firm:3014779728,2024-03-21,2026-09-09T17:05:30Z,label,GLENMARK PHARMACEUTICALS LTD,,fda.refusals.backfill,raw/fda.refusals.backfill/2026/09/20260909T170530Z-bdd810c4ed3d.json.gz,1
fda.refusals.backfill,firm:3014779728,2024-03-21,2026-09-09T17:05:30Z,refused_at,20240321,yyyymmdd,fda.refusals.backfill,raw/fda.refusals.backfill/2026/09/20260909T170530Z-bdd810c4ed3d.json.gz,1
fda.refusals.backfill,firm:3014780004,2024-03-08,2026-09-09T17:05:30Z,firm_key,AJANTA,,fda.refusals.backfill,raw/fda.refusals.backfill/2026/09/20260909T170530Z-bdd810c4ed3d.json.gz,1
fda.refusals.backfill,firm:3014780004,2024-03-08,2026-09-09T17:05:30Z,import_refusal,1,count,fda.refusals.backfill,raw/fda.refusals.backfill/2026/09/20260909T170530Z-bdd810c4ed3d.json.gz,1
fda.refusals.backfill,firm:3014780004,2024-03-08,2026-09-09T17:05:30Z,is_drug_or_biologic,1,bool,fda.refusals.backfill,raw/fda.refusals.backfill/2026/09/20260909T170530Z-bdd810c4ed3d.json.gz,1
fda.refusals.backfill,firm:3014780004,2024-03-08,2026-09-09T17:05:30Z,is_foreign,1,bool,fda.refusals.backfill,raw/fda.refusals.backfill/2026/09/20260909T170530Z-bdd810c4ed3d.json.gz,1
fda.refusals.backfill,firm:3014780004,2024-03-08,2026-09-09T17:05:30Z,is_human_drug,1,bool,fda.refusals.backfill,raw/fda.refusals.backfill/2026/09/20260909T170530Z-bdd810c4ed3d.json.gz,1
fda.refusals.backfill,firm:3014780004,2024-03-08,2026-09-09T17:05:30Z,label,AJANTA PHARMA LTD,,fda.refusals.backfill,raw/fda.refusals.backfill/2026/09/20260909T170530Z-bdd810c4ed3d.json.gz,1
fda.refusals.backfill,firm:3014780004,2024-03-08,2026-09-09T17:05:30Z,refused_at,20240308,yyyymmdd,fda.refusals.backfill,raw/fda.refusals.backfill/2026/09/20260909T170530Z-bdd810c4ed3d.json.gz,1
fda.refusals.backfill,firm:3014798092,2024-03-29,2026-09-09T17:05:30Z,firm_key,FREDUN,,fda.refusals.backfill,raw/fda.refusals.backfill/2026/09/20260909T170530Z-bdd810c4ed3d.json.gz,1
fda.refusals.backfill,firm:3014798092,2024-03-29,2026-09-09T17:05:30Z,import_refusal,1,count,fda.refusals.backfill,raw/fda.refusals.backfill/2026/09/20260909T170530Z-bdd810c4ed3d.json.gz,1
fda.refusals.backfill,firm:3014798092,2024-03-29,2026-09-09T17:05:30Z,is_drug_or_biologic,1,bool,fda.refusals.backfill,raw/fda.refusals.backfill/2026/09/20260909T170530Z-bdd810c4ed3d.json.gz,1
fda.refusals.backfill,firm:3014798092,2024-03-29,2026-09-09T17:05:30Z,is_foreign,1,bool,fda.refusals.backfill,raw/fda.refusals.backfill/2026/09/20260909T170530Z-bdd810c4ed3d.json.gz,1
fda.refusals.backfill,firm:3014798092,2024-03-29,2026-09-09T17:05:30Z,is_human_drug,1,bool,fda.refusals.backfill,raw/fda.refusals.backfill/2026/09/20260909T170530Z-bdd810c4ed3d.json.gz,1
fda.refusals.backfill,firm:3014798092,2024-03-29,2026-09-09T17:05:30Z,label,FREDUN PHARMACEUTICALS LIMITED,,fda.refusals.backfill,raw/fda.refusals.backfill/2026/09/20260909T170530Z-bdd810c4ed3d.json.gz,1
fda.refusals.backfill,firm:3014798092,2024-03-29,2026-09-09T17:05:30Z,refused_at,20240329,yyyymmdd,fda.refusals.backfill,raw/fda.refusals.backfill/2026/09/20260909T170530Z-bdd810c4ed3d.json.gz,1
fda.refusals.backfill,firm:3015315517,2024-03-22,2026-09-09T17:05:30Z,firm_key,CIPLA,,fda.refusals.backfill,raw/fda.refusals.backfill/2026/09/20260909T170530Z-bdd810c4ed3d.json.gz,1
fda.refusals.backfill,firm:3015315517,2024-03-22,2026-09-09T17:05:30Z,import_refusal,1,count,fda.refusals.backfill,raw/fda.refusals.backfill/2026/09/20260909T170530Z-bdd810c4ed3d.json.gz,1
fda.refusals.backfill,firm:3015315517,2024-03-22,2026-09-09T17:05:30Z,is_drug_or_biologic,1,bool,fda.refusals.backfill,raw/fda.refusals.backfill/2026/09/20260909T170530Z-bdd810c4ed3d.json.gz,1
fda.refusals.backfill,firm:3015315517,2024-03-22,2026-09-09T17:05:30Z,is_foreign,1,bool,fda.refusals.backfill,raw/fda.refusals.backfill/2026/09/20260909T170530Z-bdd810c4ed3d.json.gz,1
fda.refusals.backfill,firm:3015315517,2024-03-22,2026-09-09T17:05:30Z,is_human_drug,1,bool,fda.refusals.backfill,raw/fda.refusals.backfill/2026/09/20260909T170530Z-bdd810c4ed3d.json.gz,1
fda.refusals.backfill,firm:3015315517,2024-03-22,2026-09-09T17:05:30Z,label,CIPLA LTD,,fda.refusals.backfill,raw/fda.refusals.backfill/2026/09/20260909T170530Z-bdd810c4ed3d.json.gz,1
fda.refusals.backfill,firm:3015315517,2024-03-22,2026-09-09T17:05:30Z,refused_at,20240322,yyyymmdd,fda.refusals.backfill,raw/fda.refusals.backfill/2026/09/20260909T170530Z-bdd810c4ed3d.json.gz,1
fda.refusals.backfill,firm:3015340067,2024-03-05,2026-09-09T17:05:30Z,firm_key,SURAKSHA,,fda.refusals.backfill,raw/fda.refusals.backfill/2026/09/20260909T170530Z-bdd810c4ed3d.json.gz,1
fda.refusals.backfill,firm:3015340067,2024-03-05,2026-09-09T17:05:30Z,import_refusal,1,count,fda.refusals.backfill,raw/fda.refusals.backfill/2026/09/20260909T170530Z-bdd810c4ed3d.json.gz,1
fda.refusals.backfill,firm:3015340067,2024-03-05,2026-09-09T17:05:30Z,is_drug_or_biologic,1,bool,fda.refusals.backfill,raw/fda.refusals.backfill/2026/09/20260909T170530Z-bdd810c4ed3d.json.gz,1
fda.refusals.backfill,firm:3015340067,2024-03-05,2026-09-09T17:05:30Z,is_foreign,1,bool,fda.refusals.backfill,raw/fda.refusals.backfill/2026/09/20260909T170530Z-bdd810c4ed3d.json.gz,1
fda.refusals.backfill,firm:3015340067,2024-03-05,2026-09-09T17:05:30Z,is_human_drug,1,bool,fda.refusals.backfill,raw/fda.refusals.backfill/2026/09/20260909T170530Z-bdd810c4ed3d.json.gz,1
fda.refusals.backfill,firm:3015340067,2024-03-05,2026-09-09T17:05:30Z,label,Suraksha Pharma Pvt Ltd,,fda.refusals.backfill,raw/fda.refusals.backfill/2026/09/20260909T170530Z-bdd810c4ed3d.json.gz,1
fda.refusals.backfill,firm:3015340067,2024-03-05,2026-09-09T17:05:30Z,refused_at,20240305,yyyymmdd,fda.refusals.backfill,raw/fda.refusals.backfill/2026/09/20260909T170530Z-bdd810c4ed3d.json.gz,1
fda.refusals.backfill,firm:3015340849,2024-03-12,2026-09-09T17:05:30Z,firm_key,NATURE INTRO,,fda.refusals.backfill,raw/fda.refusals.backfill/2026/09/20260909T170530Z-bdd810c4ed3d.json.gz,1
fda.refusals.backfill,firm:3015340849,2024-03-12,2026-09-09T17:05:30Z,import_refusal,1,count,fda.refusals.backfill,raw/fda.refusals.backfill/2026/09/20260909T170530Z-bdd810c4ed3d.json.gz,1
fda.refusals.backfill,firm:3015340849,2024-03-12,2026-09-09T17:05:30Z,is_drug_or_biologic,1,bool,fda.refusals.backfill,raw/fda.refusals.backfill/2026/09/20260909T170530Z-bdd810c4ed3d.json.gz,1
fda.refusals.backfill,firm:3015340849,2024-03-12,2026-09-09T17:05:30Z,is_foreign,1,bool,fda.refusals.backfill,raw/fda.refusals.backfill/2026/09/20260909T170530Z-bdd810c4ed3d.json.gz,1
fda.refusals.backfill,firm:3015340849,2024-03-12,2026-09-09T17:05:30Z,is_human_drug,1,bool,fda.refusals.backfill,raw/fda.refusals.backfill/2026/09/20260909T170530Z-bdd810c4ed3d.json.gz,1
fda.refusals.backfill,firm:3015340849,2024-03-12,2026-09-09T17:05:30Z,label,"Nature Intro Co., Ltd.",,fda.refusals.backfill,raw/fda.refusals.backfill/2026/09/20260909T170530Z-bdd810c4ed3d.json.gz,1
fda.refusals.backfill,firm:3015340849,2024-03-12,2026-09-09T17:05:30Z,refused_at,20240312,yyyymmdd,fda.refusals.backfill,raw/fda.refusals.backfill/2026/09/20260909T170530Z-bdd810c4ed3d.json.gz,1
fda.refusals.backfill,firm:3015346178,2024-03-14,2026-09-09T17:05:30Z,firm_key,ZHANGZHOU PIENTZENHUANG PHARMACEUTCAL,,fda.refusals.backfill,raw/fda.refusals.backfill/2026/09/20260909T170530Z-bdd810c4ed3d.json.gz,1
fda.refusals.backfill,firm:3015346178,2024-03-14,2026-09-09T17:05:30Z,import_refusal,1,count,fda.refusals.backfill,raw/fda.refusals.backfill/2026/09/20260909T170530Z-bdd810c4ed3d.json.gz,1
fda.refusals.backfill,firm:3015346178,2024-03-14,2026-09-09T17:05:30Z,is_drug_or_biologic,1,bool,fda.refusals.backfill,raw/fda.refusals.backfill/2026/09/20260909T170530Z-bdd810c4ed3d.json.gz,1
fda.refusals.backfill,firm:3015346178,2024-03-14,2026-09-09T17:05:30Z,is_foreign,1,bool,fda.refusals.backfill,raw/fda.refusals.backfill/2026/09/20260909T170530Z-bdd810c4ed3d.json.gz,1
fda.refusals.backfill,firm:3015346178,2024-03-14,2026-09-09T17:05:30Z,is_human_drug,1,bool,fda.refusals.backfill,raw/fda.refusals.backfill/2026/09/20260909T170530Z-bdd810c4ed3d.json.gz,1
fda.refusals.backfill,firm:3015346178,2024-03-14,2026-09-09T17:05:30Z,label,"ZHANGZHOU PIENTZENHUANG PHARMACEUTCAL CO., LTD",,fda.refusals.backfill,raw/fda.refusals.backfill/2026/09/20260909T170530Z-bdd810c4ed3d.json.gz,1
fda.refusals.backfill,firm:3015346178,2024-03-14,2026-09-09T17:05:30Z,refused_at,20240314,yyyymmdd,fda.refusals.backfill,raw/fda.refusals.backfill/2026/09/20260909T170530Z-bdd810c4ed3d.json.gz,1
fda.refusals.backfill,firm:3015453061,2024-03-08,2026-09-09T17:05:30Z,firm_key,MICRO,,fda.refusals.backfill,raw/fda.refusals.backfill/2026/09/20260909T170530Z-bdd810c4ed3d.json.gz,1
fda.refusals.backfill,firm:3015453061,2024-03-08,2026-09-09T17:05:30Z,import_refusal,1,count,fda.refusals.backfill,raw/fda.refusals.backfill/2026/09/20260909T170530Z-bdd810c4ed3d.json.gz,1
fda.refusals.backfill,firm:3015453061,2024-03-08,2026-09-09T17:05:30Z,is_drug_or_biologic,1,bool,fda.refusals.backfill,raw/fda.refusals.backfill/2026/09/20260909T170530Z-bdd810c4ed3d.json.gz,1
fda.refusals.backfill,firm:3015453061,2024-03-08,2026-09-09T17:05:30Z,is_foreign,1,bool,fda.refusals.backfill,raw/fda.refusals.backfill/2026/09/20260909T170530Z-bdd810c4ed3d.json.gz,1
fda.refusals.backfill,firm:3015453061,2024-03-08,2026-09-09T17:05:30Z,is_human_drug,1,bool,fda.refusals.backfill,raw/fda.refusals.backfill/2026/09/20260909T170530Z-bdd810c4ed3d.json.gz,1
fda.refusals.backfill,firm:3015453061,2024-03-08,2026-09-09T17:05:30Z,label,MICRO LABS LTD,,fda.refusals.backfill,raw/fda.refusals.backfill/2026/09/20260909T170530Z-bdd810c4ed3d.json.gz,1
fda.refusals.backfill,firm:3015453061,2024-03-08,2026-09-09T17:05:30Z,refused_at,20240308,yyyymmdd,fda.refusals.backfill,raw/fda.refusals.backfill/2026/09/20260909T170530Z-bdd810c4ed3d.json.gz,1
fda.refusals.backfill,firm:3015481594,2024-03-08,2026-09-09T17:05:30Z,firm_key,SATO,,fda.refusals.backfill,raw/fda.refusals.backfill/2026/09/20260909T170530Z-bdd810c4ed3d.json.gz,1
fda.refusals.backfill,firm:3015481594,2024-03-08,2026-09-09T17:05:30Z,import_refusal,1,count,fda.refusals.backfill,raw/fda.refusals.backfill/2026/09/20260909T170530Z-bdd810c4ed3d.json.gz,1
fda.refusals.backfill,firm:3015481594,2024-03-08,2026-09-09T17:05:30Z,is_drug_or_biologic,1,bool,fda.refusals.backfill,raw/fda.refusals.backfill/2026/09/20260909T170530Z-bdd810c4ed3d.json.gz,1
fda.refusals.backfill,firm:3015481594,2024-03-08,2026-09-09T17:05:30Z,is_foreign,1,bool,fda.refusals.backfill,raw/fda.refusals.backfill/2026/09/20260909T170530Z-bdd810c4ed3d.json.gz,1
fda.refusals.backfill,firm:3015481594,2024-03-08,2026-09-09T17:05:30Z,is_human_drug,1,bool,fda.refusals.backfill,raw/fda.refusals.backfill/2026/09/20260909T170530Z-bdd810c4ed3d.json.gz,1
fda.refusals.backfill,firm:3015481594,2024-03-08,2026-09-09T17:05:30Z,label,"SATO PHARMACEUTICAL CO.,LTD.",,fda.refusals.backfill,raw/fda.refusals.backfill/2026/09/20260909T170530Z-bdd810c4ed3d.json.gz,1
fda.refusals.backfill,firm:3015481594,2024-03-08,2026-09-09T17:05:30Z,refused_at,20240308,yyyymmdd,fda.refusals.backfill,raw/fda.refusals.backfill/2026/09/20260909T170530Z-bdd810c4ed3d.json.gz,1
fda.refusals.backfill,firm:3015685285,2024-03-15,2026-09-09T17:05:30Z,firm_key,ZHEJIANG PEPTITES BIOTECH,,fda.refusals.backfill,raw/fda.refusals.backfill/2026/09/20260909T170530Z-bdd810c4ed3d.json.gz,1
fda.refusals.backfill,firm:3015685285,2024-03-15,2026-09-09T17:05:30Z,import_refusal,1,count,fda.refusals.backfill,raw/fda.refusals.backfill/2026/09/20260909T170530Z-bdd810c4ed3d.json.gz,1
fda.refusals.backfill,firm:3015685285,2024-03-15,2026-09-09T17:05:30Z,is_drug_or_biologic,1,bool,fda.refusals.backfill,raw/fda.refusals.backfill/2026/09/20260909T170530Z-bdd810c4ed3d.json.gz,1
fda.refusals.backfill,firm:3015685285,2024-03-15,2026-09-09T17:05:30Z,is_foreign,1,bool,fda.refusals.backfill,raw/fda.refusals.backfill/2026/09/20260909T170530Z-bdd810c4ed3d.json.gz,1
fda.refusals.backfill,firm:3015685285,2024-03-15,2026-09-09T17:05:30Z,is_human_drug,1,bool,fda.refusals.backfill,raw/fda.refusals.backfill/2026/09/20260909T170530Z-bdd810c4ed3d.json.gz,1
fda.refusals.backfill,firm:3015685285,2024-03-15,2026-09-09T17:05:30Z,label,"Zhejiang Peptites Biotech Co.,Ltd.",,fda.refusals.backfill,raw/fda.refusals.backfill/2026/09/20260909T170530Z-bdd810c4ed3d.json.gz,1
fda.refusals.backfill,firm:3015685285,2024-03-15,2026-09-09T17:05:30Z,refused_at,20240315,yyyymmdd,fda.refusals.backfill,raw/fda.refusals.backfill/2026/09/20260909T170530Z-bdd810c4ed3d.json.gz,1
fda.refusals.backfill,firm:3016116902,2024-03-29,2026-09-09T17:05:30Z,firm_key,GILLETTE DIVERSIFIED OPERATIONS,,fda.refusals.backfill,raw/fda.refusals.backfill/2026/09/20260909T170530Z-bdd810c4ed3d.json.gz,1
fda.refusals.backfill,firm:3016116902,2024-03-29,2026-09-09T17:05:30Z,import_refusal,1,count,fda.refusals.backfill,raw/fda.refusals.backfill/2026/09/20260909T170530Z-bdd810c4ed3d.json.gz,1
fda.refusals.backfill,firm:3016116902,2024-03-29,2026-09-09T17:05:30Z,is_drug_or_biologic,1,bool,fda.refusals.backfill,raw/fda.refusals.backfill/2026/09/20260909T170530Z-bdd810c4ed3d.json.gz,1
fda.refusals.backfill,firm:3016116902,2024-03-29,2026-09-09T17:05:30Z,is_foreign,1,bool,fda.refusals.backfill,raw/fda.refusals.backfill/2026/09/20260909T170530Z-bdd810c4ed3d.json.gz,1
fda.refusals.backfill,firm:3016116902,2024-03-29,2026-09-09T17:05:30Z,is_human_drug,1,bool,fda.refusals.backfill,raw/fda.refusals.backfill/2026/09/20260909T170530Z-bdd810c4ed3d.json.gz,1
fda.refusals.backfill,firm:3016116902,2024-03-29,2026-09-09T17:05:30Z,label,Gillette Diversified Operations Private Limited,,fda.refusals.backfill,raw/fda.refusals.backfill/2026/09/20260909T170530Z-bdd810c4ed3d.json.gz,1
fda.refusals.backfill,firm:3016116902,2024-03-29,2026-09-09T17:05:30Z,refused_at,20240329,yyyymmdd,fda.refusals.backfill,raw/fda.refusals.backfill/2026/09/20260909T170530Z-bdd810c4ed3d.json.gz,1
fda.refusals.backfill,firm:3016251567,2024-03-08,2026-09-09T17:05:30Z,firm_key,SANOFI INDIA,,fda.refusals.backfill,raw/fda.refusals.backfill/2026/09/20260909T170530Z-bdd810c4ed3d.json.gz,1
fda.refusals.backfill,firm:3016251567,2024-03-08,2026-09-09T17:05:30Z,import_refusal,1,count,fda.refusals.backfill,raw/fda.refusals.backfill/2026/09/20260909T170530Z-bdd810c4ed3d.json.gz,1
fda.refusals.backfill,firm:3016251567,2024-03-08,2026-09-09T17:05:30Z,is_drug_or_biologic,1,bool,fda.refusals.backfill,raw/fda.refusals.backfill/2026/09/20260909T170530Z-bdd810c4ed3d.json.gz,1
fda.refusals.backfill,firm:3016251567,2024-03-08,2026-09-09T17:05:30Z,is_foreign,1,bool,fda.refusals.backfill,raw/fda.refusals.backfill/2026/09/20260909T170530Z-bdd810c4ed3d.json.gz,1
fda.refusals.backfill,firm:3016251567,2024-03-08,2026-09-09T17:05:30Z,is_human_drug,1,bool,fda.refusals.backfill,raw/fda.refusals.backfill/2026/09/20260909T170530Z-bdd810c4ed3d.json.gz,1
fda.refusals.backfill,firm:3016251567,2024-03-08,2026-09-09T17:05:30Z,label,SANOFI INDIA,,fda.refusals.backfill,raw/fda.refusals.backfill/2026/09/20260909T170530Z-bdd810c4ed3d.json.gz,1
fda.refusals.backfill,firm:3016251567,2024-03-08,2026-09-09T17:05:30Z,refused_at,20240308,yyyymmdd,fda.refusals.backfill,raw/fda.refusals.backfill/2026/09/20260909T170530Z-bdd810c4ed3d.json.gz,1
fda.refusals.backfill,firm:3016437314,2024-03-26,2026-09-09T17:05:30Z,firm_key,MENARINI INDIA,,fda.refusals.backfill,raw/fda.refusals.backfill/2026/09/20260909T170530Z-bdd810c4ed3d.json.gz,1
fda.refusals.backfill,firm:3016437314,2024-03-26,2026-09-09T17:05:30Z,import_refusal,1,count,fda.refusals.backfill,raw/fda.refusals.backfill/2026/09/20260909T170530Z-bdd810c4ed3d.json.gz,1
fda.refusals.backfill,firm:3016437314,2024-03-26,2026-09-09T17:05:30Z,is_drug_or_biologic,1,bool,fda.refusals.backfill,raw/fda.refusals.backfill/2026/09/20260909T170530Z-bdd810c4ed3d.json.gz,1
fda.refusals.backfill,firm:3016437314,2024-03-26,2026-09-09T17:05:30Z,is_foreign,1,bool,fda.refusals.backfill,raw/fda.refusals.backfill/2026/09/20260909T170530Z-bdd810c4ed3d.json.gz,1
fda.refusals.backfill,firm:3016437314,2024-03-26,2026-09-09T17:05:30Z,is_human_drug,1,bool,fda.refusals.backfill,raw/fda.refusals.backfill/2026/09/20260909T170530Z-bdd810c4ed3d.json.gz,1
fda.refusals.backfill,firm:3016437314,2024-03-26,2026-09-09T17:05:30Z,label,MENARINI INDIA PVT LTD,,fda.refusals.backfill,raw/fda.refusals.backfill/2026/09/20260909T170530Z-bdd810c4ed3d.json.gz,1
fda.refusals.backfill,firm:3016437314,2024-03-26,2026-09-09T17:05:30Z,refused_at,20240326,yyyymmdd,fda.refusals.backfill,raw/fda.refusals.backfill/2026/09/20260909T170530Z-bdd810c4ed3d.json.gz,1
fda.refusals.backfill,firm:3016766678,2024-03-29,2026-09-09T17:05:30Z,firm_key,MICRO,,fda.refusals.backfill,raw/fda.refusals.backfill/2026/09/20260909T170530Z-bdd810c4ed3d.json.gz,1
fda.refusals.backfill,firm:3016766678,2024-03-29,2026-09-09T17:05:30Z,import_refusal,1,count,fda.refusals.backfill,raw/fda.refusals.backfill/2026/09/20260909T170530Z-bdd810c4ed3d.json.gz,1
fda.refusals.backfill,firm:3016766678,2024-03-29,2026-09-09T17:05:30Z,is_drug_or_biologic,1,bool,fda.refusals.backfill,raw/fda.refusals.backfill/2026/09/20260909T170530Z-bdd810c4ed3d.json.gz,1
fda.refusals.backfill,firm:3016766678,2024-03-29,2026-09-09T17:05:30Z,is_foreign,1,bool,fda.refusals.backfill,raw/fda.refusals.backfill/2026/09/20260909T170530Z-bdd810c4ed3d.json.gz,1
fda.refusals.backfill,firm:3016766678,2024-03-29,2026-09-09T17:05:30Z,is_human_drug,1,bool,fda.refusals.backfill,raw/fda.refusals.backfill/2026/09/20260909T170530Z-bdd810c4ed3d.json.gz,1
fda.refusals.backfill,firm:3016766678,2024-03-29,2026-09-09T17:05:30Z,label,MICRO LABS LIMITED,,fda.refusals.backfill,raw/fda.refusals.backfill/2026/09/20260909T170530Z-bdd810c4ed3d.json.gz,1
fda.refusals.backfill,firm:3016766678,2024-03-29,2026-09-09T17:05:30Z,refused_at,20240329,yyyymmdd,fda.refusals.backfill,raw/fda.refusals.backfill/2026/09/20260909T170530Z-bdd810c4ed3d.json.gz,1
fda.refusals.backfill,firm:3016777559,2024-03-20,2026-09-09T17:05:30Z,firm_key,COSMOLIVE KOZMETIK SANAYI VE TICARET A S,,fda.refusals.backfill,raw/fda.refusals.backfill/2026/09/20260909T170530Z-bdd810c4ed3d.json.gz,1
fda.refusals.backfill,firm:3016777559,2024-03-20,2026-09-09T17:05:30Z,import_refusal,1,count,fda.refusals.backfill,raw/fda.refusals.backfill/2026/09/20260909T170530Z-bdd810c4ed3d.json.gz,1
fda.refusals.backfill,firm:3016777559,2024-03-20,2026-09-09T17:05:30Z,is_drug_or_biologic,1,bool,fda.refusals.backfill,raw/fda.refusals.backfill/2026/09/20260909T170530Z-bdd810c4ed3d.json.gz,1
fda.refusals.backfill,firm:3016777559,2024-03-20,2026-09-09T17:05:30Z,is_foreign,1,bool,fda.refusals.backfill,raw/fda.refusals.backfill/2026/09/20260909T170530Z-bdd810c4ed3d.json.gz,1
fda.refusals.backfill,firm:3016777559,2024-03-20,2026-09-09T17:05:30Z,is_human_drug,1,bool,fda.refusals.backfill,raw/fda.refusals.backfill/2026/09/20260909T170530Z-bdd810c4ed3d.json.gz,1
fda.refusals.backfill,firm:3016777559,2024-03-20,2026-09-09T17:05:30Z,label,Cosmolive Kozmetik Sanayi Ve Ticaret A.S.,,fda.refusals.backfill,raw/fda.refusals.backfill/2026/09/20260909T170530Z-bdd810c4ed3d.json.gz,1
fda.refusals.backfill,firm:3016777559,2024-03-20,2026-09-09T17:05:30Z,refused_at,20240320,yyyymmdd,fda.refusals.backfill,raw/fda.refusals.backfill/2026/09/20260909T170530Z-bdd810c4ed3d.json.gz,1
fda.refusals.backfill,firm:3016779400,2024-03-12,2026-09-09T17:05:30Z,firm_key,MOUNT KAILASH REJUVENATION CENTRE,,fda.refusals.backfill,raw/fda.refusals.backfill/2026/09/20260909T170530Z-bdd810c4ed3d.json.gz,1
fda.refusals.backfill,firm:3016779400,2024-03-12,2026-09-09T17:05:30Z,import_refusal,1,count,fda.refusals.backfill,raw/fda.refusals.backfill/2026/09/20260909T170530Z-bdd810c4ed3d.json.gz,1
fda.refusals.backfill,firm:3016779400,2024-03-12,2026-09-09T17:05:30Z,is_drug_or_biologic,1,bool,fda.refusals.backfill,raw/fda.refusals.backfill/2026/09/20260909T170530Z-bdd810c4ed3d.json.gz,1
fda.refusals.backfill,firm:3016779400,2024-03-12,2026-09-09T17:05:30Z,is_foreign,1,bool,fda.refusals.backfill,raw/fda.refusals.backfill/2026/09/20260909T170530Z-bdd810c4ed3d.json.gz,1
fda.refusals.backfill,firm:3016779400,2024-03-12,2026-09-09T17:05:30Z,is_human_drug,1,bool,fda.refusals.backfill,raw/fda.refusals.backfill/2026/09/20260909T170530Z-bdd810c4ed3d.json.gz,1
fda.refusals.backfill,firm:3016779400,2024-03-12,2026-09-09T17:05:30Z,label,Mount Kailash Rejuvenation Centre Inc.,,fda.refusals.backfill,raw/fda.refusals.backfill/2026/09/20260909T170530Z-bdd810c4ed3d.json.gz,1
fda.refusals.backfill,firm:3016779400,2024-03-12,2026-09-09T17:05:30Z,refused_at,20240312,yyyymmdd,fda.refusals.backfill,raw/fda.refusals.backfill/2026/09/20260909T170530Z-bdd810c4ed3d.json.gz,1
fda.refusals.backfill,firm:3016815216,2024-03-22,2026-09-09T17:05:30Z,firm_key,FIOCRUZ,,fda.refusals.backfill,raw/fda.refusals.backfill/2026/09/20260909T170530Z-bdd810c4ed3d.json.gz,1
fda.refusals.backfill,firm:3016815216,2024-03-22,2026-09-09T17:05:30Z,import_refusal,1,count,fda.refusals.backfill,raw/fda.refusals.backfill/2026/09/20260909T170530Z-bdd810c4ed3d.json.gz,1
fda.refusals.backfill,firm:3016815216,2024-03-22,2026-09-09T17:05:30Z,is_drug_or_biologic,1,bool,fda.refusals.backfill,raw/fda.refusals.backfill/2026/09/20260909T170530Z-bdd810c4ed3d.json.gz,1
fda.refusals.backfill,firm:3016815216,2024-03-22,2026-09-09T17:05:30Z,is_foreign,1,bool,fda.refusals.backfill,raw/fda.refusals.backfill/2026/09/20260909T170530Z-bdd810c4ed3d.json.gz,1
fda.refusals.backfill,firm:3016815216,2024-03-22,2026-09-09T17:05:30Z,is_human_drug,1,bool,fda.refusals.backfill,raw/fda.refusals.backfill/2026/09/20260909T170530Z-bdd810c4ed3d.json.gz,1
fda.refusals.backfill,firm:3016815216,2024-03-22,2026-09-09T17:05:30Z,label,FIOCRUZ,,fda.refusals.backfill,raw/fda.refusals.backfill/2026/09/20260909T170530Z-bdd810c4ed3d.json.gz,1
fda.refusals.backfill,firm:3016815216,2024-03-22,2026-09-09T17:05:30Z,refused_at,20240322,yyyymmdd,fda.refusals.backfill,raw/fda.refusals.backfill/2026/09/20260909T170530Z-bdd810c4ed3d.json.gz,1
fda.refusals.backfill,firm:3016815740,2024-03-26,2026-09-09T17:05:30Z,firm_key,DAY EIRELI ME,,fda.refusals.backfill,raw/fda.refusals.backfill/2026/09/20260909T170530Z-bdd810c4ed3d.json.gz,1
fda.refusals.backfill,firm:3016815740,2024-03-26,2026-09-09T17:05:30Z,import_refusal,1,count,fda.refusals.backfill,raw/fda.refusals.backfill/2026/09/20260909T170530Z-bdd810c4ed3d.json.gz,1
fda.refusals.backfill,firm:3016815740,2024-03-26,2026-09-09T17:05:30Z,is_drug_or_biologic,1,bool,fda.refusals.backfill,raw/fda.refusals.backfill/2026/09/20260909T170530Z-bdd810c4ed3d.json.gz,1
fda.refusals.backfill,firm:3016815740,2024-03-26,2026-09-09T17:05:30Z,is_foreign,1,bool,fda.refusals.backfill,raw/fda.refusals.backfill/2026/09/20260909T170530Z-bdd810c4ed3d.json.gz,1
fda.refusals.backfill,firm:3016815740,2024-03-26,2026-09-09T17:05:30Z,is_human_drug,1,bool,fda.refusals.backfill,raw/fda.refusals.backfill/2026/09/20260909T170530Z-bdd810c4ed3d.json.gz,1
fda.refusals.backfill,firm:3016815740,2024-03-26,2026-09-09T17:05:30Z,label,DAY PHARMA EIRELI- ME,,fda.refusals.backfill,raw/fda.refusals.backfill/2026/09/20260909T170530Z-bdd810c4ed3d.json.gz,1
fda.refusals.backfill,firm:3016815740,2024-03-26,2026-09-09T17:05:30Z,refused_at,20240326,yyyymmdd,fda.refusals.backfill,raw/fda.refusals.backfill/2026/09/20260909T170530Z-bdd810c4ed3d.json.gz,1
fda.refusals.backfill,firm:3016855932,2024-03-01,2026-09-09T17:05:30Z,firm_key,UNICORN NATURAL PRODUCTS P,,fda.refusals.backfill,raw/fda.refusals.backfill/2026/09/20260909T170530Z-bdd810c4ed3d.json.gz,1
fda.refusals.backfill,firm:3016855932,2024-03-01,2026-09-09T17:05:30Z,import_refusal,1,count,fda.refusals.backfill,raw/fda.refusals.backfill/2026/09/20260909T170530Z-bdd810c4ed3d.json.gz,1
fda.refusals.backfill,firm:3016855932,2024-03-01,2026-09-09T17:05:30Z,is_drug_or_biologic,1,bool,fda.refusals.backfill,raw/fda.refusals.backfill/2026/09/20260909T170530Z-bdd810c4ed3d.json.gz,1
fda.refusals.backfill,firm:3016855932,2024-03-01,2026-09-09T17:05:30Z,is_foreign,1,bool,fda.refusals.backfill,raw/fda.refusals.backfill/2026/09/20260909T170530Z-bdd810c4ed3d.json.gz,1
fda.refusals.backfill,firm:3016855932,2024-03-01,2026-09-09T17:05:30Z,is_human_drug,1,bool,fda.refusals.backfill,raw/fda.refusals.backfill/2026/09/20260909T170530Z-bdd810c4ed3d.json.gz,1
fda.refusals.backfill,firm:3016855932,2024-03-01,2026-09-09T17:05:30Z,label,UNICORN NATURAL PRODUCTS P LTD,,fda.refusals.backfill,raw/fda.refusals.backfill/2026/09/20260909T170530Z-bdd810c4ed3d.json.gz,1
fda.refusals.backfill,firm:3016855932,2024-03-01,2026-09-09T17:05:30Z,refused_at,20240301,yyyymmdd,fda.refusals.backfill,raw/fda.refusals.backfill/2026/09/20260909T170530Z-bdd810c4ed3d.json.gz,1
fda.refusals.backfill,firm:3016916013,2024-03-11,2026-09-09T17:05:30Z,firm_key,EMCURE,,fda.refusals.backfill,raw/fda.refusals.backfill/2026/09/20260909T170530Z-bdd810c4ed3d.json.gz,1
fda.refusals.backfill,firm:3016916013,2024-03-11,2026-09-09T17:05:30Z,import_refusal,1,count,fda.refusals.backfill,raw/fda.refusals.backfill/2026/09/20260909T170530Z-bdd810c4ed3d.json.gz,1
fda.refusals.backfill,firm:3016916013,2024-03-11,2026-09-09T17:05:30Z,is_drug_or_biologic,1,bool,fda.refusals.backfill,raw/fda.refusals.backfill/2026/09/20260909T170530Z-bdd810c4ed3d.json.gz,1
fda.refusals.backfill,firm:3016916013,2024-03-11,2026-09-09T17:05:30Z,is_foreign,1,bool,fda.refusals.backfill,raw/fda.refusals.backfill/2026/09/20260909T170530Z-bdd810c4ed3d.json.gz,1
fda.refusals.backfill,firm:3016916013,2024-03-11,2026-09-09T17:05:30Z,is_human_drug,1,bool,fda.refusals.backfill,raw/fda.refusals.backfill/2026/09/20260909T170530Z-bdd810c4ed3d.json.gz,1
fda.refusals.backfill,firm:3016916013,2024-03-11,2026-09-09T17:05:30Z,label,EMCURE PHARMACEUTICALS LTD,,fda.refusals.backfill,raw/fda.refusals.backfill/2026/09/20260909T170530Z-bdd810c4ed3d.json.gz,1
fda.refusals.backfill,firm:3016916013,2024-03-11,2026-09-09T17:05:30Z,refused_at,20240311,yyyymmdd,fda.refusals.backfill,raw/fda.refusals.backfill/2026/09/20260909T170530Z-bdd810c4ed3d.json.gz,1
fda.refusals.backfill,firm:3016990118,2024-03-05,2026-09-09T17:05:30Z,firm_key,ADDII BIOTECH,,fda.refusals.backfill,raw/fda.refusals.backfill/2026/09/20260909T170530Z-bdd810c4ed3d.json.gz,1
fda.refusals.backfill,firm:3016990118,2024-03-05,2026-09-09T17:05:30Z,import_refusal,1,count,fda.refusals.backfill,raw/fda.refusals.backfill/2026/09/20260909T170530Z-bdd810c4ed3d.json.gz,1
fda.refusals.backfill,firm:3016990118,2024-03-05,2026-09-09T17:05:30Z,is_drug_or_biologic,1,bool,fda.refusals.backfill,raw/fda.refusals.backfill/2026/09/20260909T170530Z-bdd810c4ed3d.json.gz,1
fda.refusals.backfill,firm:3016990118,2024-03-05,2026-09-09T17:05:30Z,is_foreign,1,bool,fda.refusals.backfill,raw/fda.refusals.backfill/2026/09/20260909T170530Z-bdd810c4ed3d.json.gz,1
fda.refusals.backfill,firm:3016990118,2024-03-05,2026-09-09T17:05:30Z,is_human_drug,1,bool,fda.refusals.backfill,raw/fda.refusals.backfill/2026/09/20260909T170530Z-bdd810c4ed3d.json.gz,1
fda.refusals.backfill,firm:3016990118,2024-03-05,2026-09-09T17:05:30Z,label,ADDII BIOTECH PVT LTD,,fda.refusals.backfill,raw/fda.refusals.backfill/2026/09/20260909T170530Z-bdd810c4ed3d.json.gz,1
fda.refusals.backfill,firm:3016990118,2024-03-05,2026-09-09T17:05:30Z,refused_at,20240305,yyyymmdd,fda.refusals.backfill,raw/fda.refusals.backfill/2026/09/20260909T170530Z-bdd810c4ed3d.json.gz,1
fda.refusals.backfill,firm:3017001089,2024-03-29,2026-09-09T17:05:30Z,firm_key,UNISON,,fda.refusals.backfill,raw/fda.refusals.backfill/2026/09/20260909T170530Z-bdd810c4ed3d.json.gz,1
fda.refusals.backfill,firm:3017001089,2024-03-29,2026-09-09T17:05:30Z,import_refusal,1,count,fda.refusals.backfill,raw/fda.refusals.backfill/2026/09/20260909T170530Z-bdd810c4ed3d.json.gz,1
fda.refusals.backfill,firm:3017001089,2024-03-29,2026-09-09T17:05:30Z,is_drug_or_biologic,1,bool,fda.refusals.backfill,raw/fda.refusals.backfill/2026/09/20260909T170530Z-bdd810c4ed3d.json.gz,1
fda.refusals.backfill,firm:3017001089,2024-03-29,2026-09-09T17:05:30Z,is_foreign,1,bool,fda.refusals.backfill,raw/fda.refusals.backfill/2026/09/20260909T170530Z-bdd810c4ed3d.json.gz,1
fda.refusals.backfill,firm:3017001089,2024-03-29,2026-09-09T17:05:30Z,is_human_drug,1,bool,fda.refusals.backfill,raw/fda.refusals.backfill/2026/09/20260909T170530Z-bdd810c4ed3d.json.gz,1
fda.refusals.backfill,firm:3017001089,2024-03-29,2026-09-09T17:05:30Z,label,"Unison Pharmaceuticals Pvt., Ltd.",,fda.refusals.backfill,raw/fda.refusals.backfill/2026/09/20260909T170530Z-bdd810c4ed3d.json.gz,1
fda.refusals.backfill,firm:3017001089,2024-03-29,2026-09-09T17:05:30Z,refused_at,20240329,yyyymmdd,fda.refusals.backfill,raw/fda.refusals.backfill/2026/09/20260909T170530Z-bdd810c4ed3d.json.gz,1
fda.refusals.backfill,firm:3017053040,2024-03-11,2026-09-09T17:05:30Z,firm_key,NOVARTIS INDIA,,fda.refusals.backfill,raw/fda.refusals.backfill/2026/09/20260909T170530Z-bdd810c4ed3d.json.gz,1
fda.refusals.backfill,firm:3017053040,2024-03-11,2026-09-09T17:05:30Z,import_refusal,1,count,fda.refusals.backfill,raw/fda.refusals.backfill/2026/09/20260909T170530Z-bdd810c4ed3d.json.gz,1
fda.refusals.backfill,firm:3017053040,2024-03-11,2026-09-09T17:05:30Z,is_drug_or_biologic,1,bool,fda.refusals.backfill,raw/fda.refusals.backfill/2026/09/20260909T170530Z-bdd810c4ed3d.json.gz,1
fda.refusals.backfill,firm:3017053040,2024-03-11,2026-09-09T17:05:30Z,is_foreign,1,bool,fda.refusals.backfill,raw/fda.refusals.backfill/2026/09/20260909T170530Z-bdd810c4ed3d.json.gz,1
fda.refusals.backfill,firm:3017053040,2024-03-11,2026-09-09T17:05:30Z,is_human_drug,1,bool,fda.refusals.backfill,raw/fda.refusals.backfill/2026/09/20260909T170530Z-bdd810c4ed3d.json.gz,1
fda.refusals.backfill,firm:3017053040,2024-03-11,2026-09-09T17:05:30Z,label,NOVARTIS INDIA LTD,,fda.refusals.backfill,raw/fda.refusals.backfill/2026/09/20260909T170530Z-bdd810c4ed3d.json.gz,1
fda.refusals.backfill,firm:3017053040,2024-03-11,2026-09-09T17:05:30Z,refused_at,20240311,yyyymmdd,fda.refusals.backfill,raw/fda.refusals.backfill/2026/09/20260909T170530Z-bdd810c4ed3d.json.gz,1
fda.refusals.backfill,firm:3017075756,2024-03-29,2026-09-09T17:05:30Z,firm_key,CIPLA,,fda.refusals.backfill,raw/fda.refusals.backfill/2026/09/20260909T170530Z-bdd810c4ed3d.json.gz,1
fda.refusals.backfill,firm:3017075756,2024-03-29,2026-09-09T17:05:30Z,import_refusal,1,count,fda.refusals.backfill,raw/fda.refusals.backfill/2026/09/20260909T170530Z-bdd810c4ed3d.json.gz,1
fda.refusals.backfill,firm:3017075756,2024-03-29,2026-09-09T17:05:30Z,is_drug_or_biologic,1,bool,fda.refusals.backfill,raw/fda.refusals.backfill/2026/09/20260909T170530Z-bdd810c4ed3d.json.gz,1
fda.refusals.backfill,firm:3017075756,2024-03-29,2026-09-09T17:05:30Z,is_foreign,1,bool,fda.refusals.backfill,raw/fda.refusals.backfill/2026/09/20260909T170530Z-bdd810c4ed3d.json.gz,1
fda.refusals.backfill,firm:3017075756,2024-03-29,2026-09-09T17:05:30Z,is_human_drug,1,bool,fda.refusals.backfill,raw/fda.refusals.backfill/2026/09/20260909T170530Z-bdd810c4ed3d.json.gz,1
fda.refusals.backfill,firm:3017075756,2024-03-29,2026-09-09T17:05:30Z,label,CIPLA LTD,,fda.refusals.backfill,raw/fda.refusals.backfill/2026/09/20260909T170530Z-bdd810c4ed3d.json.gz,1
fda.refusals.backfill,firm:3017075756,2024-03-29,2026-09-09T17:05:30Z,refused_at,20240329,yyyymmdd,fda.refusals.backfill,raw/fda.refusals.backfill/2026/09/20260909T170530Z-bdd810c4ed3d.json.gz,1
fda.refusals.backfill,firm:3017106439,2024-03-08,2026-09-09T17:05:30Z,firm_key,DR REDDYS,,fda.refusals.backfill,raw/fda.refusals.backfill/2026/09/20260909T170530Z-bdd810c4ed3d.json.gz,1
fda.refusals.backfill,firm:3017106439,2024-03-08,2026-09-09T17:05:30Z,import_refusal,1,count,fda.refusals.backfill,raw/fda.refusals.backfill/2026/09/20260909T170530Z-bdd810c4ed3d.json.gz,1
fda.refusals.backfill,firm:3017106439,2024-03-08,2026-09-09T17:05:30Z,is_drug_or_biologic,1,bool,fda.refusals.backfill,raw/fda.refusals.backfill/2026/09/20260909T170530Z-bdd810c4ed3d.json.gz,1
fda.refusals.backfill,firm:3017106439,2024-03-08,2026-09-09T17:05:30Z,is_foreign,1,bool,fda.refusals.backfill,raw/fda.refusals.backfill/2026/09/20260909T170530Z-bdd810c4ed3d.json.gz,1
fda.refusals.backfill,firm:3017106439,2024-03-08,2026-09-09T17:05:30Z,is_human_drug,1,bool,fda.refusals.backfill,raw/fda.refusals.backfill/2026/09/20260909T170530Z-bdd810c4ed3d.json.gz,1
fda.refusals.backfill,firm:3017106439,2024-03-08,2026-09-09T17:05:30Z,label,DR REDDYS,,fda.refusals.backfill,raw/fda.refusals.backfill/2026/09/20260909T170530Z-bdd810c4ed3d.json.gz,1
fda.refusals.backfill,firm:3017106439,2024-03-08,2026-09-09T17:05:30Z,refused_at,20240308,yyyymmdd,fda.refusals.backfill,raw/fda.refusals.backfill/2026/09/20260909T170530Z-bdd810c4ed3d.json.gz,1
fda.refusals.backfill,firm:3017131985,2024-03-12,2026-09-09T17:05:30Z,firm_key,HERNANDEZ JOSE ANTONIO,,fda.refusals.backfill,raw/fda.refusals.backfill/2026/09/20260909T170530Z-bdd810c4ed3d.json.gz,1
fda.refusals.backfill,firm:3017131985,2024-03-12,2026-09-09T17:05:30Z,import_refusal,1,count,fda.refusals.backfill,raw/fda.refusals.backfill/2026/09/20260909T170530Z-bdd810c4ed3d.json.gz,1
fda.refusals.backfill,firm:3017131985,2024-03-12,2026-09-09T17:05:30Z,is_drug_or_biologic,1,bool,fda.refusals.backfill,raw/fda.refusals.backfill/2026/09/20260909T170530Z-bdd810c4ed3d.json.gz,1
fda.refusals.backfill,firm:3017131985,2024-03-12,2026-09-09T17:05:30Z,is_foreign,1,bool,fda.refusals.backfill,raw/fda.refusals.backfill/2026/09/20260909T170530Z-bdd810c4ed3d.json.gz,1
fda.refusals.backfill,firm:3017131985,2024-03-12,2026-09-09T17:05:30Z,is_human_drug,0,bool,fda.refusals.backfill,raw/fda.refusals.backfill/2026/09/20260909T170530Z-bdd810c4ed3d.json.gz,1
fda.refusals.backfill,firm:3017131985,2024-03-12,2026-09-09T17:05:30Z,label,"HERNANDEZ, JOSE ANTONIO",,fda.refusals.backfill,raw/fda.refusals.backfill/2026/09/20260909T170530Z-bdd810c4ed3d.json.gz,1
fda.refusals.backfill,firm:3017131985,2024-03-12,2026-09-09T17:05:30Z,refused_at,20240312,yyyymmdd,fda.refusals.backfill,raw/fda.refusals.backfill/2026/09/20260909T170530Z-bdd810c4ed3d.json.gz,1
fda.refusals.backfill,firm:3017155018,2024-03-29,2026-09-09T17:05:30Z,firm_key,FDC,,fda.refusals.backfill,raw/fda.refusals.backfill/2026/09/20260909T170530Z-bdd810c4ed3d.json.gz,1
fda.refusals.backfill,firm:3017155018,2024-03-29,2026-09-09T17:05:30Z,import_refusal,1,count,fda.refusals.backfill,raw/fda.refusals.backfill/2026/09/20260909T170530Z-bdd810c4ed3d.json.gz,1
fda.refusals.backfill,firm:3017155018,2024-03-29,2026-09-09T17:05:30Z,is_drug_or_biologic,1,bool,fda.refusals.backfill,raw/fda.refusals.backfill/2026/09/20260909T170530Z-bdd810c4ed3d.json.gz,1
fda.refusals.backfill,firm:3017155018,2024-03-29,2026-09-09T17:05:30Z,is_foreign,1,bool,fda.refusals.backfill,raw/fda.refusals.backfill/2026/09/20260909T170530Z-bdd810c4ed3d.json.gz,1
fda.refusals.backfill,firm:3017155018,2024-03-29,2026-09-09T17:05:30Z,is_human_drug,1,bool,fda.refusals.backfill,raw/fda.refusals.backfill/2026/09/20260909T170530Z-bdd810c4ed3d.json.gz,1
fda.refusals.backfill,firm:3017155018,2024-03-29,2026-09-09T17:05:30Z,label,FDC LTD,,fda.refusals.backfill,raw/fda.refusals.backfill/2026/09/20260909T170530Z-bdd810c4ed3d.json.gz,1
fda.refusals.backfill,firm:3017155018,2024-03-29,2026-09-09T17:05:30Z,refused_at,20240329,yyyymmdd,fda.refusals.backfill,raw/fda.refusals.backfill/2026/09/20260909T170530Z-bdd810c4ed3d.json.gz,1
fda.refusals.backfill,firm:3017235500,2024-03-05,2026-09-09T17:05:30Z,firm_key,BIOMAX BIOTECHNICS,,fda.refusals.backfill,raw/fda.refusals.backfill/2026/09/20260909T170530Z-bdd810c4ed3d.json.gz,1
fda.refusals.backfill,firm:3017235500,2024-03-05,2026-09-09T17:05:30Z,import_refusal,1,count,fda.refusals.backfill,raw/fda.refusals.backfill/2026/09/20260909T170530Z-bdd810c4ed3d.json.gz,1
fda.refusals.backfill,firm:3017235500,2024-03-05,2026-09-09T17:05:30Z,is_drug_or_biologic,1,bool,fda.refusals.backfill,raw/fda.refusals.backfill/2026/09/20260909T170530Z-bdd810c4ed3d.json.gz,1
fda.refusals.backfill,firm:3017235500,2024-03-05,2026-09-09T17:05:30Z,is_foreign,1,bool,fda.refusals.backfill,raw/fda.refusals.backfill/2026/09/20260909T170530Z-bdd810c4ed3d.json.gz,1
fda.refusals.backfill,firm:3017235500,2024-03-05,2026-09-09T17:05:30Z,is_human_drug,1,bool,fda.refusals.backfill,raw/fda.refusals.backfill/2026/09/20260909T170530Z-bdd810c4ed3d.json.gz,1
fda.refusals.backfill,firm:3017235500,2024-03-05,2026-09-09T17:05:30Z,label,BIOMAX BIOTECHNICS PVT LTD,,fda.refusals.backfill,raw/fda.refusals.backfill/2026/09/20260909T170530Z-bdd810c4ed3d.json.gz,1
fda.refusals.backfill,firm:3017235500,2024-03-05,2026-09-09T17:05:30Z,refused_at,20240305,yyyymmdd,fda.refusals.backfill,raw/fda.refusals.backfill/2026/09/20260909T170530Z-bdd810c4ed3d.json.gz,1
fda.refusals.backfill,firm:3017275951,2024-03-18,2026-09-09T17:05:30Z,firm_key,FAREVA VILLA RICA SAS,,fda.refusals.backfill,raw/fda.refusals.backfill/2026/09/20260909T170530Z-bdd810c4ed3d.json.gz,1
fda.refusals.backfill,firm:3017275951,2024-03-18,2026-09-09T17:05:30Z,import_refusal,1,count,fda.refusals.backfill,raw/fda.refusals.backfill/2026/09/20260909T170530Z-bdd810c4ed3d.json.gz,1
fda.refusals.backfill,firm:3017275951,2024-03-18,2026-09-09T17:05:30Z,is_drug_or_biologic,1,bool,fda.refusals.backfill,raw/fda.refusals.backfill/2026/09/20260909T170530Z-bdd810c4ed3d.json.gz,1
fda.refusals.backfill,firm:3017275951,2024-03-18,2026-09-09T17:05:30Z,is_foreign,1,bool,fda.refusals.backfill,raw/fda.refusals.backfill/2026/09/20260909T170530Z-bdd810c4ed3d.json.gz,1
fda.refusals.backfill,firm:3017275951,2024-03-18,2026-09-09T17:05:30Z,is_human_drug,1,bool,fda.refusals.backfill,raw/fda.refusals.backfill/2026/09/20260909T170530Z-bdd810c4ed3d.json.gz,1
fda.refusals.backfill,firm:3017275951,2024-03-18,2026-09-09T17:05:30Z,label,FAREVA VILLA RICA SAS,,fda.refusals.backfill,raw/fda.refusals.backfill/2026/09/20260909T170530Z-bdd810c4ed3d.json.gz,1
fda.refusals.backfill,firm:3017275951,2024-03-18,2026-09-09T17:05:30Z,refused_at,20240318,yyyymmdd,fda.refusals.backfill,raw/fda.refusals.backfill/2026/09/20260909T170530Z-bdd810c4ed3d.json.gz,1
fda.refusals.backfill,firm:3017298335,2024-03-22,2026-09-09T17:05:30Z,firm_key,DR MOREPEN,,fda.refusals.backfill,raw/fda.refusals.backfill/2026/09/20260909T170530Z-bdd810c4ed3d.json.gz,1
fda.refusals.backfill,firm:3017298335,2024-03-22,2026-09-09T17:05:30Z,import_refusal,1,count,fda.refusals.backfill,raw/fda.refusals.backfill/2026/09/20260909T170530Z-bdd810c4ed3d.json.gz,1
fda.refusals.backfill,firm:3017298335,2024-03-22,2026-09-09T17:05:30Z,is_drug_or_biologic,1,bool,fda.refusals.backfill,raw/fda.refusals.backfill/2026/09/20260909T170530Z-bdd810c4ed3d.json.gz,1
fda.refusals.backfill,firm:3017298335,2024-03-22,2026-09-09T17:05:30Z,is_foreign,1,bool,fda.refusals.backfill,raw/fda.refusals.backfill/2026/09/20260909T170530Z-bdd810c4ed3d.json.gz,1
fda.refusals.backfill,firm:3017298335,2024-03-22,2026-09-09T17:05:30Z,is_human_drug,1,bool,fda.refusals.backfill,raw/fda.refusals.backfill/2026/09/20260909T170530Z-bdd810c4ed3d.json.gz,1
fda.refusals.backfill,firm:3017298335,2024-03-22,2026-09-09T17:05:30Z,label,DR MOREPEN LIMITED,,fda.refusals.backfill,raw/fda.refusals.backfill/2026/09/20260909T170530Z-bdd810c4ed3d.json.gz,1
fda.refusals.backfill,firm:3017298335,2024-03-22,2026-09-09T17:05:30Z,refused_at,20240322,yyyymmdd,fda.refusals.backfill,raw/fda.refusals.backfill/2026/09/20260909T170530Z-bdd810c4ed3d.json.gz,1
fda.refusals.backfill,firm:3017372069,2024-03-26,2026-09-09T17:05:30Z,firm_key,TROIKAA,,fda.refusals.backfill,raw/fda.refusals.backfill/2026/09/20260909T170530Z-bdd810c4ed3d.json.gz,1
fda.refusals.backfill,firm:3017372069,2024-03-26,2026-09-09T17:05:30Z,import_refusal,1,count,fda.refusals.backfill,raw/fda.refusals.backfill/2026/09/20260909T170530Z-bdd810c4ed3d.json.gz,1
fda.refusals.backfill,firm:3017372069,2024-03-26,2026-09-09T17:05:30Z,is_drug_or_biologic,1,bool,fda.refusals.backfill,raw/fda.refusals.backfill/2026/09/20260909T170530Z-bdd810c4ed3d.json.gz,1
fda.refusals.backfill,firm:3017372069,2024-03-26,2026-09-09T17:05:30Z,is_foreign,1,bool,fda.refusals.backfill,raw/fda.refusals.backfill/2026/09/20260909T170530Z-bdd810c4ed3d.json.gz,1
fda.refusals.backfill,firm:3017372069,2024-03-26,2026-09-09T17:05:30Z,is_human_drug,1,bool,fda.refusals.backfill,raw/fda.refusals.backfill/2026/09/20260909T170530Z-bdd810c4ed3d.json.gz,1
fda.refusals.backfill,firm:3017372069,2024-03-26,2026-09-09T17:05:30Z,label,TROIKAA PHARMACEUTICALS,,fda.refusals.backfill,raw/fda.refusals.backfill/2026/09/20260909T170530Z-bdd810c4ed3d.json.gz,1
fda.refusals.backfill,firm:3017372069,2024-03-26,2026-09-09T17:05:30Z,refused_at,20240326,yyyymmdd,fda.refusals.backfill,raw/fda.refusals.backfill/2026/09/20260909T170530Z-bdd810c4ed3d.json.gz,1
fda.refusals.backfill,firm:3017438369,2024-03-08,2026-09-09T17:05:30Z,firm_key,EDKEM LI,,fda.refusals.backfill,raw/fda.refusals.backfill/2026/09/20260909T170530Z-bdd810c4ed3d.json.gz,1
fda.refusals.backfill,firm:3017438369,2024-03-08,2026-09-09T17:05:30Z,import_refusal,1,count,fda.refusals.backfill,raw/fda.refusals.backfill/2026/09/20260909T170530Z-bdd810c4ed3d.json.gz,1
fda.refusals.backfill,firm:3017438369,2024-03-08,2026-09-09T17:05:30Z,is_drug_or_biologic,1,bool,fda.refusals.backfill,raw/fda.refusals.backfill/2026/09/20260909T170530Z-bdd810c4ed3d.json.gz,1
fda.refusals.backfill,firm:3017438369,2024-03-08,2026-09-09T17:05:30Z,is_foreign,1,bool,fda.refusals.backfill,raw/fda.refusals.backfill/2026/09/20260909T170530Z-bdd810c4ed3d.json.gz,1
fda.refusals.backfill,firm:3017438369,2024-03-08,2026-09-09T17:05:30Z,is_human_drug,0,bool,fda.refusals.backfill,raw/fda.refusals.backfill/2026/09/20260909T170530Z-bdd810c4ed3d.json.gz,1
fda.refusals.backfill,firm:3017438369,2024-03-08,2026-09-09T17:05:30Z,label,EDKEM PHARMACEUTICALS PRIVATE LI,,fda.refusals.backfill,raw/fda.refusals.backfill/2026/09/20260909T170530Z-bdd810c4ed3d.json.gz,1
fda.refusals.backfill,firm:3017438369,2024-03-08,2026-09-09T17:05:30Z,refused_at,20240308,yyyymmdd,fda.refusals.backfill,raw/fda.refusals.backfill/2026/09/20260909T170530Z-bdd810c4ed3d.json.gz,1
fda.refusals.backfill,firm:3017477042,2024-03-22,2026-09-09T17:05:30Z,firm_key,NOVARTIES HEALTHCARE,,fda.refusals.backfill,raw/fda.refusals.backfill/2026/09/20260909T170530Z-bdd810c4ed3d.json.gz,1
fda.refusals.backfill,firm:3017477042,2024-03-22,2026-09-09T17:05:30Z,import_refusal,1,count,fda.refusals.backfill,raw/fda.refusals.backfill/2026/09/20260909T170530Z-bdd810c4ed3d.json.gz,1
fda.refusals.backfill,firm:3017477042,2024-03-22,2026-09-09T17:05:30Z,is_drug_or_biologic,1,bool,fda.refusals.backfill,raw/fda.refusals.backfill/2026/09/20260909T170530Z-bdd810c4ed3d.json.gz,1
fda.refusals.backfill,firm:3017477042,2024-03-22,2026-09-09T17:05:30Z,is_foreign,1,bool,fda.refusals.backfill,raw/fda.refusals.backfill/2026/09/20260909T170530Z-bdd810c4ed3d.json.gz,1
fda.refusals.backfill,firm:3017477042,2024-03-22,2026-09-09T17:05:30Z,is_human_drug,1,bool,fda.refusals.backfill,raw/fda.refusals.backfill/2026/09/20260909T170530Z-bdd810c4ed3d.json.gz,1
fda.refusals.backfill,firm:3017477042,2024-03-22,2026-09-09T17:05:30Z,label,NOVARTIES HEALTHCARE PVT LTD,,fda.refusals.backfill,raw/fda.refusals.backfill/2026/09/20260909T170530Z-bdd810c4ed3d.json.gz,1
fda.refusals.backfill,firm:3017477042,2024-03-22,2026-09-09T17:05:30Z,refused_at,20240322,yyyymmdd,fda.refusals.backfill,raw/fda.refusals.backfill/2026/09/20260909T170530Z-bdd810c4ed3d.json.gz,1
fda.refusals.backfill,firm:3017483508,2024-03-08,2026-09-09T17:05:30Z,firm_key,NOVO NORDISK COLOMBIA SAS,,fda.refusals.backfill,raw/fda.refusals.backfill/2026/09/20260909T170530Z-bdd810c4ed3d.json.gz,1
fda.refusals.backfill,firm:3017483508,2024-03-08,2026-09-09T17:05:30Z,import_refusal,1,count,fda.refusals.backfill,raw/fda.refusals.backfill/2026/09/20260909T170530Z-bdd810c4ed3d.json.gz,1
fda.refusals.backfill,firm:3017483508,2024-03-08,2026-09-09T17:05:30Z,is_drug_or_biologic,1,bool,fda.refusals.backfill,raw/fda.refusals.backfill/2026/09/20260909T170530Z-bdd810c4ed3d.json.gz,1
fda.refusals.backfill,firm:3017483508,2024-03-08,2026-09-09T17:05:30Z,is_foreign,1,bool,fda.refusals.backfill,raw/fda.refusals.backfill/2026/09/20260909T170530Z-bdd810c4ed3d.json.gz,1
fda.refusals.backfill,firm:3017483508,2024-03-08,2026-09-09T17:05:30Z,is_human_drug,1,bool,fda.refusals.backfill,raw/fda.refusals.backfill/2026/09/20260909T170530Z-bdd810c4ed3d.json.gz,1
fda.refusals.backfill,firm:3017483508,2024-03-08,2026-09-09T17:05:30Z,label,NOVO NORDISK COLOMBIA SAS,,fda.refusals.backfill,raw/fda.refusals.backfill/2026/09/20260909T170530Z-bdd810c4ed3d.json.gz,1
fda.refusals.backfill,firm:3017483508,2024-03-08,2026-09-09T17:05:30Z,refused_at,20240308,yyyymmdd,fda.refusals.backfill,raw/fda.refusals.backfill/2026/09/20260909T170530Z-bdd810c4ed3d.json.gz,1
fda.refusals.backfill,firm:3017483508,2024-03-22,2026-09-09T17:05:30Z,firm_key,NOVO NORDISK COLOMBIA SAS,,fda.refusals.backfill,raw/fda.refusals.backfill/2026/09/20260909T170530Z-bdd810c4ed3d.json.gz,1
fda.refusals.backfill,firm:3017483508,2024-03-22,2026-09-09T17:05:30Z,import_refusal,1,count,fda.refusals.backfill,raw/fda.refusals.backfill/2026/09/20260909T170530Z-bdd810c4ed3d.json.gz,1
fda.refusals.backfill,firm:3017483508,2024-03-22,2026-09-09T17:05:30Z,is_drug_or_biologic,1,bool,fda.refusals.backfill,raw/fda.refusals.backfill/2026/09/20260909T170530Z-bdd810c4ed3d.json.gz,1
fda.refusals.backfill,firm:3017483508,2024-03-22,2026-09-09T17:05:30Z,is_foreign,1,bool,fda.refusals.backfill,raw/fda.refusals.backfill/2026/09/20260909T170530Z-bdd810c4ed3d.json.gz,1
fda.refusals.backfill,firm:3017483508,2024-03-22,2026-09-09T17:05:30Z,is_human_drug,1,bool,fda.refusals.backfill,raw/fda.refusals.backfill/2026/09/20260909T170530Z-bdd810c4ed3d.json.gz,1
fda.refusals.backfill,firm:3017483508,2024-03-22,2026-09-09T17:05:30Z,label,NOVO NORDISK COLOMBIA SAS,,fda.refusals.backfill,raw/fda.refusals.backfill/2026/09/20260909T170530Z-bdd810c4ed3d.json.gz,1
fda.refusals.backfill,firm:3017483508,2024-03-22,2026-09-09T17:05:30Z,refused_at,20240322,yyyymmdd,fda.refusals.backfill,raw/fda.refusals.backfill/2026/09/20260909T170530Z-bdd810c4ed3d.json.gz,1
fda.refusals.backfill,firm:3017557061,2024-03-22,2026-09-09T17:05:30Z,firm_key,SKYMAP,,fda.refusals.backfill,raw/fda.refusals.backfill/2026/09/20260909T170530Z-bdd810c4ed3d.json.gz,1
fda.refusals.backfill,firm:3017557061,2024-03-22,2026-09-09T17:05:30Z,import_refusal,1,count,fda.refusals.backfill,raw/fda.refusals.backfill/2026/09/20260909T170530Z-bdd810c4ed3d.json.gz,1
fda.refusals.backfill,firm:3017557061,2024-03-22,2026-09-09T17:05:30Z,is_drug_or_biologic,1,bool,fda.refusals.backfill,raw/fda.refusals.backfill/2026/09/20260909T170530Z-bdd810c4ed3d.json.gz,1
fda.refusals.backfill,firm:3017557061,2024-03-22,2026-09-09T17:05:30Z,is_foreign,1,bool,fda.refusals.backfill,raw/fda.refusals.backfill/2026/09/20260909T170530Z-bdd810c4ed3d.json.gz,1
fda.refusals.backfill,firm:3017557061,2024-03-22,2026-09-09T17:05:30Z,is_human_drug,1,bool,fda.refusals.backfill,raw/fda.refusals.backfill/2026/09/20260909T170530Z-bdd810c4ed3d.json.gz,1
fda.refusals.backfill,firm:3017557061,2024-03-22,2026-09-09T17:05:30Z,label,SKYMAP PHARMACEUTICALS PVT LTD,,fda.refusals.backfill,raw/fda.refusals.backfill/2026/09/20260909T170530Z-bdd810c4ed3d.json.gz,1
fda.refusals.backfill,firm:3017557061,2024-03-22,2026-09-09T17:05:30Z,refused_at,20240322,yyyymmdd,fda.refusals.backfill,raw/fda.refusals.backfill/2026/09/20260909T170530Z-bdd810c4ed3d.json.gz,1
fda.refusals.backfill,firm:3017664652,2024-03-21,2026-09-09T17:05:30Z,firm_key,PONTIKA AEROTECH,,fda.refusals.backfill,raw/fda.refusals.backfill/2026/09/20260909T170530Z-bdd810c4ed3d.json.gz,1
fda.refusals.backfill,firm:3017664652,2024-03-21,2026-09-09T17:05:30Z,import_refusal,1,count,fda.refusals.backfill,raw/fda.refusals.backfill/2026/09/20260909T170530Z-bdd810c4ed3d.json.gz,1
fda.refusals.backfill,firm:3017664652,2024-03-21,2026-09-09T17:05:30Z,is_drug_or_biologic,1,bool,fda.refusals.backfill,raw/fda.refusals.backfill/2026/09/20260909T170530Z-bdd810c4ed3d.json.gz,1
fda.refusals.backfill,firm:3017664652,2024-03-21,2026-09-09T17:05:30Z,is_foreign,1,bool,fda.refusals.backfill,raw/fda.refusals.backfill/2026/09/20260909T170530Z-bdd810c4ed3d.json.gz,1
fda.refusals.backfill,firm:3017664652,2024-03-21,2026-09-09T17:05:30Z,is_human_drug,0,bool,fda.refusals.backfill,raw/fda.refusals.backfill/2026/09/20260909T170530Z-bdd810c4ed3d.json.gz,1
fda.refusals.backfill,firm:3017664652,2024-03-21,2026-09-09T17:05:30Z,label,Pontika Aerotech Limited,,fda.refusals.backfill,raw/fda.refusals.backfill/2026/09/20260909T170530Z-bdd810c4ed3d.json.gz,1
fda.refusals.backfill,firm:3017664652,2024-03-21,2026-09-09T17:05:30Z,refused_at,20240321,yyyymmdd,fda.refusals.backfill,raw/fda.refusals.backfill/2026/09/20260909T170530Z-bdd810c4ed3d.json.gz,1
fda.refusals.backfill,firm:3018026147,2024-03-21,2026-09-09T17:05:30Z,firm_key,SUN IND,,fda.refusals.backfill,raw/fda.refusals.backfill/2026/09/20260909T170530Z-bdd810c4ed3d.json.gz,1
fda.refusals.backfill,firm:3018026147,2024-03-21,2026-09-09T17:05:30Z,import_refusal,1,count,fda.refusals.backfill,raw/fda.refusals.backfill/2026/09/20260909T170530Z-bdd810c4ed3d.json.gz,1
fda.refusals.backfill,firm:3018026147,2024-03-21,2026-09-09T17:05:30Z,is_drug_or_biologic,1,bool,fda.refusals.backfill,raw/fda.refusals.backfill/2026/09/20260909T170530Z-bdd810c4ed3d.json.gz,1
fda.refusals.backfill,firm:3018026147,2024-03-21,2026-09-09T17:05:30Z,is_foreign,1,bool,fda.refusals.backfill,raw/fda.refusals.backfill/2026/09/20260909T170530Z-bdd810c4ed3d.json.gz,1
fda.refusals.backfill,firm:3018026147,2024-03-21,2026-09-09T17:05:30Z,is_human_drug,1,bool,fda.refusals.backfill,raw/fda.refusals.backfill/2026/09/20260909T170530Z-bdd810c4ed3d.json.gz,1
fda.refusals.backfill,firm:3018026147,2024-03-21,2026-09-09T17:05:30Z,label,SUN PHARMA IND LTD,,fda.refusals.backfill,raw/fda.refusals.backfill/2026/09/20260909T170530Z-bdd810c4ed3d.json.gz,1
fda.refusals.backfill,firm:3018026147,2024-03-21,2026-09-09T17:05:30Z,refused_at,20240321,yyyymmdd,fda.refusals.backfill,raw/fda.refusals.backfill/2026/09/20260909T170530Z-bdd810c4ed3d.json.gz,1
fda.refusals.backfill,firm:3018026147,2024-03-29,2026-09-09T17:05:30Z,firm_key,SUN IND,,fda.refusals.backfill,raw/fda.refusals.backfill/2026/09/20260909T170530Z-bdd810c4ed3d.json.gz,1
fda.refusals.backfill,firm:3018026147,2024-03-29,2026-09-09T17:05:30Z,import_refusal,1,count,fda.refusals.backfill,raw/fda.refusals.backfill/2026/09/20260909T170530Z-bdd810c4ed3d.json.gz,1
fda.refusals.backfill,firm:3018026147,2024-03-29,2026-09-09T17:05:30Z,is_drug_or_biologic,1,bool,fda.refusals.backfill,raw/fda.refusals.backfill/2026/09/20260909T170530Z-bdd810c4ed3d.json.gz,1
fda.refusals.backfill,firm:3018026147,2024-03-29,2026-09-09T17:05:30Z,is_foreign,1,bool,fda.refusals.backfill,raw/fda.refusals.backfill/2026/09/20260909T170530Z-bdd810c4ed3d.json.gz,1
fda.refusals.backfill,firm:3018026147,2024-03-29,2026-09-09T17:05:30Z,is_human_drug,1,bool,fda.refusals.backfill,raw/fda.refusals.backfill/2026/09/20260909T170530Z-bdd810c4ed3d.json.gz,1
fda.refusals.backfill,firm:3018026147,2024-03-29,2026-09-09T17:05:30Z,label,SUN PHARMA IND LTD,,fda.refusals.backfill,raw/fda.refusals.backfill/2026/09/20260909T170530Z-bdd810c4ed3d.json.gz,1
fda.refusals.backfill,firm:3018026147,2024-03-29,2026-09-09T17:05:30Z,refused_at,20240329,yyyymmdd,fda.refusals.backfill,raw/fda.refusals.backfill/2026/09/20260909T170530Z-bdd810c4ed3d.json.gz,1
fda.refusals.backfill,firm:3019381108,2024-03-29,2026-09-09T17:05:30Z,firm_key,SANCTUS GLOBAL FORMULATIONS,,fda.refusals.backfill,raw/fda.refusals.backfill/2026/09/20260909T170530Z-bdd810c4ed3d.json.gz,1
fda.refusals.backfill,firm:3019381108,2024-03-29,2026-09-09T17:05:30Z,import_refusal,1,count,fda.refusals.backfill,raw/fda.refusals.backfill/2026/09/20260909T170530Z-bdd810c4ed3d.json.gz,1
fda.refusals.backfill,firm:3019381108,2024-03-29,2026-09-09T17:05:30Z,is_drug_or_biologic,1,bool,fda.refusals.backfill,raw/fda.refusals.backfill/2026/09/20260909T170530Z-bdd810c4ed3d.json.gz,1
fda.refusals.backfill,firm:3019381108,2024-03-29,2026-09-09T17:05:30Z,is_foreign,1,bool,fda.refusals.backfill,raw/fda.refusals.backfill/2026/09/20260909T170530Z-bdd810c4ed3d.json.gz,1
fda.refusals.backfill,firm:3019381108,2024-03-29,2026-09-09T17:05:30Z,is_human_drug,1,bool,fda.refusals.backfill,raw/fda.refusals.backfill/2026/09/20260909T170530Z-bdd810c4ed3d.json.gz,1
fda.refusals.backfill,firm:3019381108,2024-03-29,2026-09-09T17:05:30Z,label,SANCTUS GLOBAL FORMULATIONS LTD,,fda.refusals.backfill,raw/fda.refusals.backfill/2026/09/20260909T170530Z-bdd810c4ed3d.json.gz,1
fda.refusals.backfill,firm:3019381108,2024-03-29,2026-09-09T17:05:30Z,refused_at,20240329,yyyymmdd,fda.refusals.backfill,raw/fda.refusals.backfill/2026/09/20260909T170530Z-bdd810c4ed3d.json.gz,1
fda.refusals.backfill,firm:3019417861,2024-03-11,2026-09-09T17:05:30Z,firm_key,BIOCON BIOLOGICS INDIA,,fda.refusals.backfill,raw/fda.refusals.backfill/2026/09/20260909T170530Z-bdd810c4ed3d.json.gz,1
fda.refusals.backfill,firm:3019417861,2024-03-11,2026-09-09T17:05:30Z,import_refusal,1,count,fda.refusals.backfill,raw/fda.refusals.backfill/2026/09/20260909T170530Z-bdd810c4ed3d.json.gz,1
fda.refusals.backfill,firm:3019417861,2024-03-11,2026-09-09T17:05:30Z,is_drug_or_biologic,1,bool,fda.refusals.backfill,raw/fda.refusals.backfill/2026/09/20260909T170530Z-bdd810c4ed3d.json.gz,1
fda.refusals.backfill,firm:3019417861,2024-03-11,2026-09-09T17:05:30Z,is_foreign,1,bool,fda.refusals.backfill,raw/fda.refusals.backfill/2026/09/20260909T170530Z-bdd810c4ed3d.json.gz,1
fda.refusals.backfill,firm:3019417861,2024-03-11,2026-09-09T17:05:30Z,is_human_drug,1,bool,fda.refusals.backfill,raw/fda.refusals.backfill/2026/09/20260909T170530Z-bdd810c4ed3d.json.gz,1
fda.refusals.backfill,firm:3019417861,2024-03-11,2026-09-09T17:05:30Z,label,BIOCON BIOLOGICS INDIA,,fda.refusals.backfill,raw/fda.refusals.backfill/2026/09/20260909T170530Z-bdd810c4ed3d.json.gz,1
fda.refusals.backfill,firm:3019417861,2024-03-11,2026-09-09T17:05:30Z,refused_at,20240311,yyyymmdd,fda.refusals.backfill,raw/fda.refusals.backfill/2026/09/20260909T170530Z-bdd810c4ed3d.json.gz,1
fda.refusals.backfill,firm:3019607616,2024-03-08,2026-09-09T17:05:30Z,firm_key,WESER,,fda.refusals.backfill,raw/fda.refusals.backfill/2026/09/20260909T170530Z-bdd810c4ed3d.json.gz,1
fda.refusals.backfill,firm:3019607616,2024-03-08,2026-09-09T17:05:30Z,import_refusal,1,count,fda.refusals.backfill,raw/fda.refusals.backfill/2026/09/20260909T170530Z-bdd810c4ed3d.json.gz,1
fda.refusals.backfill,firm:3019607616,2024-03-08,2026-09-09T17:05:30Z,is_drug_or_biologic,1,bool,fda.refusals.backfill,raw/fda.refusals.backfill/2026/09/20260909T170530Z-bdd810c4ed3d.json.gz,1
fda.refusals.backfill,firm:3019607616,2024-03-08,2026-09-09T17:05:30Z,is_foreign,1,bool,fda.refusals.backfill,raw/fda.refusals.backfill/2026/09/20260909T170530Z-bdd810c4ed3d.json.gz,1
fda.refusals.backfill,firm:3019607616,2024-03-08,2026-09-09T17:05:30Z,is_human_drug,1,bool,fda.refusals.backfill,raw/fda.refusals.backfill/2026/09/20260909T170530Z-bdd810c4ed3d.json.gz,1
fda.refusals.backfill,firm:3019607616,2024-03-08,2026-09-09T17:05:30Z,label,WESER PHARMA,,fda.refusals.backfill,raw/fda.refusals.backfill/2026/09/20260909T170530Z-bdd810c4ed3d.json.gz,1
fda.refusals.backfill,firm:3019607616,2024-03-08,2026-09-09T17:05:30Z,refused_at,20240308,yyyymmdd,fda.refusals.backfill,raw/fda.refusals.backfill/2026/09/20260909T170530Z-bdd810c4ed3d.json.gz,1
fda.refusals.backfill,firm:3020023347,2024-03-04,2026-09-09T17:05:30Z,firm_key,GUANGZHOU MINGYAN COSMETICS,,fda.refusals.backfill,raw/fda.refusals.backfill/2026/09/20260909T170530Z-bdd810c4ed3d.json.gz,1
fda.refusals.backfill,firm:3020023347,2024-03-04,2026-09-09T17:05:30Z,import_refusal,1,count,fda.refusals.backfill,raw/fda.refusals.backfill/2026/09/20260909T170530Z-bdd810c4ed3d.json.gz,1
fda.refusals.backfill,firm:3020023347,2024-03-04,2026-09-09T17:05:30Z,is_drug_or_biologic,1,bool,fda.refusals.backfill,raw/fda.refusals.backfill/2026/09/20260909T170530Z-bdd810c4ed3d.json.gz,1
fda.refusals.backfill,firm:3020023347,2024-03-04,2026-09-09T17:05:30Z,is_foreign,1,bool,fda.refusals.backfill,raw/fda.refusals.backfill/2026/09/20260909T170530Z-bdd810c4ed3d.json.gz,1
fda.refusals.backfill,firm:3020023347,2024-03-04,2026-09-09T17:05:30Z,is_human_drug,1,bool,fda.refusals.backfill,raw/fda.refusals.backfill/2026/09/20260909T170530Z-bdd810c4ed3d.json.gz,1
fda.refusals.backfill,firm:3020023347,2024-03-04,2026-09-09T17:05:30Z,label,"Guangzhou Mingyan Cosmetics Co., Ltd.",,fda.refusals.backfill,raw/fda.refusals.backfill/2026/09/20260909T170530Z-bdd810c4ed3d.json.gz,1
fda.refusals.backfill,firm:3020023347,2024-03-04,2026-09-09T17:05:30Z,refused_at,20240304,yyyymmdd,fda.refusals.backfill,raw/fda.refusals.backfill/2026/09/20260909T170530Z-bdd810c4ed3d.json.gz,1
fda.refusals.backfill,firm:3020111827,2024-03-08,2026-09-09T17:05:30Z,firm_key,MARS MEDISOAP,,fda.refusals.backfill,raw/fda.refusals.backfill/2026/09/20260909T170530Z-bdd810c4ed3d.json.gz,1
fda.refusals.backfill,firm:3020111827,2024-03-08,2026-09-09T17:05:30Z,import_refusal,1,count,fda.refusals.backfill,raw/fda.refusals.backfill/2026/09/20260909T170530Z-bdd810c4ed3d.json.gz,1
fda.refusals.backfill,firm:3020111827,2024-03-08,2026-09-09T17:05:30Z,is_drug_or_biologic,1,bool,fda.refusals.backfill,raw/fda.refusals.backfill/2026/09/20260909T170530Z-bdd810c4ed3d.json.gz,1
fda.refusals.backfill,firm:3020111827,2024-03-08,2026-09-09T17:05:30Z,is_foreign,1,bool,fda.refusals.backfill,raw/fda.refusals.backfill/2026/09/20260909T170530Z-bdd810c4ed3d.json.gz,1
fda.refusals.backfill,firm:3020111827,2024-03-08,2026-09-09T17:05:30Z,is_human_drug,0,bool,fda.refusals.backfill,raw/fda.refusals.backfill/2026/09/20260909T170530Z-bdd810c4ed3d.json.gz,1
fda.refusals.backfill,firm:3020111827,2024-03-08,2026-09-09T17:05:30Z,label,MARS MEDISOAP,,fda.refusals.backfill,raw/fda.refusals.backfill/2026/09/20260909T170530Z-bdd810c4ed3d.json.gz,1
fda.refusals.backfill,firm:3020111827,2024-03-08,2026-09-09T17:05:30Z,refused_at,20240308,yyyymmdd,fda.refusals.backfill,raw/fda.refusals.backfill/2026/09/20260909T170530Z-bdd810c4ed3d.json.gz,1
fda.refusals.backfill,firm:3020397563,2024-03-27,2026-09-09T17:05:30Z,firm_key,NEHA GERA,,fda.refusals.backfill,raw/fda.refusals.backfill/2026/09/20260909T170530Z-bdd810c4ed3d.json.gz,1
fda.refusals.backfill,firm:3020397563,2024-03-27,2026-09-09T17:05:30Z,import_refusal,1,count,fda.refusals.backfill,raw/fda.refusals.backfill/2026/09/20260909T170530Z-bdd810c4ed3d.json.gz,1
fda.refusals.backfill,firm:3020397563,2024-03-27,2026-09-09T17:05:30Z,is_drug_or_biologic,1,bool,fda.refusals.backfill,raw/fda.refusals.backfill/2026/09/20260909T170530Z-bdd810c4ed3d.json.gz,1
fda.refusals.backfill,firm:3020397563,2024-03-27,2026-09-09T17:05:30Z,is_foreign,1,bool,fda.refusals.backfill,raw/fda.refusals.backfill/2026/09/20260909T170530Z-bdd810c4ed3d.json.gz,1
fda.refusals.backfill,firm:3020397563,2024-03-27,2026-09-09T17:05:30Z,is_human_drug,1,bool,fda.refusals.backfill,raw/fda.refusals.backfill/2026/09/20260909T170530Z-bdd810c4ed3d.json.gz,1
fda.refusals.backfill,firm:3020397563,2024-03-27,2026-09-09T17:05:30Z,label,NEHA GERA,,fda.refusals.backfill,raw/fda.refusals.backfill/2026/09/20260909T170530Z-bdd810c4ed3d.json.gz,1
fda.refusals.backfill,firm:3020397563,2024-03-27,2026-09-09T17:05:30Z,refused_at,20240327,yyyymmdd,fda.refusals.backfill,raw/fda.refusals.backfill/2026/09/20260909T170530Z-bdd810c4ed3d.json.gz,1
fda.refusals.backfill,firm:3020461049,2024-03-12,2026-09-09T17:05:30Z,firm_key,DERMALINE,,fda.refusals.backfill,raw/fda.refusals.backfill/2026/09/20260909T170530Z-bdd810c4ed3d.json.gz,1
fda.refusals.backfill,firm:3020461049,2024-03-12,2026-09-09T17:05:30Z,import_refusal,1,count,fda.refusals.backfill,raw/fda.refusals.backfill/2026/09/20260909T170530Z-bdd810c4ed3d.json.gz,1
fda.refusals.backfill,firm:3020461049,2024-03-12,2026-09-09T17:05:30Z,is_drug_or_biologic,1,bool,fda.refusals.backfill,raw/fda.refusals.backfill/2026/09/20260909T170530Z-bdd810c4ed3d.json.gz,1
fda.refusals.backfill,firm:3020461049,2024-03-12,2026-09-09T17:05:30Z,is_foreign,1,bool,fda.refusals.backfill,raw/fda.refusals.backfill/2026/09/20260909T170530Z-bdd810c4ed3d.json.gz,1
fda.refusals.backfill,firm:3020461049,2024-03-12,2026-09-09T17:05:30Z,is_human_drug,1,bool,fda.refusals.backfill,raw/fda.refusals.backfill/2026/09/20260909T170530Z-bdd810c4ed3d.json.gz,1
fda.refusals.backfill,firm:3020461049,2024-03-12,2026-09-09T17:05:30Z,label,"Dermaline Co., Ltd.",,fda.refusals.backfill,raw/fda.refusals.backfill/2026/09/20260909T170530Z-bdd810c4ed3d.json.gz,1
fda.refusals.backfill,firm:3020461049,2024-03-12,2026-09-09T17:05:30Z,refused_at,20240312,yyyymmdd,fda.refusals.backfill,raw/fda.refusals.backfill/2026/09/20260909T170530Z-bdd810c4ed3d.json.gz,1
fda.refusals.backfill,firm:3020738021,2024-03-29,2026-09-09T17:05:30Z,firm_key,METROCRAFT,,fda.refusals.backfill,raw/fda.refusals.backfill/2026/09/20260909T170530Z-bdd810c4ed3d.json.gz,1
fda.refusals.backfill,firm:3020738021,2024-03-29,2026-09-09T17:05:30Z,import_refusal,1,count,fda.refusals.backfill,raw/fda.refusals.backfill/2026/09/20260909T170530Z-bdd810c4ed3d.json.gz,1
fda.refusals.backfill,firm:3020738021,2024-03-29,2026-09-09T17:05:30Z,is_drug_or_biologic,1,bool,fda.refusals.backfill,raw/fda.refusals.backfill/2026/09/20260909T170530Z-bdd810c4ed3d.json.gz,1
fda.refusals.backfill,firm:3020738021,2024-03-29,2026-09-09T17:05:30Z,is_foreign,1,bool,fda.refusals.backfill,raw/fda.refusals.backfill/2026/09/20260909T170530Z-bdd810c4ed3d.json.gz,1
fda.refusals.backfill,firm:3020738021,2024-03-29,2026-09-09T17:05:30Z,is_human_drug,1,bool,fda.refusals.backfill,raw/fda.refusals.backfill/2026/09/20260909T170530Z-bdd810c4ed3d.json.gz,1
fda.refusals.backfill,firm:3020738021,2024-03-29,2026-09-09T17:05:30Z,label,METROCRAFT,,fda.refusals.backfill,raw/fda.refusals.backfill/2026/09/20260909T170530Z-bdd810c4ed3d.json.gz,1
fda.refusals.backfill,firm:3020738021,2024-03-29,2026-09-09T17:05:30Z,refused_at,20240329,yyyymmdd,fda.refusals.backfill,raw/fda.refusals.backfill/2026/09/20260909T170530Z-bdd810c4ed3d.json.gz,1
fda.refusals.backfill,firm:3021036668,2024-03-14,2026-09-09T17:05:30Z,firm_key,PHARMARESEARCH BIO,,fda.refusals.backfill,raw/fda.refusals.backfill/2026/09/20260909T170530Z-bdd810c4ed3d.json.gz,1
fda.refusals.backfill,firm:3021036668,2024-03-14,2026-09-09T17:05:30Z,import_refusal,1,count,fda.refusals.backfill,raw/fda.refusals.backfill/2026/09/20260909T170530Z-bdd810c4ed3d.json.gz,1
fda.refusals.backfill,firm:3021036668,2024-03-14,2026-09-09T17:05:30Z,is_drug_or_biologic,1,bool,fda.refusals.backfill,raw/fda.refusals.backfill/2026/09/20260909T170530Z-bdd810c4ed3d.json.gz,1
fda.refusals.backfill,firm:3021036668,2024-03-14,2026-09-09T17:05:30Z,is_foreign,1,bool,fda.refusals.backfill,raw/fda.refusals.backfill/2026/09/20260909T170530Z-bdd810c4ed3d.json.gz,1
fda.refusals.backfill,firm:3021036668,2024-03-14,2026-09-09T17:05:30Z,is_human_drug,1,bool,fda.refusals.backfill,raw/fda.refusals.backfill/2026/09/20260909T170530Z-bdd810c4ed3d.json.gz,1
fda.refusals.backfill,firm:3021036668,2024-03-14,2026-09-09T17:05:30Z,label,"PharmaResearch BIO Co., Ltd.",,fda.refusals.backfill,raw/fda.refusals.backfill/2026/09/20260909T170530Z-bdd810c4ed3d.json.gz,1
fda.refusals.backfill,firm:3021036668,2024-03-14,2026-09-09T17:05:30Z,refused_at,20240314,yyyymmdd,fda.refusals.backfill,raw/fda.refusals.backfill/2026/09/20260909T170530Z-bdd810c4ed3d.json.gz,1
fda.refusals.backfill,firm:3021212279,2024-03-20,2026-09-09T17:05:30Z,firm_key,GLAXOSMITHKLINE,,fda.refusals.backfill,raw/fda.refusals.backfill/2026/09/20260909T170530Z-bdd810c4ed3d.json.gz,1
fda.refusals.backfill,firm:3021212279,2024-03-20,2026-09-09T17:05:30Z,import_refusal,1,count,fda.refusals.backfill,raw/fda.refusals.backfill/2026/09/20260909T170530Z-bdd810c4ed3d.json.gz,1
fda.refusals.backfill,firm:3021212279,2024-03-20,2026-09-09T17:05:30Z,is_drug_or_biologic,1,bool,fda.refusals.backfill,raw/fda.refusals.backfill/2026/09/20260909T170530Z-bdd810c4ed3d.json.gz,1
fda.refusals.backfill,firm:3021212279,2024-03-20,2026-09-09T17:05:30Z,is_foreign,1,bool,fda.refusals.backfill,raw/fda.refusals.backfill/2026/09/20260909T170530Z-bdd810c4ed3d.json.gz,1
fda.refusals.backfill,firm:3021212279,2024-03-20,2026-09-09T17:05:30Z,is_human_drug,1,bool,fda.refusals.backfill,raw/fda.refusals.backfill/2026/09/20260909T170530Z-bdd810c4ed3d.json.gz,1
fda.refusals.backfill,firm:3021212279,2024-03-20,2026-09-09T17:05:30Z,label,GLAXOSMITHKLINE,,fda.refusals.backfill,raw/fda.refusals.backfill/2026/09/20260909T170530Z-bdd810c4ed3d.json.gz,1
fda.refusals.backfill,firm:3021212279,2024-03-20,2026-09-09T17:05:30Z,refused_at,20240320,yyyymmdd,fda.refusals.backfill,raw/fda.refusals.backfill/2026/09/20260909T170530Z-bdd810c4ed3d.json.gz,1
fda.refusals.backfill,firm:3021337229,2024-03-05,2026-09-09T17:05:30Z,firm_key,LIFE GEM MEDI HEALTH CARE,,fda.refusals.backfill,raw/fda.refusals.backfill/2026/09/20260909T170530Z-bdd810c4ed3d.json.gz,1
fda.refusals.backfill,firm:3021337229,2024-03-05,2026-09-09T17:05:30Z,import_refusal,1,count,fda.refusals.backfill,raw/fda.refusals.backfill/2026/09/20260909T170530Z-bdd810c4ed3d.json.gz,1
fda.refusals.backfill,firm:3021337229,2024-03-05,2026-09-09T17:05:30Z,is_drug_or_biologic,1,bool,fda.refusals.backfill,raw/fda.refusals.backfill/2026/09/20260909T170530Z-bdd810c4ed3d.json.gz,1
fda.refusals.backfill,firm:3021337229,2024-03-05,2026-09-09T17:05:30Z,is_foreign,1,bool,fda.refusals.backfill,raw/fda.refusals.backfill/2026/09/20260909T170530Z-bdd810c4ed3d.json.gz,1
fda.refusals.backfill,firm:3021337229,2024-03-05,2026-09-09T17:05:30Z,is_human_drug,0,bool,fda.refusals.backfill,raw/fda.refusals.backfill/2026/09/20260909T170530Z-bdd810c4ed3d.json.gz,1
fda.refusals.backfill,firm:3021337229,2024-03-05,2026-09-09T17:05:30Z,label,LIFE GEM MEDI HEALTH CARE,,fda.refusals.backfill,raw/fda.refusals.backfill/2026/09/20260909T170530Z-bdd810c4ed3d.json.gz,1
fda.refusals.backfill,firm:3021337229,2024-03-05,2026-09-09T17:05:30Z,refused_at,20240305,yyyymmdd,fda.refusals.backfill,raw/fda.refusals.backfill/2026/09/20260909T170530Z-bdd810c4ed3d.json.gz,1
fda.refusals.backfill,firm:3021568130,2024-03-08,2026-09-09T17:05:30Z,firm_key,NEOLPHARMA DE CV,,fda.refusals.backfill,raw/fda.refusals.backfill/2026/09/20260909T170530Z-bdd810c4ed3d.json.gz,1
fda.refusals.backfill,firm:3021568130,2024-03-08,2026-09-09T17:05:30Z,import_refusal,1,count,fda.refusals.backfill,raw/fda.refusals.backfill/2026/09/20260909T170530Z-bdd810c4ed3d.json.gz,1
fda.refusals.backfill,firm:3021568130,2024-03-08,2026-09-09T17:05:30Z,is_drug_or_biologic,1,bool,fda.refusals.backfill,raw/fda.refusals.backfill/2026/09/20260909T170530Z-bdd810c4ed3d.json.gz,1
fda.refusals.backfill,firm:3021568130,2024-03-08,2026-09-09T17:05:30Z,is_foreign,1,bool,fda.refusals.backfill,raw/fda.refusals.backfill/2026/09/20260909T170530Z-bdd810c4ed3d.json.gz,1
fda.refusals.backfill,firm:3021568130,2024-03-08,2026-09-09T17:05:30Z,is_human_drug,1,bool,fda.refusals.backfill,raw/fda.refusals.backfill/2026/09/20260909T170530Z-bdd810c4ed3d.json.gz,1
fda.refusals.backfill,firm:3021568130,2024-03-08,2026-09-09T17:05:30Z,label,NEOLPHARMA SA DE CV,,fda.refusals.backfill,raw/fda.refusals.backfill/2026/09/20260909T170530Z-bdd810c4ed3d.json.gz,1
fda.refusals.backfill,firm:3021568130,2024-03-08,2026-09-09T17:05:30Z,refused_at,20240308,yyyymmdd,fda.refusals.backfill,raw/fda.refusals.backfill/2026/09/20260909T170530Z-bdd810c4ed3d.json.gz,1
fda.refusals.backfill,firm:3021937300,2024-03-13,2026-09-09T17:05:30Z,firm_key,NEOPHARMA DE CV,,fda.refusals.backfill,raw/fda.refusals.backfill/2026/09/20260909T170530Z-bdd810c4ed3d.json.gz,1
fda.refusals.backfill,firm:3021937300,2024-03-13,2026-09-09T17:05:30Z,import_refusal,1,count,fda.refusals.backfill,raw/fda.refusals.backfill/2026/09/20260909T170530Z-bdd810c4ed3d.json.gz,1
fda.refusals.backfill,firm:3021937300,2024-03-13,2026-09-09T17:05:30Z,is_drug_or_biologic,1,bool,fda.refusals.backfill,raw/fda.refusals.backfill/2026/09/20260909T170530Z-bdd810c4ed3d.json.gz,1
fda.refusals.backfill,firm:3021937300,2024-03-13,2026-09-09T17:05:30Z,is_foreign,1,bool,fda.refusals.backfill,raw/fda.refusals.backfill/2026/09/20260909T170530Z-bdd810c4ed3d.json.gz,1
fda.refusals.backfill,firm:3021937300,2024-03-13,2026-09-09T17:05:30Z,is_human_drug,1,bool,fda.refusals.backfill,raw/fda.refusals.backfill/2026/09/20260909T170530Z-bdd810c4ed3d.json.gz,1
fda.refusals.backfill,firm:3021937300,2024-03-13,2026-09-09T17:05:30Z,label,NEOPHARMA SA DE CV,,fda.refusals.backfill,raw/fda.refusals.backfill/2026/09/20260909T170530Z-bdd810c4ed3d.json.gz,1
fda.refusals.backfill,firm:3021937300,2024-03-13,2026-09-09T17:05:30Z,refused_at,20240313,yyyymmdd,fda.refusals.backfill,raw/fda.refusals.backfill/2026/09/20260909T170530Z-bdd810c4ed3d.json.gz,1
fda.refusals.backfill,firm:3022306937,2024-03-14,2026-09-09T17:05:30Z,firm_key,RESEARCH GENETIC CANCER CENTER,,fda.refusals.backfill,raw/fda.refusals.backfill/2026/09/20260909T170530Z-bdd810c4ed3d.json.gz,1
fda.refusals.backfill,firm:3022306937,2024-03-14,2026-09-09T17:05:30Z,import_refusal,1,count,fda.refusals.backfill,raw/fda.refusals.backfill/2026/09/20260909T170530Z-bdd810c4ed3d.json.gz,1
fda.refusals.backfill,firm:3022306937,2024-03-14,2026-09-09T17:05:30Z,is_drug_or_biologic,1,bool,fda.refusals.backfill,raw/fda.refusals.backfill/2026/09/20260909T170530Z-bdd810c4ed3d.json.gz,1
fda.refusals.backfill,firm:3022306937,2024-03-14,2026-09-09T17:05:30Z,is_foreign,1,bool,fda.refusals.backfill,raw/fda.refusals.backfill/2026/09/20260909T170530Z-bdd810c4ed3d.json.gz,1
fda.refusals.backfill,firm:3022306937,2024-03-14,2026-09-09T17:05:30Z,is_human_drug,0,bool,fda.refusals.backfill,raw/fda.refusals.backfill/2026/09/20260909T170530Z-bdd810c4ed3d.json.gz,1
fda.refusals.backfill,firm:3022306937,2024-03-14,2026-09-09T17:05:30Z,label,RESEARCH GENETIC CANCER CENTER,,fda.refusals.backfill,raw/fda.refusals.backfill/2026/09/20260909T170530Z-bdd810c4ed3d.json.gz,1
fda.refusals.backfill,firm:3022306937,2024-03-14,2026-09-09T17:05:30Z,refused_at,20240314,yyyymmdd,fda.refusals.backfill,raw/fda.refusals.backfill/2026/09/20260909T170530Z-bdd810c4ed3d.json.gz,1
fda.refusals.backfill,firm:3022485057,2024-03-27,2026-09-09T17:05:30Z,firm_key,VOCALZONE,,fda.refusals.backfill,raw/fda.refusals.backfill/2026/09/20260909T170530Z-bdd810c4ed3d.json.gz,1
fda.refusals.backfill,firm:3022485057,2024-03-27,2026-09-09T17:05:30Z,import_refusal,1,count,fda.refusals.backfill,raw/fda.refusals.backfill/2026/09/20260909T170530Z-bdd810c4ed3d.json.gz,1
fda.refusals.backfill,firm:3022485057,2024-03-27,2026-09-09T17:05:30Z,is_drug_or_biologic,1,bool,fda.refusals.backfill,raw/fda.refusals.backfill/2026/09/20260909T170530Z-bdd810c4ed3d.json.gz,1
fda.refusals.backfill,firm:3022485057,2024-03-27,2026-09-09T17:05:30Z,is_foreign,1,bool,fda.refusals.backfill,raw/fda.refusals.backfill/2026/09/20260909T170530Z-bdd810c4ed3d.json.gz,1
fda.refusals.backfill,firm:3022485057,2024-03-27,2026-09-09T17:05:30Z,is_human_drug,1,bool,fda.refusals.backfill,raw/fda.refusals.backfill/2026/09/20260909T170530Z-bdd810c4ed3d.json.gz,1
fda.refusals.backfill,firm:3022485057,2024-03-27,2026-09-09T17:05:30Z,label,VOCALZONE,,fda.refusals.backfill,raw/fda.refusals.backfill/2026/09/20260909T170530Z-bdd810c4ed3d.json.gz,1
fda.refusals.backfill,firm:3022485057,2024-03-27,2026-09-09T17:05:30Z,refused_at,20240327,yyyymmdd,fda.refusals.backfill,raw/fda.refusals.backfill/2026/09/20260909T170530Z-bdd810c4ed3d.json.gz,1
fda.refusals.backfill,firm:3022555927,2024-03-14,2026-09-09T17:05:30Z,firm_key,RGCC,,fda.refusals.backfill,raw/fda.refusals.backfill/2026/09/20260909T170530Z-bdd810c4ed3d.json.gz,1
fda.refusals.backfill,firm:3022555927,2024-03-14,2026-09-09T17:05:30Z,import_refusal,1,count,fda.refusals.backfill,raw/fda.refusals.backfill/2026/09/20260909T170530Z-bdd810c4ed3d.json.gz,1
fda.refusals.backfill,firm:3022555927,2024-03-14,2026-09-09T17:05:30Z,is_drug_or_biologic,1,bool,fda.refusals.backfill,raw/fda.refusals.backfill/2026/09/20260909T170530Z-bdd810c4ed3d.json.gz,1
fda.refusals.backfill,firm:3022555927,2024-03-14,2026-09-09T17:05:30Z,is_foreign,1,bool,fda.refusals.backfill,raw/fda.refusals.backfill/2026/09/20260909T170530Z-bdd810c4ed3d.json.gz,1
fda.refusals.backfill,firm:3022555927,2024-03-14,2026-09-09T17:05:30Z,is_human_drug,1,bool,fda.refusals.backfill,raw/fda.refusals.backfill/2026/09/20260909T170530Z-bdd810c4ed3d.json.gz,1
fda.refusals.backfill,firm:3022555927,2024-03-14,2026-09-09T17:05:30Z,label,RGCC SA,,fda.refusals.backfill,raw/fda.refusals.backfill/2026/09/20260909T170530Z-bdd810c4ed3d.json.gz,1
fda.refusals.backfill,firm:3022555927,2024-03-14,2026-09-09T17:05:30Z,refused_at,20240314,yyyymmdd,fda.refusals.backfill,raw/fda.refusals.backfill/2026/09/20260909T170530Z-bdd810c4ed3d.json.gz,1
fda.refusals.backfill,firm:3023724177,2024-03-25,2026-09-09T17:05:30Z,firm_key,HIKMA ALGERIE,,fda.refusals.backfill,raw/fda.refusals.backfill/2026/09/20260909T170530Z-bdd810c4ed3d.json.gz,1
fda.refusals.backfill,firm:3023724177,2024-03-25,2026-09-09T17:05:30Z,import_refusal,1,count,fda.refusals.backfill,raw/fda.refusals.backfill/2026/09/20260909T170530Z-bdd810c4ed3d.json.gz,1
fda.refusals.backfill,firm:3023724177,2024-03-25,2026-09-09T17:05:30Z,is_drug_or_biologic,1,bool,fda.refusals.backfill,raw/fda.refusals.backfill/2026/09/20260909T170530Z-bdd810c4ed3d.json.gz,1
fda.refusals.backfill,firm:3023724177,2024-03-25,2026-09-09T17:05:30Z,is_foreign,1,bool,fda.refusals.backfill,raw/fda.refusals.backfill/2026/09/20260909T170530Z-bdd810c4ed3d.json.gz,1
fda.refusals.backfill,firm:3023724177,2024-03-25,2026-09-09T17:05:30Z,is_human_drug,0,bool,fda.refusals.backfill,raw/fda.refusals.backfill/2026/09/20260909T170530Z-bdd810c4ed3d.json.gz,1
fda.refusals.backfill,firm:3023724177,2024-03-25,2026-09-09T17:05:30Z,label,HIKMA PHARMA ALGERIE,,fda.refusals.backfill,raw/fda.refusals.backfill/2026/09/20260909T170530Z-bdd810c4ed3d.json.gz,1
fda.refusals.backfill,firm:3023724177,2024-03-25,2026-09-09T17:05:30Z,refused_at,20240325,yyyymmdd,fda.refusals.backfill,raw/fda.refusals.backfill/2026/09/20260909T170530Z-bdd810c4ed3d.json.gz,1
fda.refusals.backfill,firm:3024817641,2024-03-05,2026-09-09T17:05:30Z,firm_key,PUROBIEN LIFE SCIENCES,,fda.refusals.backfill,raw/fda.refusals.backfill/2026/09/20260909T170530Z-bdd810c4ed3d.json.gz,1
fda.refusals.backfill,firm:3024817641,2024-03-05,2026-09-09T17:05:30Z,import_refusal,1,count,fda.refusals.backfill,raw/fda.refusals.backfill/2026/09/20260909T170530Z-bdd810c4ed3d.json.gz,1
fda.refusals.backfill,firm:3024817641,2024-03-05,2026-09-09T17:05:30Z,is_drug_or_biologic,1,bool,fda.refusals.backfill,raw/fda.refusals.backfill/2026/09/20260909T170530Z-bdd810c4ed3d.json.gz,1
fda.refusals.backfill,firm:3024817641,2024-03-05,2026-09-09T17:05:30Z,is_foreign,1,bool,fda.refusals.backfill,raw/fda.refusals.backfill/2026/09/20260909T170530Z-bdd810c4ed3d.json.gz,1
fda.refusals.backfill,firm:3024817641,2024-03-05,2026-09-09T17:05:30Z,is_human_drug,1,bool,fda.refusals.backfill,raw/fda.refusals.backfill/2026/09/20260909T170530Z-bdd810c4ed3d.json.gz,1
fda.refusals.backfill,firm:3024817641,2024-03-05,2026-09-09T17:05:30Z,label,PUROBIEN LIFE SCIENCES,,fda.refusals.backfill,raw/fda.refusals.backfill/2026/09/20260909T170530Z-bdd810c4ed3d.json.gz,1
fda.refusals.backfill,firm:3024817641,2024-03-05,2026-09-09T17:05:30Z,refused_at,20240305,yyyymmdd,fda.refusals.backfill,raw/fda.refusals.backfill/2026/09/20260909T170530Z-bdd810c4ed3d.json.gz,1
fda.refusals.backfill,firm:3025637756,2024-03-05,2026-09-09T17:05:30Z,firm_key,AUROMEDICS,,fda.refusals.backfill,raw/fda.refusals.backfill/2026/09/20260909T170530Z-bdd810c4ed3d.json.gz,1
fda.refusals.backfill,firm:3025637756,2024-03-05,2026-09-09T17:05:30Z,import_refusal,1,count,fda.refusals.backfill,raw/fda.refusals.backfill/2026/09/20260909T170530Z-bdd810c4ed3d.json.gz,1
fda.refusals.backfill,firm:3025637756,2024-03-05,2026-09-09T17:05:30Z,is_drug_or_biologic,1,bool,fda.refusals.backfill,raw/fda.refusals.backfill/2026/09/20260909T170530Z-bdd810c4ed3d.json.gz,1
fda.refusals.backfill,firm:3025637756,2024-03-05,2026-09-09T17:05:30Z,is_foreign,0,bool,fda.refusals.backfill,raw/fda.refusals.backfill/2026/09/20260909T170530Z-bdd810c4ed3d.json.gz,1
fda.refusals.backfill,firm:3025637756,2024-03-05,2026-09-09T17:05:30Z,is_human_drug,1,bool,fda.refusals.backfill,raw/fda.refusals.backfill/2026/09/20260909T170530Z-bdd810c4ed3d.json.gz,1
fda.refusals.backfill,firm:3025637756,2024-03-05,2026-09-09T17:05:30Z,label,AUROMEDICS PHARMA LLC,,fda.refusals.backfill,raw/fda.refusals.backfill/2026/09/20260909T170530Z-bdd810c4ed3d.json.gz,1
fda.refusals.backfill,firm:3025637756,2024-03-05,2026-09-09T17:05:30Z,refused_at,20240305,yyyymmdd,fda.refusals.backfill,raw/fda.refusals.backfill/2026/09/20260909T170530Z-bdd810c4ed3d.json.gz,1
fda.refusals.backfill,firm:3026962410,2024-03-05,2026-09-09T17:05:30Z,firm_key,MYLAN,,fda.refusals.backfill,raw/fda.refusals.backfill/2026/09/20260909T170530Z-bdd810c4ed3d.json.gz,1
fda.refusals.backfill,firm:3026962410,2024-03-05,2026-09-09T17:05:30Z,import_refusal,1,count,fda.refusals.backfill,raw/fda.refusals.backfill/2026/09/20260909T170530Z-bdd810c4ed3d.json.gz,1
fda.refusals.backfill,firm:3026962410,2024-03-05,2026-09-09T17:05:30Z,is_drug_or_biologic,1,bool,fda.refusals.backfill,raw/fda.refusals.backfill/2026/09/20260909T170530Z-bdd810c4ed3d.json.gz,1
fda.refusals.backfill,firm:3026962410,2024-03-05,2026-09-09T17:05:30Z,is_foreign,1,bool,fda.refusals.backfill,raw/fda.refusals.backfill/2026/09/20260909T170530Z-bdd810c4ed3d.json.gz,1
fda.refusals.backfill,firm:3026962410,2024-03-05,2026-09-09T17:05:30Z,is_human_drug,1,bool,fda.refusals.backfill,raw/fda.refusals.backfill/2026/09/20260909T170530Z-bdd810c4ed3d.json.gz,1
fda.refusals.backfill,firm:3026962410,2024-03-05,2026-09-09T17:05:30Z,label,MYLAN PHARMACEUTICALS,,fda.refusals.backfill,raw/fda.refusals.backfill/2026/09/20260909T170530Z-bdd810c4ed3d.json.gz,1
fda.refusals.backfill,firm:3026962410,2024-03-05,2026-09-09T17:05:30Z,refused_at,20240305,yyyymmdd,fda.refusals.backfill,raw/fda.refusals.backfill/2026/09/20260909T170530Z-bdd810c4ed3d.json.gz,1
fda.refusals.backfill,firm:3027305551,2024-03-04,2026-09-09T17:05:30Z,firm_key,W K BUCKLEY,,fda.refusals.backfill,raw/fda.refusals.backfill/2026/09/20260909T170530Z-bdd810c4ed3d.json.gz,1
fda.refusals.backfill,firm:3027305551,2024-03-04,2026-09-09T17:05:30Z,import_refusal,1,count,fda.refusals.backfill,raw/fda.refusals.backfill/2026/09/20260909T170530Z-bdd810c4ed3d.json.gz,1
fda.refusals.backfill,firm:3027305551,2024-03-04,2026-09-09T17:05:30Z,is_drug_or_biologic,1,bool,fda.refusals.backfill,raw/fda.refusals.backfill/2026/09/20260909T170530Z-bdd810c4ed3d.json.gz,1
fda.refusals.backfill,firm:3027305551,2024-03-04,2026-09-09T17:05:30Z,is_foreign,1,bool,fda.refusals.backfill,raw/fda.refusals.backfill/2026/09/20260909T170530Z-bdd810c4ed3d.json.gz,1
fda.refusals.backfill,firm:3027305551,2024-03-04,2026-09-09T17:05:30Z,is_human_drug,1,bool,fda.refusals.backfill,raw/fda.refusals.backfill/2026/09/20260909T170530Z-bdd810c4ed3d.json.gz,1
fda.refusals.backfill,firm:3027305551,2024-03-04,2026-09-09T17:05:30Z,label,W K BUCKLEY,,fda.refusals.backfill,raw/fda.refusals.backfill/2026/09/20260909T170530Z-bdd810c4ed3d.json.gz,1
fda.refusals.backfill,firm:3027305551,2024-03-04,2026-09-09T17:05:30Z,refused_at,20240304,yyyymmdd,fda.refusals.backfill,raw/fda.refusals.backfill/2026/09/20260909T170530Z-bdd810c4ed3d.json.gz,1
fda.refusals.backfill,firm:3027813502,2024-03-05,2026-09-09T17:05:30Z,firm_key,UNIPHARM,,fda.refusals.backfill,raw/fda.refusals.backfill/2026/09/20260909T170530Z-bdd810c4ed3d.json.gz,1
fda.refusals.backfill,firm:3027813502,2024-03-05,2026-09-09T17:05:30Z,import_refusal,1,count,fda.refusals.backfill,raw/fda.refusals.backfill/2026/09/20260909T170530Z-bdd810c4ed3d.json.gz,1
fda.refusals.backfill,firm:3027813502,2024-03-05,2026-09-09T17:05:30Z,is_drug_or_biologic,1,bool,fda.refusals.backfill,raw/fda.refusals.backfill/2026/09/20260909T170530Z-bdd810c4ed3d.json.gz,1
fda.refusals.backfill,firm:3027813502,2024-03-05,2026-09-09T17:05:30Z,is_foreign,1,bool,fda.refusals.backfill,raw/fda.refusals.backfill/2026/09/20260909T170530Z-bdd810c4ed3d.json.gz,1
fda.refusals.backfill,firm:3027813502,2024-03-05,2026-09-09T17:05:30Z,is_human_drug,1,bool,fda.refusals.backfill,raw/fda.refusals.backfill/2026/09/20260909T170530Z-bdd810c4ed3d.json.gz,1
fda.refusals.backfill,firm:3027813502,2024-03-05,2026-09-09T17:05:30Z,label,LABORATORIES UNIPHARM,,fda.refusals.backfill,raw/fda.refusals.backfill/2026/09/20260909T170530Z-bdd810c4ed3d.json.gz,1
fda.refusals.backfill,firm:3027813502,2024-03-05,2026-09-09T17:05:30Z,refused_at,20240305,yyyymmdd,fda.refusals.backfill,raw/fda.refusals.backfill/2026/09/20260909T170530Z-bdd810c4ed3d.json.gz,1
fda.refusals.backfill,firm:3027969853,2024-03-26,2026-09-09T17:05:30Z,firm_key,HECHO EN MEXICO POR LABORATORIOS,,fda.refusals.backfill,raw/fda.refusals.backfill/2026/09/20260909T170530Z-bdd810c4ed3d.json.gz,1
fda.refusals.backfill,firm:3027969853,2024-03-26,2026-09-09T17:05:30Z,import_refusal,1,count,fda.refusals.backfill,raw/fda.refusals.backfill/2026/09/20260909T170530Z-bdd810c4ed3d.json.gz,1
fda.refusals.backfill,firm:3027969853,2024-03-26,2026-09-09T17:05:30Z,is_drug_or_biologic,1,bool,fda.refusals.backfill,raw/fda.refusals.backfill/2026/09/20260909T170530Z-bdd810c4ed3d.json.gz,1
fda.refusals.backfill,firm:3027969853,2024-03-26,2026-09-09T17:05:30Z,is_foreign,1,bool,fda.refusals.backfill,raw/fda.refusals.backfill/2026/09/20260909T170530Z-bdd810c4ed3d.json.gz,1
fda.refusals.backfill,firm:3027969853,2024-03-26,2026-09-09T17:05:30Z,is_human_drug,1,bool,fda.refusals.backfill,raw/fda.refusals.backfill/2026/09/20260909T170530Z-bdd810c4ed3d.json.gz,1
fda.refusals.backfill,firm:3027969853,2024-03-26,2026-09-09T17:05:30Z,label,HECHO EN MEXICO POR LABORATORIOS,,fda.refusals.backfill,raw/fda.refusals.backfill/2026/09/20260909T170530Z-bdd810c4ed3d.json.gz,1
fda.refusals.backfill,firm:3027969853,2024-03-26,2026-09-09T17:05:30Z,refused_at,20240326,yyyymmdd,fda.refusals.backfill,raw/fda.refusals.backfill/2026/09/20260909T170530Z-bdd810c4ed3d.json.gz,1
fda.refusals.backfill,firm:3027973558,2024-03-29,2026-09-09T17:05:30Z,firm_key,ZHEJIANG DONGRI C,,fda.refusals.backfill,raw/fda.refusals.backfill/2026/09/20260909T170530Z-bdd810c4ed3d.json.gz,1
fda.refusals.backfill,firm:3027973558,2024-03-29,2026-09-09T17:05:30Z,import_refusal,1,count,fda.refusals.backfill,raw/fda.refusals.backfill/2026/09/20260909T170530Z-bdd810c4ed3d.json.gz,1
fda.refusals.backfill,firm:3027973558,2024-03-29,2026-09-09T17:05:30Z,is_drug_or_biologic,1,bool,fda.refusals.backfill,raw/fda.refusals.backfill/2026/09/20260909T170530Z-bdd810c4ed3d.json.gz,1
fda.refusals.backfill,firm:3027973558,2024-03-29,2026-09-09T17:05:30Z,is_foreign,1,bool,fda.refusals.backfill,raw/fda.refusals.backfill/2026/09/20260909T170530Z-bdd810c4ed3d.json.gz,1
fda.refusals.backfill,firm:3027973558,2024-03-29,2026-09-09T17:05:30Z,is_human_drug,0,bool,fda.refusals.backfill,raw/fda.refusals.backfill/2026/09/20260909T170530Z-bdd810c4ed3d.json.gz,1
fda.refusals.backfill,firm:3027973558,2024-03-29,2026-09-09T17:05:30Z,label,ZHEJIANG DONGRI PHARMACEUTICAL C,,fda.refusals.backfill,raw/fda.refusals.backfill/2026/09/20260909T170530Z-bdd810c4ed3d.json.gz,1
fda.refusals.backfill,firm:3027973558,2024-03-29,2026-09-09T17:05:30Z,refused_at,20240329,yyyymmdd,fda.refusals.backfill,raw/fda.refusals.backfill/2026/09/20260909T170530Z-bdd810c4ed3d.json.gz,1
fda.refusals.backfill,firm:3028704092,2024-03-04,2026-09-09T17:05:30Z,firm_key,CENTRAL WATSAN,,fda.refusals.backfill,raw/fda.refusals.backfill/2026/09/20260909T170530Z-bdd810c4ed3d.json.gz,1
fda.refusals.backfill,firm:3028704092,2024-03-04,2026-09-09T17:05:30Z,import_refusal,1,count,fda.refusals.backfill,raw/fda.refusals.backfill/2026/09/20260909T170530Z-bdd810c4ed3d.json.gz,1
fda.refusals.backfill,firm:3028704092,2024-03-04,2026-09-09T17:05:30Z,is_drug_or_biologic,1,bool,fda.refusals.backfill,raw/fda.refusals.backfill/2026/09/20260909T170530Z-bdd810c4ed3d.json.gz,1
fda.refusals.backfill,firm:3028704092,2024-03-04,2026-09-09T17:05:30Z,is_foreign,1,bool,fda.refusals.backfill,raw/fda.refusals.backfill/2026/09/20260909T170530Z-bdd810c4ed3d.json.gz,1
fda.refusals.backfill,firm:3028704092,2024-03-04,2026-09-09T17:05:30Z,is_human_drug,1,bool,fda.refusals.backfill,raw/fda.refusals.backfill/2026/09/20260909T170530Z-bdd810c4ed3d.json.gz,1
fda.refusals.backfill,firm:3028704092,2024-03-04,2026-09-09T17:05:30Z,label,CENTRAL WATSAN COMPANY LTD,,fda.refusals.backfill,raw/fda.refusals.backfill/2026/09/20260909T170530Z-bdd810c4ed3d.json.gz,1
fda.refusals.backfill,firm:3028704092,2024-03-04,2026-09-09T17:05:30Z,refused_at,20240304,yyyymmdd,fda.refusals.backfill,raw/fda.refusals.backfill/2026/09/20260909T170530Z-bdd810c4ed3d.json.gz,1
fda.refusals.backfill,firm:3029072117,2024-03-12,2026-09-09T17:05:30Z,firm_key,WINTECH,,fda.refusals.backfill,raw/fda.refusals.backfill/2026/09/20260909T170530Z-bdd810c4ed3d.json.gz,1
fda.refusals.backfill,firm:3029072117,2024-03-12,2026-09-09T17:05:30Z,import_refusal,1,count,fda.refusals.backfill,raw/fda.refusals.backfill/2026/09/20260909T170530Z-bdd810c4ed3d.json.gz,1
fda.refusals.backfill,firm:3029072117,2024-03-12,2026-09-09T17:05:30Z,is_drug_or_biologic,1,bool,fda.refusals.backfill,raw/fda.refusals.backfill/2026/09/20260909T170530Z-bdd810c4ed3d.json.gz,1
fda.refusals.backfill,firm:3029072117,2024-03-12,2026-09-09T17:05:30Z,is_foreign,1,bool,fda.refusals.backfill,raw/fda.refusals.backfill/2026/09/20260909T170530Z-bdd810c4ed3d.json.gz,1
fda.refusals.backfill,firm:3029072117,2024-03-12,2026-09-09T17:05:30Z,is_human_drug,1,bool,fda.refusals.backfill,raw/fda.refusals.backfill/2026/09/20260909T170530Z-bdd810c4ed3d.json.gz,1
fda.refusals.backfill,firm:3029072117,2024-03-12,2026-09-09T17:05:30Z,label,WINTECH PHARMACEUTICALS LTD,,fda.refusals.backfill,raw/fda.refusals.backfill/2026/09/20260909T170530Z-bdd810c4ed3d.json.gz,1
fda.refusals.backfill,firm:3029072117,2024-03-12,2026-09-09T17:05:30Z,refused_at,20240312,yyyymmdd,fda.refusals.backfill,raw/fda.refusals.backfill/2026/09/20260909T170530Z-bdd810c4ed3d.json.gz,1
fda.refusals.backfill,firm:3029120594,2024-03-08,2026-09-09T17:05:30Z,firm_key,NOVAG INFANCE DE CV,,fda.refusals.backfill,raw/fda.refusals.backfill/2026/09/20260909T170530Z-bdd810c4ed3d.json.gz,1
fda.refusals.backfill,firm:3029120594,2024-03-08,2026-09-09T17:05:30Z,import_refusal,1,count,fda.refusals.backfill,raw/fda.refusals.backfill/2026/09/20260909T170530Z-bdd810c4ed3d.json.gz,1
fda.refusals.backfill,firm:3029120594,2024-03-08,2026-09-09T17:05:30Z,is_drug_or_biologic,1,bool,fda.refusals.backfill,raw/fda.refusals.backfill/2026/09/20260909T170530Z-bdd810c4ed3d.json.gz,1
fda.refusals.backfill,firm:3029120594,2024-03-08,2026-09-09T17:05:30Z,is_foreign,1,bool,fda.refusals.backfill,raw/fda.refusals.backfill/2026/09/20260909T170530Z-bdd810c4ed3d.json.gz,1
fda.refusals.backfill,firm:3029120594,2024-03-08,2026-09-09T17:05:30Z,is_human_drug,1,bool,fda.refusals.backfill,raw/fda.refusals.backfill/2026/09/20260909T170530Z-bdd810c4ed3d.json.gz,1
fda.refusals.backfill,firm:3029120594,2024-03-08,2026-09-09T17:05:30Z,label,NOVAG INFANCE SA DE CV,,fda.refusals.backfill,raw/fda.refusals.backfill/2026/09/20260909T170530Z-bdd810c4ed3d.json.gz,1
fda.refusals.backfill,firm:3029120594,2024-03-08,2026-09-09T17:05:30Z,refused_at,20240308,yyyymmdd,fda.refusals.backfill,raw/fda.refusals.backfill/2026/09/20260909T170530Z-bdd810c4ed3d.json.gz,1
fda.refusals.backfill,firm:3029528385,2024-03-19,2026-09-09T17:05:30Z,firm_key,RAM,,fda.refusals.backfill,raw/fda.refusals.backfill/2026/09/20260909T170530Z-bdd810c4ed3d.json.gz,1
fda.refusals.backfill,firm:3029528385,2024-03-19,2026-09-09T17:05:30Z,import_refusal,1,count,fda.refusals.backfill,raw/fda.refusals.backfill/2026/09/20260909T170530Z-bdd810c4ed3d.json.gz,1
fda.refusals.backfill,firm:3029528385,2024-03-19,2026-09-09T17:05:30Z,is_drug_or_biologic,1,bool,fda.refusals.backfill,raw/fda.refusals.backfill/2026/09/20260909T170530Z-bdd810c4ed3d.json.gz,1
fda.refusals.backfill,firm:3029528385,2024-03-19,2026-09-09T17:05:30Z,is_foreign,1,bool,fda.refusals.backfill,raw/fda.refusals.backfill/2026/09/20260909T170530Z-bdd810c4ed3d.json.gz,1
fda.refusals.backfill,firm:3029528385,2024-03-19,2026-09-09T17:05:30Z,is_human_drug,1,bool,fda.refusals.backfill,raw/fda.refusals.backfill/2026/09/20260909T170530Z-bdd810c4ed3d.json.gz,1
fda.refusals.backfill,firm:3029528385,2024-03-19,2026-09-09T17:05:30Z,label,RAM PHARMACEUTICAL CO LTD,,fda.refusals.backfill,raw/fda.refusals.backfill/2026/09/20260909T170530Z-bdd810c4ed3d.json.gz,1
fda.refusals.backfill,firm:3029528385,2024-03-19,2026-09-09T17:05:30Z,refused_at,20240319,yyyymmdd,fda.refusals.backfill,raw/fda.refusals.backfill/2026/09/20260909T170530Z-bdd810c4ed3d.json.gz,1
fda.refusals.backfill,firm:3029767095,2024-03-27,2026-09-09T17:05:30Z,firm_key,FRANCICEA,,fda.refusals.backfill,raw/fda.refusals.backfill/2026/09/20260909T170530Z-bdd810c4ed3d.json.gz,1
fda.refusals.backfill,firm:3029767095,2024-03-27,2026-09-09T17:05:30Z,import_refusal,1,count,fda.refusals.backfill,raw/fda.refusals.backfill/2026/09/20260909T170530Z-bdd810c4ed3d.json.gz,1
fda.refusals.backfill,firm:3029767095,2024-03-27,2026-09-09T17:05:30Z,is_drug_or_biologic,1,bool,fda.refusals.backfill,raw/fda.refusals.backfill/2026/09/20260909T170530Z-bdd810c4ed3d.json.gz,1
fda.refusals.backfill,firm:3029767095,2024-03-27,2026-09-09T17:05:30Z,is_foreign,1,bool,fda.refusals.backfill,raw/fda.refusals.backfill/2026/09/20260909T170530Z-bdd810c4ed3d.json.gz,1
fda.refusals.backfill,firm:3029767095,2024-03-27,2026-09-09T17:05:30Z,is_human_drug,0,bool,fda.refusals.backfill,raw/fda.refusals.backfill/2026/09/20260909T170530Z-bdd810c4ed3d.json.gz,1
fda.refusals.backfill,firm:3029767095,2024-03-27,2026-09-09T17:05:30Z,label,FRANCICEA LTD,,fda.refusals.backfill,raw/fda.refusals.backfill/2026/09/20260909T170530Z-bdd810c4ed3d.json.gz,1
fda.refusals.backfill,firm:3029767095,2024-03-27,2026-09-09T17:05:30Z,refused_at,20240327,yyyymmdd,fda.refusals.backfill,raw/fda.refusals.backfill/2026/09/20260909T170530Z-bdd810c4ed3d.json.gz,1
fda.refusals.backfill,firm:3029828190,2024-03-08,2026-09-09T17:05:30Z,firm_key,MANKIND,,fda.refusals.backfill,raw/fda.refusals.backfill/2026/09/20260909T170530Z-bdd810c4ed3d.json.gz,1
fda.refusals.backfill,firm:3029828190,2024-03-08,2026-09-09T17:05:30Z,import_refusal,1,count,fda.refusals.backfill,raw/fda.refusals.backfill/2026/09/20260909T170530Z-bdd810c4ed3d.json.gz,1
fda.refusals.backfill,firm:3029828190,2024-03-08,2026-09-09T17:05:30Z,is_drug_or_biologic,1,bool,fda.refusals.backfill,raw/fda.refusals.backfill/2026/09/20260909T170530Z-bdd810c4ed3d.json.gz,1
fda.refusals.backfill,firm:3029828190,2024-03-08,2026-09-09T17:05:30Z,is_foreign,1,bool,fda.refusals.backfill,raw/fda.refusals.backfill/2026/09/20260909T170530Z-bdd810c4ed3d.json.gz,1
fda.refusals.backfill,firm:3029828190,2024-03-08,2026-09-09T17:05:30Z,is_human_drug,1,bool,fda.refusals.backfill,raw/fda.refusals.backfill/2026/09/20260909T170530Z-bdd810c4ed3d.json.gz,1
fda.refusals.backfill,firm:3029828190,2024-03-08,2026-09-09T17:05:30Z,label,MANKIND PHARMA LTD,,fda.refusals.backfill,raw/fda.refusals.backfill/2026/09/20260909T170530Z-bdd810c4ed3d.json.gz,1
fda.refusals.backfill,firm:3029828190,2024-03-08,2026-09-09T17:05:30Z,refused_at,20240308,yyyymmdd,fda.refusals.backfill,raw/fda.refusals.backfill/2026/09/20260909T170530Z-bdd810c4ed3d.json.gz,1
fda.refusals.backfill,firm:3029903225,2024-03-08,2026-09-09T17:05:30Z,firm_key,BAYER DE MEXICO DE CV,,fda.refusals.backfill,raw/fda.refusals.backfill/2026/09/20260909T170530Z-bdd810c4ed3d.json.gz,1
fda.refusals.backfill,firm:3029903225,2024-03-08,2026-09-09T17:05:30Z,import_refusal,1,count,fda.refusals.backfill,raw/fda.refusals.backfill/2026/09/20260909T170530Z-bdd810c4ed3d.json.gz,1
fda.refusals.backfill,firm:3029903225,2024-03-08,2026-09-09T17:05:30Z,is_drug_or_biologic,1,bool,fda.refusals.backfill,raw/fda.refusals.backfill/2026/09/20260909T170530Z-bdd810c4ed3d.json.gz,1
fda.refusals.backfill,firm:3029903225,2024-03-08,2026-09-09T17:05:30Z,is_foreign,1,bool,fda.refusals.backfill,raw/fda.refusals.backfill/2026/09/20260909T170530Z-bdd810c4ed3d.json.gz,1
fda.refusals.backfill,firm:3029903225,2024-03-08,2026-09-09T17:05:30Z,is_human_drug,1,bool,fda.refusals.backfill,raw/fda.refusals.backfill/2026/09/20260909T170530Z-bdd810c4ed3d.json.gz,1
fda.refusals.backfill,firm:3029903225,2024-03-08,2026-09-09T17:05:30Z,label,BAYER DE MEXICO SA DE CV,,fda.refusals.backfill,raw/fda.refusals.backfill/2026/09/20260909T170530Z-bdd810c4ed3d.json.gz,1
fda.refusals.backfill,firm:3029903225,2024-03-08,2026-09-09T17:05:30Z,refused_at,20240308,yyyymmdd,fda.refusals.backfill,raw/fda.refusals.backfill/2026/09/20260909T170530Z-bdd810c4ed3d.json.gz,1
fda.refusals.backfill,firm:3030148760,2024-03-29,2026-09-09T17:05:30Z,firm_key,JB CHEMICALS AND PARMACEUTICALS,,fda.refusals.backfill,raw/fda.refusals.backfill/2026/09/20260909T170530Z-bdd810c4ed3d.json.gz,1
fda.refusals.backfill,firm:3030148760,2024-03-29,2026-09-09T17:05:30Z,import_refusal,1,count,fda.refusals.backfill,raw/fda.refusals.backfill/2026/09/20260909T170530Z-bdd810c4ed3d.json.gz,1
fda.refusals.backfill,firm:3030148760,2024-03-29,2026-09-09T17:05:30Z,is_drug_or_biologic,1,bool,fda.refusals.backfill,raw/fda.refusals.backfill/2026/09/20260909T170530Z-bdd810c4ed3d.json.gz,1
fda.refusals.backfill,firm:3030148760,2024-03-29,2026-09-09T17:05:30Z,is_foreign,1,bool,fda.refusals.backfill,raw/fda.refusals.backfill/2026/09/20260909T170530Z-bdd810c4ed3d.json.gz,1
fda.refusals.backfill,firm:3030148760,2024-03-29,2026-09-09T17:05:30Z,is_human_drug,1,bool,fda.refusals.backfill,raw/fda.refusals.backfill/2026/09/20260909T170530Z-bdd810c4ed3d.json.gz,1
fda.refusals.backfill,firm:3030148760,2024-03-29,2026-09-09T17:05:30Z,label,JB CHEMICALS AND PARMACEUTICALS,,fda.refusals.backfill,raw/fda.refusals.backfill/2026/09/20260909T170530Z-bdd810c4ed3d.json.gz,1
fda.refusals.backfill,firm:3030148760,2024-03-29,2026-09-09T17:05:30Z,refused_at,20240329,yyyymmdd,fda.refusals.backfill,raw/fda.refusals.backfill/2026/09/20260909T170530Z-bdd810c4ed3d.json.gz,1
fda.refusals.backfill,firm:3030156695,2024-03-13,2026-09-09T17:05:30Z,firm_key,HEALTHYLIFE CAPETOWN,,fda.refusals.backfill,raw/fda.refusals.backfill/2026/09/20260909T170530Z-bdd810c4ed3d.json.gz,1
fda.refusals.backfill,firm:3030156695,2024-03-13,2026-09-09T17:05:30Z,import_refusal,1,count,fda.refusals.backfill,raw/fda.refusals.backfill/2026/09/20260909T170530Z-bdd810c4ed3d.json.gz,1
fda.refusals.backfill,firm:3030156695,2024-03-13,2026-09-09T17:05:30Z,is_drug_or_biologic,1,bool,fda.refusals.backfill,raw/fda.refusals.backfill/2026/09/20260909T170530Z-bdd810c4ed3d.json.gz,1
fda.refusals.backfill,firm:3030156695,2024-03-13,2026-09-09T17:05:30Z,is_foreign,1,bool,fda.refusals.backfill,raw/fda.refusals.backfill/2026/09/20260909T170530Z-bdd810c4ed3d.json.gz,1
fda.refusals.backfill,firm:3030156695,2024-03-13,2026-09-09T17:05:30Z,is_human_drug,1,bool,fda.refusals.backfill,raw/fda.refusals.backfill/2026/09/20260909T170530Z-bdd810c4ed3d.json.gz,1
fda.refusals.backfill,firm:3030156695,2024-03-13,2026-09-09T17:05:30Z,label,HEALTHYLIFE CAPETOWN,,fda.refusals.backfill,raw/fda.refusals.backfill/2026/09/20260909T170530Z-bdd810c4ed3d.json.gz,1
fda.refusals.backfill,firm:3030156695,2024-03-13,2026-09-09T17:05:30Z,refused_at,20240313,yyyymmdd,fda.refusals.backfill,raw/fda.refusals.backfill/2026/09/20260909T170530Z-bdd810c4ed3d.json.gz,1
fda.refusals.backfill,firm:3030191204,2024-03-28,2026-09-09T17:05:30Z,firm_key,VIRGO UAP,,fda.refusals.backfill,raw/fda.refusals.backfill/2026/09/20260909T170530Z-bdd810c4ed3d.json.gz,1
fda.refusals.backfill,firm:3030191204,2024-03-28,2026-09-09T17:05:30Z,import_refusal,1,count,fda.refusals.backfill,raw/fda.refusals.backfill/2026/09/20260909T170530Z-bdd810c4ed3d.json.gz,1
fda.refusals.backfill,firm:3030191204,2024-03-28,2026-09-09T17:05:30Z,is_drug_or_biologic,1,bool,fda.refusals.backfill,raw/fda.refusals.backfill/2026/09/20260909T170530Z-bdd810c4ed3d.json.gz,1
fda.refusals.backfill,firm:3030191204,2024-03-28,2026-09-09T17:05:30Z,is_foreign,1,bool,fda.refusals.backfill,raw/fda.refusals.backfill/2026/09/20260909T170530Z-bdd810c4ed3d.json.gz,1
fda.refusals.backfill,firm:3030191204,2024-03-28,2026-09-09T17:05:30Z,is_human_drug,1,bool,fda.refusals.backfill,raw/fda.refusals.backfill/2026/09/20260909T170530Z-bdd810c4ed3d.json.gz,1
fda.refusals.backfill,firm:3030191204,2024-03-28,2026-09-09T17:05:30Z,label,VIRGO UAP PHARMA PVT LTD,,fda.refusals.backfill,raw/fda.refusals.backfill/2026/09/20260909T170530Z-bdd810c4ed3d.json.gz,1
fda.refusals.backfill,firm:3030191204,2024-03-28,2026-09-09T17:05:30Z,refused_at,20240328,yyyymmdd,fda.refusals.backfill,raw/fda.refusals.backfill/2026/09/20260909T170530Z-bdd810c4ed3d.json.gz,1
fda.refusals.backfill,firm:3030214719,2024-03-01,2026-09-09T17:05:30Z,firm_key,KANRU,,fda.refusals.backfill,raw/fda.refusals.backfill/2026/09/20260909T170530Z-bdd810c4ed3d.json.gz,1
fda.refusals.backfill,firm:3030214719,2024-03-01,2026-09-09T17:05:30Z,import_refusal,1,count,fda.refusals.backfill,raw/fda.refusals.backfill/2026/09/20260909T170530Z-bdd810c4ed3d.json.gz,1
fda.refusals.backfill,firm:3030214719,2024-03-01,2026-09-09T17:05:30Z,is_drug_or_biologic,1,bool,fda.refusals.backfill,raw/fda.refusals.backfill/2026/09/20260909T170530Z-bdd810c4ed3d.json.gz,1
fda.refusals.backfill,firm:3030214719,2024-03-01,2026-09-09T17:05:30Z,is_foreign,1,bool,fda.refusals.backfill,raw/fda.refusals.backfill/2026/09/20260909T170530Z-bdd810c4ed3d.json.gz,1
fda.refusals.backfill,firm:3030214719,2024-03-01,2026-09-09T17:05:30Z,is_human_drug,1,bool,fda.refusals.backfill,raw/fda.refusals.backfill/2026/09/20260909T170530Z-bdd810c4ed3d.json.gz,1
fda.refusals.backfill,firm:3030214719,2024-03-01,2026-09-09T17:05:30Z,label,KANRU,,fda.refusals.backfill,raw/fda.refusals.backfill/2026/09/20260909T170530Z-bdd810c4ed3d.json.gz,1
fda.refusals.backfill,firm:3030214719,2024-03-01,2026-09-09T17:05:30Z,refused_at,20240301,yyyymmdd,fda.refusals.backfill,raw/fda.refusals.backfill/2026/09/20260909T170530Z-bdd810c4ed3d.json.gz,1
fda.refusals.backfill,firm:3030252348,2024-03-13,2026-09-09T17:05:30Z,import_refusal,1,count,fda.refusals.backfill,raw/fda.refusals.backfill/2026/09/20260909T170530Z-bdd810c4ed3d.json.gz,1
fda.refusals.backfill,firm:3030252348,2024-03-13,2026-09-09T17:05:30Z,is_drug_or_biologic,1,bool,fda.refusals.backfill,raw/fda.refusals.backfill/2026/09/20260909T170530Z-bdd810c4ed3d.json.gz,1
fda.refusals.backfill,firm:3030252348,2024-03-13,2026-09-09T17:05:30Z,is_foreign,1,bool,fda.refusals.backfill,raw/fda.refusals.backfill/2026/09/20260909T170530Z-bdd810c4ed3d.json.gz,1
fda.refusals.backfill,firm:3030252348,2024-03-13,2026-09-09T17:05:30Z,is_human_drug,1,bool,fda.refusals.backfill,raw/fda.refusals.backfill/2026/09/20260909T170530Z-bdd810c4ed3d.json.gz,1
fda.refusals.backfill,firm:3030252348,2024-03-13,2026-09-09T17:05:30Z,label,PVT,,fda.refusals.backfill,raw/fda.refusals.backfill/2026/09/20260909T170530Z-bdd810c4ed3d.json.gz,1
fda.refusals.backfill,firm:3030252348,2024-03-13,2026-09-09T17:05:30Z,refused_at,20240313,yyyymmdd,fda.refusals.backfill,raw/fda.refusals.backfill/2026/09/20260909T170530Z-bdd810c4ed3d.json.gz,1
fda.refusals.backfill,firm:3030289190,2024-03-08,2026-09-09T17:05:30Z,firm_key,NUPER THERAPEUTICS A DIVISION OF,,fda.refusals.backfill,raw/fda.refusals.backfill/2026/09/20260909T170530Z-bdd810c4ed3d.json.gz,1
fda.refusals.backfill,firm:3030289190,2024-03-08,2026-09-09T17:05:30Z,import_refusal,1,count,fda.refusals.backfill,raw/fda.refusals.backfill/2026/09/20260909T170530Z-bdd810c4ed3d.json.gz,1
fda.refusals.backfill,firm:3030289190,2024-03-08,2026-09-09T17:05:30Z,is_drug_or_biologic,1,bool,fda.refusals.backfill,raw/fda.refusals.backfill/2026/09/20260909T170530Z-bdd810c4ed3d.json.gz,1
fda.refusals.backfill,firm:3030289190,2024-03-08,2026-09-09T17:05:30Z,is_foreign,1,bool,fda.refusals.backfill,raw/fda.refusals.backfill/2026/09/20260909T170530Z-bdd810c4ed3d.json.gz,1
fda.refusals.backfill,firm:3030289190,2024-03-08,2026-09-09T17:05:30Z,is_human_drug,1,bool,fda.refusals.backfill,raw/fda.refusals.backfill/2026/09/20260909T170530Z-bdd810c4ed3d.json.gz,1
fda.refusals.backfill,firm:3030289190,2024-03-08,2026-09-09T17:05:30Z,label,NUPER THERAPEUTICS A DIVISION OF,,fda.refusals.backfill,raw/fda.refusals.backfill/2026/09/20260909T170530Z-bdd810c4ed3d.json.gz,1
fda.refusals.backfill,firm:3030289190,2024-03-08,2026-09-09T17:05:30Z,refused_at,20240308,yyyymmdd,fda.refusals.backfill,raw/fda.refusals.backfill/2026/09/20260909T170530Z-bdd810c4ed3d.json.gz,1
fda.refusals.backfill,firm:3030300744,2024-03-04,2026-09-09T17:05:30Z,firm_key,ESTHEMIGGA,,fda.refusals.backfill,raw/fda.refusals.backfill/2026/09/20260909T170530Z-bdd810c4ed3d.json.gz,1
fda.refusals.backfill,firm:3030300744,2024-03-04,2026-09-09T17:05:30Z,import_refusal,1,count,fda.refusals.backfill,raw/fda.refusals.backfill/2026/09/20260909T170530Z-bdd810c4ed3d.json.gz,1
fda.refusals.backfill,firm:3030300744,2024-03-04,2026-09-09T17:05:30Z,is_drug_or_biologic,1,bool,fda.refusals.backfill,raw/fda.refusals.backfill/2026/09/20260909T170530Z-bdd810c4ed3d.json.gz,1
fda.refusals.backfill,firm:3030300744,2024-03-04,2026-09-09T17:05:30Z,is_foreign,1,bool,fda.refusals.backfill,raw/fda.refusals.backfill/2026/09/20260909T170530Z-bdd810c4ed3d.json.gz,1
fda.refusals.backfill,firm:3030300744,2024-03-04,2026-09-09T17:05:30Z,is_human_drug,1,bool,fda.refusals.backfill,raw/fda.refusals.backfill/2026/09/20260909T170530Z-bdd810c4ed3d.json.gz,1
fda.refusals.backfill,firm:3030300744,2024-03-04,2026-09-09T17:05:30Z,label,ESTHEMIGGA,,fda.refusals.backfill,raw/fda.refusals.backfill/2026/09/20260909T170530Z-bdd810c4ed3d.json.gz,1
fda.refusals.backfill,firm:3030300744,2024-03-04,2026-09-09T17:05:30Z,refused_at,20240304,yyyymmdd,fda.refusals.backfill,raw/fda.refusals.backfill/2026/09/20260909T170530Z-bdd810c4ed3d.json.gz,1
fda.refusals.backfill,firm:3030306057,2024-03-18,2026-09-09T17:05:30Z,firm_key,SHANGHAI YEQIANG TRADE,,fda.refusals.backfill,raw/fda.refusals.backfill/2026/09/20260909T170530Z-bdd810c4ed3d.json.gz,1
fda.refusals.backfill,firm:3030306057,2024-03-18,2026-09-09T17:05:30Z,import_refusal,1,count,fda.refusals.backfill,raw/fda.refusals.backfill/2026/09/20260909T170530Z-bdd810c4ed3d.json.gz,1
fda.refusals.backfill,firm:3030306057,2024-03-18,2026-09-09T17:05:30Z,is_drug_or_biologic,1,bool,fda.refusals.backfill,raw/fda.refusals.backfill/2026/09/20260909T170530Z-bdd810c4ed3d.json.gz,1
fda.refusals.backfill,firm:3030306057,2024-03-18,2026-09-09T17:05:30Z,is_foreign,1,bool,fda.refusals.backfill,raw/fda.refusals.backfill/2026/09/20260909T170530Z-bdd810c4ed3d.json.gz,1
fda.refusals.backfill,firm:3030306057,2024-03-18,2026-09-09T17:05:30Z,is_human_drug,1,bool,fda.refusals.backfill,raw/fda.refusals.backfill/2026/09/20260909T170530Z-bdd810c4ed3d.json.gz,1
fda.refusals.backfill,firm:3030306057,2024-03-18,2026-09-09T17:05:30Z,label,SHANGHAI YEQIANG TRADE CO.LTD,,fda.refusals.backfill,raw/fda.refusals.backfill/2026/09/20260909T170530Z-bdd810c4ed3d.json.gz,1
fda.refusals.backfill,firm:3030306057,2024-03-18,2026-09-09T17:05:30Z,refused_at,20240318,yyyymmdd,fda.refusals.backfill,raw/fda.refusals.backfill/2026/09/20260909T170530Z-bdd810c4ed3d.json.gz,1
fda.refusals.backfill,firm:3030339300,2024-03-13,2026-09-09T17:05:30Z,firm_key,CAPSULESTECNOFARMA DE CV,,fda.refusals.backfill,raw/fda.refusals.backfill/2026/09/20260909T170530Z-bdd810c4ed3d.json.gz,1
fda.refusals.backfill,firm:3030339300,2024-03-13,2026-09-09T17:05:30Z,import_refusal,1,count,fda.refusals.backfill,raw/fda.refusals.backfill/2026/09/20260909T170530Z-bdd810c4ed3d.json.gz,1
fda.refusals.backfill,firm:3030339300,2024-03-13,2026-09-09T17:05:30Z,is_drug_or_biologic,1,bool,fda.refusals.backfill,raw/fda.refusals.backfill/2026/09/20260909T170530Z-bdd810c4ed3d.json.gz,1
fda.refusals.backfill,firm:3030339300,2024-03-13,2026-09-09T17:05:30Z,is_foreign,1,bool,fda.refusals.backfill,raw/fda.refusals.backfill/2026/09/20260909T170530Z-bdd810c4ed3d.json.gz,1
fda.refusals.backfill,firm:3030339300,2024-03-13,2026-09-09T17:05:30Z,is_human_drug,1,bool,fda.refusals.backfill,raw/fda.refusals.backfill/2026/09/20260909T170530Z-bdd810c4ed3d.json.gz,1
fda.refusals.backfill,firm:3030339300,2024-03-13,2026-09-09T17:05:30Z,label,CAPSULESTECNOFARMA SA DE CV,,fda.refusals.backfill,raw/fda.refusals.backfill/2026/09/20260909T170530Z-bdd810c4ed3d.json.gz,1
fda.refusals.backfill,firm:3030339300,2024-03-13,2026-09-09T17:05:30Z,refused_at,20240313,yyyymmdd,fda.refusals.backfill,raw/fda.refusals.backfill/2026/09/20260909T170530Z-bdd810c4ed3d.json.gz,1
fda.refusals.backfill,firm:3030345182,2024-03-01,2026-09-09T17:05:30Z,firm_key,BAFNA,,fda.refusals.backfill,raw/fda.refusals.backfill/2026/09/20260909T170530Z-bdd810c4ed3d.json.gz,1
fda.refusals.backfill,firm:3030345182,2024-03-01,2026-09-09T17:05:30Z,import_refusal,1,count,fda.refusals.backfill,raw/fda.refusals.backfill/2026/09/20260909T170530Z-bdd810c4ed3d.json.gz,1
fda.refusals.backfill,firm:3030345182,2024-03-01,2026-09-09T17:05:30Z,is_drug_or_biologic,1,bool,fda.refusals.backfill,raw/fda.refusals.backfill/2026/09/20260909T170530Z-bdd810c4ed3d.json.gz,1
fda.refusals.backfill,firm:3030345182,2024-03-01,2026-09-09T17:05:30Z,is_foreign,1,bool,fda.refusals.backfill,raw/fda.refusals.backfill/2026/09/20260909T170530Z-bdd810c4ed3d.json.gz,1
fda.refusals.backfill,firm:3030345182,2024-03-01,2026-09-09T17:05:30Z,is_human_drug,1,bool,fda.refusals.backfill,raw/fda.refusals.backfill/2026/09/20260909T170530Z-bdd810c4ed3d.json.gz,1
fda.refusals.backfill,firm:3030345182,2024-03-01,2026-09-09T17:05:30Z,label,BAFNA PHARMA LTD,,fda.refusals.backfill,raw/fda.refusals.backfill/2026/09/20260909T170530Z-bdd810c4ed3d.json.gz,1
fda.refusals.backfill,firm:3030345182,2024-03-01,2026-09-09T17:05:30Z,refused_at,20240301,yyyymmdd,fda.refusals.backfill,raw/fda.refusals.backfill/2026/09/20260909T170530Z-bdd810c4ed3d.json.gz,1
fda.refusals.backfill,firm:3030349984,2024-03-13,2026-09-09T17:05:30Z,firm_key,GS HOMOEOPATHIC CLINIC,,fda.refusals.backfill,raw/fda.refusals.backfill/2026/09/20260909T170530Z-bdd810c4ed3d.json.gz,1
fda.refusals.backfill,firm:3030349984,2024-03-13,2026-09-09T17:05:30Z,import_refusal,1,count,fda.refusals.backfill,raw/fda.refusals.backfill/2026/09/20260909T170530Z-bdd810c4ed3d.json.gz,1
fda.refusals.backfill,firm:3030349984,2024-03-13,2026-09-09T17:05:30Z,is_drug_or_biologic,1,bool,fda.refusals.backfill,raw/fda.refusals.backfill/2026/09/20260909T170530Z-bdd810c4ed3d.json.gz,1
fda.refusals.backfill,firm:3030349984,2024-03-13,2026-09-09T17:05:30Z,is_foreign,1,bool,fda.refusals.backfill,raw/fda.refusals.backfill/2026/09/20260909T170530Z-bdd810c4ed3d.json.gz,1
fda.refusals.backfill,firm:3030349984,2024-03-13,2026-09-09T17:05:30Z,is_human_drug,1,bool,fda.refusals.backfill,raw/fda.refusals.backfill/2026/09/20260909T170530Z-bdd810c4ed3d.json.gz,1
fda.refusals.backfill,firm:3030349984,2024-03-13,2026-09-09T17:05:30Z,label,GS HOMOEOPATHIC CLINIC,,fda.refusals.backfill,raw/fda.refusals.backfill/2026/09/20260909T170530Z-bdd810c4ed3d.json.gz,1
fda.refusals.backfill,firm:3030349984,2024-03-13,2026-09-09T17:05:30Z,refused_at,20240313,yyyymmdd,fda.refusals.backfill,raw/fda.refusals.backfill/2026/09/20260909T170530Z-bdd810c4ed3d.json.gz,1
fda.refusals.backfill,firm:3030357683,2024-03-01,2026-09-09T17:05:30Z,firm_key,LABORATORIO SERRAL DE CV,,fda.refusals.backfill,raw/fda.refusals.backfill/2026/09/20260909T170530Z-bdd810c4ed3d.json.gz,1
fda.refusals.backfill,firm:3030357683,2024-03-01,2026-09-09T17:05:30Z,import_refusal,1,count,fda.refusals.backfill,raw/fda.refusals.backfill/2026/09/20260909T170530Z-bdd810c4ed3d.json.gz,1
fda.refusals.backfill,firm:3030357683,2024-03-01,2026-09-09T17:05:30Z,is_drug_or_biologic,1,bool,fda.refusals.backfill,raw/fda.refusals.backfill/2026/09/20260909T170530Z-bdd810c4ed3d.json.gz,1
fda.refusals.backfill,firm:3030357683,2024-03-01,2026-09-09T17:05:30Z,is_foreign,1,bool,fda.refusals.backfill,raw/fda.refusals.backfill/2026/09/20260909T170530Z-bdd810c4ed3d.json.gz,1
fda.refusals.backfill,firm:3030357683,2024-03-01,2026-09-09T17:05:30Z,is_human_drug,1,bool,fda.refusals.backfill,raw/fda.refusals.backfill/2026/09/20260909T170530Z-bdd810c4ed3d.json.gz,1
fda.refusals.backfill,firm:3030357683,2024-03-01,2026-09-09T17:05:30Z,label,LABORATORIO SERRAL SA DE CV,,fda.refusals.backfill,raw/fda.refusals.backfill/2026/09/20260909T170530Z-bdd810c4ed3d.json.gz,1
fda.refusals.backfill,firm:3030357683,2024-03-01,2026-09-09T17:05:30Z,refused_at,20240301,yyyymmdd,fda.refusals.backfill,raw/fda.refusals.backfill/2026/09/20260909T170530Z-bdd810c4ed3d.json.gz,1
fda.refusals.backfill,firm:3030375184,2024-03-19,2026-09-09T17:05:30Z,firm_key,ASCENDIS,,fda.refusals.backfill,raw/fda.refusals.backfill/2026/09/20260909T170530Z-bdd810c4ed3d.json.gz,1
fda.refusals.backfill,firm:3030375184,2024-03-19,2026-09-09T17:05:30Z,import_refusal,1,count,fda.refusals.backfill,raw/fda.refusals.backfill/2026/09/20260909T170530Z-bdd810c4ed3d.json.gz,1
fda.refusals.backfill,firm:3030375184,2024-03-19,2026-09-09T17:05:30Z,is_drug_or_biologic,1,bool,fda.refusals.backfill,raw/fda.refusals.backfill/2026/09/20260909T170530Z-bdd810c4ed3d.json.gz,1
fda.refusals.backfill,firm:3030375184,2024-03-19,2026-09-09T17:05:30Z,is_foreign,1,bool,fda.refusals.backfill,raw/fda.refusals.backfill/2026/09/20260909T170530Z-bdd810c4ed3d.json.gz,1
fda.refusals.backfill,firm:3030375184,2024-03-19,2026-09-09T17:05:30Z,is_human_drug,1,bool,fda.refusals.backfill,raw/fda.refusals.backfill/2026/09/20260909T170530Z-bdd810c4ed3d.json.gz,1
fda.refusals.backfill,firm:3030375184,2024-03-19,2026-09-09T17:05:30Z,label,ASCENDIS PHARMACEUTICAL COMPANY,,fda.refusals.backfill,raw/fda.refusals.backfill/2026/09/20260909T170530Z-bdd810c4ed3d.json.gz,1
fda.refusals.backfill,firm:3030375184,2024-03-19,2026-09-09T17:05:30Z,refused_at,20240319,yyyymmdd,fda.refusals.backfill,raw/fda.refusals.backfill/2026/09/20260909T170530Z-bdd810c4ed3d.json.gz,1
fda.refusals.backfill,firm:3030382397,2024-03-05,2026-09-09T17:05:30Z,firm_key,METISKA FARMA,,fda.refusals.backfill,raw/fda.refusals.backfill/2026/09/20260909T170530Z-bdd810c4ed3d.json.gz,1
fda.refusals.backfill,firm:3030382397,2024-03-05,2026-09-09T17:05:30Z,import_refusal,1,count,fda.refusals.backfill,raw/fda.refusals.backfill/2026/09/20260909T170530Z-bdd810c4ed3d.json.gz,1
fda.refusals.backfill,firm:3030382397,2024-03-05,2026-09-09T17:05:30Z,is_drug_or_biologic,1,bool,fda.refusals.backfill,raw/fda.refusals.backfill/2026/09/20260909T170530Z-bdd810c4ed3d.json.gz,1
fda.refusals.backfill,firm:3030382397,2024-03-05,2026-09-09T17:05:30Z,is_foreign,1,bool,fda.refusals.backfill,raw/fda.refusals.backfill/2026/09/20260909T170530Z-bdd810c4ed3d.json.gz,1
fda.refusals.backfill,firm:3030382397,2024-03-05,2026-09-09T17:05:30Z,is_human_drug,1,bool,fda.refusals.backfill,raw/fda.refusals.backfill/2026/09/20260909T170530Z-bdd810c4ed3d.json.gz,1
fda.refusals.backfill,firm:3030382397,2024-03-05,2026-09-09T17:05:30Z,label,METISKA FARMA,,fda.refusals.backfill,raw/fda.refusals.backfill/2026/09/20260909T170530Z-bdd810c4ed3d.json.gz,1
fda.refusals.backfill,firm:3030382397,2024-03-05,2026-09-09T17:05:30Z,refused_at,20240305,yyyymmdd,fda.refusals.backfill,raw/fda.refusals.backfill/2026/09/20260909T170530Z-bdd810c4ed3d.json.gz,1
fda.refusals.backfill,firm:3030406640,2024-03-05,2026-09-09T17:05:30Z,firm_key,RIKENCARE LIFE SCIENCE,,fda.refusals.backfill,raw/fda.refusals.backfill/2026/09/20260909T170530Z-bdd810c4ed3d.json.gz,1
fda.refusals.backfill,firm:3030406640,2024-03-05,2026-09-09T17:05:30Z,import_refusal,1,count,fda.refusals.backfill,raw/fda.refusals.backfill/2026/09/20260909T170530Z-bdd810c4ed3d.json.gz,1
fda.refusals.backfill,firm:3030406640,2024-03-05,2026-09-09T17:05:30Z,is_drug_or_biologic,1,bool,fda.refusals.backfill,raw/fda.refusals.backfill/2026/09/20260909T170530Z-bdd810c4ed3d.json.gz,1
fda.refusals.backfill,firm:3030406640,2024-03-05,2026-09-09T17:05:30Z,is_foreign,1,bool,fda.refusals.backfill,raw/fda.refusals.backfill/2026/09/20260909T170530Z-bdd810c4ed3d.json.gz,1
fda.refusals.backfill,firm:3030406640,2024-03-05,2026-09-09T17:05:30Z,is_human_drug,1,bool,fda.refusals.backfill,raw/fda.refusals.backfill/2026/09/20260909T170530Z-bdd810c4ed3d.json.gz,1
fda.refusals.backfill,firm:3030406640,2024-03-05,2026-09-09T17:05:30Z,label,RIKENCARE LIFE SCIENCE,,fda.refusals.backfill,raw/fda.refusals.backfill/2026/09/20260909T170530Z-bdd810c4ed3d.json.gz,1
fda.refusals.backfill,firm:3030406640,2024-03-05,2026-09-09T17:05:30Z,refused_at,20240305,yyyymmdd,fda.refusals.backfill,raw/fda.refusals.backfill/2026/09/20260909T170530Z-bdd810c4ed3d.json.gz,1
fda.refusals.backfill,firm:3030406972,2024-03-29,2026-09-09T17:05:30Z,firm_key,VOLKS BIOTECH,,fda.refusals.backfill,raw/fda.refusals.backfill/2026/09/20260909T170530Z-bdd810c4ed3d.json.gz,1
fda.refusals.backfill,firm:3030406972,2024-03-29,2026-09-09T17:05:30Z,import_refusal,1,count,fda.refusals.backfill,raw/fda.refusals.backfill/2026/09/20260909T170530Z-bdd810c4ed3d.json.gz,1
fda.refusals.backfill,firm:3030406972,2024-03-29,2026-09-09T17:05:30Z,is_drug_or_biologic,1,bool,fda.refusals.backfill,raw/fda.refusals.backfill/2026/09/20260909T170530Z-bdd810c4ed3d.json.gz,1
fda.refusals.backfill,firm:3030406972,2024-03-29,2026-09-09T17:05:30Z,is_foreign,1,bool,fda.refusals.backfill,raw/fda.refusals.backfill/2026/09/20260909T170530Z-bdd810c4ed3d.json.gz,1
fda.refusals.backfill,firm:3030406972,2024-03-29,2026-09-09T17:05:30Z,is_human_drug,1,bool,fda.refusals.backfill,raw/fda.refusals.backfill/2026/09/20260909T170530Z-bdd810c4ed3d.json.gz,1
fda.refusals.backfill,firm:3030406972,2024-03-29,2026-09-09T17:05:30Z,label,VOLKS BIOTECH,,fda.refusals.backfill,raw/fda.refusals.backfill/2026/09/20260909T170530Z-bdd810c4ed3d.json.gz,1
fda.refusals.backfill,firm:3030406972,2024-03-29,2026-09-09T17:05:30Z,refused_at,20240329,yyyymmdd,fda.refusals.backfill,raw/fda.refusals.backfill/2026/09/20260909T170530Z-bdd810c4ed3d.json.gz,1
fda.refusals.backfill,firm:3030406973,2024-03-29,2026-09-09T17:05:30Z,firm_key,ACEKINETICS HEALTHCARE,,fda.refusals.backfill,raw/fda.refusals.backfill/2026/09/20260909T170530Z-bdd810c4ed3d.json.gz,1
fda.refusals.backfill,firm:3030406973,2024-03-29,2026-09-09T17:05:30Z,import_refusal,1,count,fda.refusals.backfill,raw/fda.refusals.backfill/2026/09/20260909T170530Z-bdd810c4ed3d.json.gz,1
fda.refusals.backfill,firm:3030406973,2024-03-29,2026-09-09T17:05:30Z,is_drug_or_biologic,1,bool,fda.refusals.backfill,raw/fda.refusals.backfill/2026/09/20260909T170530Z-bdd810c4ed3d.json.gz,1
fda.refusals.backfill,firm:3030406973,2024-03-29,2026-09-09T17:05:30Z,is_foreign,1,bool,fda.refusals.backfill,raw/fda.refusals.backfill/2026/09/20260909T170530Z-bdd810c4ed3d.json.gz,1
fda.refusals.backfill,firm:3030406973,2024-03-29,2026-09-09T17:05:30Z,is_human_drug,0,bool,fda.refusals.backfill,raw/fda.refusals.backfill/2026/09/20260909T170530Z-bdd810c4ed3d.json.gz,1
fda.refusals.backfill,firm:3030406973,2024-03-29,2026-09-09T17:05:30Z,label,ACEKINETICS HEALTHCARE LIMITED,,fda.refusals.backfill,raw/fda.refusals.backfill/2026/09/20260909T170530Z-bdd810c4ed3d.json.gz,1
fda.refusals.backfill,firm:3030406973,2024-03-29,2026-09-09T17:05:30Z,refused_at,20240329,yyyymmdd,fda.refusals.backfill,raw/fda.refusals.backfill/2026/09/20260909T170530Z-bdd810c4ed3d.json.gz,1
fda.refusals.backfill,firm:3030406974,2024-03-29,2026-09-09T17:05:30Z,firm_key,TECHYON BIOTECH,,fda.refusals.backfill,raw/fda.refusals.backfill/2026/09/20260909T170530Z-bdd810c4ed3d.json.gz,1
fda.refusals.backfill,firm:3030406974,2024-03-29,2026-09-09T17:05:30Z,import_refusal,1,count,fda.refusals.backfill,raw/fda.refusals.backfill/2026/09/20260909T170530Z-bdd810c4ed3d.json.gz,1
fda.refusals.backfill,firm:3030406974,2024-03-29,2026-09-09T17:05:30Z,is_drug_or_biologic,1,bool,fda.refusals.backfill,raw/fda.refusals.backfill/2026/09/20260909T170530Z-bdd810c4ed3d.json.gz,1
fda.refusals.backfill,firm:3030406974,2024-03-29,2026-09-09T17:05:30Z,is_foreign,1,bool,fda.refusals.backfill,raw/fda.refusals.backfill/2026/09/20260909T170530Z-bdd810c4ed3d.json.gz,1
fda.refusals.backfill,firm:3030406974,2024-03-29,2026-09-09T17:05:30Z,is_human_drug,1,bool,fda.refusals.backfill,raw/fda.refusals.backfill/2026/09/20260909T170530Z-bdd810c4ed3d.json.gz,1
fda.refusals.backfill,firm:3030406974,2024-03-29,2026-09-09T17:05:30Z,label,TECHYON BIOTECH PVT LTD,,fda.refusals.backfill,raw/fda.refusals.backfill/2026/09/20260909T170530Z-bdd810c4ed3d.json.gz,1
fda.refusals.backfill,firm:3030406974,2024-03-29,2026-09-09T17:05:30Z,refused_at,20240329,yyyymmdd,fda.refusals.backfill,raw/fda.refusals.backfill/2026/09/20260909T170530Z-bdd810c4ed3d.json.gz,1
fda.refusals.backfill,firm:3030406976,2024-03-29,2026-09-09T17:05:30Z,firm_key,GH VISION CARE LIFE SCIENCES,,fda.refusals.backfill,raw/fda.refusals.backfill/2026/09/20260909T170530Z-bdd810c4ed3d.json.gz,1
fda.refusals.backfill,firm:3030406976,2024-03-29,2026-09-09T17:05:30Z,import_refusal,1,count,fda.refusals.backfill,raw/fda.refusals.backfill/2026/09/20260909T170530Z-bdd810c4ed3d.json.gz,1
fda.refusals.backfill,firm:3030406976,2024-03-29,2026-09-09T17:05:30Z,is_drug_or_biologic,1,bool,fda.refusals.backfill,raw/fda.refusals.backfill/2026/09/20260909T170530Z-bdd810c4ed3d.json.gz,1
fda.refusals.backfill,firm:3030406976,2024-03-29,2026-09-09T17:05:30Z,is_foreign,1,bool,fda.refusals.backfill,raw/fda.refusals.backfill/2026/09/20260909T170530Z-bdd810c4ed3d.json.gz,1
fda.refusals.backfill,firm:3030406976,2024-03-29,2026-09-09T17:05:30Z,is_human_drug,0,bool,fda.refusals.backfill,raw/fda.refusals.backfill/2026/09/20260909T170530Z-bdd810c4ed3d.json.gz,1
fda.refusals.backfill,firm:3030406976,2024-03-29,2026-09-09T17:05:30Z,label,GH VISION CARE LIFE SCIENCES,,fda.refusals.backfill,raw/fda.refusals.backfill/2026/09/20260909T170530Z-bdd810c4ed3d.json.gz,1
fda.refusals.backfill,firm:3030406976,2024-03-29,2026-09-09T17:05:30Z,refused_at,20240329,yyyymmdd,fda.refusals.backfill,raw/fda.refusals.backfill/2026/09/20260909T170530Z-bdd810c4ed3d.json.gz,1
fda.refusals.backfill,firm:3030407681,2024-03-29,2026-09-09T17:05:30Z,firm_key,SPECULAR,,fda.refusals.backfill,raw/fda.refusals.backfill/2026/09/20260909T170530Z-bdd810c4ed3d.json.gz,1
fda.refusals.backfill,firm:3030407681,2024-03-29,2026-09-09T17:05:30Z,import_refusal,1,count,fda.refusals.backfill,raw/fda.refusals.backfill/2026/09/20260909T170530Z-bdd810c4ed3d.json.gz,1
fda.refusals.backfill,firm:3030407681,2024-03-29,2026-09-09T17:05:30Z,is_drug_or_biologic,1,bool,fda.refusals.backfill,raw/fda.refusals.backfill/2026/09/20260909T170530Z-bdd810c4ed3d.json.gz,1
fda.refusals.backfill,firm:3030407681,2024-03-29,2026-09-09T17:05:30Z,is_foreign,1,bool,fda.refusals.backfill,raw/fda.refusals.backfill/2026/09/20260909T170530Z-bdd810c4ed3d.json.gz,1
fda.refusals.backfill,firm:3030407681,2024-03-29,2026-09-09T17:05:30Z,is_human_drug,1,bool,fda.refusals.backfill,raw/fda.refusals.backfill/2026/09/20260909T170530Z-bdd810c4ed3d.json.gz,1
fda.refusals.backfill,firm:3030407681,2024-03-29,2026-09-09T17:05:30Z,label,SPECULAR PHARMACEUTICALS,,fda.refusals.backfill,raw/fda.refusals.backfill/2026/09/20260909T170530Z-bdd810c4ed3d.json.gz,1
fda.refusals.backfill,firm:3030407681,2024-03-29,2026-09-09T17:05:30Z,refused_at,20240329,yyyymmdd,fda.refusals.backfill,raw/fda.refusals.backfill/2026/09/20260909T170530Z-bdd810c4ed3d.json.gz,1
fda.refusals.backfill,firm:3030420114,2024-03-08,2026-09-09T17:05:30Z,firm_key,MEDIC BIOLOGICALS AND PHARMACEUT,,fda.refusals.backfill,raw/fda.refusals.backfill/2026/09/20260909T170530Z-bdd810c4ed3d.json.gz,1
fda.refusals.backfill,firm:3030420114,2024-03-08,2026-09-09T17:05:30Z,import_refusal,1,count,fda.refusals.backfill,raw/fda.refusals.backfill/2026/09/20260909T170530Z-bdd810c4ed3d.json.gz,1
fda.refusals.backfill,firm:3030420114,2024-03-08,2026-09-09T17:05:30Z,is_drug_or_biologic,1,bool,fda.refusals.backfill,raw/fda.refusals.backfill/2026/09/20260909T170530Z-bdd810c4ed3d.json.gz,1
fda.refusals.backfill,firm:3030420114,2024-03-08,2026-09-09T17:05:30Z,is_foreign,1,bool,fda.refusals.backfill,raw/fda.refusals.backfill/2026/09/20260909T170530Z-bdd810c4ed3d.json.gz,1
fda.refusals.backfill,firm:3030420114,2024-03-08,2026-09-09T17:05:30Z,is_human_drug,1,bool,fda.refusals.backfill,raw/fda.refusals.backfill/2026/09/20260909T170530Z-bdd810c4ed3d.json.gz,1
fda.refusals.backfill,firm:3030420114,2024-03-08,2026-09-09T17:05:30Z,label,MEDIC BIOLOGICALS AND PHARMACEUT,,fda.refusals.backfill,raw/fda.refusals.backfill/2026/09/20260909T170530Z-bdd810c4ed3d.json.gz,1
fda.refusals.backfill,firm:3030420114,2024-03-08,2026-09-09T17:05:30Z,refused_at,20240308,yyyymmdd,fda.refusals.backfill,raw/fda.refusals.backfill/2026/09/20260909T170530Z-bdd810c4ed3d.json.gz,1
fda.refusals.backfill,firm:3030420115,2024-03-08,2026-09-09T17:05:30Z,firm_key,PFIZER,,fda.refusals.backfill,raw/fda.refusals.backfill/2026/09/20260909T170530Z-bdd810c4ed3d.json.gz,1
fda.refusals.backfill,firm:3030420115,2024-03-08,2026-09-09T17:05:30Z,import_refusal,1,count,fda.refusals.backfill,raw/fda.refusals.backfill/2026/09/20260909T170530Z-bdd810c4ed3d.json.gz,1
fda.refusals.backfill,firm:3030420115,2024-03-08,2026-09-09T17:05:30Z,is_drug_or_biologic,1,bool,fda.refusals.backfill,raw/fda.refusals.backfill/2026/09/20260909T170530Z-bdd810c4ed3d.json.gz,1
fda.refusals.backfill,firm:3030420115,2024-03-08,2026-09-09T17:05:30Z,is_foreign,1,bool,fda.refusals.backfill,raw/fda.refusals.backfill/2026/09/20260909T170530Z-bdd810c4ed3d.json.gz,1
fda.refusals.backfill,firm:3030420115,2024-03-08,2026-09-09T17:05:30Z,is_human_drug,1,bool,fda.refusals.backfill,raw/fda.refusals.backfill/2026/09/20260909T170530Z-bdd810c4ed3d.json.gz,1
fda.refusals.backfill,firm:3030420115,2024-03-08,2026-09-09T17:05:30Z,label,PFIZER LTD,,fda.refusals.backfill,raw/fda.refusals.backfill/2026/09/20260909T170530Z-bdd810c4ed3d.json.gz,1
fda.refusals.backfill,firm:3030420115,2024-03-08,2026-09-09T17:05:30Z,refused_at,20240308,yyyymmdd,fda.refusals.backfill,raw/fda.refusals.backfill/2026/09/20260909T170530Z-bdd810c4ed3d.json.gz,1
fda.refusals.backfill,firm:3030420116,2024-03-08,2026-09-09T17:05:30Z,firm_key,CUREWEL,,fda.refusals.backfill,raw/fda.refusals.backfill/2026/09/20260909T170530Z-bdd810c4ed3d.json.gz,1
fda.refusals.backfill,firm:3030420116,2024-03-08,2026-09-09T17:05:30Z,import_refusal,1,count,fda.refusals.backfill,raw/fda.refusals.backfill/2026/09/20260909T170530Z-bdd810c4ed3d.json.gz,1
fda.refusals.backfill,firm:3030420116,2024-03-08,2026-09-09T17:05:30Z,is_drug_or_biologic,1,bool,fda.refusals.backfill,raw/fda.refusals.backfill/2026/09/20260909T170530Z-bdd810c4ed3d.json.gz,1
fda.refusals.backfill,firm:3030420116,2024-03-08,2026-09-09T17:05:30Z,is_foreign,1,bool,fda.refusals.backfill,raw/fda.refusals.backfill/2026/09/20260909T170530Z-bdd810c4ed3d.json.gz,1
fda.refusals.backfill,firm:3030420116,2024-03-08,2026-09-09T17:05:30Z,is_human_drug,1,bool,fda.refusals.backfill,raw/fda.refusals.backfill/2026/09/20260909T170530Z-bdd810c4ed3d.json.gz,1
fda.refusals.backfill,firm:3030420116,2024-03-08,2026-09-09T17:05:30Z,label,CUREWEL PHARMA,,fda.refusals.backfill,raw/fda.refusals.backfill/2026/09/20260909T170530Z-bdd810c4ed3d.json.gz,1
fda.refusals.backfill,firm:3030420116,2024-03-08,2026-09-09T17:05:30Z,refused_at,20240308,yyyymmdd,fda.refusals.backfill,raw/fda.refusals.backfill/2026/09/20260909T170530Z-bdd810c4ed3d.json.gz,1
fda.refusals.backfill,firm:3030420726,2024-03-08,2026-09-09T17:05:30Z,firm_key,BLUE CROSS,,fda.refusals.backfill,raw/fda.refusals.backfill/2026/09/20260909T170530Z-bdd810c4ed3d.json.gz,1
fda.refusals.backfill,firm:3030420726,2024-03-08,2026-09-09T17:05:30Z,import_refusal,1,count,fda.refusals.backfill,raw/fda.refusals.backfill/2026/09/20260909T170530Z-bdd810c4ed3d.json.gz,1
fda.refusals.backfill,firm:3030420726,2024-03-08,2026-09-09T17:05:30Z,is_drug_or_biologic,1,bool,fda.refusals.backfill,raw/fda.refusals.backfill/2026/09/20260909T170530Z-bdd810c4ed3d.json.gz,1
fda.refusals.backfill,firm:3030420726,2024-03-08,2026-09-09T17:05:30Z,is_foreign,1,bool,fda.refusals.backfill,raw/fda.refusals.backfill/2026/09/20260909T170530Z-bdd810c4ed3d.json.gz,1
fda.refusals.backfill,firm:3030420726,2024-03-08,2026-09-09T17:05:30Z,is_human_drug,1,bool,fda.refusals.backfill,raw/fda.refusals.backfill/2026/09/20260909T170530Z-bdd810c4ed3d.json.gz,1
fda.refusals.backfill,firm:3030420726,2024-03-08,2026-09-09T17:05:30Z,label,BLUE CROSS LABORATORIES LTD,,fda.refusals.backfill,raw/fda.refusals.backfill/2026/09/20260909T170530Z-bdd810c4ed3d.json.gz,1
fda.refusals.backfill,firm:3030420726,2024-03-08,2026-09-09T17:05:30Z,refused_at,20240308,yyyymmdd,fda.refusals.backfill,raw/fda.refusals.backfill/2026/09/20260909T170530Z-bdd810c4ed3d.json.gz,1
fda.refusals.backfill,firm:3030420728,2024-03-08,2026-09-09T17:05:30Z,firm_key,TORQUE,,fda.refusals.backfill,raw/fda.refusals.backfill/2026/09/20260909T170530Z-bdd810c4ed3d.json.gz,1
fda.refusals.backfill,firm:3030420728,2024-03-08,2026-09-09T17:05:30Z,import_refusal,1,count,fda.refusals.backfill,raw/fda.refusals.backfill/2026/09/20260909T170530Z-bdd810c4ed3d.json.gz,1
fda.refusals.backfill,firm:3030420728,2024-03-08,2026-09-09T17:05:30Z,is_drug_or_biologic,1,bool,fda.refusals.backfill,raw/fda.refusals.backfill/2026/09/20260909T170530Z-bdd810c4ed3d.json.gz,1
fda.refusals.backfill,firm:3030420728,2024-03-08,2026-09-09T17:05:30Z,is_foreign,1,bool,fda.refusals.backfill,raw/fda.refusals.backfill/2026/09/20260909T170530Z-bdd810c4ed3d.json.gz,1
fda.refusals.backfill,firm:3030420728,2024-03-08,2026-09-09T17:05:30Z,is_human_drug,1,bool,fda.refusals.backfill,raw/fda.refusals.backfill/2026/09/20260909T170530Z-bdd810c4ed3d.json.gz,1
fda.refusals.backfill,firm:3030420728,2024-03-08,2026-09-09T17:05:30Z,label,TORQUE PHARMACEUTICALS PVT LTD,,fda.refusals.backfill,raw/fda.refusals.backfill/2026/09/20260909T170530Z-bdd810c4ed3d.json.gz,1
fda.refusals.backfill,firm:3030420728,2024-03-08,2026-09-09T17:05:30Z,refused_at,20240308,yyyymmdd,fda.refusals.backfill,raw/fda.refusals.backfill/2026/09/20260909T170530Z-bdd810c4ed3d.json.gz,1
fda.refusals.backfill,firm:3030420729,2024-03-08,2026-09-09T17:05:30Z,firm_key,CIPLA,,fda.refusals.backfill,raw/fda.refusals.backfill/2026/09/20260909T170530Z-bdd810c4ed3d.json.gz,1
fda.refusals.backfill,firm:3030420729,2024-03-08,2026-09-09T17:05:30Z,import_refusal,1,count,fda.refusals.backfill,raw/fda.refusals.backfill/2026/09/20260909T170530Z-bdd810c4ed3d.json.gz,1
fda.refusals.backfill,firm:3030420729,2024-03-08,2026-09-09T17:05:30Z,is_drug_or_biologic,1,bool,fda.refusals.backfill,raw/fda.refusals.backfill/2026/09/20260909T170530Z-bdd810c4ed3d.json.gz,1
fda.refusals.backfill,firm:3030420729,2024-03-08,2026-09-09T17:05:30Z,is_foreign,1,bool,fda.refusals.backfill,raw/fda.refusals.backfill/2026/09/20260909T170530Z-bdd810c4ed3d.json.gz,1
fda.refusals.backfill,firm:3030420729,2024-03-08,2026-09-09T17:05:30Z,is_human_drug,1,bool,fda.refusals.backfill,raw/fda.refusals.backfill/2026/09/20260909T170530Z-bdd810c4ed3d.json.gz,1
fda.refusals.backfill,firm:3030420729,2024-03-08,2026-09-09T17:05:30Z,label,CIPLA LTD,,fda.refusals.backfill,raw/fda.refusals.backfill/2026/09/20260909T170530Z-bdd810c4ed3d.json.gz,1
fda.refusals.backfill,firm:3030420729,2024-03-08,2026-09-09T17:05:30Z,refused_at,20240308,yyyymmdd,fda.refusals.backfill,raw/fda.refusals.backfill/2026/09/20260909T170530Z-bdd810c4ed3d.json.gz,1
fda.refusals.backfill,firm:3030420730,2024-03-08,2026-09-09T17:05:30Z,firm_key,ALPHA MEDICAL AGENCY IN BHARUCH,,fda.refusals.backfill,raw/fda.refusals.backfill/2026/09/20260909T170530Z-bdd810c4ed3d.json.gz,1
fda.refusals.backfill,firm:3030420730,2024-03-08,2026-09-09T17:05:30Z,import_refusal,1,count,fda.refusals.backfill,raw/fda.refusals.backfill/2026/09/20260909T170530Z-bdd810c4ed3d.json.gz,1
fda.refusals.backfill,firm:3030420730,2024-03-08,2026-09-09T17:05:30Z,is_drug_or_biologic,1,bool,fda.refusals.backfill,raw/fda.refusals.backfill/2026/09/20260909T170530Z-bdd810c4ed3d.json.gz,1
fda.refusals.backfill,firm:3030420730,2024-03-08,2026-09-09T17:05:30Z,is_foreign,1,bool,fda.refusals.backfill,raw/fda.refusals.backfill/2026/09/20260909T170530Z-bdd810c4ed3d.json.gz,1
fda.refusals.backfill,firm:3030420730,2024-03-08,2026-09-09T17:05:30Z,is_human_drug,1,bool,fda.refusals.backfill,raw/fda.refusals.backfill/2026/09/20260909T170530Z-bdd810c4ed3d.json.gz,1
fda.refusals.backfill,firm:3030420730,2024-03-08,2026-09-09T17:05:30Z,label,ALPHA MEDICAL AGENCY IN BHARUCH,,fda.refusals.backfill,raw/fda.refusals.backfill/2026/09/20260909T170530Z-bdd810c4ed3d.json.gz,1
fda.refusals.backfill,firm:3030420730,2024-03-08,2026-09-09T17:05:30Z,refused_at,20240308,yyyymmdd,fda.refusals.backfill,raw/fda.refusals.backfill/2026/09/20260909T170530Z-bdd810c4ed3d.json.gz,1
fda.refusals.backfill,firm:3030421803,2024-03-08,2026-09-09T17:05:30Z,firm_key,DR ALSON,,fda.refusals.backfill,raw/fda.refusals.backfill/2026/09/20260909T170530Z-bdd810c4ed3d.json.gz,1
fda.refusals.backfill,firm:3030421803,2024-03-08,2026-09-09T17:05:30Z,import_refusal,1,count,fda.refusals.backfill,raw/fda.refusals.backfill/2026/09/20260909T170530Z-bdd810c4ed3d.json.gz,1
fda.refusals.backfill,firm:3030421803,2024-03-08,2026-09-09T17:05:30Z,is_drug_or_biologic,1,bool,fda.refusals.backfill,raw/fda.refusals.backfill/2026/09/20260909T170530Z-bdd810c4ed3d.json.gz,1
fda.refusals.backfill,firm:3030421803,2024-03-08,2026-09-09T17:05:30Z,is_foreign,1,bool,fda.refusals.backfill,raw/fda.refusals.backfill/2026/09/20260909T170530Z-bdd810c4ed3d.json.gz,1
fda.refusals.backfill,firm:3030421803,2024-03-08,2026-09-09T17:05:30Z,is_human_drug,1,bool,fda.refusals.backfill,raw/fda.refusals.backfill/2026/09/20260909T170530Z-bdd810c4ed3d.json.gz,1
fda.refusals.backfill,firm:3030421803,2024-03-08,2026-09-09T17:05:30Z,label,DR ALSON LABORATORIES PVT LTD,,fda.refusals.backfill,raw/fda.refusals.backfill/2026/09/20260909T170530Z-bdd810c4ed3d.json.gz,1
fda.refusals.backfill,firm:3030421803,2024-03-08,2026-09-09T17:05:30Z,refused_at,20240308,yyyymmdd,fda.refusals.backfill,raw/fda.refusals.backfill/2026/09/20260909T170530Z-bdd810c4ed3d.json.gz,1
fda.refusals.backfill,firm:3030421804,2024-03-08,2026-09-09T17:05:30Z,firm_key,TRIDOSS,,fda.refusals.backfill,raw/fda.refusals.backfill/2026/09/20260909T170530Z-bdd810c4ed3d.json.gz,1
fda.refusals.backfill,firm:3030421804,2024-03-08,2026-09-09T17:05:30Z,import_refusal,1,count,fda.refusals.backfill,raw/fda.refusals.backfill/2026/09/20260909T170530Z-bdd810c4ed3d.json.gz,1
fda.refusals.backfill,firm:3030421804,2024-03-08,2026-09-09T17:05:30Z,is_drug_or_biologic,1,bool,fda.refusals.backfill,raw/fda.refusals.backfill/2026/09/20260909T170530Z-bdd810c4ed3d.json.gz,1
fda.refusals.backfill,firm:3030421804,2024-03-08,2026-09-09T17:05:30Z,is_foreign,1,bool,fda.refusals.backfill,raw/fda.refusals.backfill/2026/09/20260909T170530Z-bdd810c4ed3d.json.gz,1
fda.refusals.backfill,firm:3030421804,2024-03-08,2026-09-09T17:05:30Z,is_human_drug,1,bool,fda.refusals.backfill,raw/fda.refusals.backfill/2026/09/20260909T170530Z-bdd810c4ed3d.json.gz,1
fda.refusals.backfill,firm:3030421804,2024-03-08,2026-09-09T17:05:30Z,label,TRIDOSS LABORATORIES PVT LTD,,fda.refusals.backfill,raw/fda.refusals.backfill/2026/09/20260909T170530Z-bdd810c4ed3d.json.gz,1
fda.refusals.backfill,firm:3030421804,2024-03-08,2026-09-09T17:05:30Z,refused_at,20240308,yyyymmdd,fda.refusals.backfill,raw/fda.refusals.backfill/2026/09/20260909T170530Z-bdd810c4ed3d.json.gz,1
fda.refusals.backfill,firm:3030422607,2024-03-08,2026-09-09T17:05:30Z,firm_key,HOMEHOMEO S HOLISTIC HOMEOPATHY,,fda.refusals.backfill,raw/fda.refusals.backfill/2026/09/20260909T170530Z-bdd810c4ed3d.json.gz,1
fda.refusals.backfill,firm:3030422607,2024-03-08,2026-09-09T17:05:30Z,import_refusal,1,count,fda.refusals.backfill,raw/fda.refusals.backfill/2026/09/20260909T170530Z-bdd810c4ed3d.json.gz,1
fda.refusals.backfill,firm:3030422607,2024-03-08,2026-09-09T17:05:30Z,is_drug_or_biologic,1,bool,fda.refusals.backfill,raw/fda.refusals.backfill/2026/09/20260909T170530Z-bdd810c4ed3d.json.gz,1
fda.refusals.backfill,firm:3030422607,2024-03-08,2026-09-09T17:05:30Z,is_foreign,1,bool,fda.refusals.backfill,raw/fda.refusals.backfill/2026/09/20260909T170530Z-bdd810c4ed3d.json.gz,1
fda.refusals.backfill,firm:3030422607,2024-03-08,2026-09-09T17:05:30Z,is_human_drug,1,bool,fda.refusals.backfill,raw/fda.refusals.backfill/2026/09/20260909T170530Z-bdd810c4ed3d.json.gz,1
fda.refusals.backfill,firm:3030422607,2024-03-08,2026-09-09T17:05:30Z,label,HOMEHOMEO'S HOLISTIC HOMEOPATHY,,fda.refusals.backfill,raw/fda.refusals.backfill/2026/09/20260909T170530Z-bdd810c4ed3d.json.gz,1
fda.refusals.backfill,firm:3030422607,2024-03-08,2026-09-09T17:05:30Z,refused_at,20240308,yyyymmdd,fda.refusals.backfill,raw/fda.refusals.backfill/2026/09/20260909T170530Z-bdd810c4ed3d.json.gz,1
fda.refusals.backfill,firm:3030431403,2024-03-11,2026-09-09T17:05:30Z,firm_key,NATURE CURE POINT,,fda.refusals.backfill,raw/fda.refusals.backfill/2026/09/20260909T170530Z-bdd810c4ed3d.json.gz,1
fda.refusals.backfill,firm:3030431403,2024-03-11,2026-09-09T17:05:30Z,import_refusal,1,count,fda.refusals.backfill,raw/fda.refusals.backfill/2026/09/20260909T170530Z-bdd810c4ed3d.json.gz,1
fda.refusals.backfill,firm:3030431403,2024-03-11,2026-09-09T17:05:30Z,is_drug_or_biologic,1,bool,fda.refusals.backfill,raw/fda.refusals.backfill/2026/09/20260909T170530Z-bdd810c4ed3d.json.gz,1
fda.refusals.backfill,firm:3030431403,2024-03-11,2026-09-09T17:05:30Z,is_foreign,1,bool,fda.refusals.backfill,raw/fda.refusals.backfill/2026/09/20260909T170530Z-bdd810c4ed3d.json.gz,1
fda.refusals.backfill,firm:3030431403,2024-03-11,2026-09-09T17:05:30Z,is_human_drug,1,bool,fda.refusals.backfill,raw/fda.refusals.backfill/2026/09/20260909T170530Z-bdd810c4ed3d.json.gz,1
fda.refusals.backfill,firm:3030431403,2024-03-11,2026-09-09T17:05:30Z,label,NATURE CURE POINT,,fda.refusals.backfill,raw/fda.refusals.backfill/2026/09/20260909T170530Z-bdd810c4ed3d.json.gz,1
fda.refusals.backfill,firm:3030431403,2024-03-11,2026-09-09T17:05:30Z,refused_at,20240311,yyyymmdd,fda.refusals.backfill,raw/fda.refusals.backfill/2026/09/20260909T170530Z-bdd810c4ed3d.json.gz,1
fda.refusals.backfill,firm:3030444463,2024-03-08,2026-09-09T17:05:30Z,firm_key,HOMOEOPATHIC CLINIC,,fda.refusals.backfill,raw/fda.refusals.backfill/2026/09/20260909T170530Z-bdd810c4ed3d.json.gz,1
fda.refusals.backfill,firm:3030444463,2024-03-08,2026-09-09T17:05:30Z,import_refusal,1,count,fda.refusals.backfill,raw/fda.refusals.backfill/2026/09/20260909T170530Z-bdd810c4ed3d.json.gz,1
fda.refusals.backfill,firm:3030444463,2024-03-08,2026-09-09T17:05:30Z,is_drug_or_biologic,1,bool,fda.refusals.backfill,raw/fda.refusals.backfill/2026/09/20260909T170530Z-bdd810c4ed3d.json.gz,1
fda.refusals.backfill,firm:3030444463,2024-03-08,2026-09-09T17:05:30Z,is_foreign,1,bool,fda.refusals.backfill,raw/fda.refusals.backfill/2026/09/20260909T170530Z-bdd810c4ed3d.json.gz,1
fda.refusals.backfill,firm:3030444463,2024-03-08,2026-09-09T17:05:30Z,is_human_drug,1,bool,fda.refusals.backfill,raw/fda.refusals.backfill/2026/09/20260909T170530Z-bdd810c4ed3d.json.gz,1
fda.refusals.backfill,firm:3030444463,2024-03-08,2026-09-09T17:05:30Z,label,HOMOEOPATHIC CLINIC,,fda.refusals.backfill,raw/fda.refusals.backfill/2026/09/20260909T170530Z-bdd810c4ed3d.json.gz,1
fda.refusals.backfill,firm:3030444463,2024-03-08,2026-09-09T17:05:30Z,refused_at,20240308,yyyymmdd,fda.refusals.backfill,raw/fda.refusals.backfill/2026/09/20260909T170530Z-bdd810c4ed3d.json.gz,1
fda.refusals.backfill,firm:3030446788,2024-03-11,2026-09-09T17:05:30Z,firm_key,GLENMARK PTY,,fda.refusals.backfill,raw/fda.refusals.backfill/2026/09/20260909T170530Z-bdd810c4ed3d.json.gz,1
fda.refusals.backfill,firm:3030446788,2024-03-11,2026-09-09T17:05:30Z,import_refusal,1,count,fda.refusals.backfill,raw/fda.refusals.backfill/2026/09/20260909T170530Z-bdd810c4ed3d.json.gz,1
fda.refusals.backfill,firm:3030446788,2024-03-11,2026-09-09T17:05:30Z,is_drug_or_biologic,1,bool,fda.refusals.backfill,raw/fda.refusals.backfill/2026/09/20260909T170530Z-bdd810c4ed3d.json.gz,1
fda.refusals.backfill,firm:3030446788,2024-03-11,2026-09-09T17:05:30Z,is_foreign,1,bool,fda.refusals.backfill,raw/fda.refusals.backfill/2026/09/20260909T170530Z-bdd810c4ed3d.json.gz,1
fda.refusals.backfill,firm:3030446788,2024-03-11,2026-09-09T17:05:30Z,is_human_drug,1,bool,fda.refusals.backfill,raw/fda.refusals.backfill/2026/09/20260909T170530Z-bdd810c4ed3d.json.gz,1
fda.refusals.backfill,firm:3030446788,2024-03-11,2026-09-09T17:05:30Z,label,GLENMARK PHARMACEUTICALS PTY,,fda.refusals.backfill,raw/fda.refusals.backfill/2026/09/20260909T170530Z-bdd810c4ed3d.json.gz,1
fda.refusals.backfill,firm:3030446788,2024-03-11,2026-09-09T17:05:30Z,refused_at,20240311,yyyymmdd,fda.refusals.backfill,raw/fda.refusals.backfill/2026/09/20260909T170530Z-bdd810c4ed3d.json.gz,1
fda.refusals.backfill,firm:3030463793,2024-03-29,2026-09-09T17:05:30Z,firm_key,AUROBINDO PHARMACY,,fda.refusals.backfill,raw/fda.refusals.backfill/2026/09/20260909T170530Z-bdd810c4ed3d.json.gz,1
fda.refusals.backfill,firm:3030463793,2024-03-29,2026-09-09T17:05:30Z,import_refusal,1,count,fda.refusals.backfill,raw/fda.refusals.backfill/2026/09/20260909T170530Z-bdd810c4ed3d.json.gz,1
fda.refusals.backfill,firm:3030463793,2024-03-29,2026-09-09T17:05:30Z,is_drug_or_biologic,1,bool,fda.refusals.backfill,raw/fda.refusals.backfill/2026/09/20260909T170530Z-bdd810c4ed3d.json.gz,1
fda.refusals.backfill,firm:3030463793,2024-03-29,2026-09-09T17:05:30Z,is_foreign,1,bool,fda.refusals.backfill,raw/fda.refusals.backfill/2026/09/20260909T170530Z-bdd810c4ed3d.json.gz,1
fda.refusals.backfill,firm:3030463793,2024-03-29,2026-09-09T17:05:30Z,is_human_drug,1,bool,fda.refusals.backfill,raw/fda.refusals.backfill/2026/09/20260909T170530Z-bdd810c4ed3d.json.gz,1
fda.refusals.backfill,firm:3030463793,2024-03-29,2026-09-09T17:05:30Z,label,AUROBINDO PHARMACY,,fda.refusals.backfill,raw/fda.refusals.backfill/2026/09/20260909T170530Z-bdd810c4ed3d.json.gz,1
fda.refusals.backfill,firm:3030463793,2024-03-29,2026-09-09T17:05:30Z,refused_at,20240329,yyyymmdd,fda.refusals.backfill,raw/fda.refusals.backfill/2026/09/20260909T170530Z-bdd810c4ed3d.json.gz,1
fda.refusals.backfill,firm:3030465644,2024-03-28,2026-09-09T17:05:30Z,firm_key,SJ ENTERPRISES,,fda.refusals.backfill,raw/fda.refusals.backfill/2026/09/20260909T170530Z-bdd810c4ed3d.json.gz,1
fda.refusals.backfill,firm:3030465644,2024-03-28,2026-09-09T17:05:30Z,import_refusal,1,count,fda.refusals.backfill,raw/fda.refusals.backfill/2026/09/20260909T170530Z-bdd810c4ed3d.json.gz,1
fda.refusals.backfill,firm:3030465644,2024-03-28,2026-09-09T17:05:30Z,is_drug_or_biologic,1,bool,fda.refusals.backfill,raw/fda.refusals.backfill/2026/09/20260909T170530Z-bdd810c4ed3d.json.gz,1
fda.refusals.backfill,firm:3030465644,2024-03-28,2026-09-09T17:05:30Z,is_foreign,1,bool,fda.refusals.backfill,raw/fda.refusals.backfill/2026/09/20260909T170530Z-bdd810c4ed3d.json.gz,1
fda.refusals.backfill,firm:3030465644,2024-03-28,2026-09-09T17:05:30Z,is_human_drug,1,bool,fda.refusals.backfill,raw/fda.refusals.backfill/2026/09/20260909T170530Z-bdd810c4ed3d.json.gz,1
fda.refusals.backfill,firm:3030465644,2024-03-28,2026-09-09T17:05:30Z,label,SJ ENTERPRISES,,fda.refusals.backfill,raw/fda.refusals.backfill/2026/09/20260909T170530Z-bdd810c4ed3d.json.gz,1
fda.refusals.backfill,firm:3030465644,2024-03-28,2026-09-09T17:05:30Z,refused_at,20240328,yyyymmdd,fda.refusals.backfill,raw/fda.refusals.backfill/2026/09/20260909T170530Z-bdd810c4ed3d.json.gz,1
fda.refusals.backfill,firm:3030471260,2024-03-20,2026-09-09T17:05:30Z,firm_key,GENGZIS FARMACEUTICA,,fda.refusals.backfill,raw/fda.refusals.backfill/2026/09/20260909T170530Z-bdd810c4ed3d.json.gz,1
fda.refusals.backfill,firm:3030471260,2024-03-20,2026-09-09T17:05:30Z,import_refusal,1,count,fda.refusals.backfill,raw/fda.refusals.backfill/2026/09/20260909T170530Z-bdd810c4ed3d.json.gz,1
fda.refusals.backfill,firm:3030471260,2024-03-20,2026-09-09T17:05:30Z,is_drug_or_biologic,1,bool,fda.refusals.backfill,raw/fda.refusals.backfill/2026/09/20260909T170530Z-bdd810c4ed3d.json.gz,1
fda.refusals.backfill,firm:3030471260,2024-03-20,2026-09-09T17:05:30Z,is_foreign,1,bool,fda.refusals.backfill,raw/fda.refusals.backfill/2026/09/20260909T170530Z-bdd810c4ed3d.json.gz,1
fda.refusals.backfill,firm:3030471260,2024-03-20,2026-09-09T17:05:30Z,is_human_drug,1,bool,fda.refusals.backfill,raw/fda.refusals.backfill/2026/09/20260909T170530Z-bdd810c4ed3d.json.gz,1
fda.refusals.backfill,firm:3030471260,2024-03-20,2026-09-09T17:05:30Z,label,GENGZIS FARMACEUTICA,,fda.refusals.backfill,raw/fda.refusals.backfill/2026/09/20260909T170530Z-bdd810c4ed3d.json.gz,1
fda.refusals.backfill,firm:3030471260,2024-03-20,2026-09-09T17:05:30Z,refused_at,20240320,yyyymmdd,fda.refusals.backfill,raw/fda.refusals.backfill/2026/09/20260909T170530Z-bdd810c4ed3d.json.gz,1
fda.refusals.backfill,firm:3030472995,2024-03-20,2026-09-09T17:05:30Z,firm_key,BLUE,,fda.refusals.backfill,raw/fda.refusals.backfill/2026/09/20260909T170530Z-bdd810c4ed3d.json.gz,1
fda.refusals.backfill,firm:3030472995,2024-03-20,2026-09-09T17:05:30Z,import_refusal,1,count,fda.refusals.backfill,raw/fda.refusals.backfill/2026/09/20260909T170530Z-bdd810c4ed3d.json.gz,1
fda.refusals.backfill,firm:3030472995,2024-03-20,2026-09-09T17:05:30Z,is_drug_or_biologic,1,bool,fda.refusals.backfill,raw/fda.refusals.backfill/2026/09/20260909T170530Z-bdd810c4ed3d.json.gz,1
fda.refusals.backfill,firm:3030472995,2024-03-20,2026-09-09T17:05:30Z,is_foreign,1,bool,fda.refusals.backfill,raw/fda.refusals.backfill/2026/09/20260909T170530Z-bdd810c4ed3d.json.gz,1
fda.refusals.backfill,firm:3030472995,2024-03-20,2026-09-09T17:05:30Z,is_human_drug,1,bool,fda.refusals.backfill,raw/fda.refusals.backfill/2026/09/20260909T170530Z-bdd810c4ed3d.json.gz,1
fda.refusals.backfill,firm:3030472995,2024-03-20,2026-09-09T17:05:30Z,label,BLUE PHARMA,,fda.refusals.backfill,raw/fda.refusals.backfill/2026/09/20260909T170530Z-bdd810c4ed3d.json.gz,1
fda.refusals.backfill,firm:3030472995,2024-03-20,2026-09-09T17:05:30Z,refused_at,20240320,yyyymmdd,fda.refusals.backfill,raw/fda.refusals.backfill/2026/09/20260909T170530Z-bdd810c4ed3d.json.gz,1
fda.refusals.backfill,firm:3030472996,2024-03-20,2026-09-09T17:05:30Z,firm_key,ALTER,,fda.refusals.backfill,raw/fda.refusals.backfill/2026/09/20260909T170530Z-bdd810c4ed3d.json.gz,1
fda.refusals.backfill,firm:3030472996,2024-03-20,2026-09-09T17:05:30Z,import_refusal,1,count,fda.refusals.backfill,raw/fda.refusals.backfill/2026/09/20260909T170530Z-bdd810c4ed3d.json.gz,1
fda.refusals.backfill,firm:3030472996,2024-03-20,2026-09-09T17:05:30Z,is_drug_or_biologic,1,bool,fda.refusals.backfill,raw/fda.refusals.backfill/2026/09/20260909T170530Z-bdd810c4ed3d.json.gz,1
fda.refusals.backfill,firm:3030472996,2024-03-20,2026-09-09T17:05:30Z,is_foreign,1,bool,fda.refusals.backfill,raw/fda.refusals.backfill/2026/09/20260909T170530Z-bdd810c4ed3d.json.gz,1
fda.refusals.backfill,firm:3030472996,2024-03-20,2026-09-09T17:05:30Z,is_human_drug,1,bool,fda.refusals.backfill,raw/fda.refusals.backfill/2026/09/20260909T170530Z-bdd810c4ed3d.json.gz,1
fda.refusals.backfill,firm:3030472996,2024-03-20,2026-09-09T17:05:30Z,label,ALTER SA,,fda.refusals.backfill,raw/fda.refusals.backfill/2026/09/20260909T170530Z-bdd810c4ed3d.json.gz,1
fda.refusals.backfill,firm:3030472996,2024-03-20,2026-09-09T17:05:30Z,refused_at,20240320,yyyymmdd,fda.refusals.backfill,raw/fda.refusals.backfill/2026/09/20260909T170530Z-bdd810c4ed3d.json.gz,1
fda.refusals.backfill,firm:3030473854,2024-03-29,2026-09-09T17:05:30Z,firm_key,DAMANPREET SINGH,,fda.refusals.backfill,raw/fda.refusals.backfill/2026/09/20260909T170530Z-bdd810c4ed3d.json.gz,1
fda.refusals.backfill,firm:3030473854,2024-03-29,2026-09-09T17:05:30Z,import_refusal,1,count,fda.refusals.backfill,raw/fda.refusals.backfill/2026/09/20260909T170530Z-bdd810c4ed3d.json.gz,1
fda.refusals.backfill,firm:3030473854,2024-03-29,2026-09-09T17:05:30Z,is_drug_or_biologic,1,bool,fda.refusals.backfill,raw/fda.refusals.backfill/2026/09/20260909T170530Z-bdd810c4ed3d.json.gz,1
fda.refusals.backfill,firm:3030473854,2024-03-29,2026-09-09T17:05:30Z,is_foreign,1,bool,fda.refusals.backfill,raw/fda.refusals.backfill/2026/09/20260909T170530Z-bdd810c4ed3d.json.gz,1
fda.refusals.backfill,firm:3030473854,2024-03-29,2026-09-09T17:05:30Z,is_human_drug,1,bool,fda.refusals.backfill,raw/fda.refusals.backfill/2026/09/20260909T170530Z-bdd810c4ed3d.json.gz,1
fda.refusals.backfill,firm:3030473854,2024-03-29,2026-09-09T17:05:30Z,label,DAMANPREET SINGH,,fda.refusals.backfill,raw/fda.refusals.backfill/2026/09/20260909T170530Z-bdd810c4ed3d.json.gz,1
fda.refusals.backfill,firm:3030473854,2024-03-29,2026-09-09T17:05:30Z,refused_at,20240329,yyyymmdd,fda.refusals.backfill,raw/fda.refusals.backfill/2026/09/20260909T170530Z-bdd810c4ed3d.json.gz,1
fda.refusals.backfill,firm:3030478306,2024-03-17,2026-09-09T17:05:30Z,firm_key,ASTABERRY,,fda.refusals.backfill,raw/fda.refusals.backfill/2026/09/20260909T170530Z-bdd810c4ed3d.json.gz,1
fda.refusals.backfill,firm:3030478306,2024-03-17,2026-09-09T17:05:30Z,import_refusal,1,count,fda.refusals.backfill,raw/fda.refusals.backfill/2026/09/20260909T170530Z-bdd810c4ed3d.json.gz,1
fda.refusals.backfill,firm:3030478306,2024-03-17,2026-09-09T17:05:30Z,is_drug_or_biologic,1,bool,fda.refusals.backfill,raw/fda.refusals.backfill/2026/09/20260909T170530Z-bdd810c4ed3d.json.gz,1
fda.refusals.backfill,firm:3030478306,2024-03-17,2026-09-09T17:05:30Z,is_foreign,1,bool,fda.refusals.backfill,raw/fda.refusals.backfill/2026/09/20260909T170530Z-bdd810c4ed3d.json.gz,1
fda.refusals.backfill,firm:3030478306,2024-03-17,2026-09-09T17:05:30Z,is_human_drug,1,bool,fda.refusals.backfill,raw/fda.refusals.backfill/2026/09/20260909T170530Z-bdd810c4ed3d.json.gz,1
fda.refusals.backfill,firm:3030478306,2024-03-17,2026-09-09T17:05:30Z,label,ASTABERRY,,fda.refusals.backfill,raw/fda.refusals.backfill/2026/09/20260909T170530Z-bdd810c4ed3d.json.gz,1
fda.refusals.backfill,firm:3030478306,2024-03-17,2026-09-09T17:05:30Z,refused_at,20240317,yyyymmdd,fda.refusals.backfill,raw/fda.refusals.backfill/2026/09/20260909T170530Z-bdd810c4ed3d.json.gz,1
fda.refusals.backfill,firm:3030482846,2024-03-21,2026-09-09T17:05:30Z,firm_key,MICRO,,fda.refusals.backfill,raw/fda.refusals.backfill/2026/09/20260909T170530Z-bdd810c4ed3d.json.gz,1
fda.refusals.backfill,firm:3030482846,2024-03-21,2026-09-09T17:05:30Z,import_refusal,1,count,fda.refusals.backfill,raw/fda.refusals.backfill/2026/09/20260909T170530Z-bdd810c4ed3d.json.gz,1
fda.refusals.backfill,firm:3030482846,2024-03-21,2026-09-09T17:05:30Z,is_drug_or_biologic,1,bool,fda.refusals.backfill,raw/fda.refusals.backfill/2026/09/20260909T170530Z-bdd810c4ed3d.json.gz,1
fda.refusals.backfill,firm:3030482846,2024-03-21,2026-09-09T17:05:30Z,is_foreign,1,bool,fda.refusals.backfill,raw/fda.refusals.backfill/2026/09/20260909T170530Z-bdd810c4ed3d.json.gz,1
fda.refusals.backfill,firm:3030482846,2024-03-21,2026-09-09T17:05:30Z,is_human_drug,1,bool,fda.refusals.backfill,raw/fda.refusals.backfill/2026/09/20260909T170530Z-bdd810c4ed3d.json.gz,1
fda.refusals.backfill,firm:3030482846,2024-03-21,2026-09-09T17:05:30Z,label,MICRO LABS,,fda.refusals.backfill,raw/fda.refusals.backfill/2026/09/20260909T170530Z-bdd810c4ed3d.json.gz,1
fda.refusals.backfill,firm:3030482846,2024-03-21,2026-09-09T17:05:30Z,refused_at,20240321,yyyymmdd,fda.refusals.backfill,raw/fda.refusals.backfill/2026/09/20260909T170530Z-bdd810c4ed3d.json.gz,1
fda.refusals.backfill,firm:3030482847,2024-03-21,2026-09-09T17:05:30Z,firm_key,OPTICARMA INDIA SMC,,fda.refusals.backfill,raw/fda.refusals.backfill/2026/09/20260909T170530Z-bdd810c4ed3d.json.gz,1
fda.refusals.backfill,firm:3030482847,2024-03-21,2026-09-09T17:05:30Z,import_refusal,1,count,fda.refusals.backfill,raw/fda.refusals.backfill/2026/09/20260909T170530Z-bdd810c4ed3d.json.gz,1
fda.refusals.backfill,firm:3030482847,2024-03-21,2026-09-09T17:05:30Z,is_drug_or_biologic,1,bool,fda.refusals.backfill,raw/fda.refusals.backfill/2026/09/20260909T170530Z-bdd810c4ed3d.json.gz,1
fda.refusals.backfill,firm:3030482847,2024-03-21,2026-09-09T17:05:30Z,is_foreign,1,bool,fda.refusals.backfill,raw/fda.refusals.backfill/2026/09/20260909T170530Z-bdd810c4ed3d.json.gz,1
fda.refusals.backfill,firm:3030482847,2024-03-21,2026-09-09T17:05:30Z,is_human_drug,1,bool,fda.refusals.backfill,raw/fda.refusals.backfill/2026/09/20260909T170530Z-bdd810c4ed3d.json.gz,1
fda.refusals.backfill,firm:3030482847,2024-03-21,2026-09-09T17:05:30Z,label,OPTICARMA INDIA SMC PVT LTD,,fda.refusals.backfill,raw/fda.refusals.backfill/2026/09/20260909T170530Z-bdd810c4ed3d.json.gz,1
fda.refusals.backfill,firm:3030482847,2024-03-21,2026-09-09T17:05:30Z,refused_at,20240321,yyyymmdd,fda.refusals.backfill,raw/fda.refusals.backfill/2026/09/20260909T170530Z-bdd810c4ed3d.json.gz,1
fda.refusals.backfill,firm:3030492672,2024-03-26,2026-09-09T17:05:30Z,firm_key,MYDAWA,,fda.refusals.backfill,raw/fda.refusals.backfill/2026/09/20260909T170530Z-bdd810c4ed3d.json.gz,1
fda.refusals.backfill,firm:3030492672,2024-03-26,2026-09-09T17:05:30Z,import_refusal,1,count,fda.refusals.backfill,raw/fda.refusals.backfill/2026/09/20260909T170530Z-bdd810c4ed3d.json.gz,1
fda.refusals.backfill,firm:3030492672,2024-03-26,2026-09-09T17:05:30Z,is_drug_or_biologic,1,bool,fda.refusals.backfill,raw/fda.refusals.backfill/2026/09/20260909T170530Z-bdd810c4ed3d.json.gz,1
fda.refusals.backfill,firm:3030492672,2024-03-26,2026-09-09T17:05:30Z,is_foreign,1,bool,fda.refusals.backfill,raw/fda.refusals.backfill/2026/09/20260909T170530Z-bdd810c4ed3d.json.gz,1
fda.refusals.backfill,firm:3030492672,2024-03-26,2026-09-09T17:05:30Z,is_human_drug,1,bool,fda.refusals.backfill,raw/fda.refusals.backfill/2026/09/20260909T170530Z-bdd810c4ed3d.json.gz,1
fda.refusals.backfill,firm:3030492672,2024-03-26,2026-09-09T17:05:30Z,label,MYDAWA,,fda.refusals.backfill,raw/fda.refusals.backfill/2026/09/20260909T170530Z-bdd810c4ed3d.json.gz,1
fda.refusals.backfill,firm:3030492672,2024-03-26,2026-09-09T17:05:30Z,refused_at,20240326,yyyymmdd,fda.refusals.backfill,raw/fda.refusals.backfill/2026/09/20260909T170530Z-bdd810c4ed3d.json.gz,1
fda.refusals.backfill,firm:3030493390,2024-03-26,2026-09-09T17:05:30Z,firm_key,RAY PHARM,,fda.refusals.backfill,raw/fda.refusals.backfill/2026/09/20260909T170530Z-bdd810c4ed3d.json.gz,1
fda.refusals.backfill,firm:3030493390,2024-03-26,2026-09-09T17:05:30Z,import_refusal,1,count,fda.refusals.backfill,raw/fda.refusals.backfill/2026/09/20260909T170530Z-bdd810c4ed3d.json.gz,1
fda.refusals.backfill,firm:3030493390,2024-03-26,2026-09-09T17:05:30Z,is_drug_or_biologic,1,bool,fda.refusals.backfill,raw/fda.refusals.backfill/2026/09/20260909T170530Z-bdd810c4ed3d.json.gz,1
fda.refusals.backfill,firm:3030493390,2024-03-26,2026-09-09T17:05:30Z,is_foreign,1,bool,fda.refusals.backfill,raw/fda.refusals.backfill/2026/09/20260909T170530Z-bdd810c4ed3d.json.gz,1
fda.refusals.backfill,firm:3030493390,2024-03-26,2026-09-09T17:05:30Z,is_human_drug,0,bool,fda.refusals.backfill,raw/fda.refusals.backfill/2026/09/20260909T170530Z-bdd810c4ed3d.json.gz,1
fda.refusals.backfill,firm:3030493390,2024-03-26,2026-09-09T17:05:30Z,label,RAY PHARM LTD,,fda.refusals.backfill,raw/fda.refusals.backfill/2026/09/20260909T170530Z-bdd810c4ed3d.json.gz,1
fda.refusals.backfill,firm:3030493390,2024-03-26,2026-09-09T17:05:30Z,refused_at,20240326,yyyymmdd,fda.refusals.backfill,raw/fda.refusals.backfill/2026/09/20260909T170530Z-bdd810c4ed3d.json.gz,1
fda.refusals.backfill,firm:3030496809,2024-03-26,2026-09-09T17:05:30Z,firm_key,ACZION,,fda.refusals.backfill,raw/fda.refusals.backfill/2026/09/20260909T170530Z-bdd810c4ed3d.json.gz,1
fda.refusals.backfill,firm:3030496809,2024-03-26,2026-09-09T17:05:30Z,import_refusal,1,count,fda.refusals.backfill,raw/fda.refusals.backfill/2026/09/20260909T170530Z-bdd810c4ed3d.json.gz,1
fda.refusals.backfill,firm:3030496809,2024-03-26,2026-09-09T17:05:30Z,is_drug_or_biologic,1,bool,fda.refusals.backfill,raw/fda.refusals.backfill/2026/09/20260909T170530Z-bdd810c4ed3d.json.gz,1
fda.refusals.backfill,firm:3030496809,2024-03-26,2026-09-09T17:05:30Z,is_foreign,1,bool,fda.refusals.backfill,raw/fda.refusals.backfill/2026/09/20260909T170530Z-bdd810c4ed3d.json.gz,1
fda.refusals.backfill,firm:3030496809,2024-03-26,2026-09-09T17:05:30Z,is_human_drug,1,bool,fda.refusals.backfill,raw/fda.refusals.backfill/2026/09/20260909T170530Z-bdd810c4ed3d.json.gz,1
fda.refusals.backfill,firm:3030496809,2024-03-26,2026-09-09T17:05:30Z,label,ACZION,,fda.refusals.backfill,raw/fda.refusals.backfill/2026/09/20260909T170530Z-bdd810c4ed3d.json.gz,1
fda.refusals.backfill,firm:3030496809,2024-03-26,2026-09-09T17:05:30Z,refused_at,20240326,yyyymmdd,fda.refusals.backfill,raw/fda.refusals.backfill/2026/09/20260909T170530Z-bdd810c4ed3d.json.gz,1
fda.refusals.backfill,firm:3030497982,2024-03-26,2026-09-09T17:05:30Z,firm_key,RAAM CELTICS,,fda.refusals.backfill,raw/fda.refusals.backfill/2026/09/20260909T170530Z-bdd810c4ed3d.json.gz,1
fda.refusals.backfill,firm:3030497982,2024-03-26,2026-09-09T17:05:30Z,import_refusal,1,count,fda.refusals.backfill,raw/fda.refusals.backfill/2026/09/20260909T170530Z-bdd810c4ed3d.json.gz,1
fda.refusals.backfill,firm:3030497982,2024-03-26,2026-09-09T17:05:30Z,is_drug_or_biologic,1,bool,fda.refusals.backfill,raw/fda.refusals.backfill/2026/09/20260909T170530Z-bdd810c4ed3d.json.gz,1
fda.refusals.backfill,firm:3030497982,2024-03-26,2026-09-09T17:05:30Z,is_foreign,1,bool,fda.refusals.backfill,raw/fda.refusals.backfill/2026/09/20260909T170530Z-bdd810c4ed3d.json.gz,1
fda.refusals.backfill,firm:3030497982,2024-03-26,2026-09-09T17:05:30Z,is_human_drug,1,bool,fda.refusals.backfill,raw/fda.refusals.backfill/2026/09/20260909T170530Z-bdd810c4ed3d.json.gz,1
fda.refusals.backfill,firm:3030497982,2024-03-26,2026-09-09T17:05:30Z,label,RAAM CELTICS,,fda.refusals.backfill,raw/fda.refusals.backfill/2026/09/20260909T170530Z-bdd810c4ed3d.json.gz,1
fda.refusals.backfill,firm:3030497982,2024-03-26,2026-09-09T17:05:30Z,refused_at,20240326,yyyymmdd,fda.refusals.backfill,raw/fda.refusals.backfill/2026/09/20260909T170530Z-bdd810c4ed3d.json.gz,1
fda.refusals.backfill,firm:3030498711,2024-03-29,2026-09-09T17:05:30Z,firm_key,NATURAL S COSMETICS IRAPUATO,,fda.refusals.backfill,raw/fda.refusals.backfill/2026/09/20260909T170530Z-bdd810c4ed3d.json.gz,1
fda.refusals.backfill,firm:3030498711,2024-03-29,2026-09-09T17:05:30Z,import_refusal,1,count,fda.refusals.backfill,raw/fda.refusals.backfill/2026/09/20260909T170530Z-bdd810c4ed3d.json.gz,1
fda.refusals.backfill,firm:3030498711,2024-03-29,2026-09-09T17:05:30Z,is_drug_or_biologic,1,bool,fda.refusals.backfill,raw/fda.refusals.backfill/2026/09/20260909T170530Z-bdd810c4ed3d.json.gz,1
fda.refusals.backfill,firm:3030498711,2024-03-29,2026-09-09T17:05:30Z,is_foreign,1,bool,fda.refusals.backfill,raw/fda.refusals.backfill/2026/09/20260909T170530Z-bdd810c4ed3d.json.gz,1
fda.refusals.backfill,firm:3030498711,2024-03-29,2026-09-09T17:05:30Z,is_human_drug,1,bool,fda.refusals.backfill,raw/fda.refusals.backfill/2026/09/20260909T170530Z-bdd810c4ed3d.json.gz,1
fda.refusals.backfill,firm:3030498711,2024-03-29,2026-09-09T17:05:30Z,label,NATURAL'S COSMETICS IRAPUATO,,fda.refusals.backfill,raw/fda.refusals.backfill/2026/09/20260909T170530Z-bdd810c4ed3d.json.gz,1
fda.refusals.backfill,firm:3030498711,2024-03-29,2026-09-09T17:05:30Z,refused_at,20240329,yyyymmdd,fda.refusals.backfill,raw/fda.refusals.backfill/2026/09/20260909T170530Z-bdd810c4ed3d.json.gz,1
fda.refusals.backfill,firm:3030516393,2024-03-26,2026-09-09T17:05:30Z,firm_key,GSK INDIA,,fda.refusals.backfill,raw/fda.refusals.backfill/2026/09/20260909T170530Z-bdd810c4ed3d.json.gz,1
fda.refusals.backfill,firm:3030516393,2024-03-26,2026-09-09T17:05:30Z,import_refusal,1,count,fda.refusals.backfill,raw/fda.refusals.backfill/2026/09/20260909T170530Z-bdd810c4ed3d.json.gz,1
fda.refusals.backfill,firm:3030516393,2024-03-26,2026-09-09T17:05:30Z,is_drug_or_biologic,1,bool,fda.refusals.backfill,raw/fda.refusals.backfill/2026/09/20260909T170530Z-bdd810c4ed3d.json.gz,1
fda.refusals.backfill,firm:3030516393,2024-03-26,2026-09-09T17:05:30Z,is_foreign,1,bool,fda.refusals.backfill,raw/fda.refusals.backfill/2026/09/20260909T170530Z-bdd810c4ed3d.json.gz,1
fda.refusals.backfill,firm:3030516393,2024-03-26,2026-09-09T17:05:30Z,is_human_drug,1,bool,fda.refusals.backfill,raw/fda.refusals.backfill/2026/09/20260909T170530Z-bdd810c4ed3d.json.gz,1
fda.refusals.backfill,firm:3030516393,2024-03-26,2026-09-09T17:05:30Z,label,GSK PHARMA INDIA PVT LTD,,fda.refusals.backfill,raw/fda.refusals.backfill/2026/09/20260909T170530Z-bdd810c4ed3d.json.gz,1
fda.refusals.backfill,firm:3030516393,2024-03-26,2026-09-09T17:05:30Z,refused_at,20240326,yyyymmdd,fda.refusals.backfill,raw/fda.refusals.backfill/2026/09/20260909T170530Z-bdd810c4ed3d.json.gz,1
fda.refusals.backfill,firm:3030527911,2024-03-20,2026-09-09T17:05:30Z,firm_key,ARIMIDEX,,fda.refusals.backfill,raw/fda.refusals.backfill/2026/09/20260909T170530Z-bdd810c4ed3d.json.gz,1
fda.refusals.backfill,firm:3030527911,2024-03-20,2026-09-09T17:05:30Z,import_refusal,1,count,fda.refusals.backfill,raw/fda.refusals.backfill/2026/09/20260909T170530Z-bdd810c4ed3d.json.gz,1
fda.refusals.backfill,firm:3030527911,2024-03-20,2026-09-09T17:05:30Z,is_drug_or_biologic,1,bool,fda.refusals.backfill,raw/fda.refusals.backfill/2026/09/20260909T170530Z-bdd810c4ed3d.json.gz,1
fda.refusals.backfill,firm:3030527911,2024-03-20,2026-09-09T17:05:30Z,is_foreign,1,bool,fda.refusals.backfill,raw/fda.refusals.backfill/2026/09/20260909T170530Z-bdd810c4ed3d.json.gz,1
fda.refusals.backfill,firm:3030527911,2024-03-20,2026-09-09T17:05:30Z,is_human_drug,1,bool,fda.refusals.backfill,raw/fda.refusals.backfill/2026/09/20260909T170530Z-bdd810c4ed3d.json.gz,1
fda.refusals.backfill,firm:3030527911,2024-03-20,2026-09-09T17:05:30Z,label,ARIMIDEX,,fda.refusals.backfill,raw/fda.refusals.backfill/2026/09/20260909T170530Z-bdd810c4ed3d.json.gz,1
fda.refusals.backfill,firm:3030527911,2024-03-20,2026-09-09T17:05:30Z,refused_at,20240320,yyyymmdd,fda.refusals.backfill,raw/fda.refusals.backfill/2026/09/20260909T170530Z-bdd810c4ed3d.json.gz,1
fda.refusals.backfill,firm:3030527912,2024-03-20,2026-09-09T17:05:30Z,firm_key,TENORMIN,,fda.refusals.backfill,raw/fda.refusals.backfill/2026/09/20260909T170530Z-bdd810c4ed3d.json.gz,1
fda.refusals.backfill,firm:3030527912,2024-03-20,2026-09-09T17:05:30Z,import_refusal,1,count,fda.refusals.backfill,raw/fda.refusals.backfill/2026/09/20260909T170530Z-bdd810c4ed3d.json.gz,1
fda.refusals.backfill,firm:3030527912,2024-03-20,2026-09-09T17:05:30Z,is_drug_or_biologic,1,bool,fda.refusals.backfill,raw/fda.refusals.backfill/2026/09/20260909T170530Z-bdd810c4ed3d.json.gz,1
fda.refusals.backfill,firm:3030527912,2024-03-20,2026-09-09T17:05:30Z,is_foreign,1,bool,fda.refusals.backfill,raw/fda.refusals.backfill/2026/09/20260909T170530Z-bdd810c4ed3d.json.gz,1
fda.refusals.backfill,firm:3030527912,2024-03-20,2026-09-09T17:05:30Z,is_human_drug,1,bool,fda.refusals.backfill,raw/fda.refusals.backfill/2026/09/20260909T170530Z-bdd810c4ed3d.json.gz,1
fda.refusals.backfill,firm:3030527912,2024-03-20,2026-09-09T17:05:30Z,label,TENORMIN,,fda.refusals.backfill,raw/fda.refusals.backfill/2026/09/20260909T170530Z-bdd810c4ed3d.json.gz,1
fda.refusals.backfill,firm:3030527912,2024-03-20,2026-09-09T17:05:30Z,refused_at,20240320,yyyymmdd,fda.refusals.backfill,raw/fda.refusals.backfill/2026/09/20260909T170530Z-bdd810c4ed3d.json.gz,1
fda.refusals.backfill,firm:3030535151,2024-03-25,2026-09-09T17:05:30Z,firm_key,PFIZER,,fda.refusals.backfill,raw/fda.refusals.backfill/2026/09/20260909T170530Z-bdd810c4ed3d.json.gz,1
fda.refusals.backfill,firm:3030535151,2024-03-25,2026-09-09T17:05:30Z,import_refusal,1,count,fda.refusals.backfill,raw/fda.refusals.backfill/2026/09/20260909T170530Z-bdd810c4ed3d.json.gz,1
fda.refusals.backfill,firm:3030535151,2024-03-25,2026-09-09T17:05:30Z,is_drug_or_biologic,1,bool,fda.refusals.backfill,raw/fda.refusals.backfill/2026/09/20260909T170530Z-bdd810c4ed3d.json.gz,1
fda.refusals.backfill,firm:3030535151,2024-03-25,2026-09-09T17:05:30Z,is_foreign,1,bool,fda.refusals.backfill,raw/fda.refusals.backfill/2026/09/20260909T170530Z-bdd810c4ed3d.json.gz,1
fda.refusals.backfill,firm:3030535151,2024-03-25,2026-09-09T17:05:30Z,is_human_drug,0,bool,fda.refusals.backfill,raw/fda.refusals.backfill/2026/09/20260909T170530Z-bdd810c4ed3d.json.gz,1
fda.refusals.backfill,firm:3030535151,2024-03-25,2026-09-09T17:05:30Z,label,PFIZER,,fda.refusals.backfill,raw/fda.refusals.backfill/2026/09/20260909T170530Z-bdd810c4ed3d.json.gz,1
fda.refusals.backfill,firm:3030535151,2024-03-25,2026-09-09T17:05:30Z,refused_at,20240325,yyyymmdd,fda.refusals.backfill,raw/fda.refusals.backfill/2026/09/20260909T170530Z-bdd810c4ed3d.json.gz,1
fda.refusals.backfill,firm:3030548027,2024-03-19,2026-09-09T17:05:30Z,firm_key,NATURE AND STYLE KFT,,fda.refusals.backfill,raw/fda.refusals.backfill/2026/09/20260909T170530Z-bdd810c4ed3d.json.gz,1
fda.refusals.backfill,firm:3030548027,2024-03-19,2026-09-09T17:05:30Z,import_refusal,1,count,fda.refusals.backfill,raw/fda.refusals.backfill/2026/09/20260909T170530Z-bdd810c4ed3d.json.gz,1
fda.refusals.backfill,firm:3030548027,2024-03-19,2026-09-09T17:05:30Z,is_drug_or_biologic,1,bool,fda.refusals.backfill,raw/fda.refusals.backfill/2026/09/20260909T170530Z-bdd810c4ed3d.json.gz,1
fda.refusals.backfill,firm:3030548027,2024-03-19,2026-09-09T17:05:30Z,is_foreign,1,bool,fda.refusals.backfill,raw/fda.refusals.backfill/2026/09/20260909T170530Z-bdd810c4ed3d.json.gz,1
fda.refusals.backfill,firm:3030548027,2024-03-19,2026-09-09T17:05:30Z,is_human_drug,1,bool,fda.refusals.backfill,raw/fda.refusals.backfill/2026/09/20260909T170530Z-bdd810c4ed3d.json.gz,1
fda.refusals.backfill,firm:3030548027,2024-03-19,2026-09-09T17:05:30Z,label,NATURE AND STYLE KFT,,fda.refusals.backfill,raw/fda.refusals.backfill/2026/09/20260909T170530Z-bdd810c4ed3d.json.gz,1
fda.refusals.backfill,firm:3030548027,2024-03-19,2026-09-09T17:05:30Z,refused_at,20240319,yyyymmdd,fda.refusals.backfill,raw/fda.refusals.backfill/2026/09/20260909T170530Z-bdd810c4ed3d.json.gz,1
fda.refusals.backfill,firm:3030572159,2024-03-28,2026-09-09T17:05:30Z,firm_key,TORRENT DO BRASIL S,,fda.refusals.backfill,raw/fda.refusals.backfill/2026/09/20260909T170530Z-bdd810c4ed3d.json.gz,1
fda.refusals.backfill,firm:3030572159,2024-03-28,2026-09-09T17:05:30Z,import_refusal,1,count,fda.refusals.backfill,raw/fda.refusals.backfill/2026/09/20260909T170530Z-bdd810c4ed3d.json.gz,1
fda.refusals.backfill,firm:3030572159,2024-03-28,2026-09-09T17:05:30Z,is_drug_or_biologic,1,bool,fda.refusals.backfill,raw/fda.refusals.backfill/2026/09/20260909T170530Z-bdd810c4ed3d.json.gz,1
fda.refusals.backfill,firm:3030572159,2024-03-28,2026-09-09T17:05:30Z,is_foreign,1,bool,fda.refusals.backfill,raw/fda.refusals.backfill/2026/09/20260909T170530Z-bdd810c4ed3d.json.gz,1
fda.refusals.backfill,firm:3030572159,2024-03-28,2026-09-09T17:05:30Z,is_human_drug,1,bool,fda.refusals.backfill,raw/fda.refusals.backfill/2026/09/20260909T170530Z-bdd810c4ed3d.json.gz,1
fda.refusals.backfill,firm:3030572159,2024-03-28,2026-09-09T17:05:30Z,label,TORRENT DO BRASIL'S,,fda.refusals.backfill,raw/fda.refusals.backfill/2026/09/20260909T170530Z-bdd810c4ed3d.json.gz,1
fda.refusals.backfill,firm:3030572159,2024-03-28,2026-09-09T17:05:30Z,refused_at,20240328,yyyymmdd,fda.refusals.backfill,raw/fda.refusals.backfill/2026/09/20260909T170530Z-bdd810c4ed3d.json.gz,1
fda.refusals.backfill,firm:3030575380,2024-03-12,2026-09-09T17:05:30Z,firm_key,CABINET LA PAIX,,fda.refusals.backfill,raw/fda.refusals.backfill/2026/09/20260909T170530Z-bdd810c4ed3d.json.gz,1
fda.refusals.backfill,firm:3030575380,2024-03-12,2026-09-09T17:05:30Z,import_refusal,1,count,fda.refusals.backfill,raw/fda.refusals.backfill/2026/09/20260909T170530Z-bdd810c4ed3d.json.gz,1
fda.refusals.backfill,firm:3030575380,2024-03-12,2026-09-09T17:05:30Z,is_drug_or_biologic,1,bool,fda.refusals.backfill,raw/fda.refusals.backfill/2026/09/20260909T170530Z-bdd810c4ed3d.json.gz,1
fda.refusals.backfill,firm:3030575380,2024-03-12,2026-09-09T17:05:30Z,is_foreign,1,bool,fda.refusals.backfill,raw/fda.refusals.backfill/2026/09/20260909T170530Z-bdd810c4ed3d.json.gz,1
fda.refusals.backfill,firm:3030575380,2024-03-12,2026-09-09T17:05:30Z,is_human_drug,1,bool,fda.refusals.backfill,raw/fda.refusals.backfill/2026/09/20260909T170530Z-bdd810c4ed3d.json.gz,1
fda.refusals.backfill,firm:3030575380,2024-03-12,2026-09-09T17:05:30Z,label,Cabinet La Paix,,fda.refusals.backfill,raw/fda.refusals.backfill/2026/09/20260909T170530Z-bdd810c4ed3d.json.gz,1
fda.refusals.backfill,firm:3030575380,2024-03-12,2026-09-09T17:05:30Z,refused_at,20240312,yyyymmdd,fda.refusals.backfill,raw/fda.refusals.backfill/2026/09/20260909T170530Z-bdd810c4ed3d.json.gz,1
fda.refusals.backfill,firm:3031041628,2024-03-06,2026-09-09T17:05:30Z,firm_key,AKATSUKI,,fda.refusals.backfill,raw/fda.refusals.backfill/2026/09/20260909T170530Z-bdd810c4ed3d.json.gz,1
fda.refusals.backfill,firm:3031041628,2024-03-06,2026-09-09T17:05:30Z,import_refusal,1,count,fda.refusals.backfill,raw/fda.refusals.backfill/2026/09/20260909T170530Z-bdd810c4ed3d.json.gz,1
fda.refusals.backfill,firm:3031041628,2024-03-06,2026-09-09T17:05:30Z,is_drug_or_biologic,1,bool,fda.refusals.backfill,raw/fda.refusals.backfill/2026/09/20260909T170530Z-bdd810c4ed3d.json.gz,1
fda.refusals.backfill,firm:3031041628,2024-03-06,2026-09-09T17:05:30Z,is_foreign,1,bool,fda.refusals.backfill,raw/fda.refusals.backfill/2026/09/20260909T170530Z-bdd810c4ed3d.json.gz,1
fda.refusals.backfill,firm:3031041628,2024-03-06,2026-09-09T17:05:30Z,is_human_drug,1,bool,fda.refusals.backfill,raw/fda.refusals.backfill/2026/09/20260909T170530Z-bdd810c4ed3d.json.gz,1
fda.refusals.backfill,firm:3031041628,2024-03-06,2026-09-09T17:05:30Z,label,"AKATSUKI Co., Ltd.",,fda.refusals.backfill,raw/fda.refusals.backfill/2026/09/20260909T170530Z-bdd810c4ed3d.json.gz,1
fda.refusals.backfill,firm:3031041628,2024-03-06,2026-09-09T17:05:30Z,refused_at,20240306,yyyymmdd,fda.refusals.backfill,raw/fda.refusals.backfill/2026/09/20260909T170530Z-bdd810c4ed3d.json.gz,1
